LeadId,CreatedDate,CompanyName,Persona,Title,Country,Region,LeadSource,SourceCategory,CampaignId,CampaignName,FirstTouchChannel,LastTouchChannel,LeadScore,ScoreBand,SelfServeSignup,ReachedFirstApiCall,TrialCreditsUsedPct,Status,MQLDate,SQLDate,ConvertedDate,IsMQL,IsSQL,IsConverted,DisqualifiedReason,DaysToFirstTouch,TouchCount,SDROwnerId,RoutedToAEId,ConvertedAccountId,ConvertedOpportunityId
LEAD-10000,2026-05-23,Orbital Freight,Engineering Leader,Head of Platform,Indonesia,APAC,Paid Social,Inbound Marketing,CMP-010,Migrate off Legacy SMS — LATAM 2025-06,Paid Social,Paid Social,66,B,false,false,0,New,,,,false,false,false,,2,5,U-018,,,
LEAD-10001,2026-06-13,North Technologies,Developer,Staff Engineer,United States,AMER,Docs & Quickstarts,Product,CMP-027,Cut Your Deflection Cost — APAC 2025-05,Docs & Quickstarts,Docs & Quickstarts,86,A,true,true,5,MQL,2026-06-21,,,true,false,false,,,2,,,,
LEAD-10002,2025-07-02,Onyx Works,CX / Support Leader,Director of Service Ops,Mexico,AMER,Docs & Quickstarts,Product,CMP-027,Cut Your Deflection Cost — APAC 2025-05,Docs & Quickstarts,Docs & Quickstarts,74,A,true,true,13,New,,,,false,false,false,,,0,,,,
LEAD-10003,2026-07-18,Kestrel Systems,Developer,Software Engineer,Mexico,AMER,Developer Community,Product,CMP-029,Build a Support Agent — EMEA 2025-11,Developer Community,Developer Community,63,B,true,true,21,Nurture,2026-07-24,,,true,false,false,,,2,,,,
LEAD-10004,2026-06-20,Meridian Gaming,CX / Support Leader,Director of Service Ops,Colombia,LATAM,Docs & Quickstarts,Product,CMP-027,Cut Your Deflection Cost — APAC 2025-05,Docs & Quickstarts,Customer Referral,99,A,true,true,5,SQL,2026-07-09,2026-07-17,,true,true,false,,,0,,U-007,,
LEAD-10005,2025-04-30,Orbital Insure,Developer,Staff Engineer,United States,AMER,Paid Social,Inbound Marketing,CMP-009,Copilot API Beta — AMER 2026-01,Paid Social,Paid Social,37,C,false,false,0,New,,,,false,false,false,,2,10,U-023,,,
LEAD-10006,2026-09-06,North Systems,Product Manager,Head of Product,India,APAC,Developer Community,Inbound Marketing,CMP-029,Build a Support Agent — EMEA 2025-11,Developer Community,Docs & Quickstarts,56,B,false,false,0,Nurture,2026-09-08,,,true,false,false,,1,11,U-016,,,
LEAD-10007,2025-07-20,Rivet Insure,Engineering Leader,VP Engineering,Germany,EMEA,Paid Social,Product,CMP-008,Developer Docs Refresh — EMEA 2026-02,Paid Social,Docs & Quickstarts,52,B,true,false,61,MQL,2025-08-02,,,true,false,false,,,0,,,,
LEAD-10008,2025-11-06,Meridian Group,Developer,Staff Engineer,Brazil,AMER,Outbound Sequence,Outbound,CMP-041,Studio for Product Teams — AMER 2025-04,Outbound Sequence,Outbound Sequence,30,C,false,false,0,Disqualified,,,,false,false,false,No budget,0,2,U-015,,,
LEAD-10009,2025-08-20,Dovetail Market,Developer,Staff Engineer,Mexico,AMER,AI Assistant Referral,Product,CMP-019,Studio for Product Teams — APAC 2026-02,AI Assistant Referral,AI Assistant Referral,62,B,true,false,83,SQL,2025-09-03,2025-09-07,,true,true,false,,,2,,U-002,,
LEAD-10010,2026-06-12,Rivet Works,Procurement / Finance,Head of Vendor Management,Canada,AMER,Paid Social,Product,CMP-010,Migrate off Legacy SMS — LATAM 2025-06,Paid Social,Partner / Marketplace,70,A,true,false,82,SQL,2026-06-30,2026-07-15,,true,true,false,,,0,,U-008,,
LEAD-10011,2026-06-30,Umbra Market,Developer,Staff Engineer,Brazil,AMER,Organic Search,Inbound Marketing,CMP-016,Q3 Pipeline Push — AMER 2026-04,Organic Search,Customer Referral,89,A,false,true,0,Nurture,2026-07-19,,,true,false,false,,3,7,U-015,,,
LEAD-10012,2025-11-12,Ember Group,Developer,Platform Engineer,Netherlands,EMEA,Outbound Sequence,Outbound,CMP-038,Migrate off Legacy SMS — AMER 2025-04,Outbound Sequence,Organic Search,28,D,false,false,0,Disqualified,,,,false,false,false,Went silent,1,6,U-026,,,
LEAD-10013,2026-03-08,Harbor Logistics,Engineering Leader,VP Engineering,Colombia,LATAM,Outbound Sequence,Outbound,CMP-041,Studio for Product Teams — AMER 2025-04,Outbound Sequence,Outbound Sequence,37,C,false,false,0,Disqualified,,,,false,false,false,Duplicate,2,4,U-023,,,
LEAD-10014,2025-09-02,Sable Learning,Developer,Software Engineer,Germany,EMEA,Webinar,Inbound Marketing,CMP-032,Copilot API Beta — AMER 2025-12,Webinar,Webinar,40,C,false,false,0,Working,,,,false,false,false,,0,5,U-026,,,
LEAD-10015,2025-07-22,Juniper Digital,Procurement / Finance,Finance Director,Brazil,AMER,Customer Referral,Partner / Referral,CMP-045,Compliance & HIPAA — AMER 2025-09,Customer Referral,Customer Referral,66,B,true,true,1,New,,,,false,false,false,,,2,,,,
LEAD-10016,2026-01-26,Quanta Labs,Developer,Senior Backend Engineer,United States,AMER,Developer Community,Product,CMP-031,Developer Docs Refresh — EMEA 2026-07,Developer Community,Developer Community,73,A,true,true,52,New,,,,false,false,false,,,2,,,,
LEAD-10017,2026-07-04,Pallas Labs,Engineering Leader,Head of Platform,India,APAC,Developer Community,Inbound Marketing,CMP-029,Build a Support Agent — EMEA 2025-11,Developer Community,Developer Community,65,B,false,false,0,MQL,2026-07-15,,,true,false,false,,1,10,U-025,,,
LEAD-10018,2025-06-30,Dovetail Gaming,Engineering Leader,Director of Engineering,Indonesia,APAC,Conference,Product,CMP-036,Compliance & HIPAA — AMER 2026-04,Conference,Conference,72,A,true,false,79,SQL,2025-07-06,2025-07-17,,true,true,false,,,0,,U-012,,
LEAD-10019,2025-12-16,Vantage Health,Developer,Staff Engineer,Indonesia,APAC,Webinar,Product,CMP-032,Copilot API Beta — AMER 2025-12,Webinar,Paid Social,64,B,true,true,7,New,,,,false,false,false,,,1,,,,
LEAD-10020,2026-05-08,Quanta Pay,CX / Support Leader,Director of Service Ops,Mexico,AMER,Paid Search,Inbound Marketing,CMP-004,Cut Your Deflection Cost — AMER 2025-11,Paid Search,Paid Search,75,A,false,false,0,MQL,2026-05-27,,,true,false,false,,1,8,U-020,,,
LEAD-10021,2025-11-11,Vertex Care,Product Manager,Head of Product,Colombia,LATAM,Paid Search,Product,CMP-005,Migrate off Legacy SMS — AMER 2025-12,Paid Search,Developer Community,76,A,true,false,82,Converted,2025-11-27,2025-12-09,2025-12-14,true,true,true,,,0,,U-013,ACC-1029,OPP-20001
LEAD-10022,2025-08-26,Orbital Pay,Developer,Staff Engineer,Mexico,AMER,AI Assistant Referral,Product,CMP-020,Q3 Pipeline Push — AMER 2025-12,AI Assistant Referral,Partner / Marketplace,56,B,true,true,13,Nurture,2025-09-01,,,true,false,false,,,0,,,,
LEAD-10023,2026-06-11,Kestrel Insure,Product Manager,Director of Product,Sweden,EMEA,Outbound Sequence,Outbound,CMP-040,AI Search Visibility — AMER 2026-05,Outbound Sequence,Partner / Marketplace,19,D,false,false,0,MQL,2026-06-16,,,true,false,false,,3,1,U-026,,,
LEAD-10024,2025-10-18,Quanta Care,Engineering Leader,VP Engineering,United States,AMER,Paid Social,Inbound Marketing,CMP-009,Copilot API Beta — AMER 2026-01,Paid Social,Paid Social,67,B,false,false,0,New,,,,false,false,false,,2,3,U-016,,,
LEAD-10025,2026-05-31,Kestrel Logistics,Engineering Leader,Director of Engineering,Canada,AMER,Paid Search,Inbound Marketing,CMP-006,AI Search Visibility — AMER 2026-02,Paid Search,Organic Search,52,B,false,false,0,SQL,2026-06-18,2026-06-28,,true,true,false,,1,7,U-022,U-003,,
LEAD-10026,2026-04-08,Cinder Gaming,Developer,Platform Engineer,Mexico,AMER,Partner / Marketplace,Partner / Referral,CMP-043,Latency Benchmark — APAC 2026-01,Partner / Marketplace,Partner / Marketplace,57,B,true,false,98,Disqualified,,,,false,false,false,Student / hobby project,,2,,,,
LEAD-10027,2025-09-07,Tundra Pay,CX / Support Leader,Director of Service Ops,UAE,EMEA,Webinar,Inbound Marketing,CMP-033,Developer Docs Refresh — EMEA 2026-07,Webinar,Developer Community,73,A,false,false,0,Converted,2025-09-10,2025-09-12,2025-09-26,true,true,true,,1,2,U-015,U-013,ACC-1045,OPP-20002
LEAD-10028,2026-03-16,Foundry Logistics,CX / Support Leader,Director of Service Ops,UAE,EMEA,Organic Search,Product,CMP-012,AI Search Visibility — AMER 2026-07,Organic Search,Organic Search,66,B,true,true,9,Disqualified,,,,false,false,false,No use case,,2,,,,
LEAD-10029,2025-09-11,Ember Learning,Engineering Leader,Director of Engineering,Mexico,AMER,Webinar,Product,CMP-034,Copilot API Beta — EMEA 2026-03,Webinar,Webinar,73,A,true,false,36,New,,,,false,false,false,,,0,,,,
LEAD-10030,2026-02-22,North Market,Engineering Leader,Head of Platform,Canada,AMER,Docs & Quickstarts,Inbound Marketing,CMP-028,Migrate off Legacy SMS — AMER 2025-11,Docs & Quickstarts,Docs & Quickstarts,63,B,false,false,0,MQL,2026-02-22,,,true,false,false,,2,1,U-024,,,
LEAD-10031,2025-05-04,Tundra Retail,Developer,Staff Engineer,France,EMEA,Paid Search,Inbound Marketing,CMP-006,AI Search Visibility — AMER 2026-02,Paid Search,Paid Search,65,B,false,true,0,MQL,2025-05-18,,,true,false,false,,2,9,U-020,,,
LEAD-10032,2025-10-01,Cinder Freight,Procurement / Finance,Head of Vendor Management,Mexico,AMER,Organic Search,Product,CMP-018,Voice Agents Launch — AMER 2025-11,Organic Search,Organic Search,96,A,true,false,96,MQL,2025-10-09,,,true,false,false,,,2,,,,
LEAD-10033,2026-06-06,Beacon Logistics,Engineering Leader,Head of Platform,Sweden,EMEA,Customer Referral,Partner / Referral,CMP-046,Migrate off Legacy SMS — AMER 2026-03,Customer Referral,Customer Referral,74,A,true,false,60,New,,,,false,false,false,,,1,,,,
LEAD-10034,2026-06-30,Pallas Cloud,Developer,Senior Backend Engineer,Sweden,EMEA,Paid Search,Inbound Marketing,CMP-003,Voice Agents Launch — EMEA 2025-12,Paid Search,Paid Search,28,D,false,false,0,Disqualified,,,,false,false,false,No budget,5,11,U-017,,,
LEAD-10035,2025-05-16,Dovetail Works,Developer,Staff Engineer,Indonesia,APAC,Organic Search,Inbound Marketing,CMP-017,Latency Benchmark — AMER 2026-05,Organic Search,Organic Search,49,C,false,false,0,SQL,2025-05-28,2025-06-21,,true,true,false,,4,2,U-021,U-011,,
LEAD-10036,2026-02-16,Lattice Care,Developer,Platform Engineer,Canada,AMER,Paid Search,Inbound Marketing,CMP-004,Cut Your Deflection Cost — AMER 2025-11,Paid Search,Paid Search,21,D,false,false,0,SQL,2026-02-27,2026-03-23,,true,true,false,,0,9,U-021,U-012,,
LEAD-10037,2026-05-07,Onyx Digital,Developer,Software Engineer,Sweden,EMEA,Docs & Quickstarts,Product,CMP-028,Migrate off Legacy SMS — AMER 2025-11,Docs & Quickstarts,Docs & Quickstarts,99,A,true,false,39,Converted,2026-05-07,2026-05-25,2026-06-16,true,true,true,,,1,,U-010,ACC-1017,OPP-20003
LEAD-10038,2025-04-15,Zephyr Gaming,Developer,Software Engineer,Mexico,AMER,Outbound Sequence,Outbound,CMP-038,Migrate off Legacy SMS — AMER 2025-04,Outbound Sequence,Outbound Sequence,36,C,false,false,0,Disqualified,,,,false,false,false,Duplicate,3,5,U-021,,,
LEAD-10039,2026-02-20,Onyx Logistics,Engineering Leader,Head of Platform,Colombia,LATAM,Partner / Marketplace,Partner / Referral,CMP-043,Latency Benchmark — APAC 2026-01,Partner / Marketplace,Partner / Marketplace,67,B,false,false,0,MQL,2026-03-06,,,true,false,false,,3,5,U-016,,,
LEAD-10040,2025-05-31,Umbra Insure,Developer,Platform Engineer,Australia,APAC,Organic Search,Product,CMP-012,AI Search Visibility — AMER 2026-07,Organic Search,Organic Search,70,A,true,false,51,SQL,2025-06-11,2025-07-02,,true,true,false,,,0,,U-005,,
LEAD-10041,2025-09-05,Rivet Cloud,Product Manager,Head of Product,Netherlands,EMEA,Paid Search,Inbound Marketing,CMP-004,Cut Your Deflection Cost — AMER 2025-11,Paid Search,Paid Search,75,A,false,false,0,SQL,2025-09-09,2025-10-03,,true,true,false,,1,4,U-022,U-011,,
LEAD-10042,2025-06-05,Harbor Care,Engineering Leader,CTO,Canada,AMER,Paid Social,Product,CMP-010,Migrate off Legacy SMS — LATAM 2025-06,Paid Social,Paid Social,65,B,true,false,25,Converted,2025-06-24,2025-07-15,2025-07-24,true,true,true,,,2,,U-005,ACC-1009,OPP-20004
LEAD-10043,2025-12-14,Wexler Travel,Engineering Leader,Head of Platform,Colombia,LATAM,Webinar,Product,CMP-033,Developer Docs Refresh — EMEA 2026-07,Webinar,Partner / Marketplace,54,B,true,true,26,Working,,,,false,false,false,,,1,,,,
LEAD-10044,2026-02-17,Beacon Bank,Engineering Leader,Director of Engineering,United States,AMER,Docs & Quickstarts,Product,CMP-023,Q3 Pipeline Push — AMER 2025-06,Docs & Quickstarts,Webinar,73,A,true,false,47,Converted,2026-02-20,2026-03-16,2026-03-28,true,true,true,,,2,,U-007,ACC-1110,OPP-20005
LEAD-10045,2026-06-06,Vertex Group,Developer,Platform Engineer,Brazil,AMER,Outbound Sequence,Outbound,CMP-041,Studio for Product Teams — AMER 2025-04,Outbound Sequence,Outbound Sequence,26,D,false,false,0,New,,,,false,false,false,,3,9,U-017,,,
LEAD-10046,2026-01-28,Kestrel Logistics,Engineering Leader,CTO,Canada,AMER,Paid Search,Inbound Marketing,CMP-002,Studio for Product Teams — AMER 2025-08,Paid Search,Paid Search,56,B,false,false,0,Working,,,,false,false,false,,2,8,U-016,,,
LEAD-10047,2026-03-02,Vantage Insure,Engineering Leader,Head of Platform,Canada,AMER,Conference,Inbound Marketing,CMP-036,Compliance & HIPAA — AMER 2026-04,Conference,Conference,71,A,false,false,0,Converted,2026-03-19,2026-03-29,2026-04-12,true,true,true,,1,4,U-017,U-001,ACC-1095,OPP-20006
LEAD-10048,2026-04-01,Cinder Logistics,Developer,Platform Engineer,United States,AMER,Partner / Marketplace,Partner / Referral,CMP-044,Studio for Product Teams — AMER 2025-06,Partner / Marketplace,Partner / Marketplace,63,B,false,false,0,Converted,2026-04-15,2026-05-02,2026-05-18,true,true,true,,1,2,U-016,U-005,ACC-1100,OPP-20007
LEAD-10049,2026-04-27,North Care,Procurement / Finance,Finance Director,France,EMEA,Paid Search,Product,CMP-006,AI Search Visibility — AMER 2026-02,Paid Search,Paid Search,100,A,true,true,62,MQL,2026-05-11,,,true,false,false,,,0,,,,
LEAD-10050,2025-10-08,Vertex Health,CX / Support Leader,Contact Centre Manager,India,APAC,AI Assistant Referral,Product,CMP-021,Latency Benchmark — LATAM 2025-09,AI Assistant Referral,AI Assistant Referral,93,A,true,true,66,Disqualified,,,,false,false,false,No use case,,2,,,,
LEAD-10051,2025-06-03,Quanta Systems,Developer,Senior Backend Engineer,UAE,EMEA,Paid Social,Product,CMP-007,Developer Docs Refresh — EMEA 2025-05,Paid Social,Paid Social,74,A,true,false,24,Disqualified,,,,false,false,false,Free tier is enough,,2,,,,
LEAD-10052,2026-07-02,Halcyon Health,Product Manager,Head of Product,United Kingdom,EMEA,Docs & Quickstarts,Inbound Marketing,CMP-023,Q3 Pipeline Push — AMER 2025-06,Docs & Quickstarts,Docs & Quickstarts,53,B,false,false,0,Converted,2026-07-10,2026-07-29,2026-08-30,true,true,true,,4,10,U-017,U-005,ACC-1033,OPP-20008
LEAD-10053,2025-04-10,Rivet Health,CX / Support Leader,VP Customer Experience,Mexico,AMER,Paid Social,Product,CMP-010,Migrate off Legacy SMS — LATAM 2025-06,Paid Social,AI Assistant Referral,75,A,true,false,43,New,,,,false,false,false,,,0,,,,
LEAD-10054,2026-01-21,Dovetail Logistics,Engineering Leader,CTO,UAE,EMEA,Paid Social,Product,CMP-007,Developer Docs Refresh — EMEA 2025-05,Paid Social,Paid Social,62,B,true,true,35,Converted,2026-02-09,2026-02-15,2026-03-15,true,true,true,,,2,,U-011,ACC-1060,OPP-20009
LEAD-10055,2025-07-15,Orbital Gaming,Developer,Senior Backend Engineer,Canada,AMER,Paid Search,Inbound Marketing,CMP-005,Migrate off Legacy SMS — AMER 2025-12,Paid Search,Paid Search,63,B,false,false,0,Working,,,,false,false,false,,1,3,U-020,,,
LEAD-10056,2025-07-08,Kestrel Systems,Engineering Leader,Head of Platform,UAE,EMEA,Organic Search,Product,CMP-013,Verify Fraud Playbook — LATAM 2026-01,Organic Search,Organic Search,89,A,true,false,37,MQL,2025-07-08,,,true,false,false,,,1,,,,
LEAD-10057,2025-07-13,Beacon Gaming,Engineering Leader,VP Engineering,India,APAC,Organic Search,Product,CMP-013,Verify Fraud Playbook — LATAM 2026-01,Organic Search,Organic Search,80,A,true,true,10,SQL,2025-07-23,2025-08-05,,true,true,false,,,1,,U-003,,
LEAD-10058,2025-05-22,Halcyon Pay,Developer,Staff Engineer,United States,AMER,Paid Social,Product,CMP-008,Developer Docs Refresh — EMEA 2026-02,Paid Social,Paid Social,49,C,true,false,79,Converted,2025-05-31,2025-06-03,2025-06-16,true,true,true,,,2,,U-006,ACC-1085,OPP-20010
LEAD-10059,2026-06-08,Orbital Cloud,Product Manager,Senior PM,United States,AMER,Docs & Quickstarts,Inbound Marketing,CMP-023,Q3 Pipeline Push — AMER 2025-06,Docs & Quickstarts,Docs & Quickstarts,73,A,false,false,0,Disqualified,,,,false,false,false,Student / hobby project,3,2,U-024,,,
LEAD-10060,2025-08-06,Onyx Insure,Developer,Platform Engineer,Japan,APAC,AI Assistant Referral,Product,CMP-021,Latency Benchmark — LATAM 2025-09,AI Assistant Referral,AI Assistant Referral,55,B,true,true,98,Converted,2025-08-26,2025-09-12,2025-10-07,true,true,true,,,2,,U-011,ACC-1040,OPP-20011
LEAD-10061,2026-05-20,Juniper Mobility,CX / Support Leader,Director of Service Ops,Brazil,AMER,Partner / Marketplace,Partner / Referral,CMP-044,Studio for Product Teams — AMER 2025-06,Partner / Marketplace,Conference,100,A,true,true,25,Nurture,2026-05-28,,,true,false,false,,,0,,,,
LEAD-10062,2025-04-07,North Bank,CX / Support Leader,Director of Service Ops,Indonesia,APAC,Webinar,Inbound Marketing,CMP-032,Copilot API Beta — AMER 2025-12,Webinar,Docs & Quickstarts,75,A,false,false,0,New,,,,false,false,false,,5,3,U-027,,,
LEAD-10063,2025-04-09,Foundry Learning,Product Manager,Director of Product,Mexico,AMER,Conference,Inbound Marketing,CMP-036,Compliance & HIPAA — AMER 2026-04,Conference,Outbound Sequence,45,C,false,false,0,SQL,2025-04-11,2025-04-19,,true,true,false,,3,9,U-019,U-005,,
LEAD-10064,2026-02-05,Wexler Travel,Engineering Leader,CTO,Sweden,EMEA,Paid Search,Inbound Marketing,CMP-006,AI Search Visibility — AMER 2026-02,Paid Search,Developer Community,56,B,false,false,0,New,,,,false,false,false,,3,6,U-027,,,
LEAD-10065,2025-06-18,Quanta Health,Engineering Leader,CTO,Brazil,AMER,Outbound Sequence,Outbound,CMP-038,Migrate off Legacy SMS — AMER 2025-04,Outbound Sequence,Developer Community,39,C,false,false,0,Working,,,,false,false,false,,2,6,U-018,,,
LEAD-10066,2025-07-08,Vantage Mobility,CX / Support Leader,VP Customer Experience,Singapore,APAC,Organic Search,Inbound Marketing,CMP-018,Voice Agents Launch — AMER 2025-11,Organic Search,Developer Community,50,B,false,true,0,Converted,2025-07-13,2025-07-23,2025-08-13,true,true,true,,4,7,U-017,U-005,ACC-1065,OPP-20012
LEAD-10067,2026-01-30,Halcyon Insure,Engineering Leader,Head of Platform,India,APAC,Paid Search,Inbound Marketing,CMP-003,Voice Agents Launch — EMEA 2025-12,Paid Search,Paid Search,49,C,false,false,0,Disqualified,,,,false,false,false,Student / hobby project,3,7,U-015,,,
LEAD-10068,2026-02-24,Cobalt Freight,Engineering Leader,CTO,Indonesia,APAC,Paid Search,Inbound Marketing,CMP-003,Voice Agents Launch — EMEA 2025-12,Paid Search,Outbound Sequence,80,A,false,false,0,MQL,2026-02-24,,,true,false,false,,4,9,U-019,,,
LEAD-10069,2025-11-23,Vantage Logistics,Engineering Leader,Head of Platform,United States,AMER,Organic Search,Product,CMP-012,AI Search Visibility — AMER 2026-07,Organic Search,Outbound Sequence,76,A,true,true,96,Disqualified,,,,false,false,false,Student / hobby project,,0,,,,
LEAD-10070,2025-04-27,Beacon Travel,Product Manager,Head of Product,United Kingdom,EMEA,Webinar,Inbound Marketing,CMP-032,Copilot API Beta — AMER 2025-12,Webinar,Webinar,58,B,false,false,0,MQL,2025-05-05,,,true,false,false,,3,3,U-020,,,
LEAD-10071,2026-06-07,Meridian Health,Procurement / Finance,Head of Vendor Management,Canada,AMER,Developer Community,Product,CMP-030,Latency Benchmark — AMER 2025-08,Developer Community,Developer Community,60,B,true,true,43,MQL,2026-06-20,,,true,false,false,,,0,,,,
LEAD-10072,2025-11-28,Vertex Mobility,Engineering Leader,Head of Platform,Canada,AMER,Paid Social,Inbound Marketing,CMP-010,Migrate off Legacy SMS — LATAM 2025-06,Paid Social,Paid Social,38,C,false,false,0,Disqualified,,,,false,false,false,Duplicate,2,6,U-022,,,
LEAD-10073,2026-02-11,Meridian Works,Engineering Leader,CTO,Germany,EMEA,Paid Social,Inbound Marketing,CMP-007,Developer Docs Refresh — EMEA 2025-05,Paid Social,Paid Social,38,C,false,false,0,Nurture,2026-02-24,,,true,false,false,,0,6,U-015,,,
LEAD-10074,2026-01-09,Rivet Care,Engineering Leader,Director of Engineering,Spain,EMEA,Paid Social,Inbound Marketing,CMP-010,Migrate off Legacy SMS — LATAM 2025-06,Paid Social,Paid Social,60,B,false,false,0,SQL,2026-01-09,2026-01-29,,true,true,false,,2,4,U-026,U-003,,
LEAD-10075,2026-04-26,Ember Market,Product Manager,Senior PM,Germany,EMEA,Customer Referral,Partner / Referral,CMP-046,Migrate off Legacy SMS — AMER 2026-03,Customer Referral,Customer Referral,82,A,true,true,98,Working,,,,false,false,false,,,0,,,,
LEAD-10076,2026-07-02,Pallas Pay,Product Manager,Director of Product,France,EMEA,Outbound Sequence,Outbound,CMP-041,Studio for Product Teams — AMER 2025-04,Outbound Sequence,AI Assistant Referral,37,C,false,false,0,New,,,,false,false,false,,0,7,U-022,,,
LEAD-10077,2026-09-11,Cinder Labs,Product Manager,Director of Product,Mexico,AMER,Partner / Marketplace,Partner / Referral,CMP-043,Latency Benchmark — APAC 2026-01,Partner / Marketplace,Conference,71,A,false,true,0,MQL,2026-09-17,,,true,false,false,,0,6,U-026,,,
LEAD-10078,2026-09-04,Zephyr Gaming,Developer,Platform Engineer,India,APAC,Developer Community,Product,CMP-030,Latency Benchmark — AMER 2025-08,Developer Community,Developer Community,45,C,true,false,76,Converted,2026-09-16,2026-09-25,2026-10-13,true,true,true,,,0,,U-003,ACC-1087,OPP-20013
LEAD-10079,2025-04-18,Halcyon Retail,Engineering Leader,CTO,UAE,EMEA,Docs & Quickstarts,Product,CMP-027,Cut Your Deflection Cost — APAC 2025-05,Docs & Quickstarts,Docs & Quickstarts,71,A,true,false,10,Nurture,2025-05-02,,,true,false,false,,,0,,,,
LEAD-10080,2026-03-21,Vantage Bank,Developer,Senior Backend Engineer,Netherlands,EMEA,Webinar,Inbound Marketing,CMP-034,Copilot API Beta — EMEA 2026-03,Webinar,Webinar,12,D,false,false,0,Converted,2026-03-26,2026-04-11,2026-04-22,true,true,true,,1,3,U-021,U-005,ACC-1071,OPP-20014
LEAD-10081,2025-09-20,Dovetail Digital,Engineering Leader,Head of Platform,Indonesia,APAC,Paid Search,Product,CMP-005,Migrate off Legacy SMS — AMER 2025-12,Paid Search,Webinar,67,B,true,false,48,MQL,2025-10-03,,,true,false,false,,,1,,,,
LEAD-10082,2025-09-09,Sable Bank,Procurement / Finance,Head of Vendor Management,United States,AMER,Paid Search,Inbound Marketing,CMP-001,Copilot API Beta — AMER 2026-02,Paid Search,Conference,100,A,false,false,0,Converted,2025-09-17,2025-09-19,2025-10-15,true,true,true,,2,2,U-027,U-008,ACC-1018,OPP-20015
LEAD-10083,2025-11-01,Harbor Retail,Developer,Software Engineer,India,APAC,Webinar,Inbound Marketing,CMP-033,Developer Docs Refresh — EMEA 2026-07,Webinar,Paid Social,32,C,false,false,0,Working,,,,false,false,false,,3,6,U-018,,,
LEAD-10084,2026-02-06,Solstice Gaming,Developer,Senior Backend Engineer,Singapore,APAC,AI Assistant Referral,Product,CMP-021,Latency Benchmark — LATAM 2025-09,AI Assistant Referral,AI Assistant Referral,73,A,true,true,81,MQL,2026-02-19,,,true,false,false,,,1,,,,
LEAD-10085,2026-06-18,Dovetail Learning,Engineering Leader,VP Engineering,France,EMEA,Partner / Marketplace,Partner / Referral,CMP-043,Latency Benchmark — APAC 2026-01,Partner / Marketplace,Developer Community,68,B,false,false,0,New,,,,false,false,false,,3,3,U-023,,,
LEAD-10086,2025-05-07,Cinder Care,Procurement / Finance,Finance Director,Australia,APAC,Docs & Quickstarts,Product,CMP-027,Cut Your Deflection Cost — APAC 2025-05,Docs & Quickstarts,Docs & Quickstarts,82,A,true,false,32,Nurture,2025-05-25,,,true,false,false,,,0,,,,
LEAD-10087,2025-11-02,Harbor Insure,Engineering Leader,CTO,Australia,APAC,Conference,Inbound Marketing,CMP-036,Compliance & HIPAA — AMER 2026-04,Conference,Conference,42,C,false,false,0,New,,,,false,false,false,,3,2,U-019,,,
LEAD-10088,2026-04-09,Onyx Technologies,CX / Support Leader,VP Customer Experience,Canada,AMER,Outbound Sequence,Outbound,CMP-040,AI Search Visibility — AMER 2026-05,Outbound Sequence,Outbound Sequence,53,B,false,true,0,Converted,2026-04-10,2026-04-21,2026-05-20,true,true,true,,1,11,U-023,U-006,ACC-1113,OPP-20016
LEAD-10089,2025-08-26,Solstice Systems,Engineering Leader,VP Engineering,Brazil,AMER,Organic Search,Product,CMP-017,Latency Benchmark — AMER 2026-05,Organic Search,Partner / Marketplace,74,A,true,true,31,MQL,2025-09-09,,,true,false,false,,,0,,,,
LEAD-10090,2026-05-06,Lattice Learning,Product Manager,Director of Product,Sweden,EMEA,Paid Search,Inbound Marketing,CMP-005,Migrate off Legacy SMS — AMER 2025-12,Paid Search,Docs & Quickstarts,54,B,false,true,0,Working,,,,false,false,false,,1,5,U-017,,,
LEAD-10091,2025-11-06,Zephyr Works,Product Manager,Head of Product,Netherlands,EMEA,AI Assistant Referral,Inbound Marketing,CMP-020,Q3 Pipeline Push — AMER 2025-12,AI Assistant Referral,AI Assistant Referral,55,B,false,false,0,MQL,2025-11-10,,,true,false,false,,0,10,U-024,,,
LEAD-10092,2026-07-31,Orbital Group,Developer,Senior Backend Engineer,Mexico,AMER,Partner / Marketplace,Partner / Referral,CMP-042,Migrate off Legacy SMS — AMER 2025-04,Partner / Marketplace,Partner / Marketplace,40,C,false,false,0,Working,,,,false,false,false,,2,6,U-024,,,
LEAD-10093,2025-06-22,Tundra Mobility,CX / Support Leader,Contact Centre Manager,Singapore,APAC,Outbound Sequence,Outbound,CMP-037,Verify Fraud Playbook — EMEA 2025-04,Outbound Sequence,Outbound Sequence,51,B,false,false,0,Converted,2025-07-01,2025-07-20,2025-08-22,true,true,true,,2,5,U-025,U-005,ACC-1014,OPP-20017
LEAD-10094,2026-02-24,Beacon Market,CX / Support Leader,Director of Service Ops,Singapore,APAC,Docs & Quickstarts,Product,CMP-027,Cut Your Deflection Cost — APAC 2025-05,Docs & Quickstarts,AI Assistant Referral,90,A,true,false,61,MQL,2026-03-10,,,true,false,false,,,2,,,,
LEAD-10095,2026-06-01,Solstice Systems,CX / Support Leader,VP Customer Experience,Germany,EMEA,AI Assistant Referral,Inbound Marketing,CMP-021,Latency Benchmark — LATAM 2025-09,AI Assistant Referral,Outbound Sequence,66,B,false,false,0,Converted,2026-06-16,2026-07-01,2026-08-04,true,true,true,,3,2,U-019,U-006,ACC-1000,OPP-20018
LEAD-10096,2026-05-29,Cobalt Bank,Developer,Platform Engineer,Japan,APAC,Paid Social,Inbound Marketing,CMP-010,Migrate off Legacy SMS — LATAM 2025-06,Paid Social,Paid Social,32,C,false,false,0,Disqualified,,,,false,false,false,Wrong geo,1,10,U-016,,,
LEAD-10097,2025-10-12,Aster Travel,CX / Support Leader,Director of Service Ops,Australia,APAC,Customer Referral,Partner / Referral,CMP-045,Compliance & HIPAA — AMER 2025-09,Customer Referral,Organic Search,71,A,false,false,0,Nurture,2025-10-18,,,true,false,false,,4,7,U-024,,,
LEAD-10098,2026-05-22,Onyx Works,Engineering Leader,Head of Platform,Canada,AMER,Webinar,Inbound Marketing,CMP-033,Developer Docs Refresh — EMEA 2026-07,Webinar,Webinar,89,A,false,false,0,Converted,2026-05-30,2026-06-06,2026-07-06,true,true,true,,4,4,U-016,U-006,ACC-1041,OPP-20019
LEAD-10099,2026-09-07,Zephyr Health,Engineering Leader,CTO,Argentina,LATAM,Partner / Marketplace,Partner / Referral,CMP-044,Studio for Product Teams — AMER 2025-06,Partner / Marketplace,Partner / Marketplace,100,A,true,true,56,MQL,2026-09-15,,,true,false,false,,,2,,,,
LEAD-10100,2025-05-18,Halcyon Systems,Developer,Platform Engineer,Mexico,AMER,Partner / Marketplace,Partner / Referral,CMP-044,Studio for Product Teams — AMER 2025-06,Partner / Marketplace,Partner / Marketplace,58,B,false,false,0,MQL,2025-05-22,,,true,false,false,,2,3,U-027,,,
LEAD-10101,2026-06-22,Quanta Technologies,Developer,Software Engineer,Netherlands,EMEA,Organic Search,Inbound Marketing,CMP-015,Studio for Product Teams — AMER 2025-11,Organic Search,Outbound Sequence,33,C,false,false,0,New,,,,false,false,false,,0,8,U-015,,,
LEAD-10102,2025-11-14,Aster Care,Developer,Staff Engineer,Canada,AMER,Paid Search,Inbound Marketing,CMP-002,Studio for Product Teams — AMER 2025-08,Paid Search,Paid Search,54,B,false,true,0,Disqualified,,,,false,false,false,Free tier is enough,2,1,U-021,,,
LEAD-10103,2025-04-05,Ember Cloud,Developer,Platform Engineer,Netherlands,EMEA,Outbound Sequence,Outbound,CMP-037,Verify Fraud Playbook — EMEA 2025-04,Outbound Sequence,Outbound Sequence,18,D,false,false,0,Disqualified,,,,false,false,false,Competitor,0,6,U-017,,,
LEAD-10104,2025-10-18,Pallas Group,Developer,Software Engineer,Brazil,AMER,Paid Search,Inbound Marketing,CMP-003,Voice Agents Launch — EMEA 2025-12,Paid Search,Paid Search,49,C,false,false,0,SQL,2025-10-26,2025-10-29,,true,true,false,,1,11,U-020,U-004,,
LEAD-10105,2026-02-01,Solstice Learning,Engineering Leader,CTO,Spain,EMEA,Outbound Sequence,Outbound,CMP-040,AI Search Visibility — AMER 2026-05,Outbound Sequence,Outbound Sequence,16,D,false,false,0,Working,,,,false,false,false,,0,6,U-021,,,
LEAD-10106,2026-05-24,Zephyr Market,Engineering Leader,VP Engineering,UAE,EMEA,Paid Search,Product,CMP-004,Cut Your Deflection Cost — AMER 2025-11,Paid Search,Conference,71,A,true,true,38,Nurture,2026-06-09,,,true,false,false,,,2,,,,
LEAD-10107,2026-06-22,Cinder Pay,Product Manager,Head of Product,Canada,AMER,Docs & Quickstarts,Product,CMP-028,Migrate off Legacy SMS — AMER 2025-11,Docs & Quickstarts,Outbound Sequence,73,A,true,true,51,SQL,2026-07-12,2026-07-14,,true,true,false,,,2,,U-011,,
LEAD-10108,2025-06-30,Vertex Cloud,Engineering Leader,Head of Platform,Canada,AMER,Webinar,Inbound Marketing,CMP-032,Copilot API Beta — AMER 2025-12,Webinar,Webinar,77,A,false,false,0,Nurture,2025-07-09,,,true,false,false,,0,4,U-015,,,
LEAD-10109,2026-06-28,Orbital Logistics,Developer,Software Engineer,Colombia,LATAM,Organic Search,Inbound Marketing,CMP-012,AI Search Visibility — AMER 2026-07,Organic Search,Organic Search,59,B,false,false,0,SQL,2026-07-09,2026-07-30,,true,true,false,,5,6,U-015,U-011,,
LEAD-10110,2025-07-16,Onyx Health,Product Manager,Senior PM,Spain,EMEA,Organic Search,Product,CMP-012,AI Search Visibility — AMER 2026-07,Organic Search,Organic Search,64,B,true,true,81,Disqualified,,,,false,false,false,No budget,,0,,,,
LEAD-10111,2025-08-13,Vantage Gaming,Developer,Platform Engineer,Japan,APAC,Docs & Quickstarts,Product,CMP-027,Cut Your Deflection Cost — APAC 2025-05,Docs & Quickstarts,Partner / Marketplace,80,A,true,false,80,New,,,,false,false,false,,,1,,,,
LEAD-10112,2025-12-25,Solstice Cloud,Developer,Platform Engineer,Mexico,AMER,Outbound Sequence,Outbound,CMP-040,AI Search Visibility — AMER 2026-05,Outbound Sequence,Outbound Sequence,38,C,false,false,0,New,,,,false,false,false,,2,10,U-024,,,
LEAD-10113,2025-09-27,Juniper Labs,CX / Support Leader,VP Customer Experience,Sweden,EMEA,Paid Social,Product,CMP-009,Copilot API Beta — AMER 2026-01,Paid Social,Outbound Sequence,78,A,true,true,100,SQL,2025-10-17,2025-10-28,,true,true,false,,,2,,U-011,,
LEAD-10114,2026-01-27,Sable Works,CX / Support Leader,VP Customer Experience,Canada,AMER,Docs & Quickstarts,Product,CMP-026,Studio for Product Teams — AMER 2025-08,Docs & Quickstarts,Docs & Quickstarts,77,A,true,true,59,Converted,2026-02-14,2026-02-19,2026-03-16,true,true,true,,,2,,U-004,ACC-1018,OPP-20020
LEAD-10115,2025-12-02,Halcyon Systems,Engineering Leader,Head of Platform,Spain,EMEA,Partner / Marketplace,Partner / Referral,CMP-043,Latency Benchmark — APAC 2026-01,Partner / Marketplace,Partner / Marketplace,66,B,false,false,0,Converted,2025-12-21,2026-01-14,2026-01-18,true,true,true,,2,3,U-026,U-002,ACC-1109,OPP-20021
LEAD-10116,2025-07-11,Vertex Group,CX / Support Leader,Director of Service Ops,Mexico,AMER,Paid Search,Inbound Marketing,CMP-001,Copilot API Beta — AMER 2026-02,Paid Search,Paid Search,60,B,false,false,0,Working,,,,false,false,false,,4,6,U-026,,,
LEAD-10117,2026-07-06,Dovetail Logistics,CX / Support Leader,VP Customer Experience,Canada,AMER,Paid Search,Product,CMP-001,Copilot API Beta — AMER 2026-02,Paid Search,Paid Search,77,A,true,false,0,Disqualified,,,,false,false,false,Free tier is enough,,2,,,,
LEAD-10118,2025-04-14,Umbra Gaming,CX / Support Leader,VP Customer Experience,Australia,APAC,Docs & Quickstarts,Product,CMP-028,Migrate off Legacy SMS — AMER 2025-11,Docs & Quickstarts,Paid Social,83,A,true,true,5,SQL,2025-04-23,2025-05-17,,true,true,false,,,2,,U-009,,
LEAD-10119,2025-07-30,Harbor Learning,Developer,Platform Engineer,Chile,LATAM,Partner / Marketplace,Partner / Referral,CMP-043,Latency Benchmark — APAC 2026-01,Partner / Marketplace,Partner / Marketplace,59,B,true,false,10,Converted,2025-08-09,2025-08-11,2025-08-25,true,true,true,,,2,,U-001,ACC-1114,OPP-20022
LEAD-10120,2026-09-01,Quanta Bank,Developer,Staff Engineer,Mexico,AMER,Developer Community,Product,CMP-031,Developer Docs Refresh — EMEA 2026-07,Developer Community,Developer Community,73,A,true,false,14,Converted,2026-09-08,2026-10-02,2026-10-09,true,true,true,,,1,,U-001,ACC-1123,OPP-20023
LEAD-10121,2025-04-21,Zephyr Market,Developer,Senior Backend Engineer,France,EMEA,Docs & Quickstarts,Product,CMP-025,Migrate off Legacy SMS — EMEA 2025-09,Docs & Quickstarts,Docs & Quickstarts,60,B,true,true,78,Converted,2025-05-05,2025-05-14,2025-05-24,true,true,true,,,0,,U-009,ACC-1011,OPP-20024
LEAD-10122,2025-11-20,North Insure,Developer,Staff Engineer,Netherlands,EMEA,Organic Search,Inbound Marketing,CMP-017,Latency Benchmark — AMER 2026-05,Organic Search,Organic Search,71,A,false,false,0,Converted,2025-12-08,2025-12-19,2026-01-22,true,true,true,,1,3,U-016,U-006,ACC-1069,OPP-20025
LEAD-10123,2026-04-15,Zephyr Care,Product Manager,Product Manager,Mexico,AMER,Paid Search,Inbound Marketing,CMP-006,AI Search Visibility — AMER 2026-02,Paid Search,Paid Search,77,A,false,false,0,Disqualified,,,,false,false,false,Free tier is enough,3,3,U-024,,,
LEAD-10124,2026-09-05,Lumen Systems,Product Manager,Director of Product,Spain,EMEA,Outbound Sequence,Outbound,CMP-040,AI Search Visibility — AMER 2026-05,Outbound Sequence,Outbound Sequence,53,B,false,false,0,Nurture,2026-09-17,,,true,false,false,,2,3,U-025,,,
LEAD-10125,2026-08-26,Meridian Technologies,Developer,Platform Engineer,Indonesia,APAC,Developer Community,Inbound Marketing,CMP-031,Developer Docs Refresh — EMEA 2026-07,Developer Community,Outbound Sequence,32,C,false,false,0,New,,,,false,false,false,,2,3,U-027,,,
LEAD-10126,2025-07-20,Kestrel Mobility,CX / Support Leader,Head of Support,Brazil,AMER,Outbound Sequence,Outbound,CMP-038,Migrate off Legacy SMS — AMER 2025-04,Outbound Sequence,Outbound Sequence,51,B,false,false,0,MQL,2025-07-20,,,true,false,false,,2,4,U-018,,,
LEAD-10127,2026-03-22,Aster Technologies,Developer,Platform Engineer,Mexico,AMER,Docs & Quickstarts,Product,CMP-028,Migrate off Legacy SMS — AMER 2025-11,Docs & Quickstarts,Docs & Quickstarts,56,B,true,true,15,Converted,2026-03-22,2026-04-16,2026-04-30,true,true,true,,,1,,U-004,ACC-1068,OPP-20026
LEAD-10128,2025-04-08,Onyx Market,Product Manager,Director of Product,Singapore,APAC,Outbound Sequence,Outbound,CMP-040,AI Search Visibility — AMER 2026-05,Outbound Sequence,Outbound Sequence,36,C,false,false,0,New,,,,false,false,false,,1,4,U-017,,,
LEAD-10129,2026-04-04,Cinder Labs,Product Manager,Product Manager,Australia,APAC,Docs & Quickstarts,Product,CMP-026,Studio for Product Teams — AMER 2025-08,Docs & Quickstarts,Docs & Quickstarts,84,A,true,false,88,MQL,2026-04-11,,,true,false,false,,,1,,,,
LEAD-10130,2025-04-01,Vantage Bank,Engineering Leader,CTO,Singapore,APAC,Paid Search,Inbound Marketing,CMP-004,Cut Your Deflection Cost — AMER 2025-11,Paid Search,Organic Search,59,B,false,false,0,Converted,2025-04-22,2025-04-29,2025-05-30,true,true,true,,2,10,U-023,U-009,ACC-1124,OPP-20027
LEAD-10131,2026-02-02,Vertex Digital,Developer,Staff Engineer,Australia,APAC,Outbound Sequence,Outbound,CMP-038,Migrate off Legacy SMS — AMER 2025-04,Outbound Sequence,Conference,16,D,false,false,0,New,,,,false,false,false,,4,2,U-015,,,
LEAD-10132,2025-05-27,Halcyon Retail,Product Manager,Senior PM,UAE,EMEA,Outbound Sequence,Outbound,CMP-038,Migrate off Legacy SMS — AMER 2025-04,Outbound Sequence,Outbound Sequence,21,D,false,false,0,New,,,,false,false,false,,2,11,U-023,,,
LEAD-10133,2026-02-06,Quanta Bank,Developer,Senior Backend Engineer,United States,AMER,Paid Search,Inbound Marketing,CMP-004,Cut Your Deflection Cost — AMER 2025-11,Paid Search,Developer Community,70,A,false,false,0,MQL,2026-02-11,,,true,false,false,,1,6,U-017,,,
LEAD-10134,2026-02-10,Kestrel Learning,Procurement / Finance,Procurement Manager,Canada,AMER,AI Assistant Referral,Inbound Marketing,CMP-021,Latency Benchmark — LATAM 2025-09,AI Assistant Referral,AI Assistant Referral,76,A,false,false,0,Disqualified,,,,false,false,false,Went silent,3,1,U-015,,,
LEAD-10135,2025-10-16,Solstice Travel,Developer,Platform Engineer,Mexico,AMER,Partner / Marketplace,Partner / Referral,CMP-043,Latency Benchmark — APAC 2026-01,Partner / Marketplace,Partner / Marketplace,59,B,false,false,0,SQL,2025-10-31,2025-11-22,,true,true,false,,2,5,U-018,U-002,,
LEAD-10136,2026-02-13,Vertex Logistics,Developer,Software Engineer,UAE,EMEA,Paid Search,Inbound Marketing,CMP-005,Migrate off Legacy SMS — AMER 2025-12,Paid Search,Partner / Marketplace,51,B,false,false,0,MQL,2026-02-13,,,true,false,false,,1,4,U-025,,,
LEAD-10137,2026-09-15,Cinder Digital,Developer,Senior Backend Engineer,Canada,AMER,Organic Search,Product,CMP-018,Voice Agents Launch — AMER 2025-11,Organic Search,Organic Search,47,C,true,true,74,MQL,2026-10-02,,,true,false,false,,,1,,,,
LEAD-10138,2025-12-25,Cinder Insure,Product Manager,Director of Product,Brazil,AMER,Paid Search,Inbound Marketing,CMP-002,Studio for Product Teams — AMER 2025-08,Paid Search,Paid Search,64,B,false,false,0,Converted,2026-01-10,2026-01-30,2026-02-11,true,true,true,,3,11,U-017,U-008,ACC-1042,OPP-20028
LEAD-10139,2025-09-05,Juniper Freight,Product Manager,Product Manager,UAE,EMEA,Paid Search,Inbound Marketing,CMP-006,AI Search Visibility — AMER 2026-02,Paid Search,Webinar,47,C,false,false,0,Nurture,2025-09-24,,,true,false,false,,2,5,U-015,,,
LEAD-10140,2025-06-08,Harbor Travel,Developer,Platform Engineer,Colombia,LATAM,Paid Search,Product,CMP-006,AI Search Visibility — AMER 2026-02,Paid Search,Paid Search,42,C,true,true,77,Disqualified,,,,false,false,false,Duplicate,,0,,,,
LEAD-10141,2025-11-21,Rivet Market,Developer,Software Engineer,Mexico,AMER,Developer Community,Product,CMP-029,Build a Support Agent — EMEA 2025-11,Developer Community,Developer Community,62,B,true,true,36,MQL,2025-12-10,,,true,false,false,,,1,,,,
LEAD-10142,2025-10-29,Dovetail Gaming,Developer,Staff Engineer,Chile,LATAM,Webinar,Inbound Marketing,CMP-034,Copilot API Beta — EMEA 2026-03,Webinar,Webinar,47,C,false,false,0,SQL,2025-11-17,2025-12-07,,true,true,false,,1,5,U-015,U-005,,
LEAD-10143,2026-06-14,Onyx Retail,Engineering Leader,Director of Engineering,Brazil,AMER,Paid Search,Inbound Marketing,CMP-001,Copilot API Beta — AMER 2026-02,Paid Search,Customer Referral,51,B,false,false,0,SQL,2026-06-23,2026-07-17,,true,true,false,,4,7,U-020,U-008,,
LEAD-10144,2025-12-18,Aster Mobility,Engineering Leader,Director of Engineering,United States,AMER,Docs & Quickstarts,Product,CMP-027,Cut Your Deflection Cost — APAC 2025-05,Docs & Quickstarts,Paid Search,82,A,true,false,52,SQL,2025-12-20,2025-12-22,,true,true,false,,,2,,U-006,,
LEAD-10145,2025-09-16,Ember Logistics,Developer,Platform Engineer,Netherlands,EMEA,Outbound Sequence,Outbound,CMP-041,Studio for Product Teams — AMER 2025-04,Outbound Sequence,AI Assistant Referral,7,D,false,false,0,New,,,,false,false,false,,3,5,U-018,,,
LEAD-10146,2026-04-19,Lattice Learning,Developer,Platform Engineer,India,APAC,Paid Social,Product,CMP-010,Migrate off Legacy SMS — LATAM 2025-06,Paid Social,Paid Social,33,C,true,true,100,Disqualified,,,,false,false,false,Student / hobby project,,2,,,,
LEAD-10147,2025-04-10,Umbra Digital,Product Manager,Product Manager,Canada,AMER,Partner / Marketplace,Partner / Referral,CMP-042,Migrate off Legacy SMS — AMER 2025-04,Partner / Marketplace,Docs & Quickstarts,59,B,false,false,0,Converted,2025-04-18,2025-05-03,2025-05-09,true,true,true,,4,5,U-018,U-004,ACC-1098,OPP-20029
LEAD-10148,2026-05-20,Lumen Learning,Developer,Staff Engineer,Japan,APAC,Customer Referral,Partner / Referral,CMP-046,Migrate off Legacy SMS — AMER 2026-03,Customer Referral,Customer Referral,37,C,false,false,0,MQL,2026-06-09,,,true,false,false,,0,8,U-024,,,
LEAD-10149,2025-05-02,Lumen Works,Developer,Platform Engineer,Germany,EMEA,AI Assistant Referral,Inbound Marketing,CMP-019,Studio for Product Teams — APAC 2026-02,AI Assistant Referral,Developer Community,50,B,false,false,0,Disqualified,,,,false,false,false,No budget,1,9,U-015,,,
LEAD-10150,2026-01-01,Cobalt Digital,Product Manager,Head of Product,Mexico,AMER,Organic Search,Inbound Marketing,CMP-012,AI Search Visibility — AMER 2026-07,Organic Search,Organic Search,47,C,false,false,0,Converted,2026-01-07,2026-01-26,2026-02-16,true,true,true,,0,2,U-024,U-003,ACC-1095,OPP-20030
LEAD-10151,2025-12-11,Vantage Freight,Engineering Leader,VP Engineering,Indonesia,APAC,Conference,Inbound Marketing,CMP-036,Compliance & HIPAA — AMER 2026-04,Conference,Customer Referral,46,C,false,false,0,Disqualified,,,,false,false,false,Student / hobby project,2,4,U-020,,,
LEAD-10152,2025-09-01,Rivet Group,Developer,Senior Backend Engineer,Singapore,APAC,Organic Search,Product,CMP-018,Voice Agents Launch — AMER 2025-11,Organic Search,Organic Search,65,B,true,true,48,New,,,,false,false,false,,,0,,,,
LEAD-10153,2025-09-09,Juniper Travel,Developer,Platform Engineer,UAE,EMEA,Developer Community,Product,CMP-029,Build a Support Agent — EMEA 2025-11,Developer Community,Developer Community,67,B,true,false,41,MQL,2025-09-22,,,true,false,false,,,2,,,,
LEAD-10154,2026-04-07,Halcyon Retail,Developer,Senior Backend Engineer,Mexico,AMER,Organic Search,Inbound Marketing,CMP-015,Studio for Product Teams — AMER 2025-11,Organic Search,Organic Search,59,B,false,false,0,Disqualified,,,,false,false,false,Competitor,1,7,U-015,,,
LEAD-10155,2025-05-10,Lattice Labs,Developer,Senior Backend Engineer,Mexico,AMER,Outbound Sequence,Outbound,CMP-037,Verify Fraud Playbook — EMEA 2025-04,Outbound Sequence,Outbound Sequence,29,D,false,false,0,Disqualified,,,,false,false,false,No budget,4,9,U-019,,,
LEAD-10156,2025-05-31,Tundra Works,Product Manager,Head of Product,Singapore,APAC,Outbound Sequence,Outbound,CMP-037,Verify Fraud Playbook — EMEA 2025-04,Outbound Sequence,Paid Search,50,B,false,false,0,Disqualified,,,,false,false,false,Went silent,2,4,U-020,,,
LEAD-10157,2026-03-30,Dovetail Gaming,Procurement / Finance,CFO,Singapore,APAC,AI Assistant Referral,Inbound Marketing,CMP-021,Latency Benchmark — LATAM 2025-09,AI Assistant Referral,AI Assistant Referral,57,B,false,false,0,Disqualified,,,,false,false,false,Student / hobby project,1,7,U-023,,,
LEAD-10158,2026-01-20,Tundra Labs,Developer,Platform Engineer,Australia,APAC,Organic Search,Inbound Marketing,CMP-014,Compliance & HIPAA — APAC 2025-09,Organic Search,Organic Search,42,C,false,true,0,Disqualified,,,,false,false,false,Duplicate,2,10,U-025,,,
LEAD-10159,2025-12-08,Rivet Digital,Product Manager,Senior PM,Brazil,AMER,Paid Search,Inbound Marketing,CMP-005,Migrate off Legacy SMS — AMER 2025-12,Paid Search,Paid Search,82,A,false,false,0,Converted,2025-12-14,2025-12-28,2026-01-09,true,true,true,,3,8,U-023,U-012,ACC-1104,OPP-20031
LEAD-10160,2026-06-29,Cobalt Freight,Engineering Leader,VP Engineering,Japan,APAC,Paid Search,Inbound Marketing,CMP-005,Migrate off Legacy SMS — AMER 2025-12,Paid Search,Paid Search,72,A,false,false,0,Disqualified,,,,false,false,false,No budget,4,7,U-027,,,
LEAD-10161,2026-05-21,Halcyon Travel,Developer,Platform Engineer,Japan,APAC,Webinar,Product,CMP-032,Copilot API Beta — AMER 2025-12,Webinar,Webinar,51,B,true,true,36,MQL,2026-06-08,,,true,false,false,,,0,,,,
LEAD-10162,2026-07-06,Pallas Systems,CX / Support Leader,VP Customer Experience,Mexico,AMER,Conference,Inbound Marketing,CMP-035,Q3 Pipeline Push — EMEA 2026-05,Conference,Customer Referral,40,C,false,false,0,New,,,,false,false,false,,4,4,U-016,,,
LEAD-10163,2026-02-07,Orbital Travel,Engineering Leader,Director of Engineering,France,EMEA,Organic Search,Product,CMP-013,Verify Fraud Playbook — LATAM 2026-01,Organic Search,Organic Search,92,A,true,true,0,MQL,2026-02-22,,,true,false,false,,,1,,,,
LEAD-10164,2025-04-17,Ember Learning,Developer,Senior Backend Engineer,Indonesia,APAC,AI Assistant Referral,Product,CMP-021,Latency Benchmark — LATAM 2025-09,AI Assistant Referral,Developer Community,80,A,true,false,95,Disqualified,,,,false,false,false,No budget,,2,,,,
LEAD-10165,2026-04-14,Umbra Group,Engineering Leader,VP Engineering,Brazil,AMER,Docs & Quickstarts,Product,CMP-027,Cut Your Deflection Cost — APAC 2025-05,Docs & Quickstarts,AI Assistant Referral,85,A,true,false,44,Disqualified,,,,false,false,false,Duplicate,,0,,,,
LEAD-10166,2025-08-17,Rivet Labs,Developer,Platform Engineer,Mexico,AMER,Organic Search,Product,CMP-014,Compliance & HIPAA — APAC 2025-09,Organic Search,Paid Social,63,B,true,true,13,Converted,2025-08-28,2025-09-07,2025-09-17,true,true,true,,,2,,U-003,ACC-1000,OPP-20032
LEAD-10167,2025-07-14,Vantage Digital,Developer,Staff Engineer,Netherlands,EMEA,Docs & Quickstarts,Product,CMP-024,Verify Fraud Playbook — AMER 2025-05,Docs & Quickstarts,Docs & Quickstarts,67,B,true,false,32,Converted,2025-07-27,2025-08-19,2025-08-23,true,true,true,,,1,,U-013,ACC-1116,OPP-20033
LEAD-10168,2026-07-23,Meridian Logistics,CX / Support Leader,Contact Centre Manager,Brazil,AMER,Docs & Quickstarts,Product,CMP-025,Migrate off Legacy SMS — EMEA 2025-09,Docs & Quickstarts,Docs & Quickstarts,81,A,true,false,39,Disqualified,,,,false,false,false,Free tier is enough,,2,,,,
LEAD-10169,2025-09-10,Tundra Group,Product Manager,Head of Product,Japan,APAC,Partner / Marketplace,Partner / Referral,CMP-042,Migrate off Legacy SMS — AMER 2025-04,Partner / Marketplace,Partner / Marketplace,63,B,false,false,0,New,,,,false,false,false,,3,7,U-024,,,
LEAD-10170,2026-01-13,Lumen Pay,Engineering Leader,CTO,United States,AMER,Customer Referral,Partner / Referral,CMP-045,Compliance & HIPAA — AMER 2025-09,Customer Referral,Customer Referral,100,A,true,true,77,New,,,,false,false,false,,,1,,,,
LEAD-10171,2025-09-22,Tundra Health,Product Manager,Product Manager,Mexico,AMER,Outbound Sequence,Outbound,CMP-038,Migrate off Legacy SMS — AMER 2025-04,Outbound Sequence,Outbound Sequence,50,B,false,false,0,MQL,2025-09-23,,,true,false,false,,0,5,U-024,,,
LEAD-10172,2025-08-17,Cinder Market,CX / Support Leader,Director of Service Ops,United Kingdom,EMEA,AI Assistant Referral,Product,CMP-022,Q3 Pipeline Push — AMER 2025-10,AI Assistant Referral,AI Assistant Referral,88,A,true,false,49,SQL,2025-09-06,2025-09-29,,true,true,false,,,2,,U-009,,
LEAD-10173,2025-10-05,Harbor Logistics,Product Manager,Director of Product,Canada,AMER,Outbound Sequence,Outbound,CMP-040,AI Search Visibility — AMER 2026-05,Outbound Sequence,Outbound Sequence,56,B,false,false,0,New,,,,false,false,false,,5,2,U-020,,,
LEAD-10174,2025-09-11,Cinder Bank,Engineering Leader,VP Engineering,United States,AMER,AI Assistant Referral,Product,CMP-020,Q3 Pipeline Push — AMER 2025-12,AI Assistant Referral,AI Assistant Referral,69,B,true,true,68,Disqualified,,,,false,false,false,Free tier is enough,,1,,,,
LEAD-10175,2026-06-22,Lattice Freight,Developer,Platform Engineer,Japan,APAC,Partner / Marketplace,Partner / Referral,CMP-043,Latency Benchmark — APAC 2026-01,Partner / Marketplace,AI Assistant Referral,54,B,false,false,0,MQL,2026-06-25,,,true,false,false,,1,9,U-015,,,
LEAD-10176,2026-03-06,Foundry Mobility,Developer,Staff Engineer,Indonesia,APAC,Paid Social,Inbound Marketing,CMP-008,Developer Docs Refresh — EMEA 2026-02,Paid Social,Paid Social,26,D,false,false,0,Working,,,,false,false,false,,2,9,U-019,,,
LEAD-10177,2025-12-27,Tundra Health,Engineering Leader,VP Engineering,Chile,LATAM,Paid Social,Inbound Marketing,CMP-009,Copilot API Beta — AMER 2026-01,Paid Social,Paid Social,52,B,false,false,0,Converted,2026-01-07,2026-01-22,2026-02-18,true,true,true,,1,3,U-019,U-005,ACC-1051,OPP-20034
LEAD-10178,2025-08-16,Cinder Logistics,Developer,Software Engineer,United States,AMER,Developer Community,Inbound Marketing,CMP-029,Build a Support Agent — EMEA 2025-11,Developer Community,Outbound Sequence,37,C,false,false,0,Working,,,,false,false,false,,4,10,U-019,,,
LEAD-10179,2025-10-03,Foundry Cloud,Product Manager,Director of Product,Canada,AMER,Paid Search,Inbound Marketing,CMP-003,Voice Agents Launch — EMEA 2025-12,Paid Search,Paid Search,64,B,false,false,0,Working,,,,false,false,false,,2,9,U-015,,,
LEAD-10180,2026-04-13,Aster Digital,Procurement / Finance,Head of Vendor Management,UAE,EMEA,Docs & Quickstarts,Product,CMP-025,Migrate off Legacy SMS — EMEA 2025-09,Docs & Quickstarts,Docs & Quickstarts,98,A,true,false,3,Converted,2026-04-13,2026-04-29,2026-05-25,true,true,true,,,1,,U-003,ACC-1049,OPP-20035
LEAD-10181,2026-09-11,Umbra Works,CX / Support Leader,VP Customer Experience,Japan,APAC,Docs & Quickstarts,Product,CMP-025,Migrate off Legacy SMS — EMEA 2025-09,Docs & Quickstarts,Docs & Quickstarts,79,A,true,false,36,SQL,2026-09-13,2026-09-23,,true,true,false,,,0,,U-011,,
LEAD-10182,2026-04-23,Tundra Retail,Engineering Leader,Director of Engineering,Canada,AMER,Organic Search,Product,CMP-017,Latency Benchmark — AMER 2026-05,Organic Search,Organic Search,79,A,true,false,17,Converted,2026-04-29,2026-05-17,2026-06-01,true,true,true,,,0,,U-006,ACC-1127,OPP-20036
LEAD-10183,2026-07-11,Tundra Retail,CX / Support Leader,VP Customer Experience,Japan,APAC,Organic Search,Inbound Marketing,CMP-015,Studio for Product Teams — AMER 2025-11,Organic Search,Organic Search,67,B,false,false,0,Converted,2026-07-17,2026-08-01,2026-08-20,true,true,true,,2,8,U-027,U-003,ACC-1078,OPP-20037
LEAD-10184,2026-08-17,Lumen Retail,Developer,Software Engineer,Netherlands,EMEA,Docs & Quickstarts,Product,CMP-023,Q3 Pipeline Push — AMER 2025-06,Docs & Quickstarts,Conference,46,C,true,true,11,SQL,2026-08-25,2026-08-27,,true,true,false,,,1,,U-012,,
LEAD-10185,2025-11-14,Sable Travel,Developer,Platform Engineer,United States,AMER,Paid Search,Product,CMP-002,Studio for Product Teams — AMER 2025-08,Paid Search,Paid Search,79,A,true,false,88,Converted,2025-11-25,2025-12-17,2026-01-16,true,true,true,,,2,,U-002,ACC-1107,OPP-20038
LEAD-10186,2025-11-17,Tundra Retail,Product Manager,Senior PM,Brazil,AMER,Organic Search,Product,CMP-018,Voice Agents Launch — AMER 2025-11,Organic Search,Organic Search,61,B,true,true,7,SQL,2025-11-18,2025-12-14,,true,true,false,,,0,,U-003,,
LEAD-10187,2025-08-31,Juniper Gaming,Engineering Leader,Head of Platform,France,EMEA,AI Assistant Referral,Product,CMP-022,Q3 Pipeline Push — AMER 2025-10,AI Assistant Referral,Webinar,82,A,true,false,21,Converted,2025-09-16,2025-10-01,2025-11-01,true,true,true,,,0,,U-002,ACC-1035,OPP-20039
LEAD-10188,2025-10-10,Solstice Gaming,Procurement / Finance,Head of Vendor Management,Brazil,AMER,Organic Search,Product,CMP-016,Q3 Pipeline Push — AMER 2026-04,Organic Search,Organic Search,85,A,true,false,19,Nurture,2025-10-17,,,true,false,false,,,2,,,,
LEAD-10189,2025-08-04,Rivet Pay,Developer,Platform Engineer,India,APAC,Outbound Sequence,Outbound,CMP-038,Migrate off Legacy SMS — AMER 2025-04,Outbound Sequence,Outbound Sequence,29,D,false,false,0,Disqualified,,,,false,false,false,No budget,2,10,U-018,,,
LEAD-10190,2026-09-12,Ember Pay,CX / Support Leader,VP Customer Experience,Spain,EMEA,Paid Search,Inbound Marketing,CMP-005,Migrate off Legacy SMS — AMER 2025-12,Paid Search,Webinar,83,A,false,false,0,Working,,,,false,false,false,,3,8,U-016,,,
LEAD-10191,2026-08-30,Harbor Health,Engineering Leader,Head of Platform,Australia,APAC,Outbound Sequence,Outbound,CMP-037,Verify Fraud Playbook — EMEA 2025-04,Outbound Sequence,Outbound Sequence,45,C,false,false,0,MQL,2026-09-15,,,true,false,false,,3,1,U-016,,,
LEAD-10192,2025-12-31,Onyx Mobility,Product Manager,Senior PM,United States,AMER,Paid Search,Inbound Marketing,CMP-004,Cut Your Deflection Cost — AMER 2025-11,Paid Search,Paid Search,83,A,false,false,0,SQL,2026-01-03,2026-01-07,,true,true,false,,2,10,U-022,U-014,,
LEAD-10193,2025-10-07,Beacon Retail,Product Manager,Head of Product,Canada,AMER,Organic Search,Product,CMP-013,Verify Fraud Playbook — LATAM 2026-01,Organic Search,Developer Community,72,A,true,false,80,Converted,2025-10-13,2025-10-19,2025-11-05,true,true,true,,,1,,U-007,ACC-1113,OPP-20040
LEAD-10194,2026-07-23,Foundry Works,Procurement / Finance,Head of Vendor Management,Netherlands,EMEA,Partner / Marketplace,Partner / Referral,CMP-042,Migrate off Legacy SMS — AMER 2025-04,Partner / Marketplace,Partner / Marketplace,82,A,false,false,0,MQL,2026-08-06,,,true,false,false,,2,3,U-021,,,
LEAD-10195,2026-02-12,Aster Digital,Procurement / Finance,Head of Vendor Management,United States,AMER,Partner / Marketplace,Partner / Referral,CMP-042,Migrate off Legacy SMS — AMER 2025-04,Partner / Marketplace,Partner / Marketplace,66,B,false,false,0,MQL,2026-03-01,,,true,false,false,,5,10,U-015,,,
LEAD-10196,2025-04-19,North Works,Developer,Platform Engineer,Mexico,AMER,Paid Search,Inbound Marketing,CMP-006,AI Search Visibility — AMER 2026-02,Paid Search,Docs & Quickstarts,57,B,false,false,0,Converted,2025-04-19,2025-05-05,2025-05-21,true,true,true,,1,11,U-023,U-013,ACC-1083,OPP-20041
LEAD-10197,2025-12-22,Aster Health,Engineering Leader,Director of Engineering,UAE,EMEA,Docs & Quickstarts,Product,CMP-028,Migrate off Legacy SMS — AMER 2025-11,Docs & Quickstarts,Developer Community,74,A,true,false,59,Converted,2025-12-30,2026-01-11,2026-01-22,true,true,true,,,0,,U-004,ACC-1082,OPP-20042
LEAD-10198,2026-04-08,Orbital Labs,Procurement / Finance,Procurement Manager,Sweden,EMEA,Organic Search,Product,CMP-017,Latency Benchmark — AMER 2026-05,Organic Search,Outbound Sequence,86,A,true,true,64,SQL,2026-04-22,2026-05-10,,true,true,false,,,0,,U-010,,
LEAD-10199,2025-08-22,Meridian Care,Engineering Leader,Head of Platform,Singapore,APAC,Paid Search,Inbound Marketing,CMP-003,Voice Agents Launch — EMEA 2025-12,Paid Search,Paid Search,81,A,false,false,0,Converted,2025-08-25,2025-09-05,2025-09-25,true,true,true,,0,6,U-023,U-014,ACC-1136,OPP-20043
LEAD-10200,2026-05-07,North Market,Product Manager,Product Manager,Canada,AMER,Partner / Marketplace,Partner / Referral,CMP-043,Latency Benchmark — APAC 2026-01,Partner / Marketplace,Partner / Marketplace,81,A,true,false,14,Disqualified,,,,false,false,false,Competitor,,0,,,,
LEAD-10201,2025-08-20,Vertex Mobility,Developer,Staff Engineer,United States,AMER,Conference,Inbound Marketing,CMP-036,Compliance & HIPAA — AMER 2026-04,Conference,Conference,34,C,false,false,0,Working,,,,false,false,false,,1,9,U-027,,,
LEAD-10202,2026-05-10,Lattice Learning,Engineering Leader,VP Engineering,United States,AMER,Organic Search,Inbound Marketing,CMP-018,Voice Agents Launch — AMER 2025-11,Organic Search,Organic Search,75,A,false,false,0,Converted,2026-05-26,2026-06-17,2026-07-02,true,true,true,,2,5,U-020,U-011,ACC-1023,OPP-20044
LEAD-10203,2026-03-05,Lattice Group,Developer,Platform Engineer,Canada,AMER,Partner / Marketplace,Partner / Referral,CMP-043,Latency Benchmark — APAC 2026-01,Partner / Marketplace,Partner / Marketplace,27,D,false,false,0,Disqualified,,,,false,false,false,Duplicate,2,8,U-015,,,
LEAD-10204,2026-07-24,Rivet Digital,Developer,Senior Backend Engineer,Germany,EMEA,Paid Search,Product,CMP-005,Migrate off Legacy SMS — AMER 2025-12,Paid Search,Paid Search,62,B,true,true,73,MQL,2026-07-24,,,true,false,false,,,1,,,,
LEAD-10205,2025-12-11,Quanta Travel,CX / Support Leader,Head of Support,Indonesia,APAC,Docs & Quickstarts,Product,CMP-024,Verify Fraud Playbook — AMER 2025-05,Docs & Quickstarts,Docs & Quickstarts,100,A,true,true,45,MQL,2025-12-26,,,true,false,false,,,0,,,,
LEAD-10206,2026-08-09,Dovetail Systems,Developer,Senior Backend Engineer,India,APAC,Organic Search,Product,CMP-015,Studio for Product Teams — AMER 2025-11,Organic Search,Organic Search,72,A,true,true,79,Working,,,,false,false,false,,,0,,,,
LEAD-10207,2025-04-29,Rivet Works,Developer,Platform Engineer,Canada,AMER,Docs & Quickstarts,Product,CMP-023,Q3 Pipeline Push — AMER 2025-06,Docs & Quickstarts,Docs & Quickstarts,76,A,true,true,94,Converted,2025-05-18,2025-05-22,2025-05-28,true,true,true,,,1,,U-001,ACC-1100,OPP-20045
LEAD-10208,2026-04-01,Foundry Travel,CX / Support Leader,Director of Service Ops,United States,AMER,Partner / Marketplace,Partner / Referral,CMP-044,Studio for Product Teams — AMER 2025-06,Partner / Marketplace,Partner / Marketplace,86,A,false,false,0,MQL,2026-04-12,,,true,false,false,,1,1,U-026,,,
LEAD-10209,2026-03-24,Zephyr Health,Procurement / Finance,Procurement Manager,Singapore,APAC,Paid Social,Inbound Marketing,CMP-007,Developer Docs Refresh — EMEA 2025-05,Paid Social,Paid Search,36,C,false,false,0,Working,,,,false,false,false,,1,10,U-019,,,
LEAD-10210,2025-09-15,Lattice Labs,Developer,Staff Engineer,Australia,APAC,Paid Search,Inbound Marketing,CMP-005,Migrate off Legacy SMS — AMER 2025-12,Paid Search,Organic Search,64,B,false,false,0,Converted,2025-10-04,2025-10-23,2025-11-21,true,true,true,,2,7,U-022,U-011,ACC-1132,OPP-20046
LEAD-10211,2025-04-12,Beacon Group,Developer,Platform Engineer,Germany,EMEA,Organic Search,Inbound Marketing,CMP-017,Latency Benchmark — AMER 2026-05,Organic Search,Paid Search,46,C,false,false,0,Converted,2025-05-02,2025-05-23,2025-06-15,true,true,true,,2,7,U-022,U-002,ACC-1133,OPP-20047
LEAD-10212,2026-09-10,Vertex Freight,Developer,Software Engineer,United States,AMER,Organic Search,Product,CMP-015,Studio for Product Teams — AMER 2025-11,Organic Search,Outbound Sequence,57,B,true,false,20,MQL,2026-09-26,,,true,false,false,,,2,,,,
LEAD-10213,2025-09-13,Aster Cloud,Developer,Senior Backend Engineer,Singapore,APAC,Paid Search,Product,CMP-005,Migrate off Legacy SMS — AMER 2025-12,Paid Search,Organic Search,55,B,true,true,59,Converted,2025-09-30,2025-10-25,2025-11-09,true,true,true,,,0,,U-010,ACC-1078,OPP-20048
LEAD-10214,2026-06-05,Cobalt Logistics,CX / Support Leader,Director of Service Ops,Canada,AMER,Customer Referral,Partner / Referral,CMP-046,Migrate off Legacy SMS — AMER 2026-03,Customer Referral,Customer Referral,73,A,true,true,57,MQL,2026-06-21,,,true,false,false,,,2,,,,
LEAD-10215,2025-05-30,Rivet Insure,Engineering Leader,Head of Platform,United States,AMER,Paid Search,Inbound Marketing,CMP-003,Voice Agents Launch — EMEA 2025-12,Paid Search,Paid Search,72,A,false,false,0,MQL,2025-06-16,,,true,false,false,,3,3,U-027,,,
LEAD-10216,2026-06-18,Lumen Bank,Product Manager,Director of Product,United States,AMER,Outbound Sequence,Outbound,CMP-041,Studio for Product Teams — AMER 2025-04,Outbound Sequence,Outbound Sequence,39,C,false,false,0,MQL,2026-07-02,,,true,false,false,,2,7,U-027,,,
LEAD-10217,2025-05-19,Halcyon Learning,Developer,Platform Engineer,France,EMEA,Outbound Sequence,Outbound,CMP-040,AI Search Visibility — AMER 2026-05,Outbound Sequence,Partner / Marketplace,18,D,false,false,0,Working,,,,false,false,false,,5,10,U-025,,,
LEAD-10218,2026-04-02,Zephyr Mobility,Developer,Senior Backend Engineer,Indonesia,APAC,Docs & Quickstarts,Product,CMP-028,Migrate off Legacy SMS — AMER 2025-11,Docs & Quickstarts,Organic Search,47,C,true,false,83,Disqualified,,,,false,false,false,Free tier is enough,,0,,,,
LEAD-10219,2026-05-31,Cobalt Pay,Developer,Staff Engineer,Chile,LATAM,Partner / Marketplace,Partner / Referral,CMP-044,Studio for Product Teams — AMER 2025-06,Partner / Marketplace,Partner / Marketplace,56,B,true,true,43,MQL,2026-06-21,,,true,false,false,,,2,,,,
LEAD-10220,2025-05-19,Beacon Digital,Developer,Senior Backend Engineer,Mexico,AMER,Paid Search,Inbound Marketing,CMP-003,Voice Agents Launch — EMEA 2025-12,Paid Search,Paid Search,54,B,false,false,0,Converted,2025-05-19,2025-06-14,2025-07-17,true,true,true,,2,7,U-024,U-010,ACC-1085,OPP-20049
LEAD-10221,2026-01-21,Onyx Mobility,Engineering Leader,VP Engineering,Brazil,AMER,Organic Search,Product,CMP-015,Studio for Product Teams — AMER 2025-11,Organic Search,Customer Referral,100,A,true,false,36,MQL,2026-01-30,,,true,false,false,,,2,,,,
LEAD-10222,2025-10-12,Meridian Systems,Developer,Staff Engineer,Mexico,AMER,Docs & Quickstarts,Product,CMP-028,Migrate off Legacy SMS — AMER 2025-11,Docs & Quickstarts,Partner / Marketplace,71,A,true,true,6,Working,,,,false,false,false,,,1,,,,
LEAD-10223,2025-05-18,Beacon Pay,Engineering Leader,CTO,Chile,LATAM,Docs & Quickstarts,Product,CMP-026,Studio for Product Teams — AMER 2025-08,Docs & Quickstarts,Docs & Quickstarts,63,B,true,false,65,Disqualified,,,,false,false,false,No use case,,1,,,,
LEAD-10224,2025-09-28,Lattice Systems,Developer,Staff Engineer,Germany,EMEA,Paid Social,Inbound Marketing,CMP-010,Migrate off Legacy SMS — LATAM 2025-06,Paid Social,Paid Social,2,D,false,false,0,Working,,,,false,false,false,,1,4,U-027,,,
LEAD-10225,2026-01-11,Aster Group,Developer,Senior Backend Engineer,United States,AMER,Conference,Inbound Marketing,CMP-036,Compliance & HIPAA — AMER 2026-04,Conference,Organic Search,56,B,false,false,0,MQL,2026-01-14,,,true,false,false,,3,3,U-018,,,
LEAD-10226,2026-06-23,Sable Systems,Developer,Software Engineer,Singapore,APAC,Developer Community,Product,CMP-031,Developer Docs Refresh — EMEA 2026-07,Developer Community,Paid Search,41,C,true,true,95,Disqualified,,,,false,false,false,Competitor,,2,,,,
LEAD-10227,2025-06-19,Lattice Systems,Developer,Software Engineer,Canada,AMER,Webinar,Inbound Marketing,CMP-033,Developer Docs Refresh — EMEA 2026-07,Webinar,Webinar,33,C,false,false,0,Disqualified,,,,false,false,false,Duplicate,1,2,U-027,,,
LEAD-10228,2025-08-26,Vantage Bank,Engineering Leader,Head of Platform,UAE,EMEA,Developer Community,Product,CMP-030,Latency Benchmark — AMER 2025-08,Developer Community,Outbound Sequence,64,B,true,true,68,SQL,2025-08-30,2025-09-01,,true,true,false,,,2,,U-010,,
LEAD-10229,2026-08-30,Foundry Care,Product Manager,Product Manager,Canada,AMER,Organic Search,Product,CMP-012,AI Search Visibility — AMER 2026-07,Organic Search,Partner / Marketplace,70,A,true,true,59,Working,,,,false,false,false,,,0,,,,
LEAD-10230,2026-04-22,Beacon Digital,Procurement / Finance,Procurement Manager,Netherlands,EMEA,Partner / Marketplace,Partner / Referral,CMP-043,Latency Benchmark — APAC 2026-01,Partner / Marketplace,Partner / Marketplace,83,A,false,false,0,Working,,,,false,false,false,,3,6,U-021,,,
LEAD-10231,2026-01-09,Rivet Works,Engineering Leader,Head of Platform,Brazil,AMER,Paid Search,Inbound Marketing,CMP-004,Cut Your Deflection Cost — AMER 2025-11,Paid Search,Webinar,58,B,false,false,0,SQL,2026-01-25,2026-02-16,,true,true,false,,4,8,U-015,U-003,,
LEAD-10232,2026-05-20,Dovetail Market,CX / Support Leader,Contact Centre Manager,Germany,EMEA,Organic Search,Product,CMP-017,Latency Benchmark — AMER 2026-05,Organic Search,Conference,100,A,true,true,56,MQL,2026-06-03,,,true,false,false,,,2,,,,
LEAD-10233,2026-02-12,Umbra Insure,Engineering Leader,Director of Engineering,Germany,EMEA,Paid Social,Inbound Marketing,CMP-008,Developer Docs Refresh — EMEA 2026-02,Paid Social,Customer Referral,44,C,false,true,0,Converted,2026-02-24,2026-03-07,2026-04-10,true,true,true,,0,11,U-023,U-002,ACC-1089,OPP-20050
LEAD-10234,2025-12-23,Halcyon Travel,CX / Support Leader,Head of Support,Indonesia,APAC,Docs & Quickstarts,Product,CMP-026,Studio for Product Teams — AMER 2025-08,Docs & Quickstarts,Docs & Quickstarts,77,A,true,true,9,Disqualified,,,,false,false,false,Duplicate,,1,,,,
LEAD-10235,2025-09-25,Tundra Care,CX / Support Leader,VP Customer Experience,Australia,APAC,Organic Search,Inbound Marketing,CMP-017,Latency Benchmark — AMER 2026-05,Organic Search,Organic Search,83,A,false,false,0,Converted,2025-10-08,2025-10-22,2025-10-27,true,true,true,,3,4,U-020,U-002,ACC-1073,OPP-20051
LEAD-10236,2025-09-09,Rivet Cloud,CX / Support Leader,VP Customer Experience,Mexico,AMER,Developer Community,Product,CMP-031,Developer Docs Refresh — EMEA 2026-07,Developer Community,Developer Community,69,B,true,true,92,MQL,2025-09-17,,,true,false,false,,,2,,,,
LEAD-10237,2026-03-06,Sable Travel,Engineering Leader,VP Engineering,Canada,AMER,Docs & Quickstarts,Product,CMP-028,Migrate off Legacy SMS — AMER 2025-11,Docs & Quickstarts,Docs & Quickstarts,77,A,true,true,37,New,,,,false,false,false,,,2,,,,
LEAD-10238,2026-04-25,Cinder Cloud,Developer,Senior Backend Engineer,United Kingdom,EMEA,Customer Referral,Partner / Referral,CMP-045,Compliance & HIPAA — AMER 2025-09,Customer Referral,Customer Referral,73,A,false,false,0,SQL,2026-05-05,2026-05-16,,true,true,false,,4,5,U-023,U-011,,
LEAD-10239,2025-08-07,Lumen Travel,Developer,Platform Engineer,Spain,EMEA,Paid Search,Inbound Marketing,CMP-004,Cut Your Deflection Cost — AMER 2025-11,Paid Search,Outbound Sequence,62,B,false,false,0,Converted,2025-08-10,2025-08-30,2025-09-29,true,true,true,,4,8,U-024,U-014,ACC-1113,OPP-20052
LEAD-10240,2026-06-29,Meridian Market,Product Manager,Head of Product,India,APAC,Docs & Quickstarts,Product,CMP-024,Verify Fraud Playbook — AMER 2025-05,Docs & Quickstarts,Partner / Marketplace,76,A,true,true,94,MQL,2026-07-20,,,true,false,false,,,1,,,,
LEAD-10241,2025-08-12,Foundry Learning,Procurement / Finance,Head of Vendor Management,United States,AMER,Organic Search,Product,CMP-014,Compliance & HIPAA — APAC 2025-09,Organic Search,Developer Community,91,A,true,true,75,SQL,2025-08-13,2025-08-26,,true,true,false,,,1,,U-002,,
LEAD-10242,2025-04-05,Cinder Pay,Developer,Senior Backend Engineer,Brazil,AMER,Docs & Quickstarts,Product,CMP-027,Cut Your Deflection Cost — APAC 2025-05,Docs & Quickstarts,Docs & Quickstarts,54,B,true,true,89,Converted,2025-04-26,2025-05-10,2025-06-02,true,true,true,,,0,,U-006,ACC-1051,OPP-20053
LEAD-10243,2026-01-22,Foundry Works,CX / Support Leader,Director of Service Ops,United States,AMER,Webinar,Product,CMP-033,Developer Docs Refresh — EMEA 2026-07,Webinar,Webinar,52,B,true,true,88,SQL,2026-02-12,2026-02-26,,true,true,false,,,1,,U-008,,
LEAD-10244,2026-06-03,Pallas Health,Procurement / Finance,CFO,Spain,EMEA,Paid Social,Inbound Marketing,CMP-010,Migrate off Legacy SMS — LATAM 2025-06,Paid Social,Paid Social,57,B,false,false,0,Nurture,2026-06-21,,,true,false,false,,5,7,U-017,,,
LEAD-10245,2026-07-07,Meridian Cloud,Developer,Staff Engineer,United States,AMER,Organic Search,Product,CMP-015,Studio for Product Teams — AMER 2025-11,Organic Search,Organic Search,37,C,true,false,19,Working,,,,false,false,false,,,0,,,,
LEAD-10246,2026-07-01,Umbra Systems,Developer,Staff Engineer,Mexico,AMER,Paid Social,Inbound Marketing,CMP-010,Migrate off Legacy SMS — LATAM 2025-06,Paid Social,Developer Community,21,D,false,false,0,Disqualified,,,,false,false,false,No use case,4,3,U-027,,,
LEAD-10247,2026-06-01,Wexler Group,Developer,Senior Backend Engineer,Indonesia,APAC,Paid Search,Inbound Marketing,CMP-006,AI Search Visibility — AMER 2026-02,Paid Search,Paid Search,45,C,false,false,0,Disqualified,,,,false,false,false,Duplicate,3,1,U-027,,,
LEAD-10248,2026-04-12,Harbor Group,Developer,Platform Engineer,Japan,APAC,Docs & Quickstarts,Product,CMP-025,Migrate off Legacy SMS — EMEA 2025-09,Docs & Quickstarts,Docs & Quickstarts,40,C,true,false,90,Disqualified,,,,false,false,false,No use case,,0,,,,
LEAD-10249,2026-08-19,Zephyr Freight,Engineering Leader,CTO,France,EMEA,Organic Search,Inbound Marketing,CMP-017,Latency Benchmark — AMER 2026-05,Organic Search,Organic Search,81,A,false,false,0,SQL,2026-09-07,2026-09-19,,true,true,false,,1,2,U-019,U-002,,
LEAD-10250,2026-03-22,Onyx Market,Developer,Software Engineer,Japan,APAC,Docs & Quickstarts,Product,CMP-028,Migrate off Legacy SMS — AMER 2025-11,Docs & Quickstarts,Docs & Quickstarts,55,B,true,false,55,Converted,2026-03-26,2026-04-11,2026-05-10,true,true,true,,,2,,U-011,ACC-1103,OPP-20054
LEAD-10251,2025-10-09,Wexler Insure,Developer,Senior Backend Engineer,Germany,EMEA,Conference,Inbound Marketing,CMP-036,Compliance & HIPAA — AMER 2026-04,Conference,Conference,31,C,false,false,0,Disqualified,,,,false,false,false,No budget,1,3,U-016,,,
LEAD-10252,2025-07-02,Solstice Group,Engineering Leader,Head of Platform,Brazil,AMER,Docs & Quickstarts,Product,CMP-027,Cut Your Deflection Cost — APAC 2025-05,Docs & Quickstarts,Docs & Quickstarts,86,A,true,false,61,MQL,2025-07-22,,,true,false,false,,,2,,,,
LEAD-10253,2026-06-18,Cobalt Cloud,Developer,Staff Engineer,Mexico,AMER,Conference,Inbound Marketing,CMP-035,Q3 Pipeline Push — EMEA 2026-05,Conference,Conference,33,C,false,false,0,Working,,,,false,false,false,,2,8,U-022,,,
LEAD-10254,2026-05-04,Halcyon Mobility,Developer,Senior Backend Engineer,Spain,EMEA,AI Assistant Referral,Inbound Marketing,CMP-022,Q3 Pipeline Push — AMER 2025-10,AI Assistant Referral,AI Assistant Referral,58,B,false,true,0,SQL,2026-05-18,2026-05-21,,true,true,false,,2,1,U-021,U-004,,
LEAD-10255,2026-05-02,Wexler Technologies,Developer,Software Engineer,Brazil,AMER,Developer Community,Product,CMP-029,Build a Support Agent — EMEA 2025-11,Developer Community,Developer Community,47,C,true,true,10,MQL,2026-05-22,,,true,false,false,,,0,,,,
LEAD-10256,2025-09-07,Tundra Mobility,Developer,Senior Backend Engineer,Mexico,AMER,Outbound Sequence,Outbound,CMP-040,AI Search Visibility — AMER 2026-05,Outbound Sequence,Outbound Sequence,41,C,false,false,0,Nurture,2025-09-13,,,true,false,false,,0,5,U-025,,,
LEAD-10257,2026-01-16,Pallas Mobility,Developer,Staff Engineer,India,APAC,Webinar,Inbound Marketing,CMP-034,Copilot API Beta — EMEA 2026-03,Webinar,Webinar,50,B,false,false,0,SQL,2026-02-02,2026-02-06,,true,true,false,,1,4,U-023,U-004,,
LEAD-10258,2025-07-02,Cobalt Travel,Developer,Senior Backend Engineer,Sweden,EMEA,Organic Search,Inbound Marketing,CMP-011,Developer Docs Refresh — LATAM 2025-04,Organic Search,Paid Search,43,C,false,false,0,MQL,2025-07-10,,,true,false,false,,3,10,U-017,,,
LEAD-10259,2026-06-24,Rivet Market,Developer,Platform Engineer,United Kingdom,EMEA,Paid Search,Product,CMP-005,Migrate off Legacy SMS — AMER 2025-12,Paid Search,Paid Social,74,A,true,true,88,Converted,2026-07-13,2026-08-02,2026-08-16,true,true,true,,,1,,U-006,ACC-1082,OPP-20055
LEAD-10260,2025-12-12,Quanta Travel,Product Manager,Senior PM,Brazil,AMER,Customer Referral,Partner / Referral,CMP-045,Compliance & HIPAA — AMER 2025-09,Customer Referral,Docs & Quickstarts,69,B,false,false,0,MQL,2025-12-27,,,true,false,false,,3,10,U-021,,,
LEAD-10261,2026-03-19,Sable Systems,Engineering Leader,CTO,Singapore,APAC,Paid Search,Inbound Marketing,CMP-002,Studio for Product Teams — AMER 2025-08,Paid Search,Paid Search,77,A,false,false,0,Disqualified,,,,false,false,false,Went silent,0,5,U-021,,,
LEAD-10262,2026-03-14,North Mobility,Developer,Platform Engineer,Indonesia,APAC,Webinar,Product,CMP-034,Copilot API Beta — EMEA 2026-03,Webinar,Developer Community,28,D,true,false,15,New,,,,false,false,false,,,0,,,,
LEAD-10263,2026-07-17,Vertex Labs,Developer,Senior Backend Engineer,Argentina,LATAM,Paid Search,Inbound Marketing,CMP-004,Cut Your Deflection Cost — AMER 2025-11,Paid Search,Partner / Marketplace,51,B,false,false,0,Converted,2026-08-03,2026-08-26,2026-09-23,true,true,true,,4,7,U-022,U-004,ACC-1005,OPP-20056
LEAD-10264,2026-06-09,Halcyon Works,CX / Support Leader,Contact Centre Manager,Sweden,EMEA,Organic Search,Product,CMP-016,Q3 Pipeline Push — AMER 2026-04,Organic Search,Organic Search,100,A,true,false,31,Converted,2026-06-28,2026-07-08,2026-07-19,true,true,true,,,1,,U-012,ACC-1102,OPP-20057
LEAD-10265,2026-04-05,Juniper Systems,Developer,Staff Engineer,Mexico,AMER,Partner / Marketplace,Partner / Referral,CMP-042,Migrate off Legacy SMS — AMER 2025-04,Partner / Marketplace,Partner / Marketplace,90,A,true,false,45,Converted,2026-04-21,2026-05-05,2026-05-08,true,true,true,,,1,,U-002,ACC-1119,OPP-20058
LEAD-10266,2026-08-14,Tundra Freight,Developer,Staff Engineer,France,EMEA,Partner / Marketplace,Partner / Referral,CMP-044,Studio for Product Teams — AMER 2025-06,Partner / Marketplace,Partner / Marketplace,50,B,false,false,0,SQL,2026-08-16,2026-09-07,,true,true,false,,1,8,U-027,U-013,,
LEAD-10267,2026-05-25,Solstice Cloud,Engineering Leader,Director of Engineering,UAE,EMEA,Paid Search,Product,CMP-001,Copilot API Beta — AMER 2026-02,Paid Search,Paid Search,96,A,true,false,91,Working,,,,false,false,false,,,0,,,,
LEAD-10268,2026-03-12,Ember Mobility,CX / Support Leader,Contact Centre Manager,UAE,EMEA,Docs & Quickstarts,Product,CMP-028,Migrate off Legacy SMS — AMER 2025-11,Docs & Quickstarts,Docs & Quickstarts,89,A,true,true,63,Converted,2026-04-02,2026-04-24,2026-05-19,true,true,true,,,1,,U-006,ACC-1110,OPP-20059
LEAD-10269,2025-04-22,Foundry Retail,CX / Support Leader,Head of Support,Brazil,AMER,Paid Social,Product,CMP-009,Copilot API Beta — AMER 2026-01,Paid Social,Paid Social,68,B,true,true,50,New,,,,false,false,false,,,1,,,,
LEAD-10270,2025-09-30,Onyx Digital,CX / Support Leader,VP Customer Experience,India,APAC,Conference,Inbound Marketing,CMP-035,Q3 Pipeline Push — EMEA 2026-05,Conference,Conference,47,C,false,false,0,MQL,2025-10-05,,,true,false,false,,2,7,U-016,,,
LEAD-10271,2026-07-29,Zephyr Cloud,Product Manager,Product Manager,UAE,EMEA,Paid Search,Inbound Marketing,CMP-001,Copilot API Beta — AMER 2026-02,Paid Search,Customer Referral,50,B,false,true,0,MQL,2026-08-07,,,true,false,false,,3,3,U-019,,,
LEAD-10272,2026-02-26,Quanta Care,Procurement / Finance,Head of Vendor Management,Canada,AMER,Webinar,Product,CMP-033,Developer Docs Refresh — EMEA 2026-07,Webinar,Webinar,77,A,true,false,26,Converted,2026-03-12,2026-03-30,2026-04-13,true,true,true,,,2,,U-010,ACC-1129,OPP-20060
LEAD-10273,2025-07-20,Cinder Health,Developer,Staff Engineer,France,EMEA,Organic Search,Product,CMP-016,Q3 Pipeline Push — AMER 2026-04,Organic Search,Organic Search,52,B,true,false,55,MQL,2025-07-22,,,true,false,false,,,2,,,,
LEAD-10274,2026-02-27,Rivet Freight,Developer,Software Engineer,France,EMEA,Organic Search,Product,CMP-015,Studio for Product Teams — AMER 2025-11,Organic Search,Organic Search,48,C,true,true,99,MQL,2026-02-28,,,true,false,false,,,1,,,,
LEAD-10275,2025-09-18,Kestrel Market,Developer,Software Engineer,UAE,EMEA,Paid Social,Product,CMP-007,Developer Docs Refresh — EMEA 2025-05,Paid Social,Paid Social,56,B,true,true,0,Disqualified,,,,false,false,false,Student / hobby project,,2,,,,
LEAD-10276,2026-05-24,Ember Pay,Product Manager,Director of Product,Canada,AMER,Webinar,Product,CMP-032,Copilot API Beta — AMER 2025-12,Webinar,Paid Search,65,B,true,true,2,Converted,2026-05-25,2026-06-15,2026-06-22,true,true,true,,,2,,U-010,ACC-1024,OPP-20061
LEAD-10277,2025-05-20,Kestrel Bank,Product Manager,Product Manager,Germany,EMEA,Paid Social,Product,CMP-009,Copilot API Beta — AMER 2026-01,Paid Social,Organic Search,76,A,true,true,18,Disqualified,,,,false,false,false,No use case,,0,,,,
LEAD-10278,2026-09-04,Aster Cloud,Developer,Software Engineer,United States,AMER,Organic Search,Product,CMP-015,Studio for Product Teams — AMER 2025-11,Organic Search,Organic Search,59,B,true,true,28,New,,,,false,false,false,,,0,,,,
LEAD-10279,2026-08-04,Umbra Group,Developer,Staff Engineer,Spain,EMEA,Developer Community,Product,CMP-029,Build a Support Agent — EMEA 2025-11,Developer Community,Developer Community,56,B,true,true,49,Converted,2026-08-22,2026-08-29,2026-09-13,true,true,true,,,1,,U-006,ACC-1018,OPP-20062
LEAD-10280,2026-08-16,Beacon Bank,Developer,Platform Engineer,Canada,AMER,Developer Community,Product,CMP-030,Latency Benchmark — AMER 2025-08,Developer Community,Developer Community,53,B,true,false,23,Nurture,2026-08-29,,,true,false,false,,,2,,,,
LEAD-10281,2026-07-23,Quanta Logistics,Product Manager,Head of Product,Sweden,EMEA,Paid Search,Inbound Marketing,CMP-003,Voice Agents Launch — EMEA 2025-12,Paid Search,Paid Search,67,B,false,false,0,MQL,2026-08-04,,,true,false,false,,1,7,U-021,,,
LEAD-10282,2026-06-14,Beacon Gaming,Developer,Platform Engineer,Canada,AMER,Organic Search,Inbound Marketing,CMP-013,Verify Fraud Playbook — LATAM 2026-01,Organic Search,Docs & Quickstarts,41,C,false,false,0,New,,,,false,false,false,,3,9,U-019,,,
LEAD-10283,2025-11-13,Dovetail Health,Developer,Platform Engineer,Netherlands,EMEA,Partner / Marketplace,Partner / Referral,CMP-042,Migrate off Legacy SMS — AMER 2025-04,Partner / Marketplace,Partner / Marketplace,72,A,false,false,0,Nurture,2025-11-28,,,true,false,false,,1,8,U-025,,,
LEAD-10284,2025-08-06,Kestrel Logistics,Engineering Leader,CTO,Canada,AMER,AI Assistant Referral,Product,CMP-022,Q3 Pipeline Push — AMER 2025-10,AI Assistant Referral,AI Assistant Referral,48,C,true,true,58,SQL,2025-08-07,2025-08-18,,true,true,false,,,0,,U-007,,
LEAD-10285,2026-01-01,North Learning,Engineering Leader,Director of Engineering,Canada,AMER,Partner / Marketplace,Partner / Referral,CMP-043,Latency Benchmark — APAC 2026-01,Partner / Marketplace,Partner / Marketplace,64,B,false,false,0,Disqualified,,,,false,false,false,Competitor,2,6,U-026,,,
LEAD-10286,2026-05-04,Cinder Freight,CX / Support Leader,VP Customer Experience,Mexico,AMER,Partner / Marketplace,Partner / Referral,CMP-043,Latency Benchmark — APAC 2026-01,Partner / Marketplace,Partner / Marketplace,47,C,false,false,0,Working,,,,false,false,false,,3,3,U-018,,,
LEAD-10287,2025-11-16,Rivet Logistics,Developer,Staff Engineer,Singapore,APAC,AI Assistant Referral,Inbound Marketing,CMP-019,Studio for Product Teams — APAC 2026-02,AI Assistant Referral,Customer Referral,16,D,false,false,0,Disqualified,,,,false,false,false,No use case,1,10,U-019,,,
LEAD-10288,2026-08-11,Quanta Group,CX / Support Leader,Contact Centre Manager,Brazil,AMER,Partner / Marketplace,Partner / Referral,CMP-042,Migrate off Legacy SMS — AMER 2025-04,Partner / Marketplace,Partner / Marketplace,61,B,false,false,0,MQL,2026-08-14,,,true,false,false,,2,8,U-025,,,
LEAD-10289,2026-04-19,Beacon Care,Developer,Software Engineer,France,EMEA,Webinar,Inbound Marketing,CMP-034,Copilot API Beta — EMEA 2026-03,Webinar,Webinar,26,D,false,true,0,Disqualified,,,,false,false,false,Student / hobby project,3,8,U-018,,,
LEAD-10290,2026-05-22,Dovetail Logistics,Engineering Leader,VP Engineering,Singapore,APAC,Outbound Sequence,Outbound,CMP-040,AI Search Visibility — AMER 2026-05,Outbound Sequence,Outbound Sequence,40,C,false,false,0,MQL,2026-06-02,,,true,false,false,,2,10,U-026,,,
LEAD-10291,2025-06-20,Solstice Insure,Developer,Platform Engineer,Indonesia,APAC,Outbound Sequence,Outbound,CMP-040,AI Search Visibility — AMER 2026-05,Outbound Sequence,Conference,33,C,false,false,0,New,,,,false,false,false,,3,6,U-020,,,
LEAD-10292,2026-07-06,Tundra Logistics,Engineering Leader,VP Engineering,Australia,APAC,Webinar,Product,CMP-033,Developer Docs Refresh — EMEA 2026-07,Webinar,Webinar,92,A,true,false,69,Nurture,2026-07-09,,,true,false,false,,,1,,,,
LEAD-10293,2026-03-30,Aster Travel,Developer,Staff Engineer,Brazil,AMER,Organic Search,Product,CMP-014,Compliance & HIPAA — APAC 2025-09,Organic Search,Organic Search,66,B,true,true,21,SQL,2026-04-13,2026-04-29,,true,true,false,,,2,,U-009,,
LEAD-10294,2025-11-09,Meridian Market,Engineering Leader,CTO,Singapore,APAC,Organic Search,Inbound Marketing,CMP-013,Verify Fraud Playbook — LATAM 2026-01,Organic Search,Organic Search,100,A,false,false,0,MQL,2025-11-19,,,true,false,false,,0,5,U-015,,,
LEAD-10295,2026-09-10,Vertex Market,Product Manager,Director of Product,France,EMEA,Paid Search,Inbound Marketing,CMP-001,Copilot API Beta — AMER 2026-02,Paid Search,Docs & Quickstarts,61,B,false,false,0,SQL,2026-09-28,2026-10-01,,true,true,false,,5,4,U-026,U-012,,
LEAD-10296,2026-09-10,Cinder Bank,Developer,Staff Engineer,Mexico,AMER,Outbound Sequence,Outbound,CMP-040,AI Search Visibility — AMER 2026-05,Outbound Sequence,Outbound Sequence,51,B,false,false,0,Converted,2026-09-10,2026-10-03,2026-10-07,true,true,true,,1,6,U-018,U-010,ACC-1065,OPP-20063
LEAD-10297,2026-01-04,North Health,Developer,Software Engineer,Canada,AMER,Webinar,Inbound Marketing,CMP-033,Developer Docs Refresh — EMEA 2026-07,Webinar,Customer Referral,42,C,false,false,0,Disqualified,,,,false,false,false,Wrong geo,1,10,U-024,,,
LEAD-10298,2025-08-01,Wexler Mobility,Developer,Senior Backend Engineer,Singapore,APAC,Customer Referral,Partner / Referral,CMP-046,Migrate off Legacy SMS — AMER 2026-03,Customer Referral,Customer Referral,32,C,true,false,73,New,,,,false,false,false,,,2,,,,
LEAD-10299,2026-08-20,Cobalt Bank,Developer,Staff Engineer,UAE,EMEA,Docs & Quickstarts,Product,CMP-027,Cut Your Deflection Cost — APAC 2025-05,Docs & Quickstarts,Docs & Quickstarts,60,B,true,true,89,Converted,2026-08-29,2026-09-05,2026-09-27,true,true,true,,,0,,U-007,ACC-1122,OPP-20064
LEAD-10300,2025-04-11,Cobalt Works,Engineering Leader,Director of Engineering,UAE,EMEA,Paid Social,Inbound Marketing,CMP-009,Copilot API Beta — AMER 2026-01,Paid Social,Paid Search,37,C,false,false,0,Working,,,,false,false,false,,3,1,U-024,,,
LEAD-10301,2025-12-12,Zephyr Care,Product Manager,Head of Product,Brazil,AMER,Paid Search,Product,CMP-005,Migrate off Legacy SMS — AMER 2025-12,Paid Search,Conference,83,A,true,false,49,Converted,2025-12-30,2026-01-20,2026-02-05,true,true,true,,,1,,U-011,ACC-1017,OPP-20065
LEAD-10302,2025-05-13,Orbital Health,CX / Support Leader,Contact Centre Manager,Netherlands,EMEA,Outbound Sequence,Outbound,CMP-041,Studio for Product Teams — AMER 2025-04,Outbound Sequence,Paid Social,58,B,false,true,0,SQL,2025-05-30,2025-06-22,,true,true,false,,1,5,U-027,U-011,,
LEAD-10303,2025-09-19,Vantage Group,Product Manager,Head of Product,United States,AMER,Paid Search,Inbound Marketing,CMP-002,Studio for Product Teams — AMER 2025-08,Paid Search,Paid Search,58,B,false,false,0,MQL,2025-10-09,,,true,false,false,,0,11,U-025,,,
LEAD-10304,2026-02-08,Ember Gaming,Engineering Leader,Director of Engineering,Mexico,AMER,AI Assistant Referral,Inbound Marketing,CMP-021,Latency Benchmark — LATAM 2025-09,AI Assistant Referral,Docs & Quickstarts,41,C,false,false,0,Working,,,,false,false,false,,3,6,U-021,,,
LEAD-10305,2026-07-15,North Group,Engineering Leader,CTO,India,APAC,Docs & Quickstarts,Product,CMP-026,Studio for Product Teams — AMER 2025-08,Docs & Quickstarts,Docs & Quickstarts,76,A,true,false,76,SQL,2026-07-30,2026-08-20,,true,true,false,,,0,,U-013,,
LEAD-10306,2026-01-10,Quanta Digital,CX / Support Leader,Head of Support,Japan,APAC,Paid Search,Inbound Marketing,CMP-003,Voice Agents Launch — EMEA 2025-12,Paid Search,Paid Search,75,A,false,false,0,Nurture,2026-01-29,,,true,false,false,,1,11,U-022,,,
LEAD-10307,2025-04-15,Onyx Retail,Procurement / Finance,Head of Vendor Management,France,EMEA,Docs & Quickstarts,Product,CMP-028,Migrate off Legacy SMS — AMER 2025-11,Docs & Quickstarts,Organic Search,72,A,true,true,93,Converted,2025-05-04,2025-05-15,2025-06-11,true,true,true,,,2,,U-005,ACC-1068,OPP-20066
LEAD-10308,2025-04-26,Lumen Learning,Engineering Leader,VP Engineering,Canada,AMER,Organic Search,Product,CMP-017,Latency Benchmark — AMER 2026-05,Organic Search,Organic Search,65,B,true,true,52,Disqualified,,,,false,false,false,Competitor,,1,,,,
LEAD-10309,2025-10-27,Ember Freight,Developer,Staff Engineer,Canada,AMER,Outbound Sequence,Outbound,CMP-039,Studio for Product Teams — EMEA 2026-02,Outbound Sequence,Outbound Sequence,49,C,false,false,0,SQL,2025-11-04,2025-11-30,,true,true,false,,1,10,U-025,U-002,,
LEAD-10310,2026-06-27,Ember Logistics,Engineering Leader,Director of Engineering,Canada,AMER,AI Assistant Referral,Product,CMP-021,Latency Benchmark — LATAM 2025-09,AI Assistant Referral,AI Assistant Referral,91,A,true,true,85,SQL,2026-07-11,2026-07-22,,true,true,false,,,2,,U-014,,
LEAD-10311,2026-02-22,Wexler Retail,Developer,Platform Engineer,United Kingdom,EMEA,Partner / Marketplace,Partner / Referral,CMP-042,Migrate off Legacy SMS — AMER 2025-04,Partner / Marketplace,Partner / Marketplace,61,B,false,false,0,New,,,,false,false,false,,0,5,U-026,,,
LEAD-10312,2025-04-11,Meridian Digital,Product Manager,Product Manager,Brazil,AMER,Paid Search,Product,CMP-004,Cut Your Deflection Cost — AMER 2025-11,Paid Search,Paid Search,81,A,true,true,79,SQL,2025-04-27,2025-05-18,,true,true,false,,,0,,U-013,,
LEAD-10313,2025-11-03,Pallas Pay,Developer,Software Engineer,Sweden,EMEA,AI Assistant Referral,Inbound Marketing,CMP-019,Studio for Product Teams — APAC 2026-02,AI Assistant Referral,Paid Social,50,B,false,false,0,Converted,2025-11-11,2025-11-25,2025-12-11,true,true,true,,3,2,U-024,U-004,ACC-1116,OPP-20067
LEAD-10314,2025-05-20,Beacon Care,Developer,Software Engineer,Indonesia,APAC,Webinar,Inbound Marketing,CMP-034,Copilot API Beta — EMEA 2026-03,Webinar,Webinar,22,D,false,false,0,Nurture,2025-06-07,,,true,false,false,,0,9,U-024,,,
LEAD-10315,2026-06-25,Ember Digital,Engineering Leader,CTO,Germany,EMEA,Organic Search,Product,CMP-015,Studio for Product Teams — AMER 2025-11,Organic Search,Paid Search,82,A,true,true,28,SQL,2026-07-14,2026-07-23,,true,true,false,,,0,,U-009,,
LEAD-10316,2026-01-14,Pallas Gaming,Engineering Leader,CTO,Indonesia,APAC,Paid Search,Inbound Marketing,CMP-004,Cut Your Deflection Cost — AMER 2025-11,Paid Search,Organic Search,66,B,false,false,0,SQL,2026-01-26,2026-02-11,,true,true,false,,4,8,U-019,U-014,,
LEAD-10317,2025-07-25,Foundry Digital,Engineering Leader,Head of Platform,Brazil,AMER,Paid Search,Inbound Marketing,CMP-003,Voice Agents Launch — EMEA 2025-12,Paid Search,Paid Search,86,A,false,false,0,MQL,2025-07-31,,,true,false,false,,5,10,U-026,,,
LEAD-10318,2026-03-29,Beacon Learning,Procurement / Finance,CFO,United Kingdom,EMEA,Paid Search,Inbound Marketing,CMP-003,Voice Agents Launch — EMEA 2025-12,Paid Search,Paid Search,69,B,false,false,0,Nurture,2026-04-05,,,true,false,false,,3,7,U-022,,,
LEAD-10319,2026-05-22,Pallas Care,Product Manager,Product Manager,Mexico,AMER,Conference,Inbound Marketing,CMP-035,Q3 Pipeline Push — EMEA 2026-05,Conference,Conference,21,D,false,false,0,New,,,,false,false,false,,4,11,U-016,,,
LEAD-10320,2025-08-15,Rivet Systems,CX / Support Leader,Head of Support,United Kingdom,EMEA,Paid Search,Inbound Marketing,CMP-003,Voice Agents Launch — EMEA 2025-12,Paid Search,Paid Search,72,A,false,false,0,Disqualified,,,,false,false,false,No budget,3,1,U-018,,,
LEAD-10321,2026-03-11,Solstice Pay,Engineering Leader,Head of Platform,India,APAC,AI Assistant Referral,Product,CMP-019,Studio for Product Teams — APAC 2026-02,AI Assistant Referral,Partner / Marketplace,71,A,true,false,3,Working,,,,false,false,false,,,0,,,,
LEAD-10322,2025-12-06,Vertex Freight,Product Manager,Product Manager,Indonesia,APAC,Paid Social,Inbound Marketing,CMP-009,Copilot API Beta — AMER 2026-01,Paid Social,Paid Social,23,D,false,false,0,Working,,,,false,false,false,,1,4,U-024,,,
LEAD-10323,2026-04-29,Dovetail Pay,Developer,Staff Engineer,Sweden,EMEA,Docs & Quickstarts,Product,CMP-028,Migrate off Legacy SMS — AMER 2025-11,Docs & Quickstarts,Docs & Quickstarts,53,B,true,true,89,MQL,2026-05-07,,,true,false,false,,,0,,,,
LEAD-10324,2026-06-24,Halcyon Mobility,Procurement / Finance,CFO,UAE,EMEA,Paid Social,Product,CMP-007,Developer Docs Refresh — EMEA 2025-05,Paid Social,Paid Social,62,B,true,false,68,SQL,2026-07-04,2026-07-12,,true,true,false,,,2,,U-001,,
LEAD-10325,2025-09-04,Meridian Care,CX / Support Leader,Head of Support,United Kingdom,EMEA,AI Assistant Referral,Product,CMP-019,Studio for Product Teams — APAC 2026-02,AI Assistant Referral,Paid Social,79,A,true,true,92,MQL,2025-09-21,,,true,false,false,,,1,,,,
LEAD-10326,2025-07-06,Wexler Learning,Developer,Staff Engineer,Canada,AMER,Partner / Marketplace,Partner / Referral,CMP-043,Latency Benchmark — APAC 2026-01,Partner / Marketplace,Partner / Marketplace,52,B,false,false,0,New,,,,false,false,false,,3,9,U-015,,,
LEAD-10327,2025-05-17,Meridian Digital,Developer,Software Engineer,Japan,APAC,Docs & Quickstarts,Product,CMP-027,Cut Your Deflection Cost — APAC 2025-05,Docs & Quickstarts,Docs & Quickstarts,63,B,true,true,5,MQL,2025-05-20,,,true,false,false,,,2,,,,
LEAD-10328,2025-09-09,Wexler Pay,Engineering Leader,Director of Engineering,United States,AMER,Paid Search,Inbound Marketing,CMP-002,Studio for Product Teams — AMER 2025-08,Paid Search,Paid Social,57,B,false,false,0,Disqualified,,,,false,false,false,Duplicate,3,8,U-025,,,
LEAD-10329,2025-05-15,Onyx Digital,Product Manager,Product Manager,Germany,EMEA,Conference,Inbound Marketing,CMP-036,Compliance & HIPAA — AMER 2026-04,Conference,Conference,32,C,false,false,0,Disqualified,,,,false,false,false,Student / hobby project,3,6,U-026,,,
LEAD-10330,2025-05-14,Onyx Systems,Developer,Senior Backend Engineer,India,APAC,Paid Search,Inbound Marketing,CMP-006,AI Search Visibility — AMER 2026-02,Paid Search,Paid Search,34,C,false,false,0,Disqualified,,,,false,false,false,No use case,1,8,U-019,,,
LEAD-10331,2025-09-07,Lattice Systems,Developer,Software Engineer,Brazil,AMER,Outbound Sequence,Outbound,CMP-039,Studio for Product Teams — EMEA 2026-02,Outbound Sequence,Outbound Sequence,25,D,false,false,0,Disqualified,,,,false,false,false,Wrong geo,0,7,U-023,,,
LEAD-10332,2025-05-14,Vantage Travel,Engineering Leader,CTO,United States,AMER,Paid Social,Inbound Marketing,CMP-010,Migrate off Legacy SMS — LATAM 2025-06,Paid Social,Paid Social,41,C,false,false,0,SQL,2025-05-19,2025-06-14,,true,true,false,,0,2,U-023,U-013,,
LEAD-10333,2025-07-07,Zephyr Logistics,Engineering Leader,CTO,Indonesia,APAC,Outbound Sequence,Outbound,CMP-039,Studio for Product Teams — EMEA 2026-02,Outbound Sequence,Paid Social,46,C,false,false,0,Nurture,2025-07-19,,,true,false,false,,2,9,U-021,,,
LEAD-10334,2026-06-18,Ember Learning,Procurement / Finance,CFO,United States,AMER,Paid Search,Inbound Marketing,CMP-004,Cut Your Deflection Cost — AMER 2025-11,Paid Search,Paid Search,97,A,false,false,0,Working,,,,false,false,false,,2,4,U-017,,,
LEAD-10335,2025-07-15,Kestrel Cloud,Engineering Leader,Director of Engineering,Brazil,AMER,Conference,Inbound Marketing,CMP-035,Q3 Pipeline Push — EMEA 2026-05,Conference,Conference,59,B,false,false,0,MQL,2025-07-20,,,true,false,false,,2,3,U-027,,,
LEAD-10336,2026-08-19,North Freight,Procurement / Finance,Procurement Manager,Brazil,AMER,AI Assistant Referral,Product,CMP-020,Q3 Pipeline Push — AMER 2025-12,AI Assistant Referral,AI Assistant Referral,76,A,true,true,43,Converted,2026-08-25,2026-08-27,2026-09-07,true,true,true,,,1,,U-013,ACC-1006,OPP-20068
LEAD-10337,2025-09-11,Foundry Learning,Procurement / Finance,Head of Vendor Management,United States,AMER,Paid Search,Inbound Marketing,CMP-002,Studio for Product Teams — AMER 2025-08,Paid Search,Paid Search,78,A,false,false,0,SQL,2025-09-25,2025-10-01,,true,true,false,,3,2,U-027,U-008,,
LEAD-10338,2026-06-26,Solstice Systems,Engineering Leader,Head of Platform,Spain,EMEA,Paid Search,Inbound Marketing,CMP-006,AI Search Visibility — AMER 2026-02,Paid Search,Paid Search,84,A,false,false,0,Working,,,,false,false,false,,0,2,U-018,,,
LEAD-10339,2025-08-18,Tundra Travel,Developer,Senior Backend Engineer,Canada,AMER,Organic Search,Inbound Marketing,CMP-014,Compliance & HIPAA — APAC 2025-09,Organic Search,Organic Search,52,B,false,false,0,Working,,,,false,false,false,,1,3,U-023,,,
LEAD-10340,2025-12-27,Tundra Health,Developer,Staff Engineer,Canada,AMER,Developer Community,Inbound Marketing,CMP-030,Latency Benchmark — AMER 2025-08,Developer Community,Developer Community,46,C,false,false,0,Nurture,2026-01-07,,,true,false,false,,4,3,U-022,,,
LEAD-10341,2025-12-25,Wexler Technologies,Developer,Platform Engineer,Brazil,AMER,Docs & Quickstarts,Product,CMP-026,Studio for Product Teams — AMER 2025-08,Docs & Quickstarts,Organic Search,53,B,true,false,6,SQL,2026-01-09,2026-01-18,,true,true,false,,,0,,U-012,,
LEAD-10342,2026-03-23,Kestrel Bank,Engineering Leader,VP Engineering,Netherlands,EMEA,Organic Search,Product,CMP-013,Verify Fraud Playbook — LATAM 2026-01,Organic Search,Organic Search,87,A,true,true,83,Nurture,2026-04-13,,,true,false,false,,,1,,,,
LEAD-10343,2026-07-08,Quanta Cloud,Developer,Senior Backend Engineer,Canada,AMER,Organic Search,Product,CMP-015,Studio for Product Teams — AMER 2025-11,Organic Search,Customer Referral,57,B,true,false,94,MQL,2026-07-08,,,true,false,false,,,2,,,,
LEAD-10344,2025-12-10,Vertex Group,Developer,Platform Engineer,Brazil,AMER,Webinar,Inbound Marketing,CMP-032,Copilot API Beta — AMER 2025-12,Webinar,Webinar,46,C,false,false,0,SQL,2025-12-13,2026-01-04,,true,true,false,,0,2,U-017,U-007,,
LEAD-10345,2025-04-21,Lattice Travel,CX / Support Leader,Contact Centre Manager,Germany,EMEA,Paid Social,Product,CMP-009,Copilot API Beta — AMER 2026-01,Paid Social,Paid Social,67,B,true,false,91,MQL,2025-05-04,,,true,false,false,,,2,,,,
LEAD-10346,2025-11-01,Meridian Works,Developer,Platform Engineer,UAE,EMEA,Organic Search,Product,CMP-011,Developer Docs Refresh — LATAM 2025-04,Organic Search,Outbound Sequence,61,B,true,true,26,SQL,2025-11-03,2025-11-09,,true,true,false,,,0,,U-005,,
LEAD-10347,2025-05-07,Cobalt Health,Engineering Leader,CTO,Mexico,AMER,Outbound Sequence,Outbound,CMP-037,Verify Fraud Playbook — EMEA 2025-04,Outbound Sequence,Organic Search,75,A,false,false,0,Nurture,2025-05-18,,,true,false,false,,2,4,U-025,,,
LEAD-10348,2025-09-01,Kestrel Retail,Developer,Senior Backend Engineer,Spain,EMEA,Customer Referral,Partner / Referral,CMP-046,Migrate off Legacy SMS — AMER 2026-03,Customer Referral,Customer Referral,70,A,true,false,94,Disqualified,,,,false,false,false,No budget,,1,,,,
LEAD-10349,2025-05-11,Halcyon Insure,Developer,Staff Engineer,Brazil,AMER,Docs & Quickstarts,Product,CMP-027,Cut Your Deflection Cost — APAC 2025-05,Docs & Quickstarts,Webinar,54,B,true,false,53,MQL,2025-05-29,,,true,false,false,,,1,,,,
LEAD-10350,2025-06-23,Rivet Freight,Developer,Software Engineer,Indonesia,APAC,Paid Search,Inbound Marketing,CMP-001,Copilot API Beta — AMER 2026-02,Paid Search,AI Assistant Referral,41,C,false,false,0,New,,,,false,false,false,,3,8,U-021,,,
LEAD-10351,2026-08-17,Kestrel Group,Developer,Platform Engineer,France,EMEA,Outbound Sequence,Outbound,CMP-037,Verify Fraud Playbook — EMEA 2025-04,Outbound Sequence,Outbound Sequence,37,C,false,false,0,New,,,,false,false,false,,1,11,U-015,,,
LEAD-10352,2026-05-19,Meridian Bank,Engineering Leader,VP Engineering,Mexico,AMER,Paid Search,Product,CMP-004,Cut Your Deflection Cost — AMER 2025-11,Paid Search,Paid Social,80,A,true,true,92,MQL,2026-06-03,,,true,false,false,,,0,,,,
LEAD-10353,2025-08-08,Dovetail Systems,CX / Support Leader,Head of Support,UAE,EMEA,Paid Search,Inbound Marketing,CMP-006,AI Search Visibility — AMER 2026-02,Paid Search,Paid Search,53,B,false,false,0,SQL,2025-08-09,2025-08-30,,true,true,false,,2,5,U-025,U-002,,
LEAD-10354,2025-05-03,Umbra Cloud,Engineering Leader,VP Engineering,Brazil,AMER,Developer Community,Product,CMP-031,Developer Docs Refresh — EMEA 2026-07,Developer Community,Paid Social,81,A,true,true,24,SQL,2025-05-17,2025-06-02,,true,true,false,,,0,,U-005,,
LEAD-10355,2025-10-07,Lumen Cloud,Product Manager,Director of Product,Brazil,AMER,Organic Search,Product,CMP-018,Voice Agents Launch — AMER 2025-11,Organic Search,Outbound Sequence,83,A,true,true,33,MQL,2025-10-27,,,true,false,false,,,0,,,,
LEAD-10356,2025-04-19,Solstice Learning,Engineering Leader,Head of Platform,United States,AMER,Paid Search,Product,CMP-002,Studio for Product Teams — AMER 2025-08,Paid Search,Paid Search,86,A,true,true,79,Nurture,2025-04-22,,,true,false,false,,,1,,,,
LEAD-10357,2026-01-31,Quanta Retail,Product Manager,Director of Product,United Kingdom,EMEA,Paid Search,Product,CMP-002,Studio for Product Teams — AMER 2025-08,Paid Search,Paid Search,77,A,true,false,21,SQL,2026-02-01,2026-02-24,,true,true,false,,,0,,U-002,,
LEAD-10358,2025-12-30,Umbra Gaming,Product Manager,Director of Product,Canada,AMER,AI Assistant Referral,Inbound Marketing,CMP-022,Q3 Pipeline Push — AMER 2025-10,AI Assistant Referral,Organic Search,90,A,false,false,0,SQL,2026-01-07,2026-01-18,,true,true,false,,4,1,U-018,U-009,,
LEAD-10359,2025-05-27,Vantage Systems,Engineering Leader,VP Engineering,Brazil,AMER,Webinar,Inbound Marketing,CMP-032,Copilot API Beta — AMER 2025-12,Webinar,Docs & Quickstarts,60,B,false,false,0,SQL,2025-06-12,2025-06-26,,true,true,false,,3,1,U-022,U-007,,
LEAD-10360,2026-08-09,Solstice Bank,Developer,Staff Engineer,Brazil,AMER,Paid Search,Product,CMP-006,AI Search Visibility — AMER 2026-02,Paid Search,Paid Search,63,B,true,false,89,Converted,2026-08-30,2026-09-21,2026-10-16,true,true,true,,,2,,U-006,ACC-1071,OPP-20069
LEAD-10361,2026-09-19,Beacon Freight,Developer,Senior Backend Engineer,United States,AMER,Paid Social,Product,CMP-009,Copilot API Beta — AMER 2026-01,Paid Social,Paid Social,48,C,true,true,30,Disqualified,,,,false,false,false,Competitor,,1,,,,
LEAD-10362,2025-09-25,Cobalt Technologies,Engineering Leader,Head of Platform,United States,AMER,Docs & Quickstarts,Product,CMP-026,Studio for Product Teams — AMER 2025-08,Docs & Quickstarts,Docs & Quickstarts,88,A,true,false,99,Converted,2025-10-02,2025-10-06,2025-10-31,true,true,true,,,0,,U-012,ACC-1006,OPP-20070
LEAD-10363,2025-12-10,Wexler Health,Developer,Software Engineer,Brazil,AMER,Partner / Marketplace,Partner / Referral,CMP-042,Migrate off Legacy SMS — AMER 2025-04,Partner / Marketplace,Partner / Marketplace,60,B,false,false,0,SQL,2025-12-29,2026-01-02,,true,true,false,,5,11,U-025,U-010,,
LEAD-10364,2025-08-10,Kestrel Retail,Procurement / Finance,Procurement Manager,Brazil,AMER,Outbound Sequence,Outbound,CMP-038,Migrate off Legacy SMS — AMER 2025-04,Outbound Sequence,AI Assistant Referral,37,C,false,true,0,Disqualified,,,,false,false,false,Competitor,1,2,U-022,,,
LEAD-10365,2026-02-24,Wexler Retail,Engineering Leader,VP Engineering,Canada,AMER,Outbound Sequence,Outbound,CMP-037,Verify Fraud Playbook — EMEA 2025-04,Outbound Sequence,Outbound Sequence,57,B,false,false,0,Converted,2026-03-15,2026-04-01,2026-04-18,true,true,true,,1,4,U-022,U-014,ACC-1114,OPP-20071
LEAD-10366,2025-05-03,Tundra Freight,Engineering Leader,CTO,Mexico,AMER,Organic Search,Inbound Marketing,CMP-017,Latency Benchmark — AMER 2026-05,Organic Search,Organic Search,67,B,false,false,0,MQL,2025-05-11,,,true,false,false,,2,2,U-023,,,
LEAD-10367,2026-07-04,Dovetail Gaming,Procurement / Finance,Procurement Manager,Japan,APAC,Docs & Quickstarts,Product,CMP-026,Studio for Product Teams — AMER 2025-08,Docs & Quickstarts,Docs & Quickstarts,88,A,true,true,5,Converted,2026-07-18,2026-07-25,2026-08-13,true,true,true,,,0,,U-013,ACC-1040,OPP-20072
LEAD-10368,2026-04-12,Orbital Logistics,Procurement / Finance,Head of Vendor Management,Netherlands,EMEA,Paid Search,Product,CMP-006,AI Search Visibility — AMER 2026-02,Paid Search,Paid Search,100,A,true,true,62,Disqualified,,,,false,false,false,Went silent,,1,,,,
LEAD-10369,2025-11-15,Wexler Cloud,Engineering Leader,VP Engineering,Mexico,AMER,Webinar,Product,CMP-032,Copilot API Beta — AMER 2025-12,Webinar,Paid Search,98,A,true,true,0,SQL,2025-11-15,2025-12-08,,true,true,false,,,2,,U-011,,
LEAD-10370,2025-09-20,Onyx Pay,CX / Support Leader,Director of Service Ops,Sweden,EMEA,Outbound Sequence,Outbound,CMP-039,Studio for Product Teams — EMEA 2026-02,Outbound Sequence,Outbound Sequence,46,C,false,false,0,MQL,2025-10-04,,,true,false,false,,2,6,U-023,,,
LEAD-10371,2026-08-30,Sable Market,Developer,Senior Backend Engineer,Mexico,AMER,Partner / Marketplace,Partner / Referral,CMP-043,Latency Benchmark — APAC 2026-01,Partner / Marketplace,Partner / Marketplace,37,C,false,true,0,New,,,,false,false,false,,2,6,U-023,,,
LEAD-10372,2025-12-26,Wexler Logistics,Engineering Leader,Head of Platform,United States,AMER,Partner / Marketplace,Partner / Referral,CMP-042,Migrate off Legacy SMS — AMER 2025-04,Partner / Marketplace,AI Assistant Referral,78,A,true,false,60,Nurture,2025-12-31,,,true,false,false,,,0,,,,
LEAD-10373,2026-04-10,Orbital Mobility,Product Manager,Head of Product,United Kingdom,EMEA,Outbound Sequence,Outbound,CMP-037,Verify Fraud Playbook — EMEA 2025-04,Outbound Sequence,Outbound Sequence,47,C,false,false,0,MQL,2026-04-26,,,true,false,false,,3,10,U-020,,,
LEAD-10374,2026-03-17,Quanta Travel,Developer,Staff Engineer,Japan,APAC,Customer Referral,Partner / Referral,CMP-045,Compliance & HIPAA — AMER 2025-09,Customer Referral,Developer Community,34,C,true,true,16,Working,,,,false,false,false,,,1,,,,
LEAD-10375,2026-02-09,Umbra Works,CX / Support Leader,Head of Support,Mexico,AMER,Organic Search,Product,CMP-016,Q3 Pipeline Push — AMER 2026-04,Organic Search,Organic Search,87,A,true,true,61,Converted,2026-02-16,2026-02-17,2026-03-01,true,true,true,,,2,,U-014,ACC-1057,OPP-20073
LEAD-10376,2025-08-21,Tundra Gaming,Engineering Leader,Head of Platform,Indonesia,APAC,Organic Search,Inbound Marketing,CMP-013,Verify Fraud Playbook — LATAM 2026-01,Organic Search,Organic Search,66,B,false,false,0,MQL,2025-08-29,,,true,false,false,,4,10,U-022,,,
LEAD-10377,2025-06-29,Kestrel Freight,Product Manager,Director of Product,India,APAC,Developer Community,Product,CMP-031,Developer Docs Refresh — EMEA 2026-07,Developer Community,Developer Community,60,B,true,false,85,Disqualified,,,,false,false,false,Duplicate,,1,,,,
LEAD-10378,2025-04-29,North Labs,Developer,Software Engineer,Netherlands,EMEA,Outbound Sequence,Outbound,CMP-037,Verify Fraud Playbook — EMEA 2025-04,Outbound Sequence,Outbound Sequence,18,D,false,false,0,SQL,2025-05-17,2025-05-26,,true,true,false,,2,7,U-018,U-009,,
LEAD-10379,2025-10-20,Halcyon Travel,Developer,Platform Engineer,Mexico,AMER,AI Assistant Referral,Product,CMP-020,Q3 Pipeline Push — AMER 2025-12,AI Assistant Referral,Partner / Marketplace,46,C,true,false,80,Converted,2025-10-31,2025-11-09,2025-11-24,true,true,true,,,2,,U-007,ACC-1041,OPP-20074
LEAD-10380,2026-02-06,Orbital Cloud,Procurement / Finance,Procurement Manager,India,APAC,Paid Search,Inbound Marketing,CMP-005,Migrate off Legacy SMS — AMER 2025-12,Paid Search,Organic Search,73,A,false,true,0,SQL,2026-02-08,2026-02-13,,true,true,false,,0,9,U-016,U-009,,
LEAD-10381,2025-05-14,Beacon Digital,Procurement / Finance,CFO,Brazil,AMER,Outbound Sequence,Outbound,CMP-040,AI Search Visibility — AMER 2026-05,Outbound Sequence,Partner / Marketplace,57,B,false,false,0,SQL,2025-05-17,2025-05-28,,true,true,false,,2,6,U-022,U-005,,
LEAD-10382,2026-01-14,Umbra Bank,Developer,Software Engineer,United States,AMER,Outbound Sequence,Outbound,CMP-039,Studio for Product Teams — EMEA 2026-02,Outbound Sequence,Outbound Sequence,36,C,false,false,0,Working,,,,false,false,false,,2,11,U-018,,,
LEAD-10383,2025-10-13,Foundry Group,Developer,Senior Backend Engineer,Mexico,AMER,Organic Search,Product,CMP-016,Q3 Pipeline Push — AMER 2026-04,Organic Search,Organic Search,57,B,true,false,60,Converted,2025-10-16,2025-10-19,2025-11-12,true,true,true,,,0,,U-010,ACC-1118,OPP-20075
LEAD-10384,2026-06-18,Rivet Insure,Developer,Staff Engineer,UAE,EMEA,Developer Community,Product,CMP-031,Developer Docs Refresh — EMEA 2026-07,Developer Community,Organic Search,57,B,true,false,94,Disqualified,,,,false,false,false,Free tier is enough,,2,,,,
LEAD-10385,2026-02-20,Zephyr Mobility,Procurement / Finance,Finance Director,Canada,AMER,Docs & Quickstarts,Product,CMP-027,Cut Your Deflection Cost — APAC 2025-05,Docs & Quickstarts,Docs & Quickstarts,83,A,true,true,73,Nurture,2026-02-25,,,true,false,false,,,0,,,,
LEAD-10386,2025-06-29,Solstice Retail,Developer,Platform Engineer,Australia,APAC,Webinar,Inbound Marketing,CMP-032,Copilot API Beta — AMER 2025-12,Webinar,Webinar,46,C,false,false,0,Disqualified,,,,false,false,false,Duplicate,2,5,U-015,,,
LEAD-10387,2026-02-10,Pallas Bank,Procurement / Finance,Head of Vendor Management,Mexico,AMER,Docs & Quickstarts,Inbound Marketing,CMP-028,Migrate off Legacy SMS — AMER 2025-11,Docs & Quickstarts,Docs & Quickstarts,73,A,false,true,0,Converted,2026-02-11,2026-02-12,2026-02-23,true,true,true,,2,2,U-020,U-005,ACC-1072,OPP-20076
LEAD-10388,2025-07-28,Meridian Travel,Engineering Leader,VP Engineering,Germany,EMEA,Docs & Quickstarts,Product,CMP-025,Migrate off Legacy SMS — EMEA 2025-09,Docs & Quickstarts,Docs & Quickstarts,92,A,true,false,58,Disqualified,,,,false,false,false,Duplicate,,2,,,,
LEAD-10389,2026-01-20,Vantage Gaming,Product Manager,Director of Product,United States,AMER,Developer Community,Product,CMP-031,Developer Docs Refresh — EMEA 2026-07,Developer Community,AI Assistant Referral,61,B,true,true,45,Converted,2026-02-03,2026-02-04,2026-02-26,true,true,true,,,0,,U-012,ACC-1113,OPP-20077
LEAD-10390,2025-07-05,Cinder Learning,Product Manager,Senior PM,Canada,AMER,Partner / Marketplace,Partner / Referral,CMP-044,Studio for Product Teams — AMER 2025-06,Partner / Marketplace,Partner / Marketplace,70,A,true,true,47,New,,,,false,false,false,,,1,,,,
LEAD-10391,2025-08-31,Vertex Technologies,Developer,Platform Engineer,Singapore,APAC,Organic Search,Product,CMP-012,AI Search Visibility — AMER 2026-07,Organic Search,Partner / Marketplace,55,B,true,false,85,MQL,2025-09-15,,,true,false,false,,,1,,,,
LEAD-10392,2025-05-03,Cobalt Retail,Engineering Leader,VP Engineering,United States,AMER,Conference,Inbound Marketing,CMP-035,Q3 Pipeline Push — EMEA 2026-05,Conference,Conference,39,C,false,false,0,Working,,,,false,false,false,,3,9,U-017,,,
LEAD-10393,2026-06-19,Foundry Pay,Engineering Leader,Head of Platform,Colombia,LATAM,Paid Search,Inbound Marketing,CMP-002,Studio for Product Teams — AMER 2025-08,Paid Search,Paid Search,58,B,false,false,0,New,,,,false,false,false,,2,3,U-016,,,
LEAD-10394,2025-04-20,Harbor Freight,Product Manager,Head of Product,Mexico,AMER,Paid Search,Inbound Marketing,CMP-003,Voice Agents Launch — EMEA 2025-12,Paid Search,Paid Search,55,B,false,false,0,SQL,2025-04-29,2025-05-13,,true,true,false,,1,5,U-016,U-001,,
LEAD-10395,2025-06-27,Onyx Logistics,Developer,Platform Engineer,Mexico,AMER,Paid Search,Inbound Marketing,CMP-002,Studio for Product Teams — AMER 2025-08,Paid Search,Paid Search,48,C,false,false,0,Converted,2025-07-07,2025-08-02,2025-08-17,true,true,true,,0,6,U-025,U-006,ACC-1126,OPP-20078
LEAD-10396,2025-04-24,Vantage Labs,Procurement / Finance,Procurement Manager,Japan,APAC,Paid Search,Product,CMP-006,AI Search Visibility — AMER 2026-02,Paid Search,Docs & Quickstarts,87,A,true,false,66,SQL,2025-04-28,2025-05-21,,true,true,false,,,2,,U-003,,
LEAD-10397,2025-07-28,Solstice Cloud,Engineering Leader,VP Engineering,Canada,AMER,Docs & Quickstarts,Product,CMP-024,Verify Fraud Playbook — AMER 2025-05,Docs & Quickstarts,Customer Referral,86,A,true,false,31,New,,,,false,false,false,,,0,,,,
LEAD-10398,2025-06-23,Orbital Mobility,Engineering Leader,Director of Engineering,Mexico,AMER,Paid Search,Inbound Marketing,CMP-002,Studio for Product Teams — AMER 2025-08,Paid Search,Paid Social,53,B,false,false,0,Converted,2025-07-11,2025-08-06,2025-08-16,true,true,true,,0,8,U-021,U-001,ACC-1132,OPP-20079
LEAD-10399,2026-05-27,Dovetail Travel,Developer,Senior Backend Engineer,Mexico,AMER,Paid Search,Inbound Marketing,CMP-006,AI Search Visibility — AMER 2026-02,Paid Search,Paid Search,56,B,false,false,0,Converted,2026-06-03,2026-06-24,2026-06-30,true,true,true,,3,5,U-023,U-003,ACC-1082,OPP-20080
LEAD-10400,2025-12-28,Zephyr Retail,Procurement / Finance,CFO,Australia,APAC,AI Assistant Referral,Product,CMP-021,Latency Benchmark — LATAM 2025-09,AI Assistant Referral,AI Assistant Referral,95,A,true,true,63,New,,,,false,false,false,,,2,,,,
LEAD-10401,2025-11-10,Cobalt Cloud,Engineering Leader,CTO,UAE,EMEA,AI Assistant Referral,Product,CMP-022,Q3 Pipeline Push — AMER 2025-10,AI Assistant Referral,AI Assistant Referral,83,A,true,true,27,Disqualified,,,,false,false,false,Went silent,,0,,,,
LEAD-10402,2026-04-25,Meridian Bank,CX / Support Leader,VP Customer Experience,Brazil,AMER,Outbound Sequence,Outbound,CMP-037,Verify Fraud Playbook — EMEA 2025-04,Outbound Sequence,Outbound Sequence,37,C,true,false,5,New,,,,false,false,false,,0,10,U-022,,,
LEAD-10403,2025-11-14,Vertex Gaming,Product Manager,Head of Product,Chile,LATAM,Developer Community,Product,CMP-029,Build a Support Agent — EMEA 2025-11,Developer Community,Developer Community,63,B,true,true,26,SQL,2025-12-01,2025-12-16,,true,true,false,,,1,,U-010,,
LEAD-10404,2026-06-23,Meridian Retail,CX / Support Leader,Contact Centre Manager,Australia,APAC,Organic Search,Inbound Marketing,CMP-015,Studio for Product Teams — AMER 2025-11,Organic Search,Organic Search,74,A,false,false,0,New,,,,false,false,false,,1,3,U-016,,,
LEAD-10405,2026-01-03,Foundry Logistics,Product Manager,Director of Product,United States,AMER,Conference,Inbound Marketing,CMP-036,Compliance & HIPAA — AMER 2026-04,Conference,Conference,70,A,false,false,0,Converted,2026-01-24,2026-01-25,2026-02-15,true,true,true,,2,6,U-023,U-004,ACC-1050,OPP-20081
LEAD-10406,2026-08-12,Zephyr Logistics,CX / Support Leader,Head of Support,Canada,AMER,Customer Referral,Partner / Referral,CMP-045,Compliance & HIPAA — AMER 2025-09,Customer Referral,Customer Referral,100,A,true,false,43,Disqualified,,,,false,false,false,Free tier is enough,,0,,,,
LEAD-10407,2026-08-11,Halcyon Learning,Procurement / Finance,CFO,Mexico,AMER,Developer Community,Product,CMP-029,Build a Support Agent — EMEA 2025-11,Developer Community,Developer Community,86,A,true,true,98,Converted,2026-08-23,2026-09-05,2026-10-02,true,true,true,,,0,,U-006,ACC-1058,OPP-20082
LEAD-10408,2026-04-23,Cobalt Technologies,Developer,Staff Engineer,Canada,AMER,Paid Social,Inbound Marketing,CMP-007,Developer Docs Refresh — EMEA 2025-05,Paid Social,Customer Referral,23,D,false,false,0,New,,,,false,false,false,,3,7,U-026,,,
LEAD-10409,2026-03-27,Meridian Mobility,Engineering Leader,Head of Platform,United States,AMER,Conference,Inbound Marketing,CMP-036,Compliance & HIPAA — AMER 2026-04,Conference,Conference,42,C,false,false,0,New,,,,false,false,false,,1,1,U-018,,,
LEAD-10410,2026-05-30,Juniper Works,CX / Support Leader,Contact Centre Manager,Brazil,AMER,AI Assistant Referral,Inbound Marketing,CMP-022,Q3 Pipeline Push — AMER 2025-10,AI Assistant Referral,AI Assistant Referral,73,A,false,false,0,Working,,,,false,false,false,,4,8,U-021,,,
LEAD-10411,2025-12-01,Lattice Learning,Product Manager,Senior PM,United States,AMER,Docs & Quickstarts,Product,CMP-028,Migrate off Legacy SMS — AMER 2025-11,Docs & Quickstarts,Docs & Quickstarts,82,A,true,false,34,MQL,2025-12-07,,,true,false,false,,,0,,,,
LEAD-10412,2025-11-07,Orbital Pay,Procurement / Finance,CFO,Germany,EMEA,Developer Community,Product,CMP-029,Build a Support Agent — EMEA 2025-11,Developer Community,Developer Community,90,A,true,false,76,Converted,2025-11-14,2025-11-18,2025-11-29,true,true,true,,,2,,U-003,ACC-1034,OPP-20083
LEAD-10413,2025-07-28,Ember Gaming,Developer,Staff Engineer,Brazil,AMER,Outbound Sequence,Outbound,CMP-039,Studio for Product Teams — EMEA 2026-02,Outbound Sequence,Outbound Sequence,49,C,false,false,0,Converted,2025-08-16,2025-08-27,2025-09-23,true,true,true,,3,1,U-019,U-004,ACC-1124,OPP-20084
LEAD-10414,2026-05-31,Vantage Logistics,Product Manager,Senior PM,Canada,AMER,Customer Referral,Partner / Referral,CMP-045,Compliance & HIPAA — AMER 2025-09,Customer Referral,Customer Referral,80,A,true,true,36,MQL,2026-06-20,,,true,false,false,,,0,,,,
LEAD-10415,2025-10-13,Solstice Bank,CX / Support Leader,Head of Support,Sweden,EMEA,Paid Search,Product,CMP-001,Copilot API Beta — AMER 2026-02,Paid Search,Paid Search,100,A,true,true,91,Converted,2025-10-14,2025-10-28,2025-11-22,true,true,true,,,0,,U-002,ACC-1085,OPP-20085
LEAD-10416,2025-12-27,Zephyr Freight,CX / Support Leader,Contact Centre Manager,Mexico,AMER,Developer Community,Product,CMP-030,Latency Benchmark — AMER 2025-08,Developer Community,Conference,83,A,true,false,51,New,,,,false,false,false,,,2,,,,
LEAD-10417,2026-07-22,Meridian Travel,Product Manager,Head of Product,Canada,AMER,AI Assistant Referral,Inbound Marketing,CMP-019,Studio for Product Teams — APAC 2026-02,AI Assistant Referral,AI Assistant Referral,59,B,false,true,0,Disqualified,,,,false,false,false,Wrong geo,4,11,U-026,,,
LEAD-10418,2026-05-13,Wexler Travel,Developer,Software Engineer,Chile,LATAM,Webinar,Product,CMP-033,Developer Docs Refresh — EMEA 2026-07,Webinar,Webinar,69,B,true,false,97,MQL,2026-05-13,,,true,false,false,,,1,,,,
LEAD-10419,2025-07-25,Wexler Retail,Engineering Leader,Head of Platform,United Kingdom,EMEA,Partner / Marketplace,Partner / Referral,CMP-044,Studio for Product Teams — AMER 2025-06,Partner / Marketplace,Partner / Marketplace,95,A,true,true,54,SQL,2025-08-08,2025-08-23,,true,true,false,,,2,,U-013,,
LEAD-10420,2025-10-24,Cinder Bank,Engineering Leader,VP Engineering,Germany,EMEA,Organic Search,Product,CMP-017,Latency Benchmark — AMER 2026-05,Organic Search,Organic Search,85,A,true,true,65,Working,,,,false,false,false,,,2,,,,
LEAD-10421,2026-09-04,Ember Health,Engineering Leader,CTO,India,APAC,Organic Search,Product,CMP-015,Studio for Product Teams — AMER 2025-11,Organic Search,Organic Search,98,A,true,true,46,MQL,2026-09-12,,,true,false,false,,,0,,,,
LEAD-10422,2025-11-26,Orbital Mobility,Engineering Leader,Head of Platform,Spain,EMEA,Paid Search,Inbound Marketing,CMP-003,Voice Agents Launch — EMEA 2025-12,Paid Search,Paid Social,65,B,false,true,0,MQL,2025-12-09,,,true,false,false,,2,9,U-026,,,
LEAD-10423,2025-06-25,Rivet Learning,Engineering Leader,Director of Engineering,Canada,AMER,Organic Search,Product,CMP-015,Studio for Product Teams — AMER 2025-11,Organic Search,Organic Search,88,A,true,false,97,SQL,2025-06-27,2025-07-09,,true,true,false,,,1,,U-001,,
LEAD-10424,2025-09-27,Cobalt Insure,CX / Support Leader,Director of Service Ops,Indonesia,APAC,Docs & Quickstarts,Product,CMP-028,Migrate off Legacy SMS — AMER 2025-11,Docs & Quickstarts,Docs & Quickstarts,88,A,true,true,44,Converted,2025-10-12,2025-10-14,2025-11-14,true,true,true,,,2,,U-013,ACC-1134,OPP-20086
LEAD-10425,2025-11-02,Aster Logistics,Developer,Senior Backend Engineer,Japan,APAC,Developer Community,Product,CMP-030,Latency Benchmark — AMER 2025-08,Developer Community,Developer Community,62,B,true,true,59,Working,,,,false,false,false,,,2,,,,
LEAD-10426,2025-09-23,Cobalt Labs,CX / Support Leader,VP Customer Experience,India,APAC,Outbound Sequence,Outbound,CMP-038,Migrate off Legacy SMS — AMER 2025-04,Outbound Sequence,Outbound Sequence,75,A,false,false,0,Disqualified,,,,false,false,false,Competitor,2,10,U-019,,,
LEAD-10427,2026-07-25,Pallas Logistics,CX / Support Leader,Head of Support,India,APAC,Paid Search,Inbound Marketing,CMP-002,Studio for Product Teams — AMER 2025-08,Paid Search,Paid Search,84,A,false,false,0,New,,,,false,false,false,,2,6,U-026,,,
LEAD-10428,2025-11-26,Vantage Cloud,Engineering Leader,CTO,Mexico,AMER,Outbound Sequence,Outbound,CMP-040,AI Search Visibility — AMER 2026-05,Outbound Sequence,Outbound Sequence,29,D,false,false,0,SQL,2025-12-10,2025-12-13,,true,true,false,,1,6,U-023,U-004,,
LEAD-10429,2025-05-06,North Works,Developer,Software Engineer,Germany,EMEA,Organic Search,Product,CMP-018,Voice Agents Launch — AMER 2025-11,Organic Search,Organic Search,92,A,true,false,48,MQL,2025-05-13,,,true,false,false,,,2,,,,
LEAD-10430,2026-02-17,Harbor Labs,Developer,Staff Engineer,Spain,EMEA,Organic Search,Product,CMP-013,Verify Fraud Playbook — LATAM 2026-01,Organic Search,Organic Search,80,A,true,true,95,SQL,2026-02-23,2026-03-06,,true,true,false,,,0,,U-007,,
LEAD-10431,2025-09-17,Solstice Cloud,Developer,Staff Engineer,Indonesia,APAC,Partner / Marketplace,Partner / Referral,CMP-042,Migrate off Legacy SMS — AMER 2025-04,Partner / Marketplace,Partner / Marketplace,42,C,false,false,0,Disqualified,,,,false,false,false,Student / hobby project,1,7,U-025,,,
LEAD-10432,2025-10-17,Cinder Systems,CX / Support Leader,VP Customer Experience,Canada,AMER,Customer Referral,Partner / Referral,CMP-045,Compliance & HIPAA — AMER 2025-09,Customer Referral,Customer Referral,78,A,true,true,24,Working,,,,false,false,false,,,1,,,,
LEAD-10433,2026-06-16,Cobalt Travel,Engineering Leader,VP Engineering,Argentina,LATAM,Partner / Marketplace,Partner / Referral,CMP-043,Latency Benchmark — APAC 2026-01,Partner / Marketplace,Partner / Marketplace,75,A,true,false,28,MQL,2026-06-29,,,true,false,false,,,2,,,,
LEAD-10434,2025-10-18,Cinder Mobility,Engineering Leader,CTO,Japan,APAC,Docs & Quickstarts,Product,CMP-028,Migrate off Legacy SMS — AMER 2025-11,Docs & Quickstarts,Paid Social,73,A,true,true,21,Working,,,,false,false,false,,,1,,,,
LEAD-10435,2026-01-11,Kestrel Technologies,Engineering Leader,CTO,UAE,EMEA,Webinar,Inbound Marketing,CMP-032,Copilot API Beta — AMER 2025-12,Webinar,Organic Search,55,B,false,false,0,SQL,2026-01-16,2026-01-23,,true,true,false,,2,8,U-015,U-010,,
LEAD-10436,2025-08-30,Tundra Bank,Developer,Staff Engineer,Mexico,AMER,Paid Social,Inbound Marketing,CMP-010,Migrate off Legacy SMS — LATAM 2025-06,Paid Social,Paid Social,20,D,false,false,0,Disqualified,,,,false,false,false,Free tier is enough,0,11,U-015,,,
LEAD-10437,2026-07-12,Meridian Care,Developer,Senior Backend Engineer,Japan,APAC,Paid Search,Inbound Marketing,CMP-002,Studio for Product Teams — AMER 2025-08,Paid Search,Paid Search,57,B,false,false,0,MQL,2026-07-31,,,true,false,false,,2,6,U-027,,,
LEAD-10438,2025-04-07,Onyx Market,Product Manager,Head of Product,Mexico,AMER,Organic Search,Inbound Marketing,CMP-014,Compliance & HIPAA — APAC 2025-09,Organic Search,Organic Search,44,C,false,false,0,Nurture,2025-04-26,,,true,false,false,,2,10,U-017,,,
LEAD-10439,2025-12-31,Onyx Labs,Engineering Leader,Director of Engineering,United Kingdom,EMEA,Customer Referral,Partner / Referral,CMP-046,Migrate off Legacy SMS — AMER 2026-03,Customer Referral,Customer Referral,98,A,true,false,59,Converted,2026-01-03,2026-01-17,2026-01-25,true,true,true,,,1,,U-008,ACC-1015,OPP-20087
LEAD-10440,2025-11-30,Pallas Mobility,Developer,Software Engineer,Mexico,AMER,Docs & Quickstarts,Product,CMP-028,Migrate off Legacy SMS — AMER 2025-11,Docs & Quickstarts,Docs & Quickstarts,82,A,true,false,27,Nurture,2025-12-14,,,true,false,false,,,1,,,,
LEAD-10441,2026-01-16,Halcyon Freight,Engineering Leader,Director of Engineering,Mexico,AMER,Webinar,Inbound Marketing,CMP-033,Developer Docs Refresh — EMEA 2026-07,Webinar,Webinar,50,B,false,false,0,SQL,2026-01-21,2026-02-02,,true,true,false,,1,10,U-015,U-007,,
LEAD-10442,2025-05-11,Onyx Travel,Engineering Leader,CTO,Brazil,AMER,Docs & Quickstarts,Product,CMP-027,Cut Your Deflection Cost — APAC 2025-05,Docs & Quickstarts,Webinar,80,A,true,false,39,Working,,,,false,false,false,,,1,,,,
LEAD-10443,2025-09-13,Cinder Freight,Engineering Leader,CTO,Mexico,AMER,Organic Search,Product,CMP-013,Verify Fraud Playbook — LATAM 2026-01,Organic Search,Docs & Quickstarts,58,B,true,false,70,Nurture,2025-10-02,,,true,false,false,,,2,,,,
LEAD-10444,2025-06-04,Solstice Logistics,Product Manager,Head of Product,France,EMEA,Outbound Sequence,Outbound,CMP-041,Studio for Product Teams — AMER 2025-04,Outbound Sequence,Organic Search,50,B,false,false,0,Converted,2025-06-20,2025-07-10,2025-07-30,true,true,true,,2,6,U-023,U-006,ACC-1126,OPP-20088
LEAD-10445,2026-07-21,Pallas Gaming,Product Manager,Senior PM,United Kingdom,EMEA,Paid Search,Inbound Marketing,CMP-003,Voice Agents Launch — EMEA 2025-12,Paid Search,Paid Search,70,A,false,false,0,Disqualified,,,,false,false,false,Duplicate,4,6,U-016,,,
LEAD-10446,2026-09-05,Meridian Works,Developer,Platform Engineer,Mexico,AMER,Webinar,Inbound Marketing,CMP-032,Copilot API Beta — AMER 2025-12,Webinar,Webinar,20,D,false,true,0,New,,,,false,false,false,,0,8,U-016,,,
LEAD-10447,2025-04-02,Cobalt Technologies,CX / Support Leader,Contact Centre Manager,Singapore,APAC,Docs & Quickstarts,Product,CMP-025,Migrate off Legacy SMS — EMEA 2025-09,Docs & Quickstarts,Customer Referral,78,A,true,true,62,Converted,2025-04-02,2025-04-08,2025-04-19,true,true,true,,,1,,U-002,ACC-1047,OPP-20089
LEAD-10448,2026-08-08,Tundra Logistics,Developer,Software Engineer,Australia,APAC,Paid Search,Inbound Marketing,CMP-005,Migrate off Legacy SMS — AMER 2025-12,Paid Search,Developer Community,36,C,false,false,0,Working,,,,false,false,false,,3,9,U-017,,,
LEAD-10449,2026-03-15,Ember Market,Developer,Staff Engineer,United States,AMER,Organic Search,Product,CMP-018,Voice Agents Launch — AMER 2025-11,Organic Search,Paid Social,73,A,true,true,39,Working,,,,false,false,false,,,0,,,,
LEAD-10450,2026-05-04,Vertex Freight,Product Manager,Product Manager,Brazil,AMER,Docs & Quickstarts,Inbound Marketing,CMP-023,Q3 Pipeline Push — AMER 2025-06,Docs & Quickstarts,Docs & Quickstarts,55,B,false,false,0,MQL,2026-05-17,,,true,false,false,,2,10,U-025,,,
LEAD-10451,2026-09-19,Beacon Group,Developer,Software Engineer,Brazil,AMER,Organic Search,Inbound Marketing,CMP-015,Studio for Product Teams — AMER 2025-11,Organic Search,Docs & Quickstarts,43,C,false,false,0,Nurture,2026-09-24,,,true,false,false,,2,8,U-022,,,
LEAD-10452,2025-08-20,Ember Care,Engineering Leader,CTO,Netherlands,EMEA,Organic Search,Product,CMP-011,Developer Docs Refresh — LATAM 2025-04,Organic Search,Organic Search,78,A,true,true,23,Converted,2025-09-05,2025-09-08,2025-10-03,true,true,true,,,0,,U-002,ACC-1124,OPP-20090
LEAD-10453,2025-04-11,Solstice Gaming,CX / Support Leader,Head of Support,UAE,EMEA,AI Assistant Referral,Product,CMP-022,Q3 Pipeline Push — AMER 2025-10,AI Assistant Referral,AI Assistant Referral,84,A,true,true,79,New,,,,false,false,false,,,0,,,,
LEAD-10454,2026-08-21,Pallas Health,Procurement / Finance,Procurement Manager,Singapore,APAC,Paid Social,Inbound Marketing,CMP-009,Copilot API Beta — AMER 2026-01,Paid Social,Paid Social,37,C,false,false,0,MQL,2026-08-24,,,true,false,false,,3,4,U-024,,,
LEAD-10455,2026-06-30,Foundry Mobility,CX / Support Leader,Contact Centre Manager,UAE,EMEA,Customer Referral,Partner / Referral,CMP-045,Compliance & HIPAA — AMER 2025-09,Customer Referral,Customer Referral,82,A,true,true,12,MQL,2026-07-11,,,true,false,false,,,2,,,,
LEAD-10456,2026-02-14,Meridian Systems,Procurement / Finance,Procurement Manager,United States,AMER,Outbound Sequence,Outbound,CMP-040,AI Search Visibility — AMER 2026-05,Outbound Sequence,Outbound Sequence,54,B,false,false,0,Working,,,,false,false,false,,4,4,U-027,,,
LEAD-10457,2025-07-20,Kestrel Technologies,CX / Support Leader,Head of Support,Netherlands,EMEA,Paid Social,Inbound Marketing,CMP-010,Migrate off Legacy SMS — LATAM 2025-06,Paid Social,Docs & Quickstarts,64,B,false,false,0,Converted,2025-07-27,2025-08-07,2025-08-21,true,true,true,,1,6,U-024,U-004,ACC-1077,OPP-20091
LEAD-10458,2025-11-27,Wexler Retail,Developer,Senior Backend Engineer,Chile,LATAM,Docs & Quickstarts,Inbound Marketing,CMP-024,Verify Fraud Playbook — AMER 2025-05,Docs & Quickstarts,Organic Search,57,B,false,false,0,New,,,,false,false,false,,2,7,U-016,,,
LEAD-10459,2026-08-26,Kestrel Care,CX / Support Leader,Head of Support,Canada,AMER,Docs & Quickstarts,Product,CMP-024,Verify Fraud Playbook — AMER 2025-05,Docs & Quickstarts,Docs & Quickstarts,85,A,true,true,24,SQL,2026-08-30,2026-09-09,,true,true,false,,,0,,U-007,,
LEAD-10460,2026-02-13,Dovetail Gaming,CX / Support Leader,Head of Support,Brazil,AMER,Paid Social,Product,CMP-010,Migrate off Legacy SMS — LATAM 2025-06,Paid Social,Paid Social,76,A,true,false,72,SQL,2026-02-13,2026-03-10,,true,true,false,,,2,,U-004,,
LEAD-10461,2025-09-03,Quanta Retail,Engineering Leader,Director of Engineering,Brazil,AMER,Paid Search,Product,CMP-006,AI Search Visibility — AMER 2026-02,Paid Search,Developer Community,95,A,true,true,78,SQL,2025-09-22,2025-10-13,,true,true,false,,,1,,U-004,,
LEAD-10462,2025-07-07,Wexler Market,Engineering Leader,Director of Engineering,Mexico,AMER,Docs & Quickstarts,Product,CMP-023,Q3 Pipeline Push — AMER 2025-06,Docs & Quickstarts,Docs & Quickstarts,100,A,true,true,83,SQL,2025-07-12,2025-07-24,,true,true,false,,,0,,U-009,,
LEAD-10463,2026-04-25,Solstice Insure,CX / Support Leader,Head of Support,Mexico,AMER,AI Assistant Referral,Product,CMP-020,Q3 Pipeline Push — AMER 2025-12,AI Assistant Referral,AI Assistant Referral,100,A,true,true,83,SQL,2026-05-15,2026-06-05,,true,true,false,,,0,,U-003,,
LEAD-10464,2026-01-21,Wexler Gaming,Engineering Leader,Head of Platform,France,EMEA,Outbound Sequence,Outbound,CMP-038,Migrate off Legacy SMS — AMER 2025-04,Outbound Sequence,Outbound Sequence,55,B,false,false,0,Working,,,,false,false,false,,0,6,U-027,,,
LEAD-10465,2026-07-16,Vertex Health,Developer,Senior Backend Engineer,Netherlands,EMEA,Docs & Quickstarts,Product,CMP-028,Migrate off Legacy SMS — AMER 2025-11,Docs & Quickstarts,Docs & Quickstarts,59,B,true,true,2,MQL,2026-08-04,,,true,false,false,,,0,,,,
LEAD-10466,2025-04-12,Orbital Freight,Procurement / Finance,CFO,Sweden,EMEA,Docs & Quickstarts,Product,CMP-026,Studio for Product Teams — AMER 2025-08,Docs & Quickstarts,Docs & Quickstarts,100,A,true,false,8,Converted,2025-04-29,2025-05-09,2025-05-29,true,true,true,,,1,,U-012,ACC-1022,OPP-20092
LEAD-10467,2026-06-25,Orbital Insure,Procurement / Finance,Finance Director,Sweden,EMEA,Conference,Inbound Marketing,CMP-036,Compliance & HIPAA — AMER 2026-04,Conference,Webinar,69,B,false,false,0,MQL,2026-07-13,,,true,false,false,,3,4,U-026,,,
LEAD-10468,2025-08-28,Kestrel Market,Developer,Senior Backend Engineer,Brazil,AMER,Paid Search,Inbound Marketing,CMP-006,AI Search Visibility — AMER 2026-02,Paid Search,Paid Search,72,A,false,false,0,Converted,2025-09-07,2025-09-29,2025-10-11,true,true,true,,1,3,U-024,U-007,ACC-1074,OPP-20093
LEAD-10469,2025-07-30,Cobalt Technologies,Procurement / Finance,Finance Director,United States,AMER,Organic Search,Product,CMP-017,Latency Benchmark — AMER 2026-05,Organic Search,Organic Search,86,A,true,false,65,Converted,2025-08-11,2025-08-21,2025-09-14,true,true,true,,,2,,U-012,ACC-1045,OPP-20094
LEAD-10470,2026-04-27,Vertex Pay,Engineering Leader,CTO,United Kingdom,EMEA,Developer Community,Product,CMP-031,Developer Docs Refresh — EMEA 2026-07,Developer Community,Developer Community,66,B,true,false,94,Converted,2026-05-08,2026-05-24,2026-06-14,true,true,true,,,0,,U-014,ACC-1073,OPP-20095
LEAD-10471,2026-04-29,Cinder Logistics,Developer,Staff Engineer,Brazil,AMER,Outbound Sequence,Outbound,CMP-038,Migrate off Legacy SMS — AMER 2025-04,Outbound Sequence,Outbound Sequence,18,D,false,false,0,Disqualified,,,,false,false,false,Went silent,4,9,U-024,,,
LEAD-10472,2026-07-01,Rivet Group,Product Manager,Senior PM,Mexico,AMER,Developer Community,Product,CMP-031,Developer Docs Refresh — EMEA 2026-07,Developer Community,Developer Community,69,B,true,true,43,Nurture,2026-07-21,,,true,false,false,,,2,,,,
LEAD-10473,2025-04-23,Vantage Technologies,Developer,Platform Engineer,United Kingdom,EMEA,Partner / Marketplace,Partner / Referral,CMP-043,Latency Benchmark — APAC 2026-01,Partner / Marketplace,Partner / Marketplace,78,A,false,false,0,MQL,2025-05-13,,,true,false,false,,5,10,U-017,,,
LEAD-10474,2026-09-14,Meridian Works,Engineering Leader,VP Engineering,Japan,APAC,Organic Search,Product,CMP-013,Verify Fraud Playbook — LATAM 2026-01,Organic Search,Conference,100,A,true,false,92,Nurture,2026-09-20,,,true,false,false,,,1,,,,
LEAD-10475,2025-10-23,Meridian Group,Product Manager,Senior PM,Singapore,APAC,Developer Community,Product,CMP-031,Developer Docs Refresh — EMEA 2026-07,Developer Community,Developer Community,62,B,true,false,79,Disqualified,,,,false,false,false,No budget,,2,,,,
LEAD-10476,2026-07-05,Aster Care,Engineering Leader,CTO,Japan,APAC,Developer Community,Product,CMP-030,Latency Benchmark — AMER 2025-08,Developer Community,Developer Community,73,A,true,true,48,MQL,2026-07-21,,,true,false,false,,,1,,,,
LEAD-10477,2025-11-25,Onyx Works,Product Manager,Head of Product,United Kingdom,EMEA,Organic Search,Product,CMP-015,Studio for Product Teams — AMER 2025-11,Organic Search,Organic Search,80,A,true,true,18,MQL,2025-12-07,,,true,false,false,,,0,,,,
LEAD-10478,2026-07-08,Meridian Market,Engineering Leader,Head of Platform,Colombia,LATAM,Conference,Inbound Marketing,CMP-036,Compliance & HIPAA — AMER 2026-04,Conference,Conference,73,A,false,false,0,MQL,2026-07-21,,,true,false,false,,2,10,U-016,,,
LEAD-10479,2026-02-23,Solstice Labs,Product Manager,Product Manager,Singapore,APAC,Partner / Marketplace,Partner / Referral,CMP-043,Latency Benchmark — APAC 2026-01,Partner / Marketplace,Customer Referral,100,A,true,false,92,SQL,2026-03-11,2026-03-14,,true,true,false,,,0,,U-009,,
LEAD-10480,2025-10-05,Dovetail Insure,Procurement / Finance,Finance Director,Netherlands,EMEA,Docs & Quickstarts,Product,CMP-026,Studio for Product Teams — AMER 2025-08,Docs & Quickstarts,Docs & Quickstarts,96,A,true,true,22,Nurture,2025-10-18,,,true,false,false,,,1,,,,
LEAD-10481,2025-10-01,Harbor Health,Procurement / Finance,CFO,Canada,AMER,Docs & Quickstarts,Product,CMP-023,Q3 Pipeline Push — AMER 2025-06,Docs & Quickstarts,Docs & Quickstarts,100,A,true,true,46,New,,,,false,false,false,,,1,,,,
LEAD-10482,2026-01-11,Vertex Systems,Product Manager,Director of Product,Canada,AMER,Outbound Sequence,Outbound,CMP-041,Studio for Product Teams — AMER 2025-04,Outbound Sequence,Webinar,35,C,false,false,0,SQL,2026-01-19,2026-01-30,,true,true,false,,2,8,U-019,U-002,,
LEAD-10483,2026-08-24,Cinder Freight,Developer,Platform Engineer,France,EMEA,Outbound Sequence,Outbound,CMP-039,Studio for Product Teams — EMEA 2026-02,Outbound Sequence,Outbound Sequence,33,C,false,false,0,New,,,,false,false,false,,3,10,U-025,,,
LEAD-10484,2026-05-27,Cinder Retail,Product Manager,Head of Product,Netherlands,EMEA,Paid Social,Product,CMP-009,Copilot API Beta — AMER 2026-01,Paid Social,Paid Social,76,A,true,true,77,New,,,,false,false,false,,,1,,,,
LEAD-10485,2025-04-26,Ember Mobility,Engineering Leader,Head of Platform,United States,AMER,Webinar,Product,CMP-032,Copilot API Beta — AMER 2025-12,Webinar,Webinar,68,B,true,false,0,SQL,2025-05-04,2025-05-29,,true,true,false,,,2,,U-012,,
LEAD-10486,2025-11-28,Rivet Care,Developer,Staff Engineer,Japan,APAC,Organic Search,Inbound Marketing,CMP-015,Studio for Product Teams — AMER 2025-11,Organic Search,Paid Search,28,D,false,false,0,SQL,2025-12-16,2025-12-19,,true,true,false,,3,5,U-020,U-006,,
LEAD-10487,2026-02-05,Juniper Bank,Engineering Leader,Director of Engineering,Spain,EMEA,Organic Search,Product,CMP-014,Compliance & HIPAA — APAC 2025-09,Organic Search,Organic Search,83,A,true,false,5,SQL,2026-02-15,2026-03-02,,true,true,false,,,1,,U-013,,
LEAD-10488,2026-03-30,Vantage Care,Engineering Leader,CTO,Indonesia,APAC,Developer Community,Product,CMP-031,Developer Docs Refresh — EMEA 2026-07,Developer Community,Developer Community,60,B,true,true,27,Nurture,2026-04-16,,,true,false,false,,,1,,,,
LEAD-10489,2025-05-11,Solstice Travel,Product Manager,Head of Product,Mexico,AMER,Developer Community,Product,CMP-031,Developer Docs Refresh — EMEA 2026-07,Developer Community,Developer Community,54,B,true,true,42,SQL,2025-05-25,2025-06-19,,true,true,false,,,1,,U-013,,
LEAD-10490,2026-03-02,Ember Health,Developer,Platform Engineer,Mexico,AMER,Customer Referral,Partner / Referral,CMP-046,Migrate off Legacy SMS — AMER 2026-03,Customer Referral,Customer Referral,50,B,false,false,0,MQL,2026-03-04,,,true,false,false,,0,9,U-021,,,
LEAD-10491,2025-06-21,Lumen Logistics,Procurement / Finance,Head of Vendor Management,India,APAC,Outbound Sequence,Outbound,CMP-040,AI Search Visibility — AMER 2026-05,Outbound Sequence,Paid Search,29,D,false,false,0,Disqualified,,,,false,false,false,Duplicate,2,6,U-020,,,
LEAD-10492,2025-10-08,Pallas Insure,Developer,Platform Engineer,India,APAC,Organic Search,Inbound Marketing,CMP-018,Voice Agents Launch — AMER 2025-11,Organic Search,Organic Search,30,C,false,true,0,Nurture,2025-10-17,,,true,false,false,,2,3,U-016,,,
LEAD-10493,2025-10-27,Cinder Gaming,Product Manager,Senior PM,Brazil,AMER,Webinar,Inbound Marketing,CMP-034,Copilot API Beta — EMEA 2026-03,Webinar,AI Assistant Referral,44,C,false,false,0,Nurture,2025-11-12,,,true,false,false,,3,9,U-019,,,
LEAD-10494,2025-04-06,Halcyon Works,Developer,Platform Engineer,Canada,AMER,Organic Search,Inbound Marketing,CMP-014,Compliance & HIPAA — APAC 2025-09,Organic Search,Organic Search,40,C,false,false,0,New,,,,false,false,false,,3,6,U-019,,,
LEAD-10495,2025-04-27,Aster Technologies,Product Manager,Product Manager,Germany,EMEA,AI Assistant Referral,Product,CMP-019,Studio for Product Teams — APAC 2026-02,AI Assistant Referral,AI Assistant Referral,85,A,true,true,31,Converted,2025-05-14,2025-05-17,2025-05-27,true,true,true,,,1,,U-006,ACC-1051,OPP-20096
LEAD-10496,2025-06-21,Vertex Pay,Engineering Leader,VP Engineering,Argentina,LATAM,Docs & Quickstarts,Product,CMP-027,Cut Your Deflection Cost — APAC 2025-05,Docs & Quickstarts,Webinar,73,A,true,false,83,Disqualified,,,,false,false,false,Went silent,,1,,,,
LEAD-10497,2026-05-11,Tundra Market,CX / Support Leader,Director of Service Ops,Brazil,AMER,Paid Search,Inbound Marketing,CMP-006,AI Search Visibility — AMER 2026-02,Paid Search,Paid Search,81,A,false,false,0,New,,,,false,false,false,,3,1,U-015,,,
LEAD-10498,2025-11-11,Tundra Insure,Product Manager,Product Manager,Brazil,AMER,Paid Social,Inbound Marketing,CMP-007,Developer Docs Refresh — EMEA 2025-05,Paid Social,Paid Social,70,A,false,false,0,Converted,2025-11-19,2025-11-24,2025-12-21,true,true,true,,3,7,U-023,U-008,ACC-1032,OPP-20097
LEAD-10499,2025-11-01,Vertex Works,Product Manager,Head of Product,Brazil,AMER,Outbound Sequence,Outbound,CMP-037,Verify Fraud Playbook — EMEA 2025-04,Outbound Sequence,Developer Community,38,C,false,false,0,Disqualified,,,,false,false,false,No use case,2,11,U-020,,,
LEAD-10500,2025-07-17,Vantage Pay,Developer,Software Engineer,Indonesia,APAC,Paid Search,Inbound Marketing,CMP-002,Studio for Product Teams — AMER 2025-08,Paid Search,Paid Search,78,A,false,false,0,Converted,2025-07-30,2025-08-18,2025-09-02,true,true,true,,4,1,U-025,U-005,ACC-1023,OPP-20098
LEAD-10501,2026-08-03,Orbital Technologies,Engineering Leader,Head of Platform,Brazil,AMER,Webinar,Inbound Marketing,CMP-034,Copilot API Beta — EMEA 2026-03,Webinar,Customer Referral,49,C,false,false,0,Converted,2026-08-22,2026-08-31,2026-09-19,true,true,true,,1,2,U-016,U-005,ACC-1005,OPP-20099
LEAD-10502,2026-01-20,Lumen Care,Developer,Software Engineer,Mexico,AMER,Organic Search,Inbound Marketing,CMP-015,Studio for Product Teams — AMER 2025-11,Organic Search,Webinar,61,B,false,false,0,Converted,2026-01-21,2026-01-24,2026-01-28,true,true,true,,1,5,U-015,U-008,ACC-1004,OPP-20100
LEAD-10503,2025-12-30,Lattice Digital,Engineering Leader,CTO,Australia,APAC,Outbound Sequence,Outbound,CMP-041,Studio for Product Teams — AMER 2025-04,Outbound Sequence,Outbound Sequence,16,D,false,true,0,Working,,,,false,false,false,,0,1,U-027,,,
LEAD-10504,2025-07-01,Beacon Freight,Developer,Staff Engineer,Brazil,AMER,Organic Search,Product,CMP-015,Studio for Product Teams — AMER 2025-11,Organic Search,Organic Search,48,C,true,false,56,Nurture,2025-07-05,,,true,false,false,,,2,,,,
LEAD-10505,2026-06-22,Umbra Systems,CX / Support Leader,Contact Centre Manager,United States,AMER,Paid Search,Inbound Marketing,CMP-004,Cut Your Deflection Cost — AMER 2025-11,Paid Search,Paid Search,91,A,false,false,0,Nurture,2026-06-30,,,true,false,false,,2,2,U-018,,,
LEAD-10506,2025-10-13,Juniper Mobility,Engineering Leader,Director of Engineering,India,APAC,Docs & Quickstarts,Product,CMP-026,Studio for Product Teams — AMER 2025-08,Docs & Quickstarts,Docs & Quickstarts,77,A,true,true,34,Disqualified,,,,false,false,false,Free tier is enough,,0,,,,
LEAD-10507,2025-12-19,Rivet Bank,Developer,Software Engineer,Germany,EMEA,Outbound Sequence,Outbound,CMP-040,AI Search Visibility — AMER 2026-05,Outbound Sequence,Outbound Sequence,60,B,false,false,0,MQL,2025-12-27,,,true,false,false,,0,11,U-027,,,
LEAD-10508,2026-04-07,Harbor Pay,Developer,Platform Engineer,Mexico,AMER,Paid Social,Product,CMP-008,Developer Docs Refresh — EMEA 2026-02,Paid Social,Paid Social,42,C,true,true,74,Disqualified,,,,false,false,false,Duplicate,,1,,,,
LEAD-10509,2026-03-30,Orbital Labs,Developer,Platform Engineer,Sweden,EMEA,AI Assistant Referral,Product,CMP-021,Latency Benchmark — LATAM 2025-09,AI Assistant Referral,AI Assistant Referral,64,B,true,false,2,Disqualified,,,,false,false,false,Went silent,,2,,,,
LEAD-10510,2026-05-09,Beacon Mobility,Product Manager,Product Manager,Sweden,EMEA,Webinar,Inbound Marketing,CMP-032,Copilot API Beta — AMER 2025-12,Webinar,Webinar,19,D,false,true,0,Disqualified,,,,false,false,false,Wrong geo,2,5,U-017,,,
LEAD-10511,2026-07-21,Quanta Travel,Developer,Staff Engineer,Sweden,EMEA,AI Assistant Referral,Product,CMP-021,Latency Benchmark — LATAM 2025-09,AI Assistant Referral,Docs & Quickstarts,62,B,true,false,39,New,,,,false,false,false,,,2,,,,
LEAD-10512,2026-05-25,Quanta Systems,Engineering Leader,Head of Platform,Netherlands,EMEA,Organic Search,Inbound Marketing,CMP-018,Voice Agents Launch — AMER 2025-11,Organic Search,Organic Search,65,B,false,false,0,SQL,2026-05-29,2026-06-22,,true,true,false,,3,8,U-020,U-009,,
LEAD-10513,2026-08-27,Juniper Cloud,Developer,Software Engineer,Argentina,LATAM,Partner / Marketplace,Partner / Referral,CMP-044,Studio for Product Teams — AMER 2025-06,Partner / Marketplace,Partner / Marketplace,76,A,false,false,0,MQL,2026-09-10,,,true,false,false,,0,1,U-022,,,
LEAD-10514,2025-12-01,Solstice Gaming,Developer,Software Engineer,Colombia,LATAM,Organic Search,Inbound Marketing,CMP-012,AI Search Visibility — AMER 2026-07,Organic Search,Organic Search,78,A,false,false,0,SQL,2025-12-02,2025-12-23,,true,true,false,,1,9,U-016,U-009,,
LEAD-10515,2026-04-08,Beacon Gaming,Procurement / Finance,CFO,Netherlands,EMEA,Outbound Sequence,Outbound,CMP-037,Verify Fraud Playbook — EMEA 2025-04,Outbound Sequence,Paid Search,48,C,false,false,0,Disqualified,,,,false,false,false,Duplicate,2,5,U-021,,,
LEAD-10516,2025-10-28,Umbra Care,Engineering Leader,VP Engineering,Argentina,LATAM,Paid Search,Inbound Marketing,CMP-003,Voice Agents Launch — EMEA 2025-12,Paid Search,Paid Search,84,A,false,false,0,New,,,,false,false,false,,1,4,U-015,,,
LEAD-10517,2026-07-08,North Care,CX / Support Leader,VP Customer Experience,United States,AMER,Conference,Inbound Marketing,CMP-036,Compliance & HIPAA — AMER 2026-04,Conference,AI Assistant Referral,91,A,false,false,0,New,,,,false,false,false,,1,11,U-025,,,
LEAD-10518,2025-06-09,Ember Travel,Product Manager,Product Manager,Mexico,AMER,Organic Search,Product,CMP-016,Q3 Pipeline Push — AMER 2026-04,Organic Search,Organic Search,59,B,true,true,75,Disqualified,,,,false,false,false,No budget,,2,,,,
LEAD-10519,2026-08-20,Beacon Retail,Developer,Staff Engineer,United States,AMER,Organic Search,Product,CMP-016,Q3 Pipeline Push — AMER 2026-04,Organic Search,Docs & Quickstarts,66,B,true,true,38,Nurture,2026-09-04,,,true,false,false,,,2,,,,
LEAD-10520,2026-07-12,Orbital Gaming,Engineering Leader,VP Engineering,Spain,EMEA,Docs & Quickstarts,Product,CMP-024,Verify Fraud Playbook — AMER 2025-05,Docs & Quickstarts,Docs & Quickstarts,98,A,true,true,65,Converted,2026-07-17,2026-08-04,2026-08-30,true,true,true,,,0,,U-014,ACC-1031,OPP-20101
LEAD-10521,2026-01-11,Juniper Mobility,Procurement / Finance,Head of Vendor Management,Brazil,AMER,Paid Search,Inbound Marketing,CMP-003,Voice Agents Launch — EMEA 2025-12,Paid Search,Paid Search,72,A,false,false,0,Converted,2026-01-31,2026-02-16,2026-03-13,true,true,true,,1,4,U-015,U-003,ACC-1058,OPP-20102
LEAD-10522,2025-05-24,Zephyr Bank,Developer,Senior Backend Engineer,Canada,AMER,Customer Referral,Partner / Referral,CMP-045,Compliance & HIPAA — AMER 2025-09,Customer Referral,Customer Referral,70,A,true,false,56,Working,,,,false,false,false,,,2,,,,
LEAD-10523,2025-07-06,Aster Market,CX / Support Leader,Contact Centre Manager,Indonesia,APAC,Paid Search,Inbound Marketing,CMP-004,Cut Your Deflection Cost — AMER 2025-11,Paid Search,Paid Search,57,B,false,false,0,Converted,2025-07-17,2025-07-29,2025-08-04,true,true,true,,1,1,U-021,U-011,ACC-1010,OPP-20103
LEAD-10524,2026-03-31,North Market,Developer,Senior Backend Engineer,Brazil,AMER,Organic Search,Product,CMP-018,Voice Agents Launch — AMER 2025-11,Organic Search,Organic Search,54,B,true,false,35,MQL,2026-04-05,,,true,false,false,,,2,,,,
LEAD-10525,2026-08-27,Orbital Technologies,Product Manager,Director of Product,Japan,APAC,Organic Search,Product,CMP-015,Studio for Product Teams — AMER 2025-11,Organic Search,Developer Community,69,B,true,true,59,Nurture,2026-08-30,,,true,false,false,,,2,,,,
LEAD-10526,2025-12-29,Harbor Insure,Engineering Leader,CTO,Brazil,AMER,Paid Social,Product,CMP-009,Copilot API Beta — AMER 2026-01,Paid Social,Organic Search,84,A,true,true,61,Converted,2025-12-30,2026-01-21,2026-02-11,true,true,true,,,0,,U-003,ACC-1123,OPP-20104
LEAD-10527,2025-09-12,Cinder Travel,CX / Support Leader,Head of Support,Netherlands,EMEA,Developer Community,Product,CMP-031,Developer Docs Refresh — EMEA 2026-07,Developer Community,Webinar,86,A,true,true,44,SQL,2025-09-29,2025-10-20,,true,true,false,,,2,,U-009,,
LEAD-10528,2025-04-09,North Care,Engineering Leader,Head of Platform,Canada,AMER,Paid Search,Product,CMP-005,Migrate off Legacy SMS — AMER 2025-12,Paid Search,Developer Community,79,A,true,false,90,Disqualified,,,,false,false,false,Student / hobby project,,1,,,,
LEAD-10529,2025-11-15,Rivet Health,Procurement / Finance,Procurement Manager,United Kingdom,EMEA,Outbound Sequence,Outbound,CMP-037,Verify Fraud Playbook — EMEA 2025-04,Outbound Sequence,Customer Referral,60,B,false,false,0,SQL,2025-11-26,2025-12-12,,true,true,false,,2,5,U-027,U-012,,
LEAD-10530,2025-09-04,Orbital Travel,CX / Support Leader,Director of Service Ops,Brazil,AMER,Docs & Quickstarts,Product,CMP-025,Migrate off Legacy SMS — EMEA 2025-09,Docs & Quickstarts,Customer Referral,84,A,true,true,100,Converted,2025-09-05,2025-09-23,2025-10-27,true,true,true,,,2,,U-002,ACC-1046,OPP-20105
LEAD-10531,2026-04-21,Cinder Technologies,CX / Support Leader,Head of Support,United States,AMER,Organic Search,Inbound Marketing,CMP-017,Latency Benchmark — AMER 2026-05,Organic Search,Organic Search,81,A,false,false,0,New,,,,false,false,false,,4,10,U-016,,,
LEAD-10532,2026-04-09,Beacon Digital,Product Manager,Product Manager,Germany,EMEA,Webinar,Inbound Marketing,CMP-032,Copilot API Beta — AMER 2025-12,Webinar,Webinar,62,B,false,false,0,MQL,2026-04-28,,,true,false,false,,0,3,U-020,,,
LEAD-10533,2026-06-13,Dovetail Group,Procurement / Finance,Head of Vendor Management,Indonesia,APAC,Docs & Quickstarts,Product,CMP-024,Verify Fraud Playbook — AMER 2025-05,Docs & Quickstarts,Docs & Quickstarts,66,B,true,true,7,Converted,2026-06-15,2026-06-19,2026-07-07,true,true,true,,,2,,U-007,ACC-1049,OPP-20106
LEAD-10534,2026-07-16,Halcyon Travel,Engineering Leader,Director of Engineering,Mexico,AMER,Paid Search,Inbound Marketing,CMP-006,AI Search Visibility — AMER 2026-02,Paid Search,Paid Search,74,A,false,false,0,MQL,2026-07-26,,,true,false,false,,3,6,U-023,,,
LEAD-10535,2026-07-28,Quanta Group,Procurement / Finance,Finance Director,France,EMEA,Outbound Sequence,Outbound,CMP-038,Migrate off Legacy SMS — AMER 2025-04,Outbound Sequence,Outbound Sequence,33,C,false,false,0,Working,,,,false,false,false,,2,3,U-017,,,
LEAD-10536,2026-08-25,Aster Technologies,Engineering Leader,CTO,UAE,EMEA,Organic Search,Inbound Marketing,CMP-016,Q3 Pipeline Push — AMER 2026-04,Organic Search,Paid Social,81,A,false,false,0,Converted,2026-08-28,2026-09-14,2026-10-07,true,true,true,,2,2,U-021,U-005,ACC-1000,OPP-20107
LEAD-10537,2025-08-16,North Market,Engineering Leader,VP Engineering,Germany,EMEA,Customer Referral,Partner / Referral,CMP-045,Compliance & HIPAA — AMER 2025-09,Customer Referral,Customer Referral,94,A,true,false,8,Working,,,,false,false,false,,,2,,,,
LEAD-10538,2025-07-29,Beacon Group,Procurement / Finance,CFO,Germany,EMEA,Webinar,Inbound Marketing,CMP-033,Developer Docs Refresh — EMEA 2026-07,Webinar,Paid Search,58,B,false,false,0,New,,,,false,false,false,,1,3,U-021,,,
LEAD-10539,2025-06-29,North Cloud,Product Manager,Senior PM,Sweden,EMEA,Developer Community,Product,CMP-030,Latency Benchmark — AMER 2025-08,Developer Community,Developer Community,80,A,true,true,9,SQL,2025-07-13,2025-07-20,,true,true,false,,,2,,U-006,,
LEAD-10540,2025-05-31,Sable Retail,Engineering Leader,Director of Engineering,UAE,EMEA,Docs & Quickstarts,Product,CMP-028,Migrate off Legacy SMS — AMER 2025-11,Docs & Quickstarts,Organic Search,81,A,true,true,64,Converted,2025-05-31,2025-06-15,2025-06-24,true,true,true,,,0,,U-003,ACC-1090,OPP-20108
LEAD-10541,2026-08-12,Orbital Group,Developer,Senior Backend Engineer,United States,AMER,AI Assistant Referral,Product,CMP-020,Q3 Pipeline Push — AMER 2025-12,AI Assistant Referral,AI Assistant Referral,57,B,true,false,44,Disqualified,,,,false,false,false,Wrong geo,,1,,,,
LEAD-10542,2026-06-21,Wexler Group,Procurement / Finance,Head of Vendor Management,Mexico,AMER,AI Assistant Referral,Inbound Marketing,CMP-020,Q3 Pipeline Push — AMER 2025-12,AI Assistant Referral,Outbound Sequence,62,B,false,false,0,MQL,2026-07-03,,,true,false,false,,1,8,U-025,,,
LEAD-10543,2025-06-23,Cinder Group,Procurement / Finance,Head of Vendor Management,Indonesia,APAC,Organic Search,Inbound Marketing,CMP-013,Verify Fraud Playbook — LATAM 2026-01,Organic Search,Organic Search,73,A,false,false,0,New,,,,false,false,false,,3,8,U-020,,,
LEAD-10544,2025-12-26,Quanta Care,Developer,Staff Engineer,Brazil,AMER,Outbound Sequence,Outbound,CMP-040,AI Search Visibility — AMER 2026-05,Outbound Sequence,Outbound Sequence,40,C,false,false,0,Disqualified,,,,false,false,false,Student / hobby project,5,4,U-023,,,
LEAD-10545,2026-01-24,Vertex Group,CX / Support Leader,VP Customer Experience,Brazil,AMER,Organic Search,Inbound Marketing,CMP-017,Latency Benchmark — AMER 2026-05,Organic Search,Organic Search,75,A,false,false,0,Working,,,,false,false,false,,2,3,U-017,,,
LEAD-10546,2026-05-17,Ember Bank,Developer,Software Engineer,Sweden,EMEA,Docs & Quickstarts,Product,CMP-023,Q3 Pipeline Push — AMER 2025-06,Docs & Quickstarts,Webinar,63,B,true,false,75,MQL,2026-06-04,,,true,false,false,,,1,,,,
LEAD-10547,2026-01-28,Lattice Freight,Developer,Senior Backend Engineer,Brazil,AMER,Paid Search,Inbound Marketing,CMP-003,Voice Agents Launch — EMEA 2025-12,Paid Search,Paid Search,48,C,false,false,0,Converted,2026-02-02,2026-02-04,2026-02-18,true,true,true,,3,10,U-024,U-005,ACC-1006,OPP-20109
LEAD-10548,2025-11-22,Tundra Market,Engineering Leader,CTO,Japan,APAC,Customer Referral,Partner / Referral,CMP-046,Migrate off Legacy SMS — AMER 2026-03,Customer Referral,Conference,100,A,true,true,8,MQL,2025-11-29,,,true,false,false,,,1,,,,
LEAD-10549,2025-10-10,Lumen Retail,Product Manager,Senior PM,Brazil,AMER,Conference,Inbound Marketing,CMP-036,Compliance & HIPAA — AMER 2026-04,Conference,Outbound Sequence,55,B,false,false,0,Working,,,,false,false,false,,2,8,U-020,,,
LEAD-10550,2025-12-04,Aster Retail,Procurement / Finance,Procurement Manager,Brazil,AMER,Outbound Sequence,Outbound,CMP-037,Verify Fraud Playbook — EMEA 2025-04,Outbound Sequence,Outbound Sequence,52,B,false,false,0,SQL,2025-12-16,2026-01-02,,true,true,false,,2,9,U-026,U-001,,
LEAD-10551,2025-08-05,Vertex Travel,Developer,Staff Engineer,Brazil,AMER,Docs & Quickstarts,Product,CMP-026,Studio for Product Teams — AMER 2025-08,Docs & Quickstarts,Docs & Quickstarts,47,C,true,false,89,SQL,2025-08-17,2025-08-23,,true,true,false,,,1,,U-001,,
LEAD-10552,2026-09-07,Umbra Group,CX / Support Leader,Director of Service Ops,Mexico,AMER,Partner / Marketplace,Partner / Referral,CMP-044,Studio for Product Teams — AMER 2025-06,Partner / Marketplace,Outbound Sequence,71,A,true,true,25,MQL,2026-09-27,,,true,false,false,,,2,,,,
LEAD-10553,2026-05-22,Lattice Group,Developer,Platform Engineer,Chile,LATAM,Docs & Quickstarts,Inbound Marketing,CMP-025,Migrate off Legacy SMS — EMEA 2025-09,Docs & Quickstarts,Docs & Quickstarts,50,B,false,false,0,Working,,,,false,false,false,,1,9,U-025,,,
LEAD-10554,2026-07-17,Harbor Learning,Product Manager,Director of Product,United States,AMER,Docs & Quickstarts,Product,CMP-028,Migrate off Legacy SMS — AMER 2025-11,Docs & Quickstarts,Docs & Quickstarts,67,B,true,true,52,Disqualified,,,,false,false,false,Went silent,,2,,,,
LEAD-10555,2026-03-07,Quanta Digital,CX / Support Leader,Director of Service Ops,Mexico,AMER,Paid Social,Inbound Marketing,CMP-007,Developer Docs Refresh — EMEA 2025-05,Paid Social,Paid Social,28,D,false,true,0,New,,,,false,false,false,,1,1,U-015,,,
LEAD-10556,2025-06-09,Wexler Digital,Developer,Software Engineer,Sweden,EMEA,Webinar,Inbound Marketing,CMP-034,Copilot API Beta — EMEA 2026-03,Webinar,Webinar,46,C,false,false,0,Working,,,,false,false,false,,1,7,U-019,,,
LEAD-10557,2026-07-14,North Market,Procurement / Finance,Procurement Manager,Canada,AMER,Paid Social,Inbound Marketing,CMP-008,Developer Docs Refresh — EMEA 2026-02,Paid Social,Developer Community,37,C,false,false,0,Disqualified,,,,false,false,false,Wrong geo,3,8,U-016,,,
LEAD-10558,2025-06-10,Sable Digital,Developer,Software Engineer,Indonesia,APAC,AI Assistant Referral,Product,CMP-021,Latency Benchmark — LATAM 2025-09,AI Assistant Referral,AI Assistant Referral,40,C,true,true,18,New,,,,false,false,false,,,0,,,,
LEAD-10559,2026-02-06,Wexler Care,Developer,Software Engineer,Netherlands,EMEA,Paid Social,Inbound Marketing,CMP-009,Copilot API Beta — AMER 2026-01,Paid Social,Paid Social,24,D,false,false,0,Disqualified,,,,false,false,false,Competitor,2,5,U-016,,,
LEAD-10560,2025-08-24,Lumen Technologies,Product Manager,Senior PM,Brazil,AMER,Webinar,Inbound Marketing,CMP-034,Copilot API Beta — EMEA 2026-03,Webinar,Webinar,56,B,false,true,0,Nurture,2025-08-31,,,true,false,false,,1,4,U-024,,,
LEAD-10561,2026-05-09,Zephyr Labs,Engineering Leader,Director of Engineering,Australia,APAC,Conference,Product,CMP-035,Q3 Pipeline Push — EMEA 2026-05,Conference,Partner / Marketplace,93,A,true,false,62,Converted,2026-05-20,2026-05-27,2026-06-04,true,true,true,,,2,,U-003,ACC-1068,OPP-20110
LEAD-10562,2026-08-25,Kestrel Health,Engineering Leader,Director of Engineering,France,EMEA,Partner / Marketplace,Partner / Referral,CMP-042,Migrate off Legacy SMS — AMER 2025-04,Partner / Marketplace,Partner / Marketplace,66,B,false,false,0,MQL,2026-08-28,,,true,false,false,,3,5,U-017,,,
LEAD-10563,2025-05-22,Beacon Market,Engineering Leader,VP Engineering,Colombia,LATAM,Developer Community,Product,CMP-031,Developer Docs Refresh — EMEA 2026-07,Developer Community,AI Assistant Referral,70,A,true,false,94,SQL,2025-06-08,2025-06-21,,true,true,false,,,2,,U-002,,
LEAD-10564,2025-11-19,Foundry Health,Developer,Platform Engineer,Sweden,EMEA,Organic Search,Product,CMP-014,Compliance & HIPAA — APAC 2025-09,Organic Search,Organic Search,61,B,true,true,3,Converted,2025-11-25,2025-12-05,2026-01-05,true,true,true,,,2,,U-005,ACC-1028,OPP-20111
LEAD-10565,2025-07-31,Foundry Cloud,Product Manager,Head of Product,Sweden,EMEA,Organic Search,Product,CMP-013,Verify Fraud Playbook — LATAM 2026-01,Organic Search,Organic Search,79,A,true,true,19,Converted,2025-08-17,2025-09-12,2025-09-26,true,true,true,,,2,,U-002,ACC-1071,OPP-20112
LEAD-10566,2026-07-12,Harbor Digital,Product Manager,Senior PM,Japan,APAC,Conference,Inbound Marketing,CMP-036,Compliance & HIPAA — AMER 2026-04,Conference,Docs & Quickstarts,91,A,false,false,0,Disqualified,,,,false,false,false,Student / hobby project,3,4,U-019,,,
LEAD-10567,2026-01-18,Solstice Works,Procurement / Finance,Procurement Manager,Brazil,AMER,Organic Search,Product,CMP-014,Compliance & HIPAA — APAC 2025-09,Organic Search,Organic Search,100,A,true,true,55,MQL,2026-01-31,,,true,false,false,,,0,,,,
LEAD-10568,2025-06-27,Tundra Pay,Procurement / Finance,Head of Vendor Management,Indonesia,APAC,Webinar,Inbound Marketing,CMP-033,Developer Docs Refresh — EMEA 2026-07,Webinar,Paid Social,85,A,false,false,0,SQL,2025-07-06,2025-07-29,,true,true,false,,3,11,U-021,U-001,,
LEAD-10569,2026-05-19,Pallas Gaming,CX / Support Leader,Contact Centre Manager,Brazil,AMER,Outbound Sequence,Outbound,CMP-037,Verify Fraud Playbook — EMEA 2025-04,Outbound Sequence,Outbound Sequence,20,D,false,false,0,New,,,,false,false,false,,0,9,U-023,,,
LEAD-10570,2026-07-10,Zephyr Travel,Developer,Platform Engineer,Brazil,AMER,Organic Search,Product,CMP-011,Developer Docs Refresh — LATAM 2025-04,Organic Search,Organic Search,57,B,true,true,29,SQL,2026-07-12,2026-08-05,,true,true,false,,,0,,U-006,,
LEAD-10571,2026-04-26,Meridian Group,Engineering Leader,VP Engineering,Netherlands,EMEA,Docs & Quickstarts,Product,CMP-023,Q3 Pipeline Push — AMER 2025-06,Docs & Quickstarts,Customer Referral,78,A,true,true,63,SQL,2026-05-04,2026-05-13,,true,true,false,,,2,,U-010,,
LEAD-10572,2025-11-12,Cobalt Labs,Procurement / Finance,Procurement Manager,Canada,AMER,Paid Social,Inbound Marketing,CMP-009,Copilot API Beta — AMER 2026-01,Paid Social,Paid Social,77,A,false,false,0,MQL,2025-11-12,,,true,false,false,,3,6,U-018,,,
LEAD-10573,2026-01-19,Vertex Freight,Developer,Platform Engineer,India,APAC,Docs & Quickstarts,Product,CMP-024,Verify Fraud Playbook — AMER 2025-05,Docs & Quickstarts,Docs & Quickstarts,73,A,true,false,59,Nurture,2026-01-28,,,true,false,false,,,1,,,,
LEAD-10574,2025-06-09,Aster Digital,Product Manager,Director of Product,Spain,EMEA,Paid Social,Inbound Marketing,CMP-007,Developer Docs Refresh — EMEA 2025-05,Paid Social,Paid Search,42,C,false,false,0,Converted,2025-06-21,2025-07-04,2025-08-06,true,true,true,,2,1,U-016,U-009,ACC-1024,OPP-20113
LEAD-10575,2026-05-14,Rivet Market,Developer,Platform Engineer,Brazil,AMER,Organic Search,Product,CMP-017,Latency Benchmark — AMER 2026-05,Organic Search,Paid Social,73,A,true,true,99,Converted,2026-05-18,2026-05-23,2026-06-20,true,true,true,,,1,,U-002,ACC-1071,OPP-20114
LEAD-10576,2025-06-04,Aster Pay,Product Manager,Head of Product,United Kingdom,EMEA,Paid Social,Inbound Marketing,CMP-010,Migrate off Legacy SMS — LATAM 2025-06,Paid Social,Paid Social,34,C,false,true,0,New,,,,false,false,false,,3,5,U-017,,,
LEAD-10577,2026-05-17,Aster Learning,Developer,Senior Backend Engineer,Mexico,AMER,Conference,Inbound Marketing,CMP-035,Q3 Pipeline Push — EMEA 2026-05,Conference,Conference,55,B,false,false,0,MQL,2026-05-17,,,true,false,false,,2,10,U-025,,,
LEAD-10578,2026-07-28,Pallas Pay,Developer,Senior Backend Engineer,Canada,AMER,Organic Search,Inbound Marketing,CMP-012,AI Search Visibility — AMER 2026-07,Organic Search,Organic Search,64,B,false,false,0,Nurture,2026-08-05,,,true,false,false,,3,6,U-023,,,
LEAD-10579,2025-10-24,Wexler Logistics,Developer,Senior Backend Engineer,Australia,APAC,Paid Search,Inbound Marketing,CMP-006,AI Search Visibility — AMER 2026-02,Paid Search,Paid Search,76,A,false,false,0,Nurture,2025-11-01,,,true,false,false,,0,6,U-021,,,
LEAD-10580,2025-05-29,Ember Technologies,CX / Support Leader,VP Customer Experience,Spain,EMEA,Outbound Sequence,Outbound,CMP-037,Verify Fraud Playbook — EMEA 2025-04,Outbound Sequence,Outbound Sequence,56,B,false,false,0,Converted,2025-06-19,2025-06-23,2025-07-09,true,true,true,,1,9,U-024,U-006,ACC-1122,OPP-20115
LEAD-10581,2026-03-27,Beacon Insure,Engineering Leader,Head of Platform,United States,AMER,Paid Social,Inbound Marketing,CMP-009,Copilot API Beta — AMER 2026-01,Paid Social,Paid Social,30,C,false,false,0,New,,,,false,false,false,,3,7,U-015,,,
LEAD-10582,2026-01-18,Onyx Pay,Developer,Senior Backend Engineer,Canada,AMER,Partner / Marketplace,Partner / Referral,CMP-043,Latency Benchmark — APAC 2026-01,Partner / Marketplace,Partner / Marketplace,47,C,false,false,0,Converted,2026-01-29,2026-02-19,2026-03-24,true,true,true,,3,2,U-019,U-011,ACC-1037,OPP-20116
LEAD-10583,2025-06-10,Sable Pay,Product Manager,Director of Product,Singapore,APAC,Paid Social,Product,CMP-008,Developer Docs Refresh — EMEA 2026-02,Paid Social,Paid Social,58,B,true,false,84,MQL,2025-07-01,,,true,false,false,,,1,,,,
LEAD-10584,2025-05-16,Zephyr Travel,Developer,Staff Engineer,Canada,AMER,Developer Community,Inbound Marketing,CMP-029,Build a Support Agent — EMEA 2025-11,Developer Community,Developer Community,31,C,false,false,0,Converted,2025-06-06,2025-06-19,2025-07-01,true,true,true,,1,11,U-022,U-004,ACC-1129,OPP-20117
LEAD-10585,2026-02-17,Meridian Labs,Engineering Leader,Head of Platform,Brazil,AMER,Paid Search,Inbound Marketing,CMP-002,Studio for Product Teams — AMER 2025-08,Paid Search,Docs & Quickstarts,68,B,false,false,0,MQL,2026-02-26,,,true,false,false,,2,5,U-022,,,
LEAD-10586,2026-08-26,Pallas Works,Developer,Platform Engineer,Mexico,AMER,Partner / Marketplace,Partner / Referral,CMP-044,Studio for Product Teams — AMER 2025-06,Partner / Marketplace,Partner / Marketplace,53,B,false,false,0,SQL,2026-09-03,2026-09-15,,true,true,false,,3,10,U-017,U-007,,
LEAD-10587,2025-05-20,Orbital Mobility,Developer,Senior Backend Engineer,United States,AMER,Organic Search,Product,CMP-014,Compliance & HIPAA — APAC 2025-09,Organic Search,Organic Search,57,B,true,true,91,MQL,2025-05-22,,,true,false,false,,,2,,,,
LEAD-10588,2025-05-18,Orbital Logistics,CX / Support Leader,Head of Support,Germany,EMEA,Partner / Marketplace,Partner / Referral,CMP-042,Migrate off Legacy SMS — AMER 2025-04,Partner / Marketplace,Conference,78,A,true,true,6,Converted,2025-05-22,2025-05-24,2025-06-08,true,true,true,,,1,,U-001,ACC-1091,OPP-20118
LEAD-10589,2025-10-09,Wexler Care,Developer,Senior Backend Engineer,Brazil,AMER,Organic Search,Inbound Marketing,CMP-013,Verify Fraud Playbook — LATAM 2026-01,Organic Search,Organic Search,39,C,false,false,0,Disqualified,,,,false,false,false,Duplicate,3,11,U-025,,,
LEAD-10590,2026-08-15,Ember Mobility,CX / Support Leader,Head of Support,United States,AMER,Partner / Marketplace,Partner / Referral,CMP-044,Studio for Product Teams — AMER 2025-06,Partner / Marketplace,Partner / Marketplace,64,B,true,true,67,New,,,,false,false,false,,,1,,,,
LEAD-10591,2025-04-05,Orbital Systems,Engineering Leader,Head of Platform,United States,AMER,Outbound Sequence,Outbound,CMP-040,AI Search Visibility — AMER 2026-05,Outbound Sequence,Outbound Sequence,47,C,false,false,0,Converted,2025-04-06,2025-05-02,2025-05-30,true,true,true,,1,9,U-025,U-014,ACC-1035,OPP-20119
LEAD-10592,2025-06-04,Dovetail Digital,CX / Support Leader,Head of Support,Brazil,AMER,Conference,Inbound Marketing,CMP-035,Q3 Pipeline Push — EMEA 2026-05,Conference,Webinar,66,B,false,true,0,New,,,,false,false,false,,1,7,U-025,,,
LEAD-10593,2025-11-09,Sable Technologies,Product Manager,Head of Product,Japan,APAC,Outbound Sequence,Outbound,CMP-037,Verify Fraud Playbook — EMEA 2025-04,Outbound Sequence,Outbound Sequence,48,C,false,false,0,New,,,,false,false,false,,1,6,U-016,,,
LEAD-10594,2026-02-12,Vantage Systems,Procurement / Finance,CFO,Mexico,AMER,Outbound Sequence,Outbound,CMP-038,Migrate off Legacy SMS — AMER 2025-04,Outbound Sequence,Organic Search,43,C,false,false,0,Converted,2026-02-27,2026-03-24,2026-04-02,true,true,true,,3,3,U-027,U-008,ACC-1054,OPP-20120
LEAD-10595,2025-06-12,Rivet Bank,Engineering Leader,CTO,United States,AMER,Paid Search,Inbound Marketing,CMP-001,Copilot API Beta — AMER 2026-02,Paid Search,Paid Search,70,A,false,false,0,SQL,2025-06-22,2025-07-14,,true,true,false,,3,4,U-018,U-009,,
LEAD-10596,2025-07-28,Tundra Learning,CX / Support Leader,Director of Service Ops,United States,AMER,Paid Search,Inbound Marketing,CMP-001,Copilot API Beta — AMER 2026-02,Paid Search,Paid Search,64,B,false,false,0,Disqualified,,,,false,false,false,Wrong geo,1,3,U-026,,,
LEAD-10597,2026-05-21,Onyx Group,Engineering Leader,Director of Engineering,Netherlands,EMEA,Paid Search,Inbound Marketing,CMP-002,Studio for Product Teams — AMER 2025-08,Paid Search,Paid Search,58,B,false,false,0,MQL,2026-06-11,,,true,false,false,,0,1,U-023,,,
LEAD-10598,2026-05-23,Halcyon Health,CX / Support Leader,Contact Centre Manager,India,APAC,Organic Search,Inbound Marketing,CMP-013,Verify Fraud Playbook — LATAM 2026-01,Organic Search,Organic Search,89,A,false,false,0,Disqualified,,,,false,false,false,Wrong geo,2,9,U-015,,,
LEAD-10599,2025-09-22,Quanta Labs,Engineering Leader,Head of Platform,Sweden,EMEA,Conference,Inbound Marketing,CMP-035,Q3 Pipeline Push — EMEA 2026-05,Conference,Conference,69,B,false,false,0,Converted,2025-10-13,2025-10-16,2025-11-13,true,true,true,,1,4,U-024,U-001,ACC-1099,OPP-20121
LEAD-10600,2026-03-15,Cinder Logistics,Product Manager,Product Manager,UAE,EMEA,Outbound Sequence,Outbound,CMP-038,Migrate off Legacy SMS — AMER 2025-04,Outbound Sequence,Outbound Sequence,18,D,false,false,0,Disqualified,,,,false,false,false,No use case,4,8,U-023,,,
LEAD-10601,2026-03-31,Vertex Travel,Engineering Leader,VP Engineering,United States,AMER,Paid Social,Product,CMP-007,Developer Docs Refresh — EMEA 2025-05,Paid Social,Partner / Marketplace,96,A,true,false,93,Nurture,2026-04-05,,,true,false,false,,,1,,,,
LEAD-10602,2025-06-09,Wexler Logistics,Product Manager,Senior PM,France,EMEA,Partner / Marketplace,Partner / Referral,CMP-044,Studio for Product Teams — AMER 2025-06,Partner / Marketplace,Partner / Marketplace,61,B,false,false,0,MQL,2025-06-29,,,true,false,false,,1,5,U-017,,,
LEAD-10603,2026-02-23,Cobalt Labs,Procurement / Finance,Procurement Manager,United States,AMER,Paid Search,Inbound Marketing,CMP-005,Migrate off Legacy SMS — AMER 2025-12,Paid Search,Paid Search,68,B,false,false,0,Converted,2026-02-23,2026-03-11,2026-04-13,true,true,true,,1,5,U-027,U-002,ACC-1004,OPP-20122
LEAD-10604,2026-06-25,Halcyon Care,Engineering Leader,VP Engineering,United States,AMER,Webinar,Inbound Marketing,CMP-033,Developer Docs Refresh — EMEA 2026-07,Webinar,Webinar,48,C,false,true,0,SQL,2026-07-13,2026-07-19,,true,true,false,,0,1,U-023,U-014,,
LEAD-10605,2026-08-26,Beacon Market,Product Manager,Head of Product,UAE,EMEA,Paid Social,Product,CMP-009,Copilot API Beta — AMER 2026-01,Paid Social,Paid Social,34,C,true,false,51,Disqualified,,,,false,false,false,No use case,,0,,,,
LEAD-10606,2026-04-13,Beacon Travel,Procurement / Finance,Head of Vendor Management,Brazil,AMER,Outbound Sequence,Outbound,CMP-040,AI Search Visibility — AMER 2026-05,Outbound Sequence,Conference,74,A,true,false,73,SQL,2026-04-22,2026-05-09,,true,true,false,,2,3,U-022,U-008,,
LEAD-10607,2025-05-28,Meridian Freight,Engineering Leader,Head of Platform,Indonesia,APAC,Developer Community,Product,CMP-029,Build a Support Agent — EMEA 2025-11,Developer Community,Partner / Marketplace,68,B,true,false,9,SQL,2025-05-30,2025-06-21,,true,true,false,,,1,,U-005,,
LEAD-10608,2025-06-19,Zephyr Group,Procurement / Finance,Procurement Manager,France,EMEA,Outbound Sequence,Outbound,CMP-039,Studio for Product Teams — EMEA 2026-02,Outbound Sequence,Outbound Sequence,63,B,true,true,47,Disqualified,,,,false,false,false,Duplicate,0,10,U-026,,,
LEAD-10609,2025-07-11,Beacon Labs,Developer,Platform Engineer,Brazil,AMER,Organic Search,Inbound Marketing,CMP-013,Verify Fraud Playbook — LATAM 2026-01,Organic Search,Organic Search,71,A,false,true,0,MQL,2025-07-25,,,true,false,false,,1,5,U-021,,,
LEAD-10610,2025-08-04,Lattice Cloud,Engineering Leader,VP Engineering,Australia,APAC,Docs & Quickstarts,Product,CMP-024,Verify Fraud Playbook — AMER 2025-05,Docs & Quickstarts,Docs & Quickstarts,82,A,true,true,68,Nurture,2025-08-22,,,true,false,false,,,1,,,,
LEAD-10611,2026-03-03,Orbital Systems,Developer,Senior Backend Engineer,Brazil,AMER,Docs & Quickstarts,Inbound Marketing,CMP-028,Migrate off Legacy SMS — AMER 2025-11,Docs & Quickstarts,Paid Search,51,B,false,false,0,SQL,2026-03-10,2026-03-18,,true,true,false,,4,6,U-020,U-001,,
LEAD-10612,2025-12-04,Vertex Learning,Engineering Leader,CTO,Brazil,AMER,Organic Search,Product,CMP-015,Studio for Product Teams — AMER 2025-11,Organic Search,Organic Search,72,A,true,false,4,Disqualified,,,,false,false,false,Went silent,,0,,,,
LEAD-10613,2026-05-02,Cinder Insure,Product Manager,Director of Product,Mexico,AMER,Paid Search,Inbound Marketing,CMP-003,Voice Agents Launch — EMEA 2025-12,Paid Search,Paid Search,56,B,false,false,0,Disqualified,,,,false,false,false,Free tier is enough,2,3,U-024,,,
LEAD-10614,2026-04-19,Orbital Group,Engineering Leader,Director of Engineering,UAE,EMEA,Outbound Sequence,Outbound,CMP-039,Studio for Product Teams — EMEA 2026-02,Outbound Sequence,Outbound Sequence,72,A,false,true,0,SQL,2026-05-01,2026-05-08,,true,true,false,,2,7,U-017,U-013,,
LEAD-10615,2025-07-30,Kestrel Works,Engineering Leader,Head of Platform,UAE,EMEA,Outbound Sequence,Outbound,CMP-041,Studio for Product Teams — AMER 2025-04,Outbound Sequence,Outbound Sequence,40,C,false,false,0,Disqualified,,,,false,false,false,Went silent,0,2,U-024,,,
LEAD-10616,2026-06-12,Sable Care,Product Manager,Director of Product,United States,AMER,Webinar,Inbound Marketing,CMP-032,Copilot API Beta — AMER 2025-12,Webinar,Webinar,36,C,false,false,0,Working,,,,false,false,false,,2,7,U-026,,,
LEAD-10617,2025-05-12,Cinder Mobility,CX / Support Leader,Contact Centre Manager,Mexico,AMER,Paid Social,Inbound Marketing,CMP-007,Developer Docs Refresh — EMEA 2025-05,Paid Social,Webinar,60,B,false,false,0,New,,,,false,false,false,,1,5,U-026,,,
LEAD-10618,2026-09-03,Rivet Mobility,Developer,Senior Backend Engineer,Brazil,AMER,Customer Referral,Partner / Referral,CMP-046,Migrate off Legacy SMS — AMER 2026-03,Customer Referral,Customer Referral,56,B,false,false,0,Converted,2026-09-20,2026-09-27,2026-10-04,true,true,true,,0,10,U-026,U-002,ACC-1057,OPP-20123
LEAD-10619,2026-01-31,Solstice Travel,Engineering Leader,VP Engineering,Brazil,AMER,Organic Search,Product,CMP-012,AI Search Visibility — AMER 2026-07,Organic Search,Organic Search,74,A,true,false,46,MQL,2026-02-03,,,true,false,false,,,2,,,,
LEAD-10620,2025-11-01,Pallas Mobility,Developer,Platform Engineer,Canada,AMER,Docs & Quickstarts,Product,CMP-027,Cut Your Deflection Cost — APAC 2025-05,Docs & Quickstarts,Docs & Quickstarts,44,C,true,true,59,SQL,2025-11-11,2025-11-23,,true,true,false,,,2,,U-012,,
LEAD-10621,2026-03-24,Beacon Pay,CX / Support Leader,Director of Service Ops,Canada,AMER,Customer Referral,Partner / Referral,CMP-046,Migrate off Legacy SMS — AMER 2026-03,Customer Referral,Paid Social,57,B,false,false,0,Converted,2026-04-13,2026-05-02,2026-05-31,true,true,true,,3,6,U-020,U-003,ACC-1037,OPP-20124
LEAD-10622,2026-08-17,Cobalt Care,Engineering Leader,Head of Platform,France,EMEA,Outbound Sequence,Outbound,CMP-040,AI Search Visibility — AMER 2026-05,Outbound Sequence,Outbound Sequence,63,B,false,false,0,SQL,2026-08-19,2026-09-11,,true,true,false,,3,3,U-019,U-002,,
LEAD-10623,2026-08-23,Cinder Market,Developer,Senior Backend Engineer,Spain,EMEA,Paid Search,Product,CMP-006,AI Search Visibility — AMER 2026-02,Paid Search,Paid Search,61,B,true,true,88,Disqualified,,,,false,false,false,Wrong geo,,2,,,,
LEAD-10624,2026-01-13,Ember Systems,Engineering Leader,VP Engineering,Mexico,AMER,Conference,Inbound Marketing,CMP-036,Compliance & HIPAA — AMER 2026-04,Conference,Outbound Sequence,69,B,false,false,0,MQL,2026-01-21,,,true,false,false,,3,9,U-022,,,
LEAD-10625,2025-09-15,Sable Retail,Developer,Senior Backend Engineer,Mexico,AMER,Paid Search,Inbound Marketing,CMP-004,Cut Your Deflection Cost — AMER 2025-11,Paid Search,Organic Search,77,A,false,false,0,Converted,2025-09-19,2025-09-29,2025-10-26,true,true,true,,2,9,U-025,U-004,ACC-1096,OPP-20125
LEAD-10626,2026-06-06,Aster Market,Developer,Software Engineer,Canada,AMER,Paid Social,Inbound Marketing,CMP-008,Developer Docs Refresh — EMEA 2026-02,Paid Social,Paid Social,34,C,false,false,0,Disqualified,,,,false,false,false,Free tier is enough,2,10,U-015,,,
LEAD-10627,2026-06-03,Umbra Freight,Developer,Platform Engineer,India,APAC,Paid Search,Inbound Marketing,CMP-002,Studio for Product Teams — AMER 2025-08,Paid Search,Paid Search,40,C,false,false,0,New,,,,false,false,false,,0,6,U-023,,,
LEAD-10628,2025-08-09,Sable Works,Developer,Senior Backend Engineer,Brazil,AMER,Webinar,Inbound Marketing,CMP-032,Copilot API Beta — AMER 2025-12,Webinar,Webinar,30,C,false,false,0,Disqualified,,,,false,false,false,Free tier is enough,3,6,U-020,,,
LEAD-10629,2026-02-14,Cinder Market,CX / Support Leader,VP Customer Experience,Canada,AMER,AI Assistant Referral,Product,CMP-022,Q3 Pipeline Push — AMER 2025-10,AI Assistant Referral,AI Assistant Referral,89,A,true,true,55,MQL,2026-02-25,,,true,false,false,,,1,,,,
LEAD-10630,2026-08-07,Dovetail Market,CX / Support Leader,Director of Service Ops,Mexico,AMER,Conference,Inbound Marketing,CMP-036,Compliance & HIPAA — AMER 2026-04,Conference,Paid Social,35,C,false,false,0,Disqualified,,,,false,false,false,Student / hobby project,3,8,U-025,,,
LEAD-10631,2026-05-21,Harbor Logistics,Product Manager,Director of Product,Canada,AMER,Paid Search,Inbound Marketing,CMP-005,Migrate off Legacy SMS — AMER 2025-12,Paid Search,Paid Search,75,A,false,false,0,MQL,2026-05-22,,,true,false,false,,1,6,U-027,,,
LEAD-10632,2026-04-08,Cobalt Gaming,Developer,Staff Engineer,Brazil,AMER,Organic Search,Inbound Marketing,CMP-013,Verify Fraud Playbook — LATAM 2026-01,Organic Search,Developer Community,57,B,false,false,0,SQL,2026-04-10,2026-04-11,,true,true,false,,3,2,U-023,U-006,,
LEAD-10633,2025-04-26,Wexler Works,CX / Support Leader,VP Customer Experience,Germany,EMEA,Paid Search,Inbound Marketing,CMP-002,Studio for Product Teams — AMER 2025-08,Paid Search,Conference,75,A,false,false,0,Converted,2025-04-28,2025-05-16,2025-05-22,true,true,true,,3,6,U-020,U-001,ACC-1130,OPP-20126
LEAD-10634,2025-05-12,Ember Retail,Developer,Software Engineer,United Kingdom,EMEA,Developer Community,Product,CMP-031,Developer Docs Refresh — EMEA 2026-07,Developer Community,Developer Community,45,C,true,true,92,Disqualified,,,,false,false,false,Went silent,,2,,,,
LEAD-10635,2026-06-20,Dovetail Works,Product Manager,Director of Product,Colombia,LATAM,Organic Search,Product,CMP-018,Voice Agents Launch — AMER 2025-11,Organic Search,Organic Search,75,A,true,true,79,Converted,2026-07-05,2026-07-20,2026-08-16,true,true,true,,,0,,U-013,ACC-1062,OPP-20127
LEAD-10636,2025-10-25,Solstice Bank,Product Manager,Director of Product,Mexico,AMER,Developer Community,Inbound Marketing,CMP-031,Developer Docs Refresh — EMEA 2026-07,Developer Community,Developer Community,51,B,false,false,0,Disqualified,,,,false,false,false,Competitor,0,7,U-024,,,
LEAD-10637,2026-03-30,Cinder Bank,Product Manager,Director of Product,Mexico,AMER,Organic Search,Product,CMP-017,Latency Benchmark — AMER 2026-05,Organic Search,Partner / Marketplace,60,B,true,false,92,Converted,2026-04-06,2026-04-23,2026-04-29,true,true,true,,,2,,U-013,ACC-1055,OPP-20128
LEAD-10638,2026-08-03,Kestrel Travel,Product Manager,Head of Product,UAE,EMEA,Partner / Marketplace,Partner / Referral,CMP-043,Latency Benchmark — APAC 2026-01,Partner / Marketplace,Webinar,80,A,true,false,65,MQL,2026-08-10,,,true,false,false,,,0,,,,
LEAD-10639,2025-10-02,Cinder Group,CX / Support Leader,Director of Service Ops,Mexico,AMER,Developer Community,Inbound Marketing,CMP-031,Developer Docs Refresh — EMEA 2026-07,Developer Community,Developer Community,81,A,false,false,0,Converted,2025-10-05,2025-10-06,2025-10-09,true,true,true,,0,11,U-016,U-004,ACC-1079,OPP-20129
LEAD-10640,2025-06-13,Vertex Insure,CX / Support Leader,Head of Support,Brazil,AMER,Organic Search,Inbound Marketing,CMP-015,Studio for Product Teams — AMER 2025-11,Organic Search,Organic Search,78,A,false,false,0,New,,,,false,false,false,,2,10,U-024,,,
LEAD-10641,2025-09-26,Umbra Cloud,Engineering Leader,CTO,Indonesia,APAC,Partner / Marketplace,Partner / Referral,CMP-044,Studio for Product Teams — AMER 2025-06,Partner / Marketplace,Paid Social,72,A,false,true,0,Converted,2025-10-13,2025-11-04,2025-11-09,true,true,true,,4,9,U-019,U-009,ACC-1072,OPP-20130
LEAD-10642,2026-03-10,Quanta Health,Procurement / Finance,Finance Director,India,APAC,Paid Social,Product,CMP-008,Developer Docs Refresh — EMEA 2026-02,Paid Social,Outbound Sequence,97,A,true,true,29,Disqualified,,,,false,false,false,No use case,,2,,,,
LEAD-10643,2026-09-15,Lattice Digital,Developer,Senior Backend Engineer,United Kingdom,EMEA,Paid Search,Inbound Marketing,CMP-003,Voice Agents Launch — EMEA 2025-12,Paid Search,Paid Search,56,B,false,false,0,Nurture,2026-09-19,,,true,false,false,,0,11,U-020,,,
LEAD-10644,2025-07-20,Zephyr Digital,Product Manager,Head of Product,France,EMEA,Paid Search,Inbound Marketing,CMP-006,AI Search Visibility — AMER 2026-02,Paid Search,Organic Search,56,B,false,false,0,MQL,2025-07-28,,,true,false,false,,1,11,U-017,,,
LEAD-10645,2025-10-27,Rivet Works,Product Manager,Senior PM,Brazil,AMER,Docs & Quickstarts,Product,CMP-027,Cut Your Deflection Cost — APAC 2025-05,Docs & Quickstarts,Developer Community,69,B,true,true,31,Converted,2025-11-10,2025-11-20,2025-12-24,true,true,true,,,1,,U-009,ACC-1029,OPP-20131
LEAD-10646,2026-05-10,Ember Market,CX / Support Leader,Contact Centre Manager,Mexico,AMER,Paid Search,Inbound Marketing,CMP-005,Migrate off Legacy SMS — AMER 2025-12,Paid Search,Paid Search,53,B,false,false,0,Working,,,,false,false,false,,1,10,U-017,,,
LEAD-10647,2025-10-10,Foundry Gaming,CX / Support Leader,VP Customer Experience,UAE,EMEA,Outbound Sequence,Outbound,CMP-040,AI Search Visibility — AMER 2026-05,Outbound Sequence,Paid Search,47,C,false,false,0,Converted,2025-10-12,2025-10-29,2025-11-15,true,true,true,,6,3,U-027,U-004,ACC-1091,OPP-20132
LEAD-10648,2026-05-17,Pallas Care,Engineering Leader,Director of Engineering,Brazil,AMER,Developer Community,Product,CMP-031,Developer Docs Refresh — EMEA 2026-07,Developer Community,Developer Community,76,A,true,false,52,New,,,,false,false,false,,,2,,,,
LEAD-10649,2026-03-02,Dovetail Care,Developer,Staff Engineer,Canada,AMER,AI Assistant Referral,Product,CMP-022,Q3 Pipeline Push — AMER 2025-10,AI Assistant Referral,AI Assistant Referral,76,A,true,true,42,Disqualified,,,,false,false,false,Free tier is enough,,1,,,,
LEAD-10650,2026-08-01,Dovetail Mobility,Engineering Leader,VP Engineering,Germany,EMEA,Docs & Quickstarts,Product,CMP-023,Q3 Pipeline Push — AMER 2025-06,Docs & Quickstarts,Docs & Quickstarts,88,A,true,false,36,Converted,2026-08-18,2026-09-04,2026-09-06,true,true,true,,,0,,U-010,ACC-1130,OPP-20133
LEAD-10651,2025-10-16,Juniper Freight,CX / Support Leader,Head of Support,Sweden,EMEA,Paid Search,Inbound Marketing,CMP-001,Copilot API Beta — AMER 2026-02,Paid Search,Paid Search,68,B,false,false,0,Converted,2025-10-30,2025-11-09,2025-11-28,true,true,true,,1,9,U-021,U-010,ACC-1100,OPP-20134
LEAD-10652,2025-07-09,Zephyr Cloud,Developer,Staff Engineer,Spain,EMEA,Webinar,Inbound Marketing,CMP-033,Developer Docs Refresh — EMEA 2026-07,Webinar,Paid Search,42,C,false,false,0,Working,,,,false,false,false,,4,4,U-026,,,
LEAD-10653,2025-06-13,Zephyr Labs,Developer,Software Engineer,Germany,EMEA,Developer Community,Product,CMP-030,Latency Benchmark — AMER 2025-08,Developer Community,Developer Community,84,A,true,false,30,Disqualified,,,,false,false,false,Free tier is enough,,2,,,,
LEAD-10654,2025-06-28,Cinder Logistics,Developer,Software Engineer,Germany,EMEA,Organic Search,Inbound Marketing,CMP-017,Latency Benchmark — AMER 2026-05,Organic Search,Paid Search,47,C,false,false,0,MQL,2025-07-05,,,true,false,false,,2,1,U-018,,,
LEAD-10655,2026-08-23,Wexler Travel,Engineering Leader,Director of Engineering,Spain,EMEA,Webinar,Inbound Marketing,CMP-034,Copilot API Beta — EMEA 2026-03,Webinar,Webinar,50,B,false,false,0,SQL,2026-08-25,2026-09-08,,true,true,false,,4,6,U-018,U-009,,
LEAD-10656,2026-09-08,Cobalt Insure,Developer,Software Engineer,Singapore,APAC,Paid Search,Product,CMP-002,Studio for Product Teams — AMER 2025-08,Paid Search,Paid Search,68,B,true,false,83,MQL,2026-09-14,,,true,false,false,,,1,,,,
LEAD-10657,2025-10-29,Lumen Digital,Developer,Senior Backend Engineer,Mexico,AMER,Paid Search,Inbound Marketing,CMP-005,Migrate off Legacy SMS — AMER 2025-12,Paid Search,Paid Search,48,C,false,false,0,MQL,2025-11-16,,,true,false,false,,3,3,U-019,,,
LEAD-10658,2025-05-28,Cinder Group,Product Manager,Senior PM,Japan,APAC,Customer Referral,Partner / Referral,CMP-045,Compliance & HIPAA — AMER 2025-09,Customer Referral,Organic Search,91,A,true,true,99,Converted,2025-06-11,2025-06-24,2025-07-06,true,true,true,,,1,,U-001,ACC-1072,OPP-20135
LEAD-10659,2026-03-26,Zephyr Retail,Developer,Senior Backend Engineer,UAE,EMEA,Docs & Quickstarts,Product,CMP-026,Studio for Product Teams — AMER 2025-08,Docs & Quickstarts,Docs & Quickstarts,52,B,true,true,58,Disqualified,,,,false,false,false,Competitor,,1,,,,
LEAD-10660,2026-02-08,Beacon Systems,CX / Support Leader,Director of Service Ops,United States,AMER,Webinar,Inbound Marketing,CMP-032,Copilot API Beta — AMER 2025-12,Webinar,Conference,67,B,false,false,0,Converted,2026-02-10,2026-03-06,2026-04-03,true,true,true,,0,5,U-015,U-004,ACC-1136,OPP-20136
LEAD-10661,2026-02-07,Cobalt Labs,Engineering Leader,CTO,Canada,AMER,Organic Search,Product,CMP-017,Latency Benchmark — AMER 2026-05,Organic Search,Organic Search,90,A,true,true,79,Disqualified,,,,false,false,false,Free tier is enough,,2,,,,
LEAD-10662,2026-06-05,Kestrel Cloud,Developer,Staff Engineer,Brazil,AMER,Developer Community,Product,CMP-031,Developer Docs Refresh — EMEA 2026-07,Developer Community,Customer Referral,60,B,true,true,88,MQL,2026-06-16,,,true,false,false,,,0,,,,
LEAD-10663,2025-05-07,Cinder Cloud,CX / Support Leader,Director of Service Ops,Netherlands,EMEA,Organic Search,Inbound Marketing,CMP-011,Developer Docs Refresh — LATAM 2025-04,Organic Search,Webinar,61,B,false,false,0,MQL,2025-05-18,,,true,false,false,,3,9,U-026,,,
LEAD-10664,2025-12-20,Rivet Gaming,Developer,Staff Engineer,Mexico,AMER,Outbound Sequence,Outbound,CMP-038,Migrate off Legacy SMS — AMER 2025-04,Outbound Sequence,Outbound Sequence,33,C,false,true,0,Disqualified,,,,false,false,false,Competitor,1,9,U-016,,,
LEAD-10665,2025-06-11,Juniper Logistics,Developer,Staff Engineer,Mexico,AMER,Partner / Marketplace,Partner / Referral,CMP-044,Studio for Product Teams — AMER 2025-06,Partner / Marketplace,Paid Social,35,C,false,false,0,Disqualified,,,,false,false,false,Went silent,1,11,U-026,,,
LEAD-10666,2025-09-17,Vantage Freight,Engineering Leader,Director of Engineering,Japan,APAC,Organic Search,Product,CMP-011,Developer Docs Refresh — LATAM 2025-04,Organic Search,Organic Search,90,A,true,true,47,SQL,2025-09-17,2025-10-04,,true,true,false,,,0,,U-014,,
LEAD-10667,2025-08-20,Solstice Technologies,Procurement / Finance,Finance Director,Canada,AMER,Paid Search,Inbound Marketing,CMP-002,Studio for Product Teams — AMER 2025-08,Paid Search,Paid Search,84,A,false,false,0,Disqualified,,,,false,false,false,No use case,3,11,U-026,,,
LEAD-10668,2025-08-08,Aster Retail,CX / Support Leader,Head of Support,Mexico,AMER,Customer Referral,Partner / Referral,CMP-045,Compliance & HIPAA — AMER 2025-09,Customer Referral,Paid Social,98,A,true,true,83,MQL,2025-08-24,,,true,false,false,,,0,,,,
LEAD-10669,2026-08-26,Meridian Pay,Product Manager,Product Manager,United States,AMER,Organic Search,Inbound Marketing,CMP-014,Compliance & HIPAA — APAC 2025-09,Organic Search,Conference,52,B,false,false,0,Converted,2026-09-15,2026-10-01,2026-10-25,true,true,true,,0,3,U-027,U-005,ACC-1094,OPP-20137
LEAD-10670,2025-10-14,Vantage Care,CX / Support Leader,Director of Service Ops,United States,AMER,Paid Social,Inbound Marketing,CMP-007,Developer Docs Refresh — EMEA 2025-05,Paid Social,Paid Social,43,C,false,false,0,New,,,,false,false,false,,2,1,U-022,,,
LEAD-10671,2025-09-02,Sable Travel,Developer,Staff Engineer,Brazil,AMER,Partner / Marketplace,Partner / Referral,CMP-044,Studio for Product Teams — AMER 2025-06,Partner / Marketplace,Outbound Sequence,25,D,false,false,0,New,,,,false,false,false,,2,7,U-027,,,
LEAD-10672,2026-03-17,Kestrel Gaming,Procurement / Finance,Head of Vendor Management,Brazil,AMER,Conference,Inbound Marketing,CMP-035,Q3 Pipeline Push — EMEA 2026-05,Conference,Conference,51,B,false,true,0,Converted,2026-04-07,2026-04-30,2026-05-06,true,true,true,,3,2,U-027,U-002,ACC-1048,OPP-20138
LEAD-10673,2026-08-23,Dovetail Travel,Developer,Senior Backend Engineer,India,APAC,Outbound Sequence,Outbound,CMP-037,Verify Fraud Playbook — EMEA 2025-04,Outbound Sequence,Webinar,57,B,true,false,17,MQL,2026-09-08,,,true,false,false,,1,3,U-024,,,
LEAD-10674,2025-07-28,Ember Logistics,Product Manager,Senior PM,Chile,LATAM,Paid Search,Inbound Marketing,CMP-001,Copilot API Beta — AMER 2026-02,Paid Search,Developer Community,70,A,false,false,0,MQL,2025-08-18,,,true,false,false,,3,1,U-026,,,
LEAD-10675,2026-06-04,Ember Systems,Product Manager,Senior PM,Singapore,APAC,Outbound Sequence,Outbound,CMP-041,Studio for Product Teams — AMER 2025-04,Outbound Sequence,Outbound Sequence,32,C,false,false,0,Working,,,,false,false,false,,3,1,U-027,,,
LEAD-10676,2026-04-16,Halcyon Market,Developer,Staff Engineer,Mexico,AMER,Docs & Quickstarts,Inbound Marketing,CMP-026,Studio for Product Teams — AMER 2025-08,Docs & Quickstarts,Docs & Quickstarts,57,B,false,true,0,Converted,2026-04-23,2026-05-01,2026-05-06,true,true,true,,3,8,U-021,U-005,ACC-1057,OPP-20139
LEAD-10677,2026-02-04,Kestrel Bank,Developer,Platform Engineer,Canada,AMER,Developer Community,Product,CMP-030,Latency Benchmark — AMER 2025-08,Developer Community,Partner / Marketplace,50,B,true,true,49,Converted,2026-02-13,2026-03-02,2026-03-25,true,true,true,,,2,,U-009,ACC-1000,OPP-20140
LEAD-10678,2025-08-24,Cinder Health,Product Manager,Director of Product,Japan,APAC,Docs & Quickstarts,Product,CMP-027,Cut Your Deflection Cost — APAC 2025-05,Docs & Quickstarts,Developer Community,64,B,true,false,26,MQL,2025-08-30,,,true,false,false,,,0,,,,
LEAD-10679,2026-09-12,Vertex Technologies,Developer,Platform Engineer,Netherlands,EMEA,Paid Search,Product,CMP-004,Cut Your Deflection Cost — AMER 2025-11,Paid Search,Webinar,45,C,true,true,90,Converted,2026-09-20,2026-09-24,2026-10-11,true,true,true,,,0,,U-006,ACC-1047,OPP-20141
LEAD-10680,2025-11-19,Vantage Travel,CX / Support Leader,Director of Service Ops,Indonesia,APAC,Organic Search,Product,CMP-016,Q3 Pipeline Push — AMER 2026-04,Organic Search,Organic Search,93,A,true,false,54,Disqualified,,,,false,false,false,No budget,,0,,,,
LEAD-10681,2026-03-01,Dovetail Works,CX / Support Leader,Head of Support,Japan,APAC,Partner / Marketplace,Partner / Referral,CMP-044,Studio for Product Teams — AMER 2025-06,Partner / Marketplace,Paid Social,72,A,true,true,54,Converted,2026-03-17,2026-04-09,2026-04-14,true,true,true,,,1,,U-012,ACC-1094,OPP-20142
LEAD-10682,2026-05-27,Foundry Group,CX / Support Leader,Head of Support,Brazil,AMER,Customer Referral,Partner / Referral,CMP-045,Compliance & HIPAA — AMER 2025-09,Customer Referral,Customer Referral,73,A,false,false,0,Disqualified,,,,false,false,false,No budget,2,6,U-015,,,
LEAD-10683,2026-02-18,Meridian Technologies,Developer,Senior Backend Engineer,Mexico,AMER,Outbound Sequence,Outbound,CMP-040,AI Search Visibility — AMER 2026-05,Outbound Sequence,Outbound Sequence,52,B,false,false,0,SQL,2026-02-18,2026-03-14,,true,true,false,,0,2,U-024,U-007,,
LEAD-10684,2026-08-20,Vantage Group,Developer,Senior Backend Engineer,Mexico,AMER,Outbound Sequence,Outbound,CMP-040,AI Search Visibility — AMER 2026-05,Outbound Sequence,Customer Referral,33,C,false,false,0,New,,,,false,false,false,,4,1,U-018,,,
LEAD-10685,2025-08-01,Tundra Works,Engineering Leader,Director of Engineering,Mexico,AMER,Conference,Inbound Marketing,CMP-036,Compliance & HIPAA — AMER 2026-04,Conference,Conference,39,C,false,false,0,New,,,,false,false,false,,2,11,U-017,,,
LEAD-10686,2026-07-06,Orbital Insure,Product Manager,Head of Product,Canada,AMER,Developer Community,Inbound Marketing,CMP-029,Build a Support Agent — EMEA 2025-11,Developer Community,Developer Community,35,C,false,false,0,Working,,,,false,false,false,,0,1,U-018,,,
LEAD-10687,2026-03-05,Cinder Market,Procurement / Finance,Procurement Manager,Netherlands,EMEA,Organic Search,Product,CMP-014,Compliance & HIPAA — APAC 2025-09,Organic Search,Organic Search,99,A,true,false,63,Converted,2026-03-26,2026-04-07,2026-05-08,true,true,true,,,1,,U-007,ACC-1088,OPP-20143
LEAD-10688,2025-10-18,Solstice Care,Developer,Platform Engineer,United States,AMER,AI Assistant Referral,Product,CMP-020,Q3 Pipeline Push — AMER 2025-12,AI Assistant Referral,AI Assistant Referral,77,A,true,true,66,Working,,,,false,false,false,,,1,,,,
LEAD-10689,2026-02-01,Vertex Mobility,Developer,Staff Engineer,Australia,APAC,Paid Search,Inbound Marketing,CMP-002,Studio for Product Teams — AMER 2025-08,Paid Search,Customer Referral,67,B,false,false,0,MQL,2026-02-21,,,true,false,false,,2,3,U-023,,,
LEAD-10690,2026-07-13,Sable Works,Developer,Staff Engineer,Colombia,LATAM,Organic Search,Inbound Marketing,CMP-014,Compliance & HIPAA — APAC 2025-09,Organic Search,Organic Search,37,C,false,false,0,New,,,,false,false,false,,0,7,U-016,,,
LEAD-10691,2025-09-12,Vertex Technologies,Procurement / Finance,Procurement Manager,India,APAC,Docs & Quickstarts,Product,CMP-027,Cut Your Deflection Cost — APAC 2025-05,Docs & Quickstarts,Docs & Quickstarts,95,A,true,true,11,Nurture,2025-09-15,,,true,false,false,,,0,,,,
LEAD-10692,2025-07-24,Zephyr Technologies,CX / Support Leader,Director of Service Ops,Sweden,EMEA,Webinar,Product,CMP-032,Copilot API Beta — AMER 2025-12,Webinar,Outbound Sequence,78,A,true,false,50,MQL,2025-08-08,,,true,false,false,,,1,,,,
LEAD-10693,2025-12-01,Vertex Pay,Engineering Leader,VP Engineering,France,EMEA,Customer Referral,Partner / Referral,CMP-046,Migrate off Legacy SMS — AMER 2026-03,Customer Referral,Customer Referral,99,A,true,true,37,Converted,2025-12-19,2025-12-25,2026-01-10,true,true,true,,,0,,U-002,ACC-1100,OPP-20144
LEAD-10694,2026-08-07,Rivet Freight,Engineering Leader,CTO,Brazil,AMER,Outbound Sequence,Outbound,CMP-037,Verify Fraud Playbook — EMEA 2025-04,Outbound Sequence,Conference,34,C,false,false,0,SQL,2026-08-11,2026-08-22,,true,true,false,,2,11,U-021,U-011,,
LEAD-10695,2026-06-15,Ember Bank,Product Manager,Senior PM,Australia,APAC,AI Assistant Referral,Product,CMP-020,Q3 Pipeline Push — AMER 2025-12,AI Assistant Referral,AI Assistant Referral,83,A,true,false,25,SQL,2026-07-06,2026-07-07,,true,true,false,,,2,,U-012,,
LEAD-10696,2025-08-29,North Market,CX / Support Leader,Contact Centre Manager,Brazil,AMER,Webinar,Inbound Marketing,CMP-034,Copilot API Beta — EMEA 2026-03,Webinar,Webinar,68,B,false,false,0,Converted,2025-09-04,2025-09-26,2025-10-24,true,true,true,,2,9,U-019,U-004,ACC-1095,OPP-20145
LEAD-10697,2026-07-17,Halcyon Learning,Engineering Leader,VP Engineering,UAE,EMEA,Webinar,Product,CMP-034,Copilot API Beta — EMEA 2026-03,Webinar,Webinar,81,A,true,true,29,Nurture,2026-07-29,,,true,false,false,,,0,,,,
LEAD-10698,2025-10-11,Wexler Labs,Procurement / Finance,Head of Vendor Management,France,EMEA,Outbound Sequence,Outbound,CMP-040,AI Search Visibility — AMER 2026-05,Outbound Sequence,Outbound Sequence,44,C,false,true,0,Working,,,,false,false,false,,2,6,U-023,,,
LEAD-10699,2025-06-23,Dovetail Digital,Product Manager,Product Manager,Indonesia,APAC,Webinar,Inbound Marketing,CMP-034,Copilot API Beta — EMEA 2026-03,Webinar,Conference,58,B,false,false,0,MQL,2025-07-09,,,true,false,false,,1,3,U-023,,,
LEAD-10700,2025-04-16,Rivet Group,Developer,Platform Engineer,United Kingdom,EMEA,Organic Search,Product,CMP-014,Compliance & HIPAA — APAC 2025-09,Organic Search,Organic Search,67,B,true,true,56,Working,,,,false,false,false,,,2,,,,
LEAD-10701,2026-05-10,Solstice Freight,Engineering Leader,Head of Platform,Mexico,AMER,Organic Search,Inbound Marketing,CMP-014,Compliance & HIPAA — APAC 2025-09,Organic Search,Organic Search,73,A,false,false,0,Converted,2026-05-31,2026-06-05,2026-06-29,true,true,true,,2,4,U-016,U-005,ACC-1008,OPP-20146
LEAD-10702,2025-12-07,Solstice Gaming,Procurement / Finance,Finance Director,Spain,EMEA,Webinar,Inbound Marketing,CMP-033,Developer Docs Refresh — EMEA 2026-07,Webinar,Webinar,76,A,false,false,0,Disqualified,,,,false,false,false,Went silent,2,9,U-015,,,
LEAD-10703,2026-05-17,Tundra Freight,Developer,Software Engineer,Mexico,AMER,Paid Search,Inbound Marketing,CMP-006,AI Search Visibility — AMER 2026-02,Paid Search,Conference,59,B,false,false,0,MQL,2026-05-31,,,true,false,false,,2,1,U-018,,,
LEAD-10704,2025-10-27,Halcyon Systems,Developer,Senior Backend Engineer,Singapore,APAC,Outbound Sequence,Outbound,CMP-038,Migrate off Legacy SMS — AMER 2025-04,Outbound Sequence,Paid Social,44,C,false,false,0,SQL,2025-11-10,2025-11-11,,true,true,false,,2,3,U-017,U-009,,
LEAD-10705,2025-07-15,Umbra Mobility,Engineering Leader,Head of Platform,United States,AMER,Paid Search,Inbound Marketing,CMP-002,Studio for Product Teams — AMER 2025-08,Paid Search,Webinar,97,A,false,false,0,MQL,2025-07-25,,,true,false,false,,2,2,U-025,,,
LEAD-10706,2026-04-09,North Digital,Developer,Platform Engineer,India,APAC,Paid Social,Inbound Marketing,CMP-009,Copilot API Beta — AMER 2026-01,Paid Social,Paid Social,38,C,false,false,0,Working,,,,false,false,false,,2,8,U-017,,,
LEAD-10707,2026-05-15,Wexler Systems,Developer,Platform Engineer,Germany,EMEA,Docs & Quickstarts,Product,CMP-025,Migrate off Legacy SMS — EMEA 2025-09,Docs & Quickstarts,Docs & Quickstarts,79,A,true,false,69,MQL,2026-05-30,,,true,false,false,,,1,,,,
LEAD-10708,2026-08-19,Meridian Logistics,Engineering Leader,Director of Engineering,Brazil,AMER,Docs & Quickstarts,Product,CMP-028,Migrate off Legacy SMS — AMER 2025-11,Docs & Quickstarts,Docs & Quickstarts,83,A,true,true,99,Nurture,2026-08-20,,,true,false,false,,,2,,,,
LEAD-10709,2025-12-26,Lattice Pay,Procurement / Finance,Head of Vendor Management,United States,AMER,Docs & Quickstarts,Product,CMP-027,Cut Your Deflection Cost — APAC 2025-05,Docs & Quickstarts,Customer Referral,96,A,true,true,26,Disqualified,,,,false,false,false,Wrong geo,,1,,,,
LEAD-10710,2026-08-16,Lumen Group,CX / Support Leader,Head of Support,Mexico,AMER,AI Assistant Referral,Product,CMP-021,Latency Benchmark — LATAM 2025-09,AI Assistant Referral,AI Assistant Referral,83,A,true,false,33,Disqualified,,,,false,false,false,Wrong geo,,0,,,,
LEAD-10711,2026-06-11,Solstice Logistics,Procurement / Finance,CFO,Japan,APAC,Developer Community,Product,CMP-030,Latency Benchmark — AMER 2025-08,Developer Community,Developer Community,75,A,true,true,9,SQL,2026-06-27,2026-07-01,,true,true,false,,,1,,U-010,,
LEAD-10712,2026-07-03,Harbor Insure,Developer,Staff Engineer,Canada,AMER,Organic Search,Product,CMP-014,Compliance & HIPAA — APAC 2025-09,Organic Search,Conference,60,B,true,false,58,SQL,2026-07-03,2026-07-14,,true,true,false,,,1,,U-011,,
LEAD-10713,2025-11-17,Halcyon Pay,Developer,Senior Backend Engineer,Brazil,AMER,Paid Social,Inbound Marketing,CMP-010,Migrate off Legacy SMS — LATAM 2025-06,Paid Social,Customer Referral,12,D,false,false,0,MQL,2025-11-21,,,true,false,false,,5,4,U-027,,,
LEAD-10714,2025-06-07,Tundra Health,Engineering Leader,CTO,Canada,AMER,Organic Search,Inbound Marketing,CMP-017,Latency Benchmark — AMER 2026-05,Organic Search,Organic Search,70,A,false,false,0,MQL,2025-06-26,,,true,false,false,,3,10,U-017,,,
LEAD-10715,2025-10-19,Lumen Technologies,Engineering Leader,VP Engineering,Spain,EMEA,Organic Search,Product,CMP-012,AI Search Visibility — AMER 2026-07,Organic Search,Organic Search,63,B,true,true,16,MQL,2025-10-28,,,true,false,false,,,0,,,,
LEAD-10716,2025-05-03,North Digital,Engineering Leader,Director of Engineering,Brazil,AMER,AI Assistant Referral,Product,CMP-019,Studio for Product Teams — APAC 2026-02,AI Assistant Referral,AI Assistant Referral,51,B,true,false,11,MQL,2025-05-18,,,true,false,false,,,2,,,,
LEAD-10717,2026-02-03,Umbra Learning,Product Manager,Director of Product,Mexico,AMER,Organic Search,Product,CMP-017,Latency Benchmark — AMER 2026-05,Organic Search,Organic Search,63,B,true,false,19,Disqualified,,,,false,false,false,No budget,,2,,,,
LEAD-10718,2026-02-28,Foundry Logistics,Product Manager,Product Manager,Brazil,AMER,Docs & Quickstarts,Product,CMP-027,Cut Your Deflection Cost — APAC 2025-05,Docs & Quickstarts,Docs & Quickstarts,34,C,true,true,58,New,,,,false,false,false,,,0,,,,
LEAD-10719,2025-09-13,Vantage Retail,Product Manager,Product Manager,Brazil,AMER,Docs & Quickstarts,Product,CMP-023,Q3 Pipeline Push — AMER 2025-06,Docs & Quickstarts,Conference,85,A,true,true,32,SQL,2025-09-20,2025-10-14,,true,true,false,,,2,,U-009,,
LEAD-10720,2025-07-10,Aster Gaming,Procurement / Finance,CFO,Spain,EMEA,Paid Search,Inbound Marketing,CMP-002,Studio for Product Teams — AMER 2025-08,Paid Search,Paid Search,79,A,false,false,0,Converted,2025-07-12,2025-07-30,2025-08-11,true,true,true,,2,1,U-018,U-011,ACC-1073,OPP-20147
LEAD-10721,2026-03-22,Cobalt Mobility,Developer,Software Engineer,Netherlands,EMEA,Organic Search,Inbound Marketing,CMP-012,AI Search Visibility — AMER 2026-07,Organic Search,AI Assistant Referral,51,B,false,false,0,Converted,2026-03-29,2026-04-06,2026-04-21,true,true,true,,1,1,U-024,U-013,ACC-1063,OPP-20148
LEAD-10722,2025-06-23,North Logistics,Developer,Senior Backend Engineer,Colombia,LATAM,Outbound Sequence,Outbound,CMP-039,Studio for Product Teams — EMEA 2026-02,Outbound Sequence,Outbound Sequence,40,C,false,false,0,Disqualified,,,,false,false,false,Wrong geo,1,11,U-022,,,
LEAD-10723,2025-06-01,Vantage Systems,Engineering Leader,Director of Engineering,India,APAC,Webinar,Inbound Marketing,CMP-033,Developer Docs Refresh — EMEA 2026-07,Webinar,Webinar,41,C,false,false,0,New,,,,false,false,false,,2,10,U-027,,,
LEAD-10724,2026-02-18,Rivet Travel,Procurement / Finance,Procurement Manager,France,EMEA,Organic Search,Product,CMP-012,AI Search Visibility — AMER 2026-07,Organic Search,Organic Search,91,A,true,true,8,Converted,2026-02-25,2026-03-16,2026-03-23,true,true,true,,,0,,U-002,ACC-1076,OPP-20149
LEAD-10725,2025-05-10,Cobalt Technologies,Procurement / Finance,CFO,Mexico,AMER,Paid Search,Product,CMP-001,Copilot API Beta — AMER 2026-02,Paid Search,Webinar,100,A,true,true,27,Nurture,2025-05-30,,,true,false,false,,,1,,,,
LEAD-10726,2025-10-02,Tundra Bank,CX / Support Leader,Director of Service Ops,Colombia,LATAM,Developer Community,Product,CMP-029,Build a Support Agent — EMEA 2025-11,Developer Community,Developer Community,56,B,true,false,11,New,,,,false,false,false,,,0,,,,
LEAD-10727,2025-04-22,Foundry Group,Engineering Leader,CTO,UAE,EMEA,Organic Search,Inbound Marketing,CMP-011,Developer Docs Refresh — LATAM 2025-04,Organic Search,Organic Search,71,A,false,false,0,MQL,2025-04-29,,,true,false,false,,3,9,U-027,,,
LEAD-10728,2025-10-22,Beacon Technologies,Developer,Senior Backend Engineer,UAE,EMEA,Conference,Inbound Marketing,CMP-035,Q3 Pipeline Push — EMEA 2026-05,Conference,Docs & Quickstarts,42,C,false,false,0,Working,,,,false,false,false,,1,10,U-027,,,
LEAD-10729,2026-01-12,Rivet Travel,Developer,Senior Backend Engineer,Australia,APAC,Organic Search,Inbound Marketing,CMP-015,Studio for Product Teams — AMER 2025-11,Organic Search,Organic Search,65,B,false,false,0,Converted,2026-01-24,2026-02-09,2026-02-19,true,true,true,,0,11,U-017,U-012,ACC-1007,OPP-20150
LEAD-10730,2025-09-20,Beacon Group,Engineering Leader,Director of Engineering,United Kingdom,EMEA,Organic Search,Inbound Marketing,CMP-018,Voice Agents Launch — AMER 2025-11,Organic Search,Organic Search,95,A,false,false,0,Converted,2025-10-03,2025-10-29,2025-11-11,true,true,true,,0,11,U-022,U-006,ACC-1072,OPP-20151
LEAD-10731,2025-07-15,Foundry Mobility,Product Manager,Product Manager,United Kingdom,EMEA,Paid Search,Product,CMP-006,AI Search Visibility — AMER 2026-02,Paid Search,Paid Search,85,A,true,true,95,MQL,2025-07-27,,,true,false,false,,,2,,,,
LEAD-10732,2026-07-24,Onyx Health,CX / Support Leader,VP Customer Experience,UAE,EMEA,Docs & Quickstarts,Product,CMP-028,Migrate off Legacy SMS — AMER 2025-11,Docs & Quickstarts,Webinar,72,A,true,false,34,MQL,2026-08-05,,,true,false,false,,,2,,,,
LEAD-10733,2025-07-17,Lumen Pay,Procurement / Finance,CFO,Japan,APAC,Docs & Quickstarts,Product,CMP-027,Cut Your Deflection Cost — APAC 2025-05,Docs & Quickstarts,Docs & Quickstarts,93,A,true,false,27,New,,,,false,false,false,,,2,,,,
LEAD-10734,2026-04-22,Vertex Health,Developer,Platform Engineer,Canada,AMER,Docs & Quickstarts,Product,CMP-023,Q3 Pipeline Push — AMER 2025-06,Docs & Quickstarts,Docs & Quickstarts,63,B,true,true,44,Converted,2026-05-09,2026-05-20,2026-06-08,true,true,true,,,1,,U-003,ACC-1013,OPP-20152
LEAD-10735,2025-11-14,Ember Cloud,Developer,Software Engineer,Argentina,LATAM,Organic Search,Product,CMP-011,Developer Docs Refresh — LATAM 2025-04,Organic Search,Organic Search,59,B,true,true,91,MQL,2025-12-02,,,true,false,false,,,2,,,,
LEAD-10736,2026-08-17,Kestrel Freight,Engineering Leader,CTO,United Kingdom,EMEA,Partner / Marketplace,Partner / Referral,CMP-043,Latency Benchmark — APAC 2026-01,Partner / Marketplace,Partner / Marketplace,67,B,false,false,0,Converted,2026-08-24,2026-08-31,2026-10-03,true,true,true,,2,11,U-027,U-004,ACC-1067,OPP-20153
LEAD-10737,2025-11-13,Cobalt Technologies,Product Manager,Head of Product,Brazil,AMER,Organic Search,Product,CMP-011,Developer Docs Refresh — LATAM 2025-04,Organic Search,Organic Search,77,A,true,true,10,Converted,2025-11-24,2025-12-15,2025-12-24,true,true,true,,,2,,U-005,ACC-1128,OPP-20154
LEAD-10738,2025-05-25,Meridian Bank,Engineering Leader,Director of Engineering,Canada,AMER,Paid Social,Product,CMP-007,Developer Docs Refresh — EMEA 2025-05,Paid Social,Webinar,50,B,true,true,89,MQL,2025-05-30,,,true,false,false,,,0,,,,
LEAD-10739,2026-01-27,Kestrel Market,Product Manager,Head of Product,Canada,AMER,AI Assistant Referral,Product,CMP-019,Studio for Product Teams — APAC 2026-02,AI Assistant Referral,AI Assistant Referral,71,A,true,true,60,SQL,2026-02-13,2026-02-19,,true,true,false,,,1,,U-014,,
LEAD-10740,2026-01-28,Aster Cloud,Developer,Senior Backend Engineer,United States,AMER,Conference,Inbound Marketing,CMP-036,Compliance & HIPAA — AMER 2026-04,Conference,AI Assistant Referral,50,B,false,false,0,SQL,2026-02-10,2026-02-16,,true,true,false,,1,10,U-026,U-012,,
LEAD-10741,2025-07-28,Zephyr Bank,Engineering Leader,Head of Platform,Germany,EMEA,Docs & Quickstarts,Product,CMP-023,Q3 Pipeline Push — AMER 2025-06,Docs & Quickstarts,Outbound Sequence,70,A,true,true,17,SQL,2025-08-12,2025-08-20,,true,true,false,,,2,,U-001,,
LEAD-10742,2025-10-05,North Care,Engineering Leader,CTO,India,APAC,Partner / Marketplace,Partner / Referral,CMP-042,Migrate off Legacy SMS — AMER 2025-04,Partner / Marketplace,Partner / Marketplace,74,A,true,false,60,Working,,,,false,false,false,,,0,,,,
LEAD-10743,2025-05-08,Pallas Retail,Developer,Senior Backend Engineer,Brazil,AMER,Outbound Sequence,Outbound,CMP-040,AI Search Visibility — AMER 2026-05,Outbound Sequence,Outbound Sequence,17,D,false,false,0,Disqualified,,,,false,false,false,Free tier is enough,1,3,U-016,,,
LEAD-10744,2026-06-02,Ember Works,Product Manager,Senior PM,Australia,APAC,Partner / Marketplace,Partner / Referral,CMP-042,Migrate off Legacy SMS — AMER 2025-04,Partner / Marketplace,Partner / Marketplace,51,B,false,false,0,MQL,2026-06-05,,,true,false,false,,5,4,U-024,,,
LEAD-10745,2025-06-29,Zephyr Pay,Engineering Leader,CTO,Japan,APAC,Outbound Sequence,Outbound,CMP-040,AI Search Visibility — AMER 2026-05,Outbound Sequence,Outbound Sequence,19,D,false,false,0,Disqualified,,,,false,false,false,Free tier is enough,3,5,U-020,,,
LEAD-10746,2026-03-29,Beacon Technologies,Product Manager,Head of Product,India,APAC,Outbound Sequence,Outbound,CMP-038,Migrate off Legacy SMS — AMER 2025-04,Outbound Sequence,Outbound Sequence,30,C,false,false,0,New,,,,false,false,false,,3,11,U-025,,,
LEAD-10747,2026-08-08,Beacon Labs,Product Manager,Product Manager,Canada,AMER,Docs & Quickstarts,Product,CMP-028,Migrate off Legacy SMS — AMER 2025-11,Docs & Quickstarts,Docs & Quickstarts,64,B,true,false,66,Disqualified,,,,false,false,false,Went silent,,0,,,,
LEAD-10748,2026-07-01,Meridian Logistics,Developer,Platform Engineer,United States,AMER,Developer Community,Product,CMP-030,Latency Benchmark — AMER 2025-08,Developer Community,Docs & Quickstarts,64,B,true,false,95,SQL,2026-07-13,2026-07-26,,true,true,false,,,2,,U-012,,
LEAD-10749,2025-05-23,Vertex Works,Engineering Leader,Director of Engineering,Colombia,LATAM,Paid Search,Inbound Marketing,CMP-003,Voice Agents Launch — EMEA 2025-12,Paid Search,Paid Search,83,A,false,false,0,Disqualified,,,,false,false,false,Student / hobby project,0,9,U-021,,,
LEAD-10750,2026-03-24,Lattice Market,Developer,Platform Engineer,Brazil,AMER,Paid Search,Inbound Marketing,CMP-006,AI Search Visibility — AMER 2026-02,Paid Search,AI Assistant Referral,45,C,false,true,0,MQL,2026-03-25,,,true,false,false,,5,5,U-025,,,
LEAD-10751,2025-10-13,Vertex Insure,Developer,Software Engineer,United States,AMER,Organic Search,Inbound Marketing,CMP-015,Studio for Product Teams — AMER 2025-11,Organic Search,Organic Search,65,B,false,false,0,MQL,2025-10-19,,,true,false,false,,0,7,U-025,,,
LEAD-10752,2025-12-15,Juniper Learning,Engineering Leader,CTO,UAE,EMEA,Developer Community,Product,CMP-030,Latency Benchmark — AMER 2025-08,Developer Community,Developer Community,65,B,true,true,26,MQL,2025-12-22,,,true,false,false,,,2,,,,
LEAD-10753,2025-11-28,North Logistics,CX / Support Leader,Head of Support,Mexico,AMER,Docs & Quickstarts,Product,CMP-025,Migrate off Legacy SMS — EMEA 2025-09,Docs & Quickstarts,Webinar,81,A,true,false,99,MQL,2025-12-10,,,true,false,false,,,0,,,,
LEAD-10754,2025-11-15,Harbor Retail,Engineering Leader,CTO,France,EMEA,Organic Search,Product,CMP-013,Verify Fraud Playbook — LATAM 2026-01,Organic Search,Organic Search,83,A,true,true,84,Nurture,2025-11-23,,,true,false,false,,,0,,,,
LEAD-10755,2025-05-17,Lattice Labs,CX / Support Leader,VP Customer Experience,United States,AMER,AI Assistant Referral,Product,CMP-022,Q3 Pipeline Push — AMER 2025-10,AI Assistant Referral,AI Assistant Referral,92,A,true,false,72,Disqualified,,,,false,false,false,Wrong geo,,0,,,,
LEAD-10756,2026-07-25,Pallas Health,Procurement / Finance,CFO,Spain,EMEA,Paid Search,Product,CMP-004,Cut Your Deflection Cost — AMER 2025-11,Paid Search,Docs & Quickstarts,100,A,true,false,75,New,,,,false,false,false,,,0,,,,
LEAD-10757,2025-06-11,Vantage Insure,Engineering Leader,Head of Platform,UAE,EMEA,Developer Community,Product,CMP-031,Developer Docs Refresh — EMEA 2026-07,Developer Community,Conference,61,B,true,true,19,SQL,2025-06-22,2025-07-18,,true,true,false,,,2,,U-009,,
LEAD-10758,2026-01-04,Wexler Insure,Engineering Leader,Head of Platform,Canada,AMER,AI Assistant Referral,Product,CMP-020,Q3 Pipeline Push — AMER 2025-12,AI Assistant Referral,AI Assistant Referral,73,A,true,true,51,New,,,,false,false,false,,,2,,,,
LEAD-10759,2025-08-26,Beacon Bank,Engineering Leader,Director of Engineering,United States,AMER,Webinar,Inbound Marketing,CMP-032,Copilot API Beta — AMER 2025-12,Webinar,Webinar,29,D,false,false,0,Disqualified,,,,false,false,false,Duplicate,2,8,U-020,,,
LEAD-10760,2026-01-18,Beacon Works,Engineering Leader,CTO,UAE,EMEA,Paid Social,Product,CMP-007,Developer Docs Refresh — EMEA 2025-05,Paid Social,Customer Referral,55,B,true,true,69,Disqualified,,,,false,false,false,Competitor,,0,,,,
LEAD-10761,2025-08-09,Onyx Cloud,Engineering Leader,Director of Engineering,Spain,EMEA,Organic Search,Product,CMP-013,Verify Fraud Playbook — LATAM 2026-01,Organic Search,Organic Search,100,A,true,true,8,MQL,2025-08-29,,,true,false,false,,,2,,,,
LEAD-10762,2025-10-12,Solstice Cloud,CX / Support Leader,Director of Service Ops,Chile,LATAM,Partner / Marketplace,Partner / Referral,CMP-043,Latency Benchmark — APAC 2026-01,Partner / Marketplace,Partner / Marketplace,56,B,false,false,0,SQL,2025-10-31,2025-11-10,,true,true,false,,5,5,U-021,U-010,,
LEAD-10763,2026-06-01,Vertex Care,Developer,Platform Engineer,Spain,EMEA,Paid Search,Product,CMP-005,Migrate off Legacy SMS — AMER 2025-12,Paid Search,Customer Referral,59,B,true,false,81,Disqualified,,,,false,false,false,Duplicate,,0,,,,
LEAD-10764,2025-04-05,Vertex Learning,Procurement / Finance,Procurement Manager,Brazil,AMER,Developer Community,Product,CMP-029,Build a Support Agent — EMEA 2025-11,Developer Community,Developer Community,84,A,true,false,100,Converted,2025-04-14,2025-04-25,2025-05-24,true,true,true,,,2,,U-001,ACC-1139,OPP-20155
LEAD-10765,2025-05-08,Sable Logistics,CX / Support Leader,Contact Centre Manager,United Kingdom,EMEA,Paid Search,Product,CMP-001,Copilot API Beta — AMER 2026-02,Paid Search,Paid Search,98,A,true,true,13,MQL,2025-05-08,,,true,false,false,,,1,,,,
LEAD-10766,2025-06-19,Tundra Systems,Engineering Leader,Director of Engineering,Sweden,EMEA,Webinar,Inbound Marketing,CMP-034,Copilot API Beta — EMEA 2026-03,Webinar,Webinar,55,B,false,false,0,MQL,2025-07-09,,,true,false,false,,2,1,U-021,,,
LEAD-10767,2026-02-21,Ember Works,Engineering Leader,CTO,Sweden,EMEA,Webinar,Inbound Marketing,CMP-034,Copilot API Beta — EMEA 2026-03,Webinar,Webinar,52,B,false,false,0,Disqualified,,,,false,false,false,Duplicate,1,6,U-023,,,
LEAD-10768,2025-11-27,Meridian Care,CX / Support Leader,Contact Centre Manager,Spain,EMEA,Paid Social,Product,CMP-007,Developer Docs Refresh — EMEA 2025-05,Paid Social,Paid Social,57,B,true,true,9,New,,,,false,false,false,,,1,,,,
LEAD-10769,2025-04-05,Vantage Market,Product Manager,Senior PM,Canada,AMER,Outbound Sequence,Outbound,CMP-037,Verify Fraud Playbook — EMEA 2025-04,Outbound Sequence,Outbound Sequence,26,D,false,false,0,Disqualified,,,,false,false,false,Free tier is enough,3,8,U-022,,,
LEAD-10770,2026-02-26,Quanta Digital,Procurement / Finance,CFO,Sweden,EMEA,Organic Search,Product,CMP-016,Q3 Pipeline Push — AMER 2026-04,Organic Search,Organic Search,100,A,true,true,9,Disqualified,,,,false,false,false,Duplicate,,1,,,,
LEAD-10771,2026-09-07,Pallas Retail,Developer,Software Engineer,United Kingdom,EMEA,Customer Referral,Partner / Referral,CMP-045,Compliance & HIPAA — AMER 2025-09,Customer Referral,Customer Referral,34,C,false,false,0,Working,,,,false,false,false,,0,5,U-019,,,
LEAD-10772,2025-04-19,Lattice Cloud,Engineering Leader,CTO,India,APAC,Docs & Quickstarts,Product,CMP-028,Migrate off Legacy SMS — AMER 2025-11,Docs & Quickstarts,Docs & Quickstarts,87,A,true,false,14,Disqualified,,,,false,false,false,Wrong geo,,0,,,,
LEAD-10773,2026-01-09,Onyx Group,Procurement / Finance,CFO,United Kingdom,EMEA,Docs & Quickstarts,Inbound Marketing,CMP-028,Migrate off Legacy SMS — AMER 2025-11,Docs & Quickstarts,Docs & Quickstarts,92,A,false,false,0,SQL,2026-01-17,2026-01-26,,true,true,false,,4,9,U-025,U-008,,
LEAD-10774,2026-05-07,Lattice Insure,Developer,Software Engineer,Chile,LATAM,Outbound Sequence,Outbound,CMP-041,Studio for Product Teams — AMER 2025-04,Outbound Sequence,Outbound Sequence,24,D,false,false,0,Working,,,,false,false,false,,1,5,U-025,,,
LEAD-10775,2026-02-19,Juniper Cloud,Product Manager,Director of Product,Mexico,AMER,Organic Search,Inbound Marketing,CMP-014,Compliance & HIPAA — APAC 2025-09,Organic Search,Organic Search,80,A,false,false,0,Working,,,,false,false,false,,0,4,U-019,,,
LEAD-10776,2025-10-06,Tundra Labs,Developer,Senior Backend Engineer,Sweden,EMEA,Paid Search,Inbound Marketing,CMP-006,AI Search Visibility — AMER 2026-02,Paid Search,Customer Referral,44,C,false,false,0,Disqualified,,,,false,false,false,Duplicate,2,9,U-015,,,
LEAD-10777,2026-05-09,Lattice Systems,Developer,Software Engineer,Germany,EMEA,Conference,Inbound Marketing,CMP-036,Compliance & HIPAA — AMER 2026-04,Conference,Conference,34,C,false,false,0,Disqualified,,,,false,false,false,Went silent,3,6,U-021,,,
LEAD-10778,2026-09-04,Sable Freight,CX / Support Leader,VP Customer Experience,Japan,APAC,Outbound Sequence,Outbound,CMP-037,Verify Fraud Playbook — EMEA 2025-04,Outbound Sequence,Docs & Quickstarts,37,C,false,false,0,Working,,,,false,false,false,,4,7,U-023,,,
LEAD-10779,2026-02-13,Solstice Group,Engineering Leader,CTO,United Kingdom,EMEA,AI Assistant Referral,Inbound Marketing,CMP-021,Latency Benchmark — LATAM 2025-09,AI Assistant Referral,AI Assistant Referral,69,B,false,false,0,SQL,2026-03-06,2026-03-09,,true,true,false,,2,5,U-019,U-011,,
LEAD-10780,2026-01-20,Dovetail Bank,Procurement / Finance,Head of Vendor Management,Canada,AMER,Paid Search,Inbound Marketing,CMP-004,Cut Your Deflection Cost — AMER 2025-11,Paid Search,Paid Search,78,A,false,false,0,Disqualified,,,,false,false,false,Duplicate,2,9,U-025,,,
LEAD-10781,2025-10-21,Aster Cloud,Developer,Software Engineer,Spain,EMEA,Paid Search,Inbound Marketing,CMP-006,AI Search Visibility — AMER 2026-02,Paid Search,Partner / Marketplace,54,B,false,false,0,SQL,2025-11-05,2025-11-12,,true,true,false,,3,5,U-021,U-006,,
LEAD-10782,2026-09-06,Rivet Technologies,Developer,Platform Engineer,Canada,AMER,Organic Search,Product,CMP-013,Verify Fraud Playbook — LATAM 2026-01,Organic Search,Organic Search,54,B,true,false,77,MQL,2026-09-07,,,true,false,false,,,2,,,,
LEAD-10783,2026-08-21,Halcyon Gaming,Developer,Staff Engineer,Japan,APAC,Paid Search,Inbound Marketing,CMP-004,Cut Your Deflection Cost — AMER 2025-11,Paid Search,Paid Search,54,B,false,false,0,Converted,2026-09-07,2026-09-21,2026-10-06,true,true,true,,1,7,U-024,U-008,ACC-1096,OPP-20156
LEAD-10784,2026-02-12,Dovetail Pay,CX / Support Leader,VP Customer Experience,United States,AMER,Conference,Inbound Marketing,CMP-035,Q3 Pipeline Push — EMEA 2026-05,Conference,Conference,43,C,false,true,0,Converted,2026-02-16,2026-03-12,2026-03-25,true,true,true,,1,9,U-020,U-013,ACC-1117,OPP-20157
LEAD-10785,2026-08-17,Onyx Retail,Developer,Staff Engineer,Canada,AMER,AI Assistant Referral,Product,CMP-019,Studio for Product Teams — APAC 2026-02,AI Assistant Referral,Webinar,94,A,true,false,2,Converted,2026-08-20,2026-09-04,2026-09-17,true,true,true,,,2,,U-001,ACC-1012,OPP-20158
LEAD-10786,2025-04-30,Orbital Insure,Developer,Platform Engineer,Indonesia,APAC,Paid Search,Inbound Marketing,CMP-005,Migrate off Legacy SMS — AMER 2025-12,Paid Search,Paid Search,56,B,false,false,0,Nurture,2025-05-18,,,true,false,false,,3,2,U-021,,,
LEAD-10787,2025-11-09,Solstice Technologies,Engineering Leader,Head of Platform,United States,AMER,Developer Community,Product,CMP-031,Developer Docs Refresh — EMEA 2026-07,Developer Community,Developer Community,69,B,true,true,70,New,,,,false,false,false,,,1,,,,
LEAD-10788,2025-08-29,Pallas Labs,Engineering Leader,Director of Engineering,Canada,AMER,Conference,Inbound Marketing,CMP-036,Compliance & HIPAA — AMER 2026-04,Conference,Conference,49,C,false,true,0,SQL,2025-09-16,2025-09-22,,true,true,false,,2,4,U-027,U-010,,
LEAD-10789,2025-05-15,Lattice Systems,Procurement / Finance,CFO,Germany,EMEA,Organic Search,Inbound Marketing,CMP-016,Q3 Pipeline Push — AMER 2026-04,Organic Search,Developer Community,79,A,false,false,0,MQL,2025-06-03,,,true,false,false,,3,8,U-023,,,
LEAD-10790,2026-03-16,Aster Gaming,Developer,Software Engineer,Canada,AMER,Paid Search,Inbound Marketing,CMP-005,Migrate off Legacy SMS — AMER 2025-12,Paid Search,Docs & Quickstarts,37,C,false,false,0,Working,,,,false,false,false,,2,5,U-019,,,
LEAD-10791,2025-06-27,Foundry Pay,Engineering Leader,Director of Engineering,Spain,EMEA,Outbound Sequence,Outbound,CMP-040,AI Search Visibility — AMER 2026-05,Outbound Sequence,Outbound Sequence,38,C,false,false,0,Working,,,,false,false,false,,2,3,U-016,,,
LEAD-10792,2025-11-11,Foundry Health,Developer,Software Engineer,United Kingdom,EMEA,AI Assistant Referral,Inbound Marketing,CMP-022,Q3 Pipeline Push — AMER 2025-10,AI Assistant Referral,Webinar,46,C,false,false,0,MQL,2025-11-23,,,true,false,false,,1,11,U-021,,,
LEAD-10793,2026-04-23,Kestrel Technologies,Developer,Senior Backend Engineer,Sweden,EMEA,Organic Search,Inbound Marketing,CMP-016,Q3 Pipeline Push — AMER 2026-04,Organic Search,Outbound Sequence,45,C,false,false,0,Converted,2026-05-09,2026-05-10,2026-05-20,true,true,true,,3,7,U-018,U-005,ACC-1094,OPP-20159
LEAD-10794,2026-08-22,Kestrel Learning,Engineering Leader,VP Engineering,Brazil,AMER,Docs & Quickstarts,Product,CMP-025,Migrate off Legacy SMS — EMEA 2025-09,Docs & Quickstarts,Conference,88,A,true,true,9,MQL,2026-09-02,,,true,false,false,,,2,,,,
LEAD-10795,2025-10-31,Cobalt Insure,Product Manager,Head of Product,Australia,APAC,Developer Community,Product,CMP-029,Build a Support Agent — EMEA 2025-11,Developer Community,Paid Search,75,A,true,true,83,SQL,2025-11-10,2025-12-01,,true,true,false,,,1,,U-002,,
LEAD-10796,2026-02-02,Aster Cloud,Product Manager,Head of Product,Sweden,EMEA,Paid Search,Inbound Marketing,CMP-006,AI Search Visibility — AMER 2026-02,Paid Search,Paid Search,52,B,false,false,0,MQL,2026-02-06,,,true,false,false,,3,9,U-020,,,
LEAD-10797,2025-05-17,Harbor Pay,Product Manager,Director of Product,Canada,AMER,Outbound Sequence,Outbound,CMP-037,Verify Fraud Playbook — EMEA 2025-04,Outbound Sequence,Customer Referral,47,C,false,false,0,Working,,,,false,false,false,,4,11,U-027,,,
LEAD-10798,2025-05-15,Vertex Digital,Developer,Platform Engineer,United Kingdom,EMEA,Developer Community,Product,CMP-030,Latency Benchmark — AMER 2025-08,Developer Community,Conference,55,B,true,true,66,MQL,2025-05-31,,,true,false,false,,,0,,,,
LEAD-10799,2025-07-16,Orbital Group,Engineering Leader,Director of Engineering,Germany,EMEA,Organic Search,Inbound Marketing,CMP-015,Studio for Product Teams — AMER 2025-11,Organic Search,Organic Search,51,B,false,false,0,MQL,2025-07-27,,,true,false,false,,6,11,U-017,,,
LEAD-10800,2025-09-29,Onyx Gaming,Developer,Platform Engineer,United Kingdom,EMEA,Organic Search,Product,CMP-011,Developer Docs Refresh — LATAM 2025-04,Organic Search,Organic Search,57,B,true,true,79,SQL,2025-10-03,2025-10-04,,true,true,false,,,0,,U-010,,
LEAD-10801,2026-04-07,Aster Pay,Engineering Leader,CTO,Japan,APAC,Conference,Inbound Marketing,CMP-035,Q3 Pipeline Push — EMEA 2026-05,Conference,Conference,63,B,false,false,0,Converted,2026-04-22,2026-05-15,2026-06-11,true,true,true,,1,3,U-017,U-008,ACC-1078,OPP-20160
LEAD-10802,2026-08-23,Meridian Retail,Procurement / Finance,Finance Director,Indonesia,APAC,Conference,Inbound Marketing,CMP-036,Compliance & HIPAA — AMER 2026-04,Conference,Conference,78,A,false,false,0,SQL,2026-09-13,2026-09-20,,true,true,false,,1,8,U-016,U-007,,
LEAD-10803,2026-02-10,Foundry Gaming,Procurement / Finance,Finance Director,Singapore,APAC,Webinar,Product,CMP-034,Copilot API Beta — EMEA 2026-03,Webinar,Docs & Quickstarts,93,A,true,false,61,SQL,2026-02-20,2026-03-08,,true,true,false,,,2,,U-009,,
LEAD-10804,2026-07-16,Halcyon Mobility,Product Manager,Director of Product,Sweden,EMEA,Paid Search,Inbound Marketing,CMP-001,Copilot API Beta — AMER 2026-02,Paid Search,Paid Search,65,B,false,false,0,Converted,2026-07-18,2026-07-21,2026-07-25,true,true,true,,0,7,U-023,U-006,ACC-1125,OPP-20161
LEAD-10805,2026-08-18,Foundry Care,Procurement / Finance,Procurement Manager,Chile,LATAM,Docs & Quickstarts,Product,CMP-027,Cut Your Deflection Cost — APAC 2025-05,Docs & Quickstarts,Docs & Quickstarts,96,A,true,false,61,Nurture,2026-08-23,,,true,false,false,,,1,,,,
LEAD-10806,2025-09-08,Harbor Care,Product Manager,Director of Product,Brazil,AMER,Docs & Quickstarts,Product,CMP-025,Migrate off Legacy SMS — EMEA 2025-09,Docs & Quickstarts,Docs & Quickstarts,47,C,true,true,71,Converted,2025-09-11,2025-09-20,2025-10-24,true,true,true,,,0,,U-009,ACC-1117,OPP-20162
LEAD-10807,2026-05-29,Aster Retail,Procurement / Finance,Head of Vendor Management,Singapore,APAC,Partner / Marketplace,Partner / Referral,CMP-042,Migrate off Legacy SMS — AMER 2025-04,Partner / Marketplace,Outbound Sequence,84,A,false,false,0,Converted,2026-06-19,2026-06-23,2026-06-25,true,true,true,,5,11,U-027,U-013,ACC-1059,OPP-20163
LEAD-10808,2025-12-22,Onyx Technologies,Engineering Leader,VP Engineering,Netherlands,EMEA,Organic Search,Product,CMP-015,Studio for Product Teams — AMER 2025-11,Organic Search,Organic Search,100,A,true,false,100,Converted,2026-01-08,2026-02-03,2026-02-14,true,true,true,,,2,,U-003,ACC-1059,OPP-20164
LEAD-10809,2026-07-19,Kestrel Freight,Engineering Leader,Director of Engineering,Mexico,AMER,Docs & Quickstarts,Product,CMP-028,Migrate off Legacy SMS — AMER 2025-11,Docs & Quickstarts,Docs & Quickstarts,70,A,true,false,94,Converted,2026-07-23,2026-08-13,2026-08-17,true,true,true,,,2,,U-003,ACC-1042,OPP-20165
LEAD-10810,2026-05-22,Cobalt Technologies,CX / Support Leader,Contact Centre Manager,Canada,AMER,Partner / Marketplace,Partner / Referral,CMP-044,Studio for Product Teams — AMER 2025-06,Partner / Marketplace,Partner / Marketplace,78,A,false,false,0,Nurture,2026-05-27,,,true,false,false,,4,11,U-015,,,
LEAD-10811,2026-05-10,Umbra Gaming,Developer,Platform Engineer,United States,AMER,Outbound Sequence,Outbound,CMP-041,Studio for Product Teams — AMER 2025-04,Outbound Sequence,Developer Community,41,C,false,false,0,Working,,,,false,false,false,,2,4,U-024,,,
LEAD-10812,2026-01-16,Harbor Retail,Developer,Senior Backend Engineer,Chile,LATAM,Paid Social,Inbound Marketing,CMP-009,Copilot API Beta — AMER 2026-01,Paid Social,Paid Social,31,C,false,false,0,New,,,,false,false,false,,4,5,U-018,,,
LEAD-10813,2026-09-11,Lattice Market,CX / Support Leader,VP Customer Experience,United States,AMER,AI Assistant Referral,Inbound Marketing,CMP-021,Latency Benchmark — LATAM 2025-09,AI Assistant Referral,AI Assistant Referral,87,A,false,false,0,SQL,2026-09-14,2026-09-17,,true,true,false,,4,11,U-025,U-012,,
LEAD-10814,2025-04-05,Halcyon Market,Procurement / Finance,Head of Vendor Management,Mexico,AMER,Customer Referral,Partner / Referral,CMP-045,Compliance & HIPAA — AMER 2025-09,Customer Referral,Developer Community,93,A,true,true,67,New,,,,false,false,false,,,1,,,,
LEAD-10815,2025-09-24,North Health,Product Manager,Director of Product,United Kingdom,EMEA,Docs & Quickstarts,Product,CMP-025,Migrate off Legacy SMS — EMEA 2025-09,Docs & Quickstarts,Docs & Quickstarts,43,C,true,true,49,Converted,2025-10-06,2025-10-18,2025-10-29,true,true,true,,,0,,U-010,ACC-1045,OPP-20166
LEAD-10816,2026-06-19,Harbor Learning,CX / Support Leader,Head of Support,Japan,APAC,Paid Social,Product,CMP-008,Developer Docs Refresh — EMEA 2026-02,Paid Social,Docs & Quickstarts,73,A,true,true,79,MQL,2026-06-20,,,true,false,false,,,0,,,,
LEAD-10817,2026-08-21,Lattice Pay,Developer,Senior Backend Engineer,Australia,APAC,Developer Community,Product,CMP-029,Build a Support Agent — EMEA 2025-11,Developer Community,AI Assistant Referral,58,B,true,false,80,Working,,,,false,false,false,,,2,,,,
LEAD-10818,2025-06-29,Onyx Insure,CX / Support Leader,Contact Centre Manager,United States,AMER,Organic Search,Product,CMP-017,Latency Benchmark — AMER 2026-05,Organic Search,Organic Search,62,B,true,true,19,Disqualified,,,,false,false,false,Wrong geo,,0,,,,
LEAD-10819,2025-08-09,Sable Learning,Engineering Leader,CTO,Canada,AMER,Developer Community,Product,CMP-029,Build a Support Agent — EMEA 2025-11,Developer Community,Developer Community,45,C,true,true,38,Converted,2025-08-18,2025-08-30,2025-09-04,true,true,true,,,2,,U-009,ACC-1011,OPP-20167
LEAD-10820,2026-03-08,Cinder Bank,Engineering Leader,Director of Engineering,India,APAC,Conference,Inbound Marketing,CMP-035,Q3 Pipeline Push — EMEA 2026-05,Conference,Docs & Quickstarts,52,B,false,false,0,Converted,2026-03-18,2026-03-19,2026-04-17,true,true,true,,2,6,U-022,U-014,ACC-1055,OPP-20168
LEAD-10821,2025-09-07,Zephyr Mobility,Developer,Staff Engineer,Japan,APAC,Outbound Sequence,Outbound,CMP-037,Verify Fraud Playbook — EMEA 2025-04,Outbound Sequence,Outbound Sequence,26,D,false,false,0,Disqualified,,,,false,false,false,Student / hobby project,2,7,U-025,,,
LEAD-10822,2025-07-03,Quanta Labs,Developer,Staff Engineer,Canada,AMER,Webinar,Inbound Marketing,CMP-032,Copilot API Beta — AMER 2025-12,Webinar,Webinar,23,D,false,false,0,MQL,2025-07-05,,,true,false,false,,0,2,U-021,,,
LEAD-10823,2026-03-22,Lumen Technologies,Engineering Leader,CTO,Australia,APAC,Partner / Marketplace,Partner / Referral,CMP-043,Latency Benchmark — APAC 2026-01,Partner / Marketplace,Conference,67,B,false,false,0,MQL,2026-04-11,,,true,false,false,,0,10,U-025,,,
LEAD-10824,2026-05-12,Sable Retail,Product Manager,Head of Product,United Kingdom,EMEA,Partner / Marketplace,Partner / Referral,CMP-042,Migrate off Legacy SMS — AMER 2025-04,Partner / Marketplace,Partner / Marketplace,81,A,true,true,75,Converted,2026-05-16,2026-06-08,2026-07-11,true,true,true,,,2,,U-008,ACC-1135,OPP-20169
LEAD-10825,2025-04-27,Ember Technologies,Developer,Senior Backend Engineer,Sweden,EMEA,Paid Social,Product,CMP-007,Developer Docs Refresh — EMEA 2025-05,Paid Social,Paid Social,29,D,true,false,51,New,,,,false,false,false,,,0,,,,
LEAD-10826,2026-03-28,Orbital Systems,Engineering Leader,VP Engineering,Australia,APAC,AI Assistant Referral,Inbound Marketing,CMP-020,Q3 Pipeline Push — AMER 2025-12,AI Assistant Referral,AI Assistant Referral,58,B,false,false,0,MQL,2026-04-14,,,true,false,false,,3,4,U-027,,,
LEAD-10827,2026-04-24,Vantage Technologies,CX / Support Leader,VP Customer Experience,United Kingdom,EMEA,Developer Community,Product,CMP-031,Developer Docs Refresh — EMEA 2026-07,Developer Community,Outbound Sequence,70,A,true,false,18,Converted,2026-05-11,2026-06-01,2026-06-10,true,true,true,,,0,,U-009,ACC-1068,OPP-20170
LEAD-10828,2025-06-15,Solstice Systems,Developer,Platform Engineer,India,APAC,Outbound Sequence,Outbound,CMP-037,Verify Fraud Playbook — EMEA 2025-04,Outbound Sequence,Outbound Sequence,31,C,false,false,0,Working,,,,false,false,false,,0,3,U-026,,,
LEAD-10829,2025-09-18,Dovetail Travel,Product Manager,Product Manager,Canada,AMER,Organic Search,Inbound Marketing,CMP-011,Developer Docs Refresh — LATAM 2025-04,Organic Search,Organic Search,57,B,false,false,0,Converted,2025-10-04,2025-10-21,2025-11-07,true,true,true,,2,8,U-019,U-009,ACC-1136,OPP-20171
LEAD-10830,2025-07-01,Tundra Travel,CX / Support Leader,VP Customer Experience,Brazil,AMER,Outbound Sequence,Outbound,CMP-037,Verify Fraud Playbook — EMEA 2025-04,Outbound Sequence,Outbound Sequence,46,C,false,false,0,Working,,,,false,false,false,,3,8,U-018,,,
LEAD-10831,2025-04-18,Zephyr Market,Engineering Leader,Director of Engineering,France,EMEA,Webinar,Inbound Marketing,CMP-032,Copilot API Beta — AMER 2025-12,Webinar,Webinar,60,B,false,false,0,New,,,,false,false,false,,2,4,U-022,,,
LEAD-10832,2026-08-23,Cinder Insure,Developer,Platform Engineer,Brazil,AMER,Paid Search,Inbound Marketing,CMP-005,Migrate off Legacy SMS — AMER 2025-12,Paid Search,Paid Search,49,C,false,true,0,SQL,2026-09-02,2026-09-16,,true,true,false,,1,4,U-024,U-006,,
LEAD-10833,2026-09-09,Ember Travel,Developer,Software Engineer,Mexico,AMER,Paid Social,Inbound Marketing,CMP-008,Developer Docs Refresh — EMEA 2026-02,Paid Social,Paid Social,41,C,false,false,0,Disqualified,,,,false,false,false,No use case,3,11,U-025,,,
LEAD-10834,2026-05-14,Pallas Care,Developer,Senior Backend Engineer,Sweden,EMEA,AI Assistant Referral,Inbound Marketing,CMP-021,Latency Benchmark — LATAM 2025-09,AI Assistant Referral,AI Assistant Referral,34,C,false,false,0,New,,,,false,false,false,,3,8,U-020,,,
LEAD-10835,2026-04-13,Juniper Freight,Engineering Leader,VP Engineering,Brazil,AMER,Webinar,Inbound Marketing,CMP-033,Developer Docs Refresh — EMEA 2026-07,Webinar,Webinar,56,B,false,false,0,Converted,2026-04-19,2026-05-06,2026-05-14,true,true,true,,2,7,U-019,U-010,ACC-1111,OPP-20172
LEAD-10836,2025-12-11,Onyx Freight,Engineering Leader,VP Engineering,India,APAC,Organic Search,Product,CMP-013,Verify Fraud Playbook — LATAM 2026-01,Organic Search,Organic Search,88,A,true,true,32,New,,,,false,false,false,,,0,,,,
LEAD-10837,2026-09-11,Vantage Systems,Engineering Leader,Head of Platform,Mexico,AMER,Partner / Marketplace,Partner / Referral,CMP-044,Studio for Product Teams — AMER 2025-06,Partner / Marketplace,Webinar,91,A,true,false,94,SQL,2026-09-17,2026-10-02,,true,true,false,,,2,,U-002,,
LEAD-10838,2026-02-25,Juniper Group,Engineering Leader,Director of Engineering,Canada,AMER,Paid Search,Product,CMP-005,Migrate off Legacy SMS — AMER 2025-12,Paid Search,Paid Search,90,A,true,true,69,MQL,2026-02-27,,,true,false,false,,,0,,,,
LEAD-10839,2026-07-15,Wexler Digital,CX / Support Leader,Head of Support,Canada,AMER,Paid Search,Inbound Marketing,CMP-004,Cut Your Deflection Cost — AMER 2025-11,Paid Search,Paid Search,85,A,false,false,0,Converted,2026-07-17,2026-07-22,2026-08-13,true,true,true,,3,7,U-023,U-003,ACC-1086,OPP-20173
LEAD-10840,2026-08-18,Beacon Mobility,Procurement / Finance,Procurement Manager,United Kingdom,EMEA,Paid Search,Inbound Marketing,CMP-001,Copilot API Beta — AMER 2026-02,Paid Search,Webinar,79,A,false,false,0,Disqualified,,,,false,false,false,Duplicate,3,2,U-017,,,
LEAD-10841,2025-06-14,Cinder Health,Product Manager,Director of Product,Germany,EMEA,Outbound Sequence,Outbound,CMP-038,Migrate off Legacy SMS — AMER 2025-04,Outbound Sequence,Outbound Sequence,52,B,false,false,0,Converted,2025-06-16,2025-07-04,2025-07-31,true,true,true,,4,6,U-023,U-013,ACC-1051,OPP-20174
LEAD-10842,2025-05-22,Lumen Market,Product Manager,Head of Product,Brazil,AMER,Docs & Quickstarts,Product,CMP-023,Q3 Pipeline Push — AMER 2025-06,Docs & Quickstarts,Outbound Sequence,82,A,true,false,66,SQL,2025-05-24,2025-06-14,,true,true,false,,,2,,U-002,,
LEAD-10843,2025-04-18,Sable Travel,Developer,Senior Backend Engineer,Germany,EMEA,Outbound Sequence,Outbound,CMP-041,Studio for Product Teams — AMER 2025-04,Outbound Sequence,AI Assistant Referral,40,C,false,false,0,Working,,,,false,false,false,,3,1,U-017,,,
LEAD-10844,2025-12-03,Vertex Market,Engineering Leader,VP Engineering,Sweden,EMEA,Organic Search,Product,CMP-012,AI Search Visibility — AMER 2026-07,Organic Search,Organic Search,91,A,true,true,59,Converted,2025-12-23,2025-12-26,2026-01-06,true,true,true,,,2,,U-010,ACC-1031,OPP-20175
LEAD-10845,2025-12-21,Aster Technologies,Engineering Leader,Director of Engineering,Canada,AMER,Paid Search,Product,CMP-005,Migrate off Legacy SMS — AMER 2025-12,Paid Search,Paid Search,98,A,true,false,100,Disqualified,,,,false,false,false,Went silent,,1,,,,
LEAD-10846,2025-08-02,Halcyon Travel,Developer,Staff Engineer,UAE,EMEA,Docs & Quickstarts,Inbound Marketing,CMP-028,Migrate off Legacy SMS — AMER 2025-11,Docs & Quickstarts,Docs & Quickstarts,54,B,false,false,0,MQL,2025-08-07,,,true,false,false,,2,6,U-021,,,
LEAD-10847,2025-05-13,Lattice Bank,Developer,Senior Backend Engineer,Canada,AMER,Docs & Quickstarts,Product,CMP-027,Cut Your Deflection Cost — APAC 2025-05,Docs & Quickstarts,Docs & Quickstarts,77,A,true,true,78,SQL,2025-05-25,2025-06-07,,true,true,false,,,1,,U-004,,
LEAD-10848,2025-07-31,Zephyr Cloud,Developer,Software Engineer,France,EMEA,Paid Search,Product,CMP-002,Studio for Product Teams — AMER 2025-08,Paid Search,Paid Search,75,A,true,true,60,MQL,2025-08-15,,,true,false,false,,,0,,,,
LEAD-10849,2026-02-21,Halcyon Market,Developer,Senior Backend Engineer,United States,AMER,Outbound Sequence,Outbound,CMP-038,Migrate off Legacy SMS — AMER 2025-04,Outbound Sequence,Conference,26,D,false,false,0,SQL,2026-02-21,2026-03-06,,true,true,false,,2,2,U-019,U-010,,
LEAD-10850,2025-06-23,Cinder Health,Engineering Leader,Head of Platform,Canada,AMER,Customer Referral,Partner / Referral,CMP-045,Compliance & HIPAA — AMER 2025-09,Customer Referral,Customer Referral,62,B,false,false,0,Converted,2025-06-27,2025-07-07,2025-08-07,true,true,true,,3,4,U-015,U-006,ACC-1086,OPP-20176
LEAD-10851,2025-11-08,Onyx Care,Product Manager,Senior PM,United States,AMER,Paid Search,Inbound Marketing,CMP-005,Migrate off Legacy SMS — AMER 2025-12,Paid Search,Paid Search,42,C,false,false,0,SQL,2025-11-15,2025-12-01,,true,true,false,,3,7,U-026,U-013,,
LEAD-10852,2026-03-22,Umbra Freight,Procurement / Finance,Head of Vendor Management,UAE,EMEA,Docs & Quickstarts,Product,CMP-025,Migrate off Legacy SMS — EMEA 2025-09,Docs & Quickstarts,Docs & Quickstarts,94,A,true,true,96,Disqualified,,,,false,false,false,Student / hobby project,,2,,,,
LEAD-10853,2026-07-13,Zephyr Learning,Developer,Senior Backend Engineer,Brazil,AMER,Outbound Sequence,Outbound,CMP-040,AI Search Visibility — AMER 2026-05,Outbound Sequence,Docs & Quickstarts,40,C,false,false,0,Disqualified,,,,false,false,false,Competitor,2,7,U-018,,,
LEAD-10854,2026-01-11,Foundry Insure,Developer,Senior Backend Engineer,India,APAC,Paid Social,Product,CMP-007,Developer Docs Refresh — EMEA 2025-05,Paid Social,Paid Social,45,C,true,true,19,Converted,2026-01-24,2026-02-06,2026-03-06,true,true,true,,,1,,U-007,ACC-1063,OPP-20177
LEAD-10855,2025-12-01,Cinder Market,Engineering Leader,Head of Platform,Mexico,AMER,Conference,Inbound Marketing,CMP-036,Compliance & HIPAA — AMER 2026-04,Conference,Conference,66,B,false,false,0,SQL,2025-12-02,2025-12-05,,true,true,false,,4,9,U-021,U-006,,
LEAD-10856,2025-04-01,Lattice Cloud,Product Manager,Senior PM,United States,AMER,Paid Social,Inbound Marketing,CMP-009,Copilot API Beta — AMER 2026-01,Paid Social,Paid Social,31,C,false,false,0,Nurture,2025-04-12,,,true,false,false,,4,3,U-019,,,
LEAD-10857,2026-03-01,Cinder Travel,Product Manager,Senior PM,Mexico,AMER,Developer Community,Product,CMP-030,Latency Benchmark — AMER 2025-08,Developer Community,Partner / Marketplace,69,B,true,true,98,MQL,2026-03-01,,,true,false,false,,,1,,,,
LEAD-10858,2025-08-06,Quanta Pay,Engineering Leader,VP Engineering,Indonesia,APAC,Organic Search,Product,CMP-012,AI Search Visibility — AMER 2026-07,Organic Search,Conference,59,B,true,false,74,Nurture,2025-08-26,,,true,false,false,,,1,,,,
LEAD-10859,2025-10-13,Solstice Group,CX / Support Leader,Director of Service Ops,Brazil,AMER,Docs & Quickstarts,Product,CMP-028,Migrate off Legacy SMS — AMER 2025-11,Docs & Quickstarts,Paid Search,89,A,true,true,50,SQL,2025-10-27,2025-11-09,,true,true,false,,,2,,U-012,,
LEAD-10860,2025-04-28,Lattice Learning,Developer,Software Engineer,Brazil,AMER,Outbound Sequence,Outbound,CMP-041,Studio for Product Teams — AMER 2025-04,Outbound Sequence,Outbound Sequence,13,D,false,false,0,Working,,,,false,false,false,,0,7,U-023,,,
LEAD-10861,2025-09-07,Aster Technologies,Developer,Staff Engineer,United States,AMER,Docs & Quickstarts,Product,CMP-028,Migrate off Legacy SMS — AMER 2025-11,Docs & Quickstarts,Docs & Quickstarts,43,C,true,false,78,Nurture,2025-09-15,,,true,false,false,,,2,,,,
LEAD-10862,2025-12-21,Tundra Gaming,Developer,Staff Engineer,Mexico,AMER,Conference,Inbound Marketing,CMP-035,Q3 Pipeline Push — EMEA 2026-05,Conference,Paid Social,35,C,false,false,0,Disqualified,,,,false,false,false,Duplicate,3,4,U-015,,,
LEAD-10863,2025-04-16,North Mobility,CX / Support Leader,Contact Centre Manager,Canada,AMER,Paid Search,Inbound Marketing,CMP-005,Migrate off Legacy SMS — AMER 2025-12,Paid Search,Paid Search,78,A,false,false,0,MQL,2025-04-29,,,true,false,false,,2,9,U-015,,,
LEAD-10864,2026-03-10,Beacon Cloud,CX / Support Leader,Head of Support,Spain,EMEA,Paid Social,Inbound Marketing,CMP-010,Migrate off Legacy SMS — LATAM 2025-06,Paid Social,Paid Social,57,B,false,false,0,SQL,2026-03-30,2026-04-09,,true,true,false,,2,3,U-025,U-001,,
LEAD-10865,2025-04-14,Juniper Market,Engineering Leader,CTO,UAE,EMEA,Developer Community,Product,CMP-031,Developer Docs Refresh — EMEA 2026-07,Developer Community,Developer Community,87,A,true,true,89,MQL,2025-04-27,,,true,false,false,,,1,,,,
LEAD-10866,2025-08-08,Vertex Retail,CX / Support Leader,Contact Centre Manager,Brazil,AMER,Conference,Product,CMP-035,Q3 Pipeline Push — EMEA 2026-05,Conference,Docs & Quickstarts,74,A,true,false,10,Converted,2025-08-14,2025-08-30,2025-09-07,true,true,true,,,2,,U-011,ACC-1107,OPP-20178
LEAD-10867,2026-08-08,Wexler Logistics,Engineering Leader,VP Engineering,Spain,EMEA,Organic Search,Product,CMP-014,Compliance & HIPAA — APAC 2025-09,Organic Search,Organic Search,77,A,true,true,63,Nurture,2026-08-11,,,true,false,false,,,2,,,,
LEAD-10868,2025-04-19,Onyx Gaming,Developer,Platform Engineer,Canada,AMER,Partner / Marketplace,Partner / Referral,CMP-042,Migrate off Legacy SMS — AMER 2025-04,Partner / Marketplace,Partner / Marketplace,43,C,false,false,0,New,,,,false,false,false,,1,6,U-018,,,
LEAD-10869,2025-08-10,Foundry Cloud,CX / Support Leader,Contact Centre Manager,Mexico,AMER,Organic Search,Inbound Marketing,CMP-018,Voice Agents Launch — AMER 2025-11,Organic Search,Conference,90,A,false,false,0,MQL,2025-08-17,,,true,false,false,,0,6,U-023,,,
LEAD-10870,2026-06-03,Lumen Technologies,CX / Support Leader,Contact Centre Manager,Brazil,AMER,Paid Search,Product,CMP-002,Studio for Product Teams — AMER 2025-08,Paid Search,Partner / Marketplace,100,A,true,true,30,Converted,2026-06-17,2026-07-06,2026-07-22,true,true,true,,,1,,U-010,ACC-1128,OPP-20179
LEAD-10871,2025-10-30,Pallas Labs,Developer,Software Engineer,UAE,EMEA,Organic Search,Product,CMP-015,Studio for Product Teams — AMER 2025-11,Organic Search,Organic Search,64,B,true,true,51,MQL,2025-11-07,,,true,false,false,,,1,,,,
LEAD-10872,2026-09-13,Meridian Insure,Product Manager,Head of Product,Indonesia,APAC,Webinar,Product,CMP-034,Copilot API Beta — EMEA 2026-03,Webinar,Webinar,62,B,true,false,22,Converted,2026-09-23,2026-09-28,2026-10-21,true,true,true,,,1,,U-009,ACC-1093,OPP-20180
LEAD-10873,2026-09-03,Cinder Insure,Developer,Software Engineer,Mexico,AMER,Paid Social,Product,CMP-010,Migrate off Legacy SMS — LATAM 2025-06,Paid Social,Webinar,55,B,true,true,77,SQL,2026-09-09,2026-09-13,,true,true,false,,,2,,U-014,,
LEAD-10874,2025-04-04,Harbor Technologies,Developer,Software Engineer,Spain,EMEA,AI Assistant Referral,Product,CMP-021,Latency Benchmark — LATAM 2025-09,AI Assistant Referral,Paid Search,58,B,true,false,20,SQL,2025-04-04,2025-04-29,,true,true,false,,,2,,U-007,,
LEAD-10875,2026-02-16,Solstice Systems,Engineering Leader,Head of Platform,Canada,AMER,Developer Community,Product,CMP-030,Latency Benchmark — AMER 2025-08,Developer Community,Developer Community,52,B,true,true,87,Disqualified,,,,false,false,false,Free tier is enough,,2,,,,
LEAD-10876,2025-10-03,Lattice Freight,Product Manager,Senior PM,Australia,APAC,Webinar,Product,CMP-033,Developer Docs Refresh — EMEA 2026-07,Webinar,Webinar,60,B,true,true,31,SQL,2025-10-03,2025-10-21,,true,true,false,,,1,,U-006,,
LEAD-10877,2026-07-01,Lattice Gaming,Developer,Platform Engineer,Indonesia,APAC,Developer Community,Product,CMP-030,Latency Benchmark — AMER 2025-08,Developer Community,Developer Community,50,B,true,true,82,Converted,2026-07-18,2026-08-07,2026-08-24,true,true,true,,,0,,U-010,ACC-1133,OPP-20181
LEAD-10878,2026-04-11,Umbra Labs,CX / Support Leader,Director of Service Ops,Argentina,LATAM,Docs & Quickstarts,Product,CMP-026,Studio for Product Teams — AMER 2025-08,Docs & Quickstarts,Outbound Sequence,80,A,true,true,4,Converted,2026-04-14,2026-04-25,2026-05-13,true,true,true,,,1,,U-005,ACC-1045,OPP-20182
LEAD-10879,2025-09-30,Quanta Care,Product Manager,Senior PM,United States,AMER,Webinar,Inbound Marketing,CMP-033,Developer Docs Refresh — EMEA 2026-07,Webinar,Conference,59,B,false,false,0,Converted,2025-10-01,2025-10-24,2025-11-06,true,true,true,,2,5,U-024,U-005,ACC-1134,OPP-20183
LEAD-10880,2025-05-11,Zephyr Travel,CX / Support Leader,VP Customer Experience,Netherlands,EMEA,Paid Social,Inbound Marketing,CMP-007,Developer Docs Refresh — EMEA 2025-05,Paid Social,Paid Social,30,C,false,false,0,Disqualified,,,,false,false,false,Free tier is enough,1,9,U-020,,,
LEAD-10881,2025-08-12,Aster Bank,Engineering Leader,CTO,France,EMEA,Docs & Quickstarts,Product,CMP-024,Verify Fraud Playbook — AMER 2025-05,Docs & Quickstarts,Docs & Quickstarts,86,A,true,false,34,Working,,,,false,false,false,,,2,,,,
LEAD-10882,2026-07-29,Wexler Works,Developer,Software Engineer,Mexico,AMER,Conference,Inbound Marketing,CMP-036,Compliance & HIPAA — AMER 2026-04,Conference,Conference,21,D,false,false,0,New,,,,false,false,false,,1,9,U-024,,,
LEAD-10883,2025-05-22,Kestrel Digital,Developer,Platform Engineer,Netherlands,EMEA,Webinar,Inbound Marketing,CMP-032,Copilot API Beta — AMER 2025-12,Webinar,Webinar,43,C,false,false,0,Converted,2025-05-28,2025-06-01,2025-06-03,true,true,true,,3,2,U-027,U-008,ACC-1012,OPP-20184
LEAD-10884,2025-08-17,Rivet Systems,Procurement / Finance,CFO,Canada,AMER,AI Assistant Referral,Product,CMP-020,Q3 Pipeline Push — AMER 2025-12,AI Assistant Referral,AI Assistant Referral,85,A,true,false,75,Disqualified,,,,false,false,false,Wrong geo,,2,,,,
LEAD-10885,2025-11-25,Wexler Technologies,Developer,Platform Engineer,Canada,AMER,Docs & Quickstarts,Product,CMP-025,Migrate off Legacy SMS — EMEA 2025-09,Docs & Quickstarts,Webinar,79,A,true,true,94,Working,,,,false,false,false,,,2,,,,
LEAD-10886,2025-11-26,Juniper Care,Product Manager,Senior PM,Canada,AMER,Paid Search,Inbound Marketing,CMP-005,Migrate off Legacy SMS — AMER 2025-12,Paid Search,Webinar,59,B,false,false,0,MQL,2025-12-17,,,true,false,false,,2,3,U-017,,,
LEAD-10887,2025-09-22,Lattice Market,CX / Support Leader,VP Customer Experience,Australia,APAC,Docs & Quickstarts,Product,CMP-028,Migrate off Legacy SMS — AMER 2025-11,Docs & Quickstarts,Docs & Quickstarts,90,A,true,false,32,Converted,2025-09-23,2025-10-16,2025-11-13,true,true,true,,,1,,U-007,ACC-1051,OPP-20185
LEAD-10888,2025-11-05,Aster Group,Developer,Staff Engineer,Chile,LATAM,Docs & Quickstarts,Product,CMP-027,Cut Your Deflection Cost — APAC 2025-05,Docs & Quickstarts,Docs & Quickstarts,45,C,true,false,74,SQL,2025-11-05,2025-11-19,,true,true,false,,,0,,U-014,,
LEAD-10889,2025-04-25,Umbra Systems,Engineering Leader,Director of Engineering,Australia,APAC,Docs & Quickstarts,Product,CMP-024,Verify Fraud Playbook — AMER 2025-05,Docs & Quickstarts,Docs & Quickstarts,100,A,true,true,8,Converted,2025-05-04,2025-05-05,2025-05-29,true,true,true,,,1,,U-004,ACC-1010,OPP-20186
LEAD-10890,2026-05-16,Foundry Care,CX / Support Leader,Head of Support,Australia,APAC,Developer Community,Inbound Marketing,CMP-029,Build a Support Agent — EMEA 2025-11,Developer Community,Developer Community,40,C,false,false,0,SQL,2026-05-31,2026-06-05,,true,true,false,,5,4,U-016,U-008,,
LEAD-10891,2026-03-19,Juniper Group,Developer,Staff Engineer,Brazil,AMER,Partner / Marketplace,Partner / Referral,CMP-042,Migrate off Legacy SMS — AMER 2025-04,Partner / Marketplace,Webinar,74,A,true,true,17,Working,,,,false,false,false,,,2,,,,
LEAD-10892,2025-12-17,Umbra Mobility,CX / Support Leader,Contact Centre Manager,Germany,EMEA,Conference,Inbound Marketing,CMP-036,Compliance & HIPAA — AMER 2026-04,Conference,Conference,73,A,false,false,0,Working,,,,false,false,false,,3,3,U-023,,,
LEAD-10893,2026-08-10,Tundra Gaming,Developer,Staff Engineer,Germany,EMEA,Conference,Inbound Marketing,CMP-036,Compliance & HIPAA — AMER 2026-04,Conference,Developer Community,32,C,false,false,0,New,,,,false,false,false,,4,2,U-015,,,
LEAD-10894,2025-09-20,Cinder Works,Procurement / Finance,CFO,Sweden,EMEA,AI Assistant Referral,Product,CMP-021,Latency Benchmark — LATAM 2025-09,AI Assistant Referral,Developer Community,100,A,true,false,53,MQL,2025-10-06,,,true,false,false,,,2,,,,
LEAD-10895,2025-06-15,Vantage Pay,CX / Support Leader,Head of Support,Canada,AMER,Paid Social,Inbound Marketing,CMP-009,Copilot API Beta — AMER 2026-01,Paid Social,Paid Social,58,B,false,false,0,MQL,2025-06-19,,,true,false,false,,3,5,U-016,,,
LEAD-10896,2026-08-04,North Logistics,Developer,Staff Engineer,Japan,APAC,Organic Search,Product,CMP-013,Verify Fraud Playbook — LATAM 2026-01,Organic Search,Organic Search,75,A,true,false,10,New,,,,false,false,false,,,2,,,,
LEAD-10897,2026-04-13,Harbor Insure,CX / Support Leader,Director of Service Ops,Chile,LATAM,Docs & Quickstarts,Inbound Marketing,CMP-025,Migrate off Legacy SMS — EMEA 2025-09,Docs & Quickstarts,Organic Search,100,A,false,false,0,Disqualified,,,,false,false,false,Free tier is enough,3,6,U-018,,,
LEAD-10898,2026-08-01,Kestrel Freight,Product Manager,Director of Product,Japan,APAC,Paid Social,Inbound Marketing,CMP-009,Copilot API Beta — AMER 2026-01,Paid Social,Outbound Sequence,50,B,false,false,0,Nurture,2026-08-07,,,true,false,false,,2,6,U-022,,,
LEAD-10899,2026-09-08,Vantage Logistics,Product Manager,Product Manager,United States,AMER,Customer Referral,Partner / Referral,CMP-046,Migrate off Legacy SMS — AMER 2026-03,Customer Referral,Webinar,90,A,false,false,0,MQL,2026-09-09,,,true,false,false,,4,6,U-024,,,
LEAD-10900,2025-06-05,Dovetail Market,Developer,Platform Engineer,United States,AMER,Partner / Marketplace,Partner / Referral,CMP-042,Migrate off Legacy SMS — AMER 2025-04,Partner / Marketplace,Partner / Marketplace,42,C,false,false,0,MQL,2025-06-13,,,true,false,false,,2,5,U-020,,,
LEAD-10901,2025-10-28,Vantage Technologies,Developer,Senior Backend Engineer,Brazil,AMER,AI Assistant Referral,Inbound Marketing,CMP-020,Q3 Pipeline Push — AMER 2025-12,AI Assistant Referral,AI Assistant Referral,67,B,false,false,0,MQL,2025-11-08,,,true,false,false,,1,3,U-016,,,
LEAD-10902,2026-01-13,Pallas Digital,Developer,Senior Backend Engineer,Spain,EMEA,Paid Social,Inbound Marketing,CMP-008,Developer Docs Refresh — EMEA 2026-02,Paid Social,Conference,42,C,false,false,0,Disqualified,,,,false,false,false,Competitor,2,10,U-018,,,
LEAD-10903,2026-04-09,Solstice Works,Developer,Platform Engineer,Brazil,AMER,Webinar,Inbound Marketing,CMP-032,Copilot API Beta — AMER 2025-12,Webinar,Webinar,1,D,false,false,0,New,,,,false,false,false,,1,4,U-019,,,
LEAD-10904,2026-04-08,Quanta Mobility,Procurement / Finance,Head of Vendor Management,United States,AMER,Developer Community,Product,CMP-030,Latency Benchmark — AMER 2025-08,Developer Community,Developer Community,78,A,true,true,87,Converted,2026-04-23,2026-05-13,2026-06-10,true,true,true,,,2,,U-005,ACC-1122,OPP-20187
LEAD-10905,2026-07-29,Dovetail Health,Engineering Leader,Director of Engineering,India,APAC,Paid Search,Product,CMP-002,Studio for Product Teams — AMER 2025-08,Paid Search,Paid Search,95,A,true,true,80,Converted,2026-08-10,2026-08-18,2026-09-16,true,true,true,,,2,,U-001,ACC-1032,OPP-20188
LEAD-10906,2026-06-22,Rivet Gaming,Developer,Platform Engineer,Mexico,AMER,Docs & Quickstarts,Product,CMP-023,Q3 Pipeline Push — AMER 2025-06,Docs & Quickstarts,Docs & Quickstarts,56,B,true,false,53,MQL,2026-07-04,,,true,false,false,,,0,,,,
LEAD-10907,2026-02-09,Halcyon Systems,Developer,Platform Engineer,Canada,AMER,Conference,Inbound Marketing,CMP-035,Q3 Pipeline Push — EMEA 2026-05,Conference,Conference,22,D,false,false,0,Disqualified,,,,false,false,false,No budget,1,11,U-017,,,
LEAD-10908,2026-02-18,Harbor Care,Developer,Senior Backend Engineer,Indonesia,APAC,Docs & Quickstarts,Product,CMP-025,Migrate off Legacy SMS — EMEA 2025-09,Docs & Quickstarts,Paid Social,46,C,true,true,100,Working,,,,false,false,false,,,1,,,,
LEAD-10909,2025-07-03,Vantage Mobility,Developer,Staff Engineer,UAE,EMEA,Docs & Quickstarts,Product,CMP-028,Migrate off Legacy SMS — AMER 2025-11,Docs & Quickstarts,Docs & Quickstarts,38,C,true,true,10,Disqualified,,,,false,false,false,Competitor,,1,,,,
LEAD-10910,2025-07-22,Onyx Bank,Product Manager,Director of Product,Netherlands,EMEA,Docs & Quickstarts,Product,CMP-026,Studio for Product Teams — AMER 2025-08,Docs & Quickstarts,Partner / Marketplace,76,A,true,false,62,MQL,2025-07-25,,,true,false,false,,,0,,,,
LEAD-10911,2026-05-29,Orbital Bank,Developer,Senior Backend Engineer,Canada,AMER,Docs & Quickstarts,Inbound Marketing,CMP-027,Cut Your Deflection Cost — APAC 2025-05,Docs & Quickstarts,Developer Community,67,B,false,false,0,SQL,2026-06-09,2026-06-21,,true,true,false,,1,7,U-015,U-001,,
LEAD-10912,2025-07-09,Lumen Insure,Developer,Staff Engineer,United States,AMER,Organic Search,Inbound Marketing,CMP-013,Verify Fraud Playbook — LATAM 2026-01,Organic Search,Paid Social,33,C,false,false,0,Disqualified,,,,false,false,false,No budget,0,4,U-022,,,
LEAD-10913,2025-11-15,Zephyr Systems,Developer,Staff Engineer,Canada,AMER,AI Assistant Referral,Product,CMP-020,Q3 Pipeline Push — AMER 2025-12,AI Assistant Referral,AI Assistant Referral,49,C,true,false,55,MQL,2025-11-25,,,true,false,false,,,2,,,,
LEAD-10914,2025-10-17,Quanta Works,Developer,Senior Backend Engineer,Mexico,AMER,Docs & Quickstarts,Product,CMP-023,Q3 Pipeline Push — AMER 2025-06,Docs & Quickstarts,Docs & Quickstarts,63,B,true,false,55,Disqualified,,,,false,false,false,Student / hobby project,,0,,,,
LEAD-10915,2026-06-30,Aster Retail,Product Manager,Head of Product,Canada,AMER,Developer Community,Product,CMP-029,Build a Support Agent — EMEA 2025-11,Developer Community,Organic Search,80,A,true,false,31,SQL,2026-07-08,2026-07-25,,true,true,false,,,0,,U-007,,
LEAD-10916,2025-04-21,Dovetail Mobility,CX / Support Leader,Head of Support,Germany,EMEA,Outbound Sequence,Outbound,CMP-038,Migrate off Legacy SMS — AMER 2025-04,Outbound Sequence,Customer Referral,32,C,false,false,0,New,,,,false,false,false,,0,6,U-019,,,
LEAD-10917,2025-09-27,Ember Group,Product Manager,Director of Product,Canada,AMER,AI Assistant Referral,Inbound Marketing,CMP-021,Latency Benchmark — LATAM 2025-09,AI Assistant Referral,AI Assistant Referral,60,B,false,false,0,SQL,2025-10-10,2025-10-23,,true,true,false,,5,5,U-023,U-014,,
LEAD-10918,2026-06-10,Onyx Insure,Developer,Software Engineer,Mexico,AMER,Developer Community,Product,CMP-030,Latency Benchmark — AMER 2025-08,Developer Community,Developer Community,57,B,true,false,38,SQL,2026-06-15,2026-07-02,,true,true,false,,,1,,U-008,,
LEAD-10919,2026-03-27,North Pay,Engineering Leader,CTO,Germany,EMEA,Webinar,Product,CMP-034,Copilot API Beta — EMEA 2026-03,Webinar,Paid Social,62,B,true,false,20,Disqualified,,,,false,false,false,No budget,,1,,,,
LEAD-10920,2026-01-26,Solstice Bank,Developer,Senior Backend Engineer,France,EMEA,Organic Search,Inbound Marketing,CMP-015,Studio for Product Teams — AMER 2025-11,Organic Search,Organic Search,44,C,false,false,0,Converted,2026-02-01,2026-02-04,2026-02-06,true,true,true,,0,4,U-020,U-001,ACC-1131,OPP-20189
LEAD-10921,2025-07-02,Umbra Travel,Product Manager,Director of Product,Mexico,AMER,Docs & Quickstarts,Inbound Marketing,CMP-026,Studio for Product Teams — AMER 2025-08,Docs & Quickstarts,Docs & Quickstarts,86,A,false,false,0,SQL,2025-07-02,2025-07-09,,true,true,false,,2,2,U-017,U-001,,
LEAD-10922,2025-04-21,Harbor Cloud,Engineering Leader,Head of Platform,Germany,EMEA,AI Assistant Referral,Product,CMP-020,Q3 Pipeline Push — AMER 2025-12,AI Assistant Referral,Webinar,85,A,true,true,12,Converted,2025-04-26,2025-05-16,2025-05-26,true,true,true,,,1,,U-003,ACC-1014,OPP-20190
LEAD-10923,2025-07-22,Solstice Labs,Product Manager,Product Manager,Mexico,AMER,Conference,Product,CMP-036,Compliance & HIPAA — AMER 2026-04,Conference,Conference,74,A,true,true,68,SQL,2025-08-09,2025-09-04,,true,true,false,,,1,,U-006,,
LEAD-10924,2025-06-22,Quanta Learning,Developer,Staff Engineer,Mexico,AMER,Developer Community,Product,CMP-029,Build a Support Agent — EMEA 2025-11,Developer Community,Paid Search,71,A,true,true,53,MQL,2025-06-24,,,true,false,false,,,1,,,,
LEAD-10925,2026-05-12,North Digital,Developer,Senior Backend Engineer,Singapore,APAC,Paid Social,Inbound Marketing,CMP-009,Copilot API Beta — AMER 2026-01,Paid Social,Partner / Marketplace,39,C,false,true,0,Disqualified,,,,false,false,false,Student / hobby project,3,3,U-021,,,
LEAD-10926,2026-09-15,Kestrel Freight,Engineering Leader,VP Engineering,United States,AMER,Docs & Quickstarts,Product,CMP-028,Migrate off Legacy SMS — AMER 2025-11,Docs & Quickstarts,Docs & Quickstarts,91,A,true,true,44,Converted,2026-09-27,2026-09-28,2026-10-12,true,true,true,,,2,,U-005,ACC-1126,OPP-20191
LEAD-10927,2025-12-12,Lattice Group,Developer,Senior Backend Engineer,Japan,APAC,Organic Search,Inbound Marketing,CMP-012,AI Search Visibility — AMER 2026-07,Organic Search,Organic Search,49,C,false,false,0,SQL,2025-12-31,2026-01-16,,true,true,false,,1,7,U-018,U-002,,
LEAD-10928,2026-05-26,Meridian Cloud,CX / Support Leader,Contact Centre Manager,Netherlands,EMEA,Customer Referral,Partner / Referral,CMP-045,Compliance & HIPAA — AMER 2025-09,Customer Referral,Customer Referral,58,B,false,false,0,SQL,2026-06-13,2026-06-25,,true,true,false,,1,6,U-020,U-012,,
LEAD-10929,2025-11-08,Quanta Market,CX / Support Leader,VP Customer Experience,Canada,AMER,Paid Social,Product,CMP-008,Developer Docs Refresh — EMEA 2026-02,Paid Social,Paid Social,46,C,true,true,12,Disqualified,,,,false,false,false,Went silent,,0,,,,
LEAD-10930,2025-11-24,Orbital Market,Engineering Leader,Director of Engineering,Argentina,LATAM,Paid Social,Inbound Marketing,CMP-010,Migrate off Legacy SMS — LATAM 2025-06,Paid Social,Paid Social,66,B,false,false,0,Converted,2025-12-14,2025-12-28,2026-01-07,true,true,true,,0,11,U-018,U-001,ACC-1016,OPP-20192
LEAD-10931,2025-11-26,Lattice Group,Product Manager,Product Manager,France,EMEA,Paid Social,Inbound Marketing,CMP-010,Migrate off Legacy SMS — LATAM 2025-06,Paid Social,Paid Social,35,C,false,false,0,Working,,,,false,false,false,,4,9,U-016,,,
LEAD-10932,2026-01-10,Umbra Gaming,Product Manager,Director of Product,India,APAC,Outbound Sequence,Outbound,CMP-041,Studio for Product Teams — AMER 2025-04,Outbound Sequence,Outbound Sequence,53,B,false,false,0,Disqualified,,,,false,false,false,Student / hobby project,0,5,U-017,,,
LEAD-10933,2025-10-25,Umbra Cloud,Engineering Leader,Head of Platform,United Kingdom,EMEA,Paid Search,Inbound Marketing,CMP-004,Cut Your Deflection Cost — AMER 2025-11,Paid Search,Paid Search,64,B,false,false,0,MQL,2025-11-06,,,true,false,false,,0,7,U-019,,,
LEAD-10934,2026-08-07,Orbital Freight,Developer,Staff Engineer,Indonesia,APAC,Webinar,Inbound Marketing,CMP-033,Developer Docs Refresh — EMEA 2026-07,Webinar,Webinar,56,B,false,false,0,Converted,2026-08-25,2026-08-28,2026-09-24,true,true,true,,5,8,U-021,U-002,ACC-1090,OPP-20193
LEAD-10935,2025-11-22,Aster Mobility,CX / Support Leader,Contact Centre Manager,Germany,EMEA,Partner / Marketplace,Partner / Referral,CMP-042,Migrate off Legacy SMS — AMER 2025-04,Partner / Marketplace,Partner / Marketplace,89,A,false,false,0,MQL,2025-12-13,,,true,false,false,,2,3,U-025,,,
LEAD-10936,2026-06-14,Ember Travel,Developer,Staff Engineer,United States,AMER,AI Assistant Referral,Inbound Marketing,CMP-020,Q3 Pipeline Push — AMER 2025-12,AI Assistant Referral,AI Assistant Referral,67,B,false,true,0,Converted,2026-06-18,2026-07-13,2026-07-27,true,true,true,,4,2,U-020,U-003,ACC-1043,OPP-20194
LEAD-10937,2026-01-29,Tundra Digital,Product Manager,Director of Product,Mexico,AMER,Organic Search,Product,CMP-012,AI Search Visibility — AMER 2026-07,Organic Search,Organic Search,81,A,true,true,76,New,,,,false,false,false,,,1,,,,
LEAD-10938,2025-04-22,Ember Pay,Developer,Senior Backend Engineer,Canada,AMER,AI Assistant Referral,Product,CMP-020,Q3 Pipeline Push — AMER 2025-12,AI Assistant Referral,Customer Referral,79,A,true,true,10,Working,,,,false,false,false,,,2,,,,
LEAD-10939,2026-01-13,Dovetail Retail,Engineering Leader,Head of Platform,Singapore,APAC,Partner / Marketplace,Partner / Referral,CMP-044,Studio for Product Teams — AMER 2025-06,Partner / Marketplace,Partner / Marketplace,51,B,false,true,0,New,,,,false,false,false,,3,6,U-019,,,
LEAD-10940,2025-06-14,Pallas Retail,Procurement / Finance,CFO,Chile,LATAM,Organic Search,Product,CMP-018,Voice Agents Launch — AMER 2025-11,Organic Search,Outbound Sequence,92,A,true,true,17,Converted,2025-06-26,2025-07-22,2025-08-24,true,true,true,,,2,,U-010,ACC-1092,OPP-20195
LEAD-10941,2025-06-03,Aster Digital,CX / Support Leader,Contact Centre Manager,Mexico,AMER,Docs & Quickstarts,Product,CMP-028,Migrate off Legacy SMS — AMER 2025-11,Docs & Quickstarts,Docs & Quickstarts,74,A,true,true,90,SQL,2025-06-03,2025-06-04,,true,true,false,,,1,,U-003,,
LEAD-10942,2025-12-10,Foundry Labs,Developer,Platform Engineer,Canada,AMER,Outbound Sequence,Outbound,CMP-037,Verify Fraud Playbook — EMEA 2025-04,Outbound Sequence,Outbound Sequence,1,D,false,false,0,Disqualified,,,,false,false,false,Free tier is enough,1,2,U-018,,,
LEAD-10943,2025-10-04,Orbital Care,Developer,Senior Backend Engineer,Sweden,EMEA,Paid Search,Product,CMP-002,Studio for Product Teams — AMER 2025-08,Paid Search,Paid Search,58,B,true,false,38,Converted,2025-10-18,2025-11-02,2025-11-14,true,true,true,,,0,,U-006,ACC-1051,OPP-20196
LEAD-10944,2025-05-13,Onyx Freight,Developer,Senior Backend Engineer,Netherlands,EMEA,Partner / Marketplace,Partner / Referral,CMP-042,Migrate off Legacy SMS — AMER 2025-04,Partner / Marketplace,Partner / Marketplace,66,B,true,true,79,MQL,2025-05-27,,,true,false,false,,,2,,,,
LEAD-10945,2025-11-12,Onyx Learning,Procurement / Finance,Procurement Manager,United States,AMER,AI Assistant Referral,Product,CMP-019,Studio for Product Teams — APAC 2026-02,AI Assistant Referral,Paid Search,100,A,true,true,83,Working,,,,false,false,false,,,0,,,,
LEAD-10946,2026-03-11,Zephyr Logistics,Procurement / Finance,Procurement Manager,Mexico,AMER,Paid Search,Inbound Marketing,CMP-001,Copilot API Beta — AMER 2026-02,Paid Search,Paid Search,82,A,false,false,0,Disqualified,,,,false,false,false,Wrong geo,4,3,U-023,,,
LEAD-10947,2025-08-30,Dovetail Technologies,Product Manager,Senior PM,Brazil,AMER,Partner / Marketplace,Partner / Referral,CMP-044,Studio for Product Teams — AMER 2025-06,Partner / Marketplace,Partner / Marketplace,83,A,true,false,93,Converted,2025-08-31,2025-09-05,2025-09-21,true,true,true,,,1,,U-004,ACC-1024,OPP-20197
LEAD-10948,2025-08-12,Tundra Freight,Developer,Staff Engineer,Japan,APAC,Paid Search,Inbound Marketing,CMP-003,Voice Agents Launch — EMEA 2025-12,Paid Search,Paid Search,72,A,false,false,0,MQL,2025-08-14,,,true,false,false,,2,3,U-026,,,
LEAD-10949,2026-08-03,Orbital Learning,Engineering Leader,CTO,India,APAC,AI Assistant Referral,Inbound Marketing,CMP-021,Latency Benchmark — LATAM 2025-09,AI Assistant Referral,Partner / Marketplace,58,B,false,false,0,Nurture,2026-08-07,,,true,false,false,,3,2,U-021,,,
LEAD-10950,2026-07-27,Sable Pay,Engineering Leader,Head of Platform,Japan,APAC,Docs & Quickstarts,Product,CMP-024,Verify Fraud Playbook — AMER 2025-05,Docs & Quickstarts,Webinar,100,A,true,true,62,Converted,2026-08-03,2026-08-29,2026-10-02,true,true,true,,,2,,U-009,ACC-1023,OPP-20198
LEAD-10951,2026-03-25,Tundra Retail,Developer,Senior Backend Engineer,Germany,EMEA,Partner / Marketplace,Partner / Referral,CMP-043,Latency Benchmark — APAC 2026-01,Partner / Marketplace,Partner / Marketplace,57,B,true,false,7,Converted,2026-04-02,2026-04-26,2026-05-19,true,true,true,,,0,,U-003,ACC-1056,OPP-20199
LEAD-10952,2026-07-03,Sable Cloud,Product Manager,Director of Product,Indonesia,APAC,Developer Community,Product,CMP-029,Build a Support Agent — EMEA 2025-11,Developer Community,AI Assistant Referral,59,B,true,true,36,Working,,,,false,false,false,,,1,,,,
LEAD-10953,2026-01-19,Dovetail Market,Product Manager,Product Manager,Canada,AMER,Organic Search,Inbound Marketing,CMP-017,Latency Benchmark — AMER 2026-05,Organic Search,Organic Search,72,A,false,false,0,Nurture,2026-01-24,,,true,false,false,,1,5,U-025,,,
LEAD-10954,2025-12-23,Aster Travel,Developer,Staff Engineer,Mexico,AMER,Docs & Quickstarts,Product,CMP-023,Q3 Pipeline Push — AMER 2025-06,Docs & Quickstarts,Docs & Quickstarts,56,B,true,true,92,Nurture,2026-01-10,,,true,false,false,,,0,,,,
LEAD-10955,2026-08-31,Vertex Insure,Procurement / Finance,Finance Director,Netherlands,EMEA,AI Assistant Referral,Inbound Marketing,CMP-020,Q3 Pipeline Push — AMER 2025-12,AI Assistant Referral,AI Assistant Referral,72,A,false,false,0,SQL,2026-09-09,2026-10-01,,true,true,false,,2,6,U-023,U-013,,
LEAD-10956,2026-04-02,North Group,Product Manager,Director of Product,France,EMEA,Paid Search,Inbound Marketing,CMP-003,Voice Agents Launch — EMEA 2025-12,Paid Search,Conference,50,B,false,false,0,MQL,2026-04-11,,,true,false,false,,3,1,U-016,,,
LEAD-10957,2025-11-18,Zephyr Learning,Engineering Leader,VP Engineering,UAE,EMEA,Paid Search,Inbound Marketing,CMP-005,Migrate off Legacy SMS — AMER 2025-12,Paid Search,Paid Search,63,B,false,false,0,Nurture,2025-11-22,,,true,false,false,,1,7,U-027,,,
LEAD-10958,2025-07-31,Lattice Mobility,Developer,Software Engineer,Japan,APAC,Docs & Quickstarts,Product,CMP-028,Migrate off Legacy SMS — AMER 2025-11,Docs & Quickstarts,Docs & Quickstarts,67,B,true,true,2,MQL,2025-08-06,,,true,false,false,,,1,,,,
LEAD-10959,2025-08-08,Sable Cloud,Developer,Platform Engineer,Australia,APAC,Docs & Quickstarts,Product,CMP-024,Verify Fraud Playbook — AMER 2025-05,Docs & Quickstarts,Docs & Quickstarts,83,A,true,false,5,Nurture,2025-08-19,,,true,false,false,,,2,,,,
LEAD-10960,2026-05-07,Lumen Cloud,Engineering Leader,Head of Platform,Brazil,AMER,Docs & Quickstarts,Product,CMP-025,Migrate off Legacy SMS — EMEA 2025-09,Docs & Quickstarts,Docs & Quickstarts,89,A,true,true,65,Nurture,2026-05-25,,,true,false,false,,,1,,,,
LEAD-10961,2026-04-14,Sable Logistics,Engineering Leader,Director of Engineering,UAE,EMEA,Organic Search,Product,CMP-011,Developer Docs Refresh — LATAM 2025-04,Organic Search,Organic Search,80,A,true,true,55,MQL,2026-05-02,,,true,false,false,,,1,,,,
LEAD-10962,2025-05-21,Solstice Learning,Product Manager,Product Manager,Mexico,AMER,Webinar,Inbound Marketing,CMP-034,Copilot API Beta — EMEA 2026-03,Webinar,Outbound Sequence,57,B,false,false,0,SQL,2025-05-23,2025-05-30,,true,true,false,,2,5,U-026,U-009,,
LEAD-10963,2025-06-09,North Gaming,Developer,Staff Engineer,Sweden,EMEA,Conference,Inbound Marketing,CMP-036,Compliance & HIPAA — AMER 2026-04,Conference,Organic Search,35,C,false,false,0,Working,,,,false,false,false,,4,4,U-017,,,
LEAD-10964,2026-06-13,Sable Technologies,Engineering Leader,CTO,Netherlands,EMEA,Organic Search,Inbound Marketing,CMP-013,Verify Fraud Playbook — LATAM 2026-01,Organic Search,Organic Search,51,B,false,false,0,Converted,2026-07-04,2026-07-25,2026-07-28,true,true,true,,3,3,U-017,U-004,ACC-1050,OPP-20200
LEAD-10965,2025-04-19,Quanta Cloud,Developer,Platform Engineer,Singapore,APAC,Outbound Sequence,Outbound,CMP-039,Studio for Product Teams — EMEA 2026-02,Outbound Sequence,Outbound Sequence,41,C,false,false,0,MQL,2025-05-03,,,true,false,false,,4,11,U-018,,,
LEAD-10966,2025-09-27,Vertex Market,Developer,Staff Engineer,Spain,EMEA,Developer Community,Inbound Marketing,CMP-029,Build a Support Agent — EMEA 2025-11,Developer Community,Developer Community,31,C,false,false,0,Working,,,,false,false,false,,4,9,U-025,,,
LEAD-10967,2025-06-26,Tundra Insure,Product Manager,Head of Product,Singapore,APAC,Developer Community,Product,CMP-029,Build a Support Agent — EMEA 2025-11,Developer Community,Developer Community,69,B,true,false,66,Disqualified,,,,false,false,false,Student / hobby project,,1,,,,
LEAD-10968,2025-05-12,Ember Insure,Engineering Leader,Head of Platform,Sweden,EMEA,Organic Search,Product,CMP-011,Developer Docs Refresh — LATAM 2025-04,Organic Search,Organic Search,76,A,true,true,33,MQL,2025-05-25,,,true,false,false,,,1,,,,
LEAD-10969,2025-09-20,Halcyon Care,Engineering Leader,CTO,Brazil,AMER,AI Assistant Referral,Product,CMP-020,Q3 Pipeline Push — AMER 2025-12,AI Assistant Referral,Outbound Sequence,56,B,true,false,64,New,,,,false,false,false,,,1,,,,
LEAD-10970,2025-07-01,Zephyr Travel,Developer,Staff Engineer,Netherlands,EMEA,Paid Search,Product,CMP-005,Migrate off Legacy SMS — AMER 2025-12,Paid Search,Paid Search,65,B,true,true,59,Disqualified,,,,false,false,false,Free tier is enough,,0,,,,
LEAD-10971,2025-04-27,Zephyr Retail,Procurement / Finance,CFO,United States,AMER,Paid Search,Inbound Marketing,CMP-005,Migrate off Legacy SMS — AMER 2025-12,Paid Search,Paid Search,87,A,false,false,0,Disqualified,,,,false,false,false,No budget,3,2,U-022,,,
LEAD-10972,2026-04-16,Cinder Retail,Developer,Senior Backend Engineer,Mexico,AMER,Paid Search,Inbound Marketing,CMP-005,Migrate off Legacy SMS — AMER 2025-12,Paid Search,Paid Search,55,B,false,false,0,New,,,,false,false,false,,2,4,U-021,,,
LEAD-10973,2025-08-14,Pallas Market,Developer,Software Engineer,United Kingdom,EMEA,Docs & Quickstarts,Product,CMP-023,Q3 Pipeline Push — AMER 2025-06,Docs & Quickstarts,Docs & Quickstarts,70,A,true,true,59,Converted,2025-08-26,2025-09-03,2025-10-05,true,true,true,,,1,,U-005,ACC-1046,OPP-20201
LEAD-10974,2026-05-05,Beacon Travel,Engineering Leader,Director of Engineering,Sweden,EMEA,Outbound Sequence,Outbound,CMP-040,AI Search Visibility — AMER 2026-05,Outbound Sequence,Outbound Sequence,46,C,false,false,0,SQL,2026-05-15,2026-05-27,,true,true,false,,4,9,U-019,U-002,,
LEAD-10975,2026-03-30,Cobalt Learning,Engineering Leader,Director of Engineering,Spain,EMEA,Paid Search,Inbound Marketing,CMP-003,Voice Agents Launch — EMEA 2025-12,Paid Search,Paid Search,64,B,false,false,0,SQL,2026-04-02,2026-04-12,,true,true,false,,0,7,U-015,U-003,,
LEAD-10976,2026-09-02,Meridian Health,Developer,Software Engineer,Japan,APAC,Customer Referral,Partner / Referral,CMP-046,Migrate off Legacy SMS — AMER 2026-03,Customer Referral,Customer Referral,73,A,true,false,71,Disqualified,,,,false,false,false,Duplicate,,2,,,,
LEAD-10977,2025-04-07,Lattice Digital,Developer,Software Engineer,Japan,APAC,Docs & Quickstarts,Product,CMP-028,Migrate off Legacy SMS — AMER 2025-11,Docs & Quickstarts,Webinar,68,B,true,true,61,Nurture,2025-04-20,,,true,false,false,,,2,,,,
LEAD-10978,2025-10-11,Juniper Care,CX / Support Leader,VP Customer Experience,Colombia,LATAM,Docs & Quickstarts,Inbound Marketing,CMP-024,Verify Fraud Playbook — AMER 2025-05,Docs & Quickstarts,Docs & Quickstarts,68,B,false,false,0,Disqualified,,,,false,false,false,Student / hobby project,1,8,U-027,,,
LEAD-10979,2026-05-08,Tundra Labs,Developer,Senior Backend Engineer,Spain,EMEA,Paid Social,Inbound Marketing,CMP-010,Migrate off Legacy SMS — LATAM 2025-06,Paid Social,Paid Social,8,D,false,false,0,New,,,,false,false,false,,2,4,U-018,,,
LEAD-10980,2026-07-19,North Health,Engineering Leader,CTO,Brazil,AMER,AI Assistant Referral,Inbound Marketing,CMP-022,Q3 Pipeline Push — AMER 2025-10,AI Assistant Referral,AI Assistant Referral,56,B,false,false,0,SQL,2026-07-21,2026-08-06,,true,true,false,,2,3,U-015,U-010,,
LEAD-10981,2026-04-05,Tundra Learning,Engineering Leader,Director of Engineering,United States,AMER,Paid Search,Inbound Marketing,CMP-004,Cut Your Deflection Cost — AMER 2025-11,Paid Search,Paid Search,84,A,false,false,0,SQL,2026-04-12,2026-04-22,,true,true,false,,2,6,U-024,U-013,,
LEAD-10982,2026-05-27,Lattice Insure,Procurement / Finance,Head of Vendor Management,Canada,AMER,Paid Social,Inbound Marketing,CMP-008,Developer Docs Refresh — EMEA 2026-02,Paid Social,Paid Search,79,A,false,false,0,MQL,2026-05-30,,,true,false,false,,2,6,U-016,,,
LEAD-10983,2025-06-21,Pallas Health,Engineering Leader,CTO,United States,AMER,Paid Search,Product,CMP-005,Migrate off Legacy SMS — AMER 2025-12,Paid Search,Paid Search,51,B,true,true,22,Converted,2025-07-10,2025-08-05,2025-08-11,true,true,true,,,2,,U-003,ACC-1007,OPP-20202
LEAD-10984,2025-06-22,Cinder Cloud,Engineering Leader,Head of Platform,United Kingdom,EMEA,Paid Search,Product,CMP-004,Cut Your Deflection Cost — AMER 2025-11,Paid Search,Docs & Quickstarts,91,A,true,false,34,Working,,,,false,false,false,,,1,,,,
LEAD-10985,2025-07-26,Kestrel Works,Engineering Leader,Head of Platform,Indonesia,APAC,Webinar,Product,CMP-034,Copilot API Beta — EMEA 2026-03,Webinar,Paid Search,53,B,true,false,65,Disqualified,,,,false,false,false,Free tier is enough,,2,,,,
LEAD-10986,2025-06-02,Foundry Learning,Developer,Senior Backend Engineer,Singapore,APAC,Paid Social,Inbound Marketing,CMP-009,Copilot API Beta — AMER 2026-01,Paid Social,Customer Referral,20,D,false,false,0,Nurture,2025-06-16,,,true,false,false,,3,10,U-020,,,
LEAD-10987,2025-07-03,Orbital Health,Developer,Platform Engineer,United States,AMER,Organic Search,Product,CMP-012,AI Search Visibility — AMER 2026-07,Organic Search,Organic Search,46,C,true,false,80,New,,,,false,false,false,,,2,,,,
LEAD-10988,2026-03-18,Cobalt Pay,Developer,Senior Backend Engineer,Canada,AMER,Organic Search,Product,CMP-013,Verify Fraud Playbook — LATAM 2026-01,Organic Search,Conference,87,A,true,true,22,MQL,2026-04-04,,,true,false,false,,,1,,,,
LEAD-10989,2026-06-09,Foundry Travel,Developer,Software Engineer,Japan,APAC,Webinar,Inbound Marketing,CMP-034,Copilot API Beta — EMEA 2026-03,Webinar,Webinar,37,C,false,false,0,Disqualified,,,,false,false,false,Duplicate,2,1,U-023,,,
LEAD-10990,2026-05-20,Foundry Learning,Developer,Senior Backend Engineer,United States,AMER,Developer Community,Product,CMP-031,Developer Docs Refresh — EMEA 2026-07,Developer Community,Developer Community,71,A,true,true,20,Working,,,,false,false,false,,,2,,,,
LEAD-10991,2026-01-09,Foundry Mobility,Product Manager,Director of Product,Sweden,EMEA,Docs & Quickstarts,Product,CMP-025,Migrate off Legacy SMS — EMEA 2025-09,Docs & Quickstarts,Docs & Quickstarts,50,B,true,false,12,Converted,2026-01-11,2026-01-25,2026-02-13,true,true,true,,,2,,U-012,ACC-1106,OPP-20203
LEAD-10992,2025-08-10,Kestrel Cloud,Developer,Software Engineer,Chile,LATAM,Paid Search,Inbound Marketing,CMP-006,AI Search Visibility — AMER 2026-02,Paid Search,Paid Search,60,B,false,false,0,Converted,2025-08-28,2025-09-23,2025-10-13,true,true,true,,3,1,U-021,U-012,ACC-1095,OPP-20204
LEAD-10993,2025-04-23,Rivet Works,Engineering Leader,Director of Engineering,Japan,APAC,Docs & Quickstarts,Product,CMP-023,Q3 Pipeline Push — AMER 2025-06,Docs & Quickstarts,Docs & Quickstarts,91,A,true,true,34,SQL,2025-05-04,2025-05-24,,true,true,false,,,0,,U-012,,
LEAD-10994,2025-07-17,Harbor Health,Developer,Software Engineer,Canada,AMER,Customer Referral,Partner / Referral,CMP-045,Compliance & HIPAA — AMER 2025-09,Customer Referral,Customer Referral,39,C,false,false,0,Disqualified,,,,false,false,false,Free tier is enough,0,2,U-020,,,
LEAD-10995,2026-01-05,Lumen Digital,CX / Support Leader,Head of Support,United States,AMER,Partner / Marketplace,Partner / Referral,CMP-044,Studio for Product Teams — AMER 2025-06,Partner / Marketplace,Webinar,80,A,false,false,0,Disqualified,,,,false,false,false,No use case,1,8,U-018,,,
LEAD-10996,2025-07-25,Zephyr Logistics,Engineering Leader,Director of Engineering,Canada,AMER,Organic Search,Product,CMP-018,Voice Agents Launch — AMER 2025-11,Organic Search,Organic Search,91,A,true,false,94,Nurture,2025-08-04,,,true,false,false,,,0,,,,
LEAD-10997,2026-07-07,Rivet Mobility,Product Manager,Senior PM,United States,AMER,Docs & Quickstarts,Product,CMP-024,Verify Fraud Playbook — AMER 2025-05,Docs & Quickstarts,Docs & Quickstarts,59,B,true,false,36,Working,,,,false,false,false,,,1,,,,
LEAD-10998,2026-01-27,Pallas Freight,CX / Support Leader,Head of Support,France,EMEA,Paid Search,Product,CMP-003,Voice Agents Launch — EMEA 2025-12,Paid Search,Paid Search,95,A,true,true,8,Disqualified,,,,false,false,false,No budget,,1,,,,
LEAD-10999,2025-06-16,Meridian Insure,Developer,Platform Engineer,Singapore,APAC,Organic Search,Product,CMP-016,Q3 Pipeline Push — AMER 2026-04,Organic Search,Organic Search,76,A,true,true,25,Nurture,2025-06-20,,,true,false,false,,,0,,,,
LEAD-11000,2025-09-24,Onyx Freight,Engineering Leader,Head of Platform,Netherlands,EMEA,Organic Search,Inbound Marketing,CMP-015,Studio for Product Teams — AMER 2025-11,Organic Search,Partner / Marketplace,78,A,false,false,0,Working,,,,false,false,false,,1,3,U-016,,,
LEAD-11001,2025-12-30,Halcyon Travel,Product Manager,Product Manager,Mexico,AMER,Paid Search,Product,CMP-004,Cut Your Deflection Cost — AMER 2025-11,Paid Search,Paid Search,94,A,true,true,96,Nurture,2025-12-31,,,true,false,false,,,0,,,,
LEAD-11002,2026-08-03,Umbra Labs,Developer,Software Engineer,United Kingdom,EMEA,Outbound Sequence,Outbound,CMP-041,Studio for Product Teams — AMER 2025-04,Outbound Sequence,Paid Search,20,D,false,false,0,New,,,,false,false,false,,4,4,U-018,,,
LEAD-11003,2026-03-30,Solstice Freight,Developer,Senior Backend Engineer,Canada,AMER,Webinar,Product,CMP-034,Copilot API Beta — EMEA 2026-03,Webinar,Customer Referral,66,B,true,true,95,SQL,2026-04-15,2026-04-22,,true,true,false,,,0,,U-005,,
LEAD-11004,2025-08-23,Vertex Market,Developer,Platform Engineer,Australia,APAC,Developer Community,Product,CMP-031,Developer Docs Refresh — EMEA 2026-07,Developer Community,Paid Social,48,C,true,true,91,MQL,2025-09-07,,,true,false,false,,,2,,,,
LEAD-11005,2026-05-28,Wexler Pay,Product Manager,Product Manager,Germany,EMEA,Paid Search,Inbound Marketing,CMP-002,Studio for Product Teams — AMER 2025-08,Paid Search,Paid Search,57,B,false,false,0,Disqualified,,,,false,false,false,Student / hobby project,2,5,U-015,,,
LEAD-11006,2025-11-24,Onyx Gaming,CX / Support Leader,Contact Centre Manager,Brazil,AMER,Paid Search,Inbound Marketing,CMP-005,Migrate off Legacy SMS — AMER 2025-12,Paid Search,Paid Search,77,A,false,false,0,SQL,2025-12-01,2025-12-26,,true,true,false,,3,2,U-022,U-006,,
LEAD-11007,2025-11-28,Onyx Retail,Developer,Software Engineer,Brazil,AMER,Webinar,Inbound Marketing,CMP-034,Copilot API Beta — EMEA 2026-03,Webinar,Webinar,66,B,false,false,0,MQL,2025-12-01,,,true,false,false,,3,11,U-016,,,
LEAD-11008,2025-04-23,Harbor Gaming,CX / Support Leader,Head of Support,Indonesia,APAC,Docs & Quickstarts,Product,CMP-025,Migrate off Legacy SMS — EMEA 2025-09,Docs & Quickstarts,Docs & Quickstarts,84,A,true,false,17,MQL,2025-05-07,,,true,false,false,,,2,,,,
LEAD-11009,2026-05-15,Cobalt Group,CX / Support Leader,Contact Centre Manager,Mexico,AMER,Paid Search,Inbound Marketing,CMP-006,AI Search Visibility — AMER 2026-02,Paid Search,Paid Search,80,A,false,false,0,SQL,2026-05-18,2026-06-07,,true,true,false,,1,11,U-020,U-005,,
LEAD-11010,2026-01-17,Rivet Systems,Developer,Software Engineer,Canada,AMER,Conference,Inbound Marketing,CMP-035,Q3 Pipeline Push — EMEA 2026-05,Conference,Conference,40,C,false,false,0,Disqualified,,,,false,false,false,Competitor,2,10,U-018,,,
LEAD-11011,2026-01-23,Aster Cloud,Product Manager,Senior PM,UAE,EMEA,Docs & Quickstarts,Inbound Marketing,CMP-027,Cut Your Deflection Cost — APAC 2025-05,Docs & Quickstarts,Docs & Quickstarts,75,A,false,false,0,Nurture,2026-02-06,,,true,false,false,,2,1,U-017,,,
LEAD-11012,2025-04-30,Cinder Mobility,Developer,Software Engineer,Argentina,LATAM,Paid Search,Inbound Marketing,CMP-001,Copilot API Beta — AMER 2026-02,Paid Search,Paid Search,50,B,false,false,0,SQL,2025-05-17,2025-06-03,,true,true,false,,4,10,U-023,U-014,,
LEAD-11013,2026-05-28,Sable Digital,Developer,Platform Engineer,Canada,AMER,Organic Search,Inbound Marketing,CMP-014,Compliance & HIPAA — APAC 2025-09,Organic Search,Organic Search,45,C,false,true,0,SQL,2026-06-10,2026-07-06,,true,true,false,,0,4,U-027,U-004,,
LEAD-11014,2025-11-20,Dovetail Learning,Developer,Staff Engineer,Canada,AMER,Paid Search,Inbound Marketing,CMP-003,Voice Agents Launch — EMEA 2025-12,Paid Search,Paid Search,56,B,false,false,0,New,,,,false,false,false,,1,8,U-022,,,
LEAD-11015,2026-08-26,Quanta Systems,Procurement / Finance,Procurement Manager,Brazil,AMER,Outbound Sequence,Outbound,CMP-041,Studio for Product Teams — AMER 2025-04,Outbound Sequence,Outbound Sequence,61,B,false,true,0,Nurture,2026-09-03,,,true,false,false,,2,6,U-019,,,
LEAD-11016,2025-09-07,Ember Systems,Developer,Software Engineer,France,EMEA,AI Assistant Referral,Inbound Marketing,CMP-021,Latency Benchmark — LATAM 2025-09,AI Assistant Referral,AI Assistant Referral,36,C,false,false,0,Disqualified,,,,false,false,false,No budget,3,3,U-026,,,
LEAD-11017,2025-07-06,Dovetail Pay,Engineering Leader,VP Engineering,Indonesia,APAC,Docs & Quickstarts,Product,CMP-023,Q3 Pipeline Push — AMER 2025-06,Docs & Quickstarts,Partner / Marketplace,90,A,true,true,16,Disqualified,,,,false,false,false,No use case,,2,,,,
LEAD-11018,2025-12-12,Foundry Gaming,Developer,Staff Engineer,Germany,EMEA,Organic Search,Inbound Marketing,CMP-014,Compliance & HIPAA — APAC 2025-09,Organic Search,AI Assistant Referral,36,C,false,false,0,Disqualified,,,,false,false,false,Free tier is enough,1,4,U-018,,,
LEAD-11019,2026-06-24,Ember Systems,Developer,Senior Backend Engineer,India,APAC,AI Assistant Referral,Inbound Marketing,CMP-022,Q3 Pipeline Push — AMER 2025-10,AI Assistant Referral,Outbound Sequence,47,C,false,false,0,Nurture,2026-06-28,,,true,false,false,,3,1,U-016,,,
LEAD-11020,2025-10-29,Aster Travel,Developer,Senior Backend Engineer,Mexico,AMER,Outbound Sequence,Outbound,CMP-040,AI Search Visibility — AMER 2026-05,Outbound Sequence,Paid Social,29,D,false,false,0,Disqualified,,,,false,false,false,Free tier is enough,5,9,U-021,,,
LEAD-11021,2025-12-08,Sable Technologies,Product Manager,Product Manager,Brazil,AMER,Partner / Marketplace,Partner / Referral,CMP-042,Migrate off Legacy SMS — AMER 2025-04,Partner / Marketplace,Webinar,77,A,false,false,0,Converted,2025-12-28,2026-01-19,2026-02-13,true,true,true,,2,3,U-018,U-003,ACC-1025,OPP-20205
LEAD-11022,2026-05-27,Lumen Travel,Engineering Leader,VP Engineering,Sweden,EMEA,Organic Search,Inbound Marketing,CMP-013,Verify Fraud Playbook — LATAM 2026-01,Organic Search,Organic Search,37,C,false,false,0,Disqualified,,,,false,false,false,No budget,1,8,U-021,,,
LEAD-11023,2025-10-19,Foundry Cloud,Developer,Software Engineer,Germany,EMEA,Docs & Quickstarts,Product,CMP-023,Q3 Pipeline Push — AMER 2025-06,Docs & Quickstarts,Docs & Quickstarts,58,B,true,true,9,Disqualified,,,,false,false,false,Student / hobby project,,2,,,,
LEAD-11024,2026-01-30,North Systems,Developer,Staff Engineer,Brazil,AMER,Outbound Sequence,Outbound,CMP-041,Studio for Product Teams — AMER 2025-04,Outbound Sequence,Outbound Sequence,28,D,false,false,0,Nurture,2026-02-06,,,true,false,false,,2,8,U-018,,,
LEAD-11025,2026-06-05,Kestrel Learning,Developer,Senior Backend Engineer,Spain,EMEA,Webinar,Product,CMP-034,Copilot API Beta — EMEA 2026-03,Webinar,Developer Community,41,C,true,false,27,New,,,,false,false,false,,,2,,,,
LEAD-11026,2026-05-03,Aster Digital,CX / Support Leader,VP Customer Experience,Japan,APAC,Paid Social,Inbound Marketing,CMP-008,Developer Docs Refresh — EMEA 2026-02,Paid Social,Customer Referral,54,B,false,false,0,SQL,2026-05-15,2026-05-17,,true,true,false,,4,1,U-023,U-002,,
LEAD-11027,2025-12-31,Sable Freight,CX / Support Leader,Director of Service Ops,Brazil,AMER,Docs & Quickstarts,Product,CMP-028,Migrate off Legacy SMS — AMER 2025-11,Docs & Quickstarts,Docs & Quickstarts,75,A,true,true,39,Disqualified,,,,false,false,false,Went silent,,2,,,,
LEAD-11028,2026-08-03,Foundry Logistics,Developer,Platform Engineer,Canada,AMER,Paid Social,Inbound Marketing,CMP-009,Copilot API Beta — AMER 2026-01,Paid Social,Paid Social,22,D,false,false,0,Working,,,,false,false,false,,2,1,U-018,,,
LEAD-11029,2026-07-29,Onyx Insure,Developer,Platform Engineer,Sweden,EMEA,Organic Search,Inbound Marketing,CMP-011,Developer Docs Refresh — LATAM 2025-04,Organic Search,Organic Search,40,C,false,false,0,Disqualified,,,,false,false,false,No use case,2,2,U-018,,,
LEAD-11030,2026-03-17,Aster Systems,Product Manager,Senior PM,United Kingdom,EMEA,Paid Search,Product,CMP-001,Copilot API Beta — AMER 2026-02,Paid Search,Paid Social,85,A,true,true,100,SQL,2026-03-24,2026-04-18,,true,true,false,,,2,,U-011,,
LEAD-11031,2025-10-04,Orbital Care,Developer,Staff Engineer,Sweden,EMEA,Outbound Sequence,Outbound,CMP-038,Migrate off Legacy SMS — AMER 2025-04,Outbound Sequence,Paid Search,19,D,false,false,0,Disqualified,,,,false,false,false,No budget,2,4,U-023,,,
LEAD-11032,2026-05-03,Sable Mobility,Developer,Software Engineer,Sweden,EMEA,Paid Social,Inbound Marketing,CMP-008,Developer Docs Refresh — EMEA 2026-02,Paid Social,Paid Social,46,C,false,false,0,Converted,2026-05-12,2026-05-25,2026-06-21,true,true,true,,3,1,U-016,U-014,ACC-1032,OPP-20206
LEAD-11033,2026-01-29,Beacon Labs,Engineering Leader,Head of Platform,India,APAC,AI Assistant Referral,Product,CMP-021,Latency Benchmark — LATAM 2025-09,AI Assistant Referral,Webinar,65,B,true,false,76,MQL,2026-01-29,,,true,false,false,,,0,,,,
LEAD-11034,2026-09-18,Onyx Market,Developer,Staff Engineer,India,APAC,Organic Search,Inbound Marketing,CMP-012,AI Search Visibility — AMER 2026-07,Organic Search,Partner / Marketplace,52,B,false,false,0,Working,,,,false,false,false,,1,1,U-019,,,
LEAD-11035,2026-07-30,Vantage Labs,Developer,Software Engineer,United States,AMER,Webinar,Inbound Marketing,CMP-034,Copilot API Beta — EMEA 2026-03,Webinar,Webinar,35,C,false,false,0,New,,,,false,false,false,,2,5,U-026,,,
LEAD-11036,2025-11-05,Dovetail Logistics,Procurement / Finance,Head of Vendor Management,United States,AMER,Customer Referral,Partner / Referral,CMP-045,Compliance & HIPAA — AMER 2025-09,Customer Referral,Organic Search,86,A,true,false,46,MQL,2025-11-26,,,true,false,false,,,2,,,,
LEAD-11037,2026-06-01,Vantage Bank,Product Manager,Senior PM,Mexico,AMER,Developer Community,Inbound Marketing,CMP-029,Build a Support Agent — EMEA 2025-11,Developer Community,Paid Social,59,B,false,false,0,SQL,2026-06-14,2026-07-06,,true,true,false,,3,4,U-018,U-005,,
LEAD-11038,2026-07-21,Lattice Insure,Developer,Platform Engineer,Sweden,EMEA,Paid Search,Inbound Marketing,CMP-002,Studio for Product Teams — AMER 2025-08,Paid Search,Customer Referral,73,A,false,false,0,MQL,2026-08-02,,,true,false,false,,1,11,U-026,,,
LEAD-11039,2026-05-31,Foundry Cloud,Developer,Platform Engineer,Mexico,AMER,Outbound Sequence,Outbound,CMP-037,Verify Fraud Playbook — EMEA 2025-04,Outbound Sequence,Outbound Sequence,4,D,false,false,0,Converted,2026-06-20,2026-07-16,2026-08-17,true,true,true,,1,1,U-023,U-012,ACC-1007,OPP-20207
LEAD-11040,2026-02-09,Aster Market,Procurement / Finance,CFO,France,EMEA,Paid Search,Inbound Marketing,CMP-002,Studio for Product Teams — AMER 2025-08,Paid Search,Paid Search,69,B,false,false,0,MQL,2026-02-21,,,true,false,false,,2,5,U-017,,,
LEAD-11041,2026-09-08,Harbor Care,CX / Support Leader,Director of Service Ops,Spain,EMEA,Docs & Quickstarts,Product,CMP-026,Studio for Product Teams — AMER 2025-08,Docs & Quickstarts,Outbound Sequence,100,A,true,false,8,MQL,2026-09-14,,,true,false,false,,,1,,,,
LEAD-11042,2026-03-27,Tundra Pay,CX / Support Leader,Head of Support,United Kingdom,EMEA,Organic Search,Product,CMP-012,AI Search Visibility — AMER 2026-07,Organic Search,Organic Search,91,A,true,true,61,SQL,2026-04-16,2026-05-03,,true,true,false,,,0,,U-009,,
LEAD-11043,2025-05-16,Dovetail Labs,Procurement / Finance,CFO,Canada,AMER,Organic Search,Product,CMP-012,AI Search Visibility — AMER 2026-07,Organic Search,Developer Community,94,A,true,false,18,New,,,,false,false,false,,,0,,,,
LEAD-11044,2026-03-16,Lumen Learning,CX / Support Leader,Contact Centre Manager,Mexico,AMER,Paid Search,Product,CMP-003,Voice Agents Launch — EMEA 2025-12,Paid Search,Partner / Marketplace,100,A,true,false,76,Working,,,,false,false,false,,,0,,,,
LEAD-11045,2025-06-24,North Retail,Developer,Staff Engineer,Germany,EMEA,Paid Social,Inbound Marketing,CMP-010,Migrate off Legacy SMS — LATAM 2025-06,Paid Social,Paid Social,14,D,false,false,0,Working,,,,false,false,false,,2,5,U-026,,,
LEAD-11046,2025-06-14,Wexler Digital,Developer,Staff Engineer,Canada,AMER,Paid Search,Product,CMP-005,Migrate off Legacy SMS — AMER 2025-12,Paid Search,Paid Search,40,C,true,false,36,Disqualified,,,,false,false,false,Duplicate,,2,,,,
LEAD-11047,2026-08-19,Cobalt Systems,Developer,Senior Backend Engineer,Germany,EMEA,Developer Community,Product,CMP-031,Developer Docs Refresh — EMEA 2026-07,Developer Community,Conference,46,C,true,false,74,MQL,2026-08-24,,,true,false,false,,,0,,,,
LEAD-11048,2025-04-03,Cinder Cloud,Engineering Leader,CTO,Mexico,AMER,Conference,Inbound Marketing,CMP-035,Q3 Pipeline Push — EMEA 2026-05,Conference,Conference,58,B,false,false,0,New,,,,false,false,false,,2,3,U-017,,,
LEAD-11049,2026-04-23,Kestrel Market,Engineering Leader,Head of Platform,Mexico,AMER,Organic Search,Product,CMP-018,Voice Agents Launch — AMER 2025-11,Organic Search,Organic Search,93,A,true,false,50,MQL,2026-05-08,,,true,false,false,,,2,,,,
LEAD-11050,2026-04-25,Meridian Works,Procurement / Finance,Finance Director,Singapore,APAC,Docs & Quickstarts,Inbound Marketing,CMP-026,Studio for Product Teams — AMER 2025-08,Docs & Quickstarts,AI Assistant Referral,67,B,false,false,0,Disqualified,,,,false,false,false,No use case,0,1,U-023,,,
LEAD-11051,2026-06-05,Quanta Freight,Developer,Platform Engineer,Spain,EMEA,Organic Search,Product,CMP-014,Compliance & HIPAA — APAC 2025-09,Organic Search,Organic Search,64,B,true,true,94,Converted,2026-06-10,2026-06-29,2026-07-19,true,true,true,,,2,,U-003,ACC-1100,OPP-20208
LEAD-11052,2026-04-14,Aster Technologies,Developer,Senior Backend Engineer,Mexico,AMER,Outbound Sequence,Outbound,CMP-037,Verify Fraud Playbook — EMEA 2025-04,Outbound Sequence,Outbound Sequence,14,D,false,false,0,MQL,2026-04-15,,,true,false,false,,1,5,U-026,,,
LEAD-11053,2025-04-18,Quanta Bank,Developer,Platform Engineer,Canada,AMER,Partner / Marketplace,Partner / Referral,CMP-042,Migrate off Legacy SMS — AMER 2025-04,Partner / Marketplace,Partner / Marketplace,69,B,true,true,42,Converted,2025-05-09,2025-05-23,2025-06-21,true,true,true,,,2,,U-009,ACC-1134,OPP-20209
LEAD-11054,2025-12-11,Vertex Gaming,Engineering Leader,Director of Engineering,United Kingdom,EMEA,Paid Search,Product,CMP-002,Studio for Product Teams — AMER 2025-08,Paid Search,Paid Search,92,A,true,false,34,SQL,2025-12-25,2025-12-30,,true,true,false,,,1,,U-001,,
LEAD-11055,2026-01-04,Pallas Logistics,Engineering Leader,Head of Platform,Germany,EMEA,Developer Community,Product,CMP-029,Build a Support Agent — EMEA 2025-11,Developer Community,Customer Referral,63,B,true,true,68,Disqualified,,,,false,false,false,Went silent,,2,,,,
LEAD-11056,2025-07-16,Vantage Market,Engineering Leader,VP Engineering,India,APAC,Customer Referral,Partner / Referral,CMP-046,Migrate off Legacy SMS — AMER 2026-03,Customer Referral,Customer Referral,72,A,true,false,61,SQL,2025-08-03,2025-08-26,,true,true,false,,,1,,U-007,,
LEAD-11057,2026-09-01,Halcyon Retail,CX / Support Leader,Director of Service Ops,Brazil,AMER,Paid Search,Product,CMP-001,Copilot API Beta — AMER 2026-02,Paid Search,Paid Search,68,B,true,true,45,MQL,2026-09-05,,,true,false,false,,,1,,,,
LEAD-11058,2026-02-01,Zephyr Care,Engineering Leader,VP Engineering,France,EMEA,Paid Search,Product,CMP-002,Studio for Product Teams — AMER 2025-08,Paid Search,Paid Search,79,A,true,false,3,Disqualified,,,,false,false,false,No budget,,2,,,,
LEAD-11059,2025-07-31,North Cloud,Developer,Senior Backend Engineer,Colombia,LATAM,Docs & Quickstarts,Product,CMP-025,Migrate off Legacy SMS — EMEA 2025-09,Docs & Quickstarts,Docs & Quickstarts,75,A,true,true,78,SQL,2025-08-07,2025-08-12,,true,true,false,,,1,,U-001,,
LEAD-11060,2025-06-30,Zephyr Travel,Developer,Platform Engineer,Indonesia,APAC,Organic Search,Inbound Marketing,CMP-018,Voice Agents Launch — AMER 2025-11,Organic Search,Organic Search,20,D,false,false,0,Disqualified,,,,false,false,false,Wrong geo,2,9,U-026,,,
LEAD-11061,2026-06-04,Lattice Works,Developer,Software Engineer,Canada,AMER,Outbound Sequence,Outbound,CMP-040,AI Search Visibility — AMER 2026-05,Outbound Sequence,Outbound Sequence,25,D,false,false,0,MQL,2026-06-10,,,true,false,false,,0,6,U-024,,,
LEAD-11062,2026-04-12,Vantage Retail,Engineering Leader,Head of Platform,United States,AMER,Docs & Quickstarts,Product,CMP-028,Migrate off Legacy SMS — AMER 2025-11,Docs & Quickstarts,Organic Search,88,A,true,true,63,Nurture,2026-04-27,,,true,false,false,,,2,,,,
LEAD-11063,2025-10-23,Orbital Learning,Product Manager,Head of Product,Japan,APAC,Docs & Quickstarts,Product,CMP-026,Studio for Product Teams — AMER 2025-08,Docs & Quickstarts,Docs & Quickstarts,72,A,true,false,78,MQL,2025-11-04,,,true,false,false,,,2,,,,
LEAD-11064,2026-01-13,Harbor Mobility,Procurement / Finance,CFO,Spain,EMEA,Conference,Inbound Marketing,CMP-036,Compliance & HIPAA — AMER 2026-04,Conference,Conference,59,B,false,false,0,Disqualified,,,,false,false,false,Student / hobby project,1,10,U-017,,,
LEAD-11065,2026-01-11,Kestrel Freight,Product Manager,Head of Product,Indonesia,APAC,Outbound Sequence,Outbound,CMP-038,Migrate off Legacy SMS — AMER 2025-04,Outbound Sequence,Outbound Sequence,50,B,false,false,0,Disqualified,,,,false,false,false,No use case,3,11,U-027,,,
LEAD-11066,2025-11-18,Vertex Retail,Developer,Platform Engineer,Canada,AMER,Organic Search,Product,CMP-011,Developer Docs Refresh — LATAM 2025-04,Organic Search,Organic Search,51,B,true,false,11,SQL,2025-11-19,2025-11-21,,true,true,false,,,1,,U-014,,
LEAD-11067,2026-05-27,Pallas Group,CX / Support Leader,Head of Support,Australia,APAC,Paid Search,Inbound Marketing,CMP-005,Migrate off Legacy SMS — AMER 2025-12,Paid Search,AI Assistant Referral,85,A,false,false,0,MQL,2026-06-14,,,true,false,false,,1,7,U-022,,,
LEAD-11068,2025-06-30,Lattice Freight,Procurement / Finance,Finance Director,Australia,APAC,Paid Social,Product,CMP-010,Migrate off Legacy SMS — LATAM 2025-06,Paid Social,Paid Social,60,B,true,false,81,MQL,2025-07-06,,,true,false,false,,,2,,,,
LEAD-11069,2025-12-24,Beacon Market,CX / Support Leader,VP Customer Experience,Brazil,AMER,Conference,Inbound Marketing,CMP-036,Compliance & HIPAA — AMER 2026-04,Conference,Conference,60,B,false,false,0,Disqualified,,,,false,false,false,Went silent,2,8,U-025,,,
LEAD-11070,2026-03-07,Umbra Bank,Procurement / Finance,Finance Director,Brazil,AMER,Partner / Marketplace,Partner / Referral,CMP-043,Latency Benchmark — APAC 2026-01,Partner / Marketplace,Partner / Marketplace,100,A,true,false,40,MQL,2026-03-27,,,true,false,false,,,1,,,,
LEAD-11071,2025-04-19,Kestrel Cloud,Developer,Platform Engineer,UAE,EMEA,Docs & Quickstarts,Inbound Marketing,CMP-024,Verify Fraud Playbook — AMER 2025-05,Docs & Quickstarts,Docs & Quickstarts,53,B,false,true,0,Converted,2025-04-29,2025-05-17,2025-05-19,true,true,true,,3,8,U-025,U-001,ACC-1086,OPP-20210
LEAD-11072,2026-04-13,Vertex Market,Developer,Senior Backend Engineer,India,APAC,Paid Social,Inbound Marketing,CMP-008,Developer Docs Refresh — EMEA 2026-02,Paid Social,Paid Social,22,D,false,false,0,Working,,,,false,false,false,,2,11,U-015,,,
LEAD-11073,2025-11-14,Sable Market,CX / Support Leader,Director of Service Ops,Canada,AMER,Paid Social,Inbound Marketing,CMP-010,Migrate off Legacy SMS — LATAM 2025-06,Paid Social,Paid Social,62,B,false,false,0,Disqualified,,,,false,false,false,Competitor,2,5,U-015,,,
LEAD-11074,2025-06-27,Onyx Systems,Developer,Software Engineer,Indonesia,APAC,Outbound Sequence,Outbound,CMP-037,Verify Fraud Playbook — EMEA 2025-04,Outbound Sequence,Outbound Sequence,2,D,false,false,0,Working,,,,false,false,false,,1,9,U-026,,,
LEAD-11075,2025-08-16,Kestrel Travel,Developer,Software Engineer,United States,AMER,Paid Social,Product,CMP-008,Developer Docs Refresh — EMEA 2026-02,Paid Social,AI Assistant Referral,38,C,true,true,32,Disqualified,,,,false,false,false,Went silent,,2,,,,
LEAD-11076,2025-04-26,Lattice Insure,Developer,Staff Engineer,Canada,AMER,Webinar,Inbound Marketing,CMP-032,Copilot API Beta — AMER 2025-12,Webinar,Webinar,44,C,false,false,0,MQL,2025-05-12,,,true,false,false,,4,7,U-023,,,
LEAD-11077,2025-09-15,Juniper Logistics,Procurement / Finance,CFO,Mexico,AMER,Developer Community,Product,CMP-029,Build a Support Agent — EMEA 2025-11,Developer Community,Webinar,94,A,true,true,26,Converted,2025-09-25,2025-10-04,2025-10-25,true,true,true,,,1,,U-011,ACC-1073,OPP-20211
LEAD-11078,2025-08-18,Ember Systems,Developer,Staff Engineer,Brazil,AMER,Paid Search,Inbound Marketing,CMP-004,Cut Your Deflection Cost — AMER 2025-11,Paid Search,Paid Search,56,B,false,false,0,SQL,2025-09-02,2025-09-09,,true,true,false,,4,9,U-022,U-011,,
LEAD-11079,2025-05-13,Umbra Bank,Developer,Staff Engineer,United States,AMER,Customer Referral,Partner / Referral,CMP-045,Compliance & HIPAA — AMER 2025-09,Customer Referral,Customer Referral,64,B,true,false,92,MQL,2025-05-26,,,true,false,false,,,1,,,,
LEAD-11080,2026-05-13,Rivet Technologies,Engineering Leader,CTO,Brazil,AMER,Organic Search,Product,CMP-018,Voice Agents Launch — AMER 2025-11,Organic Search,Organic Search,100,A,true,false,76,MQL,2026-05-24,,,true,false,false,,,0,,,,
LEAD-11081,2026-07-24,Vertex Works,Engineering Leader,Head of Platform,United States,AMER,Webinar,Inbound Marketing,CMP-033,Developer Docs Refresh — EMEA 2026-07,Webinar,Developer Community,46,C,false,false,0,Disqualified,,,,false,false,false,No budget,2,4,U-025,,,
LEAD-11082,2026-01-22,Rivet Digital,Procurement / Finance,CFO,Germany,EMEA,Organic Search,Product,CMP-013,Verify Fraud Playbook — LATAM 2026-01,Organic Search,Organic Search,100,A,true,false,43,New,,,,false,false,false,,,1,,,,
LEAD-11083,2025-07-19,Pallas Systems,Engineering Leader,CTO,Netherlands,EMEA,Paid Search,Inbound Marketing,CMP-001,Copilot API Beta — AMER 2026-02,Paid Search,Paid Search,72,A,false,false,0,New,,,,false,false,false,,5,4,U-016,,,
LEAD-11084,2026-02-21,Zephyr Learning,Developer,Platform Engineer,France,EMEA,Docs & Quickstarts,Product,CMP-027,Cut Your Deflection Cost — APAC 2025-05,Docs & Quickstarts,Docs & Quickstarts,65,B,true,false,3,MQL,2026-02-24,,,true,false,false,,,2,,,,
LEAD-11085,2025-11-16,Orbital Learning,Developer,Senior Backend Engineer,Singapore,APAC,Organic Search,Product,CMP-016,Q3 Pipeline Push — AMER 2026-04,Organic Search,Organic Search,73,A,true,true,8,Nurture,2025-11-27,,,true,false,false,,,1,,,,
LEAD-11086,2025-07-13,Juniper Technologies,Engineering Leader,VP Engineering,Argentina,LATAM,AI Assistant Referral,Product,CMP-019,Studio for Product Teams — APAC 2026-02,AI Assistant Referral,Paid Search,78,A,true,true,51,Nurture,2025-07-14,,,true,false,false,,,1,,,,
LEAD-11087,2025-11-24,Cobalt Technologies,Developer,Staff Engineer,United States,AMER,Developer Community,Product,CMP-031,Developer Docs Refresh — EMEA 2026-07,Developer Community,Developer Community,33,C,true,false,54,Disqualified,,,,false,false,false,No budget,,0,,,,
LEAD-11088,2026-06-10,Wexler Technologies,CX / Support Leader,VP Customer Experience,UAE,EMEA,Outbound Sequence,Outbound,CMP-037,Verify Fraud Playbook — EMEA 2025-04,Outbound Sequence,Outbound Sequence,32,C,false,false,0,Working,,,,false,false,false,,0,8,U-017,,,
LEAD-11089,2026-02-17,Umbra Cloud,Engineering Leader,CTO,Argentina,LATAM,Webinar,Inbound Marketing,CMP-033,Developer Docs Refresh — EMEA 2026-07,Webinar,Webinar,53,B,false,false,0,New,,,,false,false,false,,3,6,U-019,,,
LEAD-11090,2026-01-22,North Market,Developer,Senior Backend Engineer,Canada,AMER,Customer Referral,Partner / Referral,CMP-046,Migrate off Legacy SMS — AMER 2026-03,Customer Referral,Customer Referral,68,B,false,false,0,Nurture,2026-02-09,,,true,false,false,,2,4,U-015,,,
LEAD-11091,2025-06-11,Tundra Labs,Developer,Platform Engineer,Sweden,EMEA,Organic Search,Product,CMP-017,Latency Benchmark — AMER 2026-05,Organic Search,Organic Search,75,A,true,false,84,Working,,,,false,false,false,,,2,,,,
LEAD-11092,2025-07-12,Vertex Systems,Engineering Leader,CTO,Mexico,AMER,Conference,Inbound Marketing,CMP-036,Compliance & HIPAA — AMER 2026-04,Conference,Conference,58,B,false,false,0,SQL,2025-07-23,2025-07-29,,true,true,false,,2,6,U-024,U-004,,
LEAD-11093,2025-08-23,Dovetail Mobility,CX / Support Leader,Head of Support,Netherlands,EMEA,Organic Search,Product,CMP-016,Q3 Pipeline Push — AMER 2026-04,Organic Search,Organic Search,96,A,true,false,11,Disqualified,,,,false,false,false,Wrong geo,,0,,,,
LEAD-11094,2026-08-10,Tundra Insure,Product Manager,Senior PM,Canada,AMER,Conference,Product,CMP-035,Q3 Pipeline Push — EMEA 2026-05,Conference,Partner / Marketplace,55,B,true,false,84,Working,,,,false,false,false,,,0,,,,
LEAD-11095,2026-04-17,Kestrel Freight,Product Manager,Head of Product,Canada,AMER,Organic Search,Product,CMP-017,Latency Benchmark — AMER 2026-05,Organic Search,Organic Search,61,B,true,false,43,Working,,,,false,false,false,,,0,,,,
LEAD-11096,2025-05-15,Cobalt Pay,Developer,Staff Engineer,France,EMEA,Organic Search,Inbound Marketing,CMP-017,Latency Benchmark — AMER 2026-05,Organic Search,Customer Referral,40,C,false,false,0,Converted,2025-05-17,2025-05-30,2025-06-08,true,true,true,,0,3,U-021,U-013,ACC-1107,OPP-20212
LEAD-11097,2026-05-09,Halcyon Gaming,Developer,Platform Engineer,India,APAC,Organic Search,Product,CMP-018,Voice Agents Launch — AMER 2025-11,Organic Search,Organic Search,54,B,true,true,92,SQL,2026-05-12,2026-06-06,,true,true,false,,,0,,U-010,,
LEAD-11098,2026-08-03,Pallas Systems,Developer,Platform Engineer,United States,AMER,Developer Community,Product,CMP-029,Build a Support Agent — EMEA 2025-11,Developer Community,Developer Community,34,C,true,false,38,Disqualified,,,,false,false,false,Free tier is enough,,2,,,,
LEAD-11099,2025-10-19,Pallas Market,Developer,Platform Engineer,Germany,EMEA,Outbound Sequence,Outbound,CMP-038,Migrate off Legacy SMS — AMER 2025-04,Outbound Sequence,Organic Search,46,C,false,false,0,MQL,2025-11-01,,,true,false,false,,1,11,U-022,,,
LEAD-11100,2025-04-11,Kestrel Systems,Product Manager,Senior PM,Sweden,EMEA,Organic Search,Product,CMP-018,Voice Agents Launch — AMER 2025-11,Organic Search,Organic Search,81,A,true,false,27,New,,,,false,false,false,,,1,,,,
LEAD-11101,2026-03-18,Solstice Labs,Developer,Platform Engineer,Canada,AMER,Developer Community,Product,CMP-029,Build a Support Agent — EMEA 2025-11,Developer Community,Developer Community,65,B,true,true,41,Converted,2026-04-01,2026-04-13,2026-04-29,true,true,true,,,2,,U-011,ACC-1047,OPP-20213
LEAD-11102,2025-07-15,Foundry Health,Developer,Software Engineer,Mexico,AMER,AI Assistant Referral,Product,CMP-022,Q3 Pipeline Push — AMER 2025-10,AI Assistant Referral,AI Assistant Referral,66,B,true,true,60,MQL,2025-07-30,,,true,false,false,,,0,,,,
LEAD-11103,2025-05-16,Rivet Labs,Developer,Senior Backend Engineer,Canada,AMER,Outbound Sequence,Outbound,CMP-040,AI Search Visibility — AMER 2026-05,Outbound Sequence,Outbound Sequence,41,C,false,false,0,SQL,2025-05-19,2025-06-08,,true,true,false,,2,1,U-018,U-012,,
LEAD-11104,2026-06-03,Cobalt Works,Engineering Leader,VP Engineering,Mexico,AMER,Organic Search,Product,CMP-015,Studio for Product Teams — AMER 2025-11,Organic Search,Organic Search,76,A,true,false,39,MQL,2026-06-09,,,true,false,false,,,0,,,,
LEAD-11105,2026-03-04,Umbra Gaming,Product Manager,Senior PM,Canada,AMER,Webinar,Inbound Marketing,CMP-033,Developer Docs Refresh — EMEA 2026-07,Webinar,Organic Search,73,A,false,false,0,MQL,2026-03-20,,,true,false,false,,3,2,U-015,,,
LEAD-11106,2026-06-01,Halcyon Care,Product Manager,Director of Product,UAE,EMEA,Partner / Marketplace,Partner / Referral,CMP-043,Latency Benchmark — APAC 2026-01,Partner / Marketplace,Partner / Marketplace,74,A,false,false,0,Working,,,,false,false,false,,3,2,U-026,,,
LEAD-11107,2025-05-23,Aster Group,Engineering Leader,CTO,United States,AMER,Webinar,Inbound Marketing,CMP-034,Copilot API Beta — EMEA 2026-03,Webinar,Webinar,50,B,false,false,0,MQL,2025-06-13,,,true,false,false,,4,11,U-027,,,
LEAD-11108,2026-07-25,Juniper Works,Developer,Platform Engineer,Spain,EMEA,Paid Search,Inbound Marketing,CMP-006,AI Search Visibility — AMER 2026-02,Paid Search,Organic Search,54,B,false,false,0,New,,,,false,false,false,,3,11,U-020,,,
LEAD-11109,2026-09-17,Umbra Pay,CX / Support Leader,Director of Service Ops,United States,AMER,Paid Social,Inbound Marketing,CMP-007,Developer Docs Refresh — EMEA 2025-05,Paid Social,Partner / Marketplace,45,C,false,true,0,MQL,2026-10-01,,,true,false,false,,4,10,U-019,,,
LEAD-11110,2025-08-29,Kestrel Care,Engineering Leader,Director of Engineering,United States,AMER,Organic Search,Inbound Marketing,CMP-012,AI Search Visibility — AMER 2026-07,Organic Search,Customer Referral,78,A,false,false,0,Nurture,2025-09-10,,,true,false,false,,1,7,U-015,,,
LEAD-11111,2025-12-06,Meridian Gaming,Procurement / Finance,Finance Director,Canada,AMER,Paid Search,Inbound Marketing,CMP-006,AI Search Visibility — AMER 2026-02,Paid Search,Paid Search,94,A,false,false,0,SQL,2025-12-06,2025-12-25,,true,true,false,,1,1,U-022,U-005,,
LEAD-11112,2025-04-20,Cinder Group,Product Manager,Director of Product,Canada,AMER,Partner / Marketplace,Partner / Referral,CMP-044,Studio for Product Teams — AMER 2025-06,Partner / Marketplace,Outbound Sequence,46,C,false,false,0,Disqualified,,,,false,false,false,Duplicate,3,3,U-026,,,
LEAD-11113,2026-08-27,Pallas Digital,Product Manager,Director of Product,United States,AMER,Customer Referral,Partner / Referral,CMP-046,Migrate off Legacy SMS — AMER 2026-03,Customer Referral,Webinar,53,B,false,false,0,Converted,2026-08-30,2026-09-08,2026-10-01,true,true,true,,2,7,U-017,U-007,ACC-1051,OPP-20214
LEAD-11114,2025-08-30,Zephyr Works,Engineering Leader,Director of Engineering,France,EMEA,Organic Search,Inbound Marketing,CMP-011,Developer Docs Refresh — LATAM 2025-04,Organic Search,Organic Search,62,B,false,false,0,Working,,,,false,false,false,,0,2,U-026,,,
LEAD-11115,2026-05-06,North Logistics,Product Manager,Product Manager,Australia,APAC,Organic Search,Product,CMP-013,Verify Fraud Playbook — LATAM 2026-01,Organic Search,Organic Search,56,B,true,false,64,New,,,,false,false,false,,,2,,,,
LEAD-11116,2025-12-21,Harbor Retail,Developer,Senior Backend Engineer,Brazil,AMER,Partner / Marketplace,Partner / Referral,CMP-043,Latency Benchmark — APAC 2026-01,Partner / Marketplace,Developer Community,55,B,true,true,96,MQL,2026-01-09,,,true,false,false,,,2,,,,
LEAD-11117,2025-08-27,Vertex Works,Procurement / Finance,Head of Vendor Management,Mexico,AMER,Outbound Sequence,Outbound,CMP-037,Verify Fraud Playbook — EMEA 2025-04,Outbound Sequence,Outbound Sequence,38,C,false,false,0,New,,,,false,false,false,,0,2,U-019,,,
LEAD-11118,2025-08-25,Halcyon Insure,CX / Support Leader,Contact Centre Manager,Netherlands,EMEA,Conference,Inbound Marketing,CMP-035,Q3 Pipeline Push — EMEA 2026-05,Conference,Conference,65,B,false,false,0,Nurture,2025-09-08,,,true,false,false,,3,11,U-025,,,
LEAD-11119,2026-05-01,Tundra Retail,Developer,Platform Engineer,Canada,AMER,Paid Social,Inbound Marketing,CMP-009,Copilot API Beta — AMER 2026-01,Paid Social,Customer Referral,16,D,false,false,0,Disqualified,,,,false,false,false,No use case,1,11,U-027,,,
LEAD-11120,2025-07-13,Meridian Travel,Engineering Leader,VP Engineering,Mexico,AMER,Paid Search,Inbound Marketing,CMP-006,AI Search Visibility — AMER 2026-02,Paid Search,Paid Search,64,B,false,false,0,SQL,2025-07-29,2025-08-07,,true,true,false,,3,10,U-024,U-004,,
LEAD-11121,2026-02-21,Vertex Gaming,Product Manager,Product Manager,Canada,AMER,Docs & Quickstarts,Inbound Marketing,CMP-024,Verify Fraud Playbook — AMER 2025-05,Docs & Quickstarts,Customer Referral,68,B,false,false,0,Converted,2026-03-03,2026-03-15,2026-03-28,true,true,true,,0,3,U-024,U-012,ACC-1095,OPP-20215
LEAD-11122,2026-01-17,Beacon Bank,Product Manager,Head of Product,Canada,AMER,Outbound Sequence,Outbound,CMP-040,AI Search Visibility — AMER 2026-05,Outbound Sequence,Paid Social,52,B,false,true,0,New,,,,false,false,false,,4,8,U-016,,,
LEAD-11123,2026-07-24,Onyx Technologies,Developer,Software Engineer,Brazil,AMER,Paid Social,Product,CMP-009,Copilot API Beta — AMER 2026-01,Paid Social,Paid Search,34,C,true,true,15,New,,,,false,false,false,,,1,,,,
LEAD-11124,2026-05-11,Solstice Mobility,Engineering Leader,VP Engineering,Brazil,AMER,Docs & Quickstarts,Product,CMP-026,Studio for Product Teams — AMER 2025-08,Docs & Quickstarts,Conference,82,A,true,true,60,Disqualified,,,,false,false,false,Student / hobby project,,0,,,,
LEAD-11125,2026-08-06,Sable Bank,Developer,Senior Backend Engineer,Canada,AMER,Outbound Sequence,Outbound,CMP-040,AI Search Visibility — AMER 2026-05,Outbound Sequence,Outbound Sequence,9,D,false,false,0,Disqualified,,,,false,false,false,Student / hobby project,2,9,U-026,,,
LEAD-11126,2026-05-16,Umbra Bank,Engineering Leader,Head of Platform,Colombia,LATAM,Organic Search,Product,CMP-014,Compliance & HIPAA — APAC 2025-09,Organic Search,Conference,77,A,true,false,71,SQL,2026-05-23,2026-05-31,,true,true,false,,,2,,U-009,,
LEAD-11127,2025-11-21,Halcyon Pay,Product Manager,Director of Product,United States,AMER,Outbound Sequence,Outbound,CMP-041,Studio for Product Teams — AMER 2025-04,Outbound Sequence,Organic Search,27,D,false,false,0,Disqualified,,,,false,false,false,Competitor,2,8,U-022,,,
LEAD-11128,2025-07-16,Meridian Learning,Developer,Senior Backend Engineer,India,APAC,Docs & Quickstarts,Product,CMP-025,Migrate off Legacy SMS — EMEA 2025-09,Docs & Quickstarts,AI Assistant Referral,36,C,true,true,7,Disqualified,,,,false,false,false,Wrong geo,,2,,,,
LEAD-11129,2025-09-16,Rivet Bank,Developer,Software Engineer,Australia,APAC,Developer Community,Product,CMP-029,Build a Support Agent — EMEA 2025-11,Developer Community,Developer Community,51,B,true,true,3,Converted,2025-09-21,2025-09-30,2025-10-12,true,true,true,,,2,,U-006,ACC-1035,OPP-20216
LEAD-11130,2025-07-22,Vertex Health,Developer,Senior Backend Engineer,Mexico,AMER,Organic Search,Product,CMP-017,Latency Benchmark — AMER 2026-05,Organic Search,Organic Search,55,B,true,true,23,Converted,2025-08-08,2025-08-16,2025-09-02,true,true,true,,,0,,U-013,ACC-1087,OPP-20217
LEAD-11131,2025-10-12,North Labs,CX / Support Leader,Contact Centre Manager,Germany,EMEA,Partner / Marketplace,Partner / Referral,CMP-042,Migrate off Legacy SMS — AMER 2025-04,Partner / Marketplace,Organic Search,100,A,true,true,69,Converted,2025-10-15,2025-10-22,2025-11-09,true,true,true,,,0,,U-013,ACC-1042,OPP-20218
LEAD-11132,2025-09-07,Solstice Logistics,CX / Support Leader,Director of Service Ops,Canada,AMER,Docs & Quickstarts,Product,CMP-025,Migrate off Legacy SMS — EMEA 2025-09,Docs & Quickstarts,Docs & Quickstarts,95,A,true,true,46,SQL,2025-09-17,2025-09-24,,true,true,false,,,0,,U-004,,
LEAD-11133,2025-12-24,Rivet Cloud,Product Manager,Product Manager,Canada,AMER,Outbound Sequence,Outbound,CMP-039,Studio for Product Teams — EMEA 2026-02,Outbound Sequence,Outbound Sequence,64,B,false,false,0,Converted,2026-01-08,2026-01-27,2026-02-02,true,true,true,,1,6,U-023,U-009,ACC-1107,OPP-20219
LEAD-11134,2025-05-11,Cinder Freight,Developer,Platform Engineer,Mexico,AMER,Outbound Sequence,Outbound,CMP-039,Studio for Product Teams — EMEA 2026-02,Outbound Sequence,Conference,15,D,false,false,0,MQL,2025-05-11,,,true,false,false,,2,6,U-026,,,
LEAD-11135,2025-12-14,Juniper Travel,Developer,Software Engineer,Brazil,AMER,Paid Social,Inbound Marketing,CMP-008,Developer Docs Refresh — EMEA 2026-02,Paid Social,Paid Social,31,C,false,false,0,Working,,,,false,false,false,,0,3,U-020,,,
LEAD-11136,2026-05-08,Vantage Labs,CX / Support Leader,Contact Centre Manager,Mexico,AMER,Outbound Sequence,Outbound,CMP-038,Migrate off Legacy SMS — AMER 2025-04,Outbound Sequence,Developer Community,29,D,false,false,0,Disqualified,,,,false,false,false,No use case,4,10,U-021,,,
LEAD-11137,2025-09-22,Kestrel Systems,Developer,Senior Backend Engineer,Australia,APAC,Webinar,Inbound Marketing,CMP-034,Copilot API Beta — EMEA 2026-03,Webinar,Webinar,45,C,false,false,0,MQL,2025-09-27,,,true,false,false,,3,10,U-019,,,
LEAD-11138,2025-11-02,Zephyr Digital,Developer,Software Engineer,France,EMEA,AI Assistant Referral,Product,CMP-019,Studio for Product Teams — APAC 2026-02,AI Assistant Referral,AI Assistant Referral,78,A,true,true,28,Converted,2025-11-15,2025-12-02,2025-12-07,true,true,true,,,0,,U-011,ACC-1037,OPP-20220
LEAD-11139,2026-01-01,Umbra Logistics,Engineering Leader,Director of Engineering,United States,AMER,Docs & Quickstarts,Product,CMP-025,Migrate off Legacy SMS — EMEA 2025-09,Docs & Quickstarts,Docs & Quickstarts,100,A,true,true,91,MQL,2026-01-13,,,true,false,false,,,0,,,,
LEAD-11140,2025-05-29,Ember Systems,Developer,Software Engineer,Canada,AMER,Organic Search,Inbound Marketing,CMP-013,Verify Fraud Playbook — LATAM 2026-01,Organic Search,Organic Search,23,D,false,false,0,New,,,,false,false,false,,1,3,U-021,,,
LEAD-11141,2025-06-23,Ember Group,Engineering Leader,CTO,Colombia,LATAM,Paid Search,Product,CMP-005,Migrate off Legacy SMS — AMER 2025-12,Paid Search,Paid Search,100,A,true,true,63,Converted,2025-07-10,2025-08-05,2025-08-17,true,true,true,,,2,,U-014,ACC-1115,OPP-20221
LEAD-11142,2025-05-12,Vertex Travel,Developer,Platform Engineer,Germany,EMEA,Docs & Quickstarts,Product,CMP-027,Cut Your Deflection Cost — APAC 2025-05,Docs & Quickstarts,Docs & Quickstarts,81,A,true,false,87,Working,,,,false,false,false,,,2,,,,
LEAD-11143,2025-04-29,Vantage Freight,Product Manager,Director of Product,Germany,EMEA,Developer Community,Product,CMP-029,Build a Support Agent — EMEA 2025-11,Developer Community,Developer Community,64,B,true,true,74,MQL,2025-04-29,,,true,false,false,,,1,,,,
LEAD-11144,2026-01-25,Lumen Health,Product Manager,Head of Product,Mexico,AMER,Customer Referral,Partner / Referral,CMP-045,Compliance & HIPAA — AMER 2025-09,Customer Referral,Customer Referral,52,B,false,false,0,SQL,2026-02-14,2026-02-22,,true,true,false,,0,7,U-015,U-002,,
LEAD-11145,2026-05-19,Vantage Health,Procurement / Finance,Head of Vendor Management,Mexico,AMER,Paid Search,Inbound Marketing,CMP-004,Cut Your Deflection Cost — AMER 2025-11,Paid Search,Paid Search,74,A,false,false,0,Working,,,,false,false,false,,4,4,U-021,,,
LEAD-11146,2026-07-11,Vertex Logistics,Developer,Platform Engineer,Spain,EMEA,Organic Search,Product,CMP-015,Studio for Product Teams — AMER 2025-11,Organic Search,Organic Search,71,A,true,true,27,MQL,2026-07-17,,,true,false,false,,,2,,,,
LEAD-11147,2025-09-19,North Mobility,CX / Support Leader,VP Customer Experience,Canada,AMER,Organic Search,Product,CMP-012,AI Search Visibility — AMER 2026-07,Organic Search,Organic Search,98,A,true,false,52,Converted,2025-09-26,2025-10-21,2025-11-07,true,true,true,,,1,,U-007,ACC-1108,OPP-20222
LEAD-11148,2026-08-03,Aster Cloud,Developer,Staff Engineer,Netherlands,EMEA,Paid Social,Inbound Marketing,CMP-010,Migrate off Legacy SMS — LATAM 2025-06,Paid Social,Paid Social,20,D,false,false,0,SQL,2026-08-19,2026-09-07,,true,true,false,,2,3,U-017,U-007,,
LEAD-11149,2025-04-17,Pallas Labs,Developer,Senior Backend Engineer,Japan,APAC,Webinar,Inbound Marketing,CMP-034,Copilot API Beta — EMEA 2026-03,Webinar,Webinar,7,D,false,false,0,Working,,,,false,false,false,,1,8,U-026,,,
LEAD-11150,2026-05-29,Beacon Retail,Developer,Platform Engineer,Germany,EMEA,Organic Search,Inbound Marketing,CMP-015,Studio for Product Teams — AMER 2025-11,Organic Search,Conference,28,D,false,false,0,Disqualified,,,,false,false,false,Wrong geo,2,11,U-026,,,
LEAD-11151,2025-09-11,Zephyr Cloud,Product Manager,Head of Product,Brazil,AMER,Developer Community,Product,CMP-029,Build a Support Agent — EMEA 2025-11,Developer Community,Developer Community,57,B,true,false,81,MQL,2025-09-28,,,true,false,false,,,2,,,,
LEAD-11152,2026-06-29,Kestrel Market,Engineering Leader,Director of Engineering,Spain,EMEA,AI Assistant Referral,Product,CMP-019,Studio for Product Teams — APAC 2026-02,AI Assistant Referral,Paid Search,66,B,true,false,20,SQL,2026-07-14,2026-07-20,,true,true,false,,,1,,U-004,,
LEAD-11153,2026-05-03,Pallas Retail,Engineering Leader,VP Engineering,Argentina,LATAM,Outbound Sequence,Outbound,CMP-041,Studio for Product Teams — AMER 2025-04,Outbound Sequence,Outbound Sequence,53,B,false,false,0,New,,,,false,false,false,,3,9,U-027,,,
LEAD-11154,2026-05-04,Vantage Care,Product Manager,Product Manager,Brazil,AMER,Docs & Quickstarts,Product,CMP-026,Studio for Product Teams — AMER 2025-08,Docs & Quickstarts,Docs & Quickstarts,70,A,true,true,15,Disqualified,,,,false,false,false,Student / hobby project,,0,,,,
LEAD-11155,2025-11-09,Beacon Insure,Product Manager,Senior PM,Mexico,AMER,Paid Search,Product,CMP-004,Cut Your Deflection Cost — AMER 2025-11,Paid Search,Paid Search,81,A,true,false,92,Working,,,,false,false,false,,,2,,,,
LEAD-11156,2026-05-25,Juniper Learning,Product Manager,Head of Product,Indonesia,APAC,Organic Search,Product,CMP-014,Compliance & HIPAA — APAC 2025-09,Organic Search,Organic Search,57,B,true,false,99,Converted,2026-05-25,2026-06-16,2026-06-18,true,true,true,,,2,,U-009,ACC-1123,OPP-20223
LEAD-11157,2026-05-23,Umbra Systems,Developer,Platform Engineer,Australia,APAC,Paid Social,Inbound Marketing,CMP-010,Migrate off Legacy SMS — LATAM 2025-06,Paid Social,Paid Social,42,C,false,false,0,New,,,,false,false,false,,3,9,U-020,,,
LEAD-11158,2025-10-08,Dovetail Labs,Engineering Leader,Head of Platform,UAE,EMEA,AI Assistant Referral,Inbound Marketing,CMP-022,Q3 Pipeline Push — AMER 2025-10,AI Assistant Referral,Webinar,66,B,false,false,0,Disqualified,,,,false,false,false,Competitor,3,9,U-015,,,
LEAD-11159,2026-04-10,Aster Pay,Developer,Platform Engineer,Canada,AMER,Partner / Marketplace,Partner / Referral,CMP-043,Latency Benchmark — APAC 2026-01,Partner / Marketplace,Partner / Marketplace,41,C,false,false,0,SQL,2026-04-12,2026-05-06,,true,true,false,,3,11,U-019,U-012,,
LEAD-11160,2026-04-07,Cinder Freight,Product Manager,Senior PM,Netherlands,EMEA,Webinar,Inbound Marketing,CMP-033,Developer Docs Refresh — EMEA 2026-07,Webinar,Partner / Marketplace,30,C,false,false,0,New,,,,false,false,false,,2,9,U-019,,,
LEAD-11161,2025-04-29,Zephyr Travel,Engineering Leader,Head of Platform,France,EMEA,Organic Search,Product,CMP-011,Developer Docs Refresh — LATAM 2025-04,Organic Search,Outbound Sequence,91,A,true,true,16,MQL,2025-05-05,,,true,false,false,,,2,,,,
LEAD-11162,2026-05-10,Beacon Gaming,Procurement / Finance,Head of Vendor Management,Argentina,LATAM,Docs & Quickstarts,Product,CMP-023,Q3 Pipeline Push — AMER 2025-06,Docs & Quickstarts,Docs & Quickstarts,99,A,true,false,48,Nurture,2026-05-10,,,true,false,false,,,0,,,,
LEAD-11163,2025-11-23,Pallas Systems,Engineering Leader,Head of Platform,Mexico,AMER,AI Assistant Referral,Product,CMP-019,Studio for Product Teams — APAC 2026-02,AI Assistant Referral,AI Assistant Referral,95,A,true,false,97,Converted,2025-11-30,2025-12-11,2025-12-30,true,true,true,,,2,,U-005,ACC-1057,OPP-20224
LEAD-11164,2025-11-03,Lumen Logistics,Developer,Platform Engineer,Brazil,AMER,AI Assistant Referral,Inbound Marketing,CMP-019,Studio for Product Teams — APAC 2026-02,AI Assistant Referral,Conference,56,B,false,false,0,MQL,2025-11-16,,,true,false,false,,0,1,U-025,,,
LEAD-11165,2026-06-26,Solstice Group,Procurement / Finance,Head of Vendor Management,Japan,APAC,Organic Search,Product,CMP-014,Compliance & HIPAA — APAC 2025-09,Organic Search,Organic Search,95,A,true,true,2,Converted,2026-07-14,2026-08-09,2026-09-05,true,true,true,,,0,,U-007,ACC-1093,OPP-20225
LEAD-11166,2025-08-31,Vertex Freight,Developer,Platform Engineer,India,APAC,Developer Community,Inbound Marketing,CMP-029,Build a Support Agent — EMEA 2025-11,Developer Community,Developer Community,35,C,false,true,0,Disqualified,,,,false,false,false,Went silent,2,11,U-015,,,
LEAD-11167,2025-08-28,Zephyr Learning,Engineering Leader,CTO,Chile,LATAM,Paid Search,Inbound Marketing,CMP-003,Voice Agents Launch — EMEA 2025-12,Paid Search,Paid Search,61,B,false,false,0,MQL,2025-08-28,,,true,false,false,,2,5,U-017,,,
LEAD-11168,2026-01-24,Meridian Freight,Engineering Leader,CTO,United States,AMER,AI Assistant Referral,Inbound Marketing,CMP-019,Studio for Product Teams — APAC 2026-02,AI Assistant Referral,AI Assistant Referral,77,A,false,false,0,Disqualified,,,,false,false,false,No budget,4,11,U-026,,,
LEAD-11169,2025-06-30,Kestrel Learning,Developer,Senior Backend Engineer,Germany,EMEA,Docs & Quickstarts,Product,CMP-028,Migrate off Legacy SMS — AMER 2025-11,Docs & Quickstarts,Outbound Sequence,59,B,true,true,71,MQL,2025-07-01,,,true,false,false,,,0,,,,
LEAD-11170,2025-12-29,Quanta Pay,Developer,Staff Engineer,Netherlands,EMEA,Paid Search,Inbound Marketing,CMP-005,Migrate off Legacy SMS — AMER 2025-12,Paid Search,Paid Search,45,C,false,false,0,Disqualified,,,,false,false,false,Went silent,5,1,U-021,,,
LEAD-11171,2026-07-04,Zephyr Technologies,Developer,Senior Backend Engineer,Canada,AMER,Docs & Quickstarts,Inbound Marketing,CMP-025,Migrate off Legacy SMS — EMEA 2025-09,Docs & Quickstarts,Docs & Quickstarts,41,C,false,false,0,Disqualified,,,,false,false,false,Went silent,2,8,U-016,,,
LEAD-11172,2026-07-30,Meridian Systems,Developer,Senior Backend Engineer,Germany,EMEA,Docs & Quickstarts,Inbound Marketing,CMP-027,Cut Your Deflection Cost — APAC 2025-05,Docs & Quickstarts,Docs & Quickstarts,53,B,false,false,0,SQL,2026-08-14,2026-08-15,,true,true,false,,1,1,U-016,U-001,,
LEAD-11173,2026-08-26,Kestrel Group,Developer,Senior Backend Engineer,Brazil,AMER,Organic Search,Inbound Marketing,CMP-015,Studio for Product Teams — AMER 2025-11,Organic Search,Organic Search,31,C,false,false,0,Disqualified,,,,false,false,false,Free tier is enough,5,2,U-017,,,
LEAD-11174,2026-08-21,Cinder Care,Developer,Platform Engineer,Spain,EMEA,Partner / Marketplace,Partner / Referral,CMP-044,Studio for Product Teams — AMER 2025-06,Partner / Marketplace,Partner / Marketplace,57,B,false,false,0,SQL,2026-09-07,2026-09-13,,true,true,false,,4,8,U-026,U-009,,
LEAD-11175,2026-07-04,Wexler Group,Product Manager,Senior PM,Mexico,AMER,Developer Community,Product,CMP-029,Build a Support Agent — EMEA 2025-11,Developer Community,Docs & Quickstarts,59,B,true,false,29,SQL,2026-07-12,2026-07-17,,true,true,false,,,2,,U-002,,
LEAD-11176,2025-10-04,Orbital Digital,Developer,Software Engineer,Canada,AMER,Organic Search,Product,CMP-013,Verify Fraud Playbook — LATAM 2026-01,Organic Search,Organic Search,75,A,true,false,47,MQL,2025-10-15,,,true,false,false,,,0,,,,
LEAD-11177,2025-11-04,Rivet Pay,Developer,Software Engineer,Sweden,EMEA,Partner / Marketplace,Partner / Referral,CMP-044,Studio for Product Teams — AMER 2025-06,Partner / Marketplace,Conference,47,C,false,true,0,Converted,2025-11-10,2025-11-22,2025-12-13,true,true,true,,1,8,U-024,U-001,ACC-1092,OPP-20226
LEAD-11178,2025-04-06,Kestrel Labs,Developer,Staff Engineer,United States,AMER,Organic Search,Inbound Marketing,CMP-015,Studio for Product Teams — AMER 2025-11,Organic Search,Organic Search,59,B,false,false,0,MQL,2025-04-10,,,true,false,false,,1,4,U-015,,,
LEAD-11179,2025-06-30,Dovetail Travel,Developer,Software Engineer,Mexico,AMER,AI Assistant Referral,Inbound Marketing,CMP-020,Q3 Pipeline Push — AMER 2025-12,AI Assistant Referral,AI Assistant Referral,44,C,false,true,0,Disqualified,,,,false,false,false,Went silent,4,6,U-022,,,
LEAD-11180,2026-02-01,Ember Freight,Procurement / Finance,Procurement Manager,Sweden,EMEA,Paid Search,Product,CMP-006,AI Search Visibility — AMER 2026-02,Paid Search,Paid Search,100,A,true,false,45,Disqualified,,,,false,false,false,Went silent,,0,,,,
LEAD-11181,2025-09-07,Rivet Group,Procurement / Finance,Head of Vendor Management,Argentina,LATAM,Docs & Quickstarts,Product,CMP-027,Cut Your Deflection Cost — APAC 2025-05,Docs & Quickstarts,Organic Search,100,A,true,false,70,SQL,2025-09-10,2025-09-13,,true,true,false,,,1,,U-001,,
LEAD-11182,2026-08-17,Zephyr Cloud,Engineering Leader,VP Engineering,Mexico,AMER,Docs & Quickstarts,Product,CMP-026,Studio for Product Teams — AMER 2025-08,Docs & Quickstarts,Docs & Quickstarts,97,A,true,true,54,Disqualified,,,,false,false,false,No budget,,1,,,,
LEAD-11183,2026-03-22,Vertex Works,CX / Support Leader,Head of Support,UAE,EMEA,Organic Search,Product,CMP-018,Voice Agents Launch — AMER 2025-11,Organic Search,Organic Search,77,A,true,true,91,Converted,2026-04-12,2026-04-26,2026-05-22,true,true,true,,,1,,U-006,ACC-1115,OPP-20227
LEAD-11184,2026-05-22,Tundra Technologies,Developer,Platform Engineer,Japan,APAC,Docs & Quickstarts,Product,CMP-023,Q3 Pipeline Push — AMER 2025-06,Docs & Quickstarts,Docs & Quickstarts,73,A,true,true,66,MQL,2026-06-02,,,true,false,false,,,0,,,,
LEAD-11185,2025-07-18,Cinder Pay,CX / Support Leader,VP Customer Experience,Chile,LATAM,Developer Community,Inbound Marketing,CMP-029,Build a Support Agent — EMEA 2025-11,Developer Community,Developer Community,66,B,false,false,0,Nurture,2025-07-20,,,true,false,false,,6,7,U-015,,,
LEAD-11186,2026-04-07,Cinder Bank,CX / Support Leader,Director of Service Ops,UAE,EMEA,Paid Social,Product,CMP-007,Developer Docs Refresh — EMEA 2025-05,Paid Social,Paid Social,74,A,true,false,73,Nurture,2026-04-20,,,true,false,false,,,0,,,,
LEAD-11187,2025-07-04,Cinder Market,Developer,Software Engineer,Indonesia,APAC,Paid Social,Inbound Marketing,CMP-009,Copilot API Beta — AMER 2026-01,Paid Social,Paid Social,11,D,false,false,0,Working,,,,false,false,false,,0,10,U-022,,,
LEAD-11188,2025-12-17,Beacon Gaming,Developer,Staff Engineer,Netherlands,EMEA,Partner / Marketplace,Partner / Referral,CMP-044,Studio for Product Teams — AMER 2025-06,Partner / Marketplace,Paid Search,63,B,true,false,93,Converted,2025-12-23,2025-12-27,2025-12-31,true,true,true,,,0,,U-002,ACC-1050,OPP-20228
LEAD-11189,2026-04-27,Vertex Care,Developer,Senior Backend Engineer,Mexico,AMER,Outbound Sequence,Outbound,CMP-040,AI Search Visibility — AMER 2026-05,Outbound Sequence,Outbound Sequence,36,C,false,true,0,New,,,,false,false,false,,2,8,U-017,,,
LEAD-11190,2025-07-23,Beacon Technologies,Developer,Platform Engineer,Mexico,AMER,Developer Community,Product,CMP-030,Latency Benchmark — AMER 2025-08,Developer Community,Developer Community,82,A,true,true,14,Converted,2025-07-25,2025-08-18,2025-09-11,true,true,true,,,2,,U-003,ACC-1019,OPP-20229
LEAD-11191,2025-10-11,Pallas Technologies,Developer,Senior Backend Engineer,Spain,EMEA,Developer Community,Product,CMP-030,Latency Benchmark — AMER 2025-08,Developer Community,Developer Community,47,C,true,true,29,MQL,2025-10-29,,,true,false,false,,,0,,,,
LEAD-11192,2025-07-05,Solstice Logistics,Developer,Software Engineer,Brazil,AMER,Conference,Product,CMP-036,Compliance & HIPAA — AMER 2026-04,Conference,Conference,59,B,true,false,12,MQL,2025-07-10,,,true,false,false,,,1,,,,
LEAD-11193,2025-11-08,Meridian Retail,Developer,Senior Backend Engineer,Germany,EMEA,Organic Search,Product,CMP-011,Developer Docs Refresh — LATAM 2025-04,Organic Search,Customer Referral,42,C,true,true,87,New,,,,false,false,false,,,2,,,,
LEAD-11194,2026-08-29,Meridian Group,Procurement / Finance,Head of Vendor Management,Mexico,AMER,Outbound Sequence,Outbound,CMP-040,AI Search Visibility — AMER 2026-05,Outbound Sequence,Outbound Sequence,33,C,false,false,0,Working,,,,false,false,false,,4,9,U-027,,,
LEAD-11195,2026-04-05,Foundry Logistics,CX / Support Leader,Contact Centre Manager,Mexico,AMER,Docs & Quickstarts,Product,CMP-026,Studio for Product Teams — AMER 2025-08,Docs & Quickstarts,Webinar,100,A,true,true,73,SQL,2026-04-21,2026-04-30,,true,true,false,,,1,,U-013,,
LEAD-11196,2025-04-19,Cinder Logistics,Engineering Leader,VP Engineering,United Kingdom,EMEA,Conference,Inbound Marketing,CMP-035,Q3 Pipeline Push — EMEA 2026-05,Conference,Partner / Marketplace,37,C,false,false,0,Working,,,,false,false,false,,3,4,U-020,,,
LEAD-11197,2025-05-09,Wexler Travel,Developer,Staff Engineer,Brazil,AMER,Paid Social,Product,CMP-009,Copilot API Beta — AMER 2026-01,Paid Social,Partner / Marketplace,34,C,true,true,100,Working,,,,false,false,false,,,2,,,,
LEAD-11198,2026-07-03,Rivet Gaming,Procurement / Finance,Head of Vendor Management,United States,AMER,Docs & Quickstarts,Product,CMP-024,Verify Fraud Playbook — AMER 2025-05,Docs & Quickstarts,Organic Search,100,A,true,false,30,Converted,2026-07-05,2026-07-25,2026-08-24,true,true,true,,,2,,U-001,ACC-1057,OPP-20230
LEAD-11199,2025-10-18,Solstice Systems,Engineering Leader,CTO,Sweden,EMEA,Partner / Marketplace,Partner / Referral,CMP-044,Studio for Product Teams — AMER 2025-06,Partner / Marketplace,Outbound Sequence,97,A,false,false,0,Converted,2025-11-06,2025-11-28,2025-12-11,true,true,true,,2,4,U-016,U-008,ACC-1121,OPP-20231
LEAD-11200,2026-02-22,Tundra Gaming,Developer,Staff Engineer,Brazil,AMER,Conference,Inbound Marketing,CMP-036,Compliance & HIPAA — AMER 2026-04,Conference,Conference,26,D,false,false,0,New,,,,false,false,false,,2,6,U-023,,,
LEAD-11201,2025-04-03,Rivet Labs,Product Manager,Director of Product,Sweden,EMEA,Organic Search,Product,CMP-012,AI Search Visibility — AMER 2026-07,Organic Search,Organic Search,54,B,true,false,47,New,,,,false,false,false,,,2,,,,
LEAD-11202,2026-02-05,Ember Systems,Procurement / Finance,Finance Director,Brazil,AMER,Organic Search,Inbound Marketing,CMP-014,Compliance & HIPAA — APAC 2025-09,Organic Search,Organic Search,91,A,false,false,0,SQL,2026-02-17,2026-02-23,,true,true,false,,3,5,U-016,U-004,,
LEAD-11203,2025-07-27,Meridian Group,Engineering Leader,VP Engineering,Brazil,AMER,Paid Social,Inbound Marketing,CMP-007,Developer Docs Refresh — EMEA 2025-05,Paid Social,Paid Social,65,B,false,false,0,Converted,2025-08-07,2025-09-02,2025-10-04,true,true,true,,2,9,U-024,U-010,ACC-1050,OPP-20232
LEAD-11204,2025-10-29,Lumen Systems,Procurement / Finance,CFO,Canada,AMER,Organic Search,Product,CMP-011,Developer Docs Refresh — LATAM 2025-04,Organic Search,Organic Search,100,A,true,false,44,Nurture,2025-10-30,,,true,false,false,,,0,,,,
LEAD-11205,2025-05-27,Kestrel Travel,CX / Support Leader,VP Customer Experience,United Kingdom,EMEA,Paid Search,Inbound Marketing,CMP-003,Voice Agents Launch — EMEA 2025-12,Paid Search,Paid Search,66,B,false,false,0,Converted,2025-06-04,2025-06-11,2025-07-04,true,true,true,,2,6,U-023,U-011,ACC-1108,OPP-20233
LEAD-11206,2025-09-23,Quanta Market,Developer,Software Engineer,Brazil,AMER,Paid Search,Inbound Marketing,CMP-003,Voice Agents Launch — EMEA 2025-12,Paid Search,Customer Referral,46,C,false,false,0,MQL,2025-10-10,,,true,false,false,,5,11,U-019,,,
LEAD-11207,2025-10-15,Dovetail Care,Developer,Software Engineer,Japan,APAC,Outbound Sequence,Outbound,CMP-040,AI Search Visibility — AMER 2026-05,Outbound Sequence,Outbound Sequence,31,C,false,false,0,New,,,,false,false,false,,0,3,U-021,,,
LEAD-11208,2025-04-08,Juniper Insure,Developer,Platform Engineer,Mexico,AMER,AI Assistant Referral,Inbound Marketing,CMP-020,Q3 Pipeline Push — AMER 2025-12,AI Assistant Referral,AI Assistant Referral,33,C,false,true,0,Disqualified,,,,false,false,false,Competitor,3,6,U-019,,,
LEAD-11209,2026-03-25,Cinder Care,CX / Support Leader,Head of Support,Sweden,EMEA,Partner / Marketplace,Partner / Referral,CMP-044,Studio for Product Teams — AMER 2025-06,Partner / Marketplace,Paid Search,53,B,false,true,0,SQL,2026-04-07,2026-04-15,,true,true,false,,3,6,U-024,U-010,,
LEAD-11210,2026-04-24,Cinder Freight,Developer,Staff Engineer,Spain,EMEA,Paid Social,Inbound Marketing,CMP-008,Developer Docs Refresh — EMEA 2026-02,Paid Social,Paid Social,21,D,false,false,0,Converted,2026-05-10,2026-05-24,2026-06-25,true,true,true,,3,9,U-024,U-011,ACC-1045,OPP-20234
LEAD-11211,2025-11-24,Ember Bank,CX / Support Leader,Director of Service Ops,Spain,EMEA,Organic Search,Inbound Marketing,CMP-018,Voice Agents Launch — AMER 2025-11,Organic Search,Organic Search,58,B,false,false,0,Converted,2025-12-03,2025-12-21,2026-01-15,true,true,true,,2,2,U-022,U-006,ACC-1001,OPP-20235
LEAD-11212,2025-10-27,Wexler Learning,Engineering Leader,Head of Platform,Canada,AMER,Docs & Quickstarts,Product,CMP-025,Migrate off Legacy SMS — EMEA 2025-09,Docs & Quickstarts,Docs & Quickstarts,69,B,true,false,72,MQL,2025-10-31,,,true,false,false,,,1,,,,
LEAD-11213,2025-04-20,Solstice Learning,Engineering Leader,Director of Engineering,Mexico,AMER,Outbound Sequence,Outbound,CMP-038,Migrate off Legacy SMS — AMER 2025-04,Outbound Sequence,Outbound Sequence,47,C,false,false,0,SQL,2025-05-01,2025-05-14,,true,true,false,,3,5,U-020,U-004,,
LEAD-11214,2026-09-16,Foundry Pay,Developer,Senior Backend Engineer,France,EMEA,Docs & Quickstarts,Product,CMP-024,Verify Fraud Playbook — AMER 2025-05,Docs & Quickstarts,Organic Search,60,B,true,false,71,Converted,2026-10-06,2026-10-20,2026-10-26,true,true,true,,,0,,U-006,ACC-1025,OPP-20236
LEAD-11215,2026-02-06,Umbra Learning,Developer,Software Engineer,Sweden,EMEA,AI Assistant Referral,Inbound Marketing,CMP-022,Q3 Pipeline Push — AMER 2025-10,AI Assistant Referral,AI Assistant Referral,60,B,false,false,0,MQL,2026-02-18,,,true,false,false,,4,7,U-027,,,
LEAD-11216,2026-03-20,Pallas Care,Developer,Software Engineer,France,EMEA,Developer Community,Product,CMP-029,Build a Support Agent — EMEA 2025-11,Developer Community,Developer Community,43,C,true,true,67,MQL,2026-04-01,,,true,false,false,,,2,,,,
LEAD-11217,2025-04-09,Ember Gaming,Product Manager,Director of Product,Mexico,AMER,Developer Community,Product,CMP-031,Developer Docs Refresh — EMEA 2026-07,Developer Community,Customer Referral,58,B,true,true,100,MQL,2025-04-12,,,true,false,false,,,0,,,,
LEAD-11218,2025-10-29,Meridian Gaming,Procurement / Finance,Head of Vendor Management,France,EMEA,Outbound Sequence,Outbound,CMP-041,Studio for Product Teams — AMER 2025-04,Outbound Sequence,Outbound Sequence,47,C,false,false,0,Disqualified,,,,false,false,false,No budget,2,3,U-016,,,
LEAD-11219,2025-11-17,Cobalt Gaming,Developer,Platform Engineer,France,EMEA,Docs & Quickstarts,Product,CMP-028,Migrate off Legacy SMS — AMER 2025-11,Docs & Quickstarts,Docs & Quickstarts,58,B,true,false,28,Nurture,2025-12-02,,,true,false,false,,,2,,,,
LEAD-11220,2025-04-20,Pallas Care,CX / Support Leader,Contact Centre Manager,Canada,AMER,Organic Search,Product,CMP-011,Developer Docs Refresh — LATAM 2025-04,Organic Search,Developer Community,90,A,true,false,63,MQL,2025-05-06,,,true,false,false,,,2,,,,
LEAD-11221,2025-09-12,Juniper Care,Developer,Senior Backend Engineer,Singapore,APAC,Partner / Marketplace,Partner / Referral,CMP-042,Migrate off Legacy SMS — AMER 2025-04,Partner / Marketplace,Docs & Quickstarts,31,C,false,false,0,New,,,,false,false,false,,2,4,U-019,,,
LEAD-11222,2026-01-30,Foundry Bank,Developer,Software Engineer,Sweden,EMEA,Outbound Sequence,Outbound,CMP-038,Migrate off Legacy SMS — AMER 2025-04,Outbound Sequence,Docs & Quickstarts,36,C,false,false,0,New,,,,false,false,false,,0,10,U-020,,,
LEAD-11223,2025-09-30,Halcyon Gaming,CX / Support Leader,Director of Service Ops,Netherlands,EMEA,Partner / Marketplace,Partner / Referral,CMP-044,Studio for Product Teams — AMER 2025-06,Partner / Marketplace,Partner / Marketplace,51,B,false,false,0,Nurture,2025-10-06,,,true,false,false,,2,10,U-022,,,
LEAD-11224,2025-04-17,Halcyon Digital,Developer,Software Engineer,India,APAC,Paid Search,Inbound Marketing,CMP-003,Voice Agents Launch — EMEA 2025-12,Paid Search,Paid Search,53,B,false,false,0,MQL,2025-04-17,,,true,false,false,,3,11,U-017,,,
LEAD-11225,2025-09-10,Harbor Bank,Product Manager,Product Manager,United States,AMER,Paid Search,Product,CMP-001,Copilot API Beta — AMER 2026-02,Paid Search,Docs & Quickstarts,91,A,true,true,96,MQL,2025-09-18,,,true,false,false,,,1,,,,
LEAD-11226,2026-06-25,Lumen Travel,Engineering Leader,CTO,Brazil,AMER,AI Assistant Referral,Product,CMP-019,Studio for Product Teams — APAC 2026-02,AI Assistant Referral,Webinar,90,A,true,false,28,Disqualified,,,,false,false,false,Went silent,,0,,,,
LEAD-11227,2026-02-13,Kestrel Health,Engineering Leader,CTO,Australia,APAC,Organic Search,Inbound Marketing,CMP-011,Developer Docs Refresh — LATAM 2025-04,Organic Search,Organic Search,52,B,false,false,0,Converted,2026-02-21,2026-03-03,2026-04-01,true,true,true,,2,4,U-023,U-010,ACC-1062,OPP-20237
LEAD-11228,2026-01-16,Dovetail Systems,CX / Support Leader,Director of Service Ops,France,EMEA,Paid Search,Inbound Marketing,CMP-004,Cut Your Deflection Cost — AMER 2025-11,Paid Search,Paid Search,69,B,false,false,0,Converted,2026-01-19,2026-01-25,2026-02-28,true,true,true,,3,3,U-027,U-006,ACC-1121,OPP-20238
LEAD-11229,2026-06-06,Tundra Retail,Product Manager,Director of Product,United States,AMER,Developer Community,Product,CMP-031,Developer Docs Refresh — EMEA 2026-07,Developer Community,Developer Community,59,B,true,true,64,Nurture,2026-06-10,,,true,false,false,,,1,,,,
LEAD-11230,2026-03-01,Juniper Care,Developer,Staff Engineer,Canada,AMER,Conference,Inbound Marketing,CMP-036,Compliance & HIPAA — AMER 2026-04,Conference,Customer Referral,42,C,false,false,0,Working,,,,false,false,false,,2,9,U-022,,,
LEAD-11231,2025-09-24,Lumen Freight,CX / Support Leader,VP Customer Experience,Netherlands,EMEA,Conference,Inbound Marketing,CMP-035,Q3 Pipeline Push — EMEA 2026-05,Conference,Organic Search,54,B,false,false,0,Working,,,,false,false,false,,2,2,U-021,,,
LEAD-11232,2026-09-10,Wexler Travel,Product Manager,Product Manager,Mexico,AMER,AI Assistant Referral,Inbound Marketing,CMP-020,Q3 Pipeline Push — AMER 2025-12,AI Assistant Referral,Partner / Marketplace,69,B,false,false,0,SQL,2026-09-24,2026-10-17,,true,true,false,,2,6,U-026,U-008,,
LEAD-11233,2025-09-21,Dovetail Travel,Engineering Leader,Head of Platform,Canada,AMER,Outbound Sequence,Outbound,CMP-041,Studio for Product Teams — AMER 2025-04,Outbound Sequence,Outbound Sequence,45,C,false,false,0,Converted,2025-09-23,2025-09-24,2025-10-09,true,true,true,,2,3,U-015,U-006,ACC-1084,OPP-20239
LEAD-11234,2026-06-02,Vantage Digital,Engineering Leader,VP Engineering,Netherlands,EMEA,Outbound Sequence,Outbound,CMP-041,Studio for Product Teams — AMER 2025-04,Outbound Sequence,Outbound Sequence,30,C,false,false,0,Working,,,,false,false,false,,2,9,U-020,,,
LEAD-11235,2025-08-20,Cinder Bank,Developer,Senior Backend Engineer,United States,AMER,Organic Search,Product,CMP-013,Verify Fraud Playbook — LATAM 2026-01,Organic Search,Organic Search,69,B,true,false,64,MQL,2025-09-05,,,true,false,false,,,1,,,,
LEAD-11236,2026-03-18,Quanta Learning,CX / Support Leader,Contact Centre Manager,Indonesia,APAC,Developer Community,Inbound Marketing,CMP-031,Developer Docs Refresh — EMEA 2026-07,Developer Community,Developer Community,52,B,false,false,0,SQL,2026-03-24,2026-04-16,,true,true,false,,0,2,U-026,U-007,,
LEAD-11237,2026-02-27,Tundra Insure,Product Manager,Director of Product,India,APAC,Organic Search,Product,CMP-011,Developer Docs Refresh — LATAM 2025-04,Organic Search,Organic Search,78,A,true,false,7,New,,,,false,false,false,,,0,,,,
LEAD-11238,2025-09-03,Wexler Freight,Developer,Staff Engineer,Mexico,AMER,Conference,Inbound Marketing,CMP-036,Compliance & HIPAA — AMER 2026-04,Conference,Conference,46,C,false,false,0,New,,,,false,false,false,,1,3,U-025,,,
LEAD-11239,2026-05-04,Pallas Group,Procurement / Finance,Procurement Manager,United States,AMER,Developer Community,Product,CMP-030,Latency Benchmark — AMER 2025-08,Developer Community,Developer Community,93,A,true,false,93,SQL,2026-05-12,2026-05-19,,true,true,false,,,1,,U-013,,
LEAD-11240,2026-05-05,Halcyon Systems,Engineering Leader,VP Engineering,Spain,EMEA,Paid Social,Inbound Marketing,CMP-008,Developer Docs Refresh — EMEA 2026-02,Paid Social,Paid Social,40,C,false,true,0,SQL,2026-05-09,2026-06-01,,true,true,false,,5,8,U-021,U-002,,
LEAD-11241,2026-03-13,Orbital Technologies,Procurement / Finance,CFO,Canada,AMER,Paid Social,Product,CMP-008,Developer Docs Refresh — EMEA 2026-02,Paid Social,Outbound Sequence,67,B,true,true,40,Converted,2026-03-27,2026-03-28,2026-04-15,true,true,true,,,1,,U-006,ACC-1070,OPP-20240
LEAD-11242,2026-01-18,Quanta Travel,Developer,Software Engineer,Germany,EMEA,Paid Search,Inbound Marketing,CMP-005,Migrate off Legacy SMS — AMER 2025-12,Paid Search,Organic Search,50,B,false,true,0,Disqualified,,,,false,false,false,Duplicate,2,10,U-019,,,
LEAD-11243,2026-08-24,Orbital Labs,Developer,Software Engineer,United States,AMER,Webinar,Inbound Marketing,CMP-033,Developer Docs Refresh — EMEA 2026-07,Webinar,Paid Search,42,C,false,false,0,New,,,,false,false,false,,1,4,U-022,,,
LEAD-11244,2025-05-12,Halcyon Insure,Developer,Senior Backend Engineer,United Kingdom,EMEA,Paid Social,Inbound Marketing,CMP-007,Developer Docs Refresh — EMEA 2025-05,Paid Social,Organic Search,16,D,false,false,0,Disqualified,,,,false,false,false,Free tier is enough,2,8,U-027,,,
LEAD-11245,2025-04-13,Vertex Gaming,Engineering Leader,CTO,India,APAC,Docs & Quickstarts,Product,CMP-027,Cut Your Deflection Cost — APAC 2025-05,Docs & Quickstarts,Docs & Quickstarts,71,A,true,true,18,Nurture,2025-05-03,,,true,false,false,,,0,,,,
LEAD-11246,2025-11-08,Tundra Market,Product Manager,Product Manager,Japan,APAC,Paid Search,Inbound Marketing,CMP-005,Migrate off Legacy SMS — AMER 2025-12,Paid Search,Paid Search,62,B,false,false,0,Converted,2025-11-16,2025-11-26,2025-12-02,true,true,true,,3,10,U-015,U-012,ACC-1028,OPP-20241
LEAD-11247,2026-08-05,Orbital Bank,Developer,Staff Engineer,France,EMEA,Paid Search,Inbound Marketing,CMP-005,Migrate off Legacy SMS — AMER 2025-12,Paid Search,Paid Search,51,B,false,false,0,MQL,2026-08-11,,,true,false,false,,0,3,U-024,,,
LEAD-11248,2025-10-22,Kestrel Learning,Developer,Staff Engineer,Netherlands,EMEA,Paid Social,Inbound Marketing,CMP-008,Developer Docs Refresh — EMEA 2026-02,Paid Social,Paid Social,25,D,false,false,0,Disqualified,,,,false,false,false,Student / hobby project,2,2,U-020,,,
LEAD-11249,2025-09-27,Kestrel Retail,CX / Support Leader,Contact Centre Manager,India,APAC,Conference,Inbound Marketing,CMP-035,Q3 Pipeline Push — EMEA 2026-05,Conference,AI Assistant Referral,29,D,false,false,0,Disqualified,,,,false,false,false,Student / hobby project,2,10,U-026,,,
LEAD-11250,2026-07-22,Orbital Pay,Engineering Leader,Director of Engineering,United Kingdom,EMEA,Outbound Sequence,Outbound,CMP-037,Verify Fraud Playbook — EMEA 2025-04,Outbound Sequence,Outbound Sequence,31,C,false,false,0,Converted,2026-07-29,2026-08-09,2026-09-09,true,true,true,,0,10,U-025,U-012,ACC-1027,OPP-20242
LEAD-11251,2026-04-11,Cinder Travel,CX / Support Leader,Contact Centre Manager,Singapore,APAC,Paid Search,Inbound Marketing,CMP-003,Voice Agents Launch — EMEA 2025-12,Paid Search,Paid Search,66,B,false,false,0,Nurture,2026-04-17,,,true,false,false,,0,11,U-018,,,
LEAD-11252,2026-02-19,Sable Learning,Engineering Leader,Head of Platform,Mexico,AMER,Organic Search,Product,CMP-016,Q3 Pipeline Push — AMER 2026-04,Organic Search,Organic Search,94,A,true,true,13,Converted,2026-02-24,2026-03-04,2026-03-25,true,true,true,,,0,,U-004,ACC-1046,OPP-20243
LEAD-11253,2025-09-29,Wexler Gaming,Developer,Senior Backend Engineer,India,APAC,Outbound Sequence,Outbound,CMP-041,Studio for Product Teams — AMER 2025-04,Outbound Sequence,Outbound Sequence,41,C,false,false,0,Disqualified,,,,false,false,false,Went silent,1,2,U-026,,,
LEAD-11254,2025-06-04,Foundry Systems,Product Manager,Product Manager,Canada,AMER,Partner / Marketplace,Partner / Referral,CMP-042,Migrate off Legacy SMS — AMER 2025-04,Partner / Marketplace,Partner / Marketplace,81,A,true,true,33,Converted,2025-06-10,2025-06-28,2025-07-29,true,true,true,,,0,,U-005,ACC-1103,OPP-20244
LEAD-11255,2026-07-23,Vantage Group,CX / Support Leader,VP Customer Experience,Australia,APAC,Organic Search,Inbound Marketing,CMP-013,Verify Fraud Playbook — LATAM 2026-01,Organic Search,Conference,92,A,false,false,0,Converted,2026-08-12,2026-08-31,2026-09-03,true,true,true,,4,8,U-022,U-011,ACC-1073,OPP-20245
LEAD-11256,2025-11-16,Harbor Logistics,Developer,Staff Engineer,Spain,EMEA,AI Assistant Referral,Product,CMP-021,Latency Benchmark — LATAM 2025-09,AI Assistant Referral,Outbound Sequence,59,B,true,false,25,Converted,2025-12-07,2025-12-21,2025-12-25,true,true,true,,,0,,U-004,ACC-1118,OPP-20246
LEAD-11257,2026-09-14,Foundry Market,CX / Support Leader,Director of Service Ops,Indonesia,APAC,Outbound Sequence,Outbound,CMP-037,Verify Fraud Playbook — EMEA 2025-04,Outbound Sequence,Outbound Sequence,37,C,false,false,0,New,,,,false,false,false,,4,8,U-025,,,
LEAD-11258,2026-04-29,Solstice Group,Engineering Leader,VP Engineering,Sweden,EMEA,AI Assistant Referral,Product,CMP-020,Q3 Pipeline Push — AMER 2025-12,AI Assistant Referral,Developer Community,86,A,true,true,32,MQL,2026-05-04,,,true,false,false,,,1,,,,
LEAD-11259,2025-11-22,Zephyr Digital,Developer,Staff Engineer,Brazil,AMER,Docs & Quickstarts,Product,CMP-024,Verify Fraud Playbook — AMER 2025-05,Docs & Quickstarts,Partner / Marketplace,51,B,true,true,83,Converted,2025-12-06,2025-12-08,2025-12-10,true,true,true,,,1,,U-006,ACC-1134,OPP-20247
LEAD-11260,2026-02-13,Onyx Cloud,CX / Support Leader,Head of Support,Mexico,AMER,Organic Search,Inbound Marketing,CMP-016,Q3 Pipeline Push — AMER 2026-04,Organic Search,Organic Search,72,A,false,false,0,MQL,2026-02-18,,,true,false,false,,0,3,U-023,,,
LEAD-11261,2026-08-09,Orbital Gaming,Product Manager,Senior PM,France,EMEA,Conference,Inbound Marketing,CMP-036,Compliance & HIPAA — AMER 2026-04,Conference,Conference,43,C,false,false,0,MQL,2026-08-15,,,true,false,false,,4,1,U-020,,,
LEAD-11262,2025-09-10,Juniper Systems,CX / Support Leader,VP Customer Experience,Indonesia,APAC,Outbound Sequence,Outbound,CMP-039,Studio for Product Teams — EMEA 2026-02,Outbound Sequence,Outbound Sequence,50,B,false,false,0,MQL,2025-09-24,,,true,false,false,,0,11,U-019,,,
LEAD-11263,2025-05-07,Vantage Cloud,Procurement / Finance,CFO,UAE,EMEA,Organic Search,Inbound Marketing,CMP-015,Studio for Product Teams — AMER 2025-11,Organic Search,Organic Search,97,A,false,false,0,SQL,2025-05-20,2025-06-10,,true,true,false,,4,9,U-021,U-001,,
LEAD-11264,2025-08-06,Vantage Pay,Procurement / Finance,Finance Director,Spain,EMEA,Outbound Sequence,Outbound,CMP-037,Verify Fraud Playbook — EMEA 2025-04,Outbound Sequence,Docs & Quickstarts,61,B,false,false,0,Converted,2025-08-14,2025-08-20,2025-09-13,true,true,true,,5,9,U-027,U-012,ACC-1137,OPP-20248
LEAD-11265,2026-07-29,Solstice Freight,Developer,Software Engineer,Netherlands,EMEA,Outbound Sequence,Outbound,CMP-038,Migrate off Legacy SMS — AMER 2025-04,Outbound Sequence,AI Assistant Referral,39,C,false,true,0,New,,,,false,false,false,,1,8,U-022,,,
LEAD-11266,2026-04-18,Juniper Travel,Engineering Leader,Director of Engineering,Mexico,AMER,Conference,Inbound Marketing,CMP-036,Compliance & HIPAA — AMER 2026-04,Conference,Conference,51,B,false,false,0,MQL,2026-04-24,,,true,false,false,,0,8,U-019,,,
LEAD-11267,2026-03-31,Ember Gaming,Engineering Leader,VP Engineering,Mexico,AMER,Paid Social,Inbound Marketing,CMP-008,Developer Docs Refresh — EMEA 2026-02,Paid Social,Customer Referral,44,C,false,false,0,Converted,2026-04-11,2026-04-21,2026-05-25,true,true,true,,5,2,U-016,U-001,ACC-1075,OPP-20249
LEAD-11268,2026-05-19,Beacon Cloud,Engineering Leader,Director of Engineering,Colombia,LATAM,AI Assistant Referral,Inbound Marketing,CMP-021,Latency Benchmark — LATAM 2025-09,AI Assistant Referral,AI Assistant Referral,82,A,false,false,0,Disqualified,,,,false,false,false,Student / hobby project,3,2,U-024,,,
LEAD-11269,2025-12-22,North Cloud,Engineering Leader,Director of Engineering,Germany,EMEA,Developer Community,Product,CMP-030,Latency Benchmark — AMER 2025-08,Developer Community,Developer Community,79,A,true,false,77,MQL,2025-12-25,,,true,false,false,,,2,,,,
LEAD-11270,2026-05-26,Kestrel Mobility,Product Manager,Senior PM,Colombia,LATAM,Organic Search,Product,CMP-015,Studio for Product Teams — AMER 2025-11,Organic Search,Organic Search,93,A,true,true,68,Working,,,,false,false,false,,,2,,,,
LEAD-11271,2026-08-06,Zephyr Cloud,CX / Support Leader,VP Customer Experience,Australia,APAC,Partner / Marketplace,Partner / Referral,CMP-043,Latency Benchmark — APAC 2026-01,Partner / Marketplace,Partner / Marketplace,82,A,false,false,0,SQL,2026-08-21,2026-09-08,,true,true,false,,2,2,U-018,U-002,,
LEAD-11272,2026-08-24,Dovetail Insure,Developer,Senior Backend Engineer,Colombia,LATAM,Organic Search,Product,CMP-018,Voice Agents Launch — AMER 2025-11,Organic Search,Organic Search,47,C,true,false,59,Converted,2026-09-10,2026-10-05,2026-10-10,true,true,true,,,2,,U-006,ACC-1079,OPP-20250
LEAD-11273,2025-10-21,Pallas Works,Developer,Software Engineer,Colombia,LATAM,Docs & Quickstarts,Product,CMP-028,Migrate off Legacy SMS — AMER 2025-11,Docs & Quickstarts,Docs & Quickstarts,70,A,true,false,10,Converted,2025-10-23,2025-11-10,2025-11-20,true,true,true,,,0,,U-007,ACC-1137,OPP-20251
LEAD-11274,2025-11-19,Solstice Digital,Procurement / Finance,Finance Director,United States,AMER,Organic Search,Product,CMP-015,Studio for Product Teams — AMER 2025-11,Organic Search,Organic Search,100,A,true,false,73,Converted,2025-11-25,2025-12-04,2025-12-13,true,true,true,,,2,,U-004,ACC-1090,OPP-20252
LEAD-11275,2025-09-22,Halcyon Gaming,Developer,Senior Backend Engineer,United States,AMER,Paid Search,Inbound Marketing,CMP-002,Studio for Product Teams — AMER 2025-08,Paid Search,Paid Search,62,B,false,false,0,Converted,2025-09-22,2025-10-13,2025-10-17,true,true,true,,2,4,U-023,U-002,ACC-1038,OPP-20253
LEAD-11276,2025-07-04,Wexler Care,Developer,Senior Backend Engineer,United States,AMER,Partner / Marketplace,Partner / Referral,CMP-044,Studio for Product Teams — AMER 2025-06,Partner / Marketplace,Paid Search,55,B,true,false,59,MQL,2025-07-13,,,true,false,false,,,1,,,,
LEAD-11277,2026-01-28,Harbor Labs,Engineering Leader,Director of Engineering,Singapore,APAC,AI Assistant Referral,Product,CMP-021,Latency Benchmark — LATAM 2025-09,AI Assistant Referral,AI Assistant Referral,82,A,true,true,98,Converted,2026-01-28,2026-02-20,2026-03-21,true,true,true,,,1,,U-008,ACC-1124,OPP-20254
LEAD-11278,2025-08-14,Tundra Retail,Developer,Software Engineer,Mexico,AMER,Paid Search,Product,CMP-006,AI Search Visibility — AMER 2026-02,Paid Search,Paid Search,67,B,true,false,73,Nurture,2025-08-29,,,true,false,false,,,2,,,,
LEAD-11279,2025-09-24,Aster Systems,CX / Support Leader,Director of Service Ops,Brazil,AMER,Conference,Product,CMP-035,Q3 Pipeline Push — EMEA 2026-05,Conference,Conference,45,C,true,true,72,MQL,2025-09-28,,,true,false,false,,,0,,,,
LEAD-11280,2025-05-28,Sable Freight,Developer,Staff Engineer,Mexico,AMER,Outbound Sequence,Outbound,CMP-041,Studio for Product Teams — AMER 2025-04,Outbound Sequence,Partner / Marketplace,32,C,false,false,0,New,,,,false,false,false,,2,3,U-024,,,
LEAD-11281,2025-04-05,Solstice Bank,Developer,Platform Engineer,UAE,EMEA,AI Assistant Referral,Inbound Marketing,CMP-020,Q3 Pipeline Push — AMER 2025-12,AI Assistant Referral,AI Assistant Referral,34,C,false,false,0,SQL,2025-04-25,2025-05-14,,true,true,false,,2,11,U-019,U-014,,
LEAD-11282,2026-05-09,Wexler Care,Product Manager,Product Manager,Canada,AMER,Docs & Quickstarts,Product,CMP-028,Migrate off Legacy SMS — AMER 2025-11,Docs & Quickstarts,Partner / Marketplace,80,A,true,false,29,Converted,2026-05-20,2026-05-29,2026-06-07,true,true,true,,,2,,U-007,ACC-1043,OPP-20255
LEAD-11283,2025-12-04,Sable Mobility,Product Manager,Product Manager,Indonesia,APAC,Paid Search,Inbound Marketing,CMP-004,Cut Your Deflection Cost — AMER 2025-11,Paid Search,AI Assistant Referral,98,A,false,false,0,Disqualified,,,,false,false,false,Student / hobby project,3,8,U-017,,,
LEAD-11284,2026-09-07,Rivet Bank,Developer,Software Engineer,United States,AMER,AI Assistant Referral,Product,CMP-022,Q3 Pipeline Push — AMER 2025-10,AI Assistant Referral,AI Assistant Referral,70,A,true,true,46,Nurture,2026-09-24,,,true,false,false,,,1,,,,
LEAD-11285,2026-03-08,Juniper Retail,Developer,Senior Backend Engineer,Canada,AMER,Outbound Sequence,Outbound,CMP-037,Verify Fraud Playbook — EMEA 2025-04,Outbound Sequence,Outbound Sequence,30,C,false,false,0,New,,,,false,false,false,,2,9,U-020,,,
LEAD-11286,2026-03-27,Rivet Health,Developer,Platform Engineer,Canada,AMER,Paid Search,Inbound Marketing,CMP-005,Migrate off Legacy SMS — AMER 2025-12,Paid Search,Paid Search,31,C,false,true,0,Working,,,,false,false,false,,3,9,U-016,,,
LEAD-11287,2025-05-14,Cinder Works,Engineering Leader,Head of Platform,Indonesia,APAC,Paid Search,Inbound Marketing,CMP-003,Voice Agents Launch — EMEA 2025-12,Paid Search,Paid Search,88,A,false,false,0,SQL,2025-06-04,2025-06-06,,true,true,false,,1,6,U-022,U-011,,
LEAD-11288,2026-01-21,Onyx Technologies,Developer,Staff Engineer,Canada,AMER,AI Assistant Referral,Product,CMP-019,Studio for Product Teams — APAC 2026-02,AI Assistant Referral,AI Assistant Referral,74,A,true,false,84,New,,,,false,false,false,,,2,,,,
LEAD-11289,2025-10-02,Zephyr Pay,Developer,Senior Backend Engineer,United States,AMER,Paid Social,Product,CMP-010,Migrate off Legacy SMS — LATAM 2025-06,Paid Social,Docs & Quickstarts,35,C,true,false,23,Working,,,,false,false,false,,,1,,,,
LEAD-11290,2025-10-12,Halcyon Gaming,Developer,Software Engineer,Argentina,LATAM,AI Assistant Referral,Inbound Marketing,CMP-021,Latency Benchmark — LATAM 2025-09,AI Assistant Referral,Partner / Marketplace,40,C,false,false,0,New,,,,false,false,false,,2,11,U-024,,,
LEAD-11291,2025-08-14,Juniper Insure,Developer,Senior Backend Engineer,Sweden,EMEA,Paid Search,Inbound Marketing,CMP-002,Studio for Product Teams — AMER 2025-08,Paid Search,Paid Search,38,C,false,false,0,New,,,,false,false,false,,1,5,U-027,,,
LEAD-11292,2025-07-16,Tundra Travel,Engineering Leader,CTO,Netherlands,EMEA,Organic Search,Product,CMP-014,Compliance & HIPAA — APAC 2025-09,Organic Search,Organic Search,50,B,true,true,35,Converted,2025-07-28,2025-08-12,2025-08-29,true,true,true,,,1,,U-005,ACC-1038,OPP-20256
LEAD-11293,2026-06-17,Umbra Works,Procurement / Finance,CFO,Australia,APAC,Developer Community,Product,CMP-029,Build a Support Agent — EMEA 2025-11,Developer Community,Outbound Sequence,70,A,true,false,92,SQL,2026-06-28,2026-07-22,,true,true,false,,,0,,U-012,,
LEAD-11294,2025-10-06,Juniper Group,Engineering Leader,VP Engineering,Canada,AMER,Outbound Sequence,Outbound,CMP-038,Migrate off Legacy SMS — AMER 2025-04,Outbound Sequence,Outbound Sequence,29,D,false,false,0,New,,,,false,false,false,,3,9,U-015,,,
LEAD-11295,2026-09-02,Kestrel Care,Developer,Software Engineer,Brazil,AMER,Organic Search,Inbound Marketing,CMP-015,Studio for Product Teams — AMER 2025-11,Organic Search,Conference,31,C,false,false,0,Disqualified,,,,false,false,false,Wrong geo,1,4,U-020,,,
LEAD-11296,2026-01-26,Meridian Freight,Procurement / Finance,CFO,Spain,EMEA,Docs & Quickstarts,Product,CMP-024,Verify Fraud Playbook — AMER 2025-05,Docs & Quickstarts,Docs & Quickstarts,95,A,true,false,56,Converted,2026-02-16,2026-03-04,2026-03-19,true,true,true,,,1,,U-014,ACC-1094,OPP-20257
LEAD-11297,2026-03-16,Beacon Group,Developer,Software Engineer,UAE,EMEA,Conference,Inbound Marketing,CMP-035,Q3 Pipeline Push — EMEA 2026-05,Conference,Conference,38,C,false,false,0,Working,,,,false,false,false,,2,9,U-027,,,
LEAD-11298,2025-08-13,Juniper Gaming,Engineering Leader,Director of Engineering,Mexico,AMER,Paid Search,Inbound Marketing,CMP-001,Copilot API Beta — AMER 2026-02,Paid Search,Paid Search,80,A,false,false,0,New,,,,false,false,false,,2,5,U-017,,,
LEAD-11299,2026-03-02,Onyx Group,CX / Support Leader,Contact Centre Manager,Brazil,AMER,Paid Social,Inbound Marketing,CMP-008,Developer Docs Refresh — EMEA 2026-02,Paid Social,Paid Social,38,C,false,false,0,Disqualified,,,,false,false,false,Duplicate,2,2,U-021,,,
LEAD-11300,2025-07-17,Dovetail Mobility,Engineering Leader,Head of Platform,United States,AMER,Organic Search,Product,CMP-017,Latency Benchmark — AMER 2026-05,Organic Search,Organic Search,100,A,true,true,53,MQL,2025-07-22,,,true,false,false,,,1,,,,
LEAD-11301,2025-05-03,Umbra Labs,Developer,Senior Backend Engineer,United States,AMER,Paid Search,Inbound Marketing,CMP-001,Copilot API Beta — AMER 2026-02,Paid Search,Paid Search,45,C,false,false,0,SQL,2025-05-17,2025-05-19,,true,true,false,,3,8,U-026,U-010,,
LEAD-11302,2026-08-01,Onyx Digital,CX / Support Leader,Director of Service Ops,Brazil,AMER,Customer Referral,Partner / Referral,CMP-045,Compliance & HIPAA — AMER 2025-09,Customer Referral,Customer Referral,93,A,false,false,0,SQL,2026-08-13,2026-09-02,,true,true,false,,1,11,U-018,U-004,,
LEAD-11303,2025-10-04,Orbital Cloud,Developer,Staff Engineer,Colombia,LATAM,Webinar,Product,CMP-033,Developer Docs Refresh — EMEA 2026-07,Webinar,Webinar,82,A,true,true,72,MQL,2025-10-05,,,true,false,false,,,2,,,,
LEAD-11304,2026-08-27,Beacon Group,Product Manager,Product Manager,UAE,EMEA,Paid Social,Product,CMP-007,Developer Docs Refresh — EMEA 2025-05,Paid Social,Paid Social,54,B,true,false,62,Working,,,,false,false,false,,,0,,,,
LEAD-11305,2025-10-17,Pallas Market,CX / Support Leader,Contact Centre Manager,Netherlands,EMEA,Paid Search,Inbound Marketing,CMP-004,Cut Your Deflection Cost — AMER 2025-11,Paid Search,Paid Search,70,A,false,true,0,SQL,2025-11-03,2025-11-17,,true,true,false,,7,11,U-016,U-009,,
LEAD-11306,2026-05-20,Cinder Logistics,Product Manager,Director of Product,United Kingdom,EMEA,Developer Community,Product,CMP-031,Developer Docs Refresh — EMEA 2026-07,Developer Community,Outbound Sequence,60,B,true,false,90,New,,,,false,false,false,,,0,,,,
LEAD-11307,2025-07-01,Quanta Market,Developer,Platform Engineer,Brazil,AMER,Partner / Marketplace,Partner / Referral,CMP-042,Migrate off Legacy SMS — AMER 2025-04,Partner / Marketplace,Developer Community,50,B,false,false,0,SQL,2025-07-05,2025-07-27,,true,true,false,,2,9,U-020,U-009,,
LEAD-11308,2026-01-09,Beacon Digital,Engineering Leader,Director of Engineering,Japan,APAC,Paid Search,Inbound Marketing,CMP-006,AI Search Visibility — AMER 2026-02,Paid Search,Paid Search,59,B,false,false,0,MQL,2026-01-29,,,true,false,false,,1,7,U-025,,,
LEAD-11309,2026-03-26,Dovetail Technologies,Developer,Senior Backend Engineer,Canada,AMER,Docs & Quickstarts,Inbound Marketing,CMP-023,Q3 Pipeline Push — AMER 2025-06,Docs & Quickstarts,Paid Social,52,B,false,false,0,Converted,2026-04-10,2026-04-19,2026-05-05,true,true,true,,2,10,U-020,U-006,ACC-1043,OPP-20258
LEAD-11310,2025-08-17,Solstice Mobility,Engineering Leader,Director of Engineering,Mexico,AMER,Docs & Quickstarts,Inbound Marketing,CMP-026,Studio for Product Teams — AMER 2025-08,Docs & Quickstarts,Docs & Quickstarts,70,A,false,false,0,Working,,,,false,false,false,,1,4,U-027,,,
LEAD-11311,2025-05-26,Ember Group,Engineering Leader,CTO,Sweden,EMEA,Organic Search,Product,CMP-014,Compliance & HIPAA — APAC 2025-09,Organic Search,Organic Search,84,A,true,true,49,SQL,2025-05-27,2025-06-21,,true,true,false,,,0,,U-008,,
LEAD-11312,2026-01-24,Tundra Systems,Procurement / Finance,Finance Director,United States,AMER,Outbound Sequence,Outbound,CMP-037,Verify Fraud Playbook — EMEA 2025-04,Outbound Sequence,Docs & Quickstarts,46,C,false,false,0,Working,,,,false,false,false,,3,4,U-016,,,
LEAD-11313,2026-09-06,Beacon Logistics,Product Manager,Senior PM,Germany,EMEA,Paid Search,Product,CMP-001,Copilot API Beta — AMER 2026-02,Paid Search,Partner / Marketplace,78,A,true,true,18,Converted,2026-09-14,2026-09-29,2026-10-19,true,true,true,,,2,,U-012,ACC-1102,OPP-20259
LEAD-11314,2026-07-27,Onyx Gaming,Procurement / Finance,Finance Director,Spain,EMEA,Developer Community,Product,CMP-030,Latency Benchmark — AMER 2025-08,Developer Community,Developer Community,68,B,true,true,25,SQL,2026-08-06,2026-08-21,,true,true,false,,,2,,U-007,,
LEAD-11315,2026-07-23,Lattice Technologies,Product Manager,Product Manager,United States,AMER,Partner / Marketplace,Partner / Referral,CMP-042,Migrate off Legacy SMS — AMER 2025-04,Partner / Marketplace,Paid Search,51,B,false,false,0,Disqualified,,,,false,false,false,Wrong geo,4,7,U-022,,,
LEAD-11316,2026-05-25,Sable Insure,Developer,Software Engineer,Brazil,AMER,Partner / Marketplace,Partner / Referral,CMP-044,Studio for Product Teams — AMER 2025-06,Partner / Marketplace,Partner / Marketplace,71,A,false,false,0,Nurture,2026-06-03,,,true,false,false,,0,1,U-024,,,
LEAD-11317,2026-03-14,Vantage Mobility,Procurement / Finance,Finance Director,United States,AMER,Developer Community,Inbound Marketing,CMP-031,Developer Docs Refresh — EMEA 2026-07,Developer Community,Developer Community,80,A,false,false,0,MQL,2026-03-26,,,true,false,false,,2,5,U-023,,,
LEAD-11318,2025-08-25,Ember Health,Engineering Leader,CTO,United States,AMER,Customer Referral,Partner / Referral,CMP-045,Compliance & HIPAA — AMER 2025-09,Customer Referral,Customer Referral,80,A,false,false,0,Converted,2025-09-10,2025-10-03,2025-10-13,true,true,true,,4,2,U-020,U-001,ACC-1072,OPP-20260
LEAD-11319,2025-11-19,Aster Health,Engineering Leader,VP Engineering,Canada,AMER,Partner / Marketplace,Partner / Referral,CMP-042,Migrate off Legacy SMS — AMER 2025-04,Partner / Marketplace,Partner / Marketplace,91,A,false,false,0,MQL,2025-11-22,,,true,false,false,,2,11,U-022,,,
LEAD-11320,2026-08-16,Beacon Bank,Engineering Leader,VP Engineering,France,EMEA,Conference,Inbound Marketing,CMP-035,Q3 Pipeline Push — EMEA 2026-05,Conference,Conference,57,B,false,false,0,MQL,2026-08-24,,,true,false,false,,1,8,U-024,,,
LEAD-11321,2026-06-01,Beacon Gaming,Developer,Platform Engineer,Canada,AMER,Paid Search,Inbound Marketing,CMP-003,Voice Agents Launch — EMEA 2025-12,Paid Search,Paid Search,61,B,false,false,0,Disqualified,,,,false,false,false,Went silent,3,8,U-023,,,
LEAD-11322,2026-07-13,Foundry Learning,Developer,Platform Engineer,Canada,AMER,Docs & Quickstarts,Product,CMP-023,Q3 Pipeline Push — AMER 2025-06,Docs & Quickstarts,Developer Community,44,C,true,false,93,MQL,2026-07-20,,,true,false,false,,,2,,,,
LEAD-11323,2025-06-12,Kestrel Technologies,Engineering Leader,CTO,Singapore,APAC,Organic Search,Product,CMP-018,Voice Agents Launch — AMER 2025-11,Organic Search,Organic Search,69,B,true,false,88,SQL,2025-06-17,2025-07-04,,true,true,false,,,1,,U-012,,
LEAD-11324,2025-11-04,Dovetail Pay,CX / Support Leader,Contact Centre Manager,Spain,EMEA,Partner / Marketplace,Partner / Referral,CMP-042,Migrate off Legacy SMS — AMER 2025-04,Partner / Marketplace,Organic Search,71,A,false,true,0,MQL,2025-11-08,,,true,false,false,,1,8,U-021,,,
LEAD-11325,2025-08-31,Onyx Gaming,Product Manager,Head of Product,Canada,AMER,Developer Community,Product,CMP-031,Developer Docs Refresh — EMEA 2026-07,Developer Community,Docs & Quickstarts,87,A,true,true,18,MQL,2025-09-09,,,true,false,false,,,1,,,,
LEAD-11326,2025-12-06,Beacon Pay,Product Manager,Senior PM,France,EMEA,Partner / Marketplace,Partner / Referral,CMP-042,Migrate off Legacy SMS — AMER 2025-04,Partner / Marketplace,Partner / Marketplace,79,A,true,true,2,Disqualified,,,,false,false,false,Duplicate,,2,,,,
LEAD-11327,2025-06-30,Zephyr Mobility,Engineering Leader,Director of Engineering,France,EMEA,Conference,Product,CMP-036,Compliance & HIPAA — AMER 2026-04,Conference,Conference,95,A,true,true,90,Working,,,,false,false,false,,,1,,,,
LEAD-11328,2026-05-01,Halcyon Mobility,Product Manager,Product Manager,India,APAC,Webinar,Inbound Marketing,CMP-034,Copilot API Beta — EMEA 2026-03,Webinar,Webinar,54,B,false,false,0,SQL,2026-05-16,2026-05-19,,true,true,false,,3,1,U-025,U-009,,
LEAD-11329,2026-03-26,Orbital Retail,Procurement / Finance,Procurement Manager,Netherlands,EMEA,Organic Search,Product,CMP-011,Developer Docs Refresh — LATAM 2025-04,Organic Search,Organic Search,97,A,true,true,43,Nurture,2026-04-03,,,true,false,false,,,0,,,,
LEAD-11330,2026-01-26,Sable Health,Developer,Staff Engineer,Germany,EMEA,Organic Search,Product,CMP-013,Verify Fraud Playbook — LATAM 2026-01,Organic Search,Organic Search,63,B,true,false,55,Converted,2026-02-01,2026-02-10,2026-03-10,true,true,true,,,1,,U-012,ACC-1073,OPP-20261
LEAD-11331,2026-06-24,Quanta Technologies,Engineering Leader,Director of Engineering,Japan,APAC,AI Assistant Referral,Product,CMP-021,Latency Benchmark — LATAM 2025-09,AI Assistant Referral,AI Assistant Referral,99,A,true,true,21,Converted,2026-06-27,2026-07-01,2026-07-31,true,true,true,,,1,,U-009,ACC-1104,OPP-20262
LEAD-11332,2025-12-16,Zephyr Group,Developer,Platform Engineer,Spain,EMEA,Paid Social,Inbound Marketing,CMP-009,Copilot API Beta — AMER 2026-01,Paid Social,Paid Social,22,D,false,false,0,New,,,,false,false,false,,3,5,U-026,,,
LEAD-11333,2026-03-09,Wexler Labs,Product Manager,Director of Product,Mexico,AMER,Paid Search,Inbound Marketing,CMP-002,Studio for Product Teams — AMER 2025-08,Paid Search,Paid Search,56,B,false,false,0,MQL,2026-03-09,,,true,false,false,,3,6,U-025,,,
LEAD-11334,2026-06-17,Lumen Market,Developer,Senior Backend Engineer,United States,AMER,Developer Community,Product,CMP-029,Build a Support Agent — EMEA 2025-11,Developer Community,Developer Community,68,B,true,true,83,Converted,2026-06-21,2026-07-17,2026-08-08,true,true,true,,,0,,U-006,ACC-1119,OPP-20263
LEAD-11335,2026-01-13,Cinder Pay,Developer,Staff Engineer,Germany,EMEA,Webinar,Inbound Marketing,CMP-034,Copilot API Beta — EMEA 2026-03,Webinar,Webinar,51,B,false,false,0,SQL,2026-02-01,2026-02-06,,true,true,false,,2,7,U-015,U-012,,
LEAD-11336,2026-05-31,North Market,Developer,Staff Engineer,Netherlands,EMEA,Organic Search,Product,CMP-015,Studio for Product Teams — AMER 2025-11,Organic Search,Organic Search,53,B,true,true,13,Working,,,,false,false,false,,,2,,,,
LEAD-11337,2025-12-02,Zephyr Works,Procurement / Finance,CFO,United States,AMER,Conference,Inbound Marketing,CMP-036,Compliance & HIPAA — AMER 2026-04,Conference,Conference,72,A,false,false,0,MQL,2025-12-11,,,true,false,false,,2,8,U-019,,,
LEAD-11338,2025-06-04,Dovetail Bank,Engineering Leader,Head of Platform,United States,AMER,Paid Search,Inbound Marketing,CMP-004,Cut Your Deflection Cost — AMER 2025-11,Paid Search,Paid Search,63,B,false,false,0,Working,,,,false,false,false,,3,1,U-020,,,
LEAD-11339,2026-08-12,Onyx Technologies,Developer,Staff Engineer,Brazil,AMER,Organic Search,Inbound Marketing,CMP-017,Latency Benchmark — AMER 2026-05,Organic Search,AI Assistant Referral,38,C,false,false,0,New,,,,false,false,false,,0,6,U-021,,,
LEAD-11340,2026-08-10,Wexler Technologies,Product Manager,Senior PM,Brazil,AMER,Paid Search,Product,CMP-001,Copilot API Beta — AMER 2026-02,Paid Search,Paid Search,78,A,true,true,56,Nurture,2026-08-14,,,true,false,false,,,2,,,,
LEAD-11341,2025-11-20,Meridian Market,Product Manager,Product Manager,United States,AMER,AI Assistant Referral,Product,CMP-019,Studio for Product Teams — APAC 2026-02,AI Assistant Referral,AI Assistant Referral,85,A,true,true,92,Disqualified,,,,false,false,false,Went silent,,2,,,,
LEAD-11342,2026-04-13,Foundry Care,Developer,Software Engineer,Australia,APAC,Organic Search,Product,CMP-017,Latency Benchmark — AMER 2026-05,Organic Search,Organic Search,61,B,true,true,23,MQL,2026-04-30,,,true,false,false,,,1,,,,
LEAD-11343,2026-05-04,Pallas Learning,Engineering Leader,CTO,Spain,EMEA,Docs & Quickstarts,Inbound Marketing,CMP-024,Verify Fraud Playbook — AMER 2025-05,Docs & Quickstarts,Docs & Quickstarts,70,A,false,false,0,Working,,,,false,false,false,,2,5,U-015,,,
LEAD-11344,2025-11-06,Foundry Retail,Procurement / Finance,Procurement Manager,Japan,APAC,Outbound Sequence,Outbound,CMP-037,Verify Fraud Playbook — EMEA 2025-04,Outbound Sequence,Outbound Sequence,49,C,false,false,0,MQL,2025-11-15,,,true,false,false,,1,9,U-024,,,
LEAD-11345,2026-07-11,Vertex Mobility,Engineering Leader,Head of Platform,UAE,EMEA,Organic Search,Product,CMP-018,Voice Agents Launch — AMER 2025-11,Organic Search,Organic Search,100,A,true,true,6,New,,,,false,false,false,,,0,,,,
LEAD-11346,2025-09-25,Kestrel Insure,CX / Support Leader,Contact Centre Manager,Canada,AMER,AI Assistant Referral,Product,CMP-022,Q3 Pipeline Push — AMER 2025-10,AI Assistant Referral,AI Assistant Referral,90,A,true,false,59,New,,,,false,false,false,,,2,,,,
LEAD-11347,2025-05-05,Rivet Cloud,Developer,Platform Engineer,Brazil,AMER,Outbound Sequence,Outbound,CMP-038,Migrate off Legacy SMS — AMER 2025-04,Outbound Sequence,Outbound Sequence,36,C,false,false,0,New,,,,false,false,false,,2,2,U-019,,,
LEAD-11348,2025-12-25,Cinder Learning,Developer,Platform Engineer,Brazil,AMER,Paid Social,Product,CMP-008,Developer Docs Refresh — EMEA 2026-02,Paid Social,Paid Social,57,B,true,true,84,MQL,2025-12-30,,,true,false,false,,,1,,,,
LEAD-11349,2025-09-11,Wexler Technologies,Developer,Platform Engineer,Singapore,APAC,Docs & Quickstarts,Product,CMP-026,Studio for Product Teams — AMER 2025-08,Docs & Quickstarts,Docs & Quickstarts,71,A,true,false,84,MQL,2025-09-25,,,true,false,false,,,2,,,,
LEAD-11350,2026-03-25,Vertex Technologies,CX / Support Leader,Director of Service Ops,Mexico,AMER,Conference,Inbound Marketing,CMP-035,Q3 Pipeline Push — EMEA 2026-05,Conference,Paid Search,59,B,false,false,0,Converted,2026-04-02,2026-04-28,2026-05-20,true,true,true,,3,4,U-018,U-012,ACC-1087,OPP-20264
LEAD-11351,2025-06-26,Pallas Insure,Procurement / Finance,Head of Vendor Management,Chile,LATAM,AI Assistant Referral,Inbound Marketing,CMP-019,Studio for Product Teams — APAC 2026-02,AI Assistant Referral,AI Assistant Referral,78,A,false,false,0,Converted,2025-06-27,2025-07-22,2025-07-26,true,true,true,,4,9,U-020,U-004,ACC-1055,OPP-20265
LEAD-11352,2025-04-26,Juniper Systems,Developer,Platform Engineer,United States,AMER,Organic Search,Product,CMP-017,Latency Benchmark — AMER 2026-05,Organic Search,Organic Search,68,B,true,false,8,SQL,2025-05-12,2025-05-23,,true,true,false,,,2,,U-012,,
LEAD-11353,2025-10-19,Foundry Logistics,Procurement / Finance,Procurement Manager,Australia,APAC,Organic Search,Inbound Marketing,CMP-018,Voice Agents Launch — AMER 2025-11,Organic Search,Organic Search,71,A,false,true,0,Converted,2025-10-28,2025-11-18,2025-12-12,true,true,true,,4,10,U-022,U-011,ACC-1086,OPP-20266
LEAD-11354,2025-08-13,Sable Mobility,Developer,Software Engineer,Brazil,AMER,Docs & Quickstarts,Product,CMP-024,Verify Fraud Playbook — AMER 2025-05,Docs & Quickstarts,Docs & Quickstarts,64,B,true,true,96,MQL,2025-08-15,,,true,false,false,,,0,,,,
LEAD-11355,2025-05-16,Zephyr Cloud,CX / Support Leader,Director of Service Ops,United States,AMER,Paid Search,Inbound Marketing,CMP-001,Copilot API Beta — AMER 2026-02,Paid Search,Outbound Sequence,63,B,false,false,0,MQL,2025-05-30,,,true,false,false,,2,3,U-022,,,
LEAD-11356,2025-12-26,Lumen Gaming,Product Manager,Head of Product,Brazil,AMER,Developer Community,Product,CMP-030,Latency Benchmark — AMER 2025-08,Developer Community,Paid Search,59,B,true,true,0,MQL,2025-12-29,,,true,false,false,,,0,,,,
LEAD-11357,2025-07-01,Umbra Works,Product Manager,Head of Product,Singapore,APAC,Conference,Inbound Marketing,CMP-035,Q3 Pipeline Push — EMEA 2026-05,Conference,Conference,49,C,false,false,0,MQL,2025-07-19,,,true,false,false,,1,8,U-023,,,
LEAD-11358,2026-07-12,Onyx Retail,Developer,Platform Engineer,Singapore,APAC,Outbound Sequence,Outbound,CMP-037,Verify Fraud Playbook — EMEA 2025-04,Outbound Sequence,Outbound Sequence,25,D,false,false,0,Working,,,,false,false,false,,3,4,U-021,,,
LEAD-11359,2026-03-16,Aster Mobility,Engineering Leader,CTO,Brazil,AMER,Webinar,Inbound Marketing,CMP-032,Copilot API Beta — AMER 2025-12,Webinar,Webinar,54,B,false,false,0,SQL,2026-03-17,2026-03-23,,true,true,false,,2,1,U-021,U-004,,
LEAD-11360,2025-11-22,Wexler Health,CX / Support Leader,Contact Centre Manager,Indonesia,APAC,Webinar,Inbound Marketing,CMP-034,Copilot API Beta — EMEA 2026-03,Webinar,Webinar,48,C,false,false,0,MQL,2025-11-26,,,true,false,false,,5,7,U-020,,,
LEAD-11361,2025-06-28,Dovetail Systems,Product Manager,Senior PM,Brazil,AMER,Organic Search,Product,CMP-016,Q3 Pipeline Push — AMER 2026-04,Organic Search,Organic Search,82,A,true,true,59,MQL,2025-07-12,,,true,false,false,,,2,,,,
LEAD-11362,2026-01-08,Aster Insure,Product Manager,Director of Product,Spain,EMEA,Paid Search,Product,CMP-001,Copilot API Beta — AMER 2026-02,Paid Search,Organic Search,58,B,true,true,90,Converted,2026-01-26,2026-02-13,2026-03-10,true,true,true,,,0,,U-002,ACC-1010,OPP-20267
LEAD-11363,2025-09-12,Wexler Cloud,Product Manager,Senior PM,Mexico,AMER,Organic Search,Product,CMP-014,Compliance & HIPAA — APAC 2025-09,Organic Search,Organic Search,69,B,true,false,11,Working,,,,false,false,false,,,0,,,,
LEAD-11364,2026-08-26,Solstice Gaming,Engineering Leader,CTO,Mexico,AMER,Paid Search,Inbound Marketing,CMP-002,Studio for Product Teams — AMER 2025-08,Paid Search,Paid Social,65,B,false,false,0,SQL,2026-09-15,2026-10-09,,true,true,false,,4,9,U-021,U-013,,
LEAD-11365,2025-08-30,Kestrel Mobility,CX / Support Leader,VP Customer Experience,France,EMEA,Paid Search,Inbound Marketing,CMP-006,AI Search Visibility — AMER 2026-02,Paid Search,Paid Search,59,B,false,false,0,MQL,2025-09-05,,,true,false,false,,0,1,U-018,,,
LEAD-11366,2025-12-26,Vantage Logistics,Developer,Senior Backend Engineer,Canada,AMER,Customer Referral,Partner / Referral,CMP-045,Compliance & HIPAA — AMER 2025-09,Customer Referral,Customer Referral,59,B,true,true,27,SQL,2026-01-03,2026-01-04,,true,true,false,,,0,,U-007,,
LEAD-11367,2025-10-08,Aster Pay,Procurement / Finance,Finance Director,Chile,LATAM,Paid Social,Product,CMP-010,Migrate off Legacy SMS — LATAM 2025-06,Paid Social,Paid Social,79,A,true,true,60,Nurture,2025-10-22,,,true,false,false,,,2,,,,
LEAD-11368,2026-06-06,Kestrel Logistics,Procurement / Finance,Procurement Manager,Mexico,AMER,Outbound Sequence,Outbound,CMP-041,Studio for Product Teams — AMER 2025-04,Outbound Sequence,Outbound Sequence,72,A,false,false,0,SQL,2026-06-11,2026-07-04,,true,true,false,,4,9,U-025,U-014,,
LEAD-11369,2025-05-15,Sable Insure,Developer,Staff Engineer,Japan,APAC,Organic Search,Inbound Marketing,CMP-016,Q3 Pipeline Push — AMER 2026-04,Organic Search,Organic Search,45,C,false,false,0,Working,,,,false,false,false,,5,9,U-025,,,
LEAD-11370,2025-10-24,Lumen Group,CX / Support Leader,VP Customer Experience,Canada,AMER,Paid Search,Product,CMP-005,Migrate off Legacy SMS — AMER 2025-12,Paid Search,Docs & Quickstarts,89,A,true,true,20,MQL,2025-11-05,,,true,false,false,,,1,,,,
LEAD-11371,2025-07-01,Cinder Retail,Developer,Platform Engineer,United States,AMER,Docs & Quickstarts,Product,CMP-027,Cut Your Deflection Cost — APAC 2025-05,Docs & Quickstarts,Customer Referral,73,A,true,true,36,Converted,2025-07-10,2025-07-14,2025-08-01,true,true,true,,,0,,U-013,ACC-1106,OPP-20268
LEAD-11372,2026-05-01,Cobalt Travel,Developer,Platform Engineer,Mexico,AMER,Docs & Quickstarts,Product,CMP-028,Migrate off Legacy SMS — AMER 2025-11,Docs & Quickstarts,Docs & Quickstarts,79,A,true,true,0,MQL,2026-05-16,,,true,false,false,,,1,,,,
LEAD-11373,2026-08-02,Tundra Market,Engineering Leader,VP Engineering,United States,AMER,Outbound Sequence,Outbound,CMP-041,Studio for Product Teams — AMER 2025-04,Outbound Sequence,Outbound Sequence,48,C,false,false,0,Working,,,,false,false,false,,4,5,U-018,,,
LEAD-11374,2026-03-22,Foundry Freight,Product Manager,Product Manager,Canada,AMER,Paid Social,Product,CMP-009,Copilot API Beta — AMER 2026-01,Paid Social,Paid Social,39,C,true,true,19,Working,,,,false,false,false,,,1,,,,
LEAD-11375,2026-01-27,Quanta Care,Procurement / Finance,Finance Director,United Kingdom,EMEA,Organic Search,Product,CMP-011,Developer Docs Refresh — LATAM 2025-04,Organic Search,Organic Search,81,A,true,false,55,SQL,2026-02-14,2026-02-16,,true,true,false,,,2,,U-002,,
LEAD-11376,2026-09-04,Lumen Group,Developer,Software Engineer,Japan,APAC,Paid Search,Inbound Marketing,CMP-006,AI Search Visibility — AMER 2026-02,Paid Search,AI Assistant Referral,43,C,false,false,0,Converted,2026-09-10,2026-09-21,2026-10-20,true,true,true,,2,2,U-024,U-013,ACC-1015,OPP-20269
LEAD-11377,2025-12-18,Cobalt Systems,Engineering Leader,CTO,Spain,EMEA,Customer Referral,Partner / Referral,CMP-045,Compliance & HIPAA — AMER 2025-09,Customer Referral,Conference,91,A,false,true,0,SQL,2026-01-08,2026-01-21,,true,true,false,,3,1,U-018,U-008,,
LEAD-11378,2026-04-02,Quanta Labs,Engineering Leader,Head of Platform,Germany,EMEA,Paid Search,Inbound Marketing,CMP-005,Migrate off Legacy SMS — AMER 2025-12,Paid Search,Paid Search,88,A,false,false,0,SQL,2026-04-11,2026-04-17,,true,true,false,,4,3,U-018,U-011,,
LEAD-11379,2025-07-07,Lumen Digital,Procurement / Finance,Head of Vendor Management,Chile,LATAM,AI Assistant Referral,Inbound Marketing,CMP-021,Latency Benchmark — LATAM 2025-09,AI Assistant Referral,AI Assistant Referral,58,B,false,false,0,Working,,,,false,false,false,,0,6,U-023,,,
LEAD-11380,2026-07-10,Solstice Labs,CX / Support Leader,Contact Centre Manager,India,APAC,Paid Search,Product,CMP-006,AI Search Visibility — AMER 2026-02,Paid Search,Docs & Quickstarts,95,A,true,true,49,Disqualified,,,,false,false,false,No use case,,2,,,,
LEAD-11381,2026-06-29,Sable Logistics,Developer,Senior Backend Engineer,United States,AMER,AI Assistant Referral,Inbound Marketing,CMP-022,Q3 Pipeline Push — AMER 2025-10,AI Assistant Referral,AI Assistant Referral,43,C,false,false,0,Disqualified,,,,false,false,false,Duplicate,2,1,U-018,,,
LEAD-11382,2025-12-15,Cinder Retail,Developer,Senior Backend Engineer,Sweden,EMEA,Partner / Marketplace,Partner / Referral,CMP-044,Studio for Product Teams — AMER 2025-06,Partner / Marketplace,Partner / Marketplace,66,B,true,true,47,Converted,2025-12-21,2026-01-03,2026-02-03,true,true,true,,,0,,U-011,ACC-1053,OPP-20270
LEAD-11383,2025-09-16,Lumen Logistics,Product Manager,Product Manager,Germany,EMEA,AI Assistant Referral,Inbound Marketing,CMP-019,Studio for Product Teams — APAC 2026-02,AI Assistant Referral,AI Assistant Referral,71,A,false,false,0,MQL,2025-09-24,,,true,false,false,,0,1,U-021,,,
LEAD-11384,2025-10-16,North Systems,Developer,Software Engineer,United States,AMER,Paid Search,Inbound Marketing,CMP-003,Voice Agents Launch — EMEA 2025-12,Paid Search,Paid Search,39,C,false,false,0,Nurture,2025-10-31,,,true,false,false,,2,1,U-017,,,
LEAD-11385,2026-06-01,Onyx Learning,Developer,Platform Engineer,Mexico,AMER,Paid Search,Inbound Marketing,CMP-006,AI Search Visibility — AMER 2026-02,Paid Search,Paid Search,37,C,false,false,0,Working,,,,false,false,false,,2,5,U-023,,,
LEAD-11386,2026-04-01,Dovetail Freight,Product Manager,Head of Product,Australia,APAC,AI Assistant Referral,Product,CMP-019,Studio for Product Teams — APAC 2026-02,AI Assistant Referral,AI Assistant Referral,71,A,true,true,53,Nurture,2026-04-10,,,true,false,false,,,2,,,,
LEAD-11387,2025-08-24,Lumen Works,Product Manager,Senior PM,United States,AMER,Partner / Marketplace,Partner / Referral,CMP-042,Migrate off Legacy SMS — AMER 2025-04,Partner / Marketplace,Partner / Marketplace,70,A,true,false,51,SQL,2025-09-06,2025-09-29,,true,true,false,,,0,,U-012,,
LEAD-11388,2026-05-11,Zephyr Bank,CX / Support Leader,Director of Service Ops,Brazil,AMER,Paid Search,Product,CMP-005,Migrate off Legacy SMS — AMER 2025-12,Paid Search,Partner / Marketplace,79,A,true,true,2,Converted,2026-05-24,2026-05-31,2026-06-03,true,true,true,,,0,,U-013,ACC-1129,OPP-20271
LEAD-11389,2025-07-14,Cobalt Health,Engineering Leader,Director of Engineering,United Kingdom,EMEA,Docs & Quickstarts,Inbound Marketing,CMP-023,Q3 Pipeline Push — AMER 2025-06,Docs & Quickstarts,Docs & Quickstarts,49,C,false,false,0,MQL,2025-07-25,,,true,false,false,,2,9,U-016,,,
LEAD-11390,2025-06-21,North Travel,Developer,Software Engineer,Canada,AMER,Organic Search,Product,CMP-018,Voice Agents Launch — AMER 2025-11,Organic Search,Webinar,49,C,true,true,39,Disqualified,,,,false,false,false,Competitor,,2,,,,
LEAD-11391,2026-03-13,Tundra Freight,Engineering Leader,Director of Engineering,India,APAC,Outbound Sequence,Outbound,CMP-038,Migrate off Legacy SMS — AMER 2025-04,Outbound Sequence,Outbound Sequence,55,B,false,false,0,SQL,2026-03-27,2026-04-04,,true,true,false,,5,2,U-017,U-010,,
LEAD-11392,2026-05-28,Onyx Mobility,Developer,Software Engineer,Canada,AMER,Organic Search,Inbound Marketing,CMP-014,Compliance & HIPAA — APAC 2025-09,Organic Search,Organic Search,51,B,false,false,0,MQL,2026-05-29,,,true,false,false,,4,1,U-027,,,
LEAD-11393,2025-06-29,Ember Freight,CX / Support Leader,Contact Centre Manager,Indonesia,APAC,Docs & Quickstarts,Product,CMP-027,Cut Your Deflection Cost — APAC 2025-05,Docs & Quickstarts,Docs & Quickstarts,81,A,true,true,2,MQL,2025-07-12,,,true,false,false,,,0,,,,
LEAD-11394,2026-07-15,Foundry Gaming,CX / Support Leader,Director of Service Ops,United Kingdom,EMEA,Webinar,Inbound Marketing,CMP-034,Copilot API Beta — EMEA 2026-03,Webinar,Partner / Marketplace,72,A,false,false,0,MQL,2026-07-27,,,true,false,false,,4,3,U-023,,,
LEAD-11395,2025-12-01,Lumen Labs,Product Manager,Senior PM,Canada,AMER,Docs & Quickstarts,Product,CMP-028,Migrate off Legacy SMS — AMER 2025-11,Docs & Quickstarts,Paid Search,87,A,true,true,71,Nurture,2025-12-09,,,true,false,false,,,2,,,,
LEAD-11396,2025-08-24,Wexler Insure,Product Manager,Head of Product,Indonesia,APAC,Conference,Product,CMP-036,Compliance & HIPAA — AMER 2026-04,Conference,Conference,75,A,true,true,38,MQL,2025-09-05,,,true,false,false,,,0,,,,
LEAD-11397,2026-06-07,Umbra Insure,Developer,Software Engineer,Germany,EMEA,Organic Search,Inbound Marketing,CMP-013,Verify Fraud Playbook — LATAM 2026-01,Organic Search,Organic Search,31,C,false,false,0,Disqualified,,,,false,false,false,Student / hobby project,4,1,U-015,,,
LEAD-11398,2025-04-04,Dovetail Freight,Engineering Leader,VP Engineering,Mexico,AMER,Outbound Sequence,Outbound,CMP-037,Verify Fraud Playbook — EMEA 2025-04,Outbound Sequence,Outbound Sequence,44,C,false,false,0,Converted,2025-04-04,2025-04-30,2025-05-28,true,true,true,,6,9,U-021,U-009,ACC-1139,OPP-20272
LEAD-11399,2025-07-11,Sable Learning,Engineering Leader,Head of Platform,Brazil,AMER,Organic Search,Product,CMP-016,Q3 Pipeline Push — AMER 2026-04,Organic Search,Conference,72,A,true,false,55,Nurture,2025-07-15,,,true,false,false,,,2,,,,
LEAD-11400,2025-07-19,Foundry Bank,Developer,Platform Engineer,Canada,AMER,Paid Search,Inbound Marketing,CMP-002,Studio for Product Teams — AMER 2025-08,Paid Search,Paid Social,56,B,false,false,0,MQL,2025-08-09,,,true,false,false,,1,7,U-017,,,
LEAD-11401,2025-08-28,Onyx Learning,CX / Support Leader,Director of Service Ops,Canada,AMER,Docs & Quickstarts,Product,CMP-024,Verify Fraud Playbook — AMER 2025-05,Docs & Quickstarts,Partner / Marketplace,90,A,true,true,44,Working,,,,false,false,false,,,0,,,,
LEAD-11402,2026-09-06,Quanta Cloud,CX / Support Leader,Director of Service Ops,Mexico,AMER,Partner / Marketplace,Partner / Referral,CMP-043,Latency Benchmark — APAC 2026-01,Partner / Marketplace,Partner / Marketplace,93,A,true,true,64,New,,,,false,false,false,,,0,,,,
LEAD-11403,2025-10-30,Aster Labs,Engineering Leader,CTO,Brazil,AMER,Paid Social,Product,CMP-008,Developer Docs Refresh — EMEA 2026-02,Paid Social,Paid Social,49,C,true,true,65,Converted,2025-11-04,2025-11-09,2025-11-29,true,true,true,,,1,,U-005,ACC-1061,OPP-20273
LEAD-11404,2025-08-13,Sable Bank,Developer,Senior Backend Engineer,Brazil,AMER,Paid Search,Inbound Marketing,CMP-001,Copilot API Beta — AMER 2026-02,Paid Search,Developer Community,45,C,false,false,0,Converted,2025-08-22,2025-09-02,2025-09-26,true,true,true,,2,9,U-024,U-001,ACC-1112,OPP-20274
LEAD-11405,2025-05-19,Onyx Learning,Developer,Platform Engineer,Singapore,APAC,Outbound Sequence,Outbound,CMP-040,AI Search Visibility — AMER 2026-05,Outbound Sequence,Outbound Sequence,4,D,false,false,0,Working,,,,false,false,false,,2,8,U-026,,,
LEAD-11406,2025-05-03,Meridian Bank,Developer,Software Engineer,United States,AMER,Organic Search,Inbound Marketing,CMP-016,Q3 Pipeline Push — AMER 2026-04,Organic Search,Conference,68,B,false,false,0,SQL,2025-05-22,2025-06-12,,true,true,false,,2,2,U-023,U-012,,
LEAD-11407,2025-11-05,Wexler Labs,Procurement / Finance,CFO,Netherlands,EMEA,Paid Social,Inbound Marketing,CMP-010,Migrate off Legacy SMS — LATAM 2025-06,Paid Social,Paid Social,63,B,false,false,0,SQL,2025-11-25,2025-12-17,,true,true,false,,4,6,U-015,U-007,,
LEAD-11408,2026-06-13,Wexler Care,Developer,Staff Engineer,Singapore,APAC,Conference,Inbound Marketing,CMP-036,Compliance & HIPAA — AMER 2026-04,Conference,Organic Search,53,B,false,false,0,MQL,2026-06-18,,,true,false,false,,2,10,U-015,,,
LEAD-11409,2026-01-30,Pallas Group,Procurement / Finance,Procurement Manager,France,EMEA,Organic Search,Inbound Marketing,CMP-018,Voice Agents Launch — AMER 2025-11,Organic Search,Organic Search,100,A,false,false,0,New,,,,false,false,false,,2,6,U-022,,,
LEAD-11410,2026-06-08,Quanta Freight,Product Manager,Head of Product,Brazil,AMER,Organic Search,Inbound Marketing,CMP-015,Studio for Product Teams — AMER 2025-11,Organic Search,Partner / Marketplace,55,B,false,false,0,New,,,,false,false,false,,0,1,U-027,,,
LEAD-11411,2026-05-03,Lumen Learning,Product Manager,Director of Product,Germany,EMEA,Docs & Quickstarts,Product,CMP-027,Cut Your Deflection Cost — APAC 2025-05,Docs & Quickstarts,Organic Search,74,A,true,true,84,MQL,2026-05-12,,,true,false,false,,,2,,,,
LEAD-11412,2025-07-14,Harbor Care,Engineering Leader,CTO,France,EMEA,Outbound Sequence,Outbound,CMP-040,AI Search Visibility — AMER 2026-05,Outbound Sequence,Paid Search,28,D,false,false,0,Disqualified,,,,false,false,false,Went silent,0,3,U-017,,,
LEAD-11413,2025-07-19,Orbital Cloud,Developer,Software Engineer,Sweden,EMEA,Organic Search,Inbound Marketing,CMP-017,Latency Benchmark — AMER 2026-05,Organic Search,Organic Search,37,C,false,false,0,Working,,,,false,false,false,,2,7,U-027,,,
LEAD-11414,2026-08-21,Kestrel Cloud,CX / Support Leader,VP Customer Experience,Spain,EMEA,Webinar,Inbound Marketing,CMP-033,Developer Docs Refresh — EMEA 2026-07,Webinar,Webinar,65,B,false,false,0,Disqualified,,,,false,false,false,No use case,3,11,U-022,,,
LEAD-11415,2026-07-19,Beacon Cloud,CX / Support Leader,Contact Centre Manager,United States,AMER,Outbound Sequence,Outbound,CMP-038,Migrate off Legacy SMS — AMER 2025-04,Outbound Sequence,Developer Community,35,C,false,false,0,Nurture,2026-07-24,,,true,false,false,,3,6,U-024,,,
LEAD-11416,2026-06-23,Juniper Insure,Engineering Leader,CTO,Canada,AMER,AI Assistant Referral,Inbound Marketing,CMP-021,Latency Benchmark — LATAM 2025-09,AI Assistant Referral,AI Assistant Referral,74,A,false,false,0,Working,,,,false,false,false,,0,9,U-015,,,
LEAD-11417,2025-10-17,Solstice Cloud,Engineering Leader,CTO,Spain,EMEA,Conference,Inbound Marketing,CMP-035,Q3 Pipeline Push — EMEA 2026-05,Conference,AI Assistant Referral,62,B,false,true,0,SQL,2025-10-29,2025-11-01,,true,true,false,,2,9,U-017,U-008,,
LEAD-11418,2025-12-27,Onyx Pay,Developer,Senior Backend Engineer,Japan,APAC,Conference,Inbound Marketing,CMP-035,Q3 Pipeline Push — EMEA 2026-05,Conference,Conference,31,C,false,false,0,Working,,,,false,false,false,,2,11,U-025,,,
LEAD-11419,2025-06-23,Quanta Labs,Developer,Staff Engineer,Singapore,APAC,Outbound Sequence,Outbound,CMP-040,AI Search Visibility — AMER 2026-05,Outbound Sequence,Customer Referral,38,C,false,true,0,Disqualified,,,,false,false,false,Wrong geo,2,4,U-026,,,
LEAD-11420,2026-07-02,Foundry Systems,Engineering Leader,VP Engineering,Australia,APAC,Paid Social,Product,CMP-008,Developer Docs Refresh — EMEA 2026-02,Paid Social,Developer Community,46,C,true,true,46,Nurture,2026-07-14,,,true,false,false,,,0,,,,
LEAD-11421,2025-05-20,Beacon Gaming,Procurement / Finance,Finance Director,Canada,AMER,Developer Community,Product,CMP-029,Build a Support Agent — EMEA 2025-11,Developer Community,AI Assistant Referral,73,A,true,false,17,SQL,2025-06-02,2025-06-19,,true,true,false,,,2,,U-008,,
LEAD-11422,2026-03-28,Meridian Travel,Developer,Senior Backend Engineer,Mexico,AMER,Docs & Quickstarts,Product,CMP-023,Q3 Pipeline Push — AMER 2025-06,Docs & Quickstarts,Webinar,60,B,true,true,44,MQL,2026-04-11,,,true,false,false,,,0,,,,
LEAD-11423,2025-11-30,Zephyr Market,Developer,Platform Engineer,Brazil,AMER,Organic Search,Inbound Marketing,CMP-011,Developer Docs Refresh — LATAM 2025-04,Organic Search,Docs & Quickstarts,68,B,false,true,0,MQL,2025-12-10,,,true,false,false,,3,10,U-015,,,
LEAD-11424,2025-11-28,Harbor Care,Product Manager,Senior PM,Mexico,AMER,Paid Social,Product,CMP-009,Copilot API Beta — AMER 2026-01,Paid Social,Paid Social,49,C,true,false,61,MQL,2025-12-04,,,true,false,false,,,2,,,,
LEAD-11425,2025-10-23,Quanta Works,Engineering Leader,CTO,India,APAC,Paid Social,Product,CMP-007,Developer Docs Refresh — EMEA 2025-05,Paid Social,Webinar,50,B,true,true,48,Converted,2025-11-06,2025-11-27,2025-12-25,true,true,true,,,2,,U-005,ACC-1069,OPP-20275
LEAD-11426,2025-11-12,Vantage Retail,Developer,Software Engineer,India,APAC,Customer Referral,Partner / Referral,CMP-045,Compliance & HIPAA — AMER 2025-09,Customer Referral,Customer Referral,56,B,false,false,0,SQL,2025-11-13,2025-11-28,,true,true,false,,2,3,U-023,U-014,,
LEAD-11427,2026-06-03,Vantage Works,Developer,Staff Engineer,Australia,APAC,Paid Social,Inbound Marketing,CMP-008,Developer Docs Refresh — EMEA 2026-02,Paid Social,Organic Search,42,C,false,false,0,Disqualified,,,,false,false,false,Student / hobby project,3,10,U-018,,,
LEAD-11428,2026-05-04,Halcyon Cloud,Engineering Leader,VP Engineering,Singapore,APAC,Paid Search,Inbound Marketing,CMP-001,Copilot API Beta — AMER 2026-02,Paid Search,Paid Search,76,A,false,false,0,Nurture,2026-05-19,,,true,false,false,,2,11,U-020,,,
LEAD-11429,2026-08-22,Dovetail Systems,CX / Support Leader,Contact Centre Manager,United States,AMER,Conference,Inbound Marketing,CMP-036,Compliance & HIPAA — AMER 2026-04,Conference,Paid Search,73,A,false,false,0,Working,,,,false,false,false,,0,10,U-026,,,
LEAD-11430,2025-10-03,Meridian Digital,Developer,Senior Backend Engineer,United States,AMER,Paid Social,Product,CMP-007,Developer Docs Refresh — EMEA 2025-05,Paid Social,Paid Social,66,B,true,false,53,Working,,,,false,false,false,,,2,,,,
LEAD-11431,2025-05-14,Cobalt Labs,Engineering Leader,CTO,Spain,EMEA,Docs & Quickstarts,Inbound Marketing,CMP-023,Q3 Pipeline Push — AMER 2025-06,Docs & Quickstarts,Paid Search,86,A,false,false,0,Converted,2025-06-04,2025-06-06,2025-06-12,true,true,true,,2,4,U-024,U-003,ACC-1110,OPP-20276
LEAD-11432,2025-07-07,Sable Systems,Procurement / Finance,Finance Director,Japan,APAC,Docs & Quickstarts,Product,CMP-026,Studio for Product Teams — AMER 2025-08,Docs & Quickstarts,Docs & Quickstarts,100,A,true,false,41,Converted,2025-07-14,2025-07-28,2025-08-19,true,true,true,,,1,,U-007,ACC-1028,OPP-20277
LEAD-11433,2026-09-12,Lattice Mobility,Engineering Leader,VP Engineering,Brazil,AMER,Organic Search,Inbound Marketing,CMP-015,Studio for Product Teams — AMER 2025-11,Organic Search,Customer Referral,88,A,false,false,0,MQL,2026-10-01,,,true,false,false,,3,8,U-027,,,
LEAD-11434,2026-09-02,Onyx Mobility,CX / Support Leader,Head of Support,United States,AMER,AI Assistant Referral,Product,CMP-021,Latency Benchmark — LATAM 2025-09,AI Assistant Referral,Developer Community,100,A,true,true,68,MQL,2026-09-05,,,true,false,false,,,0,,,,
LEAD-11435,2026-02-28,Meridian Logistics,Product Manager,Head of Product,Indonesia,APAC,Outbound Sequence,Outbound,CMP-039,Studio for Product Teams — EMEA 2026-02,Outbound Sequence,Organic Search,38,C,false,false,0,Disqualified,,,,false,false,false,Student / hobby project,2,11,U-023,,,
LEAD-11436,2026-07-09,Foundry Learning,Developer,Staff Engineer,Japan,APAC,Outbound Sequence,Outbound,CMP-040,AI Search Visibility — AMER 2026-05,Outbound Sequence,Outbound Sequence,21,D,false,false,0,Disqualified,,,,false,false,false,No use case,2,5,U-015,,,
LEAD-11437,2026-03-15,Foundry Pay,CX / Support Leader,Director of Service Ops,Brazil,AMER,Partner / Marketplace,Partner / Referral,CMP-042,Migrate off Legacy SMS — AMER 2025-04,Partner / Marketplace,Partner / Marketplace,80,A,true,false,85,MQL,2026-03-29,,,true,false,false,,,2,,,,
LEAD-11438,2025-11-05,Wexler Gaming,Engineering Leader,Head of Platform,Germany,EMEA,Partner / Marketplace,Partner / Referral,CMP-042,Migrate off Legacy SMS — AMER 2025-04,Partner / Marketplace,Paid Social,69,B,false,false,0,SQL,2025-11-25,2025-12-08,,true,true,false,,2,7,U-026,U-009,,
LEAD-11439,2026-03-15,Lattice Group,Developer,Platform Engineer,Brazil,AMER,Docs & Quickstarts,Inbound Marketing,CMP-027,Cut Your Deflection Cost — APAC 2025-05,Docs & Quickstarts,Docs & Quickstarts,62,B,false,true,0,MQL,2026-03-31,,,true,false,false,,1,7,U-017,,,
LEAD-11440,2025-10-03,Cinder Cloud,Engineering Leader,CTO,United States,AMER,Conference,Inbound Marketing,CMP-036,Compliance & HIPAA — AMER 2026-04,Conference,Conference,63,B,false,false,0,MQL,2025-10-11,,,true,false,false,,2,4,U-020,,,
LEAD-11441,2026-02-02,Halcyon Labs,Engineering Leader,VP Engineering,Canada,AMER,Docs & Quickstarts,Product,CMP-025,Migrate off Legacy SMS — EMEA 2025-09,Docs & Quickstarts,Docs & Quickstarts,87,A,true,true,70,Converted,2026-02-19,2026-03-07,2026-03-09,true,true,true,,,2,,U-012,ACC-1051,OPP-20278
LEAD-11442,2025-12-19,Orbital Labs,Product Manager,Director of Product,Canada,AMER,AI Assistant Referral,Product,CMP-019,Studio for Product Teams — APAC 2026-02,AI Assistant Referral,AI Assistant Referral,92,A,true,false,25,MQL,2025-12-20,,,true,false,false,,,1,,,,
LEAD-11443,2026-05-01,Vantage Works,Engineering Leader,CTO,United States,AMER,Outbound Sequence,Outbound,CMP-039,Studio for Product Teams — EMEA 2026-02,Outbound Sequence,Outbound Sequence,52,B,true,false,35,Working,,,,false,false,false,,2,8,U-021,,,
LEAD-11444,2026-07-13,Umbra Technologies,CX / Support Leader,Head of Support,Japan,APAC,Organic Search,Product,CMP-018,Voice Agents Launch — AMER 2025-11,Organic Search,Organic Search,89,A,true,false,96,Converted,2026-07-29,2026-08-13,2026-09-12,true,true,true,,,0,,U-003,ACC-1018,OPP-20279
LEAD-11445,2026-02-22,Beacon Bank,Procurement / Finance,Procurement Manager,United States,AMER,Outbound Sequence,Outbound,CMP-039,Studio for Product Teams — EMEA 2026-02,Outbound Sequence,Partner / Marketplace,57,B,false,false,0,Converted,2026-03-06,2026-03-16,2026-04-04,true,true,true,,0,10,U-021,U-005,ACC-1011,OPP-20280
LEAD-11446,2025-09-23,Pallas Group,CX / Support Leader,Director of Service Ops,Singapore,APAC,Webinar,Inbound Marketing,CMP-032,Copilot API Beta — AMER 2025-12,Webinar,Webinar,52,B,false,false,0,Working,,,,false,false,false,,2,9,U-024,,,
LEAD-11447,2026-07-22,Meridian Digital,Engineering Leader,Director of Engineering,France,EMEA,Organic Search,Product,CMP-017,Latency Benchmark — AMER 2026-05,Organic Search,Organic Search,68,B,true,false,27,SQL,2026-07-31,2026-08-15,,true,true,false,,,1,,U-001,,
LEAD-11448,2026-02-03,Beacon Gaming,Developer,Senior Backend Engineer,Brazil,AMER,Paid Social,Product,CMP-009,Copilot API Beta — AMER 2026-01,Paid Social,Paid Social,53,B,true,false,36,MQL,2026-02-12,,,true,false,false,,,2,,,,
LEAD-11449,2026-08-10,Juniper Gaming,Procurement / Finance,Head of Vendor Management,India,APAC,Docs & Quickstarts,Product,CMP-028,Migrate off Legacy SMS — AMER 2025-11,Docs & Quickstarts,AI Assistant Referral,93,A,true,true,77,Converted,2026-08-23,2026-08-25,2026-09-23,true,true,true,,,1,,U-014,ACC-1119,OPP-20281
LEAD-11450,2025-04-26,Harbor Health,Developer,Staff Engineer,Japan,APAC,Outbound Sequence,Outbound,CMP-041,Studio for Product Teams — AMER 2025-04,Outbound Sequence,Outbound Sequence,17,D,false,true,0,Disqualified,,,,false,false,false,Duplicate,3,8,U-023,,,
LEAD-11451,2026-04-28,Halcyon Mobility,Procurement / Finance,Head of Vendor Management,UAE,EMEA,Customer Referral,Partner / Referral,CMP-045,Compliance & HIPAA — AMER 2025-09,Customer Referral,Customer Referral,100,A,true,true,40,Converted,2026-05-13,2026-05-27,2026-06-20,true,true,true,,,1,,U-013,ACC-1024,OPP-20282
LEAD-11452,2026-06-03,Harbor Insure,Developer,Senior Backend Engineer,Brazil,AMER,Customer Referral,Partner / Referral,CMP-046,Migrate off Legacy SMS — AMER 2026-03,Customer Referral,Organic Search,38,C,false,false,0,Disqualified,,,,false,false,false,Duplicate,3,9,U-019,,,
LEAD-11453,2025-04-12,Lattice Freight,Engineering Leader,CTO,Germany,EMEA,Docs & Quickstarts,Product,CMP-023,Q3 Pipeline Push — AMER 2025-06,Docs & Quickstarts,Docs & Quickstarts,83,A,true,false,78,Working,,,,false,false,false,,,1,,,,
LEAD-11454,2026-05-27,Solstice Cloud,Procurement / Finance,CFO,Germany,EMEA,Docs & Quickstarts,Product,CMP-024,Verify Fraud Playbook — AMER 2025-05,Docs & Quickstarts,Docs & Quickstarts,90,A,true,true,11,SQL,2026-06-03,2026-06-05,,true,true,false,,,2,,U-005,,
LEAD-11455,2026-06-05,Solstice Technologies,Engineering Leader,Head of Platform,United States,AMER,Outbound Sequence,Outbound,CMP-041,Studio for Product Teams — AMER 2025-04,Outbound Sequence,Developer Community,49,C,false,false,0,Converted,2026-06-26,2026-07-16,2026-07-21,true,true,true,,3,1,U-022,U-010,ACC-1068,OPP-20283
LEAD-11456,2025-09-21,Wexler Retail,Developer,Software Engineer,Brazil,AMER,Paid Search,Inbound Marketing,CMP-005,Migrate off Legacy SMS — AMER 2025-12,Paid Search,Paid Search,44,C,false,false,0,New,,,,false,false,false,,2,8,U-017,,,
LEAD-11457,2026-01-23,Solstice Freight,CX / Support Leader,Director of Service Ops,India,APAC,Paid Social,Inbound Marketing,CMP-009,Copilot API Beta — AMER 2026-01,Paid Social,Paid Social,57,B,false,false,0,SQL,2026-02-12,2026-02-15,,true,true,false,,1,2,U-025,U-007,,
LEAD-11458,2026-09-19,Sable Cloud,Developer,Software Engineer,India,APAC,Webinar,Inbound Marketing,CMP-032,Copilot API Beta — AMER 2025-12,Webinar,Webinar,53,B,false,false,0,Converted,2026-09-30,2026-10-17,2026-10-29,true,true,true,,3,1,U-017,U-010,ACC-1027,OPP-20284
LEAD-11459,2025-07-03,Harbor Care,Engineering Leader,VP Engineering,United States,AMER,Outbound Sequence,Outbound,CMP-039,Studio for Product Teams — EMEA 2026-02,Outbound Sequence,Webinar,62,B,false,false,0,Nurture,2025-07-21,,,true,false,false,,3,8,U-023,,,
LEAD-11460,2026-08-06,Pallas Bank,Product Manager,Head of Product,Canada,AMER,Partner / Marketplace,Partner / Referral,CMP-042,Migrate off Legacy SMS — AMER 2025-04,Partner / Marketplace,Partner / Marketplace,67,B,false,false,0,Converted,2026-08-27,2026-09-08,2026-09-28,true,true,true,,2,1,U-023,U-009,ACC-1038,OPP-20285
LEAD-11461,2026-04-18,Zephyr Labs,Procurement / Finance,Finance Director,Spain,EMEA,Conference,Inbound Marketing,CMP-035,Q3 Pipeline Push — EMEA 2026-05,Conference,Conference,83,A,false,false,0,Converted,2026-05-04,2026-05-23,2026-05-30,true,true,true,,4,8,U-025,U-009,ACC-1055,OPP-20286
LEAD-11462,2025-12-03,Rivet Pay,Engineering Leader,CTO,United States,AMER,Paid Social,Inbound Marketing,CMP-009,Copilot API Beta — AMER 2026-01,Paid Social,Conference,45,C,false,false,0,Disqualified,,,,false,false,false,Competitor,1,2,U-015,,,
LEAD-11463,2025-08-03,Zephyr Market,CX / Support Leader,Head of Support,Spain,EMEA,Outbound Sequence,Outbound,CMP-041,Studio for Product Teams — AMER 2025-04,Outbound Sequence,Outbound Sequence,69,B,false,false,0,Converted,2025-08-21,2025-09-08,2025-10-05,true,true,true,,4,4,U-019,U-014,ACC-1036,OPP-20287
LEAD-11464,2025-12-09,Beacon Cloud,CX / Support Leader,Director of Service Ops,India,APAC,Partner / Marketplace,Partner / Referral,CMP-044,Studio for Product Teams — AMER 2025-06,Partner / Marketplace,Partner / Marketplace,93,A,false,false,0,MQL,2025-12-18,,,true,false,false,,1,9,U-027,,,
LEAD-11465,2025-06-01,Orbital Freight,Developer,Platform Engineer,Sweden,EMEA,Developer Community,Product,CMP-031,Developer Docs Refresh — EMEA 2026-07,Developer Community,Paid Social,40,C,true,true,75,Disqualified,,,,false,false,false,Competitor,,0,,,,
LEAD-11466,2026-09-09,North Logistics,Engineering Leader,CTO,United States,AMER,Developer Community,Product,CMP-031,Developer Docs Refresh — EMEA 2026-07,Developer Community,Developer Community,70,A,true,true,20,MQL,2026-09-29,,,true,false,false,,,1,,,,
LEAD-11467,2025-08-12,Vantage Pay,Developer,Senior Backend Engineer,UAE,EMEA,Paid Search,Product,CMP-003,Voice Agents Launch — EMEA 2025-12,Paid Search,Paid Search,72,A,true,false,87,New,,,,false,false,false,,,1,,,,
LEAD-11468,2025-04-13,Ember Insure,Developer,Platform Engineer,United States,AMER,Paid Search,Inbound Marketing,CMP-003,Voice Agents Launch — EMEA 2025-12,Paid Search,Paid Search,51,B,false,true,0,Working,,,,false,false,false,,2,1,U-027,,,
LEAD-11469,2025-12-24,Dovetail Pay,Engineering Leader,VP Engineering,United States,AMER,Paid Social,Inbound Marketing,CMP-010,Migrate off Legacy SMS — LATAM 2025-06,Paid Social,Paid Social,48,C,false,false,0,Converted,2025-12-27,2026-01-04,2026-01-26,true,true,true,,3,5,U-021,U-003,ACC-1119,OPP-20288
LEAD-11470,2025-07-12,Tundra Learning,Developer,Staff Engineer,United States,AMER,Organic Search,Product,CMP-017,Latency Benchmark — AMER 2026-05,Organic Search,Organic Search,41,C,true,true,77,New,,,,false,false,false,,,1,,,,
LEAD-11471,2026-06-26,Sable Gaming,Developer,Senior Backend Engineer,Colombia,LATAM,Customer Referral,Partner / Referral,CMP-045,Compliance & HIPAA — AMER 2025-09,Customer Referral,Customer Referral,72,A,true,true,64,Converted,2026-07-17,2026-08-06,2026-08-19,true,true,true,,,2,,U-002,ACC-1032,OPP-20289
LEAD-11472,2025-07-31,Wexler Care,Engineering Leader,Director of Engineering,Brazil,AMER,AI Assistant Referral,Product,CMP-020,Q3 Pipeline Push — AMER 2025-12,AI Assistant Referral,Docs & Quickstarts,67,B,true,true,53,Working,,,,false,false,false,,,1,,,,
LEAD-11473,2025-06-06,Halcyon Gaming,Developer,Staff Engineer,Indonesia,APAC,Outbound Sequence,Outbound,CMP-039,Studio for Product Teams — EMEA 2026-02,Outbound Sequence,Partner / Marketplace,39,C,false,false,0,Disqualified,,,,false,false,false,Wrong geo,2,7,U-016,,,
LEAD-11474,2026-07-24,Cinder Market,Developer,Platform Engineer,Singapore,APAC,Partner / Marketplace,Partner / Referral,CMP-044,Studio for Product Teams — AMER 2025-06,Partner / Marketplace,Partner / Marketplace,48,C,false,false,0,MQL,2026-08-10,,,true,false,false,,2,9,U-026,,,
LEAD-11475,2025-06-19,Vantage Group,Developer,Platform Engineer,Netherlands,EMEA,Conference,Inbound Marketing,CMP-035,Q3 Pipeline Push — EMEA 2026-05,Conference,Conference,53,B,false,false,0,Working,,,,false,false,false,,2,6,U-023,,,
LEAD-11476,2026-02-15,Vantage Systems,Developer,Senior Backend Engineer,Chile,LATAM,Webinar,Inbound Marketing,CMP-032,Copilot API Beta — AMER 2025-12,Webinar,Customer Referral,45,C,false,false,0,Working,,,,false,false,false,,3,10,U-020,,,
LEAD-11477,2025-05-09,Onyx Digital,Developer,Senior Backend Engineer,Germany,EMEA,Docs & Quickstarts,Product,CMP-026,Studio for Product Teams — AMER 2025-08,Docs & Quickstarts,Docs & Quickstarts,67,B,true,true,97,MQL,2025-05-14,,,true,false,false,,,0,,,,
LEAD-11478,2025-06-25,Solstice Gaming,Engineering Leader,Head of Platform,Colombia,LATAM,Outbound Sequence,Outbound,CMP-037,Verify Fraud Playbook — EMEA 2025-04,Outbound Sequence,Paid Search,70,A,false,false,0,Working,,,,false,false,false,,3,1,U-022,,,
LEAD-11479,2025-05-24,Quanta Freight,Developer,Software Engineer,Mexico,AMER,Outbound Sequence,Outbound,CMP-041,Studio for Product Teams — AMER 2025-04,Outbound Sequence,Outbound Sequence,43,C,false,false,0,Nurture,2025-05-25,,,true,false,false,,3,3,U-017,,,
LEAD-11480,2025-12-24,Halcyon Retail,Engineering Leader,VP Engineering,United States,AMER,Organic Search,Product,CMP-014,Compliance & HIPAA — APAC 2025-09,Organic Search,Docs & Quickstarts,50,B,true,false,32,Disqualified,,,,false,false,false,Free tier is enough,,2,,,,
LEAD-11481,2026-05-13,Foundry Bank,Procurement / Finance,Procurement Manager,Germany,EMEA,Organic Search,Product,CMP-016,Q3 Pipeline Push — AMER 2026-04,Organic Search,Webinar,95,A,true,false,57,MQL,2026-05-25,,,true,false,false,,,1,,,,
LEAD-11482,2026-05-15,Halcyon Logistics,CX / Support Leader,VP Customer Experience,Netherlands,EMEA,Paid Social,Inbound Marketing,CMP-010,Migrate off Legacy SMS — LATAM 2025-06,Paid Social,AI Assistant Referral,49,C,false,false,0,Nurture,2026-05-16,,,true,false,false,,5,10,U-023,,,
LEAD-11483,2026-07-22,Wexler Digital,CX / Support Leader,VP Customer Experience,Mexico,AMER,Organic Search,Inbound Marketing,CMP-016,Q3 Pipeline Push — AMER 2026-04,Organic Search,Organic Search,76,A,false,true,0,Converted,2026-08-02,2026-08-22,2026-09-14,true,true,true,,1,2,U-025,U-006,ACC-1109,OPP-20290
LEAD-11484,2025-06-26,Lumen Bank,CX / Support Leader,Head of Support,United States,AMER,Paid Search,Product,CMP-005,Migrate off Legacy SMS — AMER 2025-12,Paid Search,Paid Search,85,A,true,true,95,MQL,2025-07-14,,,true,false,false,,,2,,,,
LEAD-11485,2026-04-23,Ember Travel,Developer,Senior Backend Engineer,United States,AMER,Paid Social,Inbound Marketing,CMP-008,Developer Docs Refresh — EMEA 2026-02,Paid Social,Paid Social,25,D,false,false,0,New,,,,false,false,false,,2,11,U-023,,,
LEAD-11486,2026-03-13,Cinder Freight,Engineering Leader,VP Engineering,UAE,EMEA,AI Assistant Referral,Product,CMP-022,Q3 Pipeline Push — AMER 2025-10,AI Assistant Referral,AI Assistant Referral,71,A,true,true,35,MQL,2026-03-29,,,true,false,false,,,1,,,,
LEAD-11487,2026-09-13,Onyx Works,Developer,Platform Engineer,Singapore,APAC,Developer Community,Product,CMP-029,Build a Support Agent — EMEA 2025-11,Developer Community,Developer Community,58,B,true,false,57,MQL,2026-09-23,,,true,false,false,,,2,,,,
LEAD-11488,2026-08-01,Ember Digital,Engineering Leader,CTO,United States,AMER,Organic Search,Product,CMP-012,AI Search Visibility — AMER 2026-07,Organic Search,Organic Search,76,A,true,true,78,New,,,,false,false,false,,,1,,,,
LEAD-11489,2026-03-05,Halcyon Mobility,Developer,Staff Engineer,Brazil,AMER,Webinar,Product,CMP-034,Copilot API Beta — EMEA 2026-03,Webinar,Webinar,43,C,true,false,28,Disqualified,,,,false,false,false,No budget,,0,,,,
LEAD-11490,2026-05-06,Vertex Market,Developer,Staff Engineer,Australia,APAC,Organic Search,Inbound Marketing,CMP-014,Compliance & HIPAA — APAC 2025-09,Organic Search,Partner / Marketplace,48,C,false,false,0,MQL,2026-05-16,,,true,false,false,,1,4,U-026,,,
LEAD-11491,2026-07-14,Umbra Market,Developer,Staff Engineer,Netherlands,EMEA,Paid Social,Inbound Marketing,CMP-009,Copilot API Beta — AMER 2026-01,Paid Social,Webinar,21,D,false,false,0,New,,,,false,false,false,,2,6,U-026,,,
LEAD-11492,2025-09-29,North Pay,Developer,Software Engineer,Netherlands,EMEA,Organic Search,Inbound Marketing,CMP-013,Verify Fraud Playbook — LATAM 2026-01,Organic Search,Organic Search,26,D,false,false,0,Disqualified,,,,false,false,false,No use case,2,3,U-027,,,
LEAD-11493,2025-08-07,Zephyr Technologies,Product Manager,Senior PM,Indonesia,APAC,Organic Search,Product,CMP-012,AI Search Visibility — AMER 2026-07,Organic Search,Organic Search,80,A,true,false,72,Disqualified,,,,false,false,false,Competitor,,2,,,,
LEAD-11494,2026-04-15,Zephyr Mobility,Developer,Platform Engineer,Australia,APAC,Organic Search,Inbound Marketing,CMP-014,Compliance & HIPAA — APAC 2025-09,Organic Search,Organic Search,71,A,false,false,0,Nurture,2026-04-27,,,true,false,false,,2,3,U-022,,,
LEAD-11495,2025-11-20,Halcyon Cloud,Developer,Senior Backend Engineer,United States,AMER,Outbound Sequence,Outbound,CMP-037,Verify Fraud Playbook — EMEA 2025-04,Outbound Sequence,Outbound Sequence,65,B,false,false,0,Disqualified,,,,false,false,false,No use case,3,2,U-024,,,
LEAD-11496,2025-05-24,Foundry Health,Procurement / Finance,Head of Vendor Management,Singapore,APAC,Paid Search,Product,CMP-004,Cut Your Deflection Cost — AMER 2025-11,Paid Search,Paid Search,100,A,true,true,68,Disqualified,,,,false,false,false,No use case,,2,,,,
LEAD-11497,2025-04-11,Orbital Bank,Engineering Leader,VP Engineering,Chile,LATAM,Webinar,Inbound Marketing,CMP-034,Copilot API Beta — EMEA 2026-03,Webinar,Webinar,46,C,false,true,0,MQL,2025-04-15,,,true,false,false,,3,4,U-020,,,
LEAD-11498,2025-07-21,Onyx Cloud,CX / Support Leader,Head of Support,Brazil,AMER,Paid Social,Inbound Marketing,CMP-009,Copilot API Beta — AMER 2026-01,Paid Social,Outbound Sequence,62,B,false,false,0,SQL,2025-07-24,2025-08-09,,true,true,false,,4,10,U-026,U-014,,
LEAD-11499,2025-04-09,Meridian Bank,Product Manager,Product Manager,United States,AMER,Paid Social,Inbound Marketing,CMP-010,Migrate off Legacy SMS — LATAM 2025-06,Paid Social,Docs & Quickstarts,61,B,false,false,0,Converted,2025-04-24,2025-04-29,2025-06-01,true,true,true,,4,11,U-022,U-009,ACC-1009,OPP-20291
LEAD-11500,2026-04-23,Tundra Freight,CX / Support Leader,Director of Service Ops,United States,AMER,Organic Search,Product,CMP-018,Voice Agents Launch — AMER 2025-11,Organic Search,Organic Search,91,A,true,true,58,MQL,2026-05-08,,,true,false,false,,,1,,,,
LEAD-11501,2026-07-24,Sable Mobility,Procurement / Finance,CFO,UAE,EMEA,Webinar,Inbound Marketing,CMP-033,Developer Docs Refresh — EMEA 2026-07,Webinar,Webinar,65,B,false,false,0,MQL,2026-07-30,,,true,false,false,,4,8,U-026,,,
LEAD-11502,2025-05-27,Cobalt Digital,Engineering Leader,VP Engineering,Canada,AMER,Paid Social,Inbound Marketing,CMP-010,Migrate off Legacy SMS — LATAM 2025-06,Paid Social,Paid Social,34,C,false,false,0,Disqualified,,,,false,false,false,Student / hobby project,3,3,U-020,,,
LEAD-11503,2025-11-25,Lattice Logistics,Developer,Senior Backend Engineer,Brazil,AMER,AI Assistant Referral,Product,CMP-019,Studio for Product Teams — APAC 2026-02,AI Assistant Referral,Outbound Sequence,85,A,true,true,22,Disqualified,,,,false,false,false,Duplicate,,0,,,,
LEAD-11504,2026-03-13,North Group,Developer,Staff Engineer,Canada,AMER,Developer Community,Product,CMP-030,Latency Benchmark — AMER 2025-08,Developer Community,Developer Community,39,C,true,false,93,MQL,2026-03-25,,,true,false,false,,,2,,,,
LEAD-11505,2025-06-21,Beacon Insure,CX / Support Leader,VP Customer Experience,Germany,EMEA,Webinar,Inbound Marketing,CMP-032,Copilot API Beta — AMER 2025-12,Webinar,Webinar,37,C,false,false,0,Working,,,,false,false,false,,2,1,U-027,,,
LEAD-11506,2025-06-10,Solstice Systems,Developer,Software Engineer,United States,AMER,Docs & Quickstarts,Inbound Marketing,CMP-027,Cut Your Deflection Cost — APAC 2025-05,Docs & Quickstarts,Docs & Quickstarts,53,B,false,false,0,Working,,,,false,false,false,,2,3,U-019,,,
LEAD-11507,2026-08-16,Tundra Gaming,Product Manager,Head of Product,Argentina,LATAM,Paid Search,Inbound Marketing,CMP-004,Cut Your Deflection Cost — AMER 2025-11,Paid Search,Paid Search,50,B,false,false,0,Nurture,2026-08-25,,,true,false,false,,3,10,U-024,,,
LEAD-11508,2026-06-05,Onyx Travel,Engineering Leader,Director of Engineering,United States,AMER,Conference,Inbound Marketing,CMP-036,Compliance & HIPAA — AMER 2026-04,Conference,Conference,56,B,false,false,0,Converted,2026-06-25,2026-07-06,2026-07-19,true,true,true,,1,7,U-021,U-001,ACC-1012,OPP-20292
LEAD-11509,2026-08-10,Beacon Health,Engineering Leader,Director of Engineering,Canada,AMER,Organic Search,Product,CMP-017,Latency Benchmark — AMER 2026-05,Organic Search,Webinar,90,A,true,true,13,Converted,2026-08-11,2026-08-18,2026-09-16,true,true,true,,,0,,U-007,ACC-1099,OPP-20293
LEAD-11510,2025-11-19,Wexler Freight,Product Manager,Director of Product,Spain,EMEA,Outbound Sequence,Outbound,CMP-037,Verify Fraud Playbook — EMEA 2025-04,Outbound Sequence,Paid Search,53,B,false,false,0,Disqualified,,,,false,false,false,Wrong geo,4,6,U-015,,,
LEAD-11511,2025-05-05,Kestrel Group,Developer,Software Engineer,Japan,APAC,Organic Search,Product,CMP-018,Voice Agents Launch — AMER 2025-11,Organic Search,Organic Search,41,C,true,true,7,New,,,,false,false,false,,,0,,,,
LEAD-11512,2026-02-10,Rivet Technologies,Engineering Leader,Director of Engineering,Chile,LATAM,Paid Search,Inbound Marketing,CMP-006,AI Search Visibility — AMER 2026-02,Paid Search,Paid Search,100,A,false,false,0,MQL,2026-02-15,,,true,false,false,,0,7,U-021,,,
LEAD-11513,2025-09-02,Ember Market,Engineering Leader,Head of Platform,Netherlands,EMEA,Docs & Quickstarts,Product,CMP-026,Studio for Product Teams — AMER 2025-08,Docs & Quickstarts,Docs & Quickstarts,71,A,true,true,59,Converted,2025-09-20,2025-10-10,2025-11-10,true,true,true,,,2,,U-002,ACC-1092,OPP-20294
LEAD-11514,2025-05-03,Kestrel Gaming,Engineering Leader,Director of Engineering,Canada,AMER,Organic Search,Inbound Marketing,CMP-015,Studio for Product Teams — AMER 2025-11,Organic Search,Paid Search,69,B,false,false,0,SQL,2025-05-10,2025-05-27,,true,true,false,,2,4,U-017,U-006,,
LEAD-11515,2025-10-13,Vantage Cloud,Developer,Software Engineer,United States,AMER,Partner / Marketplace,Partner / Referral,CMP-042,Migrate off Legacy SMS — AMER 2025-04,Partner / Marketplace,Partner / Marketplace,63,B,true,false,81,MQL,2025-10-25,,,true,false,false,,,2,,,,
LEAD-11516,2025-10-27,Foundry Mobility,Engineering Leader,Head of Platform,Chile,LATAM,Outbound Sequence,Outbound,CMP-040,AI Search Visibility — AMER 2026-05,Outbound Sequence,Outbound Sequence,59,B,false,false,0,MQL,2025-10-28,,,true,false,false,,0,9,U-020,,,
LEAD-11517,2025-08-06,Rivet Systems,Product Manager,Head of Product,Canada,AMER,Outbound Sequence,Outbound,CMP-041,Studio for Product Teams — AMER 2025-04,Outbound Sequence,Outbound Sequence,15,D,false,false,0,Disqualified,,,,false,false,false,No budget,0,5,U-026,,,
LEAD-11518,2026-04-28,Juniper Technologies,Developer,Staff Engineer,Sweden,EMEA,Organic Search,Product,CMP-018,Voice Agents Launch — AMER 2025-11,Organic Search,Organic Search,42,C,true,false,60,Disqualified,,,,false,false,false,Wrong geo,,2,,,,
LEAD-11519,2026-05-01,Sable Labs,Engineering Leader,Head of Platform,United States,AMER,Docs & Quickstarts,Product,CMP-025,Migrate off Legacy SMS — EMEA 2025-09,Docs & Quickstarts,Docs & Quickstarts,67,B,true,false,5,SQL,2026-05-16,2026-05-17,,true,true,false,,,2,,U-011,,
LEAD-11520,2025-10-24,Ember Market,Engineering Leader,VP Engineering,Singapore,APAC,Developer Community,Inbound Marketing,CMP-029,Build a Support Agent — EMEA 2025-11,Developer Community,Developer Community,61,B,false,false,0,Working,,,,false,false,false,,5,3,U-019,,,
LEAD-11521,2025-11-25,Tundra Group,Developer,Staff Engineer,United States,AMER,Partner / Marketplace,Partner / Referral,CMP-043,Latency Benchmark — APAC 2026-01,Partner / Marketplace,Outbound Sequence,28,D,false,true,0,Working,,,,false,false,false,,1,8,U-016,,,
LEAD-11522,2025-09-15,Wexler Retail,Developer,Software Engineer,Canada,AMER,Paid Search,Inbound Marketing,CMP-004,Cut Your Deflection Cost — AMER 2025-11,Paid Search,Paid Search,42,C,false,false,0,New,,,,false,false,false,,3,10,U-024,,,
LEAD-11523,2025-11-17,Lattice Pay,Engineering Leader,Head of Platform,UAE,EMEA,Docs & Quickstarts,Product,CMP-026,Studio for Product Teams — AMER 2025-08,Docs & Quickstarts,Customer Referral,69,B,true,false,68,MQL,2025-12-08,,,true,false,false,,,2,,,,
LEAD-11524,2025-11-16,Vertex Labs,Developer,Staff Engineer,Canada,AMER,Partner / Marketplace,Partner / Referral,CMP-043,Latency Benchmark — APAC 2026-01,Partner / Marketplace,Organic Search,78,A,true,false,40,SQL,2025-12-03,2025-12-11,,true,true,false,,,1,,U-005,,
LEAD-11525,2026-02-17,Beacon Insure,Product Manager,Senior PM,Japan,APAC,Webinar,Inbound Marketing,CMP-033,Developer Docs Refresh — EMEA 2026-07,Webinar,Webinar,54,B,false,false,0,New,,,,false,false,false,,3,7,U-019,,,
LEAD-11526,2026-01-27,Vertex Labs,Developer,Software Engineer,India,APAC,AI Assistant Referral,Product,CMP-020,Q3 Pipeline Push — AMER 2025-12,AI Assistant Referral,AI Assistant Referral,55,B,true,true,42,MQL,2026-02-12,,,true,false,false,,,2,,,,
LEAD-11527,2025-05-18,Solstice Care,Engineering Leader,Head of Platform,Netherlands,EMEA,Webinar,Inbound Marketing,CMP-032,Copilot API Beta — AMER 2025-12,Webinar,Webinar,41,C,false,false,0,New,,,,false,false,false,,2,11,U-019,,,
LEAD-11528,2026-05-28,Foundry Bank,Engineering Leader,CTO,Mexico,AMER,Conference,Inbound Marketing,CMP-035,Q3 Pipeline Push — EMEA 2026-05,Conference,Outbound Sequence,46,C,false,true,0,Converted,2026-06-06,2026-06-07,2026-06-30,true,true,true,,1,6,U-021,U-009,ACC-1092,OPP-20295
LEAD-11529,2025-11-07,Solstice Travel,Product Manager,Director of Product,Indonesia,APAC,Organic Search,Inbound Marketing,CMP-016,Q3 Pipeline Push — AMER 2026-04,Organic Search,Organic Search,69,B,false,false,0,MQL,2025-11-14,,,true,false,false,,1,1,U-015,,,
LEAD-11530,2025-12-26,Vantage Retail,Engineering Leader,Director of Engineering,Brazil,AMER,Organic Search,Inbound Marketing,CMP-012,AI Search Visibility — AMER 2026-07,Organic Search,Organic Search,46,C,false,false,0,Converted,2026-01-10,2026-01-25,2026-02-24,true,true,true,,4,5,U-018,U-005,ACC-1009,OPP-20296
LEAD-11531,2026-08-29,Dovetail Cloud,Engineering Leader,Head of Platform,Mexico,AMER,Docs & Quickstarts,Product,CMP-027,Cut Your Deflection Cost — APAC 2025-05,Docs & Quickstarts,Docs & Quickstarts,84,A,true,true,58,Converted,2026-09-10,2026-09-12,2026-10-11,true,true,true,,,0,,U-001,ACC-1087,OPP-20297
LEAD-11532,2026-06-10,Vertex Care,Engineering Leader,Head of Platform,Netherlands,EMEA,Organic Search,Product,CMP-015,Studio for Product Teams — AMER 2025-11,Organic Search,Organic Search,79,A,true,true,26,Working,,,,false,false,false,,,2,,,,
LEAD-11533,2026-08-02,Foundry Logistics,CX / Support Leader,Director of Service Ops,Indonesia,APAC,Paid Social,Product,CMP-009,Copilot API Beta — AMER 2026-01,Paid Social,Paid Social,44,C,true,false,16,SQL,2026-08-02,2026-08-28,,true,true,false,,,1,,U-007,,
LEAD-11534,2025-08-04,Quanta Freight,Developer,Software Engineer,Germany,EMEA,AI Assistant Referral,Inbound Marketing,CMP-020,Q3 Pipeline Push — AMER 2025-12,AI Assistant Referral,Conference,34,C,false,false,0,Working,,,,false,false,false,,0,7,U-022,,,
LEAD-11535,2026-02-20,Ember Mobility,CX / Support Leader,Head of Support,Argentina,LATAM,Paid Social,Product,CMP-007,Developer Docs Refresh — EMEA 2025-05,Paid Social,Conference,56,B,true,false,55,Working,,,,false,false,false,,,0,,,,
LEAD-11536,2025-05-31,Tundra Technologies,Developer,Software Engineer,Spain,EMEA,Paid Search,Inbound Marketing,CMP-002,Studio for Product Teams — AMER 2025-08,Paid Search,Paid Search,49,C,false,true,0,Nurture,2025-06-10,,,true,false,false,,6,2,U-027,,,
LEAD-11537,2025-09-09,Zephyr Works,Developer,Platform Engineer,United Kingdom,EMEA,Organic Search,Product,CMP-011,Developer Docs Refresh — LATAM 2025-04,Organic Search,Organic Search,25,D,true,false,57,Disqualified,,,,false,false,false,Competitor,,2,,,,
LEAD-11538,2026-05-06,Umbra Bank,Product Manager,Product Manager,Germany,EMEA,Organic Search,Product,CMP-016,Q3 Pipeline Push — AMER 2026-04,Organic Search,Paid Search,68,B,true,false,67,SQL,2026-05-26,2026-06-21,,true,true,false,,,2,,U-002,,
LEAD-11539,2026-05-27,Tundra Bank,Developer,Software Engineer,India,APAC,Organic Search,Product,CMP-011,Developer Docs Refresh — LATAM 2025-04,Organic Search,Docs & Quickstarts,85,A,true,false,40,MQL,2026-06-17,,,true,false,false,,,0,,,,
LEAD-11540,2025-11-08,Quanta Market,Developer,Staff Engineer,Germany,EMEA,Partner / Marketplace,Partner / Referral,CMP-043,Latency Benchmark — APAC 2026-01,Partner / Marketplace,Partner / Marketplace,80,A,false,false,0,Working,,,,false,false,false,,2,8,U-022,,,
LEAD-11541,2025-12-27,Rivet Market,Developer,Senior Backend Engineer,Netherlands,EMEA,Docs & Quickstarts,Product,CMP-023,Q3 Pipeline Push — AMER 2025-06,Docs & Quickstarts,Docs & Quickstarts,81,A,true,true,98,Disqualified,,,,false,false,false,Student / hobby project,,2,,,,
LEAD-11542,2026-05-29,Wexler Pay,Developer,Staff Engineer,UAE,EMEA,Developer Community,Product,CMP-030,Latency Benchmark — AMER 2025-08,Developer Community,Docs & Quickstarts,43,C,true,true,70,Converted,2026-06-12,2026-06-17,2026-06-29,true,true,true,,,0,,U-009,ACC-1132,OPP-20298
LEAD-11543,2026-07-17,Ember Digital,Product Manager,Director of Product,United States,AMER,Docs & Quickstarts,Inbound Marketing,CMP-026,Studio for Product Teams — AMER 2025-08,Docs & Quickstarts,Docs & Quickstarts,73,A,false,false,0,SQL,2026-07-27,2026-08-14,,true,true,false,,1,6,U-021,U-009,,
LEAD-11544,2025-10-05,Foundry Group,Developer,Platform Engineer,France,EMEA,Customer Referral,Partner / Referral,CMP-045,Compliance & HIPAA — AMER 2025-09,Customer Referral,Customer Referral,43,C,true,true,9,MQL,2025-10-07,,,true,false,false,,,0,,,,
LEAD-11545,2025-11-28,Vertex Bank,Engineering Leader,VP Engineering,Mexico,AMER,Organic Search,Product,CMP-014,Compliance & HIPAA — APAC 2025-09,Organic Search,Organic Search,77,A,true,true,33,Converted,2025-12-04,2025-12-06,2026-01-05,true,true,true,,,1,,U-009,ACC-1041,OPP-20299
LEAD-11546,2025-08-06,Juniper Logistics,Engineering Leader,Director of Engineering,Germany,EMEA,Outbound Sequence,Outbound,CMP-037,Verify Fraud Playbook — EMEA 2025-04,Outbound Sequence,Outbound Sequence,52,B,false,false,0,SQL,2025-08-25,2025-09-10,,true,true,false,,2,5,U-018,U-003,,
LEAD-11547,2025-04-13,Tundra Gaming,Procurement / Finance,CFO,Canada,AMER,Paid Search,Inbound Marketing,CMP-004,Cut Your Deflection Cost — AMER 2025-11,Paid Search,Paid Search,58,B,false,false,0,Working,,,,false,false,false,,5,9,U-017,,,
LEAD-11548,2026-01-14,Dovetail Retail,Developer,Staff Engineer,Mexico,AMER,Developer Community,Inbound Marketing,CMP-030,Latency Benchmark — AMER 2025-08,Developer Community,Developer Community,59,B,false,false,0,Disqualified,,,,false,false,false,No use case,2,4,U-019,,,
LEAD-11549,2026-03-25,Foundry Gaming,CX / Support Leader,Contact Centre Manager,Canada,AMER,Docs & Quickstarts,Product,CMP-025,Migrate off Legacy SMS — EMEA 2025-09,Docs & Quickstarts,Organic Search,75,A,true,false,47,SQL,2026-03-25,2026-04-05,,true,true,false,,,2,,U-012,,
LEAD-11550,2026-09-12,Harbor Labs,Engineering Leader,CTO,Japan,APAC,Outbound Sequence,Outbound,CMP-037,Verify Fraud Playbook — EMEA 2025-04,Outbound Sequence,Outbound Sequence,50,B,false,false,0,MQL,2026-09-14,,,true,false,false,,4,2,U-017,,,
LEAD-11551,2025-06-15,Solstice Cloud,Developer,Staff Engineer,Australia,APAC,Paid Search,Inbound Marketing,CMP-006,AI Search Visibility — AMER 2026-02,Paid Search,Organic Search,61,B,false,false,0,New,,,,false,false,false,,2,4,U-022,,,
LEAD-11552,2026-06-20,Cobalt Freight,Engineering Leader,VP Engineering,United Kingdom,EMEA,Outbound Sequence,Outbound,CMP-038,Migrate off Legacy SMS — AMER 2025-04,Outbound Sequence,Outbound Sequence,47,C,false,false,0,Converted,2026-06-25,2026-07-04,2026-07-11,true,true,true,,0,11,U-025,U-009,ACC-1133,OPP-20300
LEAD-11553,2025-08-18,Pallas Digital,Procurement / Finance,CFO,Mexico,AMER,Organic Search,Inbound Marketing,CMP-018,Voice Agents Launch — AMER 2025-11,Organic Search,Organic Search,69,B,false,false,0,Converted,2025-08-25,2025-08-27,2025-09-27,true,true,true,,1,3,U-025,U-013,ACC-1004,OPP-20301
LEAD-11554,2025-05-12,Kestrel Systems,Engineering Leader,VP Engineering,Mexico,AMER,Paid Search,Inbound Marketing,CMP-001,Copilot API Beta — AMER 2026-02,Paid Search,Paid Search,69,B,false,false,0,MQL,2025-05-26,,,true,false,false,,3,8,U-025,,,
LEAD-11555,2025-06-24,Tundra Digital,Developer,Senior Backend Engineer,Netherlands,EMEA,Outbound Sequence,Outbound,CMP-037,Verify Fraud Playbook — EMEA 2025-04,Outbound Sequence,Customer Referral,44,C,false,false,0,SQL,2025-07-05,2025-07-15,,true,true,false,,3,6,U-017,U-013,,
LEAD-11556,2025-07-14,Zephyr Freight,Engineering Leader,Head of Platform,Germany,EMEA,Customer Referral,Partner / Referral,CMP-045,Compliance & HIPAA — AMER 2025-09,Customer Referral,Customer Referral,91,A,true,true,15,SQL,2025-07-28,2025-08-18,,true,true,false,,,1,,U-007,,
LEAD-11557,2026-01-05,Ember Bank,Engineering Leader,Head of Platform,Brazil,AMER,Paid Search,Product,CMP-004,Cut Your Deflection Cost — AMER 2025-11,Paid Search,Paid Search,100,A,true,true,89,Converted,2026-01-24,2026-01-31,2026-02-06,true,true,true,,,0,,U-009,ACC-1113,OPP-20302
LEAD-11558,2026-05-12,Aster Works,Procurement / Finance,Head of Vendor Management,Canada,AMER,Developer Community,Product,CMP-030,Latency Benchmark — AMER 2025-08,Developer Community,Webinar,69,B,true,false,54,Converted,2026-05-16,2026-05-20,2026-06-23,true,true,true,,,0,,U-011,ACC-1005,OPP-20303
LEAD-11559,2026-09-09,Halcyon Logistics,Procurement / Finance,Finance Director,Germany,EMEA,Organic Search,Product,CMP-016,Q3 Pipeline Push — AMER 2026-04,Organic Search,Partner / Marketplace,100,A,true,true,95,SQL,2026-09-29,2026-10-14,,true,true,false,,,1,,U-011,,
LEAD-11560,2026-04-10,Ember Retail,CX / Support Leader,Director of Service Ops,Brazil,AMER,Customer Referral,Partner / Referral,CMP-046,Migrate off Legacy SMS — AMER 2026-03,Customer Referral,Customer Referral,100,A,true,true,86,Disqualified,,,,false,false,false,Went silent,,0,,,,
LEAD-11561,2026-07-23,Aster Care,Product Manager,Product Manager,Singapore,APAC,Outbound Sequence,Outbound,CMP-039,Studio for Product Teams — EMEA 2026-02,Outbound Sequence,Outbound Sequence,23,D,false,false,0,Disqualified,,,,false,false,false,No use case,3,11,U-017,,,
LEAD-11562,2025-12-02,Juniper Mobility,CX / Support Leader,VP Customer Experience,Canada,AMER,Paid Search,Inbound Marketing,CMP-002,Studio for Product Teams — AMER 2025-08,Paid Search,Paid Search,71,A,false,true,0,SQL,2025-12-19,2026-01-08,,true,true,false,,4,8,U-025,U-005,,
LEAD-11563,2025-07-19,Lumen Mobility,CX / Support Leader,Contact Centre Manager,India,APAC,AI Assistant Referral,Product,CMP-022,Q3 Pipeline Push — AMER 2025-10,AI Assistant Referral,AI Assistant Referral,94,A,true,true,72,MQL,2025-07-19,,,true,false,false,,,0,,,,
LEAD-11564,2026-05-18,Sable Group,Developer,Staff Engineer,United States,AMER,Docs & Quickstarts,Product,CMP-026,Studio for Product Teams — AMER 2025-08,Docs & Quickstarts,Docs & Quickstarts,99,A,true,true,61,New,,,,false,false,false,,,1,,,,
LEAD-11565,2025-04-08,Beacon Learning,Developer,Platform Engineer,Mexico,AMER,AI Assistant Referral,Product,CMP-021,Latency Benchmark — LATAM 2025-09,AI Assistant Referral,AI Assistant Referral,58,B,true,false,53,Converted,2025-04-11,2025-05-03,2025-05-22,true,true,true,,,0,,U-011,ACC-1039,OPP-20304
LEAD-11566,2025-11-04,Beacon Freight,Procurement / Finance,Head of Vendor Management,Spain,EMEA,Paid Social,Product,CMP-007,Developer Docs Refresh — EMEA 2025-05,Paid Social,AI Assistant Referral,64,B,true,true,31,SQL,2025-11-22,2025-11-24,,true,true,false,,,2,,U-005,,
LEAD-11567,2025-12-04,Harbor Freight,Developer,Software Engineer,Brazil,AMER,Developer Community,Product,CMP-031,Developer Docs Refresh — EMEA 2026-07,Developer Community,Webinar,71,A,true,true,68,SQL,2025-12-17,2025-12-26,,true,true,false,,,0,,U-009,,
LEAD-11568,2025-05-29,Kestrel Pay,Engineering Leader,Director of Engineering,Sweden,EMEA,Organic Search,Product,CMP-017,Latency Benchmark — AMER 2026-05,Organic Search,Paid Search,96,A,true,false,9,Converted,2025-06-10,2025-06-17,2025-07-03,true,true,true,,,2,,U-011,ACC-1027,OPP-20305
LEAD-11569,2025-12-13,Onyx Pay,Engineering Leader,CTO,Indonesia,APAC,Paid Social,Inbound Marketing,CMP-008,Developer Docs Refresh — EMEA 2026-02,Paid Social,Partner / Marketplace,50,B,false,false,0,MQL,2025-12-15,,,true,false,false,,3,10,U-024,,,
LEAD-11570,2026-02-28,Kestrel Gaming,Product Manager,Director of Product,Brazil,AMER,Docs & Quickstarts,Product,CMP-025,Migrate off Legacy SMS — EMEA 2025-09,Docs & Quickstarts,Docs & Quickstarts,70,A,true,true,100,Converted,2026-03-04,2026-03-27,2026-04-21,true,true,true,,,1,,U-001,ACC-1063,OPP-20306
LEAD-11571,2025-05-31,Orbital Travel,Engineering Leader,Head of Platform,India,APAC,Organic Search,Product,CMP-018,Voice Agents Launch — AMER 2025-11,Organic Search,Organic Search,83,A,true,false,5,New,,,,false,false,false,,,1,,,,
LEAD-11572,2026-08-17,Tundra Care,Engineering Leader,CTO,Australia,APAC,Organic Search,Inbound Marketing,CMP-015,Studio for Product Teams — AMER 2025-11,Organic Search,Organic Search,60,B,false,false,0,SQL,2026-08-20,2026-09-06,,true,true,false,,2,11,U-027,U-001,,
LEAD-11573,2025-04-03,Vertex Logistics,Engineering Leader,Head of Platform,Brazil,AMER,AI Assistant Referral,Inbound Marketing,CMP-019,Studio for Product Teams — APAC 2026-02,AI Assistant Referral,Developer Community,69,B,false,false,0,Converted,2025-04-04,2025-04-20,2025-05-20,true,true,true,,3,3,U-024,U-006,ACC-1095,OPP-20307
LEAD-11574,2026-01-13,Foundry Mobility,Procurement / Finance,Head of Vendor Management,United States,AMER,Organic Search,Product,CMP-012,AI Search Visibility — AMER 2026-07,Organic Search,Developer Community,71,A,true,true,38,Converted,2026-01-26,2026-02-19,2026-03-15,true,true,true,,,2,,U-001,ACC-1023,OPP-20308
LEAD-11575,2025-11-16,Zephyr Technologies,CX / Support Leader,Contact Centre Manager,Spain,EMEA,Paid Search,Product,CMP-001,Copilot API Beta — AMER 2026-02,Paid Search,Webinar,96,A,true,false,64,New,,,,false,false,false,,,2,,,,
LEAD-11576,2025-08-18,Ember Cloud,Product Manager,Senior PM,Netherlands,EMEA,Paid Search,Product,CMP-005,Migrate off Legacy SMS — AMER 2025-12,Paid Search,Partner / Marketplace,100,A,true,true,67,New,,,,false,false,false,,,2,,,,
LEAD-11577,2026-03-25,Kestrel Care,Product Manager,Product Manager,Indonesia,APAC,Paid Search,Inbound Marketing,CMP-002,Studio for Product Teams — AMER 2025-08,Paid Search,Paid Search,49,C,false,false,0,SQL,2026-03-26,2026-04-01,,true,true,false,,2,1,U-015,U-004,,
LEAD-11578,2025-09-20,Kestrel Group,Product Manager,Director of Product,Germany,EMEA,Organic Search,Product,CMP-017,Latency Benchmark — AMER 2026-05,Organic Search,Organic Search,69,B,true,true,26,Converted,2025-09-21,2025-10-06,2025-11-01,true,true,true,,,0,,U-002,ACC-1066,OPP-20309
LEAD-11579,2026-07-17,Cinder Group,Procurement / Finance,CFO,Australia,APAC,Customer Referral,Partner / Referral,CMP-045,Compliance & HIPAA — AMER 2025-09,Customer Referral,Customer Referral,90,A,true,false,64,Working,,,,false,false,false,,,2,,,,
LEAD-11580,2026-09-05,Halcyon Insure,Engineering Leader,Director of Engineering,Germany,EMEA,Outbound Sequence,Outbound,CMP-039,Studio for Product Teams — EMEA 2026-02,Outbound Sequence,Conference,25,D,false,false,0,Disqualified,,,,false,false,false,No budget,4,2,U-026,,,
LEAD-11581,2025-05-16,Beacon Mobility,CX / Support Leader,VP Customer Experience,Canada,AMER,Paid Social,Inbound Marketing,CMP-010,Migrate off Legacy SMS — LATAM 2025-06,Paid Social,Paid Social,63,B,false,true,0,Converted,2025-05-23,2025-06-04,2025-06-19,true,true,true,,3,2,U-021,U-003,ACC-1020,OPP-20310
LEAD-11582,2026-08-01,Cobalt Digital,Engineering Leader,CTO,Indonesia,APAC,Partner / Marketplace,Partner / Referral,CMP-042,Migrate off Legacy SMS — AMER 2025-04,Partner / Marketplace,Organic Search,74,A,false,false,0,MQL,2026-08-13,,,true,false,false,,3,3,U-019,,,
LEAD-11583,2025-08-09,Umbra Health,Developer,Staff Engineer,Brazil,AMER,Docs & Quickstarts,Product,CMP-023,Q3 Pipeline Push — AMER 2025-06,Docs & Quickstarts,Docs & Quickstarts,37,C,true,false,35,Disqualified,,,,false,false,false,Student / hobby project,,0,,,,
LEAD-11584,2026-03-07,Harbor Market,Developer,Senior Backend Engineer,Chile,LATAM,Paid Search,Inbound Marketing,CMP-004,Cut Your Deflection Cost — AMER 2025-11,Paid Search,Docs & Quickstarts,45,C,false,false,0,New,,,,false,false,false,,2,6,U-019,,,
LEAD-11585,2025-08-11,Rivet Digital,CX / Support Leader,Contact Centre Manager,United States,AMER,Outbound Sequence,Outbound,CMP-038,Migrate off Legacy SMS — AMER 2025-04,Outbound Sequence,Paid Search,59,B,false,false,0,Converted,2025-09-01,2025-09-04,2025-09-11,true,true,true,,1,6,U-024,U-005,ACC-1020,OPP-20311
LEAD-11586,2026-06-12,Foundry Health,Developer,Staff Engineer,Australia,APAC,Partner / Marketplace,Partner / Referral,CMP-042,Migrate off Legacy SMS — AMER 2025-04,Partner / Marketplace,Partner / Marketplace,44,C,false,false,0,MQL,2026-06-21,,,true,false,false,,1,6,U-019,,,
LEAD-11587,2026-06-23,Meridian Cloud,Engineering Leader,CTO,Colombia,LATAM,AI Assistant Referral,Product,CMP-020,Q3 Pipeline Push — AMER 2025-12,AI Assistant Referral,AI Assistant Referral,100,A,true,false,81,Converted,2026-06-25,2026-07-03,2026-07-14,true,true,true,,,2,,U-014,ACC-1038,OPP-20312
LEAD-11588,2026-08-12,Meridian Care,Developer,Senior Backend Engineer,Mexico,AMER,AI Assistant Referral,Product,CMP-019,Studio for Product Teams — APAC 2026-02,AI Assistant Referral,AI Assistant Referral,62,B,true,false,53,Converted,2026-09-01,2026-09-22,2026-10-19,true,true,true,,,1,,U-001,ACC-1136,OPP-20313
LEAD-11589,2025-07-18,Solstice Freight,Developer,Senior Backend Engineer,Netherlands,EMEA,Docs & Quickstarts,Product,CMP-028,Migrate off Legacy SMS — AMER 2025-11,Docs & Quickstarts,Docs & Quickstarts,62,B,true,true,71,SQL,2025-07-30,2025-08-10,,true,true,false,,,1,,U-014,,
LEAD-11590,2026-05-24,Wexler Insure,CX / Support Leader,Contact Centre Manager,Argentina,LATAM,Paid Search,Inbound Marketing,CMP-006,AI Search Visibility — AMER 2026-02,Paid Search,Organic Search,58,B,false,false,0,SQL,2026-06-09,2026-06-25,,true,true,false,,1,5,U-016,U-013,,
LEAD-11591,2026-08-12,Harbor Works,Developer,Platform Engineer,Singapore,APAC,Paid Search,Inbound Marketing,CMP-003,Voice Agents Launch — EMEA 2025-12,Paid Search,Paid Search,45,C,false,false,0,Converted,2026-08-13,2026-08-24,2026-09-08,true,true,true,,3,5,U-023,U-014,ACC-1071,OPP-20314
LEAD-11592,2025-04-21,Juniper Group,Product Manager,Senior PM,Brazil,AMER,Organic Search,Inbound Marketing,CMP-016,Q3 Pipeline Push — AMER 2026-04,Organic Search,Conference,70,A,false,false,0,Converted,2025-05-07,2025-06-02,2025-07-01,true,true,true,,3,9,U-027,U-006,ACC-1105,OPP-20315
LEAD-11593,2025-11-21,Foundry Health,Developer,Senior Backend Engineer,Netherlands,EMEA,AI Assistant Referral,Product,CMP-021,Latency Benchmark — LATAM 2025-09,AI Assistant Referral,Organic Search,39,C,true,true,28,Disqualified,,,,false,false,false,Competitor,,2,,,,
LEAD-11594,2025-04-26,Aster Logistics,Developer,Software Engineer,India,APAC,Paid Search,Inbound Marketing,CMP-002,Studio for Product Teams — AMER 2025-08,Paid Search,Developer Community,49,C,false,false,0,MQL,2025-05-06,,,true,false,false,,2,4,U-019,,,
LEAD-11595,2025-05-21,Solstice Insure,Procurement / Finance,CFO,UAE,EMEA,Paid Search,Product,CMP-004,Cut Your Deflection Cost — AMER 2025-11,Paid Search,Organic Search,100,A,true,false,72,Converted,2025-06-05,2025-06-26,2025-07-22,true,true,true,,,0,,U-003,ACC-1128,OPP-20316
LEAD-11596,2025-11-26,Beacon Travel,Product Manager,Product Manager,United States,AMER,AI Assistant Referral,Product,CMP-020,Q3 Pipeline Push — AMER 2025-12,AI Assistant Referral,AI Assistant Referral,87,A,true,false,53,Converted,2025-12-13,2026-01-04,2026-02-02,true,true,true,,,2,,U-002,ACC-1129,OPP-20317
LEAD-11597,2026-06-08,Cobalt Labs,CX / Support Leader,VP Customer Experience,Sweden,EMEA,Docs & Quickstarts,Product,CMP-026,Studio for Product Teams — AMER 2025-08,Docs & Quickstarts,Docs & Quickstarts,74,A,true,false,68,Converted,2026-06-08,2026-06-26,2026-07-12,true,true,true,,,2,,U-011,ACC-1133,OPP-20318
LEAD-11598,2025-12-04,Cinder Systems,CX / Support Leader,VP Customer Experience,Chile,LATAM,Developer Community,Product,CMP-029,Build a Support Agent — EMEA 2025-11,Developer Community,Customer Referral,97,A,true,true,48,MQL,2025-12-04,,,true,false,false,,,0,,,,
LEAD-11599,2026-06-17,Umbra Retail,Procurement / Finance,Procurement Manager,Germany,EMEA,Organic Search,Product,CMP-014,Compliance & HIPAA — APAC 2025-09,Organic Search,Paid Social,81,A,true,true,1,Converted,2026-07-02,2026-07-15,2026-08-07,true,true,true,,,0,,U-013,ACC-1096,OPP-20319
LEAD-11600,2026-06-02,Kestrel Systems,Developer,Senior Backend Engineer,Mexico,AMER,Webinar,Inbound Marketing,CMP-032,Copilot API Beta — AMER 2025-12,Webinar,Outbound Sequence,49,C,false,true,0,SQL,2026-06-13,2026-06-22,,true,true,false,,2,9,U-019,U-014,,
LEAD-11601,2025-09-30,Lumen Health,Developer,Staff Engineer,United States,AMER,Organic Search,Product,CMP-013,Verify Fraud Playbook — LATAM 2026-01,Organic Search,Organic Search,76,A,true,false,29,Converted,2025-10-02,2025-10-04,2025-10-20,true,true,true,,,2,,U-012,ACC-1031,OPP-20320
LEAD-11602,2026-05-30,Tundra Pay,Developer,Senior Backend Engineer,UAE,EMEA,Organic Search,Product,CMP-011,Developer Docs Refresh — LATAM 2025-04,Organic Search,Docs & Quickstarts,67,B,true,false,16,Nurture,2026-06-10,,,true,false,false,,,1,,,,
LEAD-11603,2026-06-05,Solstice Retail,Developer,Senior Backend Engineer,United States,AMER,Docs & Quickstarts,Product,CMP-024,Verify Fraud Playbook — AMER 2025-05,Docs & Quickstarts,Docs & Quickstarts,46,C,true,true,0,Converted,2026-06-07,2026-06-17,2026-07-15,true,true,true,,,0,,U-010,ACC-1004,OPP-20321
LEAD-11604,2025-05-02,Tundra Insure,Engineering Leader,Director of Engineering,Brazil,AMER,Organic Search,Inbound Marketing,CMP-017,Latency Benchmark — AMER 2026-05,Organic Search,Organic Search,72,A,false,true,0,Converted,2025-05-08,2025-05-14,2025-05-31,true,true,true,,3,9,U-025,U-002,ACC-1045,OPP-20322
LEAD-11605,2026-06-02,Lumen Systems,Developer,Staff Engineer,Indonesia,APAC,Paid Search,Product,CMP-003,Voice Agents Launch — EMEA 2025-12,Paid Search,Paid Search,90,A,true,false,41,Nurture,2026-06-22,,,true,false,false,,,0,,,,
LEAD-11606,2026-06-14,Cobalt Insure,Developer,Staff Engineer,Japan,APAC,Paid Social,Product,CMP-010,Migrate off Legacy SMS — LATAM 2025-06,Paid Social,Partner / Marketplace,40,C,true,true,59,New,,,,false,false,false,,,2,,,,
LEAD-11607,2026-07-02,Rivet Cloud,Engineering Leader,Director of Engineering,Germany,EMEA,Paid Search,Product,CMP-005,Migrate off Legacy SMS — AMER 2025-12,Paid Search,Outbound Sequence,70,A,true,false,65,Nurture,2026-07-19,,,true,false,false,,,2,,,,
LEAD-11608,2025-07-22,Cinder Freight,Developer,Platform Engineer,Canada,AMER,Webinar,Inbound Marketing,CMP-034,Copilot API Beta — EMEA 2026-03,Webinar,Webinar,64,B,false,false,0,MQL,2025-08-07,,,true,false,false,,4,1,U-023,,,
LEAD-11609,2025-04-26,Pallas Learning,Product Manager,Director of Product,Brazil,AMER,Conference,Inbound Marketing,CMP-035,Q3 Pipeline Push — EMEA 2026-05,Conference,Conference,51,B,false,false,0,MQL,2025-05-14,,,true,false,false,,4,5,U-024,,,
LEAD-11610,2026-02-04,Umbra Digital,Engineering Leader,Director of Engineering,Spain,EMEA,Docs & Quickstarts,Product,CMP-025,Migrate off Legacy SMS — EMEA 2025-09,Docs & Quickstarts,Docs & Quickstarts,87,A,true,false,97,MQL,2026-02-09,,,true,false,false,,,1,,,,
LEAD-11611,2025-10-04,Pallas Health,Product Manager,Senior PM,Australia,APAC,Docs & Quickstarts,Product,CMP-024,Verify Fraud Playbook — AMER 2025-05,Docs & Quickstarts,Customer Referral,53,B,true,true,75,SQL,2025-10-07,2025-10-10,,true,true,false,,,1,,U-006,,
LEAD-11612,2025-06-30,Beacon Freight,Developer,Platform Engineer,Japan,APAC,Organic Search,Inbound Marketing,CMP-012,AI Search Visibility — AMER 2026-07,Organic Search,Organic Search,72,A,false,false,0,Converted,2025-07-21,2025-08-07,2025-08-12,true,true,true,,4,7,U-016,U-006,ACC-1084,OPP-20323
LEAD-11613,2025-12-06,Vertex Technologies,Engineering Leader,VP Engineering,UAE,EMEA,Developer Community,Inbound Marketing,CMP-029,Build a Support Agent — EMEA 2025-11,Developer Community,Developer Community,73,A,false,false,0,MQL,2025-12-09,,,true,false,false,,1,8,U-018,,,
LEAD-11614,2026-08-12,Beacon Travel,Procurement / Finance,Head of Vendor Management,Colombia,LATAM,Webinar,Product,CMP-034,Copilot API Beta — EMEA 2026-03,Webinar,Webinar,64,B,true,false,77,SQL,2026-08-16,2026-08-24,,true,true,false,,,1,,U-008,,
LEAD-11615,2026-01-21,Lumen Logistics,Developer,Software Engineer,Brazil,AMER,Paid Search,Inbound Marketing,CMP-002,Studio for Product Teams — AMER 2025-08,Paid Search,Paid Search,82,A,false,false,0,Converted,2026-01-25,2026-02-12,2026-02-25,true,true,true,,2,6,U-018,U-008,ACC-1096,OPP-20324
LEAD-11616,2026-09-19,Cobalt Learning,Engineering Leader,CTO,Brazil,AMER,Paid Search,Product,CMP-001,Copilot API Beta — AMER 2026-02,Paid Search,Webinar,87,A,true,true,27,Disqualified,,,,false,false,false,Student / hobby project,,1,,,,
LEAD-11617,2026-07-23,Quanta Technologies,CX / Support Leader,Director of Service Ops,United States,AMER,Docs & Quickstarts,Inbound Marketing,CMP-028,Migrate off Legacy SMS — AMER 2025-11,Docs & Quickstarts,Docs & Quickstarts,88,A,false,true,0,SQL,2026-07-24,2026-08-14,,true,true,false,,2,5,U-022,U-010,,
LEAD-11618,2026-03-03,Harbor Pay,Developer,Platform Engineer,United States,AMER,Docs & Quickstarts,Product,CMP-023,Q3 Pipeline Push — AMER 2025-06,Docs & Quickstarts,Docs & Quickstarts,57,B,true,false,56,New,,,,false,false,false,,,1,,,,
LEAD-11619,2026-07-02,Juniper Labs,CX / Support Leader,Director of Service Ops,Singapore,APAC,Conference,Inbound Marketing,CMP-036,Compliance & HIPAA — AMER 2026-04,Conference,Conference,68,B,false,false,0,MQL,2026-07-02,,,true,false,false,,2,7,U-016,,,
LEAD-11620,2025-07-01,Kestrel Retail,Developer,Senior Backend Engineer,UAE,EMEA,Webinar,Product,CMP-034,Copilot API Beta — EMEA 2026-03,Webinar,Webinar,49,C,true,true,82,MQL,2025-07-22,,,true,false,false,,,1,,,,
LEAD-11621,2026-08-18,Aster Mobility,Developer,Senior Backend Engineer,Mexico,AMER,Organic Search,Product,CMP-013,Verify Fraud Playbook — LATAM 2026-01,Organic Search,Organic Search,56,B,true,true,74,New,,,,false,false,false,,,2,,,,
LEAD-11622,2026-08-19,Solstice Retail,Engineering Leader,CTO,United States,AMER,Webinar,Inbound Marketing,CMP-033,Developer Docs Refresh — EMEA 2026-07,Webinar,Webinar,75,A,false,false,0,New,,,,false,false,false,,1,11,U-026,,,
LEAD-11623,2025-06-27,Cobalt Bank,Developer,Platform Engineer,Sweden,EMEA,Docs & Quickstarts,Product,CMP-023,Q3 Pipeline Push — AMER 2025-06,Docs & Quickstarts,Partner / Marketplace,81,A,true,false,80,Working,,,,false,false,false,,,1,,,,
LEAD-11624,2026-06-21,Orbital Works,Procurement / Finance,Finance Director,UAE,EMEA,Developer Community,Product,CMP-030,Latency Benchmark — AMER 2025-08,Developer Community,Developer Community,98,A,true,false,14,Nurture,2026-06-27,,,true,false,false,,,0,,,,
LEAD-11625,2026-09-13,Aster Labs,Developer,Platform Engineer,Mexico,AMER,Partner / Marketplace,Partner / Referral,CMP-043,Latency Benchmark — APAC 2026-01,Partner / Marketplace,Partner / Marketplace,72,A,true,true,98,MQL,2026-09-29,,,true,false,false,,,0,,,,
LEAD-11626,2026-03-17,Pallas Bank,Product Manager,Director of Product,Sweden,EMEA,Paid Search,Inbound Marketing,CMP-006,AI Search Visibility — AMER 2026-02,Paid Search,Conference,48,C,false,false,0,Converted,2026-03-31,2026-04-03,2026-04-08,true,true,true,,1,8,U-020,U-002,ACC-1019,OPP-20325
LEAD-11627,2026-01-08,Solstice Digital,Developer,Staff Engineer,United States,AMER,Organic Search,Inbound Marketing,CMP-017,Latency Benchmark — AMER 2026-05,Organic Search,Organic Search,75,A,false,false,0,Working,,,,false,false,false,,0,9,U-021,,,
LEAD-11628,2025-09-14,Halcyon Market,Developer,Staff Engineer,Brazil,AMER,Partner / Marketplace,Partner / Referral,CMP-043,Latency Benchmark — APAC 2026-01,Partner / Marketplace,Partner / Marketplace,73,A,true,false,58,SQL,2025-09-17,2025-10-11,,true,true,false,,,1,,U-006,,
LEAD-11629,2026-04-07,Juniper Systems,Product Manager,Head of Product,Argentina,LATAM,Developer Community,Product,CMP-029,Build a Support Agent — EMEA 2025-11,Developer Community,Conference,60,B,true,false,83,MQL,2026-04-16,,,true,false,false,,,0,,,,
LEAD-11630,2026-07-03,Lumen Gaming,Procurement / Finance,Finance Director,United States,AMER,Docs & Quickstarts,Product,CMP-028,Migrate off Legacy SMS — AMER 2025-11,Docs & Quickstarts,Docs & Quickstarts,70,A,true,false,10,MQL,2026-07-21,,,true,false,false,,,0,,,,
LEAD-11631,2026-04-08,Sable Labs,Developer,Senior Backend Engineer,Indonesia,APAC,Outbound Sequence,Outbound,CMP-037,Verify Fraud Playbook — EMEA 2025-04,Outbound Sequence,Outbound Sequence,39,C,false,false,0,New,,,,false,false,false,,3,1,U-024,,,
LEAD-11632,2026-05-08,Lattice Group,Developer,Staff Engineer,Germany,EMEA,Conference,Inbound Marketing,CMP-036,Compliance & HIPAA — AMER 2026-04,Conference,Conference,50,B,false,false,0,Converted,2026-05-22,2026-06-11,2026-07-15,true,true,true,,2,10,U-022,U-011,ACC-1110,OPP-20326
LEAD-11633,2025-05-29,Pallas Freight,Product Manager,Senior PM,Japan,APAC,Outbound Sequence,Outbound,CMP-039,Studio for Product Teams — EMEA 2026-02,Outbound Sequence,AI Assistant Referral,36,C,false,false,0,New,,,,false,false,false,,1,8,U-020,,,
LEAD-11634,2025-08-15,Umbra Technologies,Developer,Software Engineer,Indonesia,APAC,Paid Search,Inbound Marketing,CMP-001,Copilot API Beta — AMER 2026-02,Paid Search,Organic Search,61,B,false,false,0,MQL,2025-08-24,,,true,false,false,,3,3,U-027,,,
LEAD-11635,2026-05-10,Juniper Mobility,Developer,Staff Engineer,Canada,AMER,Conference,Inbound Marketing,CMP-036,Compliance & HIPAA — AMER 2026-04,Conference,Conference,69,B,false,false,0,Converted,2026-05-14,2026-05-20,2026-05-28,true,true,true,,2,6,U-018,U-005,ACC-1049,OPP-20327
LEAD-11636,2025-06-18,Zephyr Technologies,Developer,Platform Engineer,Sweden,EMEA,Outbound Sequence,Outbound,CMP-040,AI Search Visibility — AMER 2026-05,Outbound Sequence,Outbound Sequence,23,D,false,true,0,Disqualified,,,,false,false,false,No budget,3,5,U-019,,,
LEAD-11637,2026-02-02,Ember Mobility,Procurement / Finance,Head of Vendor Management,Canada,AMER,Docs & Quickstarts,Product,CMP-025,Migrate off Legacy SMS — EMEA 2025-09,Docs & Quickstarts,Docs & Quickstarts,100,A,true,true,76,New,,,,false,false,false,,,2,,,,
LEAD-11638,2025-09-15,Dovetail Care,Procurement / Finance,Procurement Manager,Brazil,AMER,Organic Search,Product,CMP-018,Voice Agents Launch — AMER 2025-11,Organic Search,Docs & Quickstarts,93,A,true,true,82,MQL,2025-09-25,,,true,false,false,,,2,,,,
LEAD-11639,2026-05-13,Beacon Group,Developer,Senior Backend Engineer,United States,AMER,Organic Search,Inbound Marketing,CMP-015,Studio for Product Teams — AMER 2025-11,Organic Search,Organic Search,29,D,false,true,0,New,,,,false,false,false,,3,4,U-015,,,
LEAD-11640,2025-05-14,Wexler Gaming,Procurement / Finance,Procurement Manager,Mexico,AMER,Customer Referral,Partner / Referral,CMP-045,Compliance & HIPAA — AMER 2025-09,Customer Referral,Customer Referral,83,A,true,false,10,Nurture,2025-05-20,,,true,false,false,,,1,,,,
LEAD-11641,2025-09-01,Pallas Market,CX / Support Leader,Head of Support,India,APAC,Docs & Quickstarts,Product,CMP-025,Migrate off Legacy SMS — EMEA 2025-09,Docs & Quickstarts,Docs & Quickstarts,95,A,true,true,88,MQL,2025-09-01,,,true,false,false,,,1,,,,
LEAD-11642,2026-06-28,Orbital Mobility,Engineering Leader,VP Engineering,Canada,AMER,Organic Search,Product,CMP-018,Voice Agents Launch — AMER 2025-11,Organic Search,Organic Search,57,B,true,false,7,MQL,2026-06-28,,,true,false,false,,,1,,,,
LEAD-11643,2025-12-09,Lumen Technologies,CX / Support Leader,VP Customer Experience,Germany,EMEA,AI Assistant Referral,Product,CMP-021,Latency Benchmark — LATAM 2025-09,AI Assistant Referral,AI Assistant Referral,99,A,true,false,64,Disqualified,,,,false,false,false,No budget,,2,,,,
LEAD-11644,2026-03-21,Wexler Retail,CX / Support Leader,Director of Service Ops,Spain,EMEA,Organic Search,Inbound Marketing,CMP-017,Latency Benchmark — AMER 2026-05,Organic Search,Docs & Quickstarts,78,A,false,false,0,SQL,2026-03-25,2026-04-20,,true,true,false,,2,7,U-025,U-014,,
LEAD-11645,2026-03-13,Zephyr Works,Product Manager,Product Manager,Spain,EMEA,Paid Social,Inbound Marketing,CMP-010,Migrate off Legacy SMS — LATAM 2025-06,Paid Social,Paid Social,48,C,false,false,0,MQL,2026-04-01,,,true,false,false,,0,7,U-021,,,
LEAD-11646,2026-01-22,Halcyon Pay,CX / Support Leader,VP Customer Experience,Mexico,AMER,Organic Search,Product,CMP-018,Voice Agents Launch — AMER 2025-11,Organic Search,Organic Search,97,A,true,true,75,New,,,,false,false,false,,,2,,,,
LEAD-11647,2025-08-03,Ember Systems,Engineering Leader,CTO,Japan,APAC,Organic Search,Product,CMP-011,Developer Docs Refresh — LATAM 2025-04,Organic Search,Organic Search,94,A,true,true,88,Working,,,,false,false,false,,,0,,,,
LEAD-11648,2025-08-06,Rivet Mobility,CX / Support Leader,Director of Service Ops,UAE,EMEA,Developer Community,Product,CMP-031,Developer Docs Refresh — EMEA 2026-07,Developer Community,Outbound Sequence,72,A,true,true,80,Converted,2025-08-19,2025-09-03,2025-09-16,true,true,true,,,1,,U-005,ACC-1047,OPP-20328
LEAD-11649,2026-04-28,Orbital Cloud,Developer,Staff Engineer,Australia,APAC,Partner / Marketplace,Partner / Referral,CMP-042,Migrate off Legacy SMS — AMER 2025-04,Partner / Marketplace,Partner / Marketplace,51,B,true,false,17,SQL,2026-05-02,2026-05-15,,true,true,false,,,1,,U-014,,
LEAD-11650,2025-12-13,Cobalt Freight,Developer,Software Engineer,Mexico,AMER,Organic Search,Product,CMP-011,Developer Docs Refresh — LATAM 2025-04,Organic Search,Paid Search,53,B,true,false,5,MQL,2025-12-15,,,true,false,false,,,1,,,,
LEAD-11651,2025-12-29,Vantage Freight,Engineering Leader,Head of Platform,United States,AMER,Conference,Inbound Marketing,CMP-035,Q3 Pipeline Push — EMEA 2026-05,Conference,Developer Community,43,C,false,false,0,SQL,2026-01-03,2026-01-23,,true,true,false,,3,8,U-018,U-002,,
LEAD-11652,2026-09-19,Zephyr Mobility,Developer,Staff Engineer,United Kingdom,EMEA,Developer Community,Product,CMP-031,Developer Docs Refresh — EMEA 2026-07,Developer Community,Developer Community,59,B,true,false,36,MQL,2026-10-05,,,true,false,false,,,1,,,,
LEAD-11653,2025-10-02,Juniper Systems,Engineering Leader,Director of Engineering,Canada,AMER,Organic Search,Product,CMP-015,Studio for Product Teams — AMER 2025-11,Organic Search,AI Assistant Referral,100,A,true,false,92,MQL,2025-10-21,,,true,false,false,,,1,,,,
LEAD-11654,2026-06-21,Ember Insure,Product Manager,Head of Product,Sweden,EMEA,Organic Search,Inbound Marketing,CMP-011,Developer Docs Refresh — LATAM 2025-04,Organic Search,Organic Search,66,B,false,false,0,MQL,2026-07-01,,,true,false,false,,1,7,U-020,,,
LEAD-11655,2025-04-27,Harbor Freight,Developer,Staff Engineer,United Kingdom,EMEA,Outbound Sequence,Outbound,CMP-038,Migrate off Legacy SMS — AMER 2025-04,Outbound Sequence,Outbound Sequence,33,C,false,false,0,Disqualified,,,,false,false,false,Competitor,3,2,U-019,,,
LEAD-11656,2025-06-09,Onyx Labs,Engineering Leader,VP Engineering,Sweden,EMEA,Paid Social,Inbound Marketing,CMP-009,Copilot API Beta — AMER 2026-01,Paid Social,Paid Social,30,C,false,false,0,MQL,2025-06-20,,,true,false,false,,1,8,U-018,,,
LEAD-11657,2026-02-10,Solstice Group,Developer,Software Engineer,Germany,EMEA,Outbound Sequence,Outbound,CMP-040,AI Search Visibility — AMER 2026-05,Outbound Sequence,Developer Community,61,B,false,false,0,MQL,2026-02-27,,,true,false,false,,2,5,U-019,,,
LEAD-11658,2026-08-11,Juniper Retail,Developer,Staff Engineer,Netherlands,EMEA,Conference,Inbound Marketing,CMP-035,Q3 Pipeline Push — EMEA 2026-05,Conference,Conference,55,B,false,false,0,Converted,2026-08-17,2026-08-19,2026-09-04,true,true,true,,2,6,U-017,U-010,ACC-1004,OPP-20329
LEAD-11659,2025-12-05,Foundry Health,Developer,Software Engineer,India,APAC,Outbound Sequence,Outbound,CMP-037,Verify Fraud Playbook — EMEA 2025-04,Outbound Sequence,Outbound Sequence,17,D,false,false,0,Working,,,,false,false,false,,1,1,U-020,,,
LEAD-11660,2025-08-19,Lattice Mobility,Developer,Senior Backend Engineer,Australia,APAC,Paid Social,Inbound Marketing,CMP-009,Copilot API Beta — AMER 2026-01,Paid Social,Paid Social,17,D,false,false,0,Working,,,,false,false,false,,2,1,U-015,,,
LEAD-11661,2025-12-20,Tundra Labs,Product Manager,Director of Product,Spain,EMEA,Paid Social,Inbound Marketing,CMP-007,Developer Docs Refresh — EMEA 2025-05,Paid Social,Paid Social,43,C,false,false,0,Working,,,,false,false,false,,1,10,U-023,,,
LEAD-11662,2025-06-26,Zephyr Freight,Developer,Senior Backend Engineer,France,EMEA,Organic Search,Product,CMP-016,Q3 Pipeline Push — AMER 2026-04,Organic Search,Docs & Quickstarts,61,B,true,true,74,Nurture,2025-07-05,,,true,false,false,,,2,,,,
LEAD-11663,2025-07-28,Beacon Technologies,CX / Support Leader,Head of Support,France,EMEA,Conference,Inbound Marketing,CMP-036,Compliance & HIPAA — AMER 2026-04,Conference,Conference,66,B,false,false,0,Disqualified,,,,false,false,false,Went silent,1,1,U-023,,,
LEAD-11664,2025-10-26,Pallas Group,Product Manager,Director of Product,Mexico,AMER,Conference,Inbound Marketing,CMP-036,Compliance & HIPAA — AMER 2026-04,Conference,Conference,24,D,false,false,0,Disqualified,,,,false,false,false,Student / hobby project,1,5,U-025,,,
LEAD-11665,2025-05-07,Foundry Logistics,CX / Support Leader,Director of Service Ops,France,EMEA,Docs & Quickstarts,Product,CMP-026,Studio for Product Teams — AMER 2025-08,Docs & Quickstarts,Docs & Quickstarts,92,A,true,true,11,Converted,2025-05-22,2025-06-07,2025-06-17,true,true,true,,,0,,U-003,ACC-1077,OPP-20330
LEAD-11666,2025-10-10,Vantage Group,Product Manager,Product Manager,Mexico,AMER,Organic Search,Product,CMP-011,Developer Docs Refresh — LATAM 2025-04,Organic Search,Organic Search,73,A,true,true,7,Converted,2025-10-11,2025-10-31,2025-11-11,true,true,true,,,2,,U-005,ACC-1052,OPP-20331
LEAD-11667,2026-06-02,Zephyr Digital,Engineering Leader,Head of Platform,Canada,AMER,Webinar,Inbound Marketing,CMP-032,Copilot API Beta — AMER 2025-12,Webinar,Webinar,56,B,false,false,0,MQL,2026-06-19,,,true,false,false,,3,10,U-015,,,
LEAD-11668,2026-04-13,Ember Market,Developer,Software Engineer,United States,AMER,Organic Search,Inbound Marketing,CMP-014,Compliance & HIPAA — APAC 2025-09,Organic Search,Organic Search,68,B,false,false,0,MQL,2026-05-04,,,true,false,false,,1,1,U-025,,,
LEAD-11669,2026-01-01,Lumen Market,Developer,Platform Engineer,Netherlands,EMEA,Webinar,Inbound Marketing,CMP-033,Developer Docs Refresh — EMEA 2026-07,Webinar,Webinar,39,C,false,false,0,Working,,,,false,false,false,,1,9,U-024,,,
LEAD-11670,2026-04-12,Meridian Health,Developer,Staff Engineer,Spain,EMEA,Organic Search,Inbound Marketing,CMP-012,AI Search Visibility — AMER 2026-07,Organic Search,Paid Social,36,C,false,false,0,Disqualified,,,,false,false,false,No budget,1,3,U-016,,,
LEAD-11671,2025-09-04,Harbor Health,Product Manager,Product Manager,Brazil,AMER,Docs & Quickstarts,Product,CMP-028,Migrate off Legacy SMS — AMER 2025-11,Docs & Quickstarts,Docs & Quickstarts,81,A,true,false,96,Converted,2025-09-21,2025-10-03,2025-10-07,true,true,true,,,1,,U-006,ACC-1018,OPP-20332
LEAD-11672,2026-03-30,Orbital Health,Developer,Platform Engineer,Chile,LATAM,Organic Search,Product,CMP-011,Developer Docs Refresh — LATAM 2025-04,Organic Search,Organic Search,55,B,true,false,26,MQL,2026-04-12,,,true,false,false,,,0,,,,
LEAD-11673,2026-03-21,Solstice Travel,Developer,Staff Engineer,Japan,APAC,AI Assistant Referral,Product,CMP-022,Q3 Pipeline Push — AMER 2025-10,AI Assistant Referral,Customer Referral,66,B,true,true,11,Converted,2026-04-11,2026-04-22,2026-05-16,true,true,true,,,1,,U-006,ACC-1087,OPP-20333
LEAD-11674,2025-12-23,Tundra Health,Developer,Staff Engineer,Indonesia,APAC,Paid Search,Inbound Marketing,CMP-004,Cut Your Deflection Cost — AMER 2025-11,Paid Search,Paid Search,34,C,false,false,0,Disqualified,,,,false,false,false,Student / hobby project,2,5,U-018,,,
LEAD-11675,2026-08-13,Onyx Cloud,Developer,Software Engineer,Mexico,AMER,AI Assistant Referral,Inbound Marketing,CMP-019,Studio for Product Teams — APAC 2026-02,AI Assistant Referral,Customer Referral,65,B,false,false,0,Disqualified,,,,false,false,false,Went silent,3,1,U-026,,,
LEAD-11676,2026-04-12,Beacon Group,Developer,Platform Engineer,Singapore,APAC,Paid Social,Inbound Marketing,CMP-008,Developer Docs Refresh — EMEA 2026-02,Paid Social,Paid Social,36,C,false,false,0,MQL,2026-05-01,,,true,false,false,,1,5,U-027,,,
LEAD-11677,2026-06-21,Kestrel Freight,Engineering Leader,CTO,Canada,AMER,Docs & Quickstarts,Product,CMP-025,Migrate off Legacy SMS — EMEA 2025-09,Docs & Quickstarts,Docs & Quickstarts,86,A,true,false,26,SQL,2026-06-25,2026-07-14,,true,true,false,,,0,,U-001,,
LEAD-11678,2025-09-19,Harbor Market,Procurement / Finance,Head of Vendor Management,Netherlands,EMEA,Organic Search,Inbound Marketing,CMP-014,Compliance & HIPAA — APAC 2025-09,Organic Search,Organic Search,100,A,false,false,0,SQL,2025-09-26,2025-10-11,,true,true,false,,2,9,U-015,U-003,,
LEAD-11679,2026-04-17,Tundra Bank,Engineering Leader,CTO,Germany,EMEA,Docs & Quickstarts,Product,CMP-023,Q3 Pipeline Push — AMER 2025-06,Docs & Quickstarts,Organic Search,65,B,true,true,5,MQL,2026-04-29,,,true,false,false,,,1,,,,
LEAD-11680,2025-10-23,Harbor Retail,CX / Support Leader,VP Customer Experience,Mexico,AMER,Docs & Quickstarts,Product,CMP-026,Studio for Product Teams — AMER 2025-08,Docs & Quickstarts,Docs & Quickstarts,76,A,true,true,69,Disqualified,,,,false,false,false,No budget,,2,,,,
LEAD-11681,2025-09-02,Foundry Retail,CX / Support Leader,Contact Centre Manager,United States,AMER,Organic Search,Product,CMP-011,Developer Docs Refresh — LATAM 2025-04,Organic Search,Paid Social,100,A,true,false,60,SQL,2025-09-23,2025-09-25,,true,true,false,,,0,,U-002,,
LEAD-11682,2025-11-29,Zephyr Works,CX / Support Leader,Head of Support,France,EMEA,Developer Community,Inbound Marketing,CMP-031,Developer Docs Refresh — EMEA 2026-07,Developer Community,Paid Search,55,B,false,false,0,Converted,2025-12-09,2026-01-02,2026-02-05,true,true,true,,2,6,U-018,U-012,ACC-1033,OPP-20334
LEAD-11683,2026-03-07,Lattice Digital,Procurement / Finance,CFO,UAE,EMEA,Partner / Marketplace,Partner / Referral,CMP-043,Latency Benchmark — APAC 2026-01,Partner / Marketplace,Partner / Marketplace,58,B,false,false,0,New,,,,false,false,false,,3,4,U-023,,,
LEAD-11684,2025-12-20,Halcyon Cloud,CX / Support Leader,VP Customer Experience,United States,AMER,Customer Referral,Partner / Referral,CMP-046,Migrate off Legacy SMS — AMER 2026-03,Customer Referral,Organic Search,100,A,true,true,26,Converted,2026-01-01,2026-01-26,2026-02-03,true,true,true,,,0,,U-013,ACC-1052,OPP-20335
LEAD-11685,2026-07-03,Zephyr Insure,Developer,Staff Engineer,Netherlands,EMEA,Paid Social,Product,CMP-007,Developer Docs Refresh — EMEA 2025-05,Paid Social,Paid Social,9,D,true,true,16,Disqualified,,,,false,false,false,Wrong geo,,0,,,,
LEAD-11686,2026-07-29,Vantage Labs,Developer,Staff Engineer,India,APAC,Paid Search,Inbound Marketing,CMP-003,Voice Agents Launch — EMEA 2025-12,Paid Search,Organic Search,53,B,false,false,0,Working,,,,false,false,false,,3,6,U-026,,,
LEAD-11687,2025-08-21,Kestrel Retail,CX / Support Leader,Director of Service Ops,Japan,APAC,Outbound Sequence,Outbound,CMP-038,Migrate off Legacy SMS — AMER 2025-04,Outbound Sequence,Outbound Sequence,39,C,false,false,0,Disqualified,,,,false,false,false,Wrong geo,1,5,U-024,,,
LEAD-11688,2026-01-19,Ember Mobility,Procurement / Finance,CFO,India,APAC,Organic Search,Product,CMP-018,Voice Agents Launch — AMER 2025-11,Organic Search,Docs & Quickstarts,72,A,true,true,78,MQL,2026-01-28,,,true,false,false,,,2,,,,
LEAD-11689,2026-02-20,Foundry Logistics,Developer,Software Engineer,Mexico,AMER,Organic Search,Product,CMP-015,Studio for Product Teams — AMER 2025-11,Organic Search,Organic Search,49,C,true,false,64,SQL,2026-03-12,2026-04-02,,true,true,false,,,1,,U-009,,
LEAD-11690,2026-02-15,Juniper Works,Product Manager,Senior PM,Germany,EMEA,AI Assistant Referral,Product,CMP-019,Studio for Product Teams — APAC 2026-02,AI Assistant Referral,Conference,82,A,true,true,67,SQL,2026-03-07,2026-03-27,,true,true,false,,,2,,U-001,,
LEAD-11691,2025-04-28,Dovetail Systems,Procurement / Finance,Procurement Manager,Argentina,LATAM,Paid Social,Product,CMP-008,Developer Docs Refresh — EMEA 2026-02,Paid Social,Paid Social,76,A,true,true,77,Converted,2025-05-10,2025-05-14,2025-06-10,true,true,true,,,1,,U-004,ACC-1075,OPP-20336
LEAD-11692,2026-09-17,Onyx Labs,Engineering Leader,CTO,Australia,APAC,Organic Search,Inbound Marketing,CMP-012,AI Search Visibility — AMER 2026-07,Organic Search,Webinar,78,A,false,false,0,Disqualified,,,,false,false,false,No use case,6,8,U-017,,,
LEAD-11693,2026-03-21,Halcyon Labs,Engineering Leader,Director of Engineering,India,APAC,AI Assistant Referral,Product,CMP-020,Q3 Pipeline Push — AMER 2025-12,AI Assistant Referral,AI Assistant Referral,88,A,true,true,18,Converted,2026-04-04,2026-04-22,2026-05-24,true,true,true,,,1,,U-009,ACC-1032,OPP-20337
LEAD-11694,2025-04-29,Tundra Bank,Developer,Platform Engineer,UAE,EMEA,Partner / Marketplace,Partner / Referral,CMP-044,Studio for Product Teams — AMER 2025-06,Partner / Marketplace,Conference,70,A,false,false,0,SQL,2025-04-29,2025-05-23,,true,true,false,,2,1,U-023,U-010,,
LEAD-11695,2026-07-09,Cobalt Travel,Developer,Platform Engineer,Chile,LATAM,Developer Community,Product,CMP-029,Build a Support Agent — EMEA 2025-11,Developer Community,Developer Community,46,C,true,true,20,MQL,2026-07-20,,,true,false,false,,,1,,,,
LEAD-11696,2026-03-11,Cobalt Mobility,Engineering Leader,CTO,Canada,AMER,Conference,Inbound Marketing,CMP-036,Compliance & HIPAA — AMER 2026-04,Conference,Paid Social,70,A,false,false,0,MQL,2026-03-13,,,true,false,false,,4,3,U-026,,,
LEAD-11697,2025-09-07,Zephyr Labs,CX / Support Leader,Director of Service Ops,Netherlands,EMEA,Docs & Quickstarts,Inbound Marketing,CMP-027,Cut Your Deflection Cost — APAC 2025-05,Docs & Quickstarts,Docs & Quickstarts,79,A,false,false,0,New,,,,false,false,false,,2,10,U-025,,,
LEAD-11698,2025-11-16,Kestrel Market,Developer,Senior Backend Engineer,France,EMEA,Organic Search,Product,CMP-012,AI Search Visibility — AMER 2026-07,Organic Search,Organic Search,73,A,true,false,58,Disqualified,,,,false,false,false,Went silent,,1,,,,
LEAD-11699,2026-09-17,Kestrel Health,Procurement / Finance,CFO,United States,AMER,Developer Community,Product,CMP-029,Build a Support Agent — EMEA 2025-11,Developer Community,Developer Community,65,B,true,false,71,Converted,2026-10-01,2026-10-27,2026-11-22,true,true,true,,,0,,U-009,ACC-1094,OPP-20338
LEAD-11700,2025-11-30,Solstice Cloud,Engineering Leader,CTO,Singapore,APAC,Outbound Sequence,Outbound,CMP-039,Studio for Product Teams — EMEA 2026-02,Outbound Sequence,Outbound Sequence,44,C,false,true,0,Nurture,2025-12-11,,,true,false,false,,1,11,U-017,,,
LEAD-11701,2026-05-08,Pallas Works,Developer,Software Engineer,Indonesia,APAC,Paid Search,Inbound Marketing,CMP-006,AI Search Visibility — AMER 2026-02,Paid Search,Customer Referral,70,A,false,false,0,Working,,,,false,false,false,,0,2,U-027,,,
LEAD-11702,2026-06-19,Tundra Care,Product Manager,Director of Product,Canada,AMER,Paid Search,Inbound Marketing,CMP-002,Studio for Product Teams — AMER 2025-08,Paid Search,Paid Social,57,B,false,false,0,SQL,2026-07-03,2026-07-15,,true,true,false,,1,11,U-027,U-009,,
LEAD-11703,2026-04-29,Kestrel Care,Product Manager,Product Manager,India,APAC,Paid Search,Inbound Marketing,CMP-004,Cut Your Deflection Cost — AMER 2025-11,Paid Search,Paid Search,51,B,false,false,0,MQL,2026-05-03,,,true,false,false,,3,3,U-015,,,
LEAD-11704,2026-09-14,Rivet Labs,Product Manager,Senior PM,Brazil,AMER,Developer Community,Product,CMP-029,Build a Support Agent — EMEA 2025-11,Developer Community,Customer Referral,77,A,true,false,93,Converted,2026-09-17,2026-10-08,2026-10-11,true,true,true,,,1,,U-012,ACC-1123,OPP-20339
LEAD-11705,2026-02-19,Tundra Health,Engineering Leader,CTO,India,APAC,Organic Search,Product,CMP-017,Latency Benchmark — AMER 2026-05,Organic Search,Organic Search,71,A,true,false,11,Converted,2026-03-10,2026-04-05,2026-04-08,true,true,true,,,2,,U-009,ACC-1024,OPP-20340
LEAD-11706,2026-06-08,Cobalt Insure,Procurement / Finance,Finance Director,United Kingdom,EMEA,Organic Search,Product,CMP-015,Studio for Product Teams — AMER 2025-11,Organic Search,Organic Search,76,A,true,true,20,Nurture,2026-06-29,,,true,false,false,,,1,,,,
LEAD-11707,2026-01-23,Juniper Digital,CX / Support Leader,Head of Support,Canada,AMER,Organic Search,Product,CMP-016,Q3 Pipeline Push — AMER 2026-04,Organic Search,Conference,93,A,true,false,11,Nurture,2026-02-10,,,true,false,false,,,2,,,,
LEAD-11708,2025-12-12,Zephyr Cloud,Developer,Software Engineer,Spain,EMEA,Paid Social,Inbound Marketing,CMP-010,Migrate off Legacy SMS — LATAM 2025-06,Paid Social,Paid Search,13,D,false,false,0,Disqualified,,,,false,false,false,Duplicate,1,7,U-020,,,
LEAD-11709,2025-11-30,Orbital Insure,Engineering Leader,Director of Engineering,UAE,EMEA,Paid Search,Product,CMP-002,Studio for Product Teams — AMER 2025-08,Paid Search,Paid Search,91,A,true,true,87,Disqualified,,,,false,false,false,No use case,,2,,,,
LEAD-11710,2025-09-02,Cinder Logistics,Engineering Leader,Head of Platform,Colombia,LATAM,Paid Search,Product,CMP-005,Migrate off Legacy SMS — AMER 2025-12,Paid Search,Paid Search,92,A,true,false,61,Converted,2025-09-17,2025-10-06,2025-10-20,true,true,true,,,2,,U-002,ACC-1084,OPP-20341
LEAD-11711,2026-06-15,Meridian Logistics,Product Manager,Head of Product,UAE,EMEA,Customer Referral,Partner / Referral,CMP-046,Migrate off Legacy SMS — AMER 2026-03,Customer Referral,Customer Referral,43,C,false,false,0,MQL,2026-06-28,,,true,false,false,,2,9,U-020,,,
LEAD-11712,2025-09-07,Wexler Bank,Engineering Leader,Head of Platform,Spain,EMEA,Paid Search,Inbound Marketing,CMP-005,Migrate off Legacy SMS — AMER 2025-12,Paid Search,Paid Search,62,B,false,false,0,Converted,2025-09-18,2025-10-03,2025-10-31,true,true,true,,3,1,U-017,U-009,ACC-1073,OPP-20342
LEAD-11713,2026-05-07,Wexler Insure,Developer,Platform Engineer,Mexico,AMER,Paid Social,Inbound Marketing,CMP-009,Copilot API Beta — AMER 2026-01,Paid Social,Developer Community,37,C,false,false,0,Working,,,,false,false,false,,3,1,U-024,,,
LEAD-11714,2026-08-10,Foundry Labs,Product Manager,Senior PM,Indonesia,APAC,Conference,Inbound Marketing,CMP-035,Q3 Pipeline Push — EMEA 2026-05,Conference,Webinar,51,B,false,false,0,MQL,2026-08-29,,,true,false,false,,2,11,U-018,,,
LEAD-11715,2026-02-17,Orbital Works,Engineering Leader,Head of Platform,Mexico,AMER,Partner / Marketplace,Partner / Referral,CMP-044,Studio for Product Teams — AMER 2025-06,Partner / Marketplace,Partner / Marketplace,99,A,true,true,33,SQL,2026-03-03,2026-03-10,,true,true,false,,,0,,U-005,,
LEAD-11716,2025-11-07,Dovetail Learning,Developer,Staff Engineer,Canada,AMER,Organic Search,Product,CMP-013,Verify Fraud Playbook — LATAM 2026-01,Organic Search,Organic Search,75,A,true,true,25,Disqualified,,,,false,false,false,Competitor,,1,,,,
LEAD-11717,2026-06-14,Umbra Logistics,CX / Support Leader,VP Customer Experience,Brazil,AMER,Partner / Marketplace,Partner / Referral,CMP-043,Latency Benchmark — APAC 2026-01,Partner / Marketplace,Partner / Marketplace,82,A,true,true,53,Disqualified,,,,false,false,false,No use case,,2,,,,
LEAD-11718,2026-04-14,Tundra Cloud,Engineering Leader,Director of Engineering,Sweden,EMEA,Organic Search,Inbound Marketing,CMP-015,Studio for Product Teams — AMER 2025-11,Organic Search,Organic Search,81,A,false,false,0,Converted,2026-04-16,2026-04-18,2026-05-15,true,true,true,,2,11,U-026,U-012,ACC-1130,OPP-20343
LEAD-11719,2025-07-30,Beacon Care,Engineering Leader,CTO,Argentina,LATAM,Organic Search,Product,CMP-017,Latency Benchmark — AMER 2026-05,Organic Search,Conference,81,A,true,true,87,Nurture,2025-08-03,,,true,false,false,,,2,,,,
LEAD-11720,2025-11-14,Lumen Gaming,Developer,Staff Engineer,Sweden,EMEA,Outbound Sequence,Outbound,CMP-037,Verify Fraud Playbook — EMEA 2025-04,Outbound Sequence,Outbound Sequence,34,C,false,false,0,Disqualified,,,,false,false,false,No use case,2,3,U-016,,,
LEAD-11721,2025-04-06,Kestrel Care,Procurement / Finance,Finance Director,Spain,EMEA,Outbound Sequence,Outbound,CMP-039,Studio for Product Teams — EMEA 2026-02,Outbound Sequence,Outbound Sequence,43,C,false,false,0,Disqualified,,,,false,false,false,Went silent,1,4,U-023,,,
LEAD-11722,2026-04-10,Wexler Labs,Product Manager,Head of Product,Canada,AMER,Organic Search,Product,CMP-011,Developer Docs Refresh — LATAM 2025-04,Organic Search,Organic Search,59,B,true,false,27,Converted,2026-04-28,2026-05-13,2026-06-04,true,true,true,,,1,,U-014,ACC-1059,OPP-20344
LEAD-11723,2026-04-01,Halcyon Mobility,Developer,Senior Backend Engineer,Brazil,AMER,Docs & Quickstarts,Inbound Marketing,CMP-025,Migrate off Legacy SMS — EMEA 2025-09,Docs & Quickstarts,Docs & Quickstarts,22,D,false,true,0,Disqualified,,,,false,false,false,Went silent,0,1,U-024,,,
LEAD-11724,2026-01-16,Rivet Retail,Developer,Staff Engineer,Netherlands,EMEA,Paid Search,Product,CMP-005,Migrate off Legacy SMS — AMER 2025-12,Paid Search,Paid Search,75,A,true,false,59,Disqualified,,,,false,false,false,No budget,,0,,,,
LEAD-11725,2026-01-27,Pallas Health,Developer,Software Engineer,Mexico,AMER,Docs & Quickstarts,Product,CMP-024,Verify Fraud Playbook — AMER 2025-05,Docs & Quickstarts,Docs & Quickstarts,73,A,true,false,21,SQL,2026-02-17,2026-03-15,,true,true,false,,,2,,U-004,,
LEAD-11726,2026-02-16,Umbra Retail,CX / Support Leader,VP Customer Experience,Brazil,AMER,Paid Social,Product,CMP-008,Developer Docs Refresh — EMEA 2026-02,Paid Social,AI Assistant Referral,63,B,true,false,78,Working,,,,false,false,false,,,0,,,,
LEAD-11727,2026-06-25,Lattice Group,CX / Support Leader,Head of Support,Netherlands,EMEA,Paid Social,Inbound Marketing,CMP-010,Migrate off Legacy SMS — LATAM 2025-06,Paid Social,Docs & Quickstarts,51,B,false,false,0,Disqualified,,,,false,false,false,Went silent,3,3,U-023,,,
LEAD-11728,2025-04-18,Lumen Market,Developer,Platform Engineer,United States,AMER,Paid Social,Product,CMP-009,Copilot API Beta — AMER 2026-01,Paid Social,Webinar,31,C,true,true,97,Disqualified,,,,false,false,false,No use case,,1,,,,
LEAD-11729,2026-05-27,Rivet Market,Engineering Leader,Director of Engineering,Canada,AMER,Docs & Quickstarts,Inbound Marketing,CMP-027,Cut Your Deflection Cost — APAC 2025-05,Docs & Quickstarts,Docs & Quickstarts,72,A,false,false,0,New,,,,false,false,false,,2,7,U-026,,,
LEAD-11730,2025-09-14,Aster Digital,Developer,Platform Engineer,Canada,AMER,Organic Search,Inbound Marketing,CMP-013,Verify Fraud Playbook — LATAM 2026-01,Organic Search,Organic Search,89,A,false,false,0,Disqualified,,,,false,false,false,Duplicate,2,9,U-022,,,
LEAD-11731,2026-01-29,Tundra Pay,Developer,Staff Engineer,Sweden,EMEA,Paid Social,Inbound Marketing,CMP-008,Developer Docs Refresh — EMEA 2026-02,Paid Social,Paid Social,29,D,false,false,0,Disqualified,,,,false,false,false,Duplicate,4,7,U-019,,,
LEAD-11732,2025-12-31,Foundry Logistics,Developer,Software Engineer,Germany,EMEA,Paid Search,Inbound Marketing,CMP-001,Copilot API Beta — AMER 2026-02,Paid Search,Paid Search,64,B,false,false,0,Converted,2026-01-03,2026-01-17,2026-02-01,true,true,true,,4,7,U-015,U-010,ACC-1012,OPP-20345
LEAD-11733,2025-06-08,Juniper Logistics,Engineering Leader,Director of Engineering,Mexico,AMER,Docs & Quickstarts,Product,CMP-024,Verify Fraud Playbook — AMER 2025-05,Docs & Quickstarts,Docs & Quickstarts,97,A,true,true,97,Working,,,,false,false,false,,,0,,,,
LEAD-11734,2026-02-22,Halcyon Cloud,CX / Support Leader,Head of Support,United States,AMER,Organic Search,Product,CMP-017,Latency Benchmark — AMER 2026-05,Organic Search,Webinar,96,A,true,true,33,Converted,2026-03-01,2026-03-25,2026-04-25,true,true,true,,,0,,U-013,ACC-1112,OPP-20346
LEAD-11735,2025-07-18,Cinder Gaming,Developer,Senior Backend Engineer,United States,AMER,Developer Community,Product,CMP-029,Build a Support Agent — EMEA 2025-11,Developer Community,Developer Community,63,B,true,true,31,MQL,2025-07-24,,,true,false,false,,,2,,,,
LEAD-11736,2026-04-26,Quanta Freight,Product Manager,Product Manager,Brazil,AMER,Docs & Quickstarts,Product,CMP-023,Q3 Pipeline Push — AMER 2025-06,Docs & Quickstarts,Partner / Marketplace,71,A,true,true,99,Converted,2026-05-01,2026-05-05,2026-06-06,true,true,true,,,0,,U-007,ACC-1110,OPP-20347
LEAD-11737,2026-02-21,Aster Labs,Developer,Software Engineer,Canada,AMER,Conference,Inbound Marketing,CMP-035,Q3 Pipeline Push — EMEA 2026-05,Conference,Conference,42,C,false,false,0,Working,,,,false,false,false,,3,8,U-021,,,
LEAD-11738,2025-05-16,Rivet Technologies,Developer,Platform Engineer,Spain,EMEA,Paid Search,Inbound Marketing,CMP-006,AI Search Visibility — AMER 2026-02,Paid Search,Customer Referral,58,B,false,false,0,SQL,2025-05-21,2025-06-10,,true,true,false,,1,2,U-018,U-003,,
LEAD-11739,2026-03-25,Solstice Pay,Engineering Leader,VP Engineering,Mexico,AMER,Paid Search,Inbound Marketing,CMP-004,Cut Your Deflection Cost — AMER 2025-11,Paid Search,Customer Referral,59,B,false,false,0,Nurture,2026-04-13,,,true,false,false,,2,5,U-024,,,
LEAD-11740,2026-09-10,Pallas Market,Product Manager,Product Manager,Mexico,AMER,Organic Search,Inbound Marketing,CMP-014,Compliance & HIPAA — APAC 2025-09,Organic Search,Organic Search,42,C,false,false,0,New,,,,false,false,false,,0,10,U-017,,,
LEAD-11741,2026-05-07,Dovetail Mobility,Developer,Software Engineer,United States,AMER,Paid Social,Inbound Marketing,CMP-007,Developer Docs Refresh — EMEA 2025-05,Paid Social,Paid Social,25,D,false,false,0,New,,,,false,false,false,,0,4,U-020,,,
LEAD-11742,2026-07-05,Pallas Mobility,Developer,Staff Engineer,Sweden,EMEA,Organic Search,Product,CMP-018,Voice Agents Launch — AMER 2025-11,Organic Search,Organic Search,72,A,true,false,81,SQL,2026-07-09,2026-07-14,,true,true,false,,,1,,U-010,,
LEAD-11743,2026-08-16,North Bank,Developer,Platform Engineer,Spain,EMEA,Paid Search,Inbound Marketing,CMP-004,Cut Your Deflection Cost — AMER 2025-11,Paid Search,Organic Search,64,B,false,false,0,Disqualified,,,,false,false,false,No use case,3,7,U-022,,,
LEAD-11744,2025-10-22,Sable Health,Developer,Staff Engineer,Canada,AMER,Docs & Quickstarts,Product,CMP-026,Studio for Product Teams — AMER 2025-08,Docs & Quickstarts,Docs & Quickstarts,47,C,true,true,5,MQL,2025-10-24,,,true,false,false,,,2,,,,
LEAD-11745,2025-05-05,Dovetail Technologies,CX / Support Leader,VP Customer Experience,United States,AMER,Partner / Marketplace,Partner / Referral,CMP-043,Latency Benchmark — APAC 2026-01,Partner / Marketplace,Partner / Marketplace,60,B,false,false,0,Converted,2025-05-09,2025-05-12,2025-05-25,true,true,true,,3,5,U-021,U-014,ACC-1008,OPP-20348
LEAD-11746,2025-07-25,Foundry Care,Engineering Leader,Head of Platform,Australia,APAC,Conference,Inbound Marketing,CMP-035,Q3 Pipeline Push — EMEA 2026-05,Conference,Conference,56,B,false,false,0,Working,,,,false,false,false,,0,11,U-015,,,
LEAD-11747,2026-01-24,Juniper Labs,Product Manager,Head of Product,India,APAC,Outbound Sequence,Outbound,CMP-039,Studio for Product Teams — EMEA 2026-02,Outbound Sequence,Webinar,20,D,false,false,0,Working,,,,false,false,false,,2,10,U-021,,,
LEAD-11748,2025-08-03,Foundry Systems,Developer,Platform Engineer,Mexico,AMER,Paid Search,Inbound Marketing,CMP-002,Studio for Product Teams — AMER 2025-08,Paid Search,AI Assistant Referral,51,B,false,false,0,Converted,2025-08-24,2025-09-04,2025-09-12,true,true,true,,4,9,U-027,U-006,ACC-1025,OPP-20349
LEAD-11749,2025-07-16,Umbra Labs,Engineering Leader,CTO,India,APAC,Paid Search,Inbound Marketing,CMP-005,Migrate off Legacy SMS — AMER 2025-12,Paid Search,Paid Search,80,A,false,false,0,Working,,,,false,false,false,,2,3,U-020,,,
LEAD-11750,2025-09-30,Kestrel Insure,Developer,Platform Engineer,Japan,APAC,Organic Search,Product,CMP-012,AI Search Visibility — AMER 2026-07,Organic Search,Organic Search,55,B,true,false,52,Converted,2025-10-09,2025-10-15,2025-11-17,true,true,true,,,0,,U-014,ACC-1044,OPP-20350
LEAD-11751,2026-04-07,Pallas Market,Product Manager,Product Manager,Mexico,AMER,Paid Social,Inbound Marketing,CMP-010,Migrate off Legacy SMS — LATAM 2025-06,Paid Social,Paid Social,25,D,false,false,0,Disqualified,,,,false,false,false,Wrong geo,3,11,U-027,,,
LEAD-11752,2026-08-21,Meridian Digital,Engineering Leader,CTO,Brazil,AMER,Paid Search,Product,CMP-003,Voice Agents Launch — EMEA 2025-12,Paid Search,Paid Search,94,A,true,true,72,SQL,2026-09-09,2026-10-04,,true,true,false,,,1,,U-008,,
LEAD-11753,2025-07-16,Foundry Pay,Developer,Software Engineer,Indonesia,APAC,Outbound Sequence,Outbound,CMP-040,AI Search Visibility — AMER 2026-05,Outbound Sequence,Outbound Sequence,18,D,false,false,0,MQL,2025-07-26,,,true,false,false,,1,7,U-015,,,
LEAD-11754,2026-02-17,Wexler Systems,Developer,Senior Backend Engineer,Brazil,AMER,Paid Search,Inbound Marketing,CMP-004,Cut Your Deflection Cost — AMER 2025-11,Paid Search,Paid Search,59,B,false,true,0,New,,,,false,false,false,,3,8,U-027,,,
LEAD-11755,2026-09-10,Harbor Gaming,Product Manager,Director of Product,Mexico,AMER,Organic Search,Product,CMP-017,Latency Benchmark — AMER 2026-05,Organic Search,Organic Search,77,A,true,true,9,Disqualified,,,,false,false,false,No use case,,0,,,,
LEAD-11756,2025-11-01,Umbra Care,Developer,Software Engineer,Mexico,AMER,Organic Search,Inbound Marketing,CMP-017,Latency Benchmark — AMER 2026-05,Organic Search,Organic Search,34,C,false,false,0,Working,,,,false,false,false,,1,10,U-027,,,
LEAD-11757,2026-04-30,Meridian Pay,Developer,Platform Engineer,Sweden,EMEA,Organic Search,Inbound Marketing,CMP-015,Studio for Product Teams — AMER 2025-11,Organic Search,Customer Referral,43,C,false,false,0,Converted,2026-05-18,2026-05-25,2026-06-15,true,true,true,,0,10,U-019,U-013,ACC-1031,OPP-20351
LEAD-11758,2026-05-21,Vantage Pay,CX / Support Leader,Head of Support,Brazil,AMER,Organic Search,Inbound Marketing,CMP-018,Voice Agents Launch — AMER 2025-11,Organic Search,Organic Search,56,B,false,true,0,MQL,2026-06-11,,,true,false,false,,0,1,U-026,,,
LEAD-11759,2026-08-03,Rivet Market,Engineering Leader,Head of Platform,Mexico,AMER,Outbound Sequence,Outbound,CMP-041,Studio for Product Teams — AMER 2025-04,Outbound Sequence,Outbound Sequence,49,C,false,false,0,Working,,,,false,false,false,,1,2,U-020,,,
LEAD-11760,2025-10-02,Cobalt Travel,Engineering Leader,Director of Engineering,India,APAC,Organic Search,Inbound Marketing,CMP-013,Verify Fraud Playbook — LATAM 2026-01,Organic Search,Organic Search,66,B,false,false,0,Working,,,,false,false,false,,4,10,U-022,,,
LEAD-11761,2026-04-05,Aster Bank,Developer,Staff Engineer,UAE,EMEA,Conference,Inbound Marketing,CMP-035,Q3 Pipeline Push — EMEA 2026-05,Conference,Conference,17,D,false,false,0,Disqualified,,,,false,false,false,Went silent,2,1,U-017,,,
LEAD-11762,2026-04-23,Pallas Bank,Procurement / Finance,Head of Vendor Management,UAE,EMEA,Paid Search,Inbound Marketing,CMP-006,AI Search Visibility — AMER 2026-02,Paid Search,Paid Search,75,A,false,false,0,Converted,2026-04-28,2026-05-16,2026-06-01,true,true,true,,2,7,U-025,U-013,ACC-1030,OPP-20352
LEAD-11763,2025-04-04,Pallas Retail,Procurement / Finance,Finance Director,Germany,EMEA,Outbound Sequence,Outbound,CMP-040,AI Search Visibility — AMER 2026-05,Outbound Sequence,Organic Search,43,C,false,false,0,Converted,2025-04-09,2025-04-29,2025-05-02,true,true,true,,3,8,U-024,U-006,ACC-1004,OPP-20353
LEAD-11764,2026-07-14,Umbra Pay,Engineering Leader,Head of Platform,Spain,EMEA,Organic Search,Product,CMP-016,Q3 Pipeline Push — AMER 2026-04,Organic Search,Organic Search,80,A,true,true,94,MQL,2026-08-01,,,true,false,false,,,2,,,,
LEAD-11765,2025-05-08,Juniper Travel,Engineering Leader,Director of Engineering,Chile,LATAM,Organic Search,Product,CMP-015,Studio for Product Teams — AMER 2025-11,Organic Search,Paid Social,92,A,true,true,57,SQL,2025-05-16,2025-05-20,,true,true,false,,,2,,U-014,,
LEAD-11766,2025-12-30,Meridian Mobility,Developer,Platform Engineer,Australia,APAC,Partner / Marketplace,Partner / Referral,CMP-044,Studio for Product Teams — AMER 2025-06,Partner / Marketplace,Paid Search,62,B,false,false,0,Converted,2026-01-02,2026-01-28,2026-02-22,true,true,true,,3,4,U-024,U-012,ACC-1030,OPP-20354
LEAD-11767,2026-05-28,Vertex Learning,Engineering Leader,CTO,Brazil,AMER,Paid Social,Product,CMP-009,Copilot API Beta — AMER 2026-01,Paid Social,Customer Referral,51,B,true,false,80,MQL,2026-06-13,,,true,false,false,,,1,,,,
LEAD-11768,2026-07-13,Ember Freight,Engineering Leader,Director of Engineering,Canada,AMER,Organic Search,Product,CMP-018,Voice Agents Launch — AMER 2025-11,Organic Search,Paid Social,81,A,true,true,13,Disqualified,,,,false,false,false,Student / hobby project,,1,,,,
LEAD-11769,2026-05-07,Wexler Bank,Procurement / Finance,Procurement Manager,United States,AMER,AI Assistant Referral,Product,CMP-022,Q3 Pipeline Push — AMER 2025-10,AI Assistant Referral,AI Assistant Referral,71,A,true,false,68,Converted,2026-05-14,2026-05-18,2026-05-30,true,true,true,,,0,,U-002,ACC-1122,OPP-20355
LEAD-11770,2026-02-27,Pallas Pay,Engineering Leader,Head of Platform,Sweden,EMEA,Organic Search,Inbound Marketing,CMP-011,Developer Docs Refresh — LATAM 2025-04,Organic Search,Organic Search,63,B,false,false,0,SQL,2026-03-20,2026-03-25,,true,true,false,,1,9,U-020,U-011,,
LEAD-11771,2025-07-07,Onyx Labs,Engineering Leader,VP Engineering,United States,AMER,AI Assistant Referral,Product,CMP-020,Q3 Pipeline Push — AMER 2025-12,AI Assistant Referral,AI Assistant Referral,94,A,true,false,11,Converted,2025-07-10,2025-07-20,2025-07-31,true,true,true,,,2,,U-012,ACC-1064,OPP-20356
LEAD-11772,2026-01-15,Quanta Health,Engineering Leader,Head of Platform,United Kingdom,EMEA,Paid Search,Product,CMP-003,Voice Agents Launch — EMEA 2025-12,Paid Search,Docs & Quickstarts,74,A,true,true,28,New,,,,false,false,false,,,2,,,,
LEAD-11773,2026-04-14,Harbor Labs,Developer,Staff Engineer,Mexico,AMER,Organic Search,Product,CMP-013,Verify Fraud Playbook — LATAM 2026-01,Organic Search,Organic Search,80,A,true,true,73,New,,,,false,false,false,,,1,,,,
LEAD-11774,2025-07-15,Ember Care,Developer,Platform Engineer,United States,AMER,Paid Search,Product,CMP-002,Studio for Product Teams — AMER 2025-08,Paid Search,Paid Search,59,B,true,false,17,Nurture,2025-07-17,,,true,false,false,,,1,,,,
LEAD-11775,2026-01-17,Wexler Care,Product Manager,Director of Product,UAE,EMEA,Docs & Quickstarts,Product,CMP-026,Studio for Product Teams — AMER 2025-08,Docs & Quickstarts,Docs & Quickstarts,78,A,true,false,71,SQL,2026-02-04,2026-02-27,,true,true,false,,,0,,U-001,,
LEAD-11776,2026-01-17,Wexler Gaming,Engineering Leader,Head of Platform,Brazil,AMER,Organic Search,Product,CMP-014,Compliance & HIPAA — APAC 2025-09,Organic Search,Organic Search,86,A,true,false,99,Nurture,2026-02-04,,,true,false,false,,,2,,,,
LEAD-11777,2025-06-07,Zephyr Travel,CX / Support Leader,Contact Centre Manager,Colombia,LATAM,Organic Search,Inbound Marketing,CMP-018,Voice Agents Launch — AMER 2025-11,Organic Search,Organic Search,65,B,false,false,0,MQL,2025-06-13,,,true,false,false,,2,6,U-019,,,
LEAD-11778,2025-10-05,Solstice Systems,Product Manager,Senior PM,United States,AMER,Organic Search,Product,CMP-015,Studio for Product Teams — AMER 2025-11,Organic Search,Organic Search,68,B,true,false,38,Converted,2025-10-22,2025-11-11,2025-12-03,true,true,true,,,1,,U-007,ACC-1057,OPP-20357
LEAD-11779,2025-07-05,Lumen Works,Procurement / Finance,Procurement Manager,Spain,EMEA,Partner / Marketplace,Partner / Referral,CMP-044,Studio for Product Teams — AMER 2025-06,Partner / Marketplace,Partner / Marketplace,100,A,false,false,0,MQL,2025-07-14,,,true,false,false,,3,6,U-019,,,
LEAD-11780,2026-06-10,Aster Market,Engineering Leader,Director of Engineering,United Kingdom,EMEA,Paid Search,Inbound Marketing,CMP-004,Cut Your Deflection Cost — AMER 2025-11,Paid Search,Paid Search,89,A,false,true,0,Working,,,,false,false,false,,4,10,U-023,,,
LEAD-11781,2026-04-11,Harbor Works,CX / Support Leader,Contact Centre Manager,Brazil,AMER,Docs & Quickstarts,Product,CMP-025,Migrate off Legacy SMS — EMEA 2025-09,Docs & Quickstarts,Docs & Quickstarts,86,A,true,false,11,Disqualified,,,,false,false,false,Went silent,,1,,,,
LEAD-11782,2025-10-26,Zephyr Technologies,Product Manager,Head of Product,Canada,AMER,Docs & Quickstarts,Inbound Marketing,CMP-025,Migrate off Legacy SMS — EMEA 2025-09,Docs & Quickstarts,Docs & Quickstarts,52,B,false,false,0,New,,,,false,false,false,,3,4,U-025,,,
LEAD-11783,2025-06-18,Tundra Travel,Developer,Software Engineer,Brazil,AMER,Docs & Quickstarts,Product,CMP-024,Verify Fraud Playbook — AMER 2025-05,Docs & Quickstarts,Webinar,56,B,true,true,26,MQL,2025-07-04,,,true,false,false,,,0,,,,
LEAD-11784,2025-04-02,Foundry Works,Developer,Senior Backend Engineer,Sweden,EMEA,Conference,Inbound Marketing,CMP-035,Q3 Pipeline Push — EMEA 2026-05,Conference,Customer Referral,42,C,false,false,0,Converted,2025-04-20,2025-04-28,2025-05-08,true,true,true,,2,8,U-021,U-008,ACC-1138,OPP-20358
LEAD-11785,2025-08-23,Aster Market,Engineering Leader,Head of Platform,United Kingdom,EMEA,Partner / Marketplace,Partner / Referral,CMP-044,Studio for Product Teams — AMER 2025-06,Partner / Marketplace,Partner / Marketplace,76,A,false,false,0,Disqualified,,,,false,false,false,Went silent,2,1,U-018,,,
LEAD-11786,2026-05-23,Harbor Care,Engineering Leader,VP Engineering,United States,AMER,Webinar,Inbound Marketing,CMP-032,Copilot API Beta — AMER 2025-12,Webinar,Webinar,43,C,false,false,0,Converted,2026-05-26,2026-06-10,2026-07-02,true,true,true,,4,9,U-024,U-001,ACC-1058,OPP-20359
LEAD-11787,2025-06-14,Sable Cloud,Developer,Senior Backend Engineer,Brazil,AMER,Paid Search,Product,CMP-006,AI Search Visibility — AMER 2026-02,Paid Search,Paid Social,58,B,true,true,31,MQL,2025-06-21,,,true,false,false,,,2,,,,
LEAD-11788,2026-07-27,Onyx Health,CX / Support Leader,VP Customer Experience,Mexico,AMER,Paid Social,Inbound Marketing,CMP-010,Migrate off Legacy SMS — LATAM 2025-06,Paid Social,Paid Social,64,B,false,false,0,Working,,,,false,false,false,,2,1,U-024,,,
LEAD-11789,2025-08-27,Harbor Gaming,Developer,Software Engineer,Netherlands,EMEA,Paid Search,Product,CMP-006,AI Search Visibility — AMER 2026-02,Paid Search,Paid Search,54,B,true,false,89,MQL,2025-09-17,,,true,false,false,,,1,,,,
LEAD-11790,2025-12-04,Pallas Market,Product Manager,Senior PM,Singapore,APAC,Outbound Sequence,Outbound,CMP-039,Studio for Product Teams — EMEA 2026-02,Outbound Sequence,Outbound Sequence,45,C,false,false,0,MQL,2025-12-21,,,true,false,false,,1,9,U-027,,,
LEAD-11791,2026-04-01,Solstice Logistics,Developer,Senior Backend Engineer,United Kingdom,EMEA,Developer Community,Inbound Marketing,CMP-029,Build a Support Agent — EMEA 2025-11,Developer Community,Developer Community,32,C,false,false,0,Working,,,,false,false,false,,0,8,U-026,,,
LEAD-11792,2026-06-04,Vertex Technologies,Developer,Software Engineer,Argentina,LATAM,Organic Search,Product,CMP-011,Developer Docs Refresh — LATAM 2025-04,Organic Search,Organic Search,88,A,true,true,97,Nurture,2026-06-05,,,true,false,false,,,1,,,,
LEAD-11793,2025-11-11,Dovetail Insure,CX / Support Leader,Director of Service Ops,Mexico,AMER,Organic Search,Inbound Marketing,CMP-011,Developer Docs Refresh — LATAM 2025-04,Organic Search,Organic Search,74,A,false,false,0,SQL,2025-11-16,2025-12-08,,true,true,false,,4,8,U-021,U-001,,
LEAD-11794,2026-03-09,Lumen Mobility,CX / Support Leader,Contact Centre Manager,United States,AMER,AI Assistant Referral,Product,CMP-022,Q3 Pipeline Push — AMER 2025-10,AI Assistant Referral,AI Assistant Referral,100,A,true,false,47,Converted,2026-03-22,2026-04-10,2026-04-18,true,true,true,,,0,,U-011,ACC-1115,OPP-20360
LEAD-11795,2025-06-18,Ember Care,Engineering Leader,Director of Engineering,Brazil,AMER,Paid Search,Product,CMP-003,Voice Agents Launch — EMEA 2025-12,Paid Search,Paid Search,75,A,true,true,27,Converted,2025-07-06,2025-07-15,2025-08-17,true,true,true,,,2,,U-004,ACC-1097,OPP-20361
LEAD-11796,2025-06-08,Ember Learning,Engineering Leader,Head of Platform,United States,AMER,Partner / Marketplace,Partner / Referral,CMP-044,Studio for Product Teams — AMER 2025-06,Partner / Marketplace,Paid Search,100,A,true,true,56,Disqualified,,,,false,false,false,Competitor,,2,,,,
LEAD-11797,2025-08-13,Tundra Bank,Engineering Leader,VP Engineering,United States,AMER,AI Assistant Referral,Product,CMP-019,Studio for Product Teams — APAC 2026-02,AI Assistant Referral,AI Assistant Referral,78,A,true,false,10,Nurture,2025-08-16,,,true,false,false,,,1,,,,
LEAD-11798,2025-09-12,Umbra Works,Developer,Senior Backend Engineer,United States,AMER,Docs & Quickstarts,Product,CMP-025,Migrate off Legacy SMS — EMEA 2025-09,Docs & Quickstarts,Docs & Quickstarts,43,C,true,false,28,MQL,2025-09-26,,,true,false,false,,,1,,,,
LEAD-11799,2026-03-03,Vertex Market,Developer,Senior Backend Engineer,Japan,APAC,Webinar,Product,CMP-032,Copilot API Beta — AMER 2025-12,Webinar,Webinar,39,C,true,true,82,Disqualified,,,,false,false,false,Student / hobby project,,1,,,,
LEAD-11800,2025-04-16,Ember Insure,Developer,Staff Engineer,Colombia,LATAM,Organic Search,Inbound Marketing,CMP-014,Compliance & HIPAA — APAC 2025-09,Organic Search,Docs & Quickstarts,35,C,false,true,0,Nurture,2025-04-25,,,true,false,false,,0,7,U-024,,,
LEAD-11801,2026-01-25,Vantage Insure,Developer,Senior Backend Engineer,United States,AMER,Docs & Quickstarts,Product,CMP-023,Q3 Pipeline Push — AMER 2025-06,Docs & Quickstarts,Organic Search,76,A,true,true,54,New,,,,false,false,false,,,0,,,,
LEAD-11802,2026-04-16,Pallas Logistics,Procurement / Finance,Finance Director,Germany,EMEA,Docs & Quickstarts,Product,CMP-023,Q3 Pipeline Push — AMER 2025-06,Docs & Quickstarts,Outbound Sequence,80,A,true,true,97,SQL,2026-04-25,2026-05-12,,true,true,false,,,0,,U-006,,
LEAD-11803,2026-08-12,Meridian Insure,Product Manager,Head of Product,Mexico,AMER,Paid Search,Inbound Marketing,CMP-005,Migrate off Legacy SMS — AMER 2025-12,Paid Search,Paid Search,48,C,false,true,0,MQL,2026-08-26,,,true,false,false,,0,8,U-021,,,
LEAD-11804,2026-08-24,Ember Learning,Developer,Platform Engineer,United Kingdom,EMEA,Partner / Marketplace,Partner / Referral,CMP-044,Studio for Product Teams — AMER 2025-06,Partner / Marketplace,Partner / Marketplace,58,B,true,false,92,SQL,2026-09-08,2026-09-22,,true,true,false,,,1,,U-001,,
LEAD-11805,2026-08-01,Pallas Retail,Developer,Senior Backend Engineer,Brazil,AMER,Docs & Quickstarts,Product,CMP-025,Migrate off Legacy SMS — EMEA 2025-09,Docs & Quickstarts,Docs & Quickstarts,62,B,true,true,22,Converted,2026-08-01,2026-08-10,2026-08-28,true,true,true,,,0,,U-008,ACC-1077,OPP-20362
LEAD-11806,2025-08-21,Kestrel Systems,Product Manager,Product Manager,Singapore,APAC,Paid Social,Product,CMP-008,Developer Docs Refresh — EMEA 2026-02,Paid Social,Paid Social,57,B,true,true,13,Converted,2025-09-10,2025-10-03,2025-10-11,true,true,true,,,2,,U-012,ACC-1114,OPP-20363
LEAD-11807,2025-10-17,North Pay,Engineering Leader,VP Engineering,Brazil,AMER,Partner / Marketplace,Partner / Referral,CMP-043,Latency Benchmark — APAC 2026-01,Partner / Marketplace,Partner / Marketplace,49,C,false,false,0,SQL,2025-10-20,2025-11-03,,true,true,false,,1,5,U-020,U-005,,
LEAD-11808,2025-07-26,Zephyr Digital,Engineering Leader,Director of Engineering,Netherlands,EMEA,Paid Search,Product,CMP-002,Studio for Product Teams — AMER 2025-08,Paid Search,Paid Search,67,B,true,true,23,SQL,2025-08-03,2025-08-08,,true,true,false,,,1,,U-008,,
LEAD-11809,2025-04-17,Orbital Works,CX / Support Leader,Director of Service Ops,United Kingdom,EMEA,Paid Social,Product,CMP-009,Copilot API Beta — AMER 2026-01,Paid Social,Developer Community,85,A,true,false,84,Disqualified,,,,false,false,false,No budget,,1,,,,
LEAD-11810,2026-07-13,Aster Works,CX / Support Leader,VP Customer Experience,Germany,EMEA,Docs & Quickstarts,Product,CMP-027,Cut Your Deflection Cost — APAC 2025-05,Docs & Quickstarts,Partner / Marketplace,87,A,true,false,67,New,,,,false,false,false,,,0,,,,
LEAD-11811,2026-01-12,Meridian Gaming,CX / Support Leader,Head of Support,Brazil,AMER,Paid Search,Inbound Marketing,CMP-003,Voice Agents Launch — EMEA 2025-12,Paid Search,Docs & Quickstarts,81,A,false,false,0,Nurture,2026-01-21,,,true,false,false,,0,3,U-021,,,
LEAD-11812,2025-10-29,Tundra Cloud,Product Manager,Senior PM,Japan,APAC,AI Assistant Referral,Product,CMP-022,Q3 Pipeline Push — AMER 2025-10,AI Assistant Referral,AI Assistant Referral,76,A,true,false,81,Converted,2025-11-02,2025-11-14,2025-12-12,true,true,true,,,2,,U-008,ACC-1108,OPP-20364
LEAD-11813,2026-07-23,Zephyr Logistics,Developer,Platform Engineer,Canada,AMER,Outbound Sequence,Outbound,CMP-040,AI Search Visibility — AMER 2026-05,Outbound Sequence,Paid Search,11,D,false,false,0,Disqualified,,,,false,false,false,No use case,3,7,U-016,,,
LEAD-11814,2026-06-07,Solstice Digital,CX / Support Leader,Director of Service Ops,Mexico,AMER,Organic Search,Product,CMP-014,Compliance & HIPAA — APAC 2025-09,Organic Search,Developer Community,100,A,true,true,19,MQL,2026-06-27,,,true,false,false,,,1,,,,
LEAD-11815,2025-05-27,Aster Market,CX / Support Leader,VP Customer Experience,Indonesia,APAC,Organic Search,Product,CMP-014,Compliance & HIPAA — APAC 2025-09,Organic Search,Organic Search,60,B,true,true,12,Nurture,2025-06-06,,,true,false,false,,,1,,,,
LEAD-11816,2025-11-11,Halcyon Cloud,Engineering Leader,Head of Platform,Sweden,EMEA,Partner / Marketplace,Partner / Referral,CMP-042,Migrate off Legacy SMS — AMER 2025-04,Partner / Marketplace,Partner / Marketplace,70,A,false,false,0,MQL,2025-11-16,,,true,false,false,,4,9,U-022,,,
LEAD-11817,2026-01-29,Meridian Freight,Engineering Leader,VP Engineering,Canada,AMER,Organic Search,Product,CMP-013,Verify Fraud Playbook — LATAM 2026-01,Organic Search,Conference,65,B,true,true,34,SQL,2026-02-14,2026-02-24,,true,true,false,,,2,,U-006,,
LEAD-11818,2026-05-17,North Freight,Developer,Software Engineer,Brazil,AMER,Developer Community,Inbound Marketing,CMP-029,Build a Support Agent — EMEA 2025-11,Developer Community,Developer Community,44,C,false,false,0,New,,,,false,false,false,,3,2,U-021,,,
LEAD-11819,2026-05-16,Lumen Pay,Developer,Platform Engineer,Canada,AMER,Developer Community,Product,CMP-031,Developer Docs Refresh — EMEA 2026-07,Developer Community,AI Assistant Referral,64,B,true,false,38,Converted,2026-05-29,2026-05-30,2026-06-03,true,true,true,,,2,,U-001,ACC-1130,OPP-20365
LEAD-11820,2026-05-29,Juniper Learning,Developer,Software Engineer,Indonesia,APAC,Outbound Sequence,Outbound,CMP-039,Studio for Product Teams — EMEA 2026-02,Outbound Sequence,Outbound Sequence,34,C,false,false,0,Working,,,,false,false,false,,2,4,U-027,,,
LEAD-11821,2025-10-11,Quanta Insure,Product Manager,Director of Product,Sweden,EMEA,Organic Search,Inbound Marketing,CMP-012,AI Search Visibility — AMER 2026-07,Organic Search,Organic Search,99,A,false,false,0,Disqualified,,,,false,false,false,No budget,1,4,U-020,,,
LEAD-11822,2026-07-08,Zephyr Retail,Procurement / Finance,Procurement Manager,United Kingdom,EMEA,Conference,Inbound Marketing,CMP-035,Q3 Pipeline Push — EMEA 2026-05,Conference,AI Assistant Referral,76,A,false,false,0,MQL,2026-07-15,,,true,false,false,,1,3,U-020,,,
LEAD-11823,2025-12-17,Tundra Group,Procurement / Finance,Head of Vendor Management,France,EMEA,Developer Community,Inbound Marketing,CMP-029,Build a Support Agent — EMEA 2025-11,Developer Community,Webinar,48,C,false,false,0,SQL,2025-12-19,2026-01-03,,true,true,false,,5,2,U-025,U-006,,
LEAD-11824,2025-11-24,Solstice Labs,Developer,Platform Engineer,Canada,AMER,Customer Referral,Partner / Referral,CMP-046,Migrate off Legacy SMS — AMER 2026-03,Customer Referral,Customer Referral,50,B,false,false,0,SQL,2025-11-28,2025-12-10,,true,true,false,,2,3,U-021,U-013,,
LEAD-11825,2025-07-29,Quanta Group,Product Manager,Senior PM,United Kingdom,EMEA,Organic Search,Inbound Marketing,CMP-013,Verify Fraud Playbook — LATAM 2026-01,Organic Search,Organic Search,79,A,false,false,0,Converted,2025-08-16,2025-09-03,2025-10-06,true,true,true,,2,9,U-015,U-006,ACC-1098,OPP-20366
LEAD-11826,2025-07-04,Umbra Group,CX / Support Leader,VP Customer Experience,Canada,AMER,Docs & Quickstarts,Product,CMP-028,Migrate off Legacy SMS — AMER 2025-11,Docs & Quickstarts,Docs & Quickstarts,100,A,true,true,16,Converted,2025-07-17,2025-07-28,2025-08-19,true,true,true,,,1,,U-004,ACC-1081,OPP-20367
LEAD-11827,2025-09-03,Umbra Insure,Developer,Senior Backend Engineer,Sweden,EMEA,Organic Search,Inbound Marketing,CMP-013,Verify Fraud Playbook — LATAM 2026-01,Organic Search,Organic Search,46,C,false,true,0,Converted,2025-09-11,2025-09-30,2025-10-15,true,true,true,,2,10,U-016,U-011,ACC-1047,OPP-20368
LEAD-11828,2026-09-06,Wexler Works,Developer,Staff Engineer,France,EMEA,Docs & Quickstarts,Product,CMP-023,Q3 Pipeline Push — AMER 2025-06,Docs & Quickstarts,Docs & Quickstarts,61,B,true,false,88,Disqualified,,,,false,false,false,Student / hobby project,,0,,,,
LEAD-11829,2025-04-05,Rivet Group,Developer,Platform Engineer,United Kingdom,EMEA,Customer Referral,Partner / Referral,CMP-046,Migrate off Legacy SMS — AMER 2026-03,Customer Referral,Paid Social,94,A,true,false,12,Converted,2025-04-05,2025-04-20,2025-05-24,true,true,true,,,0,,U-001,ACC-1067,OPP-20369
LEAD-11830,2026-03-26,Halcyon Gaming,Developer,Platform Engineer,United States,AMER,Docs & Quickstarts,Product,CMP-027,Cut Your Deflection Cost — APAC 2025-05,Docs & Quickstarts,Paid Social,47,C,true,false,87,MQL,2026-04-06,,,true,false,false,,,2,,,,
LEAD-11831,2025-06-20,Umbra Health,Developer,Software Engineer,France,EMEA,Conference,Inbound Marketing,CMP-035,Q3 Pipeline Push — EMEA 2026-05,Conference,Conference,27,D,false,false,0,Disqualified,,,,false,false,false,Duplicate,2,8,U-024,,,
LEAD-11832,2025-12-09,Foundry Health,Developer,Platform Engineer,Canada,AMER,Paid Search,Inbound Marketing,CMP-005,Migrate off Legacy SMS — AMER 2025-12,Paid Search,Paid Search,39,C,false,false,0,New,,,,false,false,false,,0,8,U-021,,,
LEAD-11833,2025-09-13,Cinder Learning,Developer,Platform Engineer,Brazil,AMER,Conference,Inbound Marketing,CMP-036,Compliance & HIPAA — AMER 2026-04,Conference,Conference,36,C,false,false,0,Disqualified,,,,false,false,false,Duplicate,1,10,U-018,,,
LEAD-11834,2025-09-03,Tundra Cloud,Engineering Leader,Director of Engineering,United States,AMER,Paid Search,Inbound Marketing,CMP-002,Studio for Product Teams — AMER 2025-08,Paid Search,Conference,78,A,false,false,0,Nurture,2025-09-13,,,true,false,false,,3,10,U-023,,,
LEAD-11835,2025-05-31,Beacon Gaming,Engineering Leader,VP Engineering,Japan,APAC,Partner / Marketplace,Partner / Referral,CMP-043,Latency Benchmark — APAC 2026-01,Partner / Marketplace,Partner / Marketplace,55,B,false,false,0,MQL,2025-06-05,,,true,false,false,,3,8,U-017,,,
LEAD-11836,2026-02-13,Foundry Mobility,Developer,Staff Engineer,Canada,AMER,Conference,Inbound Marketing,CMP-035,Q3 Pipeline Push — EMEA 2026-05,Conference,Webinar,59,B,false,false,0,Nurture,2026-02-28,,,true,false,false,,3,10,U-021,,,
LEAD-11837,2026-04-14,Solstice Cloud,Engineering Leader,VP Engineering,UAE,EMEA,Paid Search,Inbound Marketing,CMP-002,Studio for Product Teams — AMER 2025-08,Paid Search,Conference,85,A,false,false,0,New,,,,false,false,false,,2,8,U-024,,,
LEAD-11838,2026-03-08,Onyx Works,Developer,Staff Engineer,Brazil,AMER,Partner / Marketplace,Partner / Referral,CMP-044,Studio for Product Teams — AMER 2025-06,Partner / Marketplace,Partner / Marketplace,40,C,false,false,0,MQL,2026-03-28,,,true,false,false,,3,11,U-018,,,
LEAD-11839,2026-04-15,Pallas Retail,Engineering Leader,CTO,Netherlands,EMEA,Organic Search,Inbound Marketing,CMP-012,AI Search Visibility — AMER 2026-07,Organic Search,Conference,36,C,false,true,0,New,,,,false,false,false,,2,10,U-025,,,
LEAD-11840,2026-05-15,Beacon Travel,Engineering Leader,VP Engineering,Singapore,APAC,Conference,Inbound Marketing,CMP-035,Q3 Pipeline Push — EMEA 2026-05,Conference,Conference,70,A,false,false,0,New,,,,false,false,false,,2,7,U-017,,,
LEAD-11841,2025-08-02,Meridian Mobility,Product Manager,Product Manager,Sweden,EMEA,AI Assistant Referral,Inbound Marketing,CMP-020,Q3 Pipeline Push — AMER 2025-12,AI Assistant Referral,AI Assistant Referral,55,B,false,false,0,Working,,,,false,false,false,,2,10,U-026,,,
LEAD-11842,2026-04-12,Quanta Gaming,CX / Support Leader,Director of Service Ops,Mexico,AMER,Organic Search,Inbound Marketing,CMP-016,Q3 Pipeline Push — AMER 2026-04,Organic Search,Organic Search,88,A,false,false,0,MQL,2026-04-15,,,true,false,false,,5,7,U-020,,,
LEAD-11843,2025-11-06,Ember Group,Developer,Staff Engineer,Japan,APAC,AI Assistant Referral,Inbound Marketing,CMP-022,Q3 Pipeline Push — AMER 2025-10,AI Assistant Referral,Docs & Quickstarts,60,B,false,false,0,Disqualified,,,,false,false,false,Student / hobby project,4,5,U-020,,,
LEAD-11844,2026-04-30,Orbital Pay,Developer,Senior Backend Engineer,Australia,APAC,Outbound Sequence,Outbound,CMP-041,Studio for Product Teams — AMER 2025-04,Outbound Sequence,Outbound Sequence,35,C,false,false,0,Disqualified,,,,false,false,false,No use case,1,1,U-026,,,
LEAD-11845,2025-11-08,Orbital Mobility,Developer,Software Engineer,Brazil,AMER,Organic Search,Inbound Marketing,CMP-014,Compliance & HIPAA — APAC 2025-09,Organic Search,Docs & Quickstarts,34,C,false,false,0,New,,,,false,false,false,,3,3,U-022,,,
LEAD-11846,2025-11-13,Harbor Group,Developer,Staff Engineer,United States,AMER,Organic Search,Product,CMP-012,AI Search Visibility — AMER 2026-07,Organic Search,Organic Search,51,B,true,true,91,SQL,2025-12-02,2025-12-04,,true,true,false,,,2,,U-003,,
LEAD-11847,2026-03-29,Lumen Health,Developer,Senior Backend Engineer,Japan,APAC,Organic Search,Product,CMP-017,Latency Benchmark — AMER 2026-05,Organic Search,Conference,81,A,true,true,22,MQL,2026-04-14,,,true,false,false,,,1,,,,
LEAD-11848,2025-04-06,Rivet Mobility,Developer,Platform Engineer,UAE,EMEA,AI Assistant Referral,Product,CMP-022,Q3 Pipeline Push — AMER 2025-10,AI Assistant Referral,Paid Social,63,B,true,true,5,MQL,2025-04-13,,,true,false,false,,,2,,,,
LEAD-11849,2025-08-04,Umbra Technologies,Engineering Leader,VP Engineering,United States,AMER,Outbound Sequence,Outbound,CMP-037,Verify Fraud Playbook — EMEA 2025-04,Outbound Sequence,Outbound Sequence,74,A,false,false,0,New,,,,false,false,false,,4,7,U-015,,,
LEAD-11850,2025-05-06,Lattice Labs,Developer,Platform Engineer,United Kingdom,EMEA,Paid Social,Inbound Marketing,CMP-008,Developer Docs Refresh — EMEA 2026-02,Paid Social,Paid Social,44,C,false,false,0,Converted,2025-05-22,2025-05-30,2025-06-18,true,true,true,,4,11,U-019,U-009,ACC-1057,OPP-20370
LEAD-11851,2026-02-03,Dovetail Systems,Procurement / Finance,CFO,Mexico,AMER,Outbound Sequence,Outbound,CMP-037,Verify Fraud Playbook — EMEA 2025-04,Outbound Sequence,Organic Search,62,B,false,false,0,Converted,2026-02-15,2026-03-09,2026-03-11,true,true,true,,4,1,U-023,U-007,ACC-1075,OPP-20371
LEAD-11852,2026-05-11,Solstice Freight,Engineering Leader,Director of Engineering,Mexico,AMER,Webinar,Product,CMP-032,Copilot API Beta — AMER 2025-12,Webinar,Conference,41,C,true,false,40,New,,,,false,false,false,,,1,,,,
LEAD-11853,2025-08-06,Lumen Technologies,Engineering Leader,VP Engineering,Mexico,AMER,Partner / Marketplace,Partner / Referral,CMP-042,Migrate off Legacy SMS — AMER 2025-04,Partner / Marketplace,Partner / Marketplace,44,C,false,false,0,MQL,2025-08-12,,,true,false,false,,2,10,U-018,,,
LEAD-11854,2026-08-23,Rivet Health,Engineering Leader,CTO,Germany,EMEA,AI Assistant Referral,Inbound Marketing,CMP-019,Studio for Product Teams — APAC 2026-02,AI Assistant Referral,AI Assistant Referral,97,A,false,false,0,Converted,2026-09-12,2026-09-26,2026-10-26,true,true,true,,3,3,U-024,U-003,ACC-1059,OPP-20372
LEAD-11855,2025-12-22,Wexler Insure,Developer,Senior Backend Engineer,Indonesia,APAC,Outbound Sequence,Outbound,CMP-037,Verify Fraud Playbook — EMEA 2025-04,Outbound Sequence,Outbound Sequence,39,C,false,false,0,New,,,,false,false,false,,2,2,U-015,,,
LEAD-11856,2025-06-08,Halcyon Pay,Engineering Leader,VP Engineering,Singapore,APAC,Developer Community,Product,CMP-030,Latency Benchmark — AMER 2025-08,Developer Community,Developer Community,62,B,true,true,29,New,,,,false,false,false,,,0,,,,
LEAD-11857,2026-04-24,Aster Labs,Developer,Software Engineer,Mexico,AMER,Customer Referral,Partner / Referral,CMP-045,Compliance & HIPAA — AMER 2025-09,Customer Referral,Organic Search,68,B,false,false,0,New,,,,false,false,false,,0,11,U-016,,,
LEAD-11858,2025-04-19,Vantage Insure,CX / Support Leader,Head of Support,Germany,EMEA,Docs & Quickstarts,Product,CMP-024,Verify Fraud Playbook — AMER 2025-05,Docs & Quickstarts,Docs & Quickstarts,78,A,true,true,68,SQL,2025-04-21,2025-05-02,,true,true,false,,,1,,U-013,,
LEAD-11859,2025-04-29,Foundry Freight,Developer,Platform Engineer,Canada,AMER,Organic Search,Inbound Marketing,CMP-013,Verify Fraud Playbook — LATAM 2026-01,Organic Search,Organic Search,61,B,false,false,0,Working,,,,false,false,false,,2,2,U-023,,,
LEAD-11860,2026-02-08,Vantage Systems,Developer,Platform Engineer,Japan,APAC,Paid Search,Inbound Marketing,CMP-006,AI Search Visibility — AMER 2026-02,Paid Search,Paid Search,72,A,false,false,0,Converted,2026-03-01,2026-03-05,2026-03-23,true,true,true,,3,10,U-016,U-001,ACC-1113,OPP-20373
LEAD-11861,2025-06-15,Rivet Pay,CX / Support Leader,VP Customer Experience,Canada,AMER,Organic Search,Inbound Marketing,CMP-017,Latency Benchmark — AMER 2026-05,Organic Search,Organic Search,73,A,false,false,0,New,,,,false,false,false,,3,4,U-026,,,
LEAD-11862,2025-04-01,Cinder Mobility,CX / Support Leader,Director of Service Ops,Mexico,AMER,Docs & Quickstarts,Inbound Marketing,CMP-024,Verify Fraud Playbook — AMER 2025-05,Docs & Quickstarts,AI Assistant Referral,91,A,false,false,0,New,,,,false,false,false,,1,6,U-019,,,
LEAD-11863,2025-05-20,Sable Mobility,Developer,Staff Engineer,United States,AMER,Outbound Sequence,Outbound,CMP-037,Verify Fraud Playbook — EMEA 2025-04,Outbound Sequence,Outbound Sequence,29,D,false,false,0,New,,,,false,false,false,,3,5,U-027,,,
LEAD-11864,2025-11-25,Quanta Mobility,Engineering Leader,Head of Platform,Sweden,EMEA,Paid Search,Product,CMP-004,Cut Your Deflection Cost — AMER 2025-11,Paid Search,Paid Search,85,A,true,true,61,Disqualified,,,,false,false,false,Student / hobby project,,1,,,,
LEAD-11865,2025-06-22,Harbor Bank,CX / Support Leader,Director of Service Ops,Mexico,AMER,Organic Search,Product,CMP-016,Q3 Pipeline Push — AMER 2026-04,Organic Search,Organic Search,92,A,true,false,23,MQL,2025-06-28,,,true,false,false,,,2,,,,
LEAD-11866,2025-09-18,Kestrel Freight,Developer,Platform Engineer,Colombia,LATAM,Organic Search,Inbound Marketing,CMP-014,Compliance & HIPAA — APAC 2025-09,Organic Search,Customer Referral,44,C,false,false,0,Converted,2025-10-08,2025-10-24,2025-11-23,true,true,true,,5,11,U-019,U-012,ACC-1139,OPP-20374
LEAD-11867,2025-10-10,Meridian Health,CX / Support Leader,VP Customer Experience,Singapore,APAC,Webinar,Inbound Marketing,CMP-032,Copilot API Beta — AMER 2025-12,Webinar,Webinar,49,C,false,false,0,MQL,2025-10-16,,,true,false,false,,1,9,U-022,,,
LEAD-11868,2025-04-01,North Market,Engineering Leader,Director of Engineering,United States,AMER,Developer Community,Product,CMP-031,Developer Docs Refresh — EMEA 2026-07,Developer Community,Docs & Quickstarts,68,B,true,true,25,Nurture,2025-04-03,,,true,false,false,,,0,,,,
LEAD-11869,2026-03-09,Foundry Insure,Procurement / Finance,Procurement Manager,United Kingdom,EMEA,Docs & Quickstarts,Product,CMP-025,Migrate off Legacy SMS — EMEA 2025-09,Docs & Quickstarts,Docs & Quickstarts,100,A,true,false,93,Converted,2026-03-15,2026-04-08,2026-04-20,true,true,true,,,1,,U-008,ACC-1034,OPP-20375
LEAD-11870,2025-10-23,Zephyr Health,Procurement / Finance,Procurement Manager,Germany,EMEA,Organic Search,Product,CMP-013,Verify Fraud Playbook — LATAM 2026-01,Organic Search,Organic Search,100,A,true,true,34,Disqualified,,,,false,false,false,Competitor,,2,,,,
LEAD-11871,2026-08-14,Wexler Works,Engineering Leader,Director of Engineering,Japan,APAC,Organic Search,Inbound Marketing,CMP-012,AI Search Visibility — AMER 2026-07,Organic Search,Organic Search,68,B,false,false,0,MQL,2026-08-16,,,true,false,false,,1,4,U-019,,,
LEAD-11872,2025-09-14,Beacon Cloud,Procurement / Finance,Procurement Manager,Canada,AMER,Outbound Sequence,Outbound,CMP-040,AI Search Visibility — AMER 2026-05,Outbound Sequence,Outbound Sequence,56,B,false,false,0,SQL,2025-09-17,2025-09-20,,true,true,false,,0,4,U-027,U-001,,
LEAD-11873,2025-05-07,Ember Health,Procurement / Finance,Procurement Manager,India,APAC,Paid Search,Inbound Marketing,CMP-001,Copilot API Beta — AMER 2026-02,Paid Search,Paid Search,60,B,false,false,0,Working,,,,false,false,false,,3,3,U-024,,,
LEAD-11874,2026-01-03,Rivet Systems,Product Manager,Head of Product,Brazil,AMER,Developer Community,Product,CMP-031,Developer Docs Refresh — EMEA 2026-07,Developer Community,Developer Community,62,B,true,true,36,New,,,,false,false,false,,,1,,,,
LEAD-11875,2026-07-30,Kestrel Cloud,Product Manager,Director of Product,Indonesia,APAC,Developer Community,Product,CMP-030,Latency Benchmark — AMER 2025-08,Developer Community,Developer Community,58,B,true,true,7,Converted,2026-08-20,2026-08-21,2026-09-08,true,true,true,,,1,,U-006,ACC-1107,OPP-20376
LEAD-11876,2026-02-27,Quanta Logistics,Engineering Leader,Director of Engineering,Canada,AMER,Outbound Sequence,Outbound,CMP-041,Studio for Product Teams — AMER 2025-04,Outbound Sequence,Developer Community,73,A,false,false,0,MQL,2026-03-10,,,true,false,false,,3,10,U-016,,,
LEAD-11877,2025-05-14,Rivet Market,Product Manager,Product Manager,Canada,AMER,Docs & Quickstarts,Product,CMP-027,Cut Your Deflection Cost — APAC 2025-05,Docs & Quickstarts,Docs & Quickstarts,65,B,true,false,39,Disqualified,,,,false,false,false,Student / hobby project,,1,,,,
LEAD-11878,2025-12-31,Orbital Mobility,Developer,Staff Engineer,Australia,APAC,AI Assistant Referral,Product,CMP-020,Q3 Pipeline Push — AMER 2025-12,AI Assistant Referral,Organic Search,31,C,true,true,76,New,,,,false,false,false,,,2,,,,
LEAD-11879,2025-08-11,Umbra Logistics,Engineering Leader,VP Engineering,Singapore,APAC,AI Assistant Referral,Product,CMP-019,Studio for Product Teams — APAC 2026-02,AI Assistant Referral,AI Assistant Referral,87,A,true,true,90,SQL,2025-08-17,2025-08-26,,true,true,false,,,1,,U-006,,
LEAD-11880,2026-06-03,Orbital Market,Developer,Platform Engineer,Singapore,APAC,Organic Search,Product,CMP-014,Compliance & HIPAA — APAC 2025-09,Organic Search,Organic Search,56,B,true,false,89,MQL,2026-06-06,,,true,false,false,,,2,,,,
LEAD-11881,2025-04-06,Beacon Travel,Developer,Senior Backend Engineer,Japan,APAC,Conference,Inbound Marketing,CMP-036,Compliance & HIPAA — AMER 2026-04,Conference,Conference,42,C,false,false,0,Disqualified,,,,false,false,false,Wrong geo,2,4,U-021,,,
LEAD-11882,2026-01-23,Tundra Digital,Product Manager,Head of Product,Spain,EMEA,Outbound Sequence,Outbound,CMP-038,Migrate off Legacy SMS — AMER 2025-04,Outbound Sequence,Outbound Sequence,70,A,true,true,44,SQL,2026-02-03,2026-02-27,,true,true,false,,2,7,U-016,U-007,,
LEAD-11883,2026-08-14,Sable Care,Engineering Leader,Head of Platform,Canada,AMER,AI Assistant Referral,Product,CMP-019,Studio for Product Teams — APAC 2026-02,AI Assistant Referral,AI Assistant Referral,57,B,true,true,37,Working,,,,false,false,false,,,0,,,,
LEAD-11884,2025-10-21,Ember Group,Procurement / Finance,Finance Director,Indonesia,APAC,Organic Search,Inbound Marketing,CMP-017,Latency Benchmark — AMER 2026-05,Organic Search,Outbound Sequence,76,A,false,false,0,SQL,2025-11-04,2025-11-06,,true,true,false,,0,8,U-017,U-011,,
LEAD-11885,2026-05-19,Lattice Mobility,Developer,Senior Backend Engineer,Canada,AMER,Webinar,Product,CMP-034,Copilot API Beta — EMEA 2026-03,Webinar,Webinar,64,B,true,false,46,Converted,2026-06-07,2026-06-19,2026-07-18,true,true,true,,,0,,U-002,ACC-1014,OPP-20377
LEAD-11886,2025-06-15,Lumen Retail,Procurement / Finance,CFO,Colombia,LATAM,Webinar,Inbound Marketing,CMP-033,Developer Docs Refresh — EMEA 2026-07,Webinar,Customer Referral,51,B,false,false,0,MQL,2025-06-26,,,true,false,false,,3,9,U-019,,,
LEAD-11887,2026-04-10,Onyx Labs,Developer,Staff Engineer,Australia,APAC,Paid Search,Product,CMP-002,Studio for Product Teams — AMER 2025-08,Paid Search,Paid Search,82,A,true,false,44,MQL,2026-04-11,,,true,false,false,,,1,,,,
LEAD-11888,2025-04-22,Cobalt Freight,CX / Support Leader,Head of Support,United States,AMER,Paid Social,Inbound Marketing,CMP-009,Copilot API Beta — AMER 2026-01,Paid Social,Paid Search,55,B,false,false,0,MQL,2025-05-01,,,true,false,false,,2,7,U-015,,,
LEAD-11889,2026-01-30,Orbital Mobility,Procurement / Finance,Head of Vendor Management,Canada,AMER,Paid Social,Inbound Marketing,CMP-008,Developer Docs Refresh — EMEA 2026-02,Paid Social,Paid Social,65,B,false,false,0,Nurture,2026-02-13,,,true,false,false,,2,2,U-026,,,
LEAD-11890,2026-01-12,Umbra Learning,Developer,Software Engineer,United States,AMER,Organic Search,Inbound Marketing,CMP-011,Developer Docs Refresh — LATAM 2025-04,Organic Search,Organic Search,54,B,false,true,0,Converted,2026-01-23,2026-02-14,2026-03-20,true,true,true,,2,6,U-026,U-004,ACC-1038,OPP-20378
LEAD-11891,2026-04-08,Pallas Retail,CX / Support Leader,Contact Centre Manager,Indonesia,APAC,Paid Search,Product,CMP-002,Studio for Product Teams — AMER 2025-08,Paid Search,Paid Search,82,A,true,true,57,Converted,2026-04-21,2026-04-29,2026-05-04,true,true,true,,,1,,U-007,ACC-1055,OPP-20379
LEAD-11892,2025-08-26,Cobalt Systems,CX / Support Leader,Director of Service Ops,India,APAC,Paid Search,Inbound Marketing,CMP-002,Studio for Product Teams — AMER 2025-08,Paid Search,Developer Community,61,B,false,false,0,Nurture,2025-09-05,,,true,false,false,,2,6,U-023,,,
LEAD-11893,2025-12-01,Kestrel Learning,Developer,Software Engineer,Colombia,LATAM,Partner / Marketplace,Partner / Referral,CMP-042,Migrate off Legacy SMS — AMER 2025-04,Partner / Marketplace,Paid Search,53,B,true,false,64,Converted,2025-12-18,2026-01-07,2026-02-07,true,true,true,,,1,,U-006,ACC-1107,OPP-20380
LEAD-11894,2025-12-29,Halcyon Travel,Product Manager,Senior PM,Sweden,EMEA,Organic Search,Product,CMP-016,Q3 Pipeline Push — AMER 2026-04,Organic Search,Organic Search,79,A,true,true,17,Converted,2026-01-05,2026-01-07,2026-01-11,true,true,true,,,1,,U-006,ACC-1046,OPP-20381
LEAD-11895,2026-04-28,Pallas Digital,Engineering Leader,Head of Platform,Spain,EMEA,Docs & Quickstarts,Product,CMP-023,Q3 Pipeline Push — AMER 2025-06,Docs & Quickstarts,Docs & Quickstarts,69,B,true,false,88,Converted,2026-05-05,2026-05-17,2026-06-17,true,true,true,,,1,,U-011,ACC-1097,OPP-20382
LEAD-11896,2025-05-28,Pallas Logistics,CX / Support Leader,Head of Support,Spain,EMEA,Paid Search,Product,CMP-006,AI Search Visibility — AMER 2026-02,Paid Search,Conference,78,A,true,true,67,Converted,2025-06-07,2025-06-18,2025-07-08,true,true,true,,,1,,U-003,ACC-1008,OPP-20383
LEAD-11897,2025-06-27,Pallas Works,Developer,Platform Engineer,Japan,APAC,Docs & Quickstarts,Product,CMP-026,Studio for Product Teams — AMER 2025-08,Docs & Quickstarts,Docs & Quickstarts,67,B,true,true,100,Converted,2025-07-12,2025-08-06,2025-08-26,true,true,true,,,2,,U-005,ACC-1027,OPP-20384
LEAD-11898,2026-07-21,Quanta Works,Developer,Staff Engineer,Canada,AMER,Conference,Inbound Marketing,CMP-036,Compliance & HIPAA — AMER 2026-04,Conference,Conference,45,C,false,false,0,SQL,2026-08-05,2026-08-28,,true,true,false,,2,5,U-023,U-001,,
LEAD-11899,2026-04-03,Orbital Travel,Developer,Staff Engineer,United States,AMER,Conference,Inbound Marketing,CMP-035,Q3 Pipeline Push — EMEA 2026-05,Conference,Conference,37,C,false,false,0,Disqualified,,,,false,false,false,No budget,2,11,U-023,,,
LEAD-11900,2025-04-28,Cobalt Logistics,Developer,Staff Engineer,Sweden,EMEA,Paid Social,Product,CMP-010,Migrate off Legacy SMS — LATAM 2025-06,Paid Social,Paid Social,39,C,true,false,33,Disqualified,,,,false,false,false,Duplicate,,1,,,,
LEAD-11901,2025-12-08,Meridian Digital,Engineering Leader,VP Engineering,Mexico,AMER,Developer Community,Product,CMP-031,Developer Docs Refresh — EMEA 2026-07,Developer Community,Developer Community,81,A,true,true,87,Nurture,2025-12-16,,,true,false,false,,,2,,,,
LEAD-11902,2026-09-04,North Technologies,Engineering Leader,Head of Platform,United States,AMER,Partner / Marketplace,Partner / Referral,CMP-042,Migrate off Legacy SMS — AMER 2025-04,Partner / Marketplace,Outbound Sequence,76,A,true,false,24,New,,,,false,false,false,,,2,,,,
LEAD-11903,2025-05-14,Meridian Cloud,Product Manager,Head of Product,United Kingdom,EMEA,Organic Search,Inbound Marketing,CMP-015,Studio for Product Teams — AMER 2025-11,Organic Search,Organic Search,66,B,false,true,0,SQL,2025-05-30,2025-06-09,,true,true,false,,1,10,U-027,U-003,,
LEAD-11904,2026-06-26,Vertex Freight,Product Manager,Senior PM,Germany,EMEA,Customer Referral,Partner / Referral,CMP-046,Migrate off Legacy SMS — AMER 2026-03,Customer Referral,Customer Referral,82,A,true,true,26,Converted,2026-07-08,2026-07-16,2026-08-11,true,true,true,,,0,,U-014,ACC-1126,OPP-20385
LEAD-11905,2026-02-03,Dovetail Insure,Procurement / Finance,Head of Vendor Management,Mexico,AMER,AI Assistant Referral,Product,CMP-022,Q3 Pipeline Push — AMER 2025-10,AI Assistant Referral,AI Assistant Referral,87,A,true,false,75,Converted,2026-02-06,2026-02-28,2026-04-02,true,true,true,,,0,,U-006,ACC-1065,OPP-20386
LEAD-11906,2026-04-14,Rivet Technologies,Developer,Platform Engineer,Sweden,EMEA,Webinar,Inbound Marketing,CMP-032,Copilot API Beta — AMER 2025-12,Webinar,Organic Search,37,C,false,true,0,New,,,,false,false,false,,3,10,U-017,,,
LEAD-11907,2026-01-07,Aster Travel,Product Manager,Director of Product,Brazil,AMER,Outbound Sequence,Outbound,CMP-040,AI Search Visibility — AMER 2026-05,Outbound Sequence,Paid Social,45,C,false,false,0,SQL,2026-01-11,2026-01-15,,true,true,false,,3,5,U-026,U-014,,
LEAD-11908,2026-07-15,Sable Logistics,Developer,Platform Engineer,Germany,EMEA,AI Assistant Referral,Product,CMP-019,Studio for Product Teams — APAC 2026-02,AI Assistant Referral,Outbound Sequence,63,B,true,false,11,Disqualified,,,,false,false,false,Free tier is enough,,1,,,,
LEAD-11909,2026-06-28,Pallas Health,Developer,Platform Engineer,Germany,EMEA,Conference,Inbound Marketing,CMP-036,Compliance & HIPAA — AMER 2026-04,Conference,Conference,40,C,false,false,0,New,,,,false,false,false,,5,6,U-017,,,
LEAD-11910,2025-04-04,Kestrel Retail,CX / Support Leader,Director of Service Ops,Singapore,APAC,Outbound Sequence,Outbound,CMP-037,Verify Fraud Playbook — EMEA 2025-04,Outbound Sequence,Paid Social,33,C,false,false,0,Working,,,,false,false,false,,3,3,U-025,,,
LEAD-11911,2026-03-09,Orbital Group,Engineering Leader,CTO,United Kingdom,EMEA,AI Assistant Referral,Inbound Marketing,CMP-021,Latency Benchmark — LATAM 2025-09,AI Assistant Referral,AI Assistant Referral,43,C,false,false,0,MQL,2026-03-24,,,true,false,false,,2,1,U-017,,,
LEAD-11912,2026-05-09,Foundry Technologies,Developer,Senior Backend Engineer,United States,AMER,Conference,Product,CMP-036,Compliance & HIPAA — AMER 2026-04,Conference,Conference,62,B,true,true,23,SQL,2026-05-09,2026-05-14,,true,true,false,,,0,,U-007,,
LEAD-11913,2025-04-29,Pallas Labs,Engineering Leader,Director of Engineering,Brazil,AMER,Organic Search,Product,CMP-017,Latency Benchmark — AMER 2026-05,Organic Search,Organic Search,90,A,true,false,35,Converted,2025-05-10,2025-05-22,2025-06-19,true,true,true,,,2,,U-008,ACC-1049,OPP-20387
LEAD-11914,2025-04-16,Orbital Pay,Engineering Leader,Head of Platform,United States,AMER,Organic Search,Product,CMP-018,Voice Agents Launch — AMER 2025-11,Organic Search,Organic Search,96,A,true,false,39,MQL,2025-04-18,,,true,false,false,,,0,,,,
LEAD-11915,2026-05-15,Kestrel Retail,Developer,Platform Engineer,Germany,EMEA,AI Assistant Referral,Product,CMP-019,Studio for Product Teams — APAC 2026-02,AI Assistant Referral,AI Assistant Referral,63,B,true,false,4,Working,,,,false,false,false,,,1,,,,
LEAD-11916,2026-07-18,Zephyr Care,Procurement / Finance,Head of Vendor Management,Spain,EMEA,Paid Search,Product,CMP-002,Studio for Product Teams — AMER 2025-08,Paid Search,Docs & Quickstarts,100,A,true,true,49,MQL,2026-07-28,,,true,false,false,,,0,,,,
LEAD-11917,2025-07-30,Pallas Gaming,Engineering Leader,Director of Engineering,Spain,EMEA,AI Assistant Referral,Inbound Marketing,CMP-022,Q3 Pipeline Push — AMER 2025-10,AI Assistant Referral,AI Assistant Referral,79,A,false,true,0,SQL,2025-08-09,2025-08-31,,true,true,false,,4,8,U-017,U-002,,
LEAD-11918,2025-08-19,Cobalt Retail,Engineering Leader,Head of Platform,United Kingdom,EMEA,Organic Search,Product,CMP-016,Q3 Pipeline Push — AMER 2026-04,Organic Search,Outbound Sequence,100,A,true,true,40,SQL,2025-09-02,2025-09-16,,true,true,false,,,1,,U-003,,
LEAD-11919,2025-07-06,Cinder Cloud,Engineering Leader,CTO,UAE,EMEA,Docs & Quickstarts,Inbound Marketing,CMP-023,Q3 Pipeline Push — AMER 2025-06,Docs & Quickstarts,Docs & Quickstarts,56,B,false,false,0,Disqualified,,,,false,false,false,Went silent,0,4,U-015,,,
LEAD-11920,2025-04-17,Rivet Mobility,Developer,Staff Engineer,Japan,APAC,Webinar,Inbound Marketing,CMP-033,Developer Docs Refresh — EMEA 2026-07,Webinar,Webinar,37,C,false,false,0,New,,,,false,false,false,,2,11,U-023,,,
LEAD-11921,2026-01-30,Aster Technologies,Developer,Platform Engineer,Mexico,AMER,Organic Search,Inbound Marketing,CMP-018,Voice Agents Launch — AMER 2025-11,Organic Search,Organic Search,43,C,false,false,0,SQL,2026-02-12,2026-02-13,,true,true,false,,1,9,U-027,U-002,,
LEAD-11922,2025-10-10,North Labs,Developer,Staff Engineer,Canada,AMER,Organic Search,Inbound Marketing,CMP-017,Latency Benchmark — AMER 2026-05,Organic Search,Outbound Sequence,51,B,false,false,0,Converted,2025-10-30,2025-11-19,2025-12-18,true,true,true,,2,3,U-025,U-009,ACC-1125,OPP-20388
LEAD-11923,2026-01-26,Dovetail Insure,Product Manager,Senior PM,United States,AMER,Paid Search,Inbound Marketing,CMP-005,Migrate off Legacy SMS — AMER 2025-12,Paid Search,Paid Social,77,A,false,false,0,New,,,,false,false,false,,2,10,U-023,,,
LEAD-11924,2025-07-14,Meridian Bank,Engineering Leader,Director of Engineering,Spain,EMEA,Organic Search,Product,CMP-014,Compliance & HIPAA — APAC 2025-09,Organic Search,Organic Search,84,A,true,false,58,New,,,,false,false,false,,,0,,,,
LEAD-11925,2025-11-28,Solstice Market,Product Manager,Head of Product,Mexico,AMER,Organic Search,Inbound Marketing,CMP-011,Developer Docs Refresh — LATAM 2025-04,Organic Search,Organic Search,40,C,false,false,0,Disqualified,,,,false,false,false,No use case,0,5,U-022,,,
LEAD-11926,2025-06-07,Juniper Gaming,Developer,Staff Engineer,Sweden,EMEA,Paid Search,Product,CMP-001,Copilot API Beta — AMER 2026-02,Paid Search,Paid Search,43,C,true,true,13,SQL,2025-06-21,2025-06-25,,true,true,false,,,0,,U-002,,
LEAD-11927,2025-10-02,Dovetail Group,Procurement / Finance,Finance Director,France,EMEA,Organic Search,Product,CMP-012,AI Search Visibility — AMER 2026-07,Organic Search,Organic Search,86,A,true,false,38,MQL,2025-10-11,,,true,false,false,,,2,,,,
LEAD-11928,2026-05-26,Lattice Labs,CX / Support Leader,VP Customer Experience,UAE,EMEA,Conference,Inbound Marketing,CMP-035,Q3 Pipeline Push — EMEA 2026-05,Conference,Conference,65,B,false,false,0,SQL,2026-06-12,2026-07-05,,true,true,false,,3,5,U-019,U-008,,
LEAD-11929,2026-05-08,Juniper Labs,Developer,Software Engineer,Netherlands,EMEA,Customer Referral,Partner / Referral,CMP-046,Migrate off Legacy SMS — AMER 2026-03,Customer Referral,Customer Referral,67,B,false,false,0,Working,,,,false,false,false,,0,11,U-019,,,
LEAD-11930,2025-06-15,Halcyon Retail,Procurement / Finance,Head of Vendor Management,Brazil,AMER,AI Assistant Referral,Product,CMP-019,Studio for Product Teams — APAC 2026-02,AI Assistant Referral,Customer Referral,81,A,true,true,87,Nurture,2025-06-16,,,true,false,false,,,0,,,,
LEAD-11931,2025-08-21,Quanta Market,Product Manager,Product Manager,Sweden,EMEA,Paid Search,Product,CMP-004,Cut Your Deflection Cost — AMER 2025-11,Paid Search,Paid Search,93,A,true,true,49,New,,,,false,false,false,,,1,,,,
LEAD-11932,2026-07-13,Cinder Gaming,Procurement / Finance,Procurement Manager,Brazil,AMER,Paid Search,Inbound Marketing,CMP-005,Migrate off Legacy SMS — AMER 2025-12,Paid Search,Developer Community,83,A,false,false,0,New,,,,false,false,false,,3,3,U-023,,,
LEAD-11933,2026-07-16,Beacon Mobility,Developer,Software Engineer,Japan,APAC,Paid Search,Inbound Marketing,CMP-006,AI Search Visibility — AMER 2026-02,Paid Search,Paid Search,50,B,false,false,0,Working,,,,false,false,false,,2,2,U-017,,,
LEAD-11934,2026-08-26,Cinder Works,Engineering Leader,Head of Platform,Chile,LATAM,Docs & Quickstarts,Product,CMP-023,Q3 Pipeline Push — AMER 2025-06,Docs & Quickstarts,Docs & Quickstarts,85,A,true,true,65,Nurture,2026-09-13,,,true,false,false,,,2,,,,
LEAD-11935,2025-11-02,Halcyon Group,Engineering Leader,VP Engineering,Germany,EMEA,AI Assistant Referral,Product,CMP-021,Latency Benchmark — LATAM 2025-09,AI Assistant Referral,AI Assistant Referral,68,B,true,true,31,Converted,2025-11-05,2025-11-21,2025-12-16,true,true,true,,,1,,U-006,ACC-1003,OPP-20389
LEAD-11936,2026-02-11,Sable Care,Developer,Senior Backend Engineer,Australia,APAC,Outbound Sequence,Outbound,CMP-037,Verify Fraud Playbook — EMEA 2025-04,Outbound Sequence,Conference,26,D,false,false,0,Converted,2026-02-27,2026-03-14,2026-04-04,true,true,true,,0,7,U-021,U-004,ACC-1018,OPP-20390
LEAD-11937,2026-03-02,Lumen Labs,Product Manager,Head of Product,Netherlands,EMEA,Customer Referral,Partner / Referral,CMP-045,Compliance & HIPAA — AMER 2025-09,Customer Referral,Customer Referral,82,A,true,false,63,Disqualified,,,,false,false,false,Duplicate,,0,,,,
LEAD-11938,2026-08-26,Sable Travel,Developer,Staff Engineer,Singapore,APAC,Docs & Quickstarts,Product,CMP-023,Q3 Pipeline Push — AMER 2025-06,Docs & Quickstarts,Docs & Quickstarts,76,A,true,false,28,MQL,2026-08-31,,,true,false,false,,,0,,,,
LEAD-11939,2025-11-08,Rivet Labs,Procurement / Finance,Procurement Manager,Singapore,APAC,Paid Social,Product,CMP-008,Developer Docs Refresh — EMEA 2026-02,Paid Social,Paid Social,97,A,true,false,72,Converted,2025-11-14,2025-11-26,2025-12-15,true,true,true,,,1,,U-003,ACC-1000,OPP-20391
LEAD-11940,2025-06-19,Cinder Pay,Product Manager,Senior PM,Mexico,AMER,Paid Social,Inbound Marketing,CMP-007,Developer Docs Refresh — EMEA 2025-05,Paid Social,Paid Social,28,D,false,false,0,Converted,2025-06-20,2025-07-02,2025-07-06,true,true,true,,3,5,U-021,U-009,ACC-1121,OPP-20392
LEAD-11941,2026-06-24,Orbital Gaming,Developer,Senior Backend Engineer,UAE,EMEA,Organic Search,Product,CMP-011,Developer Docs Refresh — LATAM 2025-04,Organic Search,Organic Search,78,A,true,true,43,Disqualified,,,,false,false,false,Went silent,,0,,,,
LEAD-11942,2026-01-01,North Labs,Engineering Leader,CTO,Canada,AMER,Organic Search,Product,CMP-013,Verify Fraud Playbook — LATAM 2026-01,Organic Search,Organic Search,100,A,true,true,27,Converted,2026-01-19,2026-01-26,2026-02-02,true,true,true,,,1,,U-008,ACC-1116,OPP-20393
LEAD-11943,2026-01-08,Vertex Cloud,Developer,Software Engineer,Mexico,AMER,Organic Search,Product,CMP-011,Developer Docs Refresh — LATAM 2025-04,Organic Search,Organic Search,58,B,true,true,60,MQL,2026-01-25,,,true,false,false,,,0,,,,
LEAD-11944,2026-08-24,Wexler Works,Engineering Leader,VP Engineering,France,EMEA,Organic Search,Product,CMP-011,Developer Docs Refresh — LATAM 2025-04,Organic Search,Organic Search,74,A,true,false,65,MQL,2026-09-10,,,true,false,false,,,1,,,,
LEAD-11945,2026-07-18,North Labs,Engineering Leader,Head of Platform,United States,AMER,Webinar,Inbound Marketing,CMP-032,Copilot API Beta — AMER 2025-12,Webinar,Webinar,66,B,false,false,0,Disqualified,,,,false,false,false,Wrong geo,2,11,U-027,,,
LEAD-11946,2025-05-26,Orbital Labs,Procurement / Finance,Procurement Manager,Colombia,LATAM,Docs & Quickstarts,Product,CMP-028,Migrate off Legacy SMS — AMER 2025-11,Docs & Quickstarts,Docs & Quickstarts,87,A,true,true,2,Converted,2025-06-02,2025-06-27,2025-07-07,true,true,true,,,0,,U-008,ACC-1129,OPP-20394
LEAD-11947,2026-08-23,Beacon Works,Product Manager,Head of Product,Mexico,AMER,Organic Search,Product,CMP-012,AI Search Visibility — AMER 2026-07,Organic Search,Organic Search,66,B,true,true,29,Nurture,2026-08-31,,,true,false,false,,,0,,,,
LEAD-11948,2026-07-15,Ember Labs,Developer,Software Engineer,Canada,AMER,Conference,Inbound Marketing,CMP-035,Q3 Pipeline Push — EMEA 2026-05,Conference,Conference,26,D,false,false,0,Working,,,,false,false,false,,2,1,U-018,,,
LEAD-11949,2025-12-28,Harbor Market,Engineering Leader,VP Engineering,Argentina,LATAM,Outbound Sequence,Outbound,CMP-037,Verify Fraud Playbook — EMEA 2025-04,Outbound Sequence,Outbound Sequence,43,C,false,false,0,Disqualified,,,,false,false,false,Went silent,1,8,U-022,,,
LEAD-11950,2026-06-13,Solstice Gaming,CX / Support Leader,Contact Centre Manager,UAE,EMEA,Outbound Sequence,Outbound,CMP-039,Studio for Product Teams — EMEA 2026-02,Outbound Sequence,Developer Community,82,A,false,false,0,Converted,2026-06-27,2026-06-29,2026-07-12,true,true,true,,0,3,U-027,U-003,ACC-1045,OPP-20395
LEAD-11951,2025-11-11,Rivet Pay,Developer,Staff Engineer,Mexico,AMER,Paid Search,Inbound Marketing,CMP-004,Cut Your Deflection Cost — AMER 2025-11,Paid Search,Paid Search,62,B,false,false,0,MQL,2025-11-14,,,true,false,false,,1,10,U-019,,,
LEAD-11952,2025-06-18,Meridian Group,Developer,Platform Engineer,Canada,AMER,Webinar,Inbound Marketing,CMP-033,Developer Docs Refresh — EMEA 2026-07,Webinar,Paid Social,23,D,false,false,0,Disqualified,,,,false,false,false,No budget,2,6,U-019,,,
LEAD-11953,2025-06-19,Harbor Health,Developer,Platform Engineer,Mexico,AMER,Developer Community,Product,CMP-030,Latency Benchmark — AMER 2025-08,Developer Community,Partner / Marketplace,60,B,true,true,63,SQL,2025-06-28,2025-07-23,,true,true,false,,,1,,U-011,,
LEAD-11954,2026-07-23,Lumen Works,Developer,Software Engineer,United States,AMER,Organic Search,Inbound Marketing,CMP-016,Q3 Pipeline Push — AMER 2026-04,Organic Search,Partner / Marketplace,36,C,false,false,0,New,,,,false,false,false,,1,4,U-015,,,
LEAD-11955,2026-03-22,Dovetail Insure,Engineering Leader,Director of Engineering,United States,AMER,Docs & Quickstarts,Product,CMP-023,Q3 Pipeline Push — AMER 2025-06,Docs & Quickstarts,Docs & Quickstarts,61,B,true,true,17,Converted,2026-03-23,2026-03-27,2026-04-12,true,true,true,,,2,,U-013,ACC-1027,OPP-20396
LEAD-11956,2025-06-17,Vertex Learning,Developer,Senior Backend Engineer,United Kingdom,EMEA,Paid Search,Inbound Marketing,CMP-002,Studio for Product Teams — AMER 2025-08,Paid Search,Conference,42,C,false,true,0,New,,,,false,false,false,,3,11,U-020,,,
LEAD-11957,2025-05-21,Quanta Digital,Developer,Software Engineer,Japan,APAC,AI Assistant Referral,Inbound Marketing,CMP-021,Latency Benchmark — LATAM 2025-09,AI Assistant Referral,AI Assistant Referral,53,B,false,false,0,Disqualified,,,,false,false,false,Free tier is enough,1,11,U-027,,,
LEAD-11958,2026-06-30,Sable Market,Procurement / Finance,Head of Vendor Management,Japan,APAC,Docs & Quickstarts,Product,CMP-027,Cut Your Deflection Cost — APAC 2025-05,Docs & Quickstarts,Docs & Quickstarts,100,A,true,true,95,Converted,2026-07-18,2026-07-20,2026-08-01,true,true,true,,,2,,U-011,ACC-1138,OPP-20397
LEAD-11959,2026-04-17,Onyx Cloud,Engineering Leader,CTO,Singapore,APAC,Partner / Marketplace,Partner / Referral,CMP-042,Migrate off Legacy SMS — AMER 2025-04,Partner / Marketplace,Partner / Marketplace,63,B,false,false,0,Converted,2026-04-22,2026-05-05,2026-05-15,true,true,true,,2,10,U-015,U-009,ACC-1036,OPP-20398
LEAD-11960,2026-08-04,Solstice Freight,Developer,Platform Engineer,Canada,AMER,Partner / Marketplace,Partner / Referral,CMP-044,Studio for Product Teams — AMER 2025-06,Partner / Marketplace,AI Assistant Referral,70,A,true,false,92,Converted,2026-08-21,2026-08-30,2026-09-20,true,true,true,,,1,,U-011,ACC-1097,OPP-20399
LEAD-11961,2025-08-11,Kestrel Mobility,Developer,Software Engineer,Mexico,AMER,Paid Search,Product,CMP-005,Migrate off Legacy SMS — AMER 2025-12,Paid Search,Paid Search,80,A,true,true,6,Nurture,2025-08-12,,,true,false,false,,,0,,,,
LEAD-11962,2025-08-29,Cinder Labs,Developer,Senior Backend Engineer,Brazil,AMER,AI Assistant Referral,Product,CMP-021,Latency Benchmark — LATAM 2025-09,AI Assistant Referral,Customer Referral,80,A,true,true,39,Disqualified,,,,false,false,false,Went silent,,2,,,,
LEAD-11963,2025-10-30,Zephyr Digital,Product Manager,Director of Product,Canada,AMER,Paid Social,Inbound Marketing,CMP-010,Migrate off Legacy SMS — LATAM 2025-06,Paid Social,Paid Social,35,C,false,true,0,Working,,,,false,false,false,,2,6,U-027,,,
LEAD-11964,2026-01-14,Wexler Digital,Product Manager,Senior PM,Australia,APAC,Customer Referral,Partner / Referral,CMP-045,Compliance & HIPAA — AMER 2025-09,Customer Referral,Paid Social,78,A,true,true,44,SQL,2026-01-14,2026-01-20,,true,true,false,,,2,,U-002,,
LEAD-11965,2025-05-30,Onyx Retail,Developer,Staff Engineer,Sweden,EMEA,Partner / Marketplace,Partner / Referral,CMP-043,Latency Benchmark — APAC 2026-01,Partner / Marketplace,Paid Social,60,B,false,false,0,SQL,2025-06-10,2025-06-20,,true,true,false,,3,7,U-016,U-006,,
LEAD-11966,2026-01-08,Onyx Insure,CX / Support Leader,Director of Service Ops,India,APAC,Organic Search,Product,CMP-011,Developer Docs Refresh — LATAM 2025-04,Organic Search,Organic Search,79,A,true,true,90,Disqualified,,,,false,false,false,Went silent,,2,,,,
LEAD-11967,2025-12-27,Juniper Care,Product Manager,Head of Product,United States,AMER,Paid Social,Inbound Marketing,CMP-008,Developer Docs Refresh — EMEA 2026-02,Paid Social,Paid Social,27,D,false,false,0,Nurture,2025-12-28,,,true,false,false,,0,10,U-026,,,
LEAD-11968,2025-06-29,Solstice Group,Product Manager,Head of Product,France,EMEA,Developer Community,Inbound Marketing,CMP-031,Developer Docs Refresh — EMEA 2026-07,Developer Community,Docs & Quickstarts,47,C,false,false,0,MQL,2025-07-06,,,true,false,false,,2,9,U-022,,,
LEAD-11969,2026-08-28,Vertex Labs,Product Manager,Director of Product,France,EMEA,Paid Search,Inbound Marketing,CMP-004,Cut Your Deflection Cost — AMER 2025-11,Paid Search,Paid Search,52,B,false,false,0,Nurture,2026-09-12,,,true,false,false,,0,6,U-019,,,
LEAD-11970,2025-11-25,Cinder Labs,Engineering Leader,Director of Engineering,United Kingdom,EMEA,Docs & Quickstarts,Product,CMP-028,Migrate off Legacy SMS — AMER 2025-11,Docs & Quickstarts,Paid Social,94,A,true,true,54,SQL,2025-12-13,2026-01-04,,true,true,false,,,2,,U-011,,
LEAD-11971,2026-06-11,Rivet Group,Engineering Leader,VP Engineering,UAE,EMEA,Paid Social,Product,CMP-007,Developer Docs Refresh — EMEA 2025-05,Paid Social,Conference,83,A,true,false,36,MQL,2026-06-18,,,true,false,false,,,0,,,,
LEAD-11972,2025-04-22,North Insure,Developer,Software Engineer,United States,AMER,Docs & Quickstarts,Product,CMP-025,Migrate off Legacy SMS — EMEA 2025-09,Docs & Quickstarts,Paid Social,57,B,true,false,37,SQL,2025-04-30,2025-05-03,,true,true,false,,,2,,U-001,,
LEAD-11973,2025-11-05,Wexler Travel,Developer,Senior Backend Engineer,France,EMEA,Organic Search,Product,CMP-012,AI Search Visibility — AMER 2026-07,Organic Search,Organic Search,74,A,true,true,17,SQL,2025-11-24,2025-11-25,,true,true,false,,,2,,U-003,,
LEAD-11974,2026-02-14,Harbor Health,Product Manager,Head of Product,Germany,EMEA,Organic Search,Inbound Marketing,CMP-013,Verify Fraud Playbook — LATAM 2026-01,Organic Search,Organic Search,67,B,false,false,0,New,,,,false,false,false,,2,10,U-025,,,
LEAD-11975,2025-09-14,Wexler Health,Developer,Staff Engineer,Sweden,EMEA,AI Assistant Referral,Product,CMP-019,Studio for Product Teams — APAC 2026-02,AI Assistant Referral,AI Assistant Referral,58,B,true,true,93,Working,,,,false,false,false,,,1,,,,
LEAD-11976,2026-04-05,Halcyon Logistics,CX / Support Leader,Director of Service Ops,Brazil,AMER,Docs & Quickstarts,Product,CMP-024,Verify Fraud Playbook — AMER 2025-05,Docs & Quickstarts,Customer Referral,76,A,true,true,50,SQL,2026-04-11,2026-04-27,,true,true,false,,,2,,U-011,,
LEAD-11977,2026-05-07,Vertex Retail,Developer,Senior Backend Engineer,France,EMEA,Organic Search,Inbound Marketing,CMP-016,Q3 Pipeline Push — AMER 2026-04,Organic Search,Partner / Marketplace,50,B,false,false,0,SQL,2026-05-24,2026-05-25,,true,true,false,,2,1,U-027,U-009,,
LEAD-11978,2026-09-06,Umbra Retail,Developer,Senior Backend Engineer,France,EMEA,Partner / Marketplace,Partner / Referral,CMP-042,Migrate off Legacy SMS — AMER 2025-04,Partner / Marketplace,Partner / Marketplace,30,C,false,false,0,SQL,2026-09-15,2026-09-24,,true,true,false,,2,8,U-016,U-002,,
LEAD-11979,2026-04-16,Wexler Works,Developer,Software Engineer,UAE,EMEA,Customer Referral,Partner / Referral,CMP-046,Migrate off Legacy SMS — AMER 2026-03,Customer Referral,Customer Referral,68,B,true,true,21,Nurture,2026-05-02,,,true,false,false,,,1,,,,
LEAD-11980,2025-08-31,Tundra Learning,Engineering Leader,Director of Engineering,Mexico,AMER,AI Assistant Referral,Inbound Marketing,CMP-022,Q3 Pipeline Push — AMER 2025-10,AI Assistant Referral,AI Assistant Referral,76,A,false,false,0,SQL,2025-09-11,2025-09-29,,true,true,false,,1,5,U-023,U-002,,
LEAD-11981,2025-05-23,Sable Insure,Product Manager,Head of Product,Colombia,LATAM,Organic Search,Inbound Marketing,CMP-015,Studio for Product Teams — AMER 2025-11,Organic Search,Conference,51,B,false,false,0,Converted,2025-06-12,2025-07-03,2025-07-10,true,true,true,,3,5,U-022,U-014,ACC-1137,OPP-20400
LEAD-11982,2025-04-15,Onyx Labs,Engineering Leader,Head of Platform,Mexico,AMER,Docs & Quickstarts,Product,CMP-026,Studio for Product Teams — AMER 2025-08,Docs & Quickstarts,Docs & Quickstarts,77,A,true,true,70,Converted,2025-04-18,2025-05-08,2025-06-11,true,true,true,,,2,,U-008,ACC-1007,OPP-20401
LEAD-11983,2026-06-29,Halcyon Works,Engineering Leader,Director of Engineering,Singapore,APAC,Docs & Quickstarts,Product,CMP-028,Migrate off Legacy SMS — AMER 2025-11,Docs & Quickstarts,Docs & Quickstarts,81,A,true,false,15,Disqualified,,,,false,false,false,Wrong geo,,0,,,,
LEAD-11984,2025-08-25,Quanta Travel,Developer,Platform Engineer,United States,AMER,Paid Social,Inbound Marketing,CMP-007,Developer Docs Refresh — EMEA 2025-05,Paid Social,Docs & Quickstarts,24,D,false,false,0,Disqualified,,,,false,false,false,Went silent,1,4,U-025,,,
LEAD-11985,2025-06-19,Lumen Technologies,Engineering Leader,Director of Engineering,Brazil,AMER,Outbound Sequence,Outbound,CMP-038,Migrate off Legacy SMS — AMER 2025-04,Outbound Sequence,Outbound Sequence,33,C,false,false,0,Disqualified,,,,false,false,false,Student / hobby project,2,9,U-024,,,
LEAD-11986,2025-11-17,Dovetail Bank,Product Manager,Head of Product,France,EMEA,Outbound Sequence,Outbound,CMP-039,Studio for Product Teams — EMEA 2026-02,Outbound Sequence,Organic Search,56,B,false,false,0,SQL,2025-11-21,2025-11-30,,true,true,false,,4,4,U-027,U-001,,
LEAD-11987,2026-04-08,Quanta Labs,Developer,Senior Backend Engineer,United States,AMER,AI Assistant Referral,Product,CMP-021,Latency Benchmark — LATAM 2025-09,AI Assistant Referral,Conference,71,A,true,true,94,SQL,2026-04-17,2026-04-18,,true,true,false,,,0,,U-010,,
LEAD-11988,2025-08-04,Wexler Group,Engineering Leader,CTO,Sweden,EMEA,Outbound Sequence,Outbound,CMP-039,Studio for Product Teams — EMEA 2026-02,Outbound Sequence,Outbound Sequence,39,C,false,false,0,Disqualified,,,,false,false,false,No use case,2,2,U-021,,,
LEAD-11989,2025-11-01,Pallas Gaming,CX / Support Leader,Contact Centre Manager,United Kingdom,EMEA,AI Assistant Referral,Inbound Marketing,CMP-019,Studio for Product Teams — APAC 2026-02,AI Assistant Referral,AI Assistant Referral,71,A,false,false,0,Converted,2025-11-12,2025-12-06,2026-01-02,true,true,true,,2,9,U-025,U-013,ACC-1097,OPP-20402
LEAD-11990,2026-07-03,Harbor Health,CX / Support Leader,Contact Centre Manager,India,APAC,Paid Search,Inbound Marketing,CMP-005,Migrate off Legacy SMS — AMER 2025-12,Paid Search,Paid Search,87,A,false,false,0,Converted,2026-07-23,2026-08-14,2026-09-09,true,true,true,,2,5,U-021,U-005,ACC-1081,OPP-20403
LEAD-11991,2025-09-27,Cobalt Retail,CX / Support Leader,Contact Centre Manager,United Kingdom,EMEA,Partner / Marketplace,Partner / Referral,CMP-043,Latency Benchmark — APAC 2026-01,Partner / Marketplace,Partner / Marketplace,84,A,false,false,0,New,,,,false,false,false,,2,1,U-022,,,
LEAD-11992,2025-07-03,Aster Mobility,Developer,Software Engineer,United States,AMER,Webinar,Inbound Marketing,CMP-032,Copilot API Beta — AMER 2025-12,Webinar,Webinar,43,C,false,false,0,Converted,2025-07-20,2025-07-26,2025-08-02,true,true,true,,1,3,U-024,U-008,ACC-1126,OPP-20404
LEAD-11993,2025-04-13,Cobalt Systems,CX / Support Leader,Director of Service Ops,Brazil,AMER,AI Assistant Referral,Product,CMP-019,Studio for Product Teams — APAC 2026-02,AI Assistant Referral,Conference,76,A,true,false,29,Converted,2025-04-21,2025-04-22,2025-05-25,true,true,true,,,1,,U-003,ACC-1025,OPP-20405
LEAD-11994,2026-08-27,Dovetail Technologies,CX / Support Leader,Director of Service Ops,Canada,AMER,Paid Search,Product,CMP-005,Migrate off Legacy SMS — AMER 2025-12,Paid Search,Paid Search,100,A,true,false,5,Disqualified,,,,false,false,false,Wrong geo,,0,,,,
LEAD-11995,2025-11-17,Halcyon Market,Engineering Leader,Director of Engineering,Canada,AMER,Conference,Inbound Marketing,CMP-035,Q3 Pipeline Push — EMEA 2026-05,Conference,Partner / Marketplace,61,B,false,false,0,Converted,2025-12-02,2025-12-04,2026-01-04,true,true,true,,3,3,U-017,U-005,ACC-1114,OPP-20406
LEAD-11996,2026-07-02,Rivet Insure,Engineering Leader,Director of Engineering,United States,AMER,Webinar,Inbound Marketing,CMP-033,Developer Docs Refresh — EMEA 2026-07,Webinar,Webinar,58,B,false,false,0,MQL,2026-07-22,,,true,false,false,,1,8,U-020,,,
LEAD-11997,2025-10-31,Lumen Travel,Developer,Staff Engineer,Germany,EMEA,Paid Search,Inbound Marketing,CMP-001,Copilot API Beta — AMER 2026-02,Paid Search,Organic Search,42,C,false,false,0,New,,,,false,false,false,,2,6,U-025,,,
LEAD-11998,2026-01-09,Juniper Cloud,Engineering Leader,VP Engineering,United States,AMER,Partner / Marketplace,Partner / Referral,CMP-043,Latency Benchmark — APAC 2026-01,Partner / Marketplace,Partner / Marketplace,90,A,true,false,91,SQL,2026-01-22,2026-01-28,,true,true,false,,,0,,U-003,,
LEAD-11999,2025-10-10,Wexler Systems,Developer,Senior Backend Engineer,Japan,APAC,AI Assistant Referral,Product,CMP-019,Studio for Product Teams — APAC 2026-02,AI Assistant Referral,AI Assistant Referral,49,C,true,false,47,Converted,2025-10-14,2025-10-28,2025-11-30,true,true,true,,,0,,U-011,ACC-1098,OPP-20407
LEAD-12000,2026-04-05,Rivet Bank,CX / Support Leader,VP Customer Experience,Mexico,AMER,Docs & Quickstarts,Product,CMP-027,Cut Your Deflection Cost — APAC 2025-05,Docs & Quickstarts,Docs & Quickstarts,76,A,true,false,35,MQL,2026-04-17,,,true,false,false,,,1,,,,
LEAD-12001,2026-04-10,Lumen Gaming,Engineering Leader,VP Engineering,Japan,APAC,Paid Social,Inbound Marketing,CMP-008,Developer Docs Refresh — EMEA 2026-02,Paid Social,Webinar,43,C,false,false,0,MQL,2026-04-18,,,true,false,false,,0,6,U-023,,,
LEAD-12002,2025-05-06,Onyx Labs,CX / Support Leader,VP Customer Experience,Mexico,AMER,Outbound Sequence,Outbound,CMP-037,Verify Fraud Playbook — EMEA 2025-04,Outbound Sequence,Outbound Sequence,30,C,false,false,0,Working,,,,false,false,false,,5,4,U-026,,,
LEAD-12003,2026-07-20,Harbor Learning,Developer,Staff Engineer,Canada,AMER,Organic Search,Inbound Marketing,CMP-013,Verify Fraud Playbook — LATAM 2026-01,Organic Search,Organic Search,54,B,false,false,0,Converted,2026-07-23,2026-08-06,2026-09-01,true,true,true,,3,10,U-024,U-007,ACC-1118,OPP-20408
LEAD-12004,2026-07-22,Ember Digital,Engineering Leader,Head of Platform,France,EMEA,Paid Search,Inbound Marketing,CMP-003,Voice Agents Launch — EMEA 2025-12,Paid Search,Organic Search,75,A,false,false,0,SQL,2026-08-10,2026-08-18,,true,true,false,,3,9,U-021,U-001,,
LEAD-12005,2025-10-27,Wexler Digital,Product Manager,Director of Product,Indonesia,APAC,Organic Search,Product,CMP-014,Compliance & HIPAA — APAC 2025-09,Organic Search,Organic Search,62,B,true,true,49,Disqualified,,,,false,false,false,Went silent,,2,,,,
LEAD-12006,2026-01-01,Beacon Cloud,Developer,Staff Engineer,Canada,AMER,Conference,Inbound Marketing,CMP-036,Compliance & HIPAA — AMER 2026-04,Conference,Webinar,23,D,false,false,0,New,,,,false,false,false,,2,4,U-020,,,
LEAD-12007,2026-03-30,Halcyon Travel,CX / Support Leader,VP Customer Experience,Brazil,AMER,Paid Search,Inbound Marketing,CMP-002,Studio for Product Teams — AMER 2025-08,Paid Search,Paid Search,89,A,false,false,0,Converted,2026-04-11,2026-04-30,2026-05-03,true,true,true,,3,2,U-019,U-013,ACC-1037,OPP-20409
LEAD-12008,2026-07-19,North Gaming,Developer,Staff Engineer,Brazil,AMER,Paid Search,Product,CMP-003,Voice Agents Launch — EMEA 2025-12,Paid Search,Paid Search,66,B,true,true,36,Nurture,2026-07-24,,,true,false,false,,,2,,,,
LEAD-12009,2025-11-12,Vantage Travel,Developer,Platform Engineer,United States,AMER,Paid Search,Product,CMP-002,Studio for Product Teams — AMER 2025-08,Paid Search,Paid Search,76,A,true,true,97,MQL,2025-11-30,,,true,false,false,,,0,,,,
LEAD-12010,2026-02-13,Solstice Labs,Procurement / Finance,Finance Director,Japan,APAC,Docs & Quickstarts,Product,CMP-028,Migrate off Legacy SMS — AMER 2025-11,Docs & Quickstarts,Docs & Quickstarts,94,A,true,false,66,Nurture,2026-02-18,,,true,false,false,,,2,,,,
LEAD-12011,2026-03-09,Halcyon Bank,Procurement / Finance,Procurement Manager,Brazil,AMER,Organic Search,Inbound Marketing,CMP-014,Compliance & HIPAA — APAC 2025-09,Organic Search,Organic Search,74,A,false,false,0,SQL,2026-03-20,2026-04-08,,true,true,false,,1,3,U-018,U-008,,
LEAD-12012,2025-09-29,Wexler Gaming,Product Manager,Head of Product,Spain,EMEA,Outbound Sequence,Outbound,CMP-040,AI Search Visibility — AMER 2026-05,Outbound Sequence,Webinar,50,B,false,false,0,Converted,2025-10-19,2025-10-20,2025-11-14,true,true,true,,1,5,U-022,U-012,ACC-1003,OPP-20410
LEAD-12013,2025-08-06,Lumen Travel,Engineering Leader,Head of Platform,India,APAC,Paid Social,Inbound Marketing,CMP-009,Copilot API Beta — AMER 2026-01,Paid Social,Paid Social,55,B,false,false,0,Working,,,,false,false,false,,3,5,U-019,,,
LEAD-12014,2025-07-22,North Learning,CX / Support Leader,VP Customer Experience,Germany,EMEA,Customer Referral,Partner / Referral,CMP-045,Compliance & HIPAA — AMER 2025-09,Customer Referral,Conference,78,A,false,false,0,Disqualified,,,,false,false,false,Free tier is enough,3,1,U-018,,,
LEAD-12015,2025-11-23,Zephyr Mobility,Developer,Staff Engineer,UAE,EMEA,Partner / Marketplace,Partner / Referral,CMP-042,Migrate off Legacy SMS — AMER 2025-04,Partner / Marketplace,Partner / Marketplace,59,B,true,false,43,Disqualified,,,,false,false,false,No use case,,0,,,,
LEAD-12016,2026-05-07,Dovetail Gaming,Developer,Software Engineer,United Kingdom,EMEA,AI Assistant Referral,Inbound Marketing,CMP-020,Q3 Pipeline Push — AMER 2025-12,AI Assistant Referral,AI Assistant Referral,45,C,false,false,0,SQL,2026-05-19,2026-05-30,,true,true,false,,5,5,U-019,U-011,,
LEAD-12017,2026-06-03,Vantage Technologies,Product Manager,Head of Product,United States,AMER,Partner / Marketplace,Partner / Referral,CMP-044,Studio for Product Teams — AMER 2025-06,Partner / Marketplace,Partner / Marketplace,60,B,false,false,0,MQL,2026-06-10,,,true,false,false,,0,2,U-015,,,
LEAD-12018,2026-04-01,Zephyr Travel,Developer,Platform Engineer,Canada,AMER,Partner / Marketplace,Partner / Referral,CMP-043,Latency Benchmark — APAC 2026-01,Partner / Marketplace,Partner / Marketplace,64,B,false,false,0,Disqualified,,,,false,false,false,Student / hobby project,3,11,U-020,,,
LEAD-12019,2026-09-15,North Mobility,Developer,Staff Engineer,Sweden,EMEA,Organic Search,Inbound Marketing,CMP-017,Latency Benchmark — AMER 2026-05,Organic Search,Organic Search,36,C,false,false,0,Disqualified,,,,false,false,false,No use case,0,3,U-023,,,
LEAD-12020,2026-03-09,Quanta Systems,Procurement / Finance,Head of Vendor Management,Canada,AMER,Docs & Quickstarts,Product,CMP-028,Migrate off Legacy SMS — AMER 2025-11,Docs & Quickstarts,Docs & Quickstarts,100,A,true,true,34,Nurture,2026-03-26,,,true,false,false,,,1,,,,
LEAD-12021,2025-04-15,Umbra Cloud,CX / Support Leader,VP Customer Experience,Canada,AMER,Paid Social,Inbound Marketing,CMP-007,Developer Docs Refresh — EMEA 2025-05,Paid Social,Paid Social,49,C,false,false,0,Nurture,2025-04-24,,,true,false,false,,2,7,U-025,,,
LEAD-12022,2026-03-15,Wexler Learning,CX / Support Leader,Director of Service Ops,Germany,EMEA,Conference,Inbound Marketing,CMP-036,Compliance & HIPAA — AMER 2026-04,Conference,Conference,60,B,false,false,0,SQL,2026-03-27,2026-04-15,,true,true,false,,0,9,U-018,U-007,,
LEAD-12023,2026-04-12,Rivet Bank,Engineering Leader,Director of Engineering,UAE,EMEA,Organic Search,Product,CMP-014,Compliance & HIPAA — APAC 2025-09,Organic Search,Organic Search,100,A,true,true,90,Disqualified,,,,false,false,false,No budget,,1,,,,
LEAD-12024,2026-01-29,Quanta Market,Engineering Leader,Director of Engineering,Mexico,AMER,Customer Referral,Partner / Referral,CMP-045,Compliance & HIPAA — AMER 2025-09,Customer Referral,Developer Community,96,A,true,false,38,Converted,2026-02-01,2026-02-26,2026-03-31,true,true,true,,,2,,U-010,ACC-1139,OPP-20411
LEAD-12025,2025-12-25,Umbra Technologies,Engineering Leader,Head of Platform,Brazil,AMER,Paid Social,Product,CMP-010,Migrate off Legacy SMS — LATAM 2025-06,Paid Social,AI Assistant Referral,45,C,true,false,92,MQL,2025-12-31,,,true,false,false,,,0,,,,
LEAD-12026,2026-09-07,Kestrel Insure,Developer,Software Engineer,France,EMEA,Paid Social,Inbound Marketing,CMP-007,Developer Docs Refresh — EMEA 2025-05,Paid Social,Paid Social,1,D,false,false,0,Disqualified,,,,false,false,false,Went silent,2,9,U-016,,,
LEAD-12027,2025-04-27,Umbra Travel,Developer,Staff Engineer,Singapore,APAC,Paid Search,Inbound Marketing,CMP-002,Studio for Product Teams — AMER 2025-08,Paid Search,Paid Search,53,B,false,false,0,New,,,,false,false,false,,0,9,U-026,,,
LEAD-12028,2026-07-01,Kestrel Logistics,Procurement / Finance,Procurement Manager,Canada,AMER,Webinar,Inbound Marketing,CMP-032,Copilot API Beta — AMER 2025-12,Webinar,Webinar,60,B,false,false,0,SQL,2026-07-10,2026-08-03,,true,true,false,,3,5,U-025,U-004,,
LEAD-12029,2025-04-16,North Works,Developer,Staff Engineer,Germany,EMEA,AI Assistant Referral,Product,CMP-022,Q3 Pipeline Push — AMER 2025-10,AI Assistant Referral,Conference,70,A,true,false,46,SQL,2025-04-30,2025-05-15,,true,true,false,,,2,,U-010,,
LEAD-12030,2026-04-25,Lumen Health,Developer,Platform Engineer,Brazil,AMER,Outbound Sequence,Outbound,CMP-040,AI Search Visibility — AMER 2026-05,Outbound Sequence,Outbound Sequence,65,B,true,true,53,Disqualified,,,,false,false,false,No budget,2,7,U-016,,,
LEAD-12031,2026-05-06,Quanta Learning,Engineering Leader,Director of Engineering,Colombia,LATAM,Webinar,Inbound Marketing,CMP-032,Copilot API Beta — AMER 2025-12,Webinar,Conference,84,A,false,false,0,Disqualified,,,,false,false,false,Competitor,2,5,U-024,,,
LEAD-12032,2025-04-16,Halcyon Insure,Developer,Staff Engineer,Germany,EMEA,Partner / Marketplace,Partner / Referral,CMP-044,Studio for Product Teams — AMER 2025-06,Partner / Marketplace,Partner / Marketplace,41,C,false,false,0,Converted,2025-05-03,2025-05-27,2025-05-30,true,true,true,,1,1,U-020,U-007,ACC-1021,OPP-20412
LEAD-12033,2026-03-19,Cobalt Pay,Product Manager,Head of Product,Brazil,AMER,Organic Search,Product,CMP-012,AI Search Visibility — AMER 2026-07,Organic Search,Paid Social,73,A,true,true,42,SQL,2026-03-26,2026-04-19,,true,true,false,,,0,,U-005,,
LEAD-12034,2026-01-03,Meridian Health,Developer,Platform Engineer,Argentina,LATAM,Developer Community,Product,CMP-030,Latency Benchmark — AMER 2025-08,Developer Community,Developer Community,49,C,true,true,93,Converted,2026-01-24,2026-01-31,2026-02-17,true,true,true,,,2,,U-003,ACC-1095,OPP-20413
LEAD-12035,2026-08-12,Halcyon Learning,Product Manager,Senior PM,United States,AMER,Conference,Inbound Marketing,CMP-036,Compliance & HIPAA — AMER 2026-04,Conference,Conference,67,B,false,false,0,MQL,2026-08-14,,,true,false,false,,2,3,U-025,,,
LEAD-12036,2025-08-10,North Labs,Developer,Senior Backend Engineer,United States,AMER,Paid Search,Inbound Marketing,CMP-001,Copilot API Beta — AMER 2026-02,Paid Search,Docs & Quickstarts,43,C,false,false,0,Converted,2025-08-19,2025-08-26,2025-08-29,true,true,true,,1,6,U-019,U-005,ACC-1093,OPP-20414
LEAD-12037,2025-05-03,Zephyr Mobility,CX / Support Leader,Head of Support,United States,AMER,Paid Search,Inbound Marketing,CMP-002,Studio for Product Teams — AMER 2025-08,Paid Search,Paid Search,73,A,false,false,0,Working,,,,false,false,false,,2,11,U-020,,,
LEAD-12038,2025-10-09,Meridian Gaming,Engineering Leader,Director of Engineering,Japan,APAC,Paid Search,Inbound Marketing,CMP-001,Copilot API Beta — AMER 2026-02,Paid Search,Partner / Marketplace,45,C,false,false,0,MQL,2025-10-23,,,true,false,false,,2,5,U-025,,,
LEAD-12039,2025-11-18,Harbor Works,Developer,Platform Engineer,Mexico,AMER,Organic Search,Product,CMP-016,Q3 Pipeline Push — AMER 2026-04,Organic Search,Organic Search,87,A,true,true,18,Converted,2025-12-08,2025-12-27,2026-01-16,true,true,true,,,2,,U-010,ACC-1040,OPP-20415
LEAD-12040,2026-09-11,Lattice Technologies,Developer,Senior Backend Engineer,Japan,APAC,Outbound Sequence,Outbound,CMP-037,Verify Fraud Playbook — EMEA 2025-04,Outbound Sequence,Conference,36,C,false,false,0,Working,,,,false,false,false,,0,2,U-024,,,
LEAD-12041,2025-09-11,Kestrel Insure,Developer,Staff Engineer,Netherlands,EMEA,Developer Community,Product,CMP-029,Build a Support Agent — EMEA 2025-11,Developer Community,Conference,48,C,true,false,4,SQL,2025-10-01,2025-10-10,,true,true,false,,,1,,U-007,,
LEAD-12042,2025-12-29,Beacon Health,Developer,Staff Engineer,Australia,APAC,Partner / Marketplace,Partner / Referral,CMP-044,Studio for Product Teams — AMER 2025-06,Partner / Marketplace,Partner / Marketplace,67,B,false,false,0,SQL,2026-01-03,2026-01-06,,true,true,false,,3,5,U-026,U-001,,
LEAD-12043,2026-05-09,Rivet Bank,Developer,Staff Engineer,Germany,EMEA,Webinar,Inbound Marketing,CMP-032,Copilot API Beta — AMER 2025-12,Webinar,Webinar,24,D,false,false,0,Disqualified,,,,false,false,false,Duplicate,4,5,U-021,,,
LEAD-12044,2025-04-02,Onyx Cloud,Developer,Staff Engineer,Canada,AMER,Paid Search,Product,CMP-005,Migrate off Legacy SMS — AMER 2025-12,Paid Search,Paid Search,55,B,true,true,87,SQL,2025-04-11,2025-05-07,,true,true,false,,,1,,U-008,,
LEAD-12045,2026-09-07,Rivet Learning,CX / Support Leader,VP Customer Experience,Canada,AMER,Paid Search,Inbound Marketing,CMP-004,Cut Your Deflection Cost — AMER 2025-11,Paid Search,Paid Search,71,A,false,false,0,MQL,2026-09-20,,,true,false,false,,1,11,U-020,,,
LEAD-12046,2026-08-02,Kestrel Technologies,Product Manager,Head of Product,Sweden,EMEA,Paid Social,Inbound Marketing,CMP-009,Copilot API Beta — AMER 2026-01,Paid Social,Paid Social,22,D,false,false,0,Working,,,,false,false,false,,3,8,U-024,,,
LEAD-12047,2025-06-11,Orbital Insure,Developer,Staff Engineer,Brazil,AMER,Docs & Quickstarts,Product,CMP-023,Q3 Pipeline Push — AMER 2025-06,Docs & Quickstarts,Customer Referral,60,B,true,false,90,Nurture,2025-06-26,,,true,false,false,,,2,,,,
LEAD-12048,2026-03-21,Vantage Retail,CX / Support Leader,Contact Centre Manager,Australia,APAC,Outbound Sequence,Outbound,CMP-039,Studio for Product Teams — EMEA 2026-02,Outbound Sequence,Partner / Marketplace,80,A,true,true,93,New,,,,false,false,false,,0,1,U-016,,,
LEAD-12049,2026-04-06,Ember Systems,Developer,Senior Backend Engineer,United States,AMER,AI Assistant Referral,Product,CMP-019,Studio for Product Teams — APAC 2026-02,AI Assistant Referral,AI Assistant Referral,46,C,true,false,97,Nurture,2026-04-23,,,true,false,false,,,1,,,,
LEAD-12050,2026-05-09,Solstice Travel,CX / Support Leader,Head of Support,United States,AMER,Organic Search,Product,CMP-014,Compliance & HIPAA — APAC 2025-09,Organic Search,AI Assistant Referral,91,A,true,false,32,SQL,2026-05-23,2026-06-06,,true,true,false,,,0,,U-005,,
LEAD-12051,2026-01-02,Meridian Labs,CX / Support Leader,Head of Support,India,APAC,Paid Social,Inbound Marketing,CMP-009,Copilot API Beta — AMER 2026-01,Paid Social,Partner / Marketplace,56,B,false,false,0,Converted,2026-01-06,2026-01-07,2026-01-24,true,true,true,,3,6,U-024,U-007,ACC-1118,OPP-20416
LEAD-12052,2026-08-10,Beacon Gaming,Procurement / Finance,Procurement Manager,Japan,APAC,Paid Search,Inbound Marketing,CMP-005,Migrate off Legacy SMS — AMER 2025-12,Paid Search,Organic Search,75,A,false,false,0,SQL,2026-08-15,2026-08-20,,true,true,false,,3,7,U-025,U-007,,
LEAD-12053,2026-03-04,Foundry Bank,Procurement / Finance,CFO,Chile,LATAM,Customer Referral,Partner / Referral,CMP-046,Migrate off Legacy SMS — AMER 2026-03,Customer Referral,Customer Referral,100,A,true,false,2,MQL,2026-03-25,,,true,false,false,,,0,,,,
LEAD-12054,2025-06-06,Cinder Logistics,Developer,Software Engineer,Netherlands,EMEA,Docs & Quickstarts,Product,CMP-025,Migrate off Legacy SMS — EMEA 2025-09,Docs & Quickstarts,Organic Search,79,A,true,true,71,Nurture,2025-06-27,,,true,false,false,,,1,,,,
LEAD-12055,2026-02-26,Cobalt Mobility,Engineering Leader,VP Engineering,Japan,APAC,Paid Social,Inbound Marketing,CMP-009,Copilot API Beta — AMER 2026-01,Paid Social,Paid Social,27,D,false,false,0,Working,,,,false,false,false,,4,5,U-021,,,
LEAD-12056,2026-04-28,Cinder Bank,Developer,Platform Engineer,Mexico,AMER,Organic Search,Inbound Marketing,CMP-017,Latency Benchmark — AMER 2026-05,Organic Search,Organic Search,52,B,false,false,0,Disqualified,,,,false,false,false,Competitor,6,8,U-018,,,
LEAD-12057,2026-01-28,Lattice Group,CX / Support Leader,Contact Centre Manager,United Kingdom,EMEA,Developer Community,Product,CMP-029,Build a Support Agent — EMEA 2025-11,Developer Community,Developer Community,76,A,true,true,75,MQL,2026-02-06,,,true,false,false,,,2,,,,
LEAD-12058,2026-05-10,Pallas Labs,Developer,Senior Backend Engineer,Netherlands,EMEA,Paid Social,Inbound Marketing,CMP-008,Developer Docs Refresh — EMEA 2026-02,Paid Social,Paid Social,15,D,false,false,0,Working,,,,false,false,false,,3,5,U-016,,,
LEAD-12059,2025-07-10,Zephyr Mobility,Product Manager,Senior PM,Brazil,AMER,Organic Search,Inbound Marketing,CMP-014,Compliance & HIPAA — APAC 2025-09,Organic Search,Organic Search,65,B,false,false,0,SQL,2025-07-28,2025-08-12,,true,true,false,,0,5,U-016,U-002,,
LEAD-12060,2026-01-06,Vertex Logistics,CX / Support Leader,VP Customer Experience,United States,AMER,AI Assistant Referral,Product,CMP-020,Q3 Pipeline Push — AMER 2025-12,AI Assistant Referral,AI Assistant Referral,61,B,true,true,67,MQL,2026-01-18,,,true,false,false,,,1,,,,
LEAD-12061,2025-07-23,Aster Works,CX / Support Leader,Head of Support,Netherlands,EMEA,Paid Social,Inbound Marketing,CMP-009,Copilot API Beta — AMER 2026-01,Paid Social,Paid Social,66,B,false,false,0,New,,,,false,false,false,,3,4,U-020,,,
LEAD-12062,2026-09-19,Cobalt Freight,Developer,Software Engineer,United States,AMER,Outbound Sequence,Outbound,CMP-041,Studio for Product Teams — AMER 2025-04,Outbound Sequence,Paid Social,46,C,false,true,0,MQL,2026-09-25,,,true,false,false,,1,4,U-024,,,
LEAD-12063,2026-06-13,Harbor Learning,Product Manager,Senior PM,Brazil,AMER,Organic Search,Product,CMP-014,Compliance & HIPAA — APAC 2025-09,Organic Search,Customer Referral,62,B,true,false,3,Converted,2026-06-27,2026-07-10,2026-07-28,true,true,true,,,1,,U-014,ACC-1078,OPP-20417
LEAD-12064,2025-12-09,Lumen Market,Developer,Staff Engineer,Mexico,AMER,Conference,Inbound Marketing,CMP-035,Q3 Pipeline Push — EMEA 2026-05,Conference,Conference,61,B,false,false,0,MQL,2025-12-27,,,true,false,false,,2,10,U-023,,,
LEAD-12065,2025-12-29,Rivet Labs,Developer,Staff Engineer,France,EMEA,Organic Search,Inbound Marketing,CMP-015,Studio for Product Teams — AMER 2025-11,Organic Search,Partner / Marketplace,64,B,false,false,0,MQL,2026-01-07,,,true,false,false,,1,7,U-026,,,
LEAD-12066,2026-01-25,Tundra Learning,Product Manager,Head of Product,Brazil,AMER,Organic Search,Product,CMP-016,Q3 Pipeline Push — AMER 2026-04,Organic Search,AI Assistant Referral,80,A,true,false,95,Converted,2026-02-09,2026-02-20,2026-03-10,true,true,true,,,2,,U-007,ACC-1123,OPP-20418
LEAD-12067,2026-04-16,Zephyr Travel,Developer,Platform Engineer,Brazil,AMER,Docs & Quickstarts,Product,CMP-027,Cut Your Deflection Cost — APAC 2025-05,Docs & Quickstarts,Docs & Quickstarts,66,B,true,false,64,MQL,2026-05-03,,,true,false,false,,,0,,,,
LEAD-12068,2025-11-16,Juniper Market,Procurement / Finance,Procurement Manager,Germany,EMEA,Paid Social,Inbound Marketing,CMP-008,Developer Docs Refresh — EMEA 2026-02,Paid Social,Paid Social,67,B,false,false,0,SQL,2025-11-21,2025-12-11,,true,true,false,,5,4,U-025,U-013,,
LEAD-12069,2025-11-26,Vertex Travel,Procurement / Finance,Finance Director,United States,AMER,Outbound Sequence,Outbound,CMP-039,Studio for Product Teams — EMEA 2026-02,Outbound Sequence,Developer Community,67,B,false,false,0,Converted,2025-12-08,2025-12-31,2026-01-09,true,true,true,,2,2,U-020,U-014,ACC-1000,OPP-20419
LEAD-12070,2026-08-28,Meridian Technologies,CX / Support Leader,Contact Centre Manager,United States,AMER,Webinar,Inbound Marketing,CMP-032,Copilot API Beta — AMER 2025-12,Webinar,Webinar,35,C,false,false,0,New,,,,false,false,false,,0,9,U-025,,,
LEAD-12071,2026-04-10,Juniper Health,Developer,Platform Engineer,India,APAC,Paid Social,Inbound Marketing,CMP-009,Copilot API Beta — AMER 2026-01,Paid Social,Paid Social,44,C,false,false,0,MQL,2026-04-23,,,true,false,false,,3,4,U-025,,,
LEAD-12072,2026-05-21,Kestrel Market,Developer,Staff Engineer,Sweden,EMEA,Conference,Inbound Marketing,CMP-036,Compliance & HIPAA — AMER 2026-04,Conference,Conference,36,C,false,false,0,Working,,,,false,false,false,,3,3,U-026,,,
LEAD-12073,2026-08-14,Lattice Technologies,Procurement / Finance,CFO,UAE,EMEA,Docs & Quickstarts,Product,CMP-024,Verify Fraud Playbook — AMER 2025-05,Docs & Quickstarts,Outbound Sequence,100,A,true,false,47,Disqualified,,,,false,false,false,Went silent,,1,,,,
LEAD-12074,2026-06-30,Juniper Care,Product Manager,Product Manager,Indonesia,APAC,Paid Social,Inbound Marketing,CMP-007,Developer Docs Refresh — EMEA 2025-05,Paid Social,Paid Social,38,C,false,false,0,Working,,,,false,false,false,,0,8,U-017,,,
LEAD-12075,2025-07-24,North Works,Product Manager,Product Manager,Netherlands,EMEA,Paid Search,Inbound Marketing,CMP-003,Voice Agents Launch — EMEA 2025-12,Paid Search,Paid Search,55,B,false,false,0,SQL,2025-08-08,2025-08-09,,true,true,false,,3,4,U-018,U-008,,
LEAD-12076,2026-03-04,Juniper Health,Developer,Software Engineer,Singapore,APAC,Outbound Sequence,Outbound,CMP-041,Studio for Product Teams — AMER 2025-04,Outbound Sequence,Outbound Sequence,26,D,false,false,0,Working,,,,false,false,false,,3,3,U-024,,,
LEAD-12077,2026-09-01,Vantage Gaming,Product Manager,Head of Product,Canada,AMER,Docs & Quickstarts,Product,CMP-028,Migrate off Legacy SMS — AMER 2025-11,Docs & Quickstarts,Organic Search,75,A,true,false,69,SQL,2026-09-08,2026-09-25,,true,true,false,,,2,,U-008,,
LEAD-12078,2026-05-15,Lattice Pay,Developer,Software Engineer,Brazil,AMER,Docs & Quickstarts,Product,CMP-024,Verify Fraud Playbook — AMER 2025-05,Docs & Quickstarts,Developer Community,55,B,true,true,72,SQL,2026-05-20,2026-06-09,,true,true,false,,,1,,U-009,,
LEAD-12079,2025-05-04,Rivet Labs,Developer,Software Engineer,Canada,AMER,Outbound Sequence,Outbound,CMP-040,AI Search Visibility — AMER 2026-05,Outbound Sequence,Outbound Sequence,19,D,false,false,0,Disqualified,,,,false,false,false,Wrong geo,2,9,U-026,,,
LEAD-12080,2025-10-19,Harbor Care,Developer,Software Engineer,Singapore,APAC,Customer Referral,Partner / Referral,CMP-046,Migrate off Legacy SMS — AMER 2026-03,Customer Referral,Customer Referral,74,A,true,false,40,MQL,2025-10-22,,,true,false,false,,,1,,,,
LEAD-12081,2026-06-24,Wexler Travel,Engineering Leader,VP Engineering,Australia,APAC,Paid Search,Inbound Marketing,CMP-004,Cut Your Deflection Cost — AMER 2025-11,Paid Search,Partner / Marketplace,60,B,false,false,0,Converted,2026-07-05,2026-07-12,2026-08-06,true,true,true,,1,10,U-022,U-009,ACC-1015,OPP-20420
LEAD-12082,2026-06-06,Vantage Bank,Engineering Leader,Head of Platform,India,APAC,Developer Community,Product,CMP-030,Latency Benchmark — AMER 2025-08,Developer Community,Developer Community,68,B,true,true,16,SQL,2026-06-08,2026-06-28,,true,true,false,,,0,,U-014,,
LEAD-12083,2026-07-10,Vantage Bank,Procurement / Finance,CFO,Mexico,AMER,Paid Search,Inbound Marketing,CMP-004,Cut Your Deflection Cost — AMER 2025-11,Paid Search,Partner / Marketplace,82,A,false,false,0,Converted,2026-07-25,2026-08-01,2026-08-08,true,true,true,,1,5,U-023,U-011,ACC-1133,OPP-20421
LEAD-12084,2026-02-18,Tundra Gaming,Procurement / Finance,CFO,Mexico,AMER,Docs & Quickstarts,Product,CMP-028,Migrate off Legacy SMS — AMER 2025-11,Docs & Quickstarts,Docs & Quickstarts,85,A,true,true,8,Converted,2026-02-28,2026-03-23,2026-04-11,true,true,true,,,1,,U-004,ACC-1087,OPP-20422
LEAD-12085,2026-01-27,Umbra Mobility,Developer,Staff Engineer,Mexico,AMER,Organic Search,Product,CMP-018,Voice Agents Launch — AMER 2025-11,Organic Search,Organic Search,72,A,true,true,67,Nurture,2026-02-09,,,true,false,false,,,1,,,,
LEAD-12086,2026-06-01,Wexler Works,Procurement / Finance,CFO,Canada,AMER,Conference,Inbound Marketing,CMP-035,Q3 Pipeline Push — EMEA 2026-05,Conference,Webinar,77,A,false,false,0,MQL,2026-06-14,,,true,false,false,,2,11,U-020,,,
LEAD-12087,2025-10-10,Onyx Care,CX / Support Leader,Head of Support,India,APAC,Developer Community,Product,CMP-029,Build a Support Agent — EMEA 2025-11,Developer Community,Paid Social,71,A,true,true,36,SQL,2025-10-12,2025-10-29,,true,true,false,,,0,,U-004,,
LEAD-12088,2026-05-19,Beacon Retail,Product Manager,Product Manager,Canada,AMER,Outbound Sequence,Outbound,CMP-039,Studio for Product Teams — EMEA 2026-02,Outbound Sequence,Outbound Sequence,46,C,false,false,0,MQL,2026-06-07,,,true,false,false,,0,11,U-022,,,
LEAD-12089,2025-09-27,North Mobility,CX / Support Leader,VP Customer Experience,Singapore,APAC,Paid Social,Inbound Marketing,CMP-008,Developer Docs Refresh — EMEA 2026-02,Paid Social,Outbound Sequence,58,B,false,false,0,Nurture,2025-10-03,,,true,false,false,,3,2,U-025,,,
LEAD-12090,2025-11-01,Halcyon Retail,Engineering Leader,CTO,United States,AMER,Docs & Quickstarts,Product,CMP-026,Studio for Product Teams — AMER 2025-08,Docs & Quickstarts,Docs & Quickstarts,83,A,true,true,69,SQL,2025-11-09,2025-11-20,,true,true,false,,,1,,U-013,,
LEAD-12091,2026-05-30,Harbor Works,Engineering Leader,VP Engineering,Brazil,AMER,Conference,Inbound Marketing,CMP-035,Q3 Pipeline Push — EMEA 2026-05,Conference,Conference,51,B,false,false,0,SQL,2026-06-15,2026-06-24,,true,true,false,,3,6,U-026,U-011,,
LEAD-12092,2026-08-07,Vantage Cloud,Procurement / Finance,Head of Vendor Management,Chile,LATAM,Docs & Quickstarts,Product,CMP-026,Studio for Product Teams — AMER 2025-08,Docs & Quickstarts,Docs & Quickstarts,85,A,true,true,38,Disqualified,,,,false,false,false,No use case,,2,,,,
LEAD-12093,2025-04-09,Quanta Pay,Engineering Leader,Head of Platform,Canada,AMER,Outbound Sequence,Outbound,CMP-041,Studio for Product Teams — AMER 2025-04,Outbound Sequence,Outbound Sequence,60,B,false,false,0,Converted,2025-04-19,2025-05-10,2025-05-17,true,true,true,,4,9,U-023,U-011,ACC-1106,OPP-20423
LEAD-12094,2025-11-18,Halcyon Labs,Procurement / Finance,CFO,Mexico,AMER,Customer Referral,Partner / Referral,CMP-046,Migrate off Legacy SMS — AMER 2026-03,Customer Referral,Paid Social,80,A,true,true,92,Disqualified,,,,false,false,false,No use case,,1,,,,
LEAD-12095,2026-02-20,Umbra Travel,CX / Support Leader,Contact Centre Manager,Brazil,AMER,Organic Search,Inbound Marketing,CMP-017,Latency Benchmark — AMER 2026-05,Organic Search,Organic Search,80,A,false,false,0,Working,,,,false,false,false,,1,1,U-021,,,
LEAD-12096,2026-05-12,Pallas Care,Engineering Leader,CTO,Chile,LATAM,Partner / Marketplace,Partner / Referral,CMP-042,Migrate off Legacy SMS — AMER 2025-04,Partner / Marketplace,Conference,60,B,false,false,0,MQL,2026-05-14,,,true,false,false,,4,11,U-020,,,
LEAD-12097,2025-08-23,Cobalt Insure,Product Manager,Senior PM,France,EMEA,Docs & Quickstarts,Product,CMP-026,Studio for Product Teams — AMER 2025-08,Docs & Quickstarts,Docs & Quickstarts,59,B,true,true,57,Disqualified,,,,false,false,false,Free tier is enough,,2,,,,
LEAD-12098,2026-06-25,Tundra Group,Developer,Senior Backend Engineer,Sweden,EMEA,Outbound Sequence,Outbound,CMP-038,Migrate off Legacy SMS — AMER 2025-04,Outbound Sequence,Outbound Sequence,20,D,false,false,0,New,,,,false,false,false,,2,2,U-027,,,
LEAD-12099,2025-05-13,Kestrel Insure,Engineering Leader,CTO,United Kingdom,EMEA,Paid Social,Product,CMP-008,Developer Docs Refresh — EMEA 2026-02,Paid Social,Paid Search,67,B,true,false,80,Disqualified,,,,false,false,false,Went silent,,1,,,,
LEAD-12100,2025-12-25,Harbor Bank,Engineering Leader,VP Engineering,Australia,APAC,Developer Community,Product,CMP-031,Developer Docs Refresh — EMEA 2026-07,Developer Community,Developer Community,50,B,true,true,83,Converted,2026-01-07,2026-01-16,2026-01-25,true,true,true,,,2,,U-010,ACC-1086,OPP-20424
LEAD-12101,2025-10-26,Foundry Retail,Engineering Leader,Director of Engineering,Spain,EMEA,Paid Search,Inbound Marketing,CMP-005,Migrate off Legacy SMS — AMER 2025-12,Paid Search,Paid Search,85,A,false,false,0,SQL,2025-10-28,2025-11-16,,true,true,false,,0,2,U-022,U-001,,
LEAD-12102,2026-03-07,Rivet Group,CX / Support Leader,VP Customer Experience,Colombia,LATAM,Developer Community,Product,CMP-029,Build a Support Agent — EMEA 2025-11,Developer Community,Developer Community,72,A,true,true,7,SQL,2026-03-20,2026-04-07,,true,true,false,,,1,,U-004,,
LEAD-12103,2025-12-26,Aster Bank,Developer,Senior Backend Engineer,Argentina,LATAM,Paid Search,Inbound Marketing,CMP-001,Copilot API Beta — AMER 2026-02,Paid Search,Paid Search,35,C,false,false,0,Working,,,,false,false,false,,1,7,U-027,,,
LEAD-12104,2026-03-14,Tundra Logistics,Developer,Platform Engineer,Argentina,LATAM,Docs & Quickstarts,Product,CMP-025,Migrate off Legacy SMS — EMEA 2025-09,Docs & Quickstarts,Docs & Quickstarts,64,B,true,true,45,Nurture,2026-03-21,,,true,false,false,,,0,,,,
LEAD-12105,2025-09-22,Beacon Bank,CX / Support Leader,Director of Service Ops,Japan,APAC,Paid Search,Inbound Marketing,CMP-002,Studio for Product Teams — AMER 2025-08,Paid Search,Paid Search,56,B,false,false,0,Nurture,2025-09-29,,,true,false,false,,3,5,U-025,,,
LEAD-12106,2025-06-04,Lattice Mobility,Procurement / Finance,CFO,UAE,EMEA,Docs & Quickstarts,Product,CMP-026,Studio for Product Teams — AMER 2025-08,Docs & Quickstarts,Customer Referral,100,A,true,true,26,Nurture,2025-06-17,,,true,false,false,,,0,,,,
LEAD-12107,2026-02-28,Dovetail Digital,Developer,Staff Engineer,Netherlands,EMEA,Outbound Sequence,Outbound,CMP-041,Studio for Product Teams — AMER 2025-04,Outbound Sequence,Outbound Sequence,26,D,false,false,0,Working,,,,false,false,false,,2,6,U-016,,,
LEAD-12108,2026-04-23,Rivet Labs,Engineering Leader,Head of Platform,Australia,APAC,Partner / Marketplace,Partner / Referral,CMP-042,Migrate off Legacy SMS — AMER 2025-04,Partner / Marketplace,Partner / Marketplace,87,A,true,true,52,MQL,2026-05-13,,,true,false,false,,,1,,,,
LEAD-12109,2025-11-28,Aster Care,CX / Support Leader,Head of Support,Brazil,AMER,Paid Search,Inbound Marketing,CMP-004,Cut Your Deflection Cost — AMER 2025-11,Paid Search,Conference,83,A,false,false,0,Nurture,2025-11-30,,,true,false,false,,2,1,U-025,,,
LEAD-12110,2025-04-25,Vertex Cloud,Engineering Leader,VP Engineering,Australia,APAC,AI Assistant Referral,Inbound Marketing,CMP-021,Latency Benchmark — LATAM 2025-09,AI Assistant Referral,AI Assistant Referral,77,A,false,false,0,Working,,,,false,false,false,,4,4,U-021,,,
LEAD-12111,2025-09-28,Lattice Technologies,Developer,Platform Engineer,United States,AMER,Paid Search,Inbound Marketing,CMP-003,Voice Agents Launch — EMEA 2025-12,Paid Search,Webinar,61,B,false,false,0,MQL,2025-10-07,,,true,false,false,,3,8,U-025,,,
LEAD-12112,2025-08-13,Rivet Pay,Developer,Senior Backend Engineer,Netherlands,EMEA,Paid Search,Inbound Marketing,CMP-003,Voice Agents Launch — EMEA 2025-12,Paid Search,Paid Search,41,C,false,false,0,Disqualified,,,,false,false,false,Went silent,2,9,U-026,,,
LEAD-12113,2026-06-17,Zephyr Works,Developer,Staff Engineer,United Kingdom,EMEA,Docs & Quickstarts,Product,CMP-026,Studio for Product Teams — AMER 2025-08,Docs & Quickstarts,Outbound Sequence,57,B,true,false,21,Converted,2026-06-23,2026-07-05,2026-07-10,true,true,true,,,2,,U-005,ACC-1012,OPP-20425
LEAD-12114,2025-05-05,Sable Mobility,Product Manager,Director of Product,Chile,LATAM,Organic Search,Inbound Marketing,CMP-016,Q3 Pipeline Push — AMER 2026-04,Organic Search,Organic Search,44,C,false,false,0,Converted,2025-05-25,2025-05-29,2025-06-21,true,true,true,,3,5,U-026,U-007,ACC-1092,OPP-20426
LEAD-12115,2026-02-17,Orbital Group,Product Manager,Head of Product,Mexico,AMER,Docs & Quickstarts,Product,CMP-025,Migrate off Legacy SMS — EMEA 2025-09,Docs & Quickstarts,Partner / Marketplace,67,B,true,false,9,Converted,2026-03-06,2026-03-09,2026-03-15,true,true,true,,,2,,U-003,ACC-1065,OPP-20427
LEAD-12116,2026-04-18,Sable Labs,Product Manager,Director of Product,Canada,AMER,Developer Community,Product,CMP-031,Developer Docs Refresh — EMEA 2026-07,Developer Community,Developer Community,90,A,true,true,28,MQL,2026-04-29,,,true,false,false,,,0,,,,
LEAD-12117,2026-03-14,Quanta Bank,CX / Support Leader,Director of Service Ops,Brazil,AMER,Paid Search,Product,CMP-002,Studio for Product Teams — AMER 2025-08,Paid Search,Paid Search,88,A,true,false,4,New,,,,false,false,false,,,2,,,,
LEAD-12118,2026-01-05,Lumen Gaming,Developer,Software Engineer,Mexico,AMER,Paid Social,Inbound Marketing,CMP-009,Copilot API Beta — AMER 2026-01,Paid Social,Paid Social,25,D,false,false,0,MQL,2026-01-15,,,true,false,false,,2,5,U-025,,,
LEAD-12119,2026-09-08,Pallas Technologies,Engineering Leader,VP Engineering,United States,AMER,Organic Search,Inbound Marketing,CMP-017,Latency Benchmark — AMER 2026-05,Organic Search,Customer Referral,91,A,false,false,0,MQL,2026-09-20,,,true,false,false,,1,5,U-024,,,
LEAD-12120,2026-07-25,Orbital Care,Developer,Software Engineer,Mexico,AMER,AI Assistant Referral,Inbound Marketing,CMP-022,Q3 Pipeline Push — AMER 2025-10,AI Assistant Referral,Webinar,53,B,false,false,0,MQL,2026-08-03,,,true,false,false,,4,4,U-022,,,
LEAD-12121,2026-05-18,Foundry Digital,CX / Support Leader,Head of Support,Indonesia,APAC,Partner / Marketplace,Partner / Referral,CMP-043,Latency Benchmark — APAC 2026-01,Partner / Marketplace,Partner / Marketplace,79,A,false,false,0,Disqualified,,,,false,false,false,Student / hobby project,1,8,U-017,,,
LEAD-12122,2025-10-23,Lumen Digital,Developer,Software Engineer,France,EMEA,Paid Search,Product,CMP-006,AI Search Visibility — AMER 2026-02,Paid Search,Paid Search,63,B,true,false,99,MQL,2025-11-06,,,true,false,false,,,0,,,,
LEAD-12123,2026-03-22,Zephyr Learning,Developer,Platform Engineer,Netherlands,EMEA,Webinar,Inbound Marketing,CMP-033,Developer Docs Refresh — EMEA 2026-07,Webinar,Webinar,29,D,false,false,0,New,,,,false,false,false,,4,6,U-026,,,
LEAD-12124,2025-07-06,Rivet Retail,Product Manager,Director of Product,Australia,APAC,Organic Search,Product,CMP-017,Latency Benchmark — AMER 2026-05,Organic Search,Organic Search,73,A,true,true,33,Disqualified,,,,false,false,false,Duplicate,,0,,,,
LEAD-12125,2025-07-30,Vantage Pay,Product Manager,Product Manager,Japan,APAC,Docs & Quickstarts,Product,CMP-024,Verify Fraud Playbook — AMER 2025-05,Docs & Quickstarts,Partner / Marketplace,77,A,true,true,51,SQL,2025-08-06,2025-08-25,,true,true,false,,,0,,U-005,,
LEAD-12126,2025-04-09,Orbital Logistics,Product Manager,Director of Product,Japan,APAC,Paid Search,Inbound Marketing,CMP-004,Cut Your Deflection Cost — AMER 2025-11,Paid Search,Paid Search,53,B,false,true,0,MQL,2025-04-29,,,true,false,false,,4,5,U-020,,,
LEAD-12127,2026-04-08,Lattice Pay,Developer,Platform Engineer,Sweden,EMEA,Organic Search,Inbound Marketing,CMP-011,Developer Docs Refresh — LATAM 2025-04,Organic Search,Organic Search,47,C,false,false,0,New,,,,false,false,false,,3,10,U-016,,,
LEAD-12128,2025-10-05,Aster Bank,CX / Support Leader,Head of Support,Australia,APAC,Paid Search,Product,CMP-002,Studio for Product Teams — AMER 2025-08,Paid Search,Partner / Marketplace,90,A,true,true,21,Disqualified,,,,false,false,false,Duplicate,,1,,,,
LEAD-12129,2026-03-08,Cobalt Health,CX / Support Leader,VP Customer Experience,Canada,AMER,Developer Community,Product,CMP-030,Latency Benchmark — AMER 2025-08,Developer Community,Developer Community,56,B,true,false,96,New,,,,false,false,false,,,0,,,,
LEAD-12130,2025-05-25,Kestrel Learning,CX / Support Leader,Contact Centre Manager,Australia,APAC,Organic Search,Product,CMP-014,Compliance & HIPAA — APAC 2025-09,Organic Search,Organic Search,90,A,true,true,28,SQL,2025-06-02,2025-06-13,,true,true,false,,,2,,U-011,,
LEAD-12131,2026-04-10,Umbra Travel,Product Manager,Product Manager,Argentina,LATAM,Paid Search,Inbound Marketing,CMP-005,Migrate off Legacy SMS — AMER 2025-12,Paid Search,Paid Search,87,A,false,false,0,MQL,2026-04-20,,,true,false,false,,3,10,U-024,,,
LEAD-12132,2026-05-30,North Travel,Engineering Leader,Director of Engineering,UAE,EMEA,Outbound Sequence,Outbound,CMP-041,Studio for Product Teams — AMER 2025-04,Outbound Sequence,Outbound Sequence,41,C,false,false,0,Converted,2026-06-16,2026-07-10,2026-08-12,true,true,true,,1,9,U-016,U-010,ACC-1115,OPP-20428
LEAD-12133,2026-06-04,Cobalt Insure,Developer,Platform Engineer,France,EMEA,Paid Search,Inbound Marketing,CMP-002,Studio for Product Teams — AMER 2025-08,Paid Search,Customer Referral,73,A,false,false,0,Converted,2026-06-07,2026-06-22,2026-06-25,true,true,true,,2,6,U-027,U-005,ACC-1040,OPP-20429
LEAD-12134,2026-08-14,Wexler Mobility,Developer,Senior Backend Engineer,Canada,AMER,Organic Search,Inbound Marketing,CMP-017,Latency Benchmark — AMER 2026-05,Organic Search,Organic Search,56,B,false,false,0,Converted,2026-08-27,2026-09-12,2026-09-21,true,true,true,,0,5,U-025,U-012,ACC-1110,OPP-20430
LEAD-12135,2026-07-15,Solstice Mobility,Developer,Senior Backend Engineer,Spain,EMEA,Partner / Marketplace,Partner / Referral,CMP-043,Latency Benchmark — APAC 2026-01,Partner / Marketplace,Customer Referral,41,C,false,false,0,New,,,,false,false,false,,1,5,U-027,,,
LEAD-12136,2025-08-07,Cobalt Logistics,Engineering Leader,CTO,Mexico,AMER,Paid Search,Inbound Marketing,CMP-001,Copilot API Beta — AMER 2026-02,Paid Search,AI Assistant Referral,65,B,false,false,0,MQL,2025-08-16,,,true,false,false,,3,3,U-022,,,
LEAD-12137,2026-04-05,Zephyr Health,CX / Support Leader,VP Customer Experience,Chile,LATAM,AI Assistant Referral,Inbound Marketing,CMP-021,Latency Benchmark — LATAM 2025-09,AI Assistant Referral,AI Assistant Referral,100,A,false,false,0,Converted,2026-04-19,2026-05-06,2026-06-07,true,true,true,,2,7,U-022,U-014,ACC-1017,OPP-20431
LEAD-12138,2026-02-08,Juniper Mobility,Product Manager,Head of Product,Australia,APAC,Customer Referral,Partner / Referral,CMP-046,Migrate off Legacy SMS — AMER 2026-03,Customer Referral,Partner / Marketplace,66,B,false,false,0,SQL,2026-02-22,2026-03-19,,true,true,false,,2,3,U-022,U-006,,
LEAD-12139,2026-03-30,Halcyon Pay,Engineering Leader,VP Engineering,Mexico,AMER,Outbound Sequence,Outbound,CMP-041,Studio for Product Teams — AMER 2025-04,Outbound Sequence,Outbound Sequence,39,C,false,false,0,SQL,2026-04-09,2026-04-10,,true,true,false,,5,2,U-016,U-012,,
LEAD-12140,2026-01-31,Beacon Travel,Developer,Senior Backend Engineer,United States,AMER,Paid Search,Inbound Marketing,CMP-006,AI Search Visibility — AMER 2026-02,Paid Search,Paid Search,58,B,false,false,0,Nurture,2026-02-11,,,true,false,false,,1,3,U-024,,,
LEAD-12141,2026-07-08,Quanta Freight,Procurement / Finance,Finance Director,Sweden,EMEA,Outbound Sequence,Outbound,CMP-039,Studio for Product Teams — EMEA 2026-02,Outbound Sequence,AI Assistant Referral,46,C,false,false,0,Converted,2026-07-27,2026-08-16,2026-09-14,true,true,true,,1,3,U-017,U-004,ACC-1028,OPP-20432
LEAD-12142,2025-10-10,Tundra Insure,Developer,Software Engineer,Canada,AMER,Outbound Sequence,Outbound,CMP-038,Migrate off Legacy SMS — AMER 2025-04,Outbound Sequence,Outbound Sequence,69,B,true,true,37,Converted,2025-10-14,2025-10-16,2025-11-11,true,true,true,,0,2,U-022,U-003,ACC-1088,OPP-20433
LEAD-12143,2025-10-29,Tundra Bank,Procurement / Finance,Procurement Manager,UAE,EMEA,Customer Referral,Partner / Referral,CMP-045,Compliance & HIPAA — AMER 2025-09,Customer Referral,Customer Referral,72,A,true,true,97,Disqualified,,,,false,false,false,Went silent,,1,,,,
LEAD-12144,2025-07-26,Vertex Retail,Developer,Platform Engineer,Germany,EMEA,Organic Search,Product,CMP-011,Developer Docs Refresh — LATAM 2025-04,Organic Search,Docs & Quickstarts,87,A,true,true,24,MQL,2025-08-12,,,true,false,false,,,1,,,,
LEAD-12145,2025-12-23,Zephyr Group,Procurement / Finance,Head of Vendor Management,Brazil,AMER,Docs & Quickstarts,Product,CMP-028,Migrate off Legacy SMS — AMER 2025-11,Docs & Quickstarts,Docs & Quickstarts,73,A,true,true,44,SQL,2026-01-02,2026-01-07,,true,true,false,,,1,,U-013,,
LEAD-12146,2026-05-30,Solstice Care,Developer,Senior Backend Engineer,Brazil,AMER,Customer Referral,Partner / Referral,CMP-046,Migrate off Legacy SMS — AMER 2026-03,Customer Referral,Customer Referral,57,B,true,true,24,SQL,2026-06-18,2026-07-09,,true,true,false,,,1,,U-014,,
LEAD-12147,2025-09-16,Aster Pay,Developer,Staff Engineer,Canada,AMER,Organic Search,Product,CMP-016,Q3 Pipeline Push — AMER 2026-04,Organic Search,Organic Search,85,A,true,false,14,New,,,,false,false,false,,,2,,,,
LEAD-12148,2025-06-14,Ember Travel,Developer,Software Engineer,Netherlands,EMEA,Organic Search,Product,CMP-013,Verify Fraud Playbook — LATAM 2026-01,Organic Search,Organic Search,46,C,true,true,80,MQL,2025-06-23,,,true,false,false,,,0,,,,
LEAD-12149,2025-08-26,Pallas Systems,Developer,Platform Engineer,India,APAC,Conference,Inbound Marketing,CMP-036,Compliance & HIPAA — AMER 2026-04,Conference,Conference,37,C,false,true,0,New,,,,false,false,false,,2,11,U-024,,,
LEAD-12150,2026-07-30,Lumen Health,Developer,Software Engineer,France,EMEA,Conference,Inbound Marketing,CMP-035,Q3 Pipeline Push — EMEA 2026-05,Conference,Docs & Quickstarts,37,C,false,false,0,Working,,,,false,false,false,,5,7,U-018,,,
LEAD-12151,2026-01-23,Sable Systems,Developer,Platform Engineer,United Kingdom,EMEA,AI Assistant Referral,Product,CMP-022,Q3 Pipeline Push — AMER 2025-10,AI Assistant Referral,AI Assistant Referral,55,B,true,false,28,MQL,2026-01-31,,,true,false,false,,,2,,,,
LEAD-12152,2026-02-17,Lattice Insure,Developer,Staff Engineer,Australia,APAC,Organic Search,Product,CMP-015,Studio for Product Teams — AMER 2025-11,Organic Search,Paid Search,41,C,true,true,7,Disqualified,,,,false,false,false,No use case,,2,,,,
LEAD-12153,2025-12-09,Harbor Gaming,Developer,Platform Engineer,Spain,EMEA,Developer Community,Product,CMP-030,Latency Benchmark — AMER 2025-08,Developer Community,Developer Community,46,C,true,true,59,SQL,2025-12-24,2026-01-14,,true,true,false,,,1,,U-010,,
LEAD-12154,2026-05-27,Tundra Pay,CX / Support Leader,Director of Service Ops,United States,AMER,Outbound Sequence,Outbound,CMP-038,Migrate off Legacy SMS — AMER 2025-04,Outbound Sequence,Webinar,54,B,false,false,0,MQL,2026-06-02,,,true,false,false,,5,2,U-022,,,
LEAD-12155,2026-03-21,Quanta Logistics,Developer,Software Engineer,Australia,APAC,Docs & Quickstarts,Product,CMP-028,Migrate off Legacy SMS — AMER 2025-11,Docs & Quickstarts,Paid Search,61,B,true,false,67,Converted,2026-03-27,2026-04-13,2026-05-09,true,true,true,,,2,,U-004,ACC-1115,OPP-20434
LEAD-12156,2026-05-20,Rivet Mobility,Engineering Leader,CTO,India,APAC,Partner / Marketplace,Partner / Referral,CMP-043,Latency Benchmark — APAC 2026-01,Partner / Marketplace,Partner / Marketplace,67,B,false,false,0,MQL,2026-06-05,,,true,false,false,,1,1,U-018,,,
LEAD-12157,2026-01-05,Lattice Bank,Engineering Leader,CTO,France,EMEA,Organic Search,Inbound Marketing,CMP-012,AI Search Visibility — AMER 2026-07,Organic Search,Organic Search,92,A,false,false,0,Converted,2026-01-18,2026-01-25,2026-02-01,true,true,true,,2,6,U-021,U-001,ACC-1003,OPP-20435
LEAD-12158,2026-04-15,Harbor Insure,Product Manager,Director of Product,Mexico,AMER,Docs & Quickstarts,Inbound Marketing,CMP-028,Migrate off Legacy SMS — AMER 2025-11,Docs & Quickstarts,Docs & Quickstarts,65,B,false,false,0,Converted,2026-04-23,2026-05-09,2026-06-03,true,true,true,,1,6,U-017,U-006,ACC-1025,OPP-20436
LEAD-12159,2026-08-28,Aster Technologies,Developer,Senior Backend Engineer,Canada,AMER,Docs & Quickstarts,Product,CMP-024,Verify Fraud Playbook — AMER 2025-05,Docs & Quickstarts,Webinar,75,A,true,false,36,Converted,2026-09-07,2026-09-17,2026-10-17,true,true,true,,,1,,U-013,ACC-1116,OPP-20437
LEAD-12160,2025-09-20,Tundra Gaming,CX / Support Leader,Director of Service Ops,Mexico,AMER,Paid Search,Inbound Marketing,CMP-005,Migrate off Legacy SMS — AMER 2025-12,Paid Search,Paid Search,54,B,false,false,0,Converted,2025-09-25,2025-10-18,2025-11-16,true,true,true,,5,3,U-027,U-012,ACC-1032,OPP-20438
LEAD-12161,2025-07-05,Halcyon Cloud,Product Manager,Head of Product,Mexico,AMER,Customer Referral,Partner / Referral,CMP-046,Migrate off Legacy SMS — AMER 2026-03,Customer Referral,Customer Referral,51,B,false,false,0,New,,,,false,false,false,,2,1,U-024,,,
LEAD-12162,2025-08-02,Tundra Digital,Developer,Staff Engineer,Brazil,AMER,Partner / Marketplace,Partner / Referral,CMP-044,Studio for Product Teams — AMER 2025-06,Partner / Marketplace,Partner / Marketplace,66,B,false,true,0,Converted,2025-08-18,2025-08-23,2025-09-19,true,true,true,,0,1,U-026,U-003,ACC-1050,OPP-20439
LEAD-12163,2026-01-12,Beacon Freight,Product Manager,Director of Product,Germany,EMEA,Customer Referral,Partner / Referral,CMP-046,Migrate off Legacy SMS — AMER 2026-03,Customer Referral,Customer Referral,77,A,true,false,62,Nurture,2026-01-30,,,true,false,false,,,0,,,,
LEAD-12164,2025-07-23,Halcyon Labs,Procurement / Finance,Finance Director,Mexico,AMER,Docs & Quickstarts,Product,CMP-023,Q3 Pipeline Push — AMER 2025-06,Docs & Quickstarts,Organic Search,88,A,true,true,87,MQL,2025-08-05,,,true,false,false,,,2,,,,
LEAD-12165,2025-11-20,Meridian Systems,Engineering Leader,CTO,Germany,EMEA,Developer Community,Product,CMP-029,Build a Support Agent — EMEA 2025-11,Developer Community,Paid Social,69,B,true,true,51,MQL,2025-12-05,,,true,false,false,,,1,,,,
LEAD-12166,2026-06-25,Cobalt Gaming,CX / Support Leader,Contact Centre Manager,Brazil,AMER,Organic Search,Product,CMP-012,AI Search Visibility — AMER 2026-07,Organic Search,Organic Search,95,A,true,false,63,Nurture,2026-07-06,,,true,false,false,,,0,,,,
LEAD-12167,2025-11-12,Juniper Health,Developer,Staff Engineer,Germany,EMEA,Paid Search,Inbound Marketing,CMP-001,Copilot API Beta — AMER 2026-02,Paid Search,Paid Search,69,B,false,false,0,MQL,2025-11-14,,,true,false,false,,0,6,U-024,,,
LEAD-12168,2025-08-18,Cinder Mobility,Engineering Leader,Director of Engineering,Mexico,AMER,Conference,Inbound Marketing,CMP-036,Compliance & HIPAA — AMER 2026-04,Conference,Conference,42,C,false,false,0,New,,,,false,false,false,,1,7,U-016,,,
LEAD-12169,2025-08-04,Sable Learning,Developer,Platform Engineer,United States,AMER,Outbound Sequence,Outbound,CMP-041,Studio for Product Teams — AMER 2025-04,Outbound Sequence,Webinar,29,D,false,false,0,Disqualified,,,,false,false,false,Duplicate,4,9,U-015,,,
LEAD-12170,2025-10-21,Juniper Gaming,Product Manager,Product Manager,Netherlands,EMEA,Paid Search,Inbound Marketing,CMP-003,Voice Agents Launch — EMEA 2025-12,Paid Search,Paid Search,79,A,false,false,0,SQL,2025-10-31,2025-11-08,,true,true,false,,0,6,U-024,U-011,,
LEAD-12171,2026-07-19,Dovetail Labs,Developer,Staff Engineer,Argentina,LATAM,Docs & Quickstarts,Product,CMP-027,Cut Your Deflection Cost — APAC 2025-05,Docs & Quickstarts,AI Assistant Referral,51,B,true,true,89,Nurture,2026-07-21,,,true,false,false,,,2,,,,
LEAD-12172,2025-05-11,Zephyr Logistics,Engineering Leader,Director of Engineering,Spain,EMEA,Customer Referral,Partner / Referral,CMP-046,Migrate off Legacy SMS — AMER 2026-03,Customer Referral,Customer Referral,53,B,false,false,0,Converted,2025-05-16,2025-06-08,2025-06-14,true,true,true,,0,7,U-021,U-011,ACC-1016,OPP-20440
LEAD-12173,2025-10-02,Halcyon Freight,Developer,Staff Engineer,Netherlands,EMEA,Paid Search,Inbound Marketing,CMP-001,Copilot API Beta — AMER 2026-02,Paid Search,AI Assistant Referral,58,B,false,false,0,Disqualified,,,,false,false,false,No budget,0,9,U-026,,,
LEAD-12174,2025-06-14,Kestrel Cloud,CX / Support Leader,VP Customer Experience,Sweden,EMEA,Docs & Quickstarts,Product,CMP-023,Q3 Pipeline Push — AMER 2025-06,Docs & Quickstarts,Partner / Marketplace,86,A,true,true,77,Disqualified,,,,false,false,false,Went silent,,2,,,,
LEAD-12175,2025-05-27,Rivet Systems,Product Manager,Director of Product,Canada,AMER,Organic Search,Inbound Marketing,CMP-016,Q3 Pipeline Push — AMER 2026-04,Organic Search,Webinar,78,A,false,false,0,MQL,2025-06-10,,,true,false,false,,3,4,U-021,,,
LEAD-12176,2026-04-21,Dovetail Group,Engineering Leader,Head of Platform,Brazil,AMER,Paid Social,Inbound Marketing,CMP-007,Developer Docs Refresh — EMEA 2025-05,Paid Social,Developer Community,35,C,false,false,0,Disqualified,,,,false,false,false,Wrong geo,2,8,U-026,,,
LEAD-12177,2026-08-15,Vantage Works,Engineering Leader,VP Engineering,Canada,AMER,Paid Search,Inbound Marketing,CMP-004,Cut Your Deflection Cost — AMER 2025-11,Paid Search,Paid Search,53,B,false,false,0,SQL,2026-08-15,2026-08-29,,true,true,false,,3,7,U-020,U-001,,
LEAD-12178,2026-08-31,Umbra Works,CX / Support Leader,Director of Service Ops,Canada,AMER,Paid Search,Inbound Marketing,CMP-004,Cut Your Deflection Cost — AMER 2025-11,Paid Search,Paid Search,76,A,false,false,0,Converted,2026-09-14,2026-09-29,2026-10-08,true,true,true,,1,5,U-015,U-006,ACC-1019,OPP-20441
LEAD-12179,2025-08-13,Ember Freight,Engineering Leader,CTO,Mexico,AMER,Paid Social,Inbound Marketing,CMP-008,Developer Docs Refresh — EMEA 2026-02,Paid Social,Paid Social,46,C,false,false,0,Nurture,2025-08-20,,,true,false,false,,2,4,U-022,,,
LEAD-12180,2026-08-18,Halcyon Learning,Developer,Platform Engineer,Spain,EMEA,Organic Search,Product,CMP-012,AI Search Visibility — AMER 2026-07,Organic Search,Customer Referral,51,B,true,true,48,SQL,2026-08-21,2026-09-04,,true,true,false,,,1,,U-007,,
LEAD-12181,2025-12-23,Ember Care,Engineering Leader,Director of Engineering,Netherlands,EMEA,Webinar,Inbound Marketing,CMP-033,Developer Docs Refresh — EMEA 2026-07,Webinar,Webinar,67,B,false,false,0,Working,,,,false,false,false,,2,8,U-020,,,
LEAD-12182,2026-07-17,Onyx Insure,Product Manager,Senior PM,UAE,EMEA,Developer Community,Inbound Marketing,CMP-031,Developer Docs Refresh — EMEA 2026-07,Developer Community,Developer Community,47,C,false,false,0,MQL,2026-07-22,,,true,false,false,,2,10,U-018,,,
LEAD-12183,2026-01-14,Juniper Learning,Product Manager,Senior PM,United Kingdom,EMEA,Paid Social,Inbound Marketing,CMP-008,Developer Docs Refresh — EMEA 2026-02,Paid Social,Paid Social,15,D,false,true,0,New,,,,false,false,false,,2,5,U-015,,,
LEAD-12184,2026-03-26,Wexler Mobility,Developer,Platform Engineer,Canada,AMER,Docs & Quickstarts,Inbound Marketing,CMP-026,Studio for Product Teams — AMER 2025-08,Docs & Quickstarts,Docs & Quickstarts,62,B,false,false,0,MQL,2026-04-03,,,true,false,false,,2,8,U-027,,,
LEAD-12185,2025-11-02,Aster Insure,Developer,Senior Backend Engineer,Singapore,APAC,Paid Social,Product,CMP-010,Migrate off Legacy SMS — LATAM 2025-06,Paid Social,Paid Social,47,C,true,false,47,Working,,,,false,false,false,,,0,,,,
LEAD-12186,2025-11-28,Vantage Digital,Engineering Leader,Head of Platform,Brazil,AMER,Paid Search,Inbound Marketing,CMP-006,AI Search Visibility — AMER 2026-02,Paid Search,Paid Search,50,B,false,false,0,SQL,2025-12-11,2025-12-19,,true,true,false,,3,11,U-027,U-004,,
LEAD-12187,2025-10-28,Beacon Freight,Developer,Platform Engineer,Brazil,AMER,Customer Referral,Partner / Referral,CMP-046,Migrate off Legacy SMS — AMER 2026-03,Customer Referral,Customer Referral,43,C,true,false,10,Converted,2025-10-31,2025-11-15,2025-12-15,true,true,true,,,2,,U-002,ACC-1047,OPP-20442
LEAD-12188,2025-08-08,Kestrel Insure,CX / Support Leader,Contact Centre Manager,United States,AMER,Organic Search,Product,CMP-015,Studio for Product Teams — AMER 2025-11,Organic Search,Organic Search,71,A,true,true,58,MQL,2025-08-15,,,true,false,false,,,0,,,,
LEAD-12189,2025-05-04,Juniper Labs,Developer,Platform Engineer,Netherlands,EMEA,Paid Search,Inbound Marketing,CMP-001,Copilot API Beta — AMER 2026-02,Paid Search,Webinar,40,C,false,false,0,SQL,2025-05-08,2025-05-21,,true,true,false,,0,5,U-024,U-009,,
LEAD-12190,2026-01-04,Umbra Freight,Product Manager,Director of Product,Sweden,EMEA,Customer Referral,Partner / Referral,CMP-045,Compliance & HIPAA — AMER 2025-09,Customer Referral,Customer Referral,65,B,false,false,0,SQL,2026-01-10,2026-01-30,,true,true,false,,0,3,U-017,U-010,,
LEAD-12191,2026-03-10,Foundry Learning,Procurement / Finance,Finance Director,United Kingdom,EMEA,Partner / Marketplace,Partner / Referral,CMP-042,Migrate off Legacy SMS — AMER 2025-04,Partner / Marketplace,Partner / Marketplace,75,A,false,true,0,Disqualified,,,,false,false,false,Competitor,0,8,U-022,,,
LEAD-12192,2026-08-22,Zephyr Systems,CX / Support Leader,VP Customer Experience,Australia,APAC,Docs & Quickstarts,Product,CMP-023,Q3 Pipeline Push — AMER 2025-06,Docs & Quickstarts,Webinar,100,A,true,true,33,SQL,2026-09-11,2026-09-16,,true,true,false,,,2,,U-002,,
LEAD-12193,2025-10-30,Halcyon Care,Procurement / Finance,Head of Vendor Management,UAE,EMEA,Paid Search,Inbound Marketing,CMP-002,Studio for Product Teams — AMER 2025-08,Paid Search,Paid Search,85,A,false,false,0,Converted,2025-11-20,2025-12-05,2025-12-13,true,true,true,,2,11,U-025,U-007,ACC-1011,OPP-20443
LEAD-12194,2025-06-02,Aster Systems,Developer,Senior Backend Engineer,Australia,APAC,Conference,Inbound Marketing,CMP-036,Compliance & HIPAA — AMER 2026-04,Conference,Organic Search,60,B,false,false,0,Nurture,2025-06-05,,,true,false,false,,3,2,U-017,,,
LEAD-12195,2026-06-12,Vantage Travel,Procurement / Finance,Finance Director,Mexico,AMER,AI Assistant Referral,Inbound Marketing,CMP-019,Studio for Product Teams — APAC 2026-02,AI Assistant Referral,AI Assistant Referral,87,A,false,false,0,Disqualified,,,,false,false,false,Wrong geo,2,11,U-023,,,
LEAD-12196,2025-08-22,Meridian Group,Procurement / Finance,Procurement Manager,Mexico,AMER,Docs & Quickstarts,Product,CMP-026,Studio for Product Teams — AMER 2025-08,Docs & Quickstarts,Docs & Quickstarts,93,A,true,false,61,Working,,,,false,false,false,,,2,,,,
LEAD-12197,2025-04-05,Umbra Labs,Developer,Staff Engineer,Brazil,AMER,Organic Search,Product,CMP-015,Studio for Product Teams — AMER 2025-11,Organic Search,Docs & Quickstarts,62,B,true,false,4,Converted,2025-04-23,2025-05-04,2025-05-07,true,true,true,,,1,,U-003,ACC-1090,OPP-20444
LEAD-12198,2026-06-02,Halcyon Systems,CX / Support Leader,Director of Service Ops,UAE,EMEA,Developer Community,Product,CMP-031,Developer Docs Refresh — EMEA 2026-07,Developer Community,Developer Community,74,A,true,false,26,Nurture,2026-06-22,,,true,false,false,,,1,,,,
LEAD-12199,2025-04-19,Ember Gaming,Procurement / Finance,Finance Director,Colombia,LATAM,Organic Search,Inbound Marketing,CMP-017,Latency Benchmark — AMER 2026-05,Organic Search,Outbound Sequence,80,A,false,false,0,SQL,2025-04-22,2025-05-04,,true,true,false,,4,3,U-015,U-011,,
LEAD-12200,2025-06-08,Zephyr Works,Procurement / Finance,CFO,Japan,APAC,Webinar,Inbound Marketing,CMP-034,Copilot API Beta — EMEA 2026-03,Webinar,Webinar,67,B,false,false,0,MQL,2025-06-14,,,true,false,false,,2,10,U-019,,,
LEAD-12201,2026-04-05,Meridian Digital,CX / Support Leader,Contact Centre Manager,Brazil,AMER,Paid Search,Inbound Marketing,CMP-005,Migrate off Legacy SMS — AMER 2025-12,Paid Search,Paid Search,87,A,false,false,0,New,,,,false,false,false,,3,5,U-025,,,
LEAD-12202,2025-09-03,Onyx Works,CX / Support Leader,Head of Support,Singapore,APAC,Conference,Inbound Marketing,CMP-035,Q3 Pipeline Push — EMEA 2026-05,Conference,Partner / Marketplace,75,A,false,false,0,MQL,2025-09-21,,,true,false,false,,0,8,U-024,,,
LEAD-12203,2026-01-12,Kestrel Insure,Developer,Software Engineer,Germany,EMEA,Organic Search,Product,CMP-016,Q3 Pipeline Push — AMER 2026-04,Organic Search,Organic Search,74,A,true,false,65,MQL,2026-01-13,,,true,false,false,,,2,,,,
LEAD-12204,2025-10-26,Vertex Health,Product Manager,Director of Product,United States,AMER,Paid Search,Product,CMP-002,Studio for Product Teams — AMER 2025-08,Paid Search,Paid Search,74,A,true,false,11,SQL,2025-11-06,2025-11-20,,true,true,false,,,0,,U-010,,
LEAD-12205,2026-04-02,Lumen Systems,CX / Support Leader,Director of Service Ops,UAE,EMEA,Outbound Sequence,Outbound,CMP-041,Studio for Product Teams — AMER 2025-04,Outbound Sequence,Organic Search,63,B,false,false,0,Converted,2026-04-07,2026-04-17,2026-04-29,true,true,true,,4,9,U-015,U-014,ACC-1054,OPP-20445
LEAD-12206,2026-02-18,Vantage Freight,Engineering Leader,Head of Platform,Argentina,LATAM,Organic Search,Product,CMP-015,Studio for Product Teams — AMER 2025-11,Organic Search,Webinar,100,A,true,true,48,Nurture,2026-02-25,,,true,false,false,,,0,,,,
LEAD-12207,2026-07-28,Onyx Group,Product Manager,Director of Product,Mexico,AMER,Outbound Sequence,Outbound,CMP-041,Studio for Product Teams — AMER 2025-04,Outbound Sequence,Outbound Sequence,60,B,false,false,0,Disqualified,,,,false,false,false,No budget,5,9,U-017,,,
LEAD-12208,2025-06-02,Cobalt Learning,Developer,Senior Backend Engineer,Mexico,AMER,Partner / Marketplace,Partner / Referral,CMP-043,Latency Benchmark — APAC 2026-01,Partner / Marketplace,Partner / Marketplace,51,B,true,true,96,SQL,2025-06-06,2025-06-10,,true,true,false,,,2,,U-004,,
LEAD-12209,2025-06-16,Sable Market,Procurement / Finance,CFO,UAE,EMEA,Partner / Marketplace,Partner / Referral,CMP-043,Latency Benchmark — APAC 2026-01,Partner / Marketplace,Partner / Marketplace,66,B,false,false,0,New,,,,false,false,false,,4,9,U-026,,,
LEAD-12210,2026-03-18,Meridian Labs,CX / Support Leader,Director of Service Ops,Mexico,AMER,Organic Search,Product,CMP-016,Q3 Pipeline Push — AMER 2026-04,Organic Search,Customer Referral,100,A,true,true,85,SQL,2026-03-22,2026-03-23,,true,true,false,,,0,,U-006,,
LEAD-12211,2025-11-30,Aster Mobility,Product Manager,Product Manager,Germany,EMEA,Customer Referral,Partner / Referral,CMP-045,Compliance & HIPAA — AMER 2025-09,Customer Referral,Customer Referral,67,B,false,false,0,Working,,,,false,false,false,,3,6,U-015,,,
LEAD-12212,2026-03-25,Sable Works,Procurement / Finance,CFO,Spain,EMEA,Outbound Sequence,Outbound,CMP-037,Verify Fraud Playbook — EMEA 2025-04,Outbound Sequence,Organic Search,48,C,false,true,0,Converted,2026-03-28,2026-04-11,2026-05-08,true,true,true,,6,11,U-015,U-007,ACC-1012,OPP-20446
LEAD-12213,2026-08-26,Juniper Gaming,Procurement / Finance,CFO,United States,AMER,Paid Search,Inbound Marketing,CMP-006,AI Search Visibility — AMER 2026-02,Paid Search,Paid Search,91,A,false,true,0,Converted,2026-08-28,2026-09-23,2026-09-27,true,true,true,,3,9,U-015,U-004,ACC-1059,OPP-20447
LEAD-12214,2026-08-06,Vantage Logistics,Developer,Senior Backend Engineer,Singapore,APAC,Paid Social,Inbound Marketing,CMP-010,Migrate off Legacy SMS — LATAM 2025-06,Paid Social,AI Assistant Referral,35,C,false,false,0,New,,,,false,false,false,,2,1,U-018,,,
LEAD-12215,2026-01-14,Beacon Cloud,Developer,Software Engineer,Mexico,AMER,Partner / Marketplace,Partner / Referral,CMP-042,Migrate off Legacy SMS — AMER 2025-04,Partner / Marketplace,Partner / Marketplace,27,D,false,false,0,Disqualified,,,,false,false,false,No use case,1,3,U-027,,,
LEAD-12216,2026-07-23,Cinder Care,Engineering Leader,VP Engineering,Spain,EMEA,Organic Search,Inbound Marketing,CMP-016,Q3 Pipeline Push — AMER 2026-04,Organic Search,Webinar,95,A,false,false,0,SQL,2026-08-13,2026-08-22,,true,true,false,,2,1,U-019,U-011,,
LEAD-12217,2025-09-11,Tundra Health,Product Manager,Senior PM,Japan,APAC,Organic Search,Inbound Marketing,CMP-015,Studio for Product Teams — AMER 2025-11,Organic Search,Organic Search,67,B,false,false,0,Converted,2025-09-26,2025-10-17,2025-10-20,true,true,true,,2,1,U-023,U-002,ACC-1119,OPP-20448
LEAD-12218,2025-07-14,Rivet Systems,Engineering Leader,Head of Platform,India,APAC,Paid Social,Product,CMP-010,Migrate off Legacy SMS — LATAM 2025-06,Paid Social,Paid Social,26,D,true,false,74,New,,,,false,false,false,,,0,,,,
LEAD-12219,2025-12-14,North Freight,Developer,Software Engineer,Australia,APAC,Paid Social,Product,CMP-009,Copilot API Beta — AMER 2026-01,Paid Social,Partner / Marketplace,52,B,true,true,63,Converted,2025-12-23,2025-12-31,2026-01-14,true,true,true,,,2,,U-013,ACC-1052,OPP-20449
LEAD-12220,2025-10-15,Beacon Market,Developer,Senior Backend Engineer,Mexico,AMER,Docs & Quickstarts,Product,CMP-028,Migrate off Legacy SMS — AMER 2025-11,Docs & Quickstarts,Docs & Quickstarts,61,B,true,false,84,Nurture,2025-11-05,,,true,false,false,,,1,,,,
LEAD-12221,2025-08-10,Zephyr Freight,Developer,Platform Engineer,India,APAC,Organic Search,Product,CMP-018,Voice Agents Launch — AMER 2025-11,Organic Search,Organic Search,65,B,true,false,19,Disqualified,,,,false,false,false,Duplicate,,2,,,,
LEAD-12222,2026-03-23,Quanta Labs,Developer,Platform Engineer,Canada,AMER,Docs & Quickstarts,Product,CMP-025,Migrate off Legacy SMS — EMEA 2025-09,Docs & Quickstarts,Outbound Sequence,84,A,true,true,44,Converted,2026-04-10,2026-04-16,2026-04-27,true,true,true,,,1,,U-001,ACC-1110,OPP-20450
LEAD-12223,2026-08-07,Meridian Care,Developer,Platform Engineer,Brazil,AMER,Organic Search,Inbound Marketing,CMP-015,Studio for Product Teams — AMER 2025-11,Organic Search,Organic Search,31,C,false,true,0,Disqualified,,,,false,false,false,No budget,0,1,U-026,,,
LEAD-12224,2026-03-27,Aster Health,Engineering Leader,CTO,Mexico,AMER,Paid Social,Product,CMP-008,Developer Docs Refresh — EMEA 2026-02,Paid Social,Paid Social,74,A,true,false,14,Converted,2026-04-06,2026-04-15,2026-05-16,true,true,true,,,0,,U-003,ACC-1067,OPP-20451
LEAD-12225,2025-06-08,Cobalt Pay,Product Manager,Director of Product,UAE,EMEA,Paid Search,Inbound Marketing,CMP-003,Voice Agents Launch — EMEA 2025-12,Paid Search,Outbound Sequence,59,B,false,false,0,MQL,2025-06-12,,,true,false,false,,3,4,U-019,,,
LEAD-12226,2025-09-10,Halcyon Market,Product Manager,Product Manager,UAE,EMEA,Customer Referral,Partner / Referral,CMP-046,Migrate off Legacy SMS — AMER 2026-03,Customer Referral,Customer Referral,70,A,false,false,0,MQL,2025-09-15,,,true,false,false,,6,5,U-024,,,
LEAD-12227,2026-06-05,Zephyr Works,Developer,Staff Engineer,Brazil,AMER,Paid Social,Inbound Marketing,CMP-008,Developer Docs Refresh — EMEA 2026-02,Paid Social,Conference,11,D,false,false,0,Disqualified,,,,false,false,false,No use case,2,11,U-016,,,
LEAD-12228,2025-04-29,Rivet Pay,CX / Support Leader,Contact Centre Manager,Canada,AMER,Docs & Quickstarts,Product,CMP-023,Q3 Pipeline Push — AMER 2025-06,Docs & Quickstarts,Docs & Quickstarts,100,A,true,true,15,Nurture,2025-05-10,,,true,false,false,,,0,,,,
LEAD-12229,2026-01-27,Quanta Care,Engineering Leader,Director of Engineering,Sweden,EMEA,Paid Social,Inbound Marketing,CMP-009,Copilot API Beta — AMER 2026-01,Paid Social,Paid Social,52,B,false,false,0,Converted,2026-01-30,2026-02-04,2026-02-27,true,true,true,,1,7,U-021,U-008,ACC-1083,OPP-20452
LEAD-12230,2025-12-03,Umbra Care,CX / Support Leader,Head of Support,Brazil,AMER,AI Assistant Referral,Inbound Marketing,CMP-022,Q3 Pipeline Push — AMER 2025-10,AI Assistant Referral,Paid Social,81,A,false,false,0,Converted,2025-12-08,2025-12-30,2026-01-16,true,true,true,,3,9,U-026,U-001,ACC-1094,OPP-20453
LEAD-12231,2026-06-07,Solstice Technologies,Developer,Staff Engineer,Mexico,AMER,Conference,Inbound Marketing,CMP-036,Compliance & HIPAA — AMER 2026-04,Conference,Customer Referral,40,C,false,false,0,Disqualified,,,,false,false,false,Student / hobby project,2,3,U-016,,,
LEAD-12232,2026-03-27,Meridian Works,CX / Support Leader,Contact Centre Manager,Australia,APAC,Organic Search,Inbound Marketing,CMP-013,Verify Fraud Playbook — LATAM 2026-01,Organic Search,Organic Search,83,A,false,false,0,SQL,2026-04-16,2026-04-20,,true,true,false,,1,1,U-019,U-008,,
LEAD-12233,2025-06-19,North Learning,Product Manager,Senior PM,Spain,EMEA,AI Assistant Referral,Inbound Marketing,CMP-019,Studio for Product Teams — APAC 2026-02,AI Assistant Referral,Developer Community,52,B,false,false,0,Working,,,,false,false,false,,4,1,U-020,,,
LEAD-12234,2026-03-08,Harbor Logistics,Developer,Platform Engineer,Mexico,AMER,Webinar,Inbound Marketing,CMP-032,Copilot API Beta — AMER 2025-12,Webinar,Webinar,24,D,false,false,0,Disqualified,,,,false,false,false,No use case,3,9,U-017,,,
LEAD-12235,2025-09-15,Vertex Group,Engineering Leader,Director of Engineering,India,APAC,Paid Search,Product,CMP-006,AI Search Visibility — AMER 2026-02,Paid Search,Paid Search,68,B,true,true,24,MQL,2025-09-16,,,true,false,false,,,2,,,,
LEAD-12236,2026-01-28,Rivet Learning,Engineering Leader,Head of Platform,Brazil,AMER,Paid Search,Inbound Marketing,CMP-003,Voice Agents Launch — EMEA 2025-12,Paid Search,Paid Search,63,B,false,false,0,Disqualified,,,,false,false,false,Wrong geo,1,3,U-022,,,
LEAD-12237,2026-01-23,Wexler Insure,Engineering Leader,CTO,United States,AMER,Outbound Sequence,Outbound,CMP-037,Verify Fraud Playbook — EMEA 2025-04,Outbound Sequence,Outbound Sequence,55,B,false,false,0,Converted,2026-02-05,2026-02-24,2026-03-02,true,true,true,,2,6,U-022,U-004,ACC-1137,OPP-20454
LEAD-12238,2025-11-05,Foundry Care,Product Manager,Head of Product,UAE,EMEA,Webinar,Inbound Marketing,CMP-034,Copilot API Beta — EMEA 2026-03,Webinar,Webinar,68,B,false,false,0,Converted,2025-11-08,2025-11-18,2025-12-03,true,true,true,,0,10,U-020,U-007,ACC-1093,OPP-20455
LEAD-12239,2025-07-13,Umbra Market,Engineering Leader,CTO,Canada,AMER,Developer Community,Product,CMP-030,Latency Benchmark — AMER 2025-08,Developer Community,Developer Community,65,B,true,false,54,New,,,,false,false,false,,,1,,,,
LEAD-12240,2026-01-03,Zephyr Health,Procurement / Finance,Head of Vendor Management,United States,AMER,Docs & Quickstarts,Product,CMP-025,Migrate off Legacy SMS — EMEA 2025-09,Docs & Quickstarts,Docs & Quickstarts,97,A,true,true,65,Nurture,2026-01-15,,,true,false,false,,,0,,,,
LEAD-12241,2025-11-29,Halcyon Market,Developer,Software Engineer,United Kingdom,EMEA,Docs & Quickstarts,Inbound Marketing,CMP-028,Migrate off Legacy SMS — AMER 2025-11,Docs & Quickstarts,AI Assistant Referral,54,B,false,false,0,MQL,2025-12-08,,,true,false,false,,2,5,U-022,,,
LEAD-12242,2026-04-13,Vantage Cloud,Engineering Leader,Head of Platform,Sweden,EMEA,Customer Referral,Partner / Referral,CMP-045,Compliance & HIPAA — AMER 2025-09,Customer Referral,Customer Referral,84,A,true,true,62,New,,,,false,false,false,,,1,,,,
LEAD-12243,2026-01-07,Lumen Cloud,Product Manager,Senior PM,Spain,EMEA,Organic Search,Product,CMP-012,AI Search Visibility — AMER 2026-07,Organic Search,Docs & Quickstarts,84,A,true,false,0,Converted,2026-01-14,2026-02-09,2026-03-15,true,true,true,,,0,,U-010,ACC-1091,OPP-20456
LEAD-12244,2026-02-08,Rivet Digital,Product Manager,Product Manager,India,APAC,Docs & Quickstarts,Product,CMP-028,Migrate off Legacy SMS — AMER 2025-11,Docs & Quickstarts,Docs & Quickstarts,63,B,true,false,35,Nurture,2026-02-12,,,true,false,false,,,2,,,,
LEAD-12245,2026-09-13,Dovetail Care,Product Manager,Director of Product,Spain,EMEA,Organic Search,Product,CMP-014,Compliance & HIPAA — APAC 2025-09,Organic Search,Organic Search,66,B,true,true,47,New,,,,false,false,false,,,1,,,,
LEAD-12246,2025-07-26,Juniper Digital,Product Manager,Director of Product,Japan,APAC,Paid Social,Product,CMP-007,Developer Docs Refresh — EMEA 2025-05,Paid Social,Outbound Sequence,35,C,true,true,77,Working,,,,false,false,false,,,0,,,,
LEAD-12247,2026-02-01,Aster Group,Product Manager,Product Manager,Spain,EMEA,Customer Referral,Partner / Referral,CMP-045,Compliance & HIPAA — AMER 2025-09,Customer Referral,Customer Referral,71,A,false,false,0,Converted,2026-02-03,2026-02-23,2026-03-14,true,true,true,,4,9,U-019,U-011,ACC-1036,OPP-20457
LEAD-12248,2026-01-17,Cinder Bank,Engineering Leader,Director of Engineering,Singapore,APAC,Organic Search,Inbound Marketing,CMP-018,Voice Agents Launch — AMER 2025-11,Organic Search,Organic Search,74,A,false,false,0,MQL,2026-01-27,,,true,false,false,,3,3,U-015,,,
LEAD-12249,2025-11-02,Orbital Mobility,Engineering Leader,VP Engineering,Mexico,AMER,Webinar,Inbound Marketing,CMP-034,Copilot API Beta — EMEA 2026-03,Webinar,Partner / Marketplace,81,A,false,false,0,Converted,2025-11-15,2025-11-27,2025-12-23,true,true,true,,1,4,U-026,U-007,ACC-1134,OPP-20458
LEAD-12250,2026-05-02,North Mobility,Engineering Leader,Director of Engineering,Brazil,AMER,Paid Social,Inbound Marketing,CMP-010,Migrate off Legacy SMS — LATAM 2025-06,Paid Social,Paid Social,68,B,false,false,0,SQL,2026-05-23,2026-06-09,,true,true,false,,0,3,U-024,U-007,,
LEAD-12251,2025-11-22,Dovetail Care,Product Manager,Product Manager,Canada,AMER,Partner / Marketplace,Partner / Referral,CMP-043,Latency Benchmark — APAC 2026-01,Partner / Marketplace,AI Assistant Referral,39,C,false,false,0,Working,,,,false,false,false,,2,3,U-026,,,
LEAD-12252,2025-07-07,Lattice Works,Procurement / Finance,Procurement Manager,Spain,EMEA,Conference,Inbound Marketing,CMP-036,Compliance & HIPAA — AMER 2026-04,Conference,Conference,50,B,false,false,0,SQL,2025-07-26,2025-08-04,,true,true,false,,4,2,U-017,U-004,,
LEAD-12253,2025-09-02,Pallas Group,Engineering Leader,Director of Engineering,Mexico,AMER,Paid Search,Product,CMP-004,Cut Your Deflection Cost — AMER 2025-11,Paid Search,Paid Search,71,A,true,true,39,SQL,2025-09-02,2025-09-24,,true,true,false,,,0,,U-008,,
LEAD-12254,2026-05-07,Tundra Health,CX / Support Leader,Director of Service Ops,Singapore,APAC,Outbound Sequence,Outbound,CMP-037,Verify Fraud Playbook — EMEA 2025-04,Outbound Sequence,Outbound Sequence,42,C,false,false,0,Working,,,,false,false,false,,6,9,U-024,,,
LEAD-12255,2025-12-27,Quanta Gaming,Developer,Platform Engineer,Argentina,LATAM,Organic Search,Product,CMP-017,Latency Benchmark — AMER 2026-05,Organic Search,Organic Search,71,A,true,false,51,SQL,2026-01-07,2026-01-23,,true,true,false,,,0,,U-014,,
LEAD-12256,2026-07-03,Foundry Health,Product Manager,Director of Product,Canada,AMER,Developer Community,Inbound Marketing,CMP-029,Build a Support Agent — EMEA 2025-11,Developer Community,AI Assistant Referral,36,C,false,false,0,Converted,2026-07-22,2026-07-31,2026-09-01,true,true,true,,6,7,U-024,U-014,ACC-1084,OPP-20459
LEAD-12257,2026-02-22,Zephyr Freight,Engineering Leader,VP Engineering,Canada,AMER,Outbound Sequence,Outbound,CMP-038,Migrate off Legacy SMS — AMER 2025-04,Outbound Sequence,Outbound Sequence,37,C,false,false,0,New,,,,false,false,false,,3,11,U-023,,,
LEAD-12258,2025-07-26,Vertex Cloud,CX / Support Leader,Contact Centre Manager,Canada,AMER,Customer Referral,Partner / Referral,CMP-046,Migrate off Legacy SMS — AMER 2026-03,Customer Referral,Customer Referral,64,B,false,false,0,SQL,2025-07-31,2025-08-24,,true,true,false,,0,1,U-021,U-009,,
LEAD-12259,2025-08-28,Aster Freight,Procurement / Finance,CFO,Australia,APAC,Paid Search,Inbound Marketing,CMP-002,Studio for Product Teams — AMER 2025-08,Paid Search,Paid Search,51,B,false,false,0,Disqualified,,,,false,false,false,Student / hobby project,3,8,U-020,,,
LEAD-12260,2025-08-17,Halcyon Health,Developer,Platform Engineer,Mexico,AMER,Docs & Quickstarts,Product,CMP-026,Studio for Product Teams — AMER 2025-08,Docs & Quickstarts,Conference,57,B,true,true,93,MQL,2025-08-20,,,true,false,false,,,1,,,,
LEAD-12261,2025-04-17,Halcyon Insure,CX / Support Leader,Director of Service Ops,Colombia,LATAM,Docs & Quickstarts,Product,CMP-023,Q3 Pipeline Push — AMER 2025-06,Docs & Quickstarts,Webinar,79,A,true,true,45,Working,,,,false,false,false,,,2,,,,
LEAD-12262,2026-08-27,Harbor Retail,Developer,Platform Engineer,Indonesia,APAC,Outbound Sequence,Outbound,CMP-039,Studio for Product Teams — EMEA 2026-02,Outbound Sequence,Outbound Sequence,40,C,false,true,0,New,,,,false,false,false,,1,10,U-015,,,
LEAD-12263,2025-11-29,Beacon Market,Engineering Leader,Head of Platform,Sweden,EMEA,Paid Social,Inbound Marketing,CMP-009,Copilot API Beta — AMER 2026-01,Paid Social,Paid Social,37,C,false,false,0,Disqualified,,,,false,false,false,Free tier is enough,1,3,U-023,,,
LEAD-12264,2025-08-16,Solstice Digital,Engineering Leader,Director of Engineering,United States,AMER,Paid Search,Product,CMP-005,Migrate off Legacy SMS — AMER 2025-12,Paid Search,Paid Search,89,A,true,false,96,Working,,,,false,false,false,,,2,,,,
LEAD-12265,2026-01-22,Umbra Health,Developer,Platform Engineer,United States,AMER,Partner / Marketplace,Partner / Referral,CMP-043,Latency Benchmark — APAC 2026-01,Partner / Marketplace,Partner / Marketplace,72,A,false,false,0,SQL,2026-02-04,2026-02-15,,true,true,false,,2,11,U-027,U-001,,
LEAD-12266,2025-12-12,North Systems,Developer,Staff Engineer,Mexico,AMER,Outbound Sequence,Outbound,CMP-037,Verify Fraud Playbook — EMEA 2025-04,Outbound Sequence,Outbound Sequence,26,D,false,false,0,Disqualified,,,,false,false,false,Went silent,1,11,U-021,,,
LEAD-12267,2025-09-21,Beacon Gaming,Engineering Leader,Head of Platform,Sweden,EMEA,Organic Search,Product,CMP-018,Voice Agents Launch — AMER 2025-11,Organic Search,Organic Search,100,A,true,true,1,SQL,2025-10-07,2025-10-29,,true,true,false,,,1,,U-013,,
LEAD-12268,2026-06-27,Sable Technologies,Product Manager,Product Manager,Japan,APAC,Outbound Sequence,Outbound,CMP-041,Studio for Product Teams — AMER 2025-04,Outbound Sequence,Outbound Sequence,53,B,false,false,0,Converted,2026-07-16,2026-07-24,2026-08-11,true,true,true,,3,11,U-020,U-002,ACC-1074,OPP-20460
LEAD-12269,2025-11-05,Meridian Retail,Product Manager,Head of Product,Brazil,AMER,Paid Social,Product,CMP-007,Developer Docs Refresh — EMEA 2025-05,Paid Social,Webinar,45,C,true,false,45,SQL,2025-11-21,2025-12-10,,true,true,false,,,1,,U-002,,
LEAD-12270,2026-06-09,Umbra Systems,Engineering Leader,Director of Engineering,Canada,AMER,Partner / Marketplace,Partner / Referral,CMP-044,Studio for Product Teams — AMER 2025-06,Partner / Marketplace,Developer Community,84,A,false,false,0,Converted,2026-06-12,2026-06-22,2026-07-22,true,true,true,,2,1,U-025,U-011,ACC-1084,OPP-20461
LEAD-12271,2026-07-18,Vertex Learning,Product Manager,Senior PM,Spain,EMEA,Customer Referral,Partner / Referral,CMP-046,Migrate off Legacy SMS — AMER 2026-03,Customer Referral,Webinar,65,B,false,false,0,Converted,2026-07-31,2026-08-01,2026-08-27,true,true,true,,3,5,U-025,U-010,ACC-1138,OPP-20462
LEAD-12272,2026-06-27,Halcyon Logistics,Developer,Platform Engineer,United States,AMER,Docs & Quickstarts,Product,CMP-023,Q3 Pipeline Push — AMER 2025-06,Docs & Quickstarts,Docs & Quickstarts,74,A,true,true,74,Converted,2026-07-17,2026-08-10,2026-09-12,true,true,true,,,1,,U-011,ACC-1132,OPP-20463
LEAD-12273,2025-07-05,Cobalt Learning,Developer,Platform Engineer,Mexico,AMER,Organic Search,Inbound Marketing,CMP-013,Verify Fraud Playbook — LATAM 2026-01,Organic Search,Docs & Quickstarts,42,C,false,false,0,Working,,,,false,false,false,,2,1,U-019,,,
LEAD-12274,2025-06-02,Vertex Cloud,Engineering Leader,Director of Engineering,Netherlands,EMEA,Partner / Marketplace,Partner / Referral,CMP-043,Latency Benchmark — APAC 2026-01,Partner / Marketplace,Customer Referral,68,B,false,false,0,New,,,,false,false,false,,0,1,U-016,,,
LEAD-12275,2026-04-15,Vertex Freight,Engineering Leader,Director of Engineering,Sweden,EMEA,Partner / Marketplace,Partner / Referral,CMP-042,Migrate off Legacy SMS — AMER 2025-04,Partner / Marketplace,Partner / Marketplace,58,B,false,false,0,Disqualified,,,,false,false,false,No budget,3,8,U-020,,,
LEAD-12276,2026-05-31,Wexler Learning,Developer,Staff Engineer,Mexico,AMER,Organic Search,Product,CMP-015,Studio for Product Teams — AMER 2025-11,Organic Search,Webinar,79,A,true,true,23,Nurture,2026-06-14,,,true,false,false,,,2,,,,
LEAD-12277,2026-03-18,Sable Retail,Developer,Staff Engineer,United States,AMER,Webinar,Inbound Marketing,CMP-034,Copilot API Beta — EMEA 2026-03,Webinar,Webinar,36,C,false,false,0,Disqualified,,,,false,false,false,Competitor,2,4,U-025,,,
LEAD-12278,2025-04-19,Halcyon Technologies,CX / Support Leader,VP Customer Experience,Mexico,AMER,Docs & Quickstarts,Inbound Marketing,CMP-026,Studio for Product Teams — AMER 2025-08,Docs & Quickstarts,AI Assistant Referral,83,A,false,false,0,MQL,2025-04-27,,,true,false,false,,1,2,U-016,,,
LEAD-12279,2026-09-05,Harbor Travel,Engineering Leader,CTO,Colombia,LATAM,Developer Community,Product,CMP-029,Build a Support Agent — EMEA 2025-11,Developer Community,Developer Community,61,B,true,true,32,Converted,2026-09-26,2026-09-27,2026-10-21,true,true,true,,,0,,U-013,ACC-1093,OPP-20464
LEAD-12280,2025-05-04,Zephyr Retail,Product Manager,Director of Product,United States,AMER,Webinar,Inbound Marketing,CMP-032,Copilot API Beta — AMER 2025-12,Webinar,Webinar,75,A,false,false,0,Converted,2025-05-12,2025-06-07,2025-06-26,true,true,true,,0,11,U-027,U-010,ACC-1048,OPP-20465
LEAD-12281,2025-04-05,Kestrel Health,Procurement / Finance,Head of Vendor Management,India,APAC,Organic Search,Inbound Marketing,CMP-012,AI Search Visibility — AMER 2026-07,Organic Search,Conference,77,A,false,false,0,Converted,2025-04-20,2025-05-04,2025-05-21,true,true,true,,3,11,U-025,U-011,ACC-1064,OPP-20466
LEAD-12282,2025-10-11,Zephyr Logistics,Engineering Leader,Head of Platform,Germany,EMEA,AI Assistant Referral,Inbound Marketing,CMP-022,Q3 Pipeline Push — AMER 2025-10,AI Assistant Referral,AI Assistant Referral,48,C,false,false,0,Nurture,2025-10-14,,,true,false,false,,3,5,U-016,,,
LEAD-12283,2026-02-11,Kestrel Bank,Developer,Platform Engineer,Spain,EMEA,Outbound Sequence,Outbound,CMP-039,Studio for Product Teams — EMEA 2026-02,Outbound Sequence,Docs & Quickstarts,1,D,false,false,0,SQL,2026-02-22,2026-03-10,,true,true,false,,5,2,U-022,U-009,,
LEAD-12284,2026-06-08,Pallas Insure,Developer,Platform Engineer,Netherlands,EMEA,Docs & Quickstarts,Inbound Marketing,CMP-027,Cut Your Deflection Cost — APAC 2025-05,Docs & Quickstarts,Outbound Sequence,73,A,false,false,0,Disqualified,,,,false,false,false,Duplicate,2,1,U-016,,,
LEAD-12285,2025-06-09,Lumen Logistics,Developer,Staff Engineer,Spain,EMEA,Paid Search,Inbound Marketing,CMP-003,Voice Agents Launch — EMEA 2025-12,Paid Search,Paid Search,49,C,false,false,0,MQL,2025-06-19,,,true,false,false,,2,8,U-019,,,
LEAD-12286,2025-12-01,Juniper Bank,Product Manager,Head of Product,Mexico,AMER,Organic Search,Product,CMP-011,Developer Docs Refresh — LATAM 2025-04,Organic Search,Organic Search,81,A,true,false,3,SQL,2025-12-16,2026-01-02,,true,true,false,,,0,,U-004,,
LEAD-12287,2025-12-28,Quanta Pay,CX / Support Leader,Contact Centre Manager,Brazil,AMER,Partner / Marketplace,Partner / Referral,CMP-044,Studio for Product Teams — AMER 2025-06,Partner / Marketplace,Partner / Marketplace,76,A,false,false,0,SQL,2026-01-01,2026-01-15,,true,true,false,,3,2,U-023,U-007,,
LEAD-12288,2026-07-24,Kestrel Insure,CX / Support Leader,Director of Service Ops,United Kingdom,EMEA,Docs & Quickstarts,Product,CMP-028,Migrate off Legacy SMS — AMER 2025-11,Docs & Quickstarts,Docs & Quickstarts,79,A,true,true,90,New,,,,false,false,false,,,2,,,,
LEAD-12289,2025-06-26,Foundry Market,CX / Support Leader,Contact Centre Manager,Canada,AMER,Docs & Quickstarts,Product,CMP-025,Migrate off Legacy SMS — EMEA 2025-09,Docs & Quickstarts,Docs & Quickstarts,100,A,true,true,24,MQL,2025-06-28,,,true,false,false,,,1,,,,
LEAD-12290,2025-11-09,Rivet Freight,Engineering Leader,CTO,Spain,EMEA,Paid Social,Inbound Marketing,CMP-007,Developer Docs Refresh — EMEA 2025-05,Paid Social,Paid Social,29,D,false,false,0,New,,,,false,false,false,,3,10,U-025,,,
LEAD-12291,2026-01-09,Lumen Health,Developer,Platform Engineer,Germany,EMEA,AI Assistant Referral,Product,CMP-020,Q3 Pipeline Push — AMER 2025-12,AI Assistant Referral,Organic Search,55,B,true,false,87,MQL,2026-01-24,,,true,false,false,,,2,,,,
LEAD-12292,2025-06-29,Meridian Gaming,Developer,Staff Engineer,United Kingdom,EMEA,Docs & Quickstarts,Inbound Marketing,CMP-025,Migrate off Legacy SMS — EMEA 2025-09,Docs & Quickstarts,Docs & Quickstarts,69,B,false,false,0,MQL,2025-07-19,,,true,false,false,,2,5,U-017,,,
LEAD-12293,2025-07-06,Lattice Systems,Product Manager,Product Manager,Chile,LATAM,Customer Referral,Partner / Referral,CMP-045,Compliance & HIPAA — AMER 2025-09,Customer Referral,Customer Referral,57,B,true,true,93,Disqualified,,,,false,false,false,Went silent,,1,,,,
LEAD-12294,2026-05-19,Zephyr Digital,Procurement / Finance,CFO,Mexico,AMER,Organic Search,Inbound Marketing,CMP-016,Q3 Pipeline Push — AMER 2026-04,Organic Search,Organic Search,84,A,false,false,0,SQL,2026-06-09,2026-06-17,,true,true,false,,2,7,U-025,U-011,,
LEAD-12295,2026-08-23,Meridian Market,Developer,Software Engineer,Brazil,AMER,Partner / Marketplace,Partner / Referral,CMP-042,Migrate off Legacy SMS — AMER 2025-04,Partner / Marketplace,Partner / Marketplace,39,C,false,false,0,SQL,2026-08-26,2026-09-15,,true,true,false,,5,5,U-023,U-005,,
LEAD-12296,2025-08-19,Vertex Freight,Developer,Senior Backend Engineer,Netherlands,EMEA,Organic Search,Inbound Marketing,CMP-011,Developer Docs Refresh — LATAM 2025-04,Organic Search,Developer Community,42,C,false,false,0,Disqualified,,,,false,false,false,Competitor,0,11,U-026,,,
LEAD-12297,2025-11-18,Tundra Care,Developer,Senior Backend Engineer,Brazil,AMER,Organic Search,Inbound Marketing,CMP-011,Developer Docs Refresh — LATAM 2025-04,Organic Search,Organic Search,64,B,false,false,0,Working,,,,false,false,false,,1,2,U-026,,,
LEAD-12298,2026-08-25,Lattice Technologies,CX / Support Leader,Head of Support,United States,AMER,Customer Referral,Partner / Referral,CMP-046,Migrate off Legacy SMS — AMER 2026-03,Customer Referral,Customer Referral,81,A,false,false,0,SQL,2026-08-31,2026-09-08,,true,true,false,,0,3,U-026,U-006,,
LEAD-12299,2026-07-24,Halcyon Bank,Engineering Leader,Head of Platform,Spain,EMEA,Developer Community,Product,CMP-031,Developer Docs Refresh — EMEA 2026-07,Developer Community,Webinar,53,B,true,true,16,MQL,2026-08-12,,,true,false,false,,,1,,,,
LEAD-12300,2025-11-05,Lumen Cloud,Developer,Staff Engineer,Colombia,LATAM,Outbound Sequence,Outbound,CMP-039,Studio for Product Teams — EMEA 2026-02,Outbound Sequence,Outbound Sequence,35,C,false,false,0,Converted,2025-11-24,2025-11-27,2025-12-19,true,true,true,,1,1,U-016,U-002,ACC-1084,OPP-20467
LEAD-12301,2026-03-05,Rivet Retail,Engineering Leader,Director of Engineering,Mexico,AMER,Developer Community,Product,CMP-030,Latency Benchmark — AMER 2025-08,Developer Community,Developer Community,77,A,true,false,75,SQL,2026-03-07,2026-04-01,,true,true,false,,,1,,U-006,,
LEAD-12302,2025-10-26,Kestrel Cloud,Product Manager,Product Manager,Argentina,LATAM,Outbound Sequence,Outbound,CMP-041,Studio for Product Teams — AMER 2025-04,Outbound Sequence,Outbound Sequence,41,C,false,false,0,Disqualified,,,,false,false,false,No use case,3,5,U-021,,,
LEAD-12303,2025-04-07,Cobalt Market,Developer,Software Engineer,Canada,AMER,Paid Search,Product,CMP-005,Migrate off Legacy SMS — AMER 2025-12,Paid Search,Paid Search,64,B,true,false,94,Nurture,2025-04-26,,,true,false,false,,,0,,,,
LEAD-12304,2026-07-19,Meridian Retail,Engineering Leader,VP Engineering,Mexico,AMER,Conference,Inbound Marketing,CMP-036,Compliance & HIPAA — AMER 2026-04,Conference,Organic Search,58,B,false,false,0,Nurture,2026-08-04,,,true,false,false,,3,5,U-022,,,
LEAD-12305,2025-11-23,Zephyr Digital,Developer,Platform Engineer,India,APAC,AI Assistant Referral,Product,CMP-019,Studio for Product Teams — APAC 2026-02,AI Assistant Referral,Organic Search,79,A,true,false,42,MQL,2025-12-05,,,true,false,false,,,0,,,,
LEAD-12306,2026-03-12,Aster Insure,Developer,Software Engineer,Mexico,AMER,AI Assistant Referral,Product,CMP-022,Q3 Pipeline Push — AMER 2025-10,AI Assistant Referral,AI Assistant Referral,76,A,true,false,93,MQL,2026-03-13,,,true,false,false,,,2,,,,
LEAD-12307,2026-01-07,Meridian Freight,Product Manager,Head of Product,Japan,APAC,Outbound Sequence,Outbound,CMP-038,Migrate off Legacy SMS — AMER 2025-04,Outbound Sequence,Outbound Sequence,27,D,false,false,0,New,,,,false,false,false,,1,1,U-024,,,
LEAD-12308,2026-09-16,Vantage Bank,Procurement / Finance,Procurement Manager,Colombia,LATAM,Organic Search,Product,CMP-014,Compliance & HIPAA — APAC 2025-09,Organic Search,Organic Search,85,A,true,true,79,Converted,2026-09-17,2026-10-03,2026-10-15,true,true,true,,,2,,U-010,ACC-1070,OPP-20468
LEAD-12309,2026-07-19,Solstice Group,Product Manager,Product Manager,United Kingdom,EMEA,Docs & Quickstarts,Product,CMP-028,Migrate off Legacy SMS — AMER 2025-11,Docs & Quickstarts,Docs & Quickstarts,83,A,true,true,65,MQL,2026-07-24,,,true,false,false,,,0,,,,
LEAD-12310,2026-04-18,Vertex Bank,CX / Support Leader,Head of Support,Canada,AMER,Docs & Quickstarts,Product,CMP-027,Cut Your Deflection Cost — APAC 2025-05,Docs & Quickstarts,Developer Community,100,A,true,true,71,Nurture,2026-05-03,,,true,false,false,,,1,,,,
LEAD-12311,2025-11-08,Pallas Cloud,Procurement / Finance,CFO,United States,AMER,Webinar,Product,CMP-032,Copilot API Beta — AMER 2025-12,Webinar,Webinar,72,A,true,true,23,MQL,2025-11-23,,,true,false,false,,,1,,,,
LEAD-12312,2026-07-08,Wexler Travel,CX / Support Leader,Director of Service Ops,United States,AMER,Paid Social,Inbound Marketing,CMP-009,Copilot API Beta — AMER 2026-01,Paid Social,Paid Social,65,B,false,true,0,Nurture,2026-07-24,,,true,false,false,,1,11,U-016,,,
LEAD-12313,2026-05-28,Meridian Logistics,CX / Support Leader,Contact Centre Manager,Germany,EMEA,Conference,Inbound Marketing,CMP-036,Compliance & HIPAA — AMER 2026-04,Conference,Customer Referral,50,B,false,false,0,Disqualified,,,,false,false,false,Student / hobby project,4,3,U-027,,,
LEAD-12314,2026-09-15,Meridian Bank,Engineering Leader,Director of Engineering,Sweden,EMEA,Partner / Marketplace,Partner / Referral,CMP-043,Latency Benchmark — APAC 2026-01,Partner / Marketplace,Partner / Marketplace,95,A,true,false,34,SQL,2026-10-05,2026-10-25,,true,true,false,,,0,,U-003,,
LEAD-12315,2026-04-08,Halcyon Works,Engineering Leader,Director of Engineering,Mexico,AMER,Outbound Sequence,Outbound,CMP-038,Migrate off Legacy SMS — AMER 2025-04,Outbound Sequence,Partner / Marketplace,41,C,false,false,0,Disqualified,,,,false,false,false,Duplicate,5,9,U-019,,,
LEAD-12316,2025-11-27,Pallas Insure,Developer,Senior Backend Engineer,Mexico,AMER,Paid Search,Inbound Marketing,CMP-002,Studio for Product Teams — AMER 2025-08,Paid Search,Outbound Sequence,36,C,false,false,0,New,,,,false,false,false,,3,3,U-027,,,
LEAD-12317,2025-06-14,Foundry Digital,Developer,Senior Backend Engineer,Singapore,APAC,Developer Community,Inbound Marketing,CMP-029,Build a Support Agent — EMEA 2025-11,Developer Community,Developer Community,38,C,false,false,0,Disqualified,,,,false,false,false,Duplicate,2,6,U-018,,,
LEAD-12318,2026-01-19,Zephyr Retail,Product Manager,Head of Product,United States,AMER,Organic Search,Product,CMP-018,Voice Agents Launch — AMER 2025-11,Organic Search,Paid Search,64,B,true,true,90,New,,,,false,false,false,,,1,,,,
LEAD-12319,2025-05-21,Orbital Logistics,CX / Support Leader,Director of Service Ops,Mexico,AMER,Developer Community,Product,CMP-030,Latency Benchmark — AMER 2025-08,Developer Community,Paid Social,74,A,true,true,11,Working,,,,false,false,false,,,1,,,,
LEAD-12320,2025-10-02,Zephyr Labs,Engineering Leader,Head of Platform,Sweden,EMEA,Outbound Sequence,Outbound,CMP-038,Migrate off Legacy SMS — AMER 2025-04,Outbound Sequence,Outbound Sequence,18,D,false,false,0,Disqualified,,,,false,false,false,Went silent,2,6,U-015,,,
LEAD-12321,2025-12-31,Lattice Market,Developer,Software Engineer,Indonesia,APAC,Paid Search,Inbound Marketing,CMP-001,Copilot API Beta — AMER 2026-02,Paid Search,Paid Search,35,C,false,false,0,New,,,,false,false,false,,4,8,U-018,,,
LEAD-12322,2025-06-16,Lumen Market,CX / Support Leader,Director of Service Ops,Indonesia,APAC,Organic Search,Inbound Marketing,CMP-011,Developer Docs Refresh — LATAM 2025-04,Organic Search,Organic Search,51,B,false,false,0,Converted,2025-06-27,2025-06-29,2025-07-15,true,true,true,,1,10,U-027,U-011,ACC-1044,OPP-20469
LEAD-12323,2025-11-15,Orbital Freight,Engineering Leader,Director of Engineering,Australia,APAC,Outbound Sequence,Outbound,CMP-037,Verify Fraud Playbook — EMEA 2025-04,Outbound Sequence,Outbound Sequence,52,B,false,false,0,Converted,2025-12-05,2025-12-27,2026-01-22,true,true,true,,2,10,U-023,U-011,ACC-1128,OPP-20470
LEAD-12324,2026-06-23,Wexler Health,Product Manager,Product Manager,Indonesia,APAC,Customer Referral,Partner / Referral,CMP-045,Compliance & HIPAA — AMER 2025-09,Customer Referral,Customer Referral,63,B,false,false,0,Disqualified,,,,false,false,false,Competitor,0,6,U-024,,,
LEAD-12325,2025-09-26,Solstice Gaming,Product Manager,Head of Product,France,EMEA,Paid Search,Inbound Marketing,CMP-002,Studio for Product Teams — AMER 2025-08,Paid Search,Outbound Sequence,45,C,false,true,0,MQL,2025-10-04,,,true,false,false,,3,8,U-020,,,
LEAD-12326,2026-01-30,Orbital Gaming,CX / Support Leader,Head of Support,United Kingdom,EMEA,Outbound Sequence,Outbound,CMP-037,Verify Fraud Playbook — EMEA 2025-04,Outbound Sequence,Outbound Sequence,76,A,false,false,0,SQL,2026-02-02,2026-02-03,,true,true,false,,4,2,U-022,U-001,,
LEAD-12327,2026-05-30,Quanta Cloud,Engineering Leader,VP Engineering,Indonesia,APAC,Customer Referral,Partner / Referral,CMP-046,Migrate off Legacy SMS — AMER 2026-03,Customer Referral,Partner / Marketplace,68,B,false,false,0,New,,,,false,false,false,,2,9,U-016,,,
LEAD-12328,2026-01-15,Juniper Travel,Product Manager,Director of Product,Mexico,AMER,Outbound Sequence,Outbound,CMP-039,Studio for Product Teams — EMEA 2026-02,Outbound Sequence,Outbound Sequence,31,C,false,false,0,MQL,2026-02-03,,,true,false,false,,2,8,U-015,,,
LEAD-12329,2025-10-15,Quanta Travel,Developer,Staff Engineer,Spain,EMEA,Conference,Inbound Marketing,CMP-035,Q3 Pipeline Push — EMEA 2026-05,Conference,Conference,68,B,false,true,0,MQL,2025-10-31,,,true,false,false,,4,1,U-019,,,
LEAD-12330,2026-08-23,Pallas Gaming,Developer,Staff Engineer,Sweden,EMEA,Outbound Sequence,Outbound,CMP-037,Verify Fraud Playbook — EMEA 2025-04,Outbound Sequence,Developer Community,46,C,false,false,0,Working,,,,false,false,false,,5,3,U-018,,,
LEAD-12331,2025-06-27,North Mobility,Developer,Senior Backend Engineer,Singapore,APAC,Organic Search,Product,CMP-018,Voice Agents Launch — AMER 2025-11,Organic Search,Organic Search,58,B,true,false,5,MQL,2025-06-30,,,true,false,false,,,1,,,,
LEAD-12332,2026-08-21,Vertex Health,Developer,Senior Backend Engineer,UAE,EMEA,Organic Search,Product,CMP-011,Developer Docs Refresh — LATAM 2025-04,Organic Search,Organic Search,58,B,true,false,89,SQL,2026-08-26,2026-08-27,,true,true,false,,,0,,U-011,,
LEAD-12333,2026-02-01,Beacon Labs,Developer,Software Engineer,France,EMEA,Organic Search,Inbound Marketing,CMP-015,Studio for Product Teams — AMER 2025-11,Organic Search,Developer Community,48,C,false,false,0,MQL,2026-02-13,,,true,false,false,,1,6,U-023,,,
LEAD-12334,2025-09-10,Sable Freight,CX / Support Leader,Director of Service Ops,Netherlands,EMEA,AI Assistant Referral,Product,CMP-020,Q3 Pipeline Push — AMER 2025-12,AI Assistant Referral,AI Assistant Referral,100,A,true,true,10,SQL,2025-10-01,2025-10-02,,true,true,false,,,0,,U-001,,
LEAD-12335,2026-07-11,Kestrel Technologies,Engineering Leader,Head of Platform,Chile,LATAM,Organic Search,Inbound Marketing,CMP-012,AI Search Visibility — AMER 2026-07,Organic Search,Organic Search,73,A,false,false,0,Converted,2026-07-26,2026-08-08,2026-08-21,true,true,true,,1,1,U-020,U-011,ACC-1114,OPP-20471
LEAD-12336,2026-06-23,Kestrel Cloud,Developer,Software Engineer,United States,AMER,Paid Search,Inbound Marketing,CMP-005,Migrate off Legacy SMS — AMER 2025-12,Paid Search,Paid Search,54,B,false,false,0,MQL,2026-07-14,,,true,false,false,,1,2,U-018,,,
LEAD-12337,2025-08-07,Ember Health,CX / Support Leader,VP Customer Experience,United Kingdom,EMEA,Paid Social,Inbound Marketing,CMP-008,Developer Docs Refresh — EMEA 2026-02,Paid Social,Developer Community,63,B,false,false,0,SQL,2025-08-22,2025-09-13,,true,true,false,,1,8,U-015,U-011,,
LEAD-12338,2025-12-23,Meridian Cloud,Product Manager,Director of Product,Mexico,AMER,Paid Search,Product,CMP-002,Studio for Product Teams — AMER 2025-08,Paid Search,Organic Search,77,A,true,false,22,MQL,2026-01-08,,,true,false,false,,,2,,,,
LEAD-12339,2026-05-26,Cobalt Learning,Developer,Staff Engineer,Japan,APAC,Paid Search,Inbound Marketing,CMP-003,Voice Agents Launch — EMEA 2025-12,Paid Search,Paid Search,55,B,false,false,0,MQL,2026-06-03,,,true,false,false,,2,8,U-021,,,
LEAD-12340,2026-02-08,Solstice Cloud,CX / Support Leader,Head of Support,Australia,APAC,Developer Community,Product,CMP-031,Developer Docs Refresh — EMEA 2026-07,Developer Community,Webinar,66,B,true,true,44,Converted,2026-02-23,2026-02-26,2026-03-10,true,true,true,,,2,,U-004,ACC-1106,OPP-20472
LEAD-12341,2026-05-11,Aster Group,Developer,Platform Engineer,Germany,EMEA,Paid Search,Product,CMP-003,Voice Agents Launch — EMEA 2025-12,Paid Search,Paid Search,71,A,true,true,33,SQL,2026-05-29,2026-06-16,,true,true,false,,,1,,U-003,,
LEAD-12342,2025-10-12,Pallas Freight,Developer,Staff Engineer,Canada,AMER,Outbound Sequence,Outbound,CMP-040,AI Search Visibility — AMER 2026-05,Outbound Sequence,Outbound Sequence,10,D,false,false,0,Disqualified,,,,false,false,false,Duplicate,1,3,U-016,,,
LEAD-12343,2026-02-26,Meridian Health,Engineering Leader,Director of Engineering,Japan,APAC,Partner / Marketplace,Partner / Referral,CMP-044,Studio for Product Teams — AMER 2025-06,Partner / Marketplace,Partner / Marketplace,100,A,true,false,31,Converted,2026-03-16,2026-03-24,2026-04-05,true,true,true,,,1,,U-009,ACC-1014,OPP-20473
LEAD-12344,2025-06-29,Kestrel Travel,Developer,Senior Backend Engineer,Germany,EMEA,Paid Social,Inbound Marketing,CMP-009,Copilot API Beta — AMER 2026-01,Paid Social,Paid Social,33,C,false,false,0,Working,,,,false,false,false,,4,6,U-017,,,
LEAD-12345,2026-01-31,Ember Travel,Developer,Staff Engineer,Mexico,AMER,Outbound Sequence,Outbound,CMP-040,AI Search Visibility — AMER 2026-05,Outbound Sequence,Outbound Sequence,32,C,false,false,0,Disqualified,,,,false,false,false,Went silent,4,4,U-018,,,
LEAD-12346,2025-05-27,Sable Market,Product Manager,Head of Product,Australia,APAC,Docs & Quickstarts,Product,CMP-025,Migrate off Legacy SMS — EMEA 2025-09,Docs & Quickstarts,Organic Search,41,C,true,true,94,Working,,,,false,false,false,,,1,,,,
LEAD-12347,2025-11-18,Lumen Insure,Developer,Staff Engineer,United Kingdom,EMEA,Paid Social,Product,CMP-009,Copilot API Beta — AMER 2026-01,Paid Social,Paid Social,51,B,true,false,15,SQL,2025-11-29,2025-12-23,,true,true,false,,,1,,U-002,,
LEAD-12348,2025-12-01,Dovetail Insure,Developer,Software Engineer,Germany,EMEA,Conference,Inbound Marketing,CMP-036,Compliance & HIPAA — AMER 2026-04,Conference,Conference,24,D,false,false,0,Disqualified,,,,false,false,false,Wrong geo,3,7,U-024,,,
LEAD-12349,2026-05-20,Lattice Technologies,Developer,Platform Engineer,UAE,EMEA,Outbound Sequence,Outbound,CMP-039,Studio for Product Teams — EMEA 2026-02,Outbound Sequence,Developer Community,42,C,false,false,0,SQL,2026-06-10,2026-07-05,,true,true,false,,5,4,U-025,U-006,,
LEAD-12350,2026-02-02,North Retail,Engineering Leader,CTO,Brazil,AMER,Docs & Quickstarts,Product,CMP-028,Migrate off Legacy SMS — AMER 2025-11,Docs & Quickstarts,Docs & Quickstarts,58,B,true,true,44,Converted,2026-02-18,2026-03-02,2026-03-09,true,true,true,,,1,,U-004,ACC-1062,OPP-20474
LEAD-12351,2026-06-03,Vantage Care,Developer,Staff Engineer,United Kingdom,EMEA,Partner / Marketplace,Partner / Referral,CMP-044,Studio for Product Teams — AMER 2025-06,Partner / Marketplace,Partner / Marketplace,68,B,true,false,65,Working,,,,false,false,false,,,1,,,,
LEAD-12352,2025-06-14,Onyx Care,Product Manager,Product Manager,France,EMEA,Developer Community,Inbound Marketing,CMP-029,Build a Support Agent — EMEA 2025-11,Developer Community,Developer Community,60,B,false,false,0,SQL,2025-07-02,2025-07-25,,true,true,false,,1,11,U-017,U-003,,
LEAD-12353,2025-12-05,Wexler Freight,Engineering Leader,VP Engineering,Singapore,APAC,Organic Search,Product,CMP-014,Compliance & HIPAA — APAC 2025-09,Organic Search,Docs & Quickstarts,83,A,true,false,65,MQL,2025-12-16,,,true,false,false,,,0,,,,
LEAD-12354,2026-03-24,Vantage Retail,CX / Support Leader,Contact Centre Manager,Sweden,EMEA,Paid Search,Inbound Marketing,CMP-004,Cut Your Deflection Cost — AMER 2025-11,Paid Search,Paid Search,72,A,false,false,0,MQL,2026-04-10,,,true,false,false,,1,8,U-023,,,
LEAD-12355,2026-07-21,Aster Bank,Developer,Senior Backend Engineer,Mexico,AMER,Outbound Sequence,Outbound,CMP-040,AI Search Visibility — AMER 2026-05,Outbound Sequence,Outbound Sequence,35,C,false,true,0,Working,,,,false,false,false,,3,1,U-018,,,
LEAD-12356,2025-10-25,Vantage Logistics,Engineering Leader,VP Engineering,Mexico,AMER,Organic Search,Inbound Marketing,CMP-015,Studio for Product Teams — AMER 2025-11,Organic Search,Partner / Marketplace,34,C,false,false,0,Disqualified,,,,false,false,false,Went silent,3,5,U-024,,,
LEAD-12357,2026-09-19,Aster Works,Developer,Platform Engineer,Mexico,AMER,Paid Search,Inbound Marketing,CMP-006,AI Search Visibility — AMER 2026-02,Paid Search,Paid Search,17,D,false,false,0,New,,,,false,false,false,,3,3,U-025,,,
LEAD-12358,2026-06-30,Vertex Freight,Developer,Software Engineer,Australia,APAC,AI Assistant Referral,Product,CMP-020,Q3 Pipeline Push — AMER 2025-12,AI Assistant Referral,Paid Search,50,B,true,false,2,SQL,2026-07-20,2026-08-07,,true,true,false,,,1,,U-010,,
LEAD-12359,2026-08-31,Wexler Systems,Developer,Senior Backend Engineer,Mexico,AMER,Partner / Marketplace,Partner / Referral,CMP-042,Migrate off Legacy SMS — AMER 2025-04,Partner / Marketplace,Partner / Marketplace,30,C,false,false,0,Disqualified,,,,false,false,false,Duplicate,1,6,U-019,,,
LEAD-12360,2025-10-16,Beacon Market,Developer,Software Engineer,Indonesia,APAC,Organic Search,Inbound Marketing,CMP-017,Latency Benchmark — AMER 2026-05,Organic Search,Paid Social,61,B,false,false,0,MQL,2025-10-18,,,true,false,false,,1,6,U-024,,,
LEAD-12361,2026-07-04,Zephyr Learning,Procurement / Finance,Head of Vendor Management,Colombia,LATAM,Webinar,Inbound Marketing,CMP-032,Copilot API Beta — AMER 2025-12,Webinar,Outbound Sequence,67,B,false,false,0,SQL,2026-07-08,2026-07-17,,true,true,false,,1,3,U-015,U-008,,
LEAD-12362,2026-09-13,Solstice Logistics,CX / Support Leader,VP Customer Experience,Mexico,AMER,Organic Search,Inbound Marketing,CMP-015,Studio for Product Teams — AMER 2025-11,Organic Search,Organic Search,77,A,false,false,0,Converted,2026-09-22,2026-09-24,2026-10-25,true,true,true,,2,8,U-026,U-014,ACC-1046,OPP-20475
LEAD-12363,2025-09-10,Harbor Retail,CX / Support Leader,VP Customer Experience,Chile,LATAM,Organic Search,Inbound Marketing,CMP-012,AI Search Visibility — AMER 2026-07,Organic Search,Organic Search,75,A,false,false,0,SQL,2025-09-13,2025-09-15,,true,true,false,,1,5,U-017,U-003,,
LEAD-12364,2026-04-29,Tundra Mobility,Product Manager,Senior PM,Mexico,AMER,Docs & Quickstarts,Product,CMP-028,Migrate off Legacy SMS — AMER 2025-11,Docs & Quickstarts,Paid Social,70,A,true,false,73,Working,,,,false,false,false,,,2,,,,
LEAD-12365,2026-08-18,Cinder Care,Developer,Platform Engineer,Brazil,AMER,Paid Search,Inbound Marketing,CMP-005,Migrate off Legacy SMS — AMER 2025-12,Paid Search,Partner / Marketplace,50,B,false,false,0,MQL,2026-08-22,,,true,false,false,,1,6,U-023,,,
LEAD-12366,2025-05-10,Quanta Gaming,Procurement / Finance,Head of Vendor Management,Chile,LATAM,Paid Search,Inbound Marketing,CMP-005,Migrate off Legacy SMS — AMER 2025-12,Paid Search,Developer Community,62,B,false,false,0,SQL,2025-05-22,2025-06-01,,true,true,false,,1,1,U-025,U-009,,
LEAD-12367,2025-05-29,Quanta Technologies,Developer,Software Engineer,India,APAC,Docs & Quickstarts,Product,CMP-025,Migrate off Legacy SMS — EMEA 2025-09,Docs & Quickstarts,Organic Search,57,B,true,false,90,Converted,2025-06-05,2025-06-16,2025-06-22,true,true,true,,,0,,U-009,ACC-1083,OPP-20476
LEAD-12368,2026-06-12,Sable Digital,Engineering Leader,CTO,Colombia,LATAM,Paid Social,Product,CMP-007,Developer Docs Refresh — EMEA 2025-05,Paid Social,Paid Social,80,A,true,true,63,New,,,,false,false,false,,,0,,,,
LEAD-12369,2026-08-21,Pallas Digital,Product Manager,Head of Product,Sweden,EMEA,Organic Search,Inbound Marketing,CMP-018,Voice Agents Launch — AMER 2025-11,Organic Search,Organic Search,42,C,false,false,0,Nurture,2026-08-28,,,true,false,false,,2,5,U-017,,,
LEAD-12370,2025-10-11,Orbital Care,Developer,Platform Engineer,UAE,EMEA,Organic Search,Product,CMP-015,Studio for Product Teams — AMER 2025-11,Organic Search,Organic Search,73,A,true,false,54,MQL,2025-10-29,,,true,false,false,,,1,,,,
LEAD-12371,2026-04-18,Pallas Bank,Developer,Senior Backend Engineer,Singapore,APAC,Partner / Marketplace,Partner / Referral,CMP-042,Migrate off Legacy SMS — AMER 2025-04,Partner / Marketplace,Partner / Marketplace,25,D,false,false,0,Working,,,,false,false,false,,1,3,U-024,,,
LEAD-12372,2025-12-30,Beacon Gaming,Developer,Software Engineer,Sweden,EMEA,Paid Social,Inbound Marketing,CMP-008,Developer Docs Refresh — EMEA 2026-02,Paid Social,Paid Social,27,D,false,false,0,Disqualified,,,,false,false,false,Went silent,4,10,U-019,,,
LEAD-12373,2025-07-31,Harbor Group,Developer,Software Engineer,United States,AMER,Organic Search,Inbound Marketing,CMP-018,Voice Agents Launch — AMER 2025-11,Organic Search,Customer Referral,57,B,false,false,0,Nurture,2025-08-17,,,true,false,false,,5,4,U-016,,,
LEAD-12374,2025-04-02,Quanta Labs,CX / Support Leader,Director of Service Ops,Singapore,APAC,Docs & Quickstarts,Product,CMP-024,Verify Fraud Playbook — AMER 2025-05,Docs & Quickstarts,Docs & Quickstarts,100,A,true,true,68,SQL,2025-04-15,2025-05-10,,true,true,false,,,0,,U-011,,
LEAD-12375,2026-02-11,Meridian Labs,CX / Support Leader,Director of Service Ops,Netherlands,EMEA,Outbound Sequence,Outbound,CMP-041,Studio for Product Teams — AMER 2025-04,Outbound Sequence,Outbound Sequence,64,B,false,false,0,Converted,2026-03-01,2026-03-06,2026-04-02,true,true,true,,1,11,U-021,U-001,ACC-1098,OPP-20477
LEAD-12376,2026-03-27,Zephyr Logistics,Developer,Senior Backend Engineer,Singapore,APAC,Webinar,Inbound Marketing,CMP-032,Copilot API Beta — AMER 2025-12,Webinar,Webinar,47,C,false,true,0,Disqualified,,,,false,false,false,Competitor,1,10,U-023,,,
LEAD-12377,2026-09-18,Lumen Systems,CX / Support Leader,Director of Service Ops,Canada,AMER,Paid Search,Inbound Marketing,CMP-006,AI Search Visibility — AMER 2026-02,Paid Search,Paid Search,77,A,false,false,0,Converted,2026-10-03,2026-10-12,2026-10-17,true,true,true,,2,9,U-025,U-006,ACC-1075,OPP-20478
LEAD-12378,2026-06-04,North Mobility,Engineering Leader,Head of Platform,United States,AMER,Outbound Sequence,Outbound,CMP-040,AI Search Visibility — AMER 2026-05,Outbound Sequence,Customer Referral,41,C,false,false,0,New,,,,false,false,false,,1,7,U-024,,,
LEAD-12379,2025-12-14,Lattice Learning,Engineering Leader,Head of Platform,Netherlands,EMEA,Partner / Marketplace,Partner / Referral,CMP-042,Migrate off Legacy SMS — AMER 2025-04,Partner / Marketplace,Partner / Marketplace,77,A,false,false,0,New,,,,false,false,false,,1,1,U-026,,,
LEAD-12380,2026-04-22,Vantage Group,Developer,Senior Backend Engineer,Canada,AMER,Outbound Sequence,Outbound,CMP-039,Studio for Product Teams — EMEA 2026-02,Outbound Sequence,AI Assistant Referral,36,C,false,false,0,Converted,2026-05-01,2026-05-18,2026-06-20,true,true,true,,3,11,U-027,U-006,ACC-1136,OPP-20479
LEAD-12381,2026-07-18,Orbital Group,Developer,Senior Backend Engineer,Spain,EMEA,AI Assistant Referral,Product,CMP-021,Latency Benchmark — LATAM 2025-09,AI Assistant Referral,AI Assistant Referral,68,B,true,false,83,Converted,2026-07-25,2026-08-13,2026-08-27,true,true,true,,,2,,U-012,ACC-1109,OPP-20480
LEAD-12382,2025-04-07,Tundra Retail,Developer,Senior Backend Engineer,Canada,AMER,Webinar,Product,CMP-033,Developer Docs Refresh — EMEA 2026-07,Webinar,Partner / Marketplace,57,B,true,true,0,Converted,2025-04-15,2025-04-24,2025-04-30,true,true,true,,,1,,U-010,ACC-1124,OPP-20481
LEAD-12383,2026-01-22,Sable Labs,Product Manager,Director of Product,Netherlands,EMEA,Paid Search,Product,CMP-002,Studio for Product Teams — AMER 2025-08,Paid Search,Paid Search,69,B,true,false,4,Converted,2026-02-05,2026-02-09,2026-03-15,true,true,true,,,2,,U-010,ACC-1070,OPP-20482
LEAD-12384,2025-11-30,Lumen Systems,CX / Support Leader,Head of Support,UAE,EMEA,Webinar,Product,CMP-034,Copilot API Beta — EMEA 2026-03,Webinar,Webinar,89,A,true,false,76,Converted,2025-12-21,2025-12-26,2026-01-24,true,true,true,,,2,,U-004,ACC-1004,OPP-20483
LEAD-12385,2026-07-23,Beacon Cloud,Developer,Staff Engineer,India,APAC,Organic Search,Inbound Marketing,CMP-012,AI Search Visibility — AMER 2026-07,Organic Search,Organic Search,57,B,false,false,0,Disqualified,,,,false,false,false,Duplicate,3,1,U-019,,,
LEAD-12386,2025-04-16,Onyx Logistics,Procurement / Finance,Procurement Manager,Canada,AMER,Paid Search,Inbound Marketing,CMP-003,Voice Agents Launch — EMEA 2025-12,Paid Search,Paid Search,82,A,false,false,0,SQL,2025-05-02,2025-05-26,,true,true,false,,1,2,U-015,U-005,,
LEAD-12387,2026-06-14,Solstice Health,CX / Support Leader,Contact Centre Manager,Netherlands,EMEA,Developer Community,Inbound Marketing,CMP-030,Latency Benchmark — AMER 2025-08,Developer Community,Developer Community,78,A,false,false,0,Disqualified,,,,false,false,false,Competitor,3,6,U-018,,,
LEAD-12388,2026-08-30,Lumen Retail,Developer,Platform Engineer,Brazil,AMER,Developer Community,Product,CMP-029,Build a Support Agent — EMEA 2025-11,Developer Community,Developer Community,47,C,true,false,98,SQL,2026-09-08,2026-09-25,,true,true,false,,,0,,U-008,,
LEAD-12389,2026-05-26,Harbor Mobility,Developer,Platform Engineer,United States,AMER,Customer Referral,Partner / Referral,CMP-045,Compliance & HIPAA — AMER 2025-09,Customer Referral,Customer Referral,52,B,false,true,0,Converted,2026-06-08,2026-06-19,2026-06-26,true,true,true,,1,6,U-017,U-012,ACC-1113,OPP-20484
LEAD-12390,2025-12-02,Solstice Logistics,Developer,Software Engineer,Germany,EMEA,AI Assistant Referral,Inbound Marketing,CMP-020,Q3 Pipeline Push — AMER 2025-12,AI Assistant Referral,Docs & Quickstarts,53,B,false,false,0,Converted,2025-12-12,2025-12-22,2025-12-25,true,true,true,,2,3,U-019,U-009,ACC-1056,OPP-20485
LEAD-12391,2026-06-25,Solstice Insure,Developer,Staff Engineer,Canada,AMER,Organic Search,Inbound Marketing,CMP-016,Q3 Pipeline Push — AMER 2026-04,Organic Search,Organic Search,35,C,false,false,0,Working,,,,false,false,false,,4,4,U-020,,,
LEAD-12392,2025-09-04,Vantage Logistics,Developer,Platform Engineer,Colombia,LATAM,Conference,Inbound Marketing,CMP-035,Q3 Pipeline Push — EMEA 2026-05,Conference,Conference,31,C,false,false,0,Working,,,,false,false,false,,3,3,U-022,,,
LEAD-12393,2026-08-26,Wexler Bank,Developer,Software Engineer,India,APAC,Partner / Marketplace,Partner / Referral,CMP-044,Studio for Product Teams — AMER 2025-06,Partner / Marketplace,Developer Community,32,C,false,false,0,Converted,2026-09-04,2026-09-19,2026-10-04,true,true,true,,2,8,U-021,U-014,ACC-1000,OPP-20486
LEAD-12394,2026-03-01,Zephyr Labs,CX / Support Leader,Contact Centre Manager,Sweden,EMEA,Organic Search,Inbound Marketing,CMP-011,Developer Docs Refresh — LATAM 2025-04,Organic Search,Organic Search,92,A,false,false,0,Converted,2026-03-21,2026-04-14,2026-05-18,true,true,true,,4,8,U-016,U-010,ACC-1011,OPP-20487
LEAD-12395,2026-03-09,Dovetail Technologies,Developer,Senior Backend Engineer,France,EMEA,Customer Referral,Partner / Referral,CMP-046,Migrate off Legacy SMS — AMER 2026-03,Customer Referral,Customer Referral,55,B,false,false,0,Nurture,2026-03-30,,,true,false,false,,0,11,U-019,,,
LEAD-12396,2025-08-05,North Logistics,Developer,Staff Engineer,Canada,AMER,Docs & Quickstarts,Product,CMP-025,Migrate off Legacy SMS — EMEA 2025-09,Docs & Quickstarts,Outbound Sequence,81,A,true,false,69,Disqualified,,,,false,false,false,No use case,,0,,,,
LEAD-12397,2026-07-14,Meridian Pay,Engineering Leader,Director of Engineering,Canada,AMER,AI Assistant Referral,Product,CMP-021,Latency Benchmark — LATAM 2025-09,AI Assistant Referral,AI Assistant Referral,93,A,true,true,35,Disqualified,,,,false,false,false,No budget,,1,,,,
LEAD-12398,2025-06-05,Cinder Technologies,Developer,Staff Engineer,India,APAC,Outbound Sequence,Outbound,CMP-041,Studio for Product Teams — AMER 2025-04,Outbound Sequence,Outbound Sequence,16,D,false,false,0,New,,,,false,false,false,,1,5,U-027,,,
LEAD-12399,2025-11-21,Juniper Care,Procurement / Finance,Procurement Manager,Canada,AMER,Developer Community,Product,CMP-030,Latency Benchmark — AMER 2025-08,Developer Community,Paid Social,75,A,true,false,39,MQL,2025-12-02,,,true,false,false,,,2,,,,
LEAD-12400,2026-05-30,Meridian Logistics,Engineering Leader,Director of Engineering,Australia,APAC,Developer Community,Product,CMP-030,Latency Benchmark — AMER 2025-08,Developer Community,Customer Referral,59,B,true,true,35,Converted,2026-05-31,2026-06-05,2026-06-08,true,true,true,,,0,,U-014,ACC-1080,OPP-20488
LEAD-12401,2026-02-09,Wexler Mobility,Developer,Software Engineer,Australia,APAC,Conference,Inbound Marketing,CMP-035,Q3 Pipeline Push — EMEA 2026-05,Conference,Organic Search,21,D,false,false,0,MQL,2026-02-16,,,true,false,false,,2,5,U-023,,,
LEAD-12402,2026-01-08,Cinder Labs,CX / Support Leader,Contact Centre Manager,Netherlands,EMEA,Conference,Inbound Marketing,CMP-035,Q3 Pipeline Push — EMEA 2026-05,Conference,Developer Community,42,C,false,false,0,New,,,,false,false,false,,1,4,U-021,,,
LEAD-12403,2025-08-07,Cobalt Bank,Procurement / Finance,CFO,Mexico,AMER,Outbound Sequence,Outbound,CMP-037,Verify Fraud Playbook — EMEA 2025-04,Outbound Sequence,Outbound Sequence,67,B,false,false,0,Working,,,,false,false,false,,3,9,U-026,,,
LEAD-12404,2026-06-23,Umbra Gaming,Product Manager,Product Manager,Spain,EMEA,Docs & Quickstarts,Product,CMP-023,Q3 Pipeline Push — AMER 2025-06,Docs & Quickstarts,Webinar,100,A,true,true,89,Converted,2026-06-27,2026-07-02,2026-07-22,true,true,true,,,2,,U-011,ACC-1129,OPP-20489
LEAD-12405,2026-06-04,Wexler Cloud,Product Manager,Director of Product,United Kingdom,EMEA,Organic Search,Inbound Marketing,CMP-014,Compliance & HIPAA — APAC 2025-09,Organic Search,Organic Search,57,B,false,false,0,SQL,2026-06-16,2026-07-04,,true,true,false,,2,10,U-021,U-002,,
LEAD-12406,2026-08-04,Wexler Learning,Engineering Leader,CTO,Canada,AMER,Paid Social,Product,CMP-008,Developer Docs Refresh — EMEA 2026-02,Paid Social,Paid Social,55,B,true,true,61,Nurture,2026-08-19,,,true,false,false,,,0,,,,
LEAD-12407,2026-04-03,Lattice Care,Developer,Senior Backend Engineer,Canada,AMER,Docs & Quickstarts,Product,CMP-025,Migrate off Legacy SMS — EMEA 2025-09,Docs & Quickstarts,Docs & Quickstarts,59,B,true,true,20,SQL,2026-04-04,2026-04-27,,true,true,false,,,0,,U-014,,
LEAD-12408,2025-10-15,Foundry Cloud,CX / Support Leader,Head of Support,United Kingdom,EMEA,Paid Search,Product,CMP-005,Migrate off Legacy SMS — AMER 2025-12,Paid Search,Paid Search,78,A,true,true,14,MQL,2025-11-02,,,true,false,false,,,1,,,,
LEAD-12409,2026-07-08,Halcyon Digital,Engineering Leader,Head of Platform,Sweden,EMEA,Outbound Sequence,Outbound,CMP-039,Studio for Product Teams — EMEA 2026-02,Outbound Sequence,Partner / Marketplace,66,B,false,true,0,SQL,2026-07-13,2026-08-04,,true,true,false,,2,2,U-027,U-008,,
LEAD-12410,2025-06-17,Harbor Gaming,Developer,Senior Backend Engineer,Singapore,APAC,AI Assistant Referral,Inbound Marketing,CMP-021,Latency Benchmark — LATAM 2025-09,AI Assistant Referral,Docs & Quickstarts,45,C,false,false,0,MQL,2025-06-24,,,true,false,false,,1,10,U-016,,,
LEAD-12411,2025-12-27,Lattice Group,Procurement / Finance,Finance Director,Singapore,APAC,Organic Search,Product,CMP-015,Studio for Product Teams — AMER 2025-11,Organic Search,Organic Search,97,A,true,true,17,MQL,2026-01-06,,,true,false,false,,,1,,,,
LEAD-12412,2025-04-05,Vertex Logistics,Procurement / Finance,Finance Director,France,EMEA,AI Assistant Referral,Product,CMP-020,Q3 Pipeline Push — AMER 2025-12,AI Assistant Referral,AI Assistant Referral,88,A,true,true,14,Converted,2025-04-13,2025-04-19,2025-05-02,true,true,true,,,0,,U-002,ACC-1078,OPP-20490
LEAD-12413,2025-09-09,Lumen Market,Developer,Software Engineer,Canada,AMER,Customer Referral,Partner / Referral,CMP-045,Compliance & HIPAA — AMER 2025-09,Customer Referral,Customer Referral,64,B,false,false,0,MQL,2025-09-14,,,true,false,false,,3,11,U-025,,,
LEAD-12414,2026-08-03,Meridian Freight,Developer,Software Engineer,India,APAC,Developer Community,Inbound Marketing,CMP-030,Latency Benchmark — AMER 2025-08,Developer Community,Conference,42,C,false,false,0,MQL,2026-08-16,,,true,false,false,,6,6,U-018,,,
LEAD-12415,2025-05-12,North Freight,Developer,Platform Engineer,Colombia,LATAM,Docs & Quickstarts,Product,CMP-026,Studio for Product Teams — AMER 2025-08,Docs & Quickstarts,AI Assistant Referral,54,B,true,true,79,Working,,,,false,false,false,,,1,,,,
LEAD-12416,2026-02-11,Beacon Freight,Developer,Senior Backend Engineer,United States,AMER,Organic Search,Inbound Marketing,CMP-011,Developer Docs Refresh — LATAM 2025-04,Organic Search,Organic Search,59,B,false,false,0,Converted,2026-03-01,2026-03-06,2026-03-09,true,true,true,,1,3,U-016,U-013,ACC-1040,OPP-20491
LEAD-12417,2025-06-27,Zephyr Works,Developer,Staff Engineer,Singapore,APAC,Partner / Marketplace,Partner / Referral,CMP-043,Latency Benchmark — APAC 2026-01,Partner / Marketplace,Partner / Marketplace,29,D,false,false,0,Disqualified,,,,false,false,false,Went silent,5,2,U-019,,,
LEAD-12418,2025-12-03,Tundra Labs,Developer,Staff Engineer,United States,AMER,Organic Search,Product,CMP-017,Latency Benchmark — AMER 2026-05,Organic Search,Organic Search,62,B,true,false,84,MQL,2025-12-08,,,true,false,false,,,2,,,,
LEAD-12419,2026-04-06,Pallas Technologies,Engineering Leader,Director of Engineering,Mexico,AMER,Developer Community,Product,CMP-030,Latency Benchmark — AMER 2025-08,Developer Community,Developer Community,76,A,true,false,58,Working,,,,false,false,false,,,2,,,,
LEAD-12420,2025-07-27,Rivet Cloud,Product Manager,Senior PM,Mexico,AMER,Docs & Quickstarts,Product,CMP-026,Studio for Product Teams — AMER 2025-08,Docs & Quickstarts,Organic Search,67,B,true,true,57,Converted,2025-08-07,2025-08-10,2025-09-07,true,true,true,,,1,,U-012,ACC-1127,OPP-20492
LEAD-12421,2026-05-25,Wexler Gaming,Developer,Platform Engineer,France,EMEA,Paid Search,Inbound Marketing,CMP-006,AI Search Visibility — AMER 2026-02,Paid Search,Paid Search,60,B,false,false,0,Nurture,2026-06-05,,,true,false,false,,2,7,U-015,,,
LEAD-12422,2026-09-15,Harbor Technologies,Product Manager,Product Manager,Brazil,AMER,Developer Community,Product,CMP-030,Latency Benchmark — AMER 2025-08,Developer Community,AI Assistant Referral,49,C,true,true,14,Nurture,2026-09-21,,,true,false,false,,,1,,,,
LEAD-12423,2025-07-28,Foundry Gaming,Developer,Senior Backend Engineer,Singapore,APAC,Partner / Marketplace,Partner / Referral,CMP-043,Latency Benchmark — APAC 2026-01,Partner / Marketplace,Customer Referral,43,C,true,false,79,MQL,2025-08-11,,,true,false,false,,,2,,,,
LEAD-12424,2025-06-21,Zephyr Health,CX / Support Leader,Director of Service Ops,Netherlands,EMEA,Paid Search,Product,CMP-005,Migrate off Legacy SMS — AMER 2025-12,Paid Search,AI Assistant Referral,65,B,true,true,94,Converted,2025-06-25,2025-06-28,2025-07-07,true,true,true,,,0,,U-002,ACC-1050,OPP-20493
LEAD-12425,2026-04-13,Aster Group,Product Manager,Director of Product,Sweden,EMEA,Docs & Quickstarts,Product,CMP-025,Migrate off Legacy SMS — EMEA 2025-09,Docs & Quickstarts,Docs & Quickstarts,83,A,true,true,92,MQL,2026-04-21,,,true,false,false,,,0,,,,
LEAD-12426,2025-05-04,Sable Labs,Procurement / Finance,Head of Vendor Management,Canada,AMER,AI Assistant Referral,Inbound Marketing,CMP-021,Latency Benchmark — LATAM 2025-09,AI Assistant Referral,AI Assistant Referral,67,B,false,false,0,MQL,2025-05-20,,,true,false,false,,1,9,U-018,,,
LEAD-12427,2025-09-26,Umbra Health,Developer,Senior Backend Engineer,Indonesia,APAC,Partner / Marketplace,Partner / Referral,CMP-044,Studio for Product Teams — AMER 2025-06,Partner / Marketplace,Organic Search,54,B,false,false,0,Nurture,2025-10-10,,,true,false,false,,0,6,U-025,,,
LEAD-12428,2026-08-13,Halcyon Works,Developer,Platform Engineer,India,APAC,Docs & Quickstarts,Inbound Marketing,CMP-024,Verify Fraud Playbook — AMER 2025-05,Docs & Quickstarts,Docs & Quickstarts,61,B,false,false,0,Working,,,,false,false,false,,3,9,U-027,,,
LEAD-12429,2025-06-18,Onyx Insure,Developer,Senior Backend Engineer,Brazil,AMER,Outbound Sequence,Outbound,CMP-038,Migrate off Legacy SMS — AMER 2025-04,Outbound Sequence,Outbound Sequence,10,D,false,false,0,Disqualified,,,,false,false,false,Free tier is enough,0,6,U-019,,,
LEAD-12430,2025-12-15,Wexler Health,Developer,Staff Engineer,Argentina,LATAM,Organic Search,Inbound Marketing,CMP-013,Verify Fraud Playbook — LATAM 2026-01,Organic Search,Organic Search,34,C,false,false,0,Working,,,,false,false,false,,5,1,U-026,,,
LEAD-12431,2025-10-26,Sable Pay,Developer,Staff Engineer,Canada,AMER,Organic Search,Inbound Marketing,CMP-018,Voice Agents Launch — AMER 2025-11,Organic Search,Organic Search,39,C,false,false,0,Nurture,2025-10-28,,,true,false,false,,4,2,U-018,,,
LEAD-12432,2026-08-25,Tundra Insure,Developer,Senior Backend Engineer,United States,AMER,AI Assistant Referral,Product,CMP-019,Studio for Product Teams — APAC 2026-02,AI Assistant Referral,AI Assistant Referral,67,B,true,true,42,SQL,2026-09-08,2026-09-22,,true,true,false,,,0,,U-002,,
LEAD-12433,2026-01-03,Orbital Health,Product Manager,Senior PM,France,EMEA,Docs & Quickstarts,Inbound Marketing,CMP-027,Cut Your Deflection Cost — APAC 2025-05,Docs & Quickstarts,Organic Search,78,A,false,true,0,Disqualified,,,,false,false,false,Wrong geo,4,8,U-015,,,
LEAD-12434,2025-06-23,Onyx Pay,Engineering Leader,VP Engineering,Mexico,AMER,Organic Search,Inbound Marketing,CMP-011,Developer Docs Refresh — LATAM 2025-04,Organic Search,Paid Social,53,B,false,false,0,Converted,2025-07-12,2025-07-21,2025-08-04,true,true,true,,1,9,U-015,U-011,ACC-1041,OPP-20494
LEAD-12435,2026-03-04,Foundry Pay,Developer,Senior Backend Engineer,Singapore,APAC,Partner / Marketplace,Partner / Referral,CMP-044,Studio for Product Teams — AMER 2025-06,Partner / Marketplace,Conference,69,B,true,true,45,SQL,2026-03-21,2026-04-06,,true,true,false,,,2,,U-009,,
LEAD-12436,2026-05-10,Dovetail Travel,Procurement / Finance,Head of Vendor Management,Spain,EMEA,Paid Search,Product,CMP-002,Studio for Product Teams — AMER 2025-08,Paid Search,Paid Search,100,A,true,false,72,MQL,2026-05-14,,,true,false,false,,,0,,,,
LEAD-12437,2026-04-30,Sable Pay,Developer,Software Engineer,Brazil,AMER,AI Assistant Referral,Inbound Marketing,CMP-022,Q3 Pipeline Push — AMER 2025-10,AI Assistant Referral,AI Assistant Referral,47,C,false,false,0,SQL,2026-05-09,2026-05-17,,true,true,false,,4,7,U-024,U-007,,
LEAD-12438,2026-03-10,Sable Bank,Developer,Platform Engineer,Mexico,AMER,Organic Search,Product,CMP-015,Studio for Product Teams — AMER 2025-11,Organic Search,Docs & Quickstarts,53,B,true,true,9,SQL,2026-03-20,2026-03-31,,true,true,false,,,2,,U-008,,
LEAD-12439,2026-05-06,Vertex Care,Engineering Leader,VP Engineering,United States,AMER,AI Assistant Referral,Product,CMP-021,Latency Benchmark — LATAM 2025-09,AI Assistant Referral,Partner / Marketplace,81,A,true,false,82,SQL,2026-05-12,2026-05-18,,true,true,false,,,2,,U-011,,
LEAD-12440,2025-09-30,Ember Technologies,Developer,Senior Backend Engineer,India,APAC,Partner / Marketplace,Partner / Referral,CMP-043,Latency Benchmark — APAC 2026-01,Partner / Marketplace,Partner / Marketplace,69,B,true,true,25,Disqualified,,,,false,false,false,Went silent,,0,,,,
LEAD-12441,2025-11-10,North Mobility,Engineering Leader,Head of Platform,UAE,EMEA,Organic Search,Product,CMP-012,AI Search Visibility — AMER 2026-07,Organic Search,Organic Search,88,A,true,true,28,Converted,2025-11-29,2025-12-19,2025-12-29,true,true,true,,,0,,U-004,ACC-1001,OPP-20495
LEAD-12442,2026-04-07,Cinder Labs,CX / Support Leader,Head of Support,France,EMEA,Docs & Quickstarts,Product,CMP-023,Q3 Pipeline Push — AMER 2025-06,Docs & Quickstarts,Docs & Quickstarts,89,A,true,true,43,SQL,2026-04-07,2026-04-18,,true,true,false,,,1,,U-005,,
LEAD-12443,2025-07-20,Ember Cloud,Procurement / Finance,Finance Director,Canada,AMER,Outbound Sequence,Outbound,CMP-039,Studio for Product Teams — EMEA 2026-02,Outbound Sequence,Outbound Sequence,61,B,false,false,0,Nurture,2025-08-06,,,true,false,false,,3,1,U-019,,,
LEAD-12444,2026-01-28,Juniper Pay,Developer,Senior Backend Engineer,France,EMEA,Webinar,Inbound Marketing,CMP-032,Copilot API Beta — AMER 2025-12,Webinar,Webinar,48,C,false,false,0,Converted,2026-02-01,2026-02-15,2026-03-21,true,true,true,,2,7,U-018,U-006,ACC-1111,OPP-20496
LEAD-12445,2026-08-20,Cinder Systems,Product Manager,Head of Product,United States,AMER,Partner / Marketplace,Partner / Referral,CMP-044,Studio for Product Teams — AMER 2025-06,Partner / Marketplace,Conference,92,A,true,true,99,MQL,2026-08-20,,,true,false,false,,,0,,,,
LEAD-12446,2026-08-30,Tundra Logistics,Developer,Staff Engineer,Netherlands,EMEA,Organic Search,Product,CMP-011,Developer Docs Refresh — LATAM 2025-04,Organic Search,Paid Social,73,A,true,false,85,MQL,2026-09-09,,,true,false,false,,,2,,,,
LEAD-12447,2025-09-23,Pallas Cloud,Engineering Leader,Director of Engineering,Indonesia,APAC,Outbound Sequence,Outbound,CMP-039,Studio for Product Teams — EMEA 2026-02,Outbound Sequence,Outbound Sequence,10,D,false,false,0,Disqualified,,,,false,false,false,Free tier is enough,2,9,U-024,,,
LEAD-12448,2026-04-18,Foundry Mobility,Product Manager,Senior PM,Netherlands,EMEA,Paid Search,Inbound Marketing,CMP-001,Copilot API Beta — AMER 2026-02,Paid Search,Paid Search,62,B,false,false,0,Disqualified,,,,false,false,false,No budget,2,9,U-023,,,
LEAD-12449,2026-08-14,Solstice Works,Procurement / Finance,CFO,India,APAC,Outbound Sequence,Outbound,CMP-039,Studio for Product Teams — EMEA 2026-02,Outbound Sequence,Developer Community,30,C,false,false,0,Disqualified,,,,false,false,false,Competitor,2,5,U-026,,,
LEAD-12450,2025-07-25,North Cloud,Developer,Staff Engineer,Canada,AMER,Developer Community,Product,CMP-030,Latency Benchmark — AMER 2025-08,Developer Community,Developer Community,54,B,true,true,19,MQL,2025-07-30,,,true,false,false,,,0,,,,
LEAD-12451,2025-08-11,Ember Retail,Product Manager,Director of Product,Brazil,AMER,Paid Search,Inbound Marketing,CMP-002,Studio for Product Teams — AMER 2025-08,Paid Search,Paid Search,43,C,false,false,0,SQL,2025-08-15,2025-08-25,,true,true,false,,0,11,U-026,U-004,,
LEAD-12452,2025-12-21,Aster Digital,Developer,Staff Engineer,Japan,APAC,Organic Search,Product,CMP-012,AI Search Visibility — AMER 2026-07,Organic Search,Developer Community,70,A,true,false,81,Nurture,2026-01-07,,,true,false,false,,,2,,,,
LEAD-12453,2025-12-21,Cinder Labs,Engineering Leader,Head of Platform,India,APAC,Paid Search,Inbound Marketing,CMP-006,AI Search Visibility — AMER 2026-02,Paid Search,Paid Search,61,B,false,false,0,MQL,2026-01-03,,,true,false,false,,1,5,U-026,,,
LEAD-12454,2025-09-01,Meridian Retail,CX / Support Leader,Director of Service Ops,Brazil,AMER,Partner / Marketplace,Partner / Referral,CMP-044,Studio for Product Teams — AMER 2025-06,Partner / Marketplace,Organic Search,75,A,false,false,0,MQL,2025-09-22,,,true,false,false,,3,4,U-019,,,
LEAD-12455,2025-10-13,Lumen Systems,Developer,Staff Engineer,Sweden,EMEA,Partner / Marketplace,Partner / Referral,CMP-043,Latency Benchmark — APAC 2026-01,Partner / Marketplace,Partner / Marketplace,55,B,true,true,67,SQL,2025-10-25,2025-11-17,,true,true,false,,,0,,U-009,,
LEAD-12456,2026-08-10,Quanta Freight,Product Manager,Product Manager,Indonesia,APAC,Paid Search,Inbound Marketing,CMP-003,Voice Agents Launch — EMEA 2025-12,Paid Search,Paid Search,52,B,false,false,0,Nurture,2026-08-17,,,true,false,false,,0,10,U-020,,,
LEAD-12457,2025-05-16,Juniper Retail,Developer,Software Engineer,Mexico,AMER,Paid Social,Inbound Marketing,CMP-007,Developer Docs Refresh — EMEA 2025-05,Paid Social,Paid Social,5,D,false,false,0,Disqualified,,,,false,false,false,Went silent,4,11,U-025,,,
LEAD-12458,2025-05-15,Quanta Retail,Engineering Leader,VP Engineering,Mexico,AMER,AI Assistant Referral,Product,CMP-019,Studio for Product Teams — APAC 2026-02,AI Assistant Referral,Paid Search,96,A,true,false,39,New,,,,false,false,false,,,2,,,,
LEAD-12459,2026-07-20,Onyx Market,CX / Support Leader,Head of Support,United Kingdom,EMEA,AI Assistant Referral,Inbound Marketing,CMP-021,Latency Benchmark — LATAM 2025-09,AI Assistant Referral,AI Assistant Referral,71,A,false,false,0,Converted,2026-08-10,2026-08-28,2026-09-25,true,true,true,,2,8,U-020,U-003,ACC-1029,OPP-20497
LEAD-12460,2025-05-21,Solstice Health,Developer,Software Engineer,United States,AMER,AI Assistant Referral,Product,CMP-020,Q3 Pipeline Push — AMER 2025-12,AI Assistant Referral,AI Assistant Referral,51,B,true,true,58,Converted,2025-05-24,2025-05-31,2025-06-20,true,true,true,,,2,,U-005,ACC-1072,OPP-20498
LEAD-12461,2026-05-31,Zephyr Market,Developer,Software Engineer,Indonesia,APAC,Organic Search,Product,CMP-017,Latency Benchmark — AMER 2026-05,Organic Search,Organic Search,64,B,true,true,71,SQL,2026-06-11,2026-06-17,,true,true,false,,,1,,U-009,,
LEAD-12462,2026-06-08,Meridian Health,Developer,Senior Backend Engineer,Sweden,EMEA,Webinar,Inbound Marketing,CMP-032,Copilot API Beta — AMER 2025-12,Webinar,Webinar,56,B,false,false,0,SQL,2026-06-28,2026-07-17,,true,true,false,,2,5,U-025,U-011,,
LEAD-12463,2026-08-15,Orbital Retail,CX / Support Leader,Director of Service Ops,Chile,LATAM,Organic Search,Inbound Marketing,CMP-012,AI Search Visibility — AMER 2026-07,Organic Search,Organic Search,64,B,false,false,0,Disqualified,,,,false,false,false,Wrong geo,1,3,U-025,,,
LEAD-12464,2026-02-16,Umbra Group,Engineering Leader,Head of Platform,Mexico,AMER,Docs & Quickstarts,Inbound Marketing,CMP-025,Migrate off Legacy SMS — EMEA 2025-09,Docs & Quickstarts,Conference,54,B,false,false,0,SQL,2026-02-21,2026-02-28,,true,true,false,,4,4,U-021,U-013,,
LEAD-12465,2026-05-23,Halcyon Health,Developer,Software Engineer,Canada,AMER,Outbound Sequence,Outbound,CMP-039,Studio for Product Teams — EMEA 2026-02,Outbound Sequence,Outbound Sequence,25,D,false,false,0,Disqualified,,,,false,false,false,Wrong geo,1,10,U-017,,,
LEAD-12466,2025-06-27,Ember Systems,Developer,Platform Engineer,United States,AMER,Developer Community,Product,CMP-030,Latency Benchmark — AMER 2025-08,Developer Community,Developer Community,55,B,true,true,14,MQL,2025-07-02,,,true,false,false,,,1,,,,
LEAD-12467,2026-04-29,Vertex Labs,Engineering Leader,Head of Platform,Canada,AMER,Docs & Quickstarts,Product,CMP-024,Verify Fraud Playbook — AMER 2025-05,Docs & Quickstarts,Outbound Sequence,59,B,true,true,87,Working,,,,false,false,false,,,1,,,,
LEAD-12468,2026-03-27,Sable Care,Developer,Staff Engineer,Spain,EMEA,Docs & Quickstarts,Product,CMP-025,Migrate off Legacy SMS — EMEA 2025-09,Docs & Quickstarts,Conference,45,C,true,true,45,Working,,,,false,false,false,,,0,,,,
LEAD-12469,2026-07-08,Ember Logistics,Product Manager,Director of Product,India,APAC,Conference,Inbound Marketing,CMP-036,Compliance & HIPAA — AMER 2026-04,Conference,Conference,37,C,false,false,0,New,,,,false,false,false,,2,9,U-022,,,
LEAD-12470,2026-05-03,Rivet Care,Engineering Leader,CTO,Singapore,APAC,Paid Search,Inbound Marketing,CMP-003,Voice Agents Launch — EMEA 2025-12,Paid Search,Webinar,72,A,false,false,0,SQL,2026-05-17,2026-06-11,,true,true,false,,4,3,U-026,U-001,,
LEAD-12471,2026-06-27,Foundry Works,Procurement / Finance,Finance Director,Japan,APAC,Customer Referral,Partner / Referral,CMP-045,Compliance & HIPAA — AMER 2025-09,Customer Referral,Paid Search,93,A,true,true,47,Converted,2026-07-10,2026-07-25,2026-07-30,true,true,true,,,1,,U-008,ACC-1018,OPP-20499
LEAD-12472,2026-04-29,Tundra Gaming,Developer,Senior Backend Engineer,United States,AMER,Organic Search,Product,CMP-014,Compliance & HIPAA — APAC 2025-09,Organic Search,Webinar,61,B,true,false,55,MQL,2026-05-03,,,true,false,false,,,0,,,,
LEAD-12473,2026-07-13,Dovetail Pay,Developer,Platform Engineer,Japan,APAC,Organic Search,Product,CMP-016,Q3 Pipeline Push — AMER 2026-04,Organic Search,Organic Search,47,C,true,false,62,Disqualified,,,,false,false,false,Duplicate,,0,,,,
LEAD-12474,2026-07-21,Juniper Travel,Developer,Software Engineer,India,APAC,Organic Search,Product,CMP-013,Verify Fraud Playbook — LATAM 2026-01,Organic Search,Customer Referral,75,A,true,true,1,MQL,2026-07-23,,,true,false,false,,,2,,,,
LEAD-12475,2025-10-16,Quanta Logistics,Product Manager,Senior PM,Brazil,AMER,Paid Search,Inbound Marketing,CMP-001,Copilot API Beta — AMER 2026-02,Paid Search,Paid Search,76,A,false,true,0,Disqualified,,,,false,false,false,No use case,3,2,U-022,,,
LEAD-12476,2025-06-28,Vertex Gaming,Developer,Senior Backend Engineer,Sweden,EMEA,Conference,Inbound Marketing,CMP-036,Compliance & HIPAA — AMER 2026-04,Conference,Customer Referral,48,C,false,false,0,Disqualified,,,,false,false,false,Duplicate,2,7,U-022,,,
LEAD-12477,2026-05-29,Foundry Labs,Engineering Leader,VP Engineering,United States,AMER,Docs & Quickstarts,Product,CMP-023,Q3 Pipeline Push — AMER 2025-06,Docs & Quickstarts,Paid Search,64,B,true,true,24,New,,,,false,false,false,,,2,,,,
LEAD-12478,2026-06-09,Lumen Logistics,Developer,Platform Engineer,Japan,APAC,Customer Referral,Partner / Referral,CMP-045,Compliance & HIPAA — AMER 2025-09,Customer Referral,Webinar,50,B,false,false,0,Nurture,2026-06-09,,,true,false,false,,2,1,U-020,,,
LEAD-12479,2026-02-20,Solstice Freight,Developer,Staff Engineer,India,APAC,Conference,Product,CMP-036,Compliance & HIPAA — AMER 2026-04,Conference,Conference,67,B,true,false,5,MQL,2026-03-07,,,true,false,false,,,1,,,,
LEAD-12480,2025-09-24,Juniper Labs,Engineering Leader,Director of Engineering,Spain,EMEA,Outbound Sequence,Outbound,CMP-040,AI Search Visibility — AMER 2026-05,Outbound Sequence,Webinar,43,C,false,false,0,Disqualified,,,,false,false,false,Wrong geo,1,7,U-018,,,
LEAD-12481,2026-06-30,Tundra Systems,Product Manager,Director of Product,Mexico,AMER,AI Assistant Referral,Product,CMP-022,Q3 Pipeline Push — AMER 2025-10,AI Assistant Referral,Organic Search,86,A,true,true,79,SQL,2026-07-15,2026-07-27,,true,true,false,,,1,,U-005,,
LEAD-12482,2026-08-02,Cinder Care,Developer,Senior Backend Engineer,Spain,EMEA,Partner / Marketplace,Partner / Referral,CMP-042,Migrate off Legacy SMS — AMER 2025-04,Partner / Marketplace,Partner / Marketplace,49,C,false,false,0,SQL,2026-08-03,2026-08-17,,true,true,false,,0,9,U-022,U-003,,
LEAD-12483,2025-10-18,Lumen Group,Developer,Senior Backend Engineer,United States,AMER,Webinar,Product,CMP-032,Copilot API Beta — AMER 2025-12,Webinar,Docs & Quickstarts,88,A,true,true,31,MQL,2025-11-06,,,true,false,false,,,2,,,,
LEAD-12484,2025-04-13,Vantage Bank,Engineering Leader,VP Engineering,Netherlands,EMEA,Customer Referral,Partner / Referral,CMP-046,Migrate off Legacy SMS — AMER 2026-03,Customer Referral,Webinar,65,B,false,false,0,MQL,2025-04-15,,,true,false,false,,3,10,U-023,,,
LEAD-12485,2026-02-25,Quanta Insure,Engineering Leader,CTO,Singapore,APAC,AI Assistant Referral,Inbound Marketing,CMP-020,Q3 Pipeline Push — AMER 2025-12,AI Assistant Referral,AI Assistant Referral,74,A,false,false,0,MQL,2026-02-27,,,true,false,false,,1,4,U-025,,,
LEAD-12486,2026-02-28,Ember Care,Developer,Staff Engineer,United States,AMER,AI Assistant Referral,Product,CMP-021,Latency Benchmark — LATAM 2025-09,AI Assistant Referral,AI Assistant Referral,67,B,true,false,37,Nurture,2026-03-15,,,true,false,false,,,1,,,,
LEAD-12487,2025-09-14,North Group,Developer,Staff Engineer,Spain,EMEA,AI Assistant Referral,Product,CMP-020,Q3 Pipeline Push — AMER 2025-12,AI Assistant Referral,AI Assistant Referral,74,A,true,false,40,Converted,2025-09-17,2025-09-25,2025-10-16,true,true,true,,,2,,U-001,ACC-1029,OPP-20500
LEAD-12488,2025-11-24,Kestrel Bank,Engineering Leader,Head of Platform,Mexico,AMER,Organic Search,Inbound Marketing,CMP-014,Compliance & HIPAA — APAC 2025-09,Organic Search,AI Assistant Referral,73,A,false,false,0,SQL,2025-12-06,2025-12-26,,true,true,false,,2,6,U-020,U-008,,
LEAD-12489,2026-03-02,Cinder Learning,CX / Support Leader,Head of Support,Germany,EMEA,Paid Search,Inbound Marketing,CMP-003,Voice Agents Launch — EMEA 2025-12,Paid Search,Organic Search,82,A,false,false,0,Nurture,2026-03-12,,,true,false,false,,2,5,U-015,,,
LEAD-12490,2026-08-31,Lattice Gaming,Developer,Staff Engineer,Spain,EMEA,AI Assistant Referral,Inbound Marketing,CMP-020,Q3 Pipeline Push — AMER 2025-12,AI Assistant Referral,AI Assistant Referral,59,B,false,false,0,Converted,2026-09-16,2026-09-18,2026-10-11,true,true,true,,3,8,U-021,U-008,ACC-1034,OPP-20501
LEAD-12491,2026-01-14,Rivet Pay,Developer,Staff Engineer,Indonesia,APAC,Developer Community,Product,CMP-029,Build a Support Agent — EMEA 2025-11,Developer Community,Conference,21,D,true,true,5,Disqualified,,,,false,false,false,No use case,,0,,,,
LEAD-12492,2026-07-05,Onyx Insure,Procurement / Finance,CFO,Japan,APAC,Organic Search,Inbound Marketing,CMP-014,Compliance & HIPAA — APAC 2025-09,Organic Search,Organic Search,86,A,false,false,0,Working,,,,false,false,false,,4,1,U-016,,,
LEAD-12493,2025-07-07,Zephyr Systems,Procurement / Finance,Finance Director,Canada,AMER,Organic Search,Inbound Marketing,CMP-016,Q3 Pipeline Push — AMER 2026-04,Organic Search,Organic Search,98,A,false,false,0,SQL,2025-07-27,2025-08-11,,true,true,false,,2,8,U-023,U-006,,
LEAD-12494,2025-09-03,North Mobility,Engineering Leader,Director of Engineering,UAE,EMEA,Organic Search,Product,CMP-012,AI Search Visibility — AMER 2026-07,Organic Search,Organic Search,89,A,true,true,85,SQL,2025-09-12,2025-09-28,,true,true,false,,,2,,U-008,,
LEAD-12495,2025-07-28,Lattice Bank,CX / Support Leader,VP Customer Experience,Germany,EMEA,Paid Search,Inbound Marketing,CMP-005,Migrate off Legacy SMS — AMER 2025-12,Paid Search,Paid Search,99,A,false,false,0,SQL,2025-08-07,2025-08-14,,true,true,false,,2,4,U-016,U-014,,
LEAD-12496,2025-12-19,Sable Labs,Developer,Software Engineer,United States,AMER,Docs & Quickstarts,Product,CMP-023,Q3 Pipeline Push — AMER 2025-06,Docs & Quickstarts,Docs & Quickstarts,65,B,true,true,26,SQL,2025-12-26,2026-01-09,,true,true,false,,,1,,U-011,,
LEAD-12497,2025-12-21,Aster Digital,Developer,Platform Engineer,United Kingdom,EMEA,Paid Search,Inbound Marketing,CMP-002,Studio for Product Teams — AMER 2025-08,Paid Search,Paid Search,33,C,false,false,0,Working,,,,false,false,false,,2,4,U-015,,,
LEAD-12498,2026-02-08,Aster Labs,Engineering Leader,VP Engineering,Brazil,AMER,Paid Social,Inbound Marketing,CMP-009,Copilot API Beta — AMER 2026-01,Paid Social,Paid Social,70,A,false,false,0,Disqualified,,,,false,false,false,Wrong geo,0,11,U-015,,,
LEAD-12499,2025-09-11,Foundry Market,Developer,Platform Engineer,United States,AMER,Developer Community,Product,CMP-031,Developer Docs Refresh — EMEA 2026-07,Developer Community,Paid Search,53,B,true,true,13,SQL,2025-10-02,2025-10-10,,true,true,false,,,2,,U-003,,
LEAD-12500,2025-08-25,Harbor Insure,Engineering Leader,Director of Engineering,Mexico,AMER,Partner / Marketplace,Partner / Referral,CMP-043,Latency Benchmark — APAC 2026-01,Partner / Marketplace,Partner / Marketplace,66,B,false,false,0,MQL,2025-09-02,,,true,false,false,,2,1,U-026,,,
LEAD-12501,2025-09-14,Foundry Freight,Developer,Staff Engineer,Brazil,AMER,Organic Search,Inbound Marketing,CMP-016,Q3 Pipeline Push — AMER 2026-04,Organic Search,Organic Search,71,A,false,false,0,Converted,2025-09-20,2025-10-10,2025-10-18,true,true,true,,3,1,U-020,U-002,ACC-1117,OPP-20502
LEAD-12502,2025-11-30,Sable Market,Developer,Senior Backend Engineer,Singapore,APAC,Paid Search,Inbound Marketing,CMP-002,Studio for Product Teams — AMER 2025-08,Paid Search,Paid Search,58,B,false,false,0,Converted,2025-12-05,2025-12-19,2025-12-22,true,true,true,,1,5,U-023,U-014,ACC-1115,OPP-20503
LEAD-12503,2025-10-12,Pallas Market,Developer,Staff Engineer,United States,AMER,Organic Search,Product,CMP-018,Voice Agents Launch — AMER 2025-11,Organic Search,Organic Search,56,B,true,false,38,New,,,,false,false,false,,,2,,,,
LEAD-12504,2025-05-04,Lattice Mobility,Engineering Leader,CTO,Canada,AMER,Outbound Sequence,Outbound,CMP-039,Studio for Product Teams — EMEA 2026-02,Outbound Sequence,Outbound Sequence,45,C,true,false,68,New,,,,false,false,false,,0,4,U-020,,,
LEAD-12505,2025-04-01,Lattice Care,CX / Support Leader,VP Customer Experience,Chile,LATAM,Paid Social,Inbound Marketing,CMP-008,Developer Docs Refresh — EMEA 2026-02,Paid Social,Paid Social,35,C,false,false,0,MQL,2025-04-13,,,true,false,false,,3,10,U-026,,,
LEAD-12506,2026-03-27,Tundra Learning,Engineering Leader,Director of Engineering,United Kingdom,EMEA,Docs & Quickstarts,Product,CMP-023,Q3 Pipeline Push — AMER 2025-06,Docs & Quickstarts,Docs & Quickstarts,97,A,true,true,34,SQL,2026-04-04,2026-04-11,,true,true,false,,,2,,U-008,,
LEAD-12507,2026-02-09,Zephyr Bank,Developer,Platform Engineer,Canada,AMER,Outbound Sequence,Outbound,CMP-039,Studio for Product Teams — EMEA 2026-02,Outbound Sequence,Customer Referral,20,D,false,false,0,New,,,,false,false,false,,1,4,U-025,,,
LEAD-12508,2026-09-01,Halcyon Mobility,Product Manager,Product Manager,Brazil,AMER,Docs & Quickstarts,Inbound Marketing,CMP-027,Cut Your Deflection Cost — APAC 2025-05,Docs & Quickstarts,Docs & Quickstarts,67,B,false,false,0,Nurture,2026-09-21,,,true,false,false,,2,4,U-027,,,
LEAD-12509,2026-08-06,Halcyon Systems,Developer,Senior Backend Engineer,Mexico,AMER,AI Assistant Referral,Inbound Marketing,CMP-020,Q3 Pipeline Push — AMER 2025-12,AI Assistant Referral,AI Assistant Referral,58,B,false,false,0,New,,,,false,false,false,,4,5,U-021,,,
LEAD-12510,2026-09-14,Vertex Pay,Developer,Staff Engineer,United Kingdom,EMEA,Docs & Quickstarts,Product,CMP-026,Studio for Product Teams — AMER 2025-08,Docs & Quickstarts,Docs & Quickstarts,81,A,true,false,90,Disqualified,,,,false,false,false,Wrong geo,,1,,,,
LEAD-12511,2025-10-27,Solstice Insure,Product Manager,Product Manager,France,EMEA,Paid Search,Inbound Marketing,CMP-001,Copilot API Beta — AMER 2026-02,Paid Search,Paid Search,38,C,false,true,0,Disqualified,,,,false,false,false,Student / hobby project,2,4,U-020,,,
LEAD-12512,2025-04-09,Kestrel Care,Procurement / Finance,Finance Director,Indonesia,APAC,Paid Search,Product,CMP-006,AI Search Visibility — AMER 2026-02,Paid Search,Paid Search,90,A,true,false,21,Working,,,,false,false,false,,,1,,,,
LEAD-12513,2026-06-14,Lattice Freight,Engineering Leader,VP Engineering,UAE,EMEA,Paid Search,Product,CMP-003,Voice Agents Launch — EMEA 2025-12,Paid Search,AI Assistant Referral,93,A,true,true,0,MQL,2026-06-20,,,true,false,false,,,1,,,,
LEAD-12514,2025-10-24,Dovetail Bank,Developer,Staff Engineer,France,EMEA,Paid Search,Inbound Marketing,CMP-001,Copilot API Beta — AMER 2026-02,Paid Search,Paid Search,49,C,false,false,0,Converted,2025-11-12,2025-11-19,2025-11-21,true,true,true,,2,6,U-023,U-012,ACC-1089,OPP-20504
LEAD-12515,2026-09-09,Kestrel Health,Product Manager,Product Manager,Australia,APAC,Developer Community,Inbound Marketing,CMP-030,Latency Benchmark — AMER 2025-08,Developer Community,Developer Community,62,B,false,false,0,Working,,,,false,false,false,,4,2,U-019,,,
LEAD-12516,2026-06-10,Pallas Systems,Developer,Platform Engineer,United States,AMER,Docs & Quickstarts,Product,CMP-027,Cut Your Deflection Cost — APAC 2025-05,Docs & Quickstarts,Docs & Quickstarts,77,A,true,true,48,SQL,2026-06-13,2026-07-06,,true,true,false,,,0,,U-012,,
LEAD-12517,2025-05-13,Solstice Travel,CX / Support Leader,Head of Support,United States,AMER,Paid Social,Inbound Marketing,CMP-008,Developer Docs Refresh — EMEA 2026-02,Paid Social,Paid Social,27,D,false,false,0,Disqualified,,,,false,false,false,Student / hobby project,2,7,U-022,,,
LEAD-12518,2026-02-13,Ember Digital,Developer,Software Engineer,Canada,AMER,Outbound Sequence,Outbound,CMP-040,AI Search Visibility — AMER 2026-05,Outbound Sequence,Outbound Sequence,44,C,false,false,0,SQL,2026-02-13,2026-03-01,,true,true,false,,1,1,U-024,U-005,,
LEAD-12519,2025-06-01,Aster Digital,Engineering Leader,VP Engineering,Chile,LATAM,Paid Search,Inbound Marketing,CMP-005,Migrate off Legacy SMS — AMER 2025-12,Paid Search,Paid Search,88,A,false,false,0,Disqualified,,,,false,false,false,Free tier is enough,2,6,U-027,,,
LEAD-12520,2025-12-25,Dovetail Digital,Developer,Platform Engineer,Netherlands,EMEA,Organic Search,Inbound Marketing,CMP-017,Latency Benchmark — AMER 2026-05,Organic Search,Organic Search,60,B,false,false,0,New,,,,false,false,false,,0,7,U-022,,,
LEAD-12521,2025-11-17,Lumen Systems,Procurement / Finance,Head of Vendor Management,United States,AMER,Docs & Quickstarts,Product,CMP-027,Cut Your Deflection Cost — APAC 2025-05,Docs & Quickstarts,Customer Referral,100,A,true,false,13,New,,,,false,false,false,,,0,,,,
LEAD-12522,2025-05-18,Tundra Works,Engineering Leader,Head of Platform,Netherlands,EMEA,Conference,Inbound Marketing,CMP-036,Compliance & HIPAA — AMER 2026-04,Conference,Conference,82,A,false,false,0,MQL,2025-05-27,,,true,false,false,,3,10,U-025,,,
LEAD-12523,2025-11-10,Beacon Digital,Engineering Leader,VP Engineering,Japan,APAC,Paid Search,Inbound Marketing,CMP-005,Migrate off Legacy SMS — AMER 2025-12,Paid Search,Paid Search,64,B,false,false,0,Disqualified,,,,false,false,false,No budget,5,10,U-015,,,
LEAD-12524,2026-07-10,Kestrel Gaming,Procurement / Finance,CFO,Indonesia,APAC,Organic Search,Product,CMP-011,Developer Docs Refresh — LATAM 2025-04,Organic Search,Organic Search,86,A,true,true,16,Working,,,,false,false,false,,,2,,,,
LEAD-12525,2025-08-07,Rivet Pay,Developer,Senior Backend Engineer,Canada,AMER,AI Assistant Referral,Inbound Marketing,CMP-022,Q3 Pipeline Push — AMER 2025-10,AI Assistant Referral,AI Assistant Referral,39,C,false,false,0,Disqualified,,,,false,false,false,Wrong geo,1,7,U-022,,,
LEAD-12526,2026-02-12,Wexler Pay,Developer,Staff Engineer,Chile,LATAM,Outbound Sequence,Outbound,CMP-037,Verify Fraud Playbook — EMEA 2025-04,Outbound Sequence,Outbound Sequence,44,C,true,false,16,SQL,2026-03-02,2026-03-21,,true,true,false,,0,11,U-023,U-012,,
LEAD-12527,2025-10-04,Meridian Works,Engineering Leader,CTO,United Kingdom,EMEA,Paid Search,Inbound Marketing,CMP-003,Voice Agents Launch — EMEA 2025-12,Paid Search,Paid Search,76,A,false,false,0,MQL,2025-10-15,,,true,false,false,,1,7,U-017,,,
LEAD-12528,2026-02-12,Rivet Learning,Product Manager,Senior PM,Mexico,AMER,Organic Search,Product,CMP-015,Studio for Product Teams — AMER 2025-11,Organic Search,Webinar,84,A,true,true,91,New,,,,false,false,false,,,1,,,,
LEAD-12529,2025-10-27,Umbra Group,Procurement / Finance,Procurement Manager,Mexico,AMER,Docs & Quickstarts,Product,CMP-024,Verify Fraud Playbook — AMER 2025-05,Docs & Quickstarts,Docs & Quickstarts,92,A,true,true,22,Disqualified,,,,false,false,false,Free tier is enough,,1,,,,
LEAD-12530,2026-04-06,Onyx Group,CX / Support Leader,VP Customer Experience,Mexico,AMER,AI Assistant Referral,Product,CMP-020,Q3 Pipeline Push — AMER 2025-12,AI Assistant Referral,Outbound Sequence,77,A,true,true,13,SQL,2026-04-06,2026-04-12,,true,true,false,,,1,,U-005,,
LEAD-12531,2026-06-25,Halcyon Group,Engineering Leader,VP Engineering,United States,AMER,Developer Community,Product,CMP-031,Developer Docs Refresh — EMEA 2026-07,Developer Community,Developer Community,73,A,true,true,82,Converted,2026-07-06,2026-07-29,2026-08-25,true,true,true,,,2,,U-001,ACC-1004,OPP-20505
LEAD-12532,2026-04-22,Meridian Bank,Developer,Staff Engineer,Canada,AMER,Outbound Sequence,Outbound,CMP-039,Studio for Product Teams — EMEA 2026-02,Outbound Sequence,Outbound Sequence,26,D,false,false,0,Working,,,,false,false,false,,5,4,U-024,,,
LEAD-12533,2025-09-10,Onyx Insure,Engineering Leader,CTO,Brazil,AMER,Docs & Quickstarts,Product,CMP-024,Verify Fraud Playbook — AMER 2025-05,Docs & Quickstarts,Customer Referral,100,A,true,true,49,Converted,2025-09-24,2025-10-13,2025-11-01,true,true,true,,,1,,U-004,ACC-1123,OPP-20506
LEAD-12534,2025-06-26,North Health,Developer,Software Engineer,Germany,EMEA,Docs & Quickstarts,Product,CMP-023,Q3 Pipeline Push — AMER 2025-06,Docs & Quickstarts,Docs & Quickstarts,58,B,true,false,32,Converted,2025-07-01,2025-07-05,2025-07-22,true,true,true,,,2,,U-001,ACC-1059,OPP-20507
LEAD-12535,2025-11-01,Vantage Travel,Product Manager,Head of Product,Brazil,AMER,Customer Referral,Partner / Referral,CMP-045,Compliance & HIPAA — AMER 2025-09,Customer Referral,Customer Referral,59,B,true,true,47,SQL,2025-11-02,2025-11-22,,true,true,false,,,1,,U-001,,
LEAD-12536,2025-09-02,Cinder Retail,CX / Support Leader,Contact Centre Manager,Argentina,LATAM,Outbound Sequence,Outbound,CMP-040,AI Search Visibility — AMER 2026-05,Outbound Sequence,Paid Social,19,D,false,false,0,Disqualified,,,,false,false,false,Student / hobby project,2,1,U-019,,,
LEAD-12537,2025-07-16,Foundry Works,Developer,Senior Backend Engineer,Canada,AMER,Outbound Sequence,Outbound,CMP-040,AI Search Visibility — AMER 2026-05,Outbound Sequence,Organic Search,39,C,false,true,0,New,,,,false,false,false,,3,4,U-027,,,
LEAD-12538,2026-04-05,Lattice Bank,Developer,Software Engineer,Canada,AMER,Outbound Sequence,Outbound,CMP-037,Verify Fraud Playbook — EMEA 2025-04,Outbound Sequence,Outbound Sequence,39,C,true,true,78,New,,,,false,false,false,,3,8,U-015,,,
LEAD-12539,2026-01-15,Orbital Freight,CX / Support Leader,Director of Service Ops,India,APAC,AI Assistant Referral,Product,CMP-020,Q3 Pipeline Push — AMER 2025-12,AI Assistant Referral,AI Assistant Referral,87,A,true,false,40,SQL,2026-01-27,2026-02-02,,true,true,false,,,0,,U-007,,
LEAD-12540,2025-07-31,Foundry Travel,Developer,Software Engineer,Mexico,AMER,Paid Search,Inbound Marketing,CMP-003,Voice Agents Launch — EMEA 2025-12,Paid Search,Docs & Quickstarts,50,B,false,false,0,Converted,2025-08-12,2025-09-03,2025-09-11,true,true,true,,1,8,U-021,U-007,ACC-1079,OPP-20508
LEAD-12541,2026-05-13,Aster Technologies,Product Manager,Senior PM,Canada,AMER,Outbound Sequence,Outbound,CMP-038,Migrate off Legacy SMS — AMER 2025-04,Outbound Sequence,Outbound Sequence,45,C,false,false,0,Disqualified,,,,false,false,false,Wrong geo,3,6,U-020,,,
LEAD-12542,2026-05-04,Vantage Learning,Developer,Software Engineer,Canada,AMER,Docs & Quickstarts,Product,CMP-027,Cut Your Deflection Cost — APAC 2025-05,Docs & Quickstarts,Docs & Quickstarts,84,A,true,false,7,MQL,2026-05-06,,,true,false,false,,,1,,,,
LEAD-12543,2026-06-15,Vertex Travel,Product Manager,Head of Product,UAE,EMEA,Customer Referral,Partner / Referral,CMP-046,Migrate off Legacy SMS — AMER 2026-03,Customer Referral,Paid Social,64,B,false,false,0,SQL,2026-06-24,2026-07-14,,true,true,false,,0,8,U-027,U-008,,
LEAD-12544,2025-10-21,Cobalt Labs,Product Manager,Product Manager,Brazil,AMER,Outbound Sequence,Outbound,CMP-039,Studio for Product Teams — EMEA 2026-02,Outbound Sequence,Conference,20,D,false,false,0,Disqualified,,,,false,false,false,Student / hobby project,0,5,U-023,,,
LEAD-12545,2025-09-22,Vertex Health,Engineering Leader,CTO,Indonesia,APAC,AI Assistant Referral,Product,CMP-022,Q3 Pipeline Push — AMER 2025-10,AI Assistant Referral,AI Assistant Referral,84,A,true,false,48,SQL,2025-10-06,2025-10-12,,true,true,false,,,0,,U-014,,
LEAD-12546,2026-07-08,Harbor Pay,CX / Support Leader,Contact Centre Manager,Germany,EMEA,Webinar,Inbound Marketing,CMP-033,Developer Docs Refresh — EMEA 2026-07,Webinar,Webinar,76,A,false,false,0,MQL,2026-07-10,,,true,false,false,,1,1,U-024,,,
LEAD-12547,2026-01-01,Quanta Logistics,CX / Support Leader,Contact Centre Manager,Colombia,LATAM,Docs & Quickstarts,Inbound Marketing,CMP-028,Migrate off Legacy SMS — AMER 2025-11,Docs & Quickstarts,Docs & Quickstarts,81,A,false,false,0,New,,,,false,false,false,,1,5,U-027,,,
LEAD-12548,2026-07-03,Ember Gaming,Procurement / Finance,Finance Director,United States,AMER,Webinar,Inbound Marketing,CMP-034,Copilot API Beta — EMEA 2026-03,Webinar,AI Assistant Referral,38,C,false,false,0,Disqualified,,,,false,false,false,Student / hobby project,2,10,U-025,,,
LEAD-12549,2026-05-23,Pallas Cloud,Engineering Leader,VP Engineering,Canada,AMER,Docs & Quickstarts,Product,CMP-027,Cut Your Deflection Cost — APAC 2025-05,Docs & Quickstarts,Webinar,91,A,true,true,57,Disqualified,,,,false,false,false,Student / hobby project,,2,,,,
LEAD-12550,2026-02-19,Beacon Digital,CX / Support Leader,Director of Service Ops,Singapore,APAC,Paid Search,Product,CMP-005,Migrate off Legacy SMS — AMER 2025-12,Paid Search,Paid Search,86,A,true,false,1,Disqualified,,,,false,false,false,No budget,,2,,,,
LEAD-12551,2026-03-20,Lattice Systems,Engineering Leader,CTO,Mexico,AMER,Outbound Sequence,Outbound,CMP-038,Migrate off Legacy SMS — AMER 2025-04,Outbound Sequence,Developer Community,69,B,false,false,0,SQL,2026-03-20,2026-03-21,,true,true,false,,3,5,U-019,U-003,,
LEAD-12552,2025-07-07,Meridian Pay,Product Manager,Director of Product,United States,AMER,AI Assistant Referral,Inbound Marketing,CMP-021,Latency Benchmark — LATAM 2025-09,AI Assistant Referral,AI Assistant Referral,63,B,false,false,0,Working,,,,false,false,false,,3,11,U-016,,,
LEAD-12553,2025-11-12,Rivet Market,Product Manager,Product Manager,France,EMEA,Outbound Sequence,Outbound,CMP-039,Studio for Product Teams — EMEA 2026-02,Outbound Sequence,Paid Search,58,B,false,false,0,MQL,2025-12-03,,,true,false,false,,2,4,U-016,,,
LEAD-12554,2026-03-29,Solstice Pay,Product Manager,Product Manager,Mexico,AMER,Paid Social,Inbound Marketing,CMP-007,Developer Docs Refresh — EMEA 2025-05,Paid Social,Paid Social,13,D,false,false,0,Disqualified,,,,false,false,false,No budget,1,2,U-022,,,
LEAD-12555,2026-03-25,Aster Works,Developer,Software Engineer,Mexico,AMER,Paid Social,Inbound Marketing,CMP-009,Copilot API Beta — AMER 2026-01,Paid Social,Paid Social,59,B,false,false,0,Converted,2026-04-07,2026-04-28,2026-05-31,true,true,true,,3,9,U-021,U-009,ACC-1038,OPP-20509
LEAD-12556,2025-08-20,Tundra Technologies,Engineering Leader,Head of Platform,United Kingdom,EMEA,Outbound Sequence,Outbound,CMP-040,AI Search Visibility — AMER 2026-05,Outbound Sequence,Outbound Sequence,24,D,false,false,0,Converted,2025-09-04,2025-09-22,2025-10-01,true,true,true,,1,10,U-027,U-012,ACC-1108,OPP-20510
LEAD-12557,2026-09-19,Cinder Logistics,Procurement / Finance,Finance Director,Germany,EMEA,Conference,Inbound Marketing,CMP-035,Q3 Pipeline Push — EMEA 2026-05,Conference,Conference,67,B,false,false,0,Disqualified,,,,false,false,false,Duplicate,2,11,U-016,,,
LEAD-12558,2026-07-14,Cinder Mobility,Procurement / Finance,Finance Director,United Kingdom,EMEA,Outbound Sequence,Outbound,CMP-037,Verify Fraud Playbook — EMEA 2025-04,Outbound Sequence,Developer Community,42,C,false,false,0,Working,,,,false,false,false,,2,9,U-019,,,
LEAD-12559,2026-02-15,Tundra Group,CX / Support Leader,VP Customer Experience,Singapore,APAC,Organic Search,Product,CMP-015,Studio for Product Teams — AMER 2025-11,Organic Search,Partner / Marketplace,100,A,true,false,44,Converted,2026-03-07,2026-03-18,2026-03-29,true,true,true,,,1,,U-013,ACC-1030,OPP-20511
LEAD-12560,2025-05-08,Onyx Market,Product Manager,Head of Product,Singapore,APAC,Docs & Quickstarts,Product,CMP-024,Verify Fraud Playbook — AMER 2025-05,Docs & Quickstarts,Docs & Quickstarts,51,B,true,false,46,Working,,,,false,false,false,,,0,,,,
LEAD-12561,2025-12-29,Pallas Learning,Engineering Leader,VP Engineering,Mexico,AMER,AI Assistant Referral,Product,CMP-022,Q3 Pipeline Push — AMER 2025-10,AI Assistant Referral,AI Assistant Referral,78,A,true,false,35,SQL,2026-01-04,2026-01-14,,true,true,false,,,1,,U-003,,
LEAD-12562,2025-08-28,Kestrel Travel,Product Manager,Product Manager,Mexico,AMER,Paid Social,Product,CMP-009,Copilot API Beta — AMER 2026-01,Paid Social,Organic Search,43,C,true,true,22,Converted,2025-09-08,2025-10-04,2025-10-31,true,true,true,,,0,,U-014,ACC-1046,OPP-20512
LEAD-12563,2026-04-27,Orbital Digital,CX / Support Leader,Contact Centre Manager,India,APAC,Paid Search,Inbound Marketing,CMP-003,Voice Agents Launch — EMEA 2025-12,Paid Search,Paid Search,84,A,false,false,0,Converted,2026-05-03,2026-05-25,2026-06-24,true,true,true,,2,10,U-022,U-011,ACC-1101,OPP-20513
LEAD-12564,2025-12-05,Lattice Insure,Developer,Senior Backend Engineer,Mexico,AMER,Conference,Inbound Marketing,CMP-035,Q3 Pipeline Push — EMEA 2026-05,Conference,Customer Referral,58,B,false,false,0,MQL,2025-12-25,,,true,false,false,,2,8,U-025,,,
LEAD-12565,2026-06-04,Solstice Labs,Developer,Platform Engineer,Mexico,AMER,Developer Community,Inbound Marketing,CMP-030,Latency Benchmark — AMER 2025-08,Developer Community,Developer Community,40,C,false,false,0,New,,,,false,false,false,,1,4,U-023,,,
LEAD-12566,2026-05-03,Juniper Technologies,CX / Support Leader,Director of Service Ops,Netherlands,EMEA,Docs & Quickstarts,Product,CMP-023,Q3 Pipeline Push — AMER 2025-06,Docs & Quickstarts,Webinar,81,A,true,true,88,Disqualified,,,,false,false,false,Student / hobby project,,0,,,,
LEAD-12567,2025-04-26,Ember Retail,Engineering Leader,Director of Engineering,United States,AMER,Paid Social,Product,CMP-009,Copilot API Beta — AMER 2026-01,Paid Social,AI Assistant Referral,65,B,true,true,48,SQL,2025-05-06,2025-05-26,,true,true,false,,,0,,U-004,,
LEAD-12568,2025-07-31,Pallas Market,Developer,Senior Backend Engineer,Germany,EMEA,Developer Community,Product,CMP-030,Latency Benchmark — AMER 2025-08,Developer Community,Developer Community,49,C,true,true,62,Nurture,2025-08-15,,,true,false,false,,,2,,,,
LEAD-12569,2025-10-19,Beacon Retail,Developer,Staff Engineer,Mexico,AMER,Organic Search,Inbound Marketing,CMP-014,Compliance & HIPAA — APAC 2025-09,Organic Search,Webinar,64,B,false,false,0,Disqualified,,,,false,false,false,No use case,1,2,U-016,,,
LEAD-12570,2025-07-12,Rivet Cloud,Product Manager,Product Manager,United States,AMER,Outbound Sequence,Outbound,CMP-038,Migrate off Legacy SMS — AMER 2025-04,Outbound Sequence,AI Assistant Referral,55,B,false,false,0,Nurture,2025-07-30,,,true,false,false,,2,3,U-015,,,
LEAD-12571,2026-04-01,Halcyon Learning,Developer,Staff Engineer,Spain,EMEA,Webinar,Inbound Marketing,CMP-033,Developer Docs Refresh — EMEA 2026-07,Webinar,Webinar,35,C,false,false,0,Working,,,,false,false,false,,3,4,U-015,,,
LEAD-12572,2026-08-11,Onyx Systems,CX / Support Leader,Director of Service Ops,United States,AMER,Partner / Marketplace,Partner / Referral,CMP-044,Studio for Product Teams — AMER 2025-06,Partner / Marketplace,Customer Referral,92,A,true,false,63,New,,,,false,false,false,,,0,,,,
LEAD-12573,2026-06-14,North Systems,Product Manager,Senior PM,Indonesia,APAC,Partner / Marketplace,Partner / Referral,CMP-042,Migrate off Legacy SMS — AMER 2025-04,Partner / Marketplace,Partner / Marketplace,52,B,false,false,0,Disqualified,,,,false,false,false,Duplicate,4,2,U-021,,,
LEAD-12574,2026-05-26,Juniper Digital,CX / Support Leader,Contact Centre Manager,Brazil,AMER,Docs & Quickstarts,Inbound Marketing,CMP-025,Migrate off Legacy SMS — EMEA 2025-09,Docs & Quickstarts,Docs & Quickstarts,91,A,false,false,0,Converted,2026-06-01,2026-06-22,2026-06-24,true,true,true,,1,8,U-016,U-001,ACC-1134,OPP-20514
LEAD-12575,2025-08-22,Umbra Freight,Developer,Platform Engineer,Australia,APAC,Conference,Inbound Marketing,CMP-036,Compliance & HIPAA — AMER 2026-04,Conference,Conference,23,D,false,false,0,New,,,,false,false,false,,3,11,U-017,,,
LEAD-12576,2025-10-05,Tundra Freight,CX / Support Leader,VP Customer Experience,Brazil,AMER,Docs & Quickstarts,Inbound Marketing,CMP-027,Cut Your Deflection Cost — APAC 2025-05,Docs & Quickstarts,Webinar,59,B,false,false,0,Nurture,2025-10-18,,,true,false,false,,2,6,U-027,,,
LEAD-12577,2025-04-09,Sable Labs,CX / Support Leader,Head of Support,United States,AMER,Organic Search,Product,CMP-013,Verify Fraud Playbook — LATAM 2026-01,Organic Search,Organic Search,100,A,true,true,65,SQL,2025-04-30,2025-05-19,,true,true,false,,,1,,U-004,,
LEAD-12578,2026-06-20,Umbra Freight,Developer,Software Engineer,Sweden,EMEA,Organic Search,Product,CMP-012,AI Search Visibility — AMER 2026-07,Organic Search,Organic Search,59,B,true,true,100,MQL,2026-07-08,,,true,false,false,,,2,,,,
LEAD-12579,2025-09-11,Juniper Bank,Engineering Leader,VP Engineering,United States,AMER,Organic Search,Inbound Marketing,CMP-016,Q3 Pipeline Push — AMER 2026-04,Organic Search,AI Assistant Referral,51,B,false,false,0,Nurture,2025-10-02,,,true,false,false,,4,8,U-015,,,
LEAD-12580,2026-04-05,Dovetail Learning,Product Manager,Product Manager,Mexico,AMER,Paid Search,Inbound Marketing,CMP-002,Studio for Product Teams — AMER 2025-08,Paid Search,Paid Search,73,A,false,false,0,Working,,,,false,false,false,,2,1,U-016,,,
LEAD-12581,2026-05-07,Orbital Retail,Developer,Senior Backend Engineer,Germany,EMEA,Paid Social,Inbound Marketing,CMP-008,Developer Docs Refresh — EMEA 2026-02,Paid Social,Paid Social,48,C,false,false,0,SQL,2026-05-24,2026-05-28,,true,true,false,,1,5,U-023,U-007,,
LEAD-12582,2025-12-05,Umbra Group,Developer,Senior Backend Engineer,Canada,AMER,Organic Search,Product,CMP-014,Compliance & HIPAA — APAC 2025-09,Organic Search,AI Assistant Referral,53,B,true,false,41,SQL,2025-12-17,2026-01-11,,true,true,false,,,0,,U-010,,
LEAD-12583,2025-06-29,Foundry Group,Engineering Leader,VP Engineering,Canada,AMER,Paid Search,Inbound Marketing,CMP-001,Copilot API Beta — AMER 2026-02,Paid Search,Developer Community,62,B,false,false,0,Disqualified,,,,false,false,false,Went silent,7,7,U-017,,,
LEAD-12584,2025-11-09,Vertex Pay,Product Manager,Director of Product,UAE,EMEA,Docs & Quickstarts,Product,CMP-026,Studio for Product Teams — AMER 2025-08,Docs & Quickstarts,Customer Referral,74,A,true,false,76,Nurture,2025-11-25,,,true,false,false,,,0,,,,
LEAD-12585,2025-09-02,Solstice Bank,Product Manager,Senior PM,Japan,APAC,Docs & Quickstarts,Product,CMP-028,Migrate off Legacy SMS — AMER 2025-11,Docs & Quickstarts,Docs & Quickstarts,69,B,true,false,82,MQL,2025-09-04,,,true,false,false,,,0,,,,
LEAD-12586,2025-08-01,Wexler Care,Product Manager,Director of Product,Sweden,EMEA,Organic Search,Product,CMP-012,AI Search Visibility — AMER 2026-07,Organic Search,Paid Social,79,A,true,false,21,Nurture,2025-08-17,,,true,false,false,,,0,,,,
LEAD-12587,2025-10-02,Vertex Pay,Procurement / Finance,Head of Vendor Management,United States,AMER,Paid Search,Inbound Marketing,CMP-003,Voice Agents Launch — EMEA 2025-12,Paid Search,Paid Search,50,B,false,false,0,Converted,2025-10-08,2025-10-24,2025-11-11,true,true,true,,1,7,U-025,U-005,ACC-1002,OPP-20515
LEAD-12588,2025-08-17,Umbra Cloud,Developer,Software Engineer,Canada,AMER,Organic Search,Inbound Marketing,CMP-013,Verify Fraud Playbook — LATAM 2026-01,Organic Search,Organic Search,35,C,false,false,0,Nurture,2025-09-01,,,true,false,false,,2,11,U-017,,,
LEAD-12589,2025-12-18,Kestrel Logistics,Developer,Platform Engineer,Germany,EMEA,Paid Social,Inbound Marketing,CMP-009,Copilot API Beta — AMER 2026-01,Paid Social,Paid Social,31,C,false,false,0,Disqualified,,,,false,false,false,Wrong geo,4,1,U-016,,,
LEAD-12590,2025-08-07,Aster Retail,Developer,Senior Backend Engineer,France,EMEA,Paid Social,Inbound Marketing,CMP-009,Copilot API Beta — AMER 2026-01,Paid Social,Webinar,41,C,false,true,0,Disqualified,,,,false,false,false,Student / hobby project,3,1,U-024,,,
LEAD-12591,2026-03-26,Kestrel Group,CX / Support Leader,Head of Support,Canada,AMER,Webinar,Inbound Marketing,CMP-034,Copilot API Beta — EMEA 2026-03,Webinar,Webinar,65,B,false,false,0,MQL,2026-04-14,,,true,false,false,,0,4,U-015,,,
LEAD-12592,2026-01-19,Solstice Systems,Developer,Software Engineer,Japan,APAC,Organic Search,Product,CMP-018,Voice Agents Launch — AMER 2025-11,Organic Search,Paid Social,69,B,true,true,77,SQL,2026-02-01,2026-02-16,,true,true,false,,,1,,U-009,,
LEAD-12593,2026-01-10,Cobalt Care,Engineering Leader,CTO,Canada,AMER,Outbound Sequence,Outbound,CMP-038,Migrate off Legacy SMS — AMER 2025-04,Outbound Sequence,Outbound Sequence,56,B,false,false,0,Converted,2026-01-15,2026-02-04,2026-02-20,true,true,true,,4,4,U-021,U-006,ACC-1028,OPP-20516
LEAD-12594,2026-07-24,Onyx Group,Developer,Software Engineer,United Kingdom,EMEA,Organic Search,Product,CMP-012,AI Search Visibility — AMER 2026-07,Organic Search,Organic Search,84,A,true,true,81,MQL,2026-08-11,,,true,false,false,,,0,,,,
LEAD-12595,2025-07-18,Dovetail Systems,Developer,Platform Engineer,Sweden,EMEA,Paid Social,Product,CMP-009,Copilot API Beta — AMER 2026-01,Paid Social,Paid Social,38,C,true,true,44,Working,,,,false,false,false,,,2,,,,
LEAD-12596,2026-03-06,Foundry Mobility,Developer,Software Engineer,Germany,EMEA,Paid Search,Inbound Marketing,CMP-004,Cut Your Deflection Cost — AMER 2025-11,Paid Search,Paid Search,57,B,false,false,0,MQL,2026-03-12,,,true,false,false,,2,5,U-022,,,
LEAD-12597,2026-06-10,Zephyr Cloud,Developer,Software Engineer,Chile,LATAM,Paid Social,Product,CMP-009,Copilot API Beta — AMER 2026-01,Paid Social,Paid Social,48,C,true,false,79,Working,,,,false,false,false,,,0,,,,
LEAD-12598,2026-08-15,Orbital Learning,Developer,Software Engineer,Brazil,AMER,Paid Search,Inbound Marketing,CMP-003,Voice Agents Launch — EMEA 2025-12,Paid Search,Paid Search,69,B,false,false,0,Disqualified,,,,false,false,false,Competitor,3,7,U-026,,,
LEAD-12599,2025-09-23,Aster Learning,Developer,Platform Engineer,Sweden,EMEA,Developer Community,Inbound Marketing,CMP-031,Developer Docs Refresh — EMEA 2026-07,Developer Community,Developer Community,49,C,false,false,0,SQL,2025-09-28,2025-10-17,,true,true,false,,1,8,U-020,U-008,,
LEAD-12600,2025-09-24,Tundra Cloud,Procurement / Finance,Procurement Manager,Chile,LATAM,Developer Community,Inbound Marketing,CMP-029,Build a Support Agent — EMEA 2025-11,Developer Community,Developer Community,61,B,false,false,0,Disqualified,,,,false,false,false,Duplicate,2,5,U-025,,,
LEAD-12601,2025-08-16,Cobalt Pay,Procurement / Finance,Head of Vendor Management,France,EMEA,Outbound Sequence,Outbound,CMP-039,Studio for Product Teams — EMEA 2026-02,Outbound Sequence,Outbound Sequence,69,B,false,false,0,MQL,2025-08-27,,,true,false,false,,1,1,U-027,,,
LEAD-12602,2025-09-16,Dovetail Health,Developer,Platform Engineer,Singapore,APAC,Customer Referral,Partner / Referral,CMP-046,Migrate off Legacy SMS — AMER 2026-03,Customer Referral,Customer Referral,65,B,true,true,16,MQL,2025-09-21,,,true,false,false,,,2,,,,
LEAD-12603,2026-08-15,Tundra Insure,Developer,Software Engineer,United States,AMER,Webinar,Inbound Marketing,CMP-033,Developer Docs Refresh — EMEA 2026-07,Webinar,Webinar,65,B,false,false,0,Converted,2026-08-26,2026-09-06,2026-09-30,true,true,true,,2,9,U-019,U-011,ACC-1080,OPP-20517
LEAD-12604,2025-12-15,North Gaming,Engineering Leader,CTO,Chile,LATAM,Outbound Sequence,Outbound,CMP-038,Migrate off Legacy SMS — AMER 2025-04,Outbound Sequence,Outbound Sequence,46,C,false,false,0,Converted,2025-12-31,2026-01-17,2026-01-28,true,true,true,,2,6,U-017,U-014,ACC-1108,OPP-20518
LEAD-12605,2026-09-11,Vantage Insure,Product Manager,Senior PM,UAE,EMEA,Paid Search,Inbound Marketing,CMP-006,AI Search Visibility — AMER 2026-02,Paid Search,Paid Search,42,C,false,false,0,Disqualified,,,,false,false,false,Duplicate,2,7,U-026,,,
LEAD-12606,2025-07-24,Beacon Technologies,Developer,Staff Engineer,Germany,EMEA,Conference,Inbound Marketing,CMP-036,Compliance & HIPAA — AMER 2026-04,Conference,Organic Search,48,C,false,false,0,New,,,,false,false,false,,2,5,U-015,,,
LEAD-12607,2025-07-13,Dovetail Retail,Product Manager,Head of Product,United States,AMER,AI Assistant Referral,Inbound Marketing,CMP-022,Q3 Pipeline Push — AMER 2025-10,AI Assistant Referral,Paid Search,50,B,false,false,0,Converted,2025-07-13,2025-07-25,2025-08-28,true,true,true,,2,2,U-027,U-014,ACC-1086,OPP-20519
LEAD-12608,2025-06-06,Kestrel Insure,Product Manager,Senior PM,Mexico,AMER,Paid Social,Inbound Marketing,CMP-010,Migrate off Legacy SMS — LATAM 2025-06,Paid Social,Paid Social,48,C,false,false,0,Converted,2025-06-19,2025-07-12,2025-07-28,true,true,true,,5,1,U-017,U-013,ACC-1134,OPP-20520
LEAD-12609,2025-12-01,Quanta Digital,Developer,Platform Engineer,Sweden,EMEA,Customer Referral,Partner / Referral,CMP-045,Compliance & HIPAA — AMER 2025-09,Customer Referral,Customer Referral,56,B,false,false,0,New,,,,false,false,false,,0,11,U-015,,,
LEAD-12610,2026-01-20,Onyx Works,Developer,Senior Backend Engineer,Germany,EMEA,Paid Social,Inbound Marketing,CMP-008,Developer Docs Refresh — EMEA 2026-02,Paid Social,Partner / Marketplace,19,D,false,false,0,MQL,2026-02-06,,,true,false,false,,3,4,U-026,,,
LEAD-12611,2026-01-31,Cinder Systems,Engineering Leader,Director of Engineering,Mexico,AMER,Paid Social,Inbound Marketing,CMP-009,Copilot API Beta — AMER 2026-01,Paid Social,Paid Social,45,C,false,true,0,SQL,2026-02-11,2026-03-08,,true,true,false,,2,1,U-017,U-006,,
LEAD-12612,2026-04-16,Rivet Insure,Product Manager,Product Manager,Indonesia,APAC,Paid Search,Inbound Marketing,CMP-002,Studio for Product Teams — AMER 2025-08,Paid Search,Partner / Marketplace,82,A,false,false,0,Converted,2026-04-20,2026-05-08,2026-05-21,true,true,true,,1,11,U-025,U-006,ACC-1021,OPP-20521
LEAD-12613,2025-11-17,Cobalt Works,Product Manager,Director of Product,Germany,EMEA,Organic Search,Product,CMP-017,Latency Benchmark — AMER 2026-05,Organic Search,Organic Search,60,B,true,true,85,Nurture,2025-12-02,,,true,false,false,,,1,,,,
LEAD-12614,2025-04-28,Cinder Group,Engineering Leader,Director of Engineering,UAE,EMEA,Docs & Quickstarts,Inbound Marketing,CMP-026,Studio for Product Teams — AMER 2025-08,Docs & Quickstarts,Docs & Quickstarts,50,B,false,true,0,New,,,,false,false,false,,3,6,U-026,,,
LEAD-12615,2026-01-05,Dovetail Health,Engineering Leader,Head of Platform,Spain,EMEA,Conference,Product,CMP-036,Compliance & HIPAA — AMER 2026-04,Conference,Conference,40,C,true,true,88,Disqualified,,,,false,false,false,Free tier is enough,,1,,,,
LEAD-12616,2026-03-19,Halcyon Travel,Engineering Leader,VP Engineering,Brazil,AMER,Docs & Quickstarts,Product,CMP-023,Q3 Pipeline Push — AMER 2025-06,Docs & Quickstarts,Docs & Quickstarts,70,A,true,false,47,New,,,,false,false,false,,,2,,,,
LEAD-12617,2025-04-04,Aster Technologies,CX / Support Leader,Director of Service Ops,Canada,AMER,Paid Search,Inbound Marketing,CMP-004,Cut Your Deflection Cost — AMER 2025-11,Paid Search,Paid Search,70,A,false,false,0,Nurture,2025-04-18,,,true,false,false,,1,8,U-023,,,
LEAD-12618,2025-04-03,Orbital Logistics,Product Manager,Director of Product,Netherlands,EMEA,Paid Search,Inbound Marketing,CMP-003,Voice Agents Launch — EMEA 2025-12,Paid Search,Paid Search,71,A,false,false,0,Nurture,2025-04-21,,,true,false,false,,4,8,U-018,,,
LEAD-12619,2026-05-07,North Technologies,Developer,Staff Engineer,Netherlands,EMEA,Developer Community,Product,CMP-030,Latency Benchmark — AMER 2025-08,Developer Community,Paid Search,56,B,true,true,76,Nurture,2026-05-27,,,true,false,false,,,2,,,,
LEAD-12620,2025-10-28,Umbra Works,Product Manager,Director of Product,Japan,APAC,Organic Search,Product,CMP-013,Verify Fraud Playbook — LATAM 2026-01,Organic Search,Organic Search,82,A,true,true,87,Converted,2025-11-07,2025-11-14,2025-11-25,true,true,true,,,2,,U-009,ACC-1122,OPP-20522
LEAD-12621,2025-05-31,Beacon Care,Engineering Leader,Director of Engineering,Brazil,AMER,Conference,Inbound Marketing,CMP-036,Compliance & HIPAA — AMER 2026-04,Conference,Conference,44,C,false,false,0,Converted,2025-06-11,2025-06-30,2025-07-28,true,true,true,,2,2,U-026,U-003,ACC-1046,OPP-20523
LEAD-12622,2025-07-26,Wexler Freight,Developer,Staff Engineer,Canada,AMER,Organic Search,Product,CMP-013,Verify Fraud Playbook — LATAM 2026-01,Organic Search,Paid Social,55,B,true,true,59,Converted,2025-07-26,2025-08-08,2025-08-30,true,true,true,,,2,,U-010,ACC-1028,OPP-20524
LEAD-12623,2026-02-14,Dovetail Bank,Engineering Leader,Head of Platform,Mexico,AMER,Conference,Inbound Marketing,CMP-036,Compliance & HIPAA — AMER 2026-04,Conference,Paid Social,58,B,false,false,0,SQL,2026-03-01,2026-03-19,,true,true,false,,1,2,U-019,U-012,,
LEAD-12624,2025-10-04,Halcyon Group,Procurement / Finance,Finance Director,Indonesia,APAC,Developer Community,Product,CMP-029,Build a Support Agent — EMEA 2025-11,Developer Community,Developer Community,47,C,true,false,60,Nurture,2025-10-18,,,true,false,false,,,0,,,,
LEAD-12625,2026-06-04,Quanta Systems,CX / Support Leader,Director of Service Ops,United Kingdom,EMEA,Organic Search,Inbound Marketing,CMP-012,AI Search Visibility — AMER 2026-07,Organic Search,Organic Search,87,A,false,false,0,MQL,2026-06-12,,,true,false,false,,2,2,U-017,,,
LEAD-12626,2026-09-06,Kestrel Cloud,Developer,Staff Engineer,Sweden,EMEA,Outbound Sequence,Outbound,CMP-037,Verify Fraud Playbook — EMEA 2025-04,Outbound Sequence,Outbound Sequence,44,C,true,false,88,Converted,2026-09-23,2026-10-18,2026-10-21,true,true,true,,1,7,U-017,U-005,ACC-1017,OPP-20525
LEAD-12627,2026-05-12,Cinder Care,CX / Support Leader,Head of Support,Indonesia,APAC,Developer Community,Inbound Marketing,CMP-030,Latency Benchmark — AMER 2025-08,Developer Community,Developer Community,69,B,false,false,0,SQL,2026-05-13,2026-05-27,,true,true,false,,1,10,U-025,U-005,,
LEAD-12628,2025-09-15,Tundra Bank,Engineering Leader,Head of Platform,Mexico,AMER,Paid Search,Inbound Marketing,CMP-003,Voice Agents Launch — EMEA 2025-12,Paid Search,Paid Search,99,A,false,false,0,Converted,2025-09-19,2025-10-13,2025-10-29,true,true,true,,2,3,U-027,U-002,ACC-1079,OPP-20526
LEAD-12629,2026-05-18,Rivet Freight,Developer,Staff Engineer,Canada,AMER,Paid Social,Inbound Marketing,CMP-010,Migrate off Legacy SMS — LATAM 2025-06,Paid Social,Developer Community,27,D,false,false,0,New,,,,false,false,false,,1,9,U-021,,,
LEAD-12630,2026-04-05,Vantage Retail,Engineering Leader,VP Engineering,Mexico,AMER,Organic Search,Inbound Marketing,CMP-013,Verify Fraud Playbook — LATAM 2026-01,Organic Search,Organic Search,76,A,false,false,0,Disqualified,,,,false,false,false,Student / hobby project,1,3,U-016,,,
LEAD-12631,2025-11-28,Orbital Systems,Engineering Leader,Director of Engineering,Canada,AMER,Outbound Sequence,Outbound,CMP-039,Studio for Product Teams — EMEA 2026-02,Outbound Sequence,AI Assistant Referral,34,C,false,false,0,Disqualified,,,,false,false,false,Free tier is enough,4,11,U-027,,,
LEAD-12632,2025-05-14,Kestrel Works,Developer,Senior Backend Engineer,India,APAC,Customer Referral,Partner / Referral,CMP-046,Migrate off Legacy SMS — AMER 2026-03,Customer Referral,Customer Referral,71,A,false,false,0,Converted,2025-05-28,2025-06-16,2025-07-15,true,true,true,,0,5,U-017,U-006,ACC-1042,OPP-20527
LEAD-12633,2025-08-12,Solstice Digital,Procurement / Finance,CFO,Spain,EMEA,Docs & Quickstarts,Product,CMP-024,Verify Fraud Playbook — AMER 2025-05,Docs & Quickstarts,Conference,80,A,true,false,49,MQL,2025-08-31,,,true,false,false,,,1,,,,
LEAD-12634,2025-08-02,Cobalt Group,Developer,Staff Engineer,Sweden,EMEA,Docs & Quickstarts,Product,CMP-028,Migrate off Legacy SMS — AMER 2025-11,Docs & Quickstarts,AI Assistant Referral,60,B,true,true,35,MQL,2025-08-09,,,true,false,false,,,0,,,,
LEAD-12635,2026-03-23,Umbra Health,CX / Support Leader,Contact Centre Manager,Mexico,AMER,Organic Search,Inbound Marketing,CMP-012,AI Search Visibility — AMER 2026-07,Organic Search,Organic Search,35,C,false,false,0,Working,,,,false,false,false,,1,3,U-023,,,
LEAD-12636,2026-05-17,Lattice Labs,Engineering Leader,Head of Platform,Canada,AMER,Outbound Sequence,Outbound,CMP-041,Studio for Product Teams — AMER 2025-04,Outbound Sequence,Outbound Sequence,41,C,false,false,0,Working,,,,false,false,false,,0,5,U-024,,,
LEAD-12637,2025-06-15,Tundra Bank,Developer,Platform Engineer,Singapore,APAC,Paid Social,Inbound Marketing,CMP-007,Developer Docs Refresh — EMEA 2025-05,Paid Social,Paid Social,29,D,false,false,0,SQL,2025-06-28,2025-07-20,,true,true,false,,3,8,U-020,U-012,,
LEAD-12638,2025-07-17,Vertex Market,Developer,Platform Engineer,United States,AMER,Paid Social,Inbound Marketing,CMP-009,Copilot API Beta — AMER 2026-01,Paid Social,Paid Social,31,C,false,false,0,Disqualified,,,,false,false,false,Went silent,4,11,U-019,,,
LEAD-12639,2025-05-16,Halcyon Market,Procurement / Finance,CFO,Singapore,APAC,Organic Search,Product,CMP-012,AI Search Visibility — AMER 2026-07,Organic Search,Paid Social,99,A,true,true,2,MQL,2025-05-20,,,true,false,false,,,2,,,,
LEAD-12640,2025-12-21,Quanta Labs,Product Manager,Director of Product,United States,AMER,Docs & Quickstarts,Product,CMP-023,Q3 Pipeline Push — AMER 2025-06,Docs & Quickstarts,Docs & Quickstarts,75,A,true,true,51,Nurture,2026-01-07,,,true,false,false,,,2,,,,
LEAD-12641,2026-08-28,Sable Logistics,Developer,Staff Engineer,Australia,APAC,Developer Community,Product,CMP-030,Latency Benchmark — AMER 2025-08,Developer Community,Developer Community,45,C,true,true,56,SQL,2026-08-28,2026-09-20,,true,true,false,,,1,,U-004,,
LEAD-12642,2026-01-19,Onyx Learning,Developer,Platform Engineer,Brazil,AMER,Customer Referral,Partner / Referral,CMP-046,Migrate off Legacy SMS — AMER 2026-03,Customer Referral,Customer Referral,44,C,false,false,0,MQL,2026-01-20,,,true,false,false,,2,10,U-015,,,
LEAD-12643,2026-05-28,Cobalt Insure,CX / Support Leader,Contact Centre Manager,United Kingdom,EMEA,Partner / Marketplace,Partner / Referral,CMP-044,Studio for Product Teams — AMER 2025-06,Partner / Marketplace,Partner / Marketplace,96,A,true,true,35,SQL,2026-06-11,2026-06-26,,true,true,false,,,2,,U-004,,
LEAD-12644,2025-04-29,Vantage Cloud,Developer,Senior Backend Engineer,UAE,EMEA,Organic Search,Product,CMP-014,Compliance & HIPAA — APAC 2025-09,Organic Search,Organic Search,59,B,true,false,19,Nurture,2025-05-10,,,true,false,false,,,2,,,,
LEAD-12645,2026-09-09,Pallas Mobility,Product Manager,Product Manager,Spain,EMEA,Outbound Sequence,Outbound,CMP-041,Studio for Product Teams — AMER 2025-04,Outbound Sequence,AI Assistant Referral,34,C,false,false,0,Disqualified,,,,false,false,false,No use case,0,4,U-020,,,
LEAD-12646,2026-08-15,Orbital Freight,Engineering Leader,VP Engineering,Netherlands,EMEA,Docs & Quickstarts,Inbound Marketing,CMP-026,Studio for Product Teams — AMER 2025-08,Docs & Quickstarts,Docs & Quickstarts,60,B,false,false,0,MQL,2026-08-28,,,true,false,false,,2,6,U-024,,,
LEAD-12647,2025-10-10,North Retail,Procurement / Finance,Finance Director,Brazil,AMER,AI Assistant Referral,Product,CMP-021,Latency Benchmark — LATAM 2025-09,AI Assistant Referral,Paid Search,97,A,true,true,58,Disqualified,,,,false,false,false,Competitor,,2,,,,
LEAD-12648,2025-06-04,Solstice Retail,Engineering Leader,VP Engineering,Singapore,APAC,Docs & Quickstarts,Product,CMP-023,Q3 Pipeline Push — AMER 2025-06,Docs & Quickstarts,Docs & Quickstarts,88,A,true,false,15,Nurture,2025-06-13,,,true,false,false,,,0,,,,
LEAD-12649,2025-05-27,Wexler Gaming,Developer,Software Engineer,Mexico,AMER,Paid Search,Inbound Marketing,CMP-002,Studio for Product Teams — AMER 2025-08,Paid Search,Paid Search,56,B,false,false,0,Working,,,,false,false,false,,5,10,U-021,,,
LEAD-12650,2025-06-10,Juniper Group,Product Manager,Senior PM,Japan,APAC,Partner / Marketplace,Partner / Referral,CMP-043,Latency Benchmark — APAC 2026-01,Partner / Marketplace,Partner / Marketplace,61,B,false,false,0,SQL,2025-06-21,2025-06-23,,true,true,false,,4,10,U-017,U-002,,
LEAD-12651,2025-05-31,Harbor Systems,Developer,Staff Engineer,Singapore,APAC,Organic Search,Inbound Marketing,CMP-018,Voice Agents Launch — AMER 2025-11,Organic Search,AI Assistant Referral,48,C,false,false,0,Nurture,2025-06-08,,,true,false,false,,2,4,U-024,,,
LEAD-12652,2025-06-20,Onyx Group,Product Manager,Head of Product,Brazil,AMER,Partner / Marketplace,Partner / Referral,CMP-043,Latency Benchmark — APAC 2026-01,Partner / Marketplace,Partner / Marketplace,54,B,true,false,35,New,,,,false,false,false,,,2,,,,
LEAD-12653,2026-01-14,Harbor Market,Developer,Staff Engineer,Indonesia,APAC,AI Assistant Referral,Product,CMP-020,Q3 Pipeline Push — AMER 2025-12,AI Assistant Referral,Paid Search,59,B,true,true,88,New,,,,false,false,false,,,1,,,,
LEAD-12654,2026-03-10,Wexler Cloud,CX / Support Leader,VP Customer Experience,Indonesia,APAC,Docs & Quickstarts,Product,CMP-025,Migrate off Legacy SMS — EMEA 2025-09,Docs & Quickstarts,Webinar,85,A,true,false,93,Converted,2026-03-23,2026-03-28,2026-04-02,true,true,true,,,1,,U-004,ACC-1017,OPP-20528
LEAD-12655,2026-07-10,Umbra Mobility,Engineering Leader,Director of Engineering,Mexico,AMER,Developer Community,Inbound Marketing,CMP-030,Latency Benchmark — AMER 2025-08,Developer Community,Webinar,56,B,false,false,0,Nurture,2026-07-16,,,true,false,false,,1,8,U-021,,,
LEAD-12656,2026-02-08,Ember Works,Developer,Staff Engineer,Netherlands,EMEA,Docs & Quickstarts,Product,CMP-027,Cut Your Deflection Cost — APAC 2025-05,Docs & Quickstarts,Docs & Quickstarts,60,B,true,true,39,MQL,2026-02-26,,,true,false,false,,,0,,,,
LEAD-12657,2026-08-16,Kestrel Health,Developer,Senior Backend Engineer,Canada,AMER,Outbound Sequence,Outbound,CMP-037,Verify Fraud Playbook — EMEA 2025-04,Outbound Sequence,Paid Social,22,D,false,false,0,Working,,,,false,false,false,,1,5,U-019,,,
LEAD-12658,2025-04-11,Vertex Logistics,Developer,Software Engineer,Indonesia,APAC,Paid Social,Product,CMP-007,Developer Docs Refresh — EMEA 2025-05,Paid Social,Paid Social,46,C,true,true,35,Nurture,2025-04-17,,,true,false,false,,,0,,,,
LEAD-12659,2026-07-23,Aster Travel,Product Manager,Director of Product,Germany,EMEA,AI Assistant Referral,Product,CMP-021,Latency Benchmark — LATAM 2025-09,AI Assistant Referral,AI Assistant Referral,74,A,true,false,79,SQL,2026-08-11,2026-09-05,,true,true,false,,,0,,U-006,,
LEAD-12660,2025-07-17,Dovetail Works,Engineering Leader,VP Engineering,Mexico,AMER,Conference,Inbound Marketing,CMP-036,Compliance & HIPAA — AMER 2026-04,Conference,Conference,73,A,false,false,0,Converted,2025-07-29,2025-08-09,2025-08-31,true,true,true,,2,8,U-023,U-008,ACC-1123,OPP-20529
LEAD-12661,2026-07-26,Beacon Pay,Procurement / Finance,Head of Vendor Management,Mexico,AMER,Organic Search,Inbound Marketing,CMP-013,Verify Fraud Playbook — LATAM 2026-01,Organic Search,Organic Search,64,B,false,false,0,Disqualified,,,,false,false,false,Went silent,1,7,U-018,,,
LEAD-12662,2025-12-01,Zephyr Travel,CX / Support Leader,Contact Centre Manager,France,EMEA,Docs & Quickstarts,Product,CMP-023,Q3 Pipeline Push — AMER 2025-06,Docs & Quickstarts,Docs & Quickstarts,88,A,true,true,99,SQL,2025-12-14,2025-12-16,,true,true,false,,,2,,U-002,,
LEAD-12663,2025-05-16,Dovetail Health,Developer,Software Engineer,Sweden,EMEA,Developer Community,Inbound Marketing,CMP-031,Developer Docs Refresh — EMEA 2026-07,Developer Community,Developer Community,32,C,false,false,0,New,,,,false,false,false,,2,3,U-021,,,
LEAD-12664,2026-04-16,Foundry Freight,Developer,Software Engineer,India,APAC,Docs & Quickstarts,Product,CMP-023,Q3 Pipeline Push — AMER 2025-06,Docs & Quickstarts,Docs & Quickstarts,57,B,true,false,28,MQL,2026-04-28,,,true,false,false,,,2,,,,
LEAD-12665,2025-12-31,Umbra Logistics,Procurement / Finance,Head of Vendor Management,Brazil,AMER,Docs & Quickstarts,Product,CMP-025,Migrate off Legacy SMS — EMEA 2025-09,Docs & Quickstarts,Docs & Quickstarts,92,A,true,true,62,MQL,2026-01-02,,,true,false,false,,,0,,,,
LEAD-12666,2026-06-28,Foundry Care,Engineering Leader,CTO,United States,AMER,Docs & Quickstarts,Inbound Marketing,CMP-027,Cut Your Deflection Cost — APAC 2025-05,Docs & Quickstarts,Docs & Quickstarts,74,A,false,false,0,SQL,2026-06-29,2026-07-01,,true,true,false,,3,6,U-026,U-001,,
LEAD-12667,2026-09-16,Beacon Bank,Developer,Staff Engineer,Australia,APAC,Partner / Marketplace,Partner / Referral,CMP-044,Studio for Product Teams — AMER 2025-06,Partner / Marketplace,Partner / Marketplace,77,A,false,false,0,MQL,2026-09-20,,,true,false,false,,0,7,U-015,,,
LEAD-12668,2025-12-13,Vertex Group,Developer,Staff Engineer,Mexico,AMER,Paid Search,Inbound Marketing,CMP-004,Cut Your Deflection Cost — AMER 2025-11,Paid Search,Paid Search,44,C,false,false,0,Nurture,2025-12-23,,,true,false,false,,1,9,U-024,,,
LEAD-12669,2026-09-02,Tundra Labs,Developer,Senior Backend Engineer,Canada,AMER,Webinar,Inbound Marketing,CMP-032,Copilot API Beta — AMER 2025-12,Webinar,Webinar,54,B,false,false,0,Converted,2026-09-04,2026-09-09,2026-09-13,true,true,true,,1,2,U-021,U-014,ACC-1098,OPP-20530
LEAD-12670,2025-04-20,Meridian Technologies,Engineering Leader,Director of Engineering,Canada,AMER,Conference,Inbound Marketing,CMP-036,Compliance & HIPAA — AMER 2026-04,Conference,Developer Community,29,D,false,false,0,Working,,,,false,false,false,,4,7,U-024,,,
LEAD-12671,2025-10-29,Kestrel Systems,Developer,Staff Engineer,Brazil,AMER,Paid Search,Inbound Marketing,CMP-005,Migrate off Legacy SMS — AMER 2025-12,Paid Search,Paid Search,60,B,false,false,0,SQL,2025-11-18,2025-12-06,,true,true,false,,4,2,U-026,U-013,,
LEAD-12672,2025-11-24,North Market,Developer,Software Engineer,United States,AMER,Docs & Quickstarts,Product,CMP-023,Q3 Pipeline Push — AMER 2025-06,Docs & Quickstarts,Docs & Quickstarts,62,B,true,true,15,Converted,2025-12-02,2025-12-04,2025-12-08,true,true,true,,,1,,U-006,ACC-1087,OPP-20531
LEAD-12673,2025-07-03,Wexler Pay,CX / Support Leader,Contact Centre Manager,Mexico,AMER,Developer Community,Product,CMP-030,Latency Benchmark — AMER 2025-08,Developer Community,Paid Social,94,A,true,true,52,SQL,2025-07-18,2025-08-02,,true,true,false,,,0,,U-014,,
LEAD-12674,2025-04-09,Harbor Gaming,Product Manager,Head of Product,Sweden,EMEA,Customer Referral,Partner / Referral,CMP-046,Migrate off Legacy SMS — AMER 2026-03,Customer Referral,Conference,77,A,true,false,17,Working,,,,false,false,false,,,1,,,,
LEAD-12675,2025-11-03,Quanta Technologies,Developer,Platform Engineer,Chile,LATAM,Paid Search,Inbound Marketing,CMP-006,AI Search Visibility — AMER 2026-02,Paid Search,Paid Search,50,B,false,false,0,New,,,,false,false,false,,0,8,U-025,,,
LEAD-12676,2026-09-11,Sable Group,Developer,Senior Backend Engineer,France,EMEA,Developer Community,Product,CMP-029,Build a Support Agent — EMEA 2025-11,Developer Community,Developer Community,65,B,true,false,38,MQL,2026-09-18,,,true,false,false,,,2,,,,
LEAD-12677,2026-05-24,Tundra Freight,CX / Support Leader,Contact Centre Manager,Sweden,EMEA,AI Assistant Referral,Inbound Marketing,CMP-022,Q3 Pipeline Push — AMER 2025-10,AI Assistant Referral,AI Assistant Referral,88,A,false,false,0,MQL,2026-06-14,,,true,false,false,,4,7,U-018,,,
LEAD-12678,2025-09-23,Beacon Retail,CX / Support Leader,VP Customer Experience,Sweden,EMEA,Paid Social,Product,CMP-008,Developer Docs Refresh — EMEA 2026-02,Paid Social,Paid Search,77,A,true,true,48,Converted,2025-10-12,2025-10-29,2025-11-10,true,true,true,,,0,,U-013,ACC-1007,OPP-20532
LEAD-12679,2025-12-12,Orbital Care,Product Manager,Director of Product,Mexico,AMER,Customer Referral,Partner / Referral,CMP-046,Migrate off Legacy SMS — AMER 2026-03,Customer Referral,Customer Referral,59,B,false,false,0,SQL,2025-12-31,2026-01-20,,true,true,false,,1,11,U-027,U-003,,
LEAD-12680,2025-07-13,Dovetail Freight,Developer,Senior Backend Engineer,France,EMEA,Organic Search,Product,CMP-012,AI Search Visibility — AMER 2026-07,Organic Search,AI Assistant Referral,62,B,true,true,43,Nurture,2025-07-26,,,true,false,false,,,0,,,,
LEAD-12681,2025-11-01,Harbor Health,Developer,Staff Engineer,Mexico,AMER,Organic Search,Inbound Marketing,CMP-012,AI Search Visibility — AMER 2026-07,Organic Search,Organic Search,61,B,false,false,0,MQL,2025-11-04,,,true,false,false,,0,11,U-022,,,
LEAD-12682,2026-05-30,Lattice Care,Product Manager,Senior PM,Sweden,EMEA,Paid Social,Product,CMP-009,Copilot API Beta — AMER 2026-01,Paid Social,Paid Social,53,B,true,true,21,MQL,2026-06-10,,,true,false,false,,,0,,,,
LEAD-12683,2025-06-29,Solstice Logistics,Developer,Senior Backend Engineer,Mexico,AMER,AI Assistant Referral,Product,CMP-020,Q3 Pipeline Push — AMER 2025-12,AI Assistant Referral,AI Assistant Referral,85,A,true,false,35,New,,,,false,false,false,,,0,,,,
LEAD-12684,2025-05-09,Juniper Market,Developer,Platform Engineer,Mexico,AMER,Paid Search,Product,CMP-001,Copilot API Beta — AMER 2026-02,Paid Search,Paid Search,60,B,true,false,76,MQL,2025-05-15,,,true,false,false,,,1,,,,
LEAD-12685,2025-05-18,Vantage Retail,Developer,Platform Engineer,United States,AMER,Paid Search,Inbound Marketing,CMP-006,AI Search Visibility — AMER 2026-02,Paid Search,Conference,56,B,false,false,0,MQL,2025-05-22,,,true,false,false,,1,8,U-027,,,
LEAD-12686,2026-02-03,Kestrel Pay,Engineering Leader,CTO,Singapore,APAC,Docs & Quickstarts,Product,CMP-028,Migrate off Legacy SMS — AMER 2025-11,Docs & Quickstarts,Conference,93,A,true,true,86,Working,,,,false,false,false,,,0,,,,
LEAD-12687,2026-01-24,Orbital Works,CX / Support Leader,Head of Support,Netherlands,EMEA,Conference,Inbound Marketing,CMP-035,Q3 Pipeline Push — EMEA 2026-05,Conference,Partner / Marketplace,64,B,false,false,0,New,,,,false,false,false,,1,7,U-023,,,
LEAD-12688,2026-07-18,Quanta Market,Developer,Platform Engineer,United States,AMER,Paid Search,Inbound Marketing,CMP-002,Studio for Product Teams — AMER 2025-08,Paid Search,Customer Referral,48,C,false,false,0,MQL,2026-08-06,,,true,false,false,,2,11,U-026,,,
LEAD-12689,2025-08-10,Halcyon Travel,Developer,Platform Engineer,India,APAC,Organic Search,Inbound Marketing,CMP-016,Q3 Pipeline Push — AMER 2026-04,Organic Search,Developer Community,79,A,false,false,0,MQL,2025-08-17,,,true,false,false,,2,4,U-015,,,
LEAD-12690,2025-06-08,Lumen Group,CX / Support Leader,Contact Centre Manager,United States,AMER,AI Assistant Referral,Inbound Marketing,CMP-020,Q3 Pipeline Push — AMER 2025-12,AI Assistant Referral,AI Assistant Referral,63,B,false,true,0,MQL,2025-06-28,,,true,false,false,,0,5,U-019,,,
LEAD-12691,2026-02-04,Quanta Technologies,Engineering Leader,Head of Platform,Brazil,AMER,Developer Community,Inbound Marketing,CMP-031,Developer Docs Refresh — EMEA 2026-07,Developer Community,Docs & Quickstarts,49,C,false,true,0,New,,,,false,false,false,,2,8,U-027,,,
LEAD-12692,2025-09-16,Aster Learning,Developer,Staff Engineer,Mexico,AMER,Organic Search,Product,CMP-015,Studio for Product Teams — AMER 2025-11,Organic Search,Organic Search,59,B,true,true,97,Nurture,2025-10-07,,,true,false,false,,,2,,,,
LEAD-12693,2026-06-19,Lattice Gaming,Developer,Senior Backend Engineer,Spain,EMEA,Outbound Sequence,Outbound,CMP-041,Studio for Product Teams — AMER 2025-04,Outbound Sequence,Paid Search,14,D,false,false,0,Working,,,,false,false,false,,2,4,U-019,,,
LEAD-12694,2025-06-09,Harbor Logistics,Product Manager,Senior PM,United States,AMER,Organic Search,Inbound Marketing,CMP-013,Verify Fraud Playbook — LATAM 2026-01,Organic Search,Organic Search,57,B,false,false,0,Nurture,2025-06-17,,,true,false,false,,2,10,U-017,,,
LEAD-12695,2025-12-09,Vantage Logistics,CX / Support Leader,Director of Service Ops,United States,AMER,Docs & Quickstarts,Product,CMP-027,Cut Your Deflection Cost — APAC 2025-05,Docs & Quickstarts,Partner / Marketplace,93,A,true,false,71,MQL,2025-12-19,,,true,false,false,,,1,,,,
LEAD-12696,2026-03-04,Cinder Gaming,Procurement / Finance,Head of Vendor Management,Netherlands,EMEA,Docs & Quickstarts,Product,CMP-026,Studio for Product Teams — AMER 2025-08,Docs & Quickstarts,Webinar,95,A,true,true,88,Disqualified,,,,false,false,false,Competitor,,2,,,,
LEAD-12697,2026-08-06,Sable Health,Engineering Leader,VP Engineering,Brazil,AMER,Paid Search,Product,CMP-003,Voice Agents Launch — EMEA 2025-12,Paid Search,Paid Search,64,B,true,false,93,SQL,2026-08-27,2026-09-20,,true,true,false,,,1,,U-013,,
LEAD-12698,2025-07-24,Lumen Freight,Procurement / Finance,Head of Vendor Management,Argentina,LATAM,Webinar,Inbound Marketing,CMP-034,Copilot API Beta — EMEA 2026-03,Webinar,Conference,75,A,false,false,0,Nurture,2025-08-09,,,true,false,false,,2,2,U-020,,,
LEAD-12699,2026-04-07,Zephyr Gaming,CX / Support Leader,Contact Centre Manager,United Kingdom,EMEA,Paid Search,Inbound Marketing,CMP-001,Copilot API Beta — AMER 2026-02,Paid Search,Paid Search,59,B,false,false,0,Working,,,,false,false,false,,4,9,U-016,,,
LEAD-12700,2025-07-01,Solstice Systems,Product Manager,Director of Product,Brazil,AMER,Paid Search,Inbound Marketing,CMP-001,Copilot API Beta — AMER 2026-02,Paid Search,Paid Search,63,B,false,false,0,SQL,2025-07-10,2025-07-20,,true,true,false,,2,7,U-016,U-014,,
LEAD-12701,2025-05-30,Aster Travel,Developer,Platform Engineer,Brazil,AMER,Customer Referral,Partner / Referral,CMP-045,Compliance & HIPAA — AMER 2025-09,Customer Referral,Customer Referral,33,C,false,false,0,New,,,,false,false,false,,1,2,U-015,,,
LEAD-12702,2025-09-04,Ember Logistics,Developer,Senior Backend Engineer,United States,AMER,Organic Search,Product,CMP-012,AI Search Visibility — AMER 2026-07,Organic Search,Developer Community,46,C,true,true,51,MQL,2025-09-19,,,true,false,false,,,1,,,,
LEAD-12703,2025-08-20,Vantage Logistics,CX / Support Leader,VP Customer Experience,Brazil,AMER,Outbound Sequence,Outbound,CMP-038,Migrate off Legacy SMS — AMER 2025-04,Outbound Sequence,Outbound Sequence,75,A,false,false,0,Disqualified,,,,false,false,false,No budget,1,2,U-022,,,
LEAD-12704,2025-04-20,Meridian Insure,Developer,Senior Backend Engineer,Netherlands,EMEA,Organic Search,Product,CMP-013,Verify Fraud Playbook — LATAM 2026-01,Organic Search,Organic Search,59,B,true,true,9,SQL,2025-04-29,2025-05-01,,true,true,false,,,1,,U-012,,
LEAD-12705,2025-12-25,Cobalt Retail,Product Manager,Product Manager,Netherlands,EMEA,Organic Search,Product,CMP-011,Developer Docs Refresh — LATAM 2025-04,Organic Search,Organic Search,100,A,true,false,36,Nurture,2025-12-30,,,true,false,false,,,1,,,,
LEAD-12706,2026-03-11,Umbra Logistics,Developer,Platform Engineer,Brazil,AMER,Organic Search,Inbound Marketing,CMP-015,Studio for Product Teams — AMER 2025-11,Organic Search,Organic Search,59,B,false,false,0,New,,,,false,false,false,,3,7,U-017,,,
LEAD-12707,2026-03-08,Cobalt Travel,Developer,Staff Engineer,UAE,EMEA,Customer Referral,Partner / Referral,CMP-046,Migrate off Legacy SMS — AMER 2026-03,Customer Referral,Customer Referral,50,B,false,false,0,MQL,2026-03-12,,,true,false,false,,1,9,U-018,,,
LEAD-12708,2025-05-19,Lumen Pay,CX / Support Leader,Director of Service Ops,France,EMEA,Outbound Sequence,Outbound,CMP-038,Migrate off Legacy SMS — AMER 2025-04,Outbound Sequence,Outbound Sequence,44,C,false,false,0,Disqualified,,,,false,false,false,Duplicate,2,2,U-025,,,
LEAD-12709,2025-11-28,Aster Travel,CX / Support Leader,Director of Service Ops,Canada,AMER,Docs & Quickstarts,Product,CMP-026,Studio for Product Teams — AMER 2025-08,Docs & Quickstarts,Docs & Quickstarts,70,A,true,true,62,Working,,,,false,false,false,,,2,,,,
LEAD-12710,2025-09-24,Sable Pay,Product Manager,Senior PM,Sweden,EMEA,Docs & Quickstarts,Product,CMP-024,Verify Fraud Playbook — AMER 2025-05,Docs & Quickstarts,Docs & Quickstarts,55,B,true,false,27,Nurture,2025-10-05,,,true,false,false,,,2,,,,
LEAD-12711,2026-09-01,Pallas Freight,Developer,Platform Engineer,United States,AMER,Docs & Quickstarts,Product,CMP-023,Q3 Pipeline Push — AMER 2025-06,Docs & Quickstarts,Docs & Quickstarts,72,A,true,false,75,MQL,2026-09-21,,,true,false,false,,,1,,,,
LEAD-12712,2025-04-13,Vertex Gaming,Engineering Leader,Director of Engineering,Spain,EMEA,Customer Referral,Partner / Referral,CMP-046,Migrate off Legacy SMS — AMER 2026-03,Customer Referral,Customer Referral,66,B,false,false,0,MQL,2025-04-14,,,true,false,false,,3,9,U-023,,,
LEAD-12713,2026-03-26,Zephyr Cloud,Developer,Software Engineer,Brazil,AMER,Organic Search,Inbound Marketing,CMP-012,AI Search Visibility — AMER 2026-07,Organic Search,Customer Referral,63,B,false,false,0,Converted,2026-04-13,2026-04-25,2026-05-04,true,true,true,,0,10,U-022,U-010,ACC-1035,OPP-20533
LEAD-12714,2025-05-28,Sable Systems,Developer,Senior Backend Engineer,Mexico,AMER,Docs & Quickstarts,Product,CMP-024,Verify Fraud Playbook — AMER 2025-05,Docs & Quickstarts,Paid Social,69,B,true,true,3,SQL,2025-06-06,2025-06-30,,true,true,false,,,0,,U-005,,
LEAD-12715,2025-11-10,Tundra Health,Developer,Software Engineer,Canada,AMER,AI Assistant Referral,Product,CMP-021,Latency Benchmark — LATAM 2025-09,AI Assistant Referral,AI Assistant Referral,44,C,true,true,28,Disqualified,,,,false,false,false,No use case,,0,,,,
LEAD-12716,2025-09-14,Pallas Digital,Procurement / Finance,Head of Vendor Management,Brazil,AMER,Customer Referral,Partner / Referral,CMP-046,Migrate off Legacy SMS — AMER 2026-03,Customer Referral,Customer Referral,100,A,true,true,97,New,,,,false,false,false,,,2,,,,
LEAD-12717,2025-04-16,North Works,Developer,Staff Engineer,France,EMEA,Organic Search,Product,CMP-014,Compliance & HIPAA — APAC 2025-09,Organic Search,Organic Search,56,B,true,true,10,Nurture,2025-04-19,,,true,false,false,,,0,,,,
LEAD-12718,2026-06-16,Cobalt Gaming,Developer,Platform Engineer,Netherlands,EMEA,Outbound Sequence,Outbound,CMP-040,AI Search Visibility — AMER 2026-05,Outbound Sequence,Docs & Quickstarts,5,D,false,false,0,Disqualified,,,,false,false,false,Wrong geo,3,6,U-020,,,
LEAD-12719,2025-08-20,Pallas Market,Developer,Software Engineer,Singapore,APAC,Developer Community,Product,CMP-031,Developer Docs Refresh — EMEA 2026-07,Developer Community,Developer Community,78,A,true,true,68,New,,,,false,false,false,,,2,,,,
LEAD-12720,2025-06-21,Juniper Freight,Product Manager,Product Manager,Japan,APAC,Organic Search,Product,CMP-012,AI Search Visibility — AMER 2026-07,Organic Search,Developer Community,87,A,true,true,81,Converted,2025-07-08,2025-07-28,2025-08-15,true,true,true,,,0,,U-009,ACC-1075,OPP-20534
LEAD-12721,2026-02-27,Juniper Bank,Product Manager,Director of Product,Mexico,AMER,Conference,Product,CMP-036,Compliance & HIPAA — AMER 2026-04,Conference,Conference,51,B,true,false,19,SQL,2026-03-17,2026-03-29,,true,true,false,,,1,,U-014,,
LEAD-12722,2026-03-05,Solstice Insure,Engineering Leader,VP Engineering,Australia,APAC,Organic Search,Product,CMP-015,Studio for Product Teams — AMER 2025-11,Organic Search,Organic Search,86,A,true,false,12,MQL,2026-03-10,,,true,false,false,,,1,,,,
LEAD-12723,2026-01-13,Wexler Retail,Procurement / Finance,Finance Director,Canada,AMER,Paid Search,Inbound Marketing,CMP-004,Cut Your Deflection Cost — AMER 2025-11,Paid Search,Paid Search,57,B,false,false,0,MQL,2026-01-29,,,true,false,false,,1,2,U-025,,,
LEAD-12724,2026-01-30,Harbor Systems,Product Manager,Head of Product,Canada,AMER,Webinar,Inbound Marketing,CMP-032,Copilot API Beta — AMER 2025-12,Webinar,Webinar,37,C,false,false,0,New,,,,false,false,false,,3,1,U-022,,,
LEAD-12725,2025-11-17,Lattice Labs,Developer,Senior Backend Engineer,Brazil,AMER,Partner / Marketplace,Partner / Referral,CMP-043,Latency Benchmark — APAC 2026-01,Partner / Marketplace,Partner / Marketplace,76,A,true,true,86,Converted,2025-11-20,2025-12-11,2025-12-17,true,true,true,,,2,,U-009,ACC-1086,OPP-20535
LEAD-12726,2025-09-11,Cinder Technologies,Developer,Software Engineer,Mexico,AMER,Outbound Sequence,Outbound,CMP-041,Studio for Product Teams — AMER 2025-04,Outbound Sequence,Customer Referral,28,D,false,false,0,Disqualified,,,,false,false,false,Duplicate,4,6,U-017,,,
LEAD-12727,2025-04-18,Vertex Systems,Engineering Leader,Head of Platform,Indonesia,APAC,Paid Search,Inbound Marketing,CMP-003,Voice Agents Launch — EMEA 2025-12,Paid Search,Paid Search,84,A,false,false,0,MQL,2025-04-28,,,true,false,false,,1,8,U-016,,,
LEAD-12728,2026-03-10,Solstice Cloud,Product Manager,Senior PM,Brazil,AMER,Conference,Inbound Marketing,CMP-036,Compliance & HIPAA — AMER 2026-04,Conference,Conference,42,C,false,true,0,New,,,,false,false,false,,3,11,U-019,,,
LEAD-12729,2025-11-29,Lattice Mobility,Developer,Platform Engineer,France,EMEA,Conference,Inbound Marketing,CMP-036,Compliance & HIPAA — AMER 2026-04,Conference,Conference,39,C,false,false,0,New,,,,false,false,false,,1,1,U-020,,,
LEAD-12730,2025-11-20,Wexler Systems,Engineering Leader,Director of Engineering,Spain,EMEA,Partner / Marketplace,Partner / Referral,CMP-042,Migrate off Legacy SMS — AMER 2025-04,Partner / Marketplace,Partner / Marketplace,96,A,true,true,0,SQL,2025-12-09,2025-12-28,,true,true,false,,,1,,U-005,,
LEAD-12731,2025-09-05,Kestrel Bank,Developer,Staff Engineer,United Kingdom,EMEA,Paid Search,Inbound Marketing,CMP-006,AI Search Visibility — AMER 2026-02,Paid Search,Paid Search,53,B,false,false,0,Converted,2025-09-07,2025-09-08,2025-09-18,true,true,true,,2,11,U-017,U-010,ACC-1001,OPP-20536
LEAD-12732,2026-06-03,Cobalt Technologies,Procurement / Finance,CFO,Sweden,EMEA,Partner / Marketplace,Partner / Referral,CMP-044,Studio for Product Teams — AMER 2025-06,Partner / Marketplace,Partner / Marketplace,87,A,false,false,0,SQL,2026-06-04,2026-06-16,,true,true,false,,3,2,U-017,U-009,,
LEAD-12733,2025-12-22,Harbor Digital,Engineering Leader,Head of Platform,Sweden,EMEA,Docs & Quickstarts,Inbound Marketing,CMP-026,Studio for Product Teams — AMER 2025-08,Docs & Quickstarts,AI Assistant Referral,92,A,false,true,0,Converted,2026-01-06,2026-01-12,2026-01-24,true,true,true,,2,3,U-027,U-005,ACC-1076,OPP-20537
LEAD-12734,2025-10-10,Onyx Freight,Procurement / Finance,CFO,Spain,EMEA,Docs & Quickstarts,Product,CMP-025,Migrate off Legacy SMS — EMEA 2025-09,Docs & Quickstarts,Docs & Quickstarts,71,A,true,false,93,Disqualified,,,,false,false,false,No use case,,0,,,,
LEAD-12735,2026-07-05,Solstice Pay,Developer,Senior Backend Engineer,UAE,EMEA,Docs & Quickstarts,Product,CMP-025,Migrate off Legacy SMS — EMEA 2025-09,Docs & Quickstarts,Docs & Quickstarts,98,A,true,false,0,Nurture,2026-07-14,,,true,false,false,,,0,,,,
LEAD-12736,2025-10-11,Dovetail Market,Developer,Platform Engineer,United States,AMER,Organic Search,Inbound Marketing,CMP-011,Developer Docs Refresh — LATAM 2025-04,Organic Search,Organic Search,41,C,false,false,0,Nurture,2025-10-23,,,true,false,false,,1,8,U-025,,,
LEAD-12737,2026-04-18,Zephyr Health,Product Manager,Product Manager,Canada,AMER,Webinar,Inbound Marketing,CMP-032,Copilot API Beta — AMER 2025-12,Webinar,Docs & Quickstarts,70,A,false,false,0,MQL,2026-04-26,,,true,false,false,,2,3,U-018,,,
LEAD-12738,2026-06-06,Halcyon Travel,Developer,Senior Backend Engineer,UAE,EMEA,Paid Social,Inbound Marketing,CMP-010,Migrate off Legacy SMS — LATAM 2025-06,Paid Social,Paid Social,39,C,false,false,0,New,,,,false,false,false,,3,5,U-018,,,
LEAD-12739,2026-08-25,Kestrel Labs,Procurement / Finance,CFO,France,EMEA,Outbound Sequence,Outbound,CMP-037,Verify Fraud Playbook — EMEA 2025-04,Outbound Sequence,Outbound Sequence,81,A,false,false,0,Converted,2026-09-09,2026-09-24,2026-10-21,true,true,true,,2,8,U-020,U-010,ACC-1022,OPP-20538
LEAD-12740,2026-08-21,Meridian Group,Engineering Leader,VP Engineering,Canada,AMER,AI Assistant Referral,Inbound Marketing,CMP-020,Q3 Pipeline Push — AMER 2025-12,AI Assistant Referral,Outbound Sequence,36,C,false,false,0,Converted,2026-09-04,2026-09-15,2026-10-10,true,true,true,,5,2,U-016,U-013,ACC-1046,OPP-20539
LEAD-12741,2025-10-17,Cobalt Labs,Procurement / Finance,CFO,United Kingdom,EMEA,Developer Community,Inbound Marketing,CMP-029,Build a Support Agent — EMEA 2025-11,Developer Community,Developer Community,68,B,false,false,0,Converted,2025-10-20,2025-10-31,2025-11-30,true,true,true,,2,10,U-027,U-008,ACC-1087,OPP-20540
LEAD-12742,2026-02-11,Vertex Group,Developer,Software Engineer,India,APAC,Developer Community,Product,CMP-031,Developer Docs Refresh — EMEA 2026-07,Developer Community,Docs & Quickstarts,42,C,true,false,41,MQL,2026-03-04,,,true,false,false,,,2,,,,
LEAD-12743,2025-07-02,Umbra Logistics,Developer,Platform Engineer,United States,AMER,Docs & Quickstarts,Product,CMP-024,Verify Fraud Playbook — AMER 2025-05,Docs & Quickstarts,Docs & Quickstarts,79,A,true,true,17,Disqualified,,,,false,false,false,Wrong geo,,2,,,,
LEAD-12744,2026-01-13,Lattice Health,Developer,Senior Backend Engineer,Brazil,AMER,Paid Search,Inbound Marketing,CMP-005,Migrate off Legacy SMS — AMER 2025-12,Paid Search,Organic Search,55,B,false,false,0,Converted,2026-01-13,2026-01-20,2026-02-03,true,true,true,,0,5,U-027,U-006,ACC-1065,OPP-20541
LEAD-12745,2026-09-08,Wexler Pay,Developer,Platform Engineer,Canada,AMER,Outbound Sequence,Outbound,CMP-040,AI Search Visibility — AMER 2026-05,Outbound Sequence,Outbound Sequence,35,C,false,true,0,New,,,,false,false,false,,1,9,U-025,,,
LEAD-12746,2026-07-22,Ember Insure,Engineering Leader,VP Engineering,Canada,AMER,Organic Search,Product,CMP-016,Q3 Pipeline Push — AMER 2026-04,Organic Search,Organic Search,100,A,true,true,18,SQL,2026-08-07,2026-08-10,,true,true,false,,,1,,U-011,,
LEAD-12747,2026-06-10,Foundry Group,Procurement / Finance,Head of Vendor Management,India,APAC,Organic Search,Inbound Marketing,CMP-018,Voice Agents Launch — AMER 2025-11,Organic Search,Organic Search,93,A,false,false,0,MQL,2026-06-17,,,true,false,false,,2,2,U-020,,,
LEAD-12748,2026-07-22,Orbital Cloud,Product Manager,Product Manager,Canada,AMER,Paid Social,Inbound Marketing,CMP-007,Developer Docs Refresh — EMEA 2025-05,Paid Social,Paid Social,53,B,false,true,0,Converted,2026-07-26,2026-08-19,2026-09-10,true,true,true,,0,6,U-023,U-003,ACC-1072,OPP-20542
LEAD-12749,2025-08-31,Juniper Freight,CX / Support Leader,Contact Centre Manager,UAE,EMEA,AI Assistant Referral,Product,CMP-021,Latency Benchmark — LATAM 2025-09,AI Assistant Referral,Developer Community,81,A,true,true,14,SQL,2025-09-12,2025-09-29,,true,true,false,,,2,,U-009,,
LEAD-12750,2025-06-19,Umbra Market,Developer,Platform Engineer,United States,AMER,Developer Community,Product,CMP-030,Latency Benchmark — AMER 2025-08,Developer Community,Developer Community,31,C,true,true,15,New,,,,false,false,false,,,0,,,,
LEAD-12751,2025-08-05,Meridian Care,Engineering Leader,VP Engineering,Netherlands,EMEA,Organic Search,Product,CMP-014,Compliance & HIPAA — APAC 2025-09,Organic Search,Organic Search,72,A,true,false,82,MQL,2025-08-05,,,true,false,false,,,1,,,,
LEAD-12752,2026-01-10,Zephyr Care,Developer,Senior Backend Engineer,Mexico,AMER,Conference,Inbound Marketing,CMP-035,Q3 Pipeline Push — EMEA 2026-05,Conference,Conference,21,D,false,false,0,Working,,,,false,false,false,,2,8,U-020,,,
LEAD-12753,2025-10-11,Lumen Freight,Engineering Leader,Director of Engineering,United Kingdom,EMEA,AI Assistant Referral,Product,CMP-021,Latency Benchmark — LATAM 2025-09,AI Assistant Referral,AI Assistant Referral,96,A,true,true,71,SQL,2025-10-14,2025-11-01,,true,true,false,,,2,,U-005,,
LEAD-12754,2025-11-11,Zephyr Gaming,CX / Support Leader,Contact Centre Manager,France,EMEA,Docs & Quickstarts,Product,CMP-025,Migrate off Legacy SMS — EMEA 2025-09,Docs & Quickstarts,Customer Referral,100,A,true,false,88,Converted,2025-11-17,2025-11-26,2025-12-07,true,true,true,,,2,,U-012,ACC-1071,OPP-20543
LEAD-12755,2025-12-21,Umbra Mobility,Developer,Software Engineer,Canada,AMER,Partner / Marketplace,Partner / Referral,CMP-044,Studio for Product Teams — AMER 2025-06,Partner / Marketplace,Partner / Marketplace,38,C,false,false,0,New,,,,false,false,false,,4,5,U-026,,,
LEAD-12756,2026-06-02,Solstice Gaming,Procurement / Finance,CFO,Canada,AMER,Conference,Inbound Marketing,CMP-035,Q3 Pipeline Push — EMEA 2026-05,Conference,Conference,70,A,false,false,0,Converted,2026-06-16,2026-06-18,2026-07-01,true,true,true,,4,5,U-016,U-006,ACC-1059,OPP-20544
LEAD-12757,2025-04-22,Solstice Bank,Developer,Staff Engineer,Canada,AMER,Paid Search,Inbound Marketing,CMP-005,Migrate off Legacy SMS — AMER 2025-12,Paid Search,Paid Search,31,C,false,false,0,SQL,2025-04-28,2025-05-24,,true,true,false,,3,11,U-027,U-012,,
LEAD-12758,2025-11-11,Quanta Gaming,Engineering Leader,Head of Platform,Germany,EMEA,Organic Search,Product,CMP-012,AI Search Visibility — AMER 2026-07,Organic Search,Organic Search,93,A,true,true,64,Converted,2025-11-16,2025-11-28,2025-12-13,true,true,true,,,2,,U-013,ACC-1121,OPP-20545
LEAD-12759,2025-05-02,Kestrel Freight,Engineering Leader,VP Engineering,Brazil,AMER,Docs & Quickstarts,Product,CMP-024,Verify Fraud Playbook — AMER 2025-05,Docs & Quickstarts,Docs & Quickstarts,88,A,true,false,72,Disqualified,,,,false,false,false,Went silent,,0,,,,
LEAD-12760,2025-09-26,Beacon Market,CX / Support Leader,Head of Support,Brazil,AMER,Partner / Marketplace,Partner / Referral,CMP-043,Latency Benchmark — APAC 2026-01,Partner / Marketplace,Docs & Quickstarts,95,A,true,true,50,Nurture,2025-09-29,,,true,false,false,,,0,,,,
LEAD-12761,2026-08-14,Juniper Group,Developer,Software Engineer,Brazil,AMER,Developer Community,Product,CMP-031,Developer Docs Refresh — EMEA 2026-07,Developer Community,Developer Community,58,B,true,true,80,Disqualified,,,,false,false,false,Competitor,,0,,,,
LEAD-12762,2026-01-08,Onyx Systems,Developer,Platform Engineer,United States,AMER,Paid Search,Product,CMP-004,Cut Your Deflection Cost — AMER 2025-11,Paid Search,Conference,86,A,true,true,84,Nurture,2026-01-16,,,true,false,false,,,0,,,,
LEAD-12763,2026-01-21,Quanta Cloud,CX / Support Leader,Director of Service Ops,Netherlands,EMEA,Paid Search,Inbound Marketing,CMP-003,Voice Agents Launch — EMEA 2025-12,Paid Search,Organic Search,84,A,false,false,0,MQL,2026-01-27,,,true,false,false,,1,5,U-019,,,
LEAD-12764,2025-04-25,Halcyon Travel,Engineering Leader,Director of Engineering,Indonesia,APAC,Outbound Sequence,Outbound,CMP-039,Studio for Product Teams — EMEA 2026-02,Outbound Sequence,Customer Referral,47,C,false,false,0,Converted,2025-05-01,2025-05-19,2025-06-16,true,true,true,,4,8,U-027,U-003,ACC-1012,OPP-20546
LEAD-12765,2026-07-22,Cinder Health,Engineering Leader,VP Engineering,United States,AMER,Organic Search,Product,CMP-013,Verify Fraud Playbook — LATAM 2026-01,Organic Search,Organic Search,81,A,true,true,52,Converted,2026-07-28,2026-08-01,2026-08-16,true,true,true,,,2,,U-002,ACC-1076,OPP-20547
LEAD-12766,2026-04-24,North Systems,Product Manager,Head of Product,Canada,AMER,Organic Search,Product,CMP-018,Voice Agents Launch — AMER 2025-11,Organic Search,Organic Search,100,A,true,true,60,MQL,2026-04-24,,,true,false,false,,,0,,,,
LEAD-12767,2025-04-08,Lumen Freight,Developer,Platform Engineer,Brazil,AMER,AI Assistant Referral,Product,CMP-020,Q3 Pipeline Push — AMER 2025-12,AI Assistant Referral,Paid Social,61,B,true,false,98,MQL,2025-04-12,,,true,false,false,,,2,,,,
LEAD-12768,2026-06-28,Onyx Pay,Developer,Staff Engineer,Brazil,AMER,Paid Social,Inbound Marketing,CMP-010,Migrate off Legacy SMS — LATAM 2025-06,Paid Social,Paid Social,35,C,false,false,0,Disqualified,,,,false,false,false,Student / hobby project,1,4,U-018,,,
LEAD-12769,2025-07-25,Dovetail Digital,Developer,Platform Engineer,United States,AMER,Developer Community,Product,CMP-029,Build a Support Agent — EMEA 2025-11,Developer Community,Developer Community,50,B,true,false,84,MQL,2025-08-10,,,true,false,false,,,0,,,,
LEAD-12770,2026-08-25,Wexler Pay,Developer,Senior Backend Engineer,United States,AMER,Developer Community,Product,CMP-029,Build a Support Agent — EMEA 2025-11,Developer Community,Conference,8,D,true,true,39,Disqualified,,,,false,false,false,Went silent,,0,,,,
LEAD-12771,2025-06-03,Beacon Insure,Product Manager,Product Manager,Mexico,AMER,Outbound Sequence,Outbound,CMP-041,Studio for Product Teams — AMER 2025-04,Outbound Sequence,Outbound Sequence,34,C,false,false,0,Working,,,,false,false,false,,4,10,U-021,,,
LEAD-12772,2026-03-18,Quanta Learning,Product Manager,Director of Product,Canada,AMER,Customer Referral,Partner / Referral,CMP-046,Migrate off Legacy SMS — AMER 2026-03,Customer Referral,Customer Referral,59,B,false,false,0,Converted,2026-03-28,2026-04-08,2026-04-25,true,true,true,,4,1,U-022,U-012,ACC-1125,OPP-20548
LEAD-12773,2026-03-06,Onyx Gaming,Developer,Staff Engineer,Spain,EMEA,AI Assistant Referral,Product,CMP-019,Studio for Product Teams — APAC 2026-02,AI Assistant Referral,AI Assistant Referral,49,C,true,true,44,Converted,2026-03-07,2026-03-19,2026-04-03,true,true,true,,,2,,U-012,ACC-1007,OPP-20549
LEAD-12774,2025-05-24,Solstice Gaming,Developer,Staff Engineer,Canada,AMER,Outbound Sequence,Outbound,CMP-039,Studio for Product Teams — EMEA 2026-02,Outbound Sequence,Outbound Sequence,37,C,false,false,0,Converted,2025-06-13,2025-06-19,2025-07-07,true,true,true,,4,7,U-015,U-009,ACC-1128,OPP-20550
LEAD-12775,2025-04-06,Foundry Logistics,Engineering Leader,Head of Platform,Mexico,AMER,Paid Search,Product,CMP-005,Migrate off Legacy SMS — AMER 2025-12,Paid Search,Paid Search,84,A,true,false,56,SQL,2025-04-10,2025-04-15,,true,true,false,,,1,,U-010,,
LEAD-12776,2026-05-23,Juniper Learning,Engineering Leader,CTO,Japan,APAC,Organic Search,Product,CMP-014,Compliance & HIPAA — APAC 2025-09,Organic Search,Organic Search,88,A,true,true,70,New,,,,false,false,false,,,1,,,,
LEAD-12777,2025-06-04,Ember Travel,Engineering Leader,VP Engineering,Canada,AMER,Paid Search,Product,CMP-006,AI Search Visibility — AMER 2026-02,Paid Search,Paid Search,91,A,true,true,33,SQL,2025-06-11,2025-06-27,,true,true,false,,,2,,U-004,,
LEAD-12778,2025-04-14,Lattice Cloud,Developer,Platform Engineer,United States,AMER,Organic Search,Inbound Marketing,CMP-015,Studio for Product Teams — AMER 2025-11,Organic Search,AI Assistant Referral,57,B,false,false,0,SQL,2025-05-01,2025-05-17,,true,true,false,,3,6,U-027,U-010,,
LEAD-12779,2026-02-12,Sable Market,Developer,Staff Engineer,United Kingdom,EMEA,Organic Search,Inbound Marketing,CMP-013,Verify Fraud Playbook — LATAM 2026-01,Organic Search,Docs & Quickstarts,33,C,false,false,0,Disqualified,,,,false,false,false,Competitor,2,11,U-027,,,
LEAD-12780,2026-02-02,Solstice Technologies,Developer,Platform Engineer,Chile,LATAM,Organic Search,Product,CMP-014,Compliance & HIPAA — APAC 2025-09,Organic Search,Organic Search,60,B,true,true,60,Nurture,2026-02-16,,,true,false,false,,,0,,,,
LEAD-12781,2025-10-08,Aster Digital,Product Manager,Head of Product,Spain,EMEA,Paid Search,Inbound Marketing,CMP-001,Copilot API Beta — AMER 2026-02,Paid Search,Webinar,46,C,false,true,0,Disqualified,,,,false,false,false,Student / hobby project,4,2,U-026,,,
LEAD-12782,2026-02-09,Lumen Mobility,Product Manager,Senior PM,United Kingdom,EMEA,Paid Search,Inbound Marketing,CMP-001,Copilot API Beta — AMER 2026-02,Paid Search,Partner / Marketplace,61,B,false,true,0,SQL,2026-02-25,2026-03-13,,true,true,false,,2,4,U-022,U-002,,
LEAD-12783,2025-10-22,Foundry Care,Product Manager,Product Manager,Canada,AMER,AI Assistant Referral,Product,CMP-020,Q3 Pipeline Push — AMER 2025-12,AI Assistant Referral,AI Assistant Referral,84,A,true,false,16,Nurture,2025-11-08,,,true,false,false,,,2,,,,
LEAD-12784,2025-09-19,Harbor Bank,Developer,Software Engineer,United States,AMER,Organic Search,Product,CMP-016,Q3 Pipeline Push — AMER 2026-04,Organic Search,Paid Social,67,B,true,false,12,MQL,2025-10-07,,,true,false,false,,,1,,,,
LEAD-12785,2026-04-29,Tundra Health,Developer,Software Engineer,Singapore,APAC,Outbound Sequence,Outbound,CMP-041,Studio for Product Teams — AMER 2025-04,Outbound Sequence,Outbound Sequence,24,D,false,false,0,Disqualified,,,,false,false,false,Free tier is enough,3,7,U-020,,,
LEAD-12786,2026-07-26,Vantage Works,Engineering Leader,VP Engineering,Germany,EMEA,Customer Referral,Partner / Referral,CMP-046,Migrate off Legacy SMS — AMER 2026-03,Customer Referral,Customer Referral,75,A,true,true,25,SQL,2026-07-26,2026-08-02,,true,true,false,,,1,,U-008,,
LEAD-12787,2025-10-27,Vantage Retail,Developer,Senior Backend Engineer,United States,AMER,Organic Search,Product,CMP-017,Latency Benchmark — AMER 2026-05,Organic Search,Organic Search,45,C,true,true,63,SQL,2025-10-27,2025-11-02,,true,true,false,,,2,,U-006,,
LEAD-12788,2026-03-27,Vantage Insure,Developer,Senior Backend Engineer,United States,AMER,AI Assistant Referral,Product,CMP-020,Q3 Pipeline Push — AMER 2025-12,AI Assistant Referral,AI Assistant Referral,68,B,true,false,46,New,,,,false,false,false,,,2,,,,
LEAD-12789,2025-07-23,Juniper Market,Procurement / Finance,Finance Director,United States,AMER,Outbound Sequence,Outbound,CMP-041,Studio for Product Teams — AMER 2025-04,Outbound Sequence,Outbound Sequence,57,B,false,false,0,MQL,2025-08-01,,,true,false,false,,1,2,U-022,,,
LEAD-12790,2025-09-26,Umbra Labs,Engineering Leader,Head of Platform,United States,AMER,Developer Community,Product,CMP-030,Latency Benchmark — AMER 2025-08,Developer Community,Developer Community,73,A,true,true,50,Nurture,2025-09-29,,,true,false,false,,,0,,,,
LEAD-12791,2026-03-14,Foundry Freight,Procurement / Finance,Procurement Manager,Brazil,AMER,Outbound Sequence,Outbound,CMP-038,Migrate off Legacy SMS — AMER 2025-04,Outbound Sequence,Outbound Sequence,61,B,false,false,0,Working,,,,false,false,false,,3,2,U-019,,,
LEAD-12792,2025-07-24,Umbra Technologies,Developer,Staff Engineer,Brazil,AMER,Paid Social,Inbound Marketing,CMP-008,Developer Docs Refresh — EMEA 2026-02,Paid Social,Paid Social,38,C,false,false,0,Working,,,,false,false,false,,5,7,U-019,,,
LEAD-12793,2026-01-08,Cobalt Group,Developer,Platform Engineer,Netherlands,EMEA,Paid Search,Product,CMP-002,Studio for Product Teams — AMER 2025-08,Paid Search,Paid Search,45,C,true,true,26,SQL,2026-01-27,2026-02-10,,true,true,false,,,0,,U-010,,
LEAD-12794,2025-08-31,Cobalt Technologies,CX / Support Leader,Head of Support,Australia,APAC,Paid Search,Inbound Marketing,CMP-002,Studio for Product Teams — AMER 2025-08,Paid Search,Outbound Sequence,66,B,false,false,0,Working,,,,false,false,false,,4,10,U-018,,,
LEAD-12795,2026-02-20,Solstice Insure,Developer,Software Engineer,Canada,AMER,Outbound Sequence,Outbound,CMP-040,AI Search Visibility — AMER 2026-05,Outbound Sequence,Outbound Sequence,3,D,false,false,0,Working,,,,false,false,false,,0,9,U-021,,,
LEAD-12796,2026-01-14,Tundra Mobility,Developer,Software Engineer,Indonesia,APAC,Docs & Quickstarts,Product,CMP-027,Cut Your Deflection Cost — APAC 2025-05,Docs & Quickstarts,Customer Referral,60,B,true,true,73,Nurture,2026-01-30,,,true,false,false,,,2,,,,
LEAD-12797,2026-07-06,Wexler Health,Product Manager,Head of Product,Indonesia,APAC,Docs & Quickstarts,Inbound Marketing,CMP-028,Migrate off Legacy SMS — AMER 2025-11,Docs & Quickstarts,Docs & Quickstarts,46,C,false,false,0,Disqualified,,,,false,false,false,Went silent,1,5,U-018,,,
LEAD-12798,2026-03-23,Dovetail Mobility,CX / Support Leader,Contact Centre Manager,United Kingdom,EMEA,Paid Search,Inbound Marketing,CMP-006,AI Search Visibility — AMER 2026-02,Paid Search,Paid Search,58,B,false,false,0,MQL,2026-04-06,,,true,false,false,,3,3,U-026,,,
LEAD-12799,2026-05-04,Vantage Retail,Procurement / Finance,Procurement Manager,United States,AMER,Docs & Quickstarts,Inbound Marketing,CMP-028,Migrate off Legacy SMS — AMER 2025-11,Docs & Quickstarts,AI Assistant Referral,79,A,false,false,0,SQL,2026-05-06,2026-05-18,,true,true,false,,2,10,U-016,U-006,,
