OpportunityId,OpportunityName,AccountId,AccountName,Segment,Motion,Industry,Region,Country,Type,Stage,ForecastCategory,Amount,ARR,Probability,WeightedAmount,CreatedDate,CloseDate,StageEnteredDate,DaysInCurrentStage,SalesCycleDays,AgeDays,IsClosed,IsWon,LossReason,Competitor,OwnerId,OwnerName,LeadSource,SourceCategory,OriginatingLeadId,CampaignId,ProductCount,PrimaryProduct,POCCompleted,POCDays,SecurityReviewDays,ContactsEngaged,HasEconomicBuyer,NextStep
OPP-20001,Umbra Technologies — New Business — Namilio Copilot API,ACC-1029,Umbra Technologies,Self-Serve,PLG,E-commerce,AMER,Mexico,New Business,Closed Lost,Omitted,12900,12900,0,0,2025-12-14,2025-12-27,2025-12-25,2,13,13,true,false,Failed security review,,,Self-Serve (no owner),Paid Search,Product,LEAD-10021,CMP-005,1,Namilio Copilot API,false,,,1,true,
OPP-20002,Meridian Technologies — New Business — Namilio Verify,ACC-1045,Meridian Technologies,Self-Serve,PLG,Logistics,APAC,India,New Business,Closed Lost,Omitted,5000,5000,0,0,2025-09-26,2025-09-30,2025-09-29,1,4,4,true,false,Price,LegacyCPaaS,,Self-Serve (no owner),Webinar,Inbound Marketing,LEAD-10027,CMP-033,1,Namilio Verify,false,,19,1,false,
OPP-20003,Dovetail Gaming — New Business — Namilio Messaging API,ACC-1017,Dovetail Gaming,Mid-Market,Sales-Led,EdTech,AMER,Brazil,New Business,Closed Lost,Omitted,147600,147600,0,0,2026-06-16,2026-08-04,2026-07-24,11,49,49,true,false,Built in-house,TalkStack,U-012,Kwame Berg,Docs & Quickstarts,Product,LEAD-10037,CMP-028,3,Namilio Messaging API,true,19,,6,false,
OPP-20004,Quanta Labs — New Business — Namilio Studio,ACC-1009,Quanta Labs,Enterprise,Sales-Led,SaaS,EMEA,UAE,New Business,Closed Lost,Omitted,866300,866300,0,0,2025-07-24,2025-11-26,2025-10-14,43,125,125,true,false,Timing / budget freeze,LegacyCPaaS,U-013,Kwame Okafor,Paid Social,Product,LEAD-10042,CMP-010,3,Namilio Studio,true,,18,4,true,
OPP-20005,Meridian Health — New Business — Namilio Connect Enterprise,ACC-1110,Meridian Health,Enterprise,Sales-Led,SaaS,EMEA,UAE,New Business,Closed Lost,Omitted,578100,578100,0,0,2026-03-28,2026-08-23,2026-08-02,21,148,148,true,false,Built in-house,LegacyCPaaS,U-010,Ana Iyer,Docs & Quickstarts,Product,LEAD-10044,CMP-023,2,Namilio Connect Enterprise,true,9,53,1,true,
OPP-20006,Halcyon Labs — New Business — Namilio Copilot API,ACC-1095,Halcyon Labs,Enterprise,Sales-Led,Logistics,APAC,Singapore,New Business,Proposal / Quote,Commit,548900,548900,68,373252,2026-04-12,2026-12-02,2026-11-25,0,,171,false,false,,,U-013,Kwame Okafor,Conference,Inbound Marketing,LEAD-10047,CMP-036,2,Namilio Copilot API,true,56,64,7,true,Send security questionnaire
OPP-20007,Solstice Health — New Business — Namilio Messaging API,ACC-1100,Solstice Health,Mid-Market,Sales-Led,Fintech,AMER,Brazil,New Business,Closed Won,Closed,160500,160500,100,160500,2026-05-18,2026-07-22,2026-07-15,7,65,65,true,true,,,U-011,Ben Moreno,Partner / Marketplace,Partner / Referral,LEAD-10048,CMP-044,1,Namilio Messaging API,true,,,1,false,
OPP-20008,Umbra Insure — New Business — Namilio Copilot API,ACC-1033,Umbra Insure,Self-Serve,PLG,Healthcare,AMER,Brazil,New Business,Closed Lost,Omitted,10100,10100,0,0,2026-08-30,2026-09-06,2026-09-04,2,7,7,true,false,Built in-house,,,Self-Serve (no owner),Docs & Quickstarts,Inbound Marketing,LEAD-10052,CMP-023,1,Namilio Copilot API,false,,,1,false,
OPP-20009,Zephyr Health — New Business — Namilio Copilot API,ACC-1060,Zephyr Health,SMB,Sales-Assisted,Telecom,AMER,United States,New Business,Closed Won,Closed,21500,21500,100,21500,2026-03-15,2026-04-08,2026-04-04,4,24,24,true,true,,,U-003,Clara Qureshi,Paid Social,Product,LEAD-10054,CMP-007,1,Namilio Copilot API,false,43,5,3,false,
OPP-20010,Zephyr Bank — New Business — Namilio Copilot API,ACC-1085,Zephyr Bank,SMB,Sales-Assisted,E-commerce,EMEA,Germany,New Business,Closed Lost,Omitted,16400,16400,0,0,2025-06-16,2025-06-28,2025-06-26,2,12,12,true,false,Missing feature,,U-006,Zara Hale,Paid Social,Product,LEAD-10058,CMP-008,1,Namilio Copilot API,true,10,,3,false,
OPP-20011,Rivet Logistics — New Business — Namilio Messaging API,ACC-1040,Rivet Logistics,Self-Serve,PLG,Real Estate,EMEA,Sweden,New Business,Closed Won,Closed,11600,11600,100,11600,2025-10-07,2025-10-21,2025-10-17,4,14,14,true,true,,,,Self-Serve (no owner),AI Assistant Referral,Product,LEAD-10060,CMP-021,1,Namilio Messaging API,false,,,1,true,
OPP-20012,Halcyon Market — New Business — Namilio Copilot API,ACC-1065,Halcyon Market,SMB,Sales-Assisted,Public Sector,AMER,Canada,New Business,Closed Won,Closed,13800,13800,100,13800,2025-08-13,2025-08-28,2025-08-25,3,15,15,true,true,,,U-014,Priya Hale,Organic Search,Inbound Marketing,LEAD-10066,CMP-018,2,Namilio Copilot API,true,,18,1,true,
OPP-20013,Harbor Retail — New Business — Namilio Studio,ACC-1087,Harbor Retail,SMB,Sales-Assisted,Gaming,APAC,Indonesia,New Business,Discovery,Pipeline,42300,42300,12,5076,2026-10-13,2026-10-21,2026-10-18,0,,-13,false,false,,,U-005,Maya Diallo,Developer Community,Product,LEAD-10078,CMP-030,3,Namilio Studio,true,46,13,6,true,Send security questionnaire
OPP-20014,Vertex Market — New Business — Namilio Voice Agents,ACC-1071,Vertex Market,Mid-Market,Sales-Led,SaaS,AMER,Canada,New Business,Closed Lost,Omitted,93500,93500,0,0,2026-04-22,2026-06-20,2026-06-14,6,59,59,true,false,Lost to competitor,,U-009,Zara Chen,Webinar,Inbound Marketing,LEAD-10080,CMP-034,2,Namilio Voice Agents,true,8,,4,false,
OPP-20015,Vertex Care — New Business — Namilio Studio,ACC-1018,Vertex Care,Self-Serve,PLG,SaaS,AMER,Brazil,New Business,Closed Lost,Omitted,6100,6100,0,0,2025-10-15,2025-10-31,2025-10-28,3,16,16,true,false,Champion left,TalkStack,,Self-Serve (no owner),Paid Search,Inbound Marketing,LEAD-10082,CMP-001,1,Namilio Studio,false,,,1,false,
OPP-20016,Rivet Learning — New Business — Namilio Copilot API,ACC-1113,Rivet Learning,Mid-Market,Sales-Led,Gaming,LATAM,Argentina,New Business,Closed Won,Closed,67400,67400,100,67400,2026-05-20,2026-08-10,2026-08-09,1,82,82,true,true,,,U-007,Ben Hale,Outbound Sequence,Outbound,LEAD-10088,CMP-040,2,Namilio Copilot API,true,,7,4,true,
OPP-20017,Lumen Technologies — New Business — Namilio Studio,ACC-1014,Lumen Technologies,Self-Serve,PLG,SaaS,EMEA,UAE,New Business,Closed Won,Closed,13300,13300,100,13300,2025-08-22,2025-08-30,2025-08-28,2,8,8,true,true,,,,Self-Serve (no owner),Outbound Sequence,Outbound,LEAD-10093,CMP-037,1,Namilio Studio,false,,,1,true,
OPP-20018,Sable Pay — New Business — Namilio Messaging API,ACC-1000,Sable Pay,SMB,Sales-Assisted,EdTech,LATAM,Argentina,New Business,Closed Won,Closed,34800,34800,100,34800,2026-08-04,2026-09-12,2026-08-31,12,39,39,true,true,,,U-006,Zara Hale,AI Assistant Referral,Inbound Marketing,LEAD-10095,CMP-021,3,Namilio Messaging API,true,22,,5,false,
OPP-20019,Lumen Labs — New Business — Namilio Studio,ACC-1041,Lumen Labs,Mid-Market,Sales-Led,Real Estate,APAC,India,New Business,Closed Lost,Omitted,133200,133200,0,0,2026-07-06,2026-09-18,2026-08-25,24,74,74,true,false,Price,SendGridish,U-009,Zara Chen,Webinar,Inbound Marketing,LEAD-10098,CMP-033,2,Namilio Studio,true,,13,4,false,
OPP-20020,Vertex Care — New Business — Namilio Copilot API,ACC-1018,Vertex Care,Self-Serve,PLG,SaaS,AMER,Brazil,New Business,Closed Lost,Omitted,7300,7300,0,0,2026-03-16,2026-03-27,2026-03-26,1,11,11,true,false,Timing / budget freeze,LegacyCPaaS,,Self-Serve (no owner),Docs & Quickstarts,Product,LEAD-10114,CMP-026,1,Namilio Copilot API,false,,,1,true,
OPP-20021,Lumen Pay — New Business — Namilio Studio,ACC-1109,Lumen Pay,Self-Serve,PLG,Insurance,AMER,Canada,New Business,Closed Lost,Omitted,2600,2600,0,0,2026-01-18,2026-01-29,2026-01-27,2,11,11,true,false,Built in-house,,,Self-Serve (no owner),Partner / Marketplace,Partner / Referral,LEAD-10115,CMP-043,1,Namilio Studio,false,,,1,true,
OPP-20022,Quanta Systems — New Business — Namilio Verify,ACC-1114,Quanta Systems,Strategic,Sales-Led,Travel,AMER,Brazil,New Business,Closed Lost,Omitted,1794100,1794100,0,0,2025-08-25,2026-04-16,2026-02-11,64,234,234,true,false,Timing / budget freeze,TalkStack,U-004,Clara Brandt,Partner / Marketplace,Partner / Referral,LEAD-10119,CMP-043,4,Namilio Verify,false,37,30,3,false,
OPP-20023,Halcyon Learning — New Business — Namilio Voice Agents,ACC-1123,Halcyon Learning,Self-Serve,PLG,Gaming,LATAM,Argentina,New Business,Business Case,Best Case,6700,6700,45,3015,2026-10-09,2026-10-19,2026-10-17,0,,-9,false,false,,,,Self-Serve (no owner),Developer Community,Product,LEAD-10120,CMP-031,1,Namilio Voice Agents,false,,,1,true,Awaiting procurement
OPP-20024,Harbor Works — New Business — Namilio Messaging API,ACC-1011,Harbor Works,SMB,Sales-Assisted,Fintech,AMER,United States,New Business,Closed Lost,Omitted,10700,10700,0,0,2025-05-24,2025-06-20,2025-06-09,11,27,27,true,false,No decision,Vocalis,U-006,Zara Hale,Docs & Quickstarts,Product,LEAD-10121,CMP-025,2,Namilio Messaging API,true,38,,6,false,
OPP-20025,Solstice Logistics — New Business — Namilio Verify,ACC-1069,Solstice Logistics,Self-Serve,PLG,Real Estate,AMER,Brazil,New Business,Closed Won,Closed,6700,6700,100,6700,2026-01-22,2026-02-06,2026-02-01,5,15,15,true,true,,,,Self-Serve (no owner),Organic Search,Inbound Marketing,LEAD-10122,CMP-017,1,Namilio Verify,false,,17,1,false,
OPP-20026,Quanta Works — New Business — Namilio Studio,ACC-1068,Quanta Works,Self-Serve,PLG,Travel,EMEA,Netherlands,New Business,Closed Won,Closed,7600,7600,100,7600,2026-04-30,2026-05-17,2026-05-15,2,17,17,true,true,,,,Self-Serve (no owner),Docs & Quickstarts,Product,LEAD-10127,CMP-028,1,Namilio Studio,false,,13,1,false,
OPP-20027,Cobalt Technologies — New Business — Namilio Messaging API,ACC-1124,Cobalt Technologies,Mid-Market,Sales-Led,Gaming,AMER,United States,New Business,Closed Lost,Omitted,90300,90300,0,0,2025-05-30,2025-07-24,2025-07-23,1,55,55,true,false,Missing feature,LegacyCPaaS,U-009,Zara Chen,Paid Search,Inbound Marketing,LEAD-10130,CMP-004,1,Namilio Messaging API,false,48,,6,false,
OPP-20028,Lumen Freight — New Business — Namilio Verify,ACC-1042,Lumen Freight,Strategic,Sales-Led,Real Estate,EMEA,United Kingdom,New Business,Closed Lost,Omitted,3120500,3120500,0,0,2026-02-11,2026-09-20,2026-09-03,17,221,221,true,false,Built in-house,LegacyCPaaS,U-002,Diego Bright,Paid Search,Inbound Marketing,LEAD-10138,CMP-002,5,Namilio Verify,false,,56,4,true,
OPP-20029,Juniper Care — New Business — Namilio Copilot API,ACC-1098,Juniper Care,Mid-Market,Sales-Led,Fintech,APAC,Singapore,New Business,Closed Lost,Omitted,50000,50000,0,0,2025-05-09,2025-08-09,2025-07-16,24,92,92,true,false,Champion left,OpenVoice,U-009,Zara Chen,Partner / Marketplace,Partner / Referral,LEAD-10147,CMP-042,3,Namilio Copilot API,true,,21,1,false,
OPP-20030,Halcyon Labs — New Business — Namilio Voice Agents,ACC-1095,Halcyon Labs,Enterprise,Sales-Led,Logistics,APAC,Singapore,New Business,Closed Lost,Omitted,298200,298200,0,0,2026-02-16,2026-04-11,2026-03-20,22,54,54,true,false,No decision,,U-010,Ana Iyer,Organic Search,Inbound Marketing,LEAD-10150,CMP-012,2,Namilio Voice Agents,true,20,38,3,false,
OPP-20031,Rivet Cloud — New Business — Namilio Studio,ACC-1104,Rivet Cloud,Self-Serve,PLG,E-commerce,AMER,Brazil,New Business,Closed Won,Closed,7700,7700,100,7700,2026-01-09,2026-01-22,2026-01-18,4,13,13,true,true,,,,Self-Serve (no owner),Paid Search,Inbound Marketing,LEAD-10159,CMP-005,1,Namilio Studio,false,,,1,false,
OPP-20032,Sable Pay — New Business — Namilio Studio,ACC-1000,Sable Pay,SMB,Sales-Assisted,EdTech,LATAM,Argentina,New Business,Closed Won,Closed,34900,34900,100,34900,2025-09-17,2025-09-27,2025-09-24,3,10,10,true,true,,,U-014,Priya Hale,Organic Search,Product,LEAD-10166,CMP-014,1,Namilio Studio,false,58,,5,true,
OPP-20033,Tundra Digital — New Business — Namilio Copilot API,ACC-1116,Tundra Digital,Enterprise,Sales-Led,Public Sector,AMER,Canada,New Business,Closed Won,Closed,599700,599700,100,599700,2025-08-23,2026-01-13,2025-12-16,28,143,143,true,true,,,U-010,Ana Iyer,Docs & Quickstarts,Product,LEAD-10167,CMP-024,1,Namilio Copilot API,true,20,51,7,true,
OPP-20034,Cobalt Gaming — New Business — Namilio Verify,ACC-1051,Cobalt Gaming,Self-Serve,PLG,E-commerce,AMER,United States,New Business,Closed Lost,Omitted,12600,12600,0,0,2026-02-18,2026-03-01,2026-02-26,3,11,11,true,false,Missing feature,,,Self-Serve (no owner),Paid Social,Inbound Marketing,LEAD-10177,CMP-009,1,Namilio Verify,false,,9,1,false,
OPP-20035,Solstice Retail — New Business — Namilio Messaging API,ACC-1049,Solstice Retail,Self-Serve,PLG,Travel,EMEA,Spain,New Business,Closed Lost,Omitted,8100,8100,0,0,2026-05-25,2026-06-01,2026-05-29,3,7,7,true,false,Failed security review,LegacyCPaaS,,Self-Serve (no owner),Docs & Quickstarts,Product,LEAD-10180,CMP-025,1,Namilio Messaging API,false,,,1,false,
OPP-20036,Quanta Travel — New Business — Namilio Copilot API,ACC-1127,Quanta Travel,SMB,Sales-Assisted,Travel,APAC,Indonesia,New Business,Closed Lost,Omitted,20700,20700,0,0,2026-06-01,2026-06-17,2026-06-14,3,16,16,true,false,Price,LegacyCPaaS,U-006,Zara Hale,Organic Search,Product,LEAD-10182,CMP-017,3,Namilio Copilot API,false,23,,1,true,
OPP-20037,Ember Gaming — New Business — Namilio Voice Agents,ACC-1078,Ember Gaming,SMB,Sales-Assisted,Fintech,EMEA,France,New Business,Closed Lost,Omitted,33000,33000,0,0,2026-08-20,2026-09-21,2026-09-13,8,32,32,true,false,Lost to competitor,,U-014,Priya Hale,Organic Search,Inbound Marketing,LEAD-10183,CMP-015,2,Namilio Voice Agents,false,,,1,false,
OPP-20038,Beacon Logistics — New Business — Namilio Copilot API,ACC-1107,Beacon Logistics,Mid-Market,Sales-Led,Telecom,AMER,United States,New Business,Closed Lost,Omitted,78800,78800,0,0,2026-01-16,2026-04-22,2026-04-16,6,96,96,true,false,Champion left,TalkStack,U-009,Zara Chen,Paid Search,Product,LEAD-10185,CMP-002,3,Namilio Copilot API,true,,,5,false,
OPP-20039,Sable Digital — New Business — Namilio Verify,ACC-1035,Sable Digital,SMB,Sales-Assisted,Travel,EMEA,United Kingdom,New Business,Closed Won,Closed,43400,43400,100,43400,2025-11-01,2025-12-08,2025-11-24,14,37,37,true,true,,,U-006,Zara Hale,AI Assistant Referral,Product,LEAD-10187,CMP-022,1,Namilio Verify,true,,16,7,false,
OPP-20040,Rivet Learning — New Business — Namilio Connect Enterprise,ACC-1113,Rivet Learning,Mid-Market,Sales-Led,Gaming,LATAM,Argentina,New Business,Closed Won,Closed,96600,96600,100,96600,2025-11-05,2025-12-04,2025-12-01,3,29,29,true,true,,,U-011,Ben Moreno,Organic Search,Product,LEAD-10193,CMP-013,3,Namilio Connect Enterprise,true,59,,7,false,
OPP-20041,Zephyr Mobility — New Business — Namilio Voice Agents,ACC-1083,Zephyr Mobility,Self-Serve,PLG,Logistics,EMEA,UAE,New Business,Closed Lost,Omitted,7600,7600,0,0,2025-05-21,2025-06-04,2025-06-02,2,14,14,true,false,No decision,,,Self-Serve (no owner),Paid Search,Inbound Marketing,LEAD-10196,CMP-006,1,Namilio Voice Agents,false,,,1,true,
OPP-20042,Solstice Care — New Business — Namilio Voice Agents,ACC-1082,Solstice Care,Enterprise,Sales-Led,E-commerce,APAC,Indonesia,New Business,Closed Lost,Omitted,373600,373600,0,0,2026-01-22,2026-07-15,2026-05-25,51,174,174,true,false,Lost to competitor,,U-010,Ana Iyer,Docs & Quickstarts,Product,LEAD-10197,CMP-028,3,Namilio Voice Agents,true,,67,6,false,
OPP-20043,Cobalt Retail — New Business — Namilio Voice Agents,ACC-1136,Cobalt Retail,Self-Serve,PLG,Travel,EMEA,United Kingdom,New Business,Closed Lost,Omitted,6400,6400,0,0,2025-09-25,2025-10-21,2025-10-14,7,26,26,true,false,Failed security review,TalkStack,,Self-Serve (no owner),Paid Search,Inbound Marketing,LEAD-10199,CMP-003,1,Namilio Voice Agents,false,,,1,true,
OPP-20044,Sable Mobility — New Business — Namilio Copilot API,ACC-1023,Sable Mobility,Strategic,Sales-Led,Fintech,EMEA,Germany,New Business,Discovery,Pipeline,2228300,2228300,12,267396,2026-07-02,2026-10-16,2026-09-06,24,,90,false,false,,,U-004,Clara Brandt,Organic Search,Inbound Marketing,LEAD-10202,CMP-018,5,Namilio Copilot API,false,,12,1,false,Awaiting procurement
OPP-20045,Solstice Health — New Business — Namilio Messaging API,ACC-1100,Solstice Health,Mid-Market,Sales-Led,Fintech,AMER,Brazil,New Business,Closed Won,Closed,176100,176100,100,176100,2025-05-28,2025-07-07,2025-07-03,4,40,40,true,true,,,U-009,Zara Chen,Docs & Quickstarts,Product,LEAD-10207,CMP-023,1,Namilio Messaging API,false,,,6,true,
OPP-20046,Umbra Freight — New Business — Namilio Connect Enterprise,ACC-1132,Umbra Freight,SMB,Sales-Assisted,Fintech,AMER,Mexico,New Business,Closed Lost,Omitted,38700,38700,0,0,2025-11-21,2025-12-16,2025-12-11,5,25,25,true,false,Price,,U-005,Maya Diallo,Paid Search,Inbound Marketing,LEAD-10210,CMP-005,3,Namilio Connect Enterprise,true,7,19,3,false,
OPP-20047,Cinder Travel — New Business — Namilio Copilot API,ACC-1133,Cinder Travel,Mid-Market,Sales-Led,E-commerce,APAC,Australia,New Business,Closed Lost,Omitted,81800,81800,0,0,2025-06-15,2025-07-25,2025-07-21,4,40,40,true,false,No decision,,U-012,Kwame Berg,Organic Search,Inbound Marketing,LEAD-10211,CMP-017,1,Namilio Copilot API,true,,,7,true,
OPP-20048,Ember Gaming — New Business — Namilio Messaging API,ACC-1078,Ember Gaming,SMB,Sales-Assisted,Fintech,EMEA,France,New Business,Closed Lost,Omitted,13100,13100,0,0,2025-11-09,2025-12-06,2025-12-04,2,27,27,true,false,Price,LegacyCPaaS,U-005,Maya Diallo,Paid Search,Product,LEAD-10213,CMP-005,2,Namilio Messaging API,true,16,13,5,false,
OPP-20049,Zephyr Bank — New Business — Namilio Messaging API,ACC-1085,Zephyr Bank,SMB,Sales-Assisted,E-commerce,EMEA,Germany,New Business,Closed Lost,Omitted,32900,32900,0,0,2025-07-17,2025-08-16,2025-08-15,1,30,30,true,false,Champion left,,U-005,Maya Diallo,Paid Search,Inbound Marketing,LEAD-10220,CMP-003,1,Namilio Messaging API,true,44,,5,true,
OPP-20050,Kestrel Group — New Business — Namilio Messaging API,ACC-1089,Kestrel Group,SMB,Sales-Assisted,Gaming,AMER,Canada,New Business,Closed Lost,Omitted,25700,25700,0,0,2026-04-10,2026-05-22,2026-05-20,2,42,42,true,false,Missing feature,,U-006,Zara Hale,Paid Social,Inbound Marketing,LEAD-10233,CMP-008,1,Namilio Messaging API,false,11,16,2,false,
OPP-20051,Onyx Works — New Business — Namilio Copilot API,ACC-1073,Onyx Works,Enterprise,Sales-Led,Fintech,EMEA,Spain,New Business,Closed Lost,Omitted,168600,168600,0,0,2025-10-27,2026-01-16,2026-01-04,12,81,81,true,false,No decision,,U-013,Kwame Okafor,Organic Search,Inbound Marketing,LEAD-10235,CMP-017,2,Namilio Copilot API,true,57,59,3,false,
OPP-20052,Rivet Learning — New Business — Namilio Connect Enterprise,ACC-1113,Rivet Learning,Mid-Market,Sales-Led,Gaming,LATAM,Argentina,New Business,Closed Lost,Omitted,91300,91300,0,0,2025-09-29,2025-11-24,2025-11-08,16,56,56,true,false,Price,TalkStack,U-001,Sana Brandt,Paid Search,Inbound Marketing,LEAD-10239,CMP-004,1,Namilio Connect Enterprise,false,42,,7,false,
OPP-20053,Cobalt Gaming — New Business — Namilio Copilot API,ACC-1051,Cobalt Gaming,Self-Serve,PLG,E-commerce,AMER,United States,New Business,Closed Lost,Omitted,11100,11100,0,0,2025-06-02,2025-06-13,2025-06-11,2,11,11,true,false,Price,SendGridish,,Self-Serve (no owner),Docs & Quickstarts,Product,LEAD-10242,CMP-027,1,Namilio Copilot API,false,,,1,true,
OPP-20054,Meridian Group — New Business — Namilio Connect Enterprise,ACC-1103,Meridian Group,Enterprise,Sales-Led,Telecom,EMEA,United Kingdom,New Business,Discovery,Pipeline,578800,578800,12,69456,2026-05-10,2026-11-20,2026-11-14,0,,143,false,false,,,U-010,Ana Iyer,Docs & Quickstarts,Product,LEAD-10250,CMP-028,2,Namilio Connect Enterprise,false,14,23,7,true,Pricing review with deal desk
OPP-20055,Solstice Care — New Business — Namilio Voice Agents,ACC-1082,Solstice Care,Enterprise,Sales-Led,E-commerce,APAC,Indonesia,New Business,Discovery,Pipeline,479600,479600,12,57552,2026-08-16,2026-12-16,2026-12-05,0,,45,false,false,,,U-010,Ana Iyer,Paid Search,Product,LEAD-10259,CMP-005,3,Namilio Voice Agents,true,15,18,1,true,Pricing review with deal desk
OPP-20056,Pallas Digital — New Business — Namilio Voice Agents,ACC-1005,Pallas Digital,Enterprise,Sales-Led,Insurance,AMER,Brazil,New Business,Negotiation,Commit,857500,857500,82,703150,2026-09-23,2027-03-24,2027-02-25,0,,7,false,false,,,U-010,Ana Iyer,Paid Search,Inbound Marketing,LEAD-10263,CMP-004,1,Namilio Voice Agents,true,42,79,6,true,POC success criteria sign-off
OPP-20057,Cinder Pay — New Business — Namilio Copilot API,ACC-1102,Cinder Pay,Mid-Market,Sales-Led,Real Estate,EMEA,Germany,New Business,Closed Won,Closed,127100,127100,100,127100,2026-07-19,2026-09-12,2026-09-11,1,55,55,true,true,,,U-007,Ben Hale,Organic Search,Product,LEAD-10264,CMP-016,3,Namilio Copilot API,false,,,3,false,
OPP-20058,Ember Logistics — New Business — Namilio Messaging API,ACC-1119,Ember Logistics,Enterprise,Sales-Led,E-commerce,AMER,United States,New Business,Technical Validation,Pipeline,228300,228300,28,63924,2026-05-08,2026-10-09,2026-09-02,28,,145,false,false,,,U-013,Kwame Okafor,Partner / Marketplace,Partner / Referral,LEAD-10265,CMP-042,1,Namilio Messaging API,true,,59,1,true,Awaiting procurement
OPP-20059,Meridian Health — New Business — Namilio Messaging API,ACC-1110,Meridian Health,Enterprise,Sales-Led,SaaS,EMEA,UAE,New Business,Negotiation,Commit,425200,425200,82,348664,2026-05-19,2026-11-15,2026-10-26,0,,134,false,false,,,U-010,Ana Iyer,Docs & Quickstarts,Product,LEAD-10268,CMP-028,1,Namilio Messaging API,false,48,18,6,false,Send security questionnaire
OPP-20060,Vertex Pay — New Business — Namilio Voice Agents,ACC-1129,Vertex Pay,Self-Serve,PLG,SaaS,APAC,Indonesia,New Business,Closed Won,Closed,3000,3000,100,3000,2026-04-13,2026-04-17,2026-04-15,2,4,4,true,true,,,,Self-Serve (no owner),Webinar,Product,LEAD-10272,CMP-033,1,Namilio Voice Agents,false,,,1,true,
OPP-20061,Dovetail Health — New Business — Namilio Messaging API,ACC-1024,Dovetail Health,SMB,Sales-Assisted,E-commerce,EMEA,Spain,New Business,Closed Lost,Omitted,16400,16400,0,0,2026-06-22,2026-07-20,2026-07-17,3,28,28,true,false,Timing / budget freeze,,U-006,Zara Hale,Webinar,Product,LEAD-10276,CMP-032,1,Namilio Messaging API,true,33,,7,false,
OPP-20062,Vertex Care — New Business — Namilio Verify,ACC-1018,Vertex Care,Self-Serve,PLG,SaaS,AMER,Brazil,New Business,Closed Lost,Omitted,11300,11300,0,0,2026-09-13,2026-09-26,2026-09-25,1,13,13,true,false,Missing feature,OpenVoice,,Self-Serve (no owner),Developer Community,Product,LEAD-10279,CMP-029,1,Namilio Verify,false,,,1,true,
OPP-20063,Halcyon Market — New Business — Namilio Studio,ACC-1065,Halcyon Market,SMB,Sales-Assisted,Public Sector,AMER,Canada,New Business,Negotiation,Commit,40000,40000,82,32800,2026-10-07,2026-10-24,2026-10-23,0,,-7,false,false,,,U-005,Maya Diallo,Outbound Sequence,Outbound,LEAD-10296,CMP-040,3,Namilio Studio,false,21,,2,true,Schedule technical deep dive
OPP-20064,Halcyon Freight — New Business — Namilio Studio,ACC-1122,Halcyon Freight,Strategic,Sales-Led,Travel,EMEA,Germany,New Business,Proposal / Quote,Commit,920300,920300,68,625804,2026-09-27,2027-03-03,2027-01-13,0,,3,false,false,,,U-008,Felix Lindqvist,Docs & Quickstarts,Product,LEAD-10299,CMP-027,3,Namilio Studio,false,48,78,5,true,Awaiting procurement
OPP-20065,Dovetail Gaming — New Business — Namilio Voice Agents,ACC-1017,Dovetail Gaming,Mid-Market,Sales-Led,EdTech,AMER,Brazil,New Business,Closed Won,Closed,88500,88500,100,88500,2026-02-05,2026-02-20,2026-02-14,6,15,15,true,true,,,U-001,Sana Brandt,Paid Search,Product,LEAD-10301,CMP-005,2,Namilio Voice Agents,true,55,,5,false,
OPP-20066,Quanta Works — New Business — Namilio Copilot API,ACC-1068,Quanta Works,Self-Serve,PLG,Travel,EMEA,Netherlands,New Business,Closed Won,Closed,13400,13400,100,13400,2025-06-11,2025-06-19,2025-06-16,3,8,8,true,true,,,,Self-Serve (no owner),Docs & Quickstarts,Product,LEAD-10307,CMP-028,1,Namilio Copilot API,false,,,1,true,
OPP-20067,Tundra Digital — New Business — Namilio Copilot API,ACC-1116,Tundra Digital,Enterprise,Sales-Led,Public Sector,AMER,Canada,New Business,Closed Lost,Omitted,202100,202100,0,0,2025-12-11,2026-03-01,2026-02-09,20,80,80,true,false,Lost to competitor,,U-010,Ana Iyer,AI Assistant Referral,Inbound Marketing,LEAD-10313,CMP-019,3,Namilio Copilot API,false,58,28,7,false,
OPP-20068,Lattice Works — New Business — Namilio Studio,ACC-1006,Lattice Works,Self-Serve,PLG,Gaming,AMER,Canada,New Business,Closed Lost,Omitted,4000,4000,0,0,2026-09-07,2026-09-22,2026-09-20,2,15,15,true,false,Failed security review,,,Self-Serve (no owner),AI Assistant Referral,Product,LEAD-10336,CMP-020,1,Namilio Studio,false,,,1,true,
OPP-20069,Vertex Market — New Business — Namilio Voice Agents,ACC-1071,Vertex Market,Mid-Market,Sales-Led,SaaS,AMER,Canada,New Business,Discovery,Pipeline,167800,167800,12,20136,2026-10-16,2026-12-12,2026-11-22,0,,-16,false,false,,,U-007,Ben Hale,Paid Search,Product,LEAD-10360,CMP-006,1,Namilio Voice Agents,false,32,,5,false,Pricing review with deal desk
OPP-20070,Lattice Works — New Business — Namilio Studio,ACC-1006,Lattice Works,Self-Serve,PLG,Gaming,AMER,Canada,New Business,Closed Won,Closed,12600,12600,100,12600,2025-10-31,2025-11-04,2025-11-02,2,4,4,true,true,,,,Self-Serve (no owner),Docs & Quickstarts,Product,LEAD-10362,CMP-026,1,Namilio Studio,false,,11,1,true,
OPP-20071,Quanta Systems — New Business — Namilio Verify,ACC-1114,Quanta Systems,Strategic,Sales-Led,Travel,AMER,Brazil,New Business,Business Case,Best Case,2256400,2256400,45,1015380,2026-04-18,2026-11-23,2026-10-15,0,,165,false,false,,,U-002,Diego Bright,Outbound Sequence,Outbound,LEAD-10365,CMP-037,3,Namilio Verify,true,,19,5,false,Schedule technical deep dive
OPP-20072,Rivet Logistics — New Business — Namilio Voice Agents,ACC-1040,Rivet Logistics,Self-Serve,PLG,Real Estate,EMEA,Sweden,New Business,Closed Lost,Omitted,8900,8900,0,0,2026-08-13,2026-08-30,2026-08-24,6,17,17,true,false,Missing feature,TalkStack,,Self-Serve (no owner),Docs & Quickstarts,Product,LEAD-10367,CMP-026,1,Namilio Voice Agents,false,,12,1,false,
OPP-20073,Ember Group — New Business — Namilio Connect Enterprise,ACC-1057,Ember Group,SMB,Sales-Assisted,EdTech,AMER,Canada,New Business,Closed Won,Closed,10300,10300,100,10300,2026-03-01,2026-03-27,2026-03-21,6,26,26,true,true,,,U-014,Priya Hale,Organic Search,Product,LEAD-10375,CMP-016,2,Namilio Connect Enterprise,true,20,,6,true,
OPP-20074,Lumen Labs — New Business — Namilio Messaging API,ACC-1041,Lumen Labs,Mid-Market,Sales-Led,Real Estate,APAC,India,New Business,Closed Won,Closed,159400,159400,100,159400,2025-11-24,2026-01-25,2026-01-22,3,62,62,true,true,,,U-012,Kwame Berg,AI Assistant Referral,Product,LEAD-10379,CMP-020,3,Namilio Messaging API,true,,11,6,false,
OPP-20075,Rivet Pay — New Business — Namilio Verify,ACC-1118,Rivet Pay,Strategic,Sales-Led,Real Estate,AMER,Canada,New Business,Closed Lost,Omitted,2638600,2638600,0,0,2025-11-12,2026-02-10,2026-01-11,30,90,90,true,false,Price,SendGridish,U-002,Diego Bright,Organic Search,Product,LEAD-10383,CMP-016,5,Namilio Verify,false,21,29,7,false,
OPP-20076,Dovetail Works — New Business — Namilio Studio,ACC-1072,Dovetail Works,SMB,Sales-Assisted,Public Sector,APAC,India,New Business,Closed Won,Closed,17400,17400,100,17400,2026-02-23,2026-04-03,2026-03-18,16,39,39,true,true,,,U-005,Maya Diallo,Docs & Quickstarts,Inbound Marketing,LEAD-10387,CMP-028,2,Namilio Studio,true,18,,7,true,
OPP-20077,Rivet Learning — New Business — Namilio Copilot API,ACC-1113,Rivet Learning,Mid-Market,Sales-Led,Gaming,LATAM,Argentina,New Business,Closed Lost,Omitted,63400,63400,0,0,2026-02-26,2026-04-29,2026-04-06,23,62,62,true,false,Lost to competitor,,U-001,Sana Brandt,Developer Community,Product,LEAD-10389,CMP-031,2,Namilio Copilot API,true,,,7,false,
OPP-20078,Solstice Labs — New Business — Namilio Verify,ACC-1126,Solstice Labs,Self-Serve,PLG,Travel,APAC,Singapore,New Business,Closed Won,Closed,7800,7800,100,7800,2025-08-17,2025-08-27,2025-08-24,3,10,10,true,true,,,,Self-Serve (no owner),Paid Search,Inbound Marketing,LEAD-10395,CMP-002,1,Namilio Verify,false,,,1,true,
OPP-20079,Umbra Freight — New Business — Namilio Studio,ACC-1132,Umbra Freight,SMB,Sales-Assisted,Fintech,AMER,Mexico,New Business,Closed Lost,Omitted,17200,17200,0,0,2025-08-16,2025-08-29,2025-08-28,1,13,13,true,false,Failed security review,,U-014,Priya Hale,Paid Search,Inbound Marketing,LEAD-10398,CMP-002,3,Namilio Studio,false,,13,2,false,
OPP-20080,Solstice Care — New Business — Namilio Connect Enterprise,ACC-1082,Solstice Care,Enterprise,Sales-Led,E-commerce,APAC,Indonesia,New Business,Discovery,Pipeline,259300,259300,12,31116,2026-06-30,2026-10-08,2026-09-24,6,,92,false,false,,,U-013,Kwame Okafor,Paid Search,Inbound Marketing,LEAD-10399,CMP-006,3,Namilio Connect Enterprise,true,,24,3,false,Send security questionnaire
OPP-20081,Lattice Digital — New Business — Namilio Studio,ACC-1050,Lattice Digital,SMB,Sales-Assisted,Fintech,AMER,Mexico,New Business,Closed Lost,Omitted,33700,33700,0,0,2026-02-15,2026-02-27,2026-02-26,1,12,12,true,false,Built in-house,OpenVoice,U-006,Zara Hale,Conference,Inbound Marketing,LEAD-10405,CMP-036,1,Namilio Studio,true,,,2,true,
OPP-20082,Wexler Gaming — New Business — Namilio Messaging API,ACC-1058,Wexler Gaming,SMB,Sales-Assisted,Gaming,AMER,Mexico,New Business,Technical Validation,Pipeline,27000,27000,28,7560,2026-10-02,2026-10-30,2026-10-28,0,,-2,false,false,,,U-005,Maya Diallo,Developer Community,Product,LEAD-10407,CMP-029,3,Namilio Messaging API,false,,15,5,false,Send security questionnaire
OPP-20083,Sable Labs — New Business — Namilio Studio,ACC-1034,Sable Labs,Mid-Market,Sales-Led,Telecom,EMEA,UAE,New Business,Closed Lost,Omitted,123400,123400,0,0,2025-11-29,2026-03-04,2026-01-26,37,95,95,true,false,No decision,Vocalis,U-009,Zara Chen,Developer Community,Product,LEAD-10412,CMP-029,3,Namilio Studio,true,54,,5,true,
OPP-20084,Cobalt Technologies — New Business — Namilio Studio,ACC-1124,Cobalt Technologies,Mid-Market,Sales-Led,Gaming,AMER,United States,New Business,Closed Lost,Omitted,172300,172300,0,0,2025-09-23,2025-11-19,2025-11-05,14,57,57,true,false,Timing / budget freeze,Vocalis,U-001,Sana Brandt,Outbound Sequence,Outbound,LEAD-10413,CMP-039,3,Namilio Studio,true,62,,2,false,
OPP-20085,Zephyr Bank — New Business — Namilio Verify,ACC-1085,Zephyr Bank,SMB,Sales-Assisted,E-commerce,EMEA,Germany,New Business,Closed Lost,Omitted,40300,40300,0,0,2025-11-22,2025-12-31,2025-12-29,2,39,39,true,false,Missing feature,SendGridish,U-005,Maya Diallo,Paid Search,Product,LEAD-10415,CMP-001,3,Namilio Verify,false,,,1,false,
OPP-20086,Umbra Learning — New Business — Namilio Copilot API,ACC-1134,Umbra Learning,SMB,Sales-Assisted,Travel,EMEA,Sweden,New Business,Closed Won,Closed,42900,42900,100,42900,2025-11-14,2025-12-09,2025-12-05,4,25,25,true,true,,,U-005,Maya Diallo,Docs & Quickstarts,Product,LEAD-10424,CMP-028,3,Namilio Copilot API,true,23,,1,true,
OPP-20087,Umbra Bank — New Business — Namilio Connect Enterprise,ACC-1015,Umbra Bank,SMB,Sales-Assisted,Gaming,EMEA,Netherlands,New Business,Closed Lost,Omitted,41400,41400,0,0,2026-01-25,2026-02-26,2026-02-22,4,32,32,true,false,Price,,U-003,Clara Qureshi,Customer Referral,Partner / Referral,LEAD-10439,CMP-046,3,Namilio Connect Enterprise,false,11,,3,true,
OPP-20088,Solstice Labs — New Business — Namilio Copilot API,ACC-1126,Solstice Labs,Self-Serve,PLG,Travel,APAC,Singapore,New Business,Closed Lost,Omitted,11300,11300,0,0,2025-07-30,2025-08-11,2025-08-09,2,12,12,true,false,Failed security review,OpenVoice,,Self-Serve (no owner),Outbound Sequence,Outbound,LEAD-10444,CMP-041,1,Namilio Copilot API,false,,14,1,true,
OPP-20089,Foundry Works — New Business — Namilio Connect Enterprise,ACC-1047,Foundry Works,SMB,Sales-Assisted,Logistics,APAC,Indonesia,New Business,Closed Won,Closed,30300,30300,100,30300,2025-04-19,2025-06-03,2025-05-21,13,45,45,true,true,,,U-014,Priya Hale,Docs & Quickstarts,Product,LEAD-10447,CMP-025,1,Namilio Connect Enterprise,false,,,4,true,
OPP-20090,Cobalt Technologies — New Business — Namilio Studio,ACC-1124,Cobalt Technologies,Mid-Market,Sales-Led,Gaming,AMER,United States,New Business,Closed Won,Closed,109100,109100,100,109100,2025-10-03,2025-10-30,2025-10-19,11,27,27,true,true,,,U-009,Zara Chen,Organic Search,Product,LEAD-10452,CMP-011,2,Namilio Studio,true,20,,2,true,
OPP-20091,Vantage Insure — New Business — Namilio Messaging API,ACC-1077,Vantage Insure,Mid-Market,Sales-Led,Travel,AMER,Canada,New Business,Closed Lost,Omitted,122100,122100,0,0,2025-08-21,2025-12-07,2025-11-19,18,108,108,true,false,Price,TalkStack,U-009,Zara Chen,Paid Social,Inbound Marketing,LEAD-10457,CMP-010,1,Namilio Messaging API,false,30,,2,true,
OPP-20092,Onyx Health — New Business — Namilio Studio,ACC-1022,Onyx Health,Mid-Market,Sales-Led,Gaming,EMEA,Sweden,New Business,Closed Lost,Omitted,88600,88600,0,0,2025-05-29,2025-06-29,2025-06-28,1,31,31,true,false,Failed security review,SendGridish,U-007,Ben Hale,Docs & Quickstarts,Product,LEAD-10466,CMP-026,1,Namilio Studio,true,8,,4,true,
OPP-20093,Aster Works — New Business — Namilio Copilot API,ACC-1074,Aster Works,Strategic,Sales-Led,Insurance,EMEA,Netherlands,New Business,Closed Lost,Omitted,777100,777100,0,0,2025-10-11,2026-04-07,2026-03-28,10,178,178,true,false,Champion left,,U-008,Felix Lindqvist,Paid Search,Inbound Marketing,LEAD-10468,CMP-006,3,Namilio Copilot API,false,,20,2,false,
OPP-20094,Meridian Technologies — New Business — Namilio Voice Agents,ACC-1045,Meridian Technologies,Self-Serve,PLG,Logistics,APAC,India,New Business,Closed Lost,Omitted,12600,12600,0,0,2025-09-14,2025-09-30,2025-09-25,5,16,16,true,false,Missing feature,Vocalis,,Self-Serve (no owner),Organic Search,Product,LEAD-10469,CMP-017,1,Namilio Voice Agents,false,,,1,true,
OPP-20095,Onyx Works — New Business — Namilio Verify,ACC-1073,Onyx Works,Enterprise,Sales-Led,Fintech,EMEA,Spain,New Business,Discovery,Pipeline,895900,895900,12,107508,2026-06-14,2026-11-07,2026-10-11,0,,108,false,false,,,U-010,Ana Iyer,Developer Community,Product,LEAD-10470,CMP-031,2,Namilio Verify,false,43,50,5,false,Awaiting procurement
OPP-20096,Cobalt Gaming — New Business — Namilio Copilot API,ACC-1051,Cobalt Gaming,Self-Serve,PLG,E-commerce,AMER,United States,New Business,Closed Won,Closed,13900,13900,100,13900,2025-05-27,2025-06-13,2025-06-12,1,17,17,true,true,,,,Self-Serve (no owner),AI Assistant Referral,Product,LEAD-10495,CMP-019,1,Namilio Copilot API,false,,8,1,true,
OPP-20097,Tundra Retail — New Business — Namilio Voice Agents,ACC-1032,Tundra Retail,Self-Serve,PLG,Real Estate,EMEA,Sweden,New Business,Closed Won,Closed,13700,13700,100,13700,2025-12-21,2026-01-01,2025-12-29,3,11,11,true,true,,,,Self-Serve (no owner),Paid Social,Inbound Marketing,LEAD-10498,CMP-007,1,Namilio Voice Agents,false,,,1,true,
OPP-20098,Sable Mobility — New Business — Namilio Messaging API,ACC-1023,Sable Mobility,Strategic,Sales-Led,Fintech,EMEA,Germany,New Business,Closed Lost,Omitted,3049100,3049100,0,0,2025-09-02,2026-07-24,2026-04-06,109,325,325,true,false,Timing / budget freeze,,U-002,Diego Bright,Paid Search,Inbound Marketing,LEAD-10500,CMP-002,5,Namilio Messaging API,true,,41,3,true,
OPP-20099,Pallas Digital — New Business — Namilio Messaging API,ACC-1005,Pallas Digital,Enterprise,Sales-Led,Insurance,AMER,Brazil,New Business,Negotiation,Commit,760800,760800,82,623856,2026-09-19,2026-12-15,2026-11-25,0,,11,false,false,,,U-010,Ana Iyer,Webinar,Inbound Marketing,LEAD-10501,CMP-034,2,Namilio Messaging API,false,32,37,4,true,Pricing review with deal desk
OPP-20100,Kestrel Gaming — New Business — Namilio Connect Enterprise,ACC-1004,Kestrel Gaming,SMB,Sales-Assisted,Healthcare,EMEA,Germany,New Business,Closed Lost,Omitted,30900,30900,0,0,2026-01-28,2026-02-13,2026-02-10,3,16,16,true,false,Lost to competitor,,U-005,Maya Diallo,Organic Search,Inbound Marketing,LEAD-10502,CMP-015,1,Namilio Connect Enterprise,false,33,,5,false,
OPP-20101,Cobalt Learning — New Business — Namilio Voice Agents,ACC-1031,Cobalt Learning,SMB,Sales-Assisted,E-commerce,AMER,Brazil,New Business,Closed Lost,Omitted,38200,38200,0,0,2026-08-30,2026-09-21,2026-09-19,2,22,22,true,false,Timing / budget freeze,,U-006,Zara Hale,Docs & Quickstarts,Product,LEAD-10520,CMP-024,2,Namilio Voice Agents,true,38,,3,true,
OPP-20102,Wexler Gaming — New Business — Namilio Verify,ACC-1058,Wexler Gaming,SMB,Sales-Assisted,Gaming,AMER,Mexico,New Business,Closed Lost,Omitted,43300,43300,0,0,2026-03-13,2026-04-30,2026-04-26,4,48,48,true,false,Built in-house,Vocalis,U-003,Clara Qureshi,Paid Search,Inbound Marketing,LEAD-10521,CMP-003,2,Namilio Verify,false,48,,2,true,
OPP-20103,North Learning — New Business — Namilio Connect Enterprise,ACC-1010,North Learning,Mid-Market,Sales-Led,Logistics,EMEA,UAE,New Business,Closed Lost,Omitted,50300,50300,0,0,2025-08-04,2025-09-21,2025-09-20,1,48,48,true,false,Built in-house,OpenVoice,U-001,Sana Brandt,Paid Search,Inbound Marketing,LEAD-10523,CMP-004,1,Namilio Connect Enterprise,true,,,4,true,
OPP-20104,Halcyon Learning — New Business — Namilio Verify,ACC-1123,Halcyon Learning,Self-Serve,PLG,Gaming,LATAM,Argentina,New Business,Closed Won,Closed,3200,3200,100,3200,2026-02-11,2026-02-24,2026-02-22,2,13,13,true,true,,,,Self-Serve (no owner),Paid Social,Product,LEAD-10526,CMP-009,1,Namilio Verify,false,,,1,true,
OPP-20105,Ember Care — New Business — Namilio Verify,ACC-1046,Ember Care,Strategic,Sales-Led,E-commerce,AMER,United States,New Business,Closed Lost,Omitted,2884100,2884100,0,0,2025-10-27,2026-04-17,2026-02-14,62,172,172,true,false,Lost to competitor,,U-008,Felix Lindqvist,Docs & Quickstarts,Product,LEAD-10530,CMP-025,5,Namilio Verify,true,51,40,7,true,
OPP-20106,Solstice Retail — New Business — Namilio Voice Agents,ACC-1049,Solstice Retail,Self-Serve,PLG,Travel,EMEA,Spain,New Business,Closed Won,Closed,10900,10900,100,10900,2026-07-07,2026-07-14,2026-07-12,2,7,7,true,true,,,,Self-Serve (no owner),Docs & Quickstarts,Product,LEAD-10533,CMP-024,1,Namilio Voice Agents,false,,,1,true,
OPP-20107,Sable Pay — New Business — Namilio Verify,ACC-1000,Sable Pay,SMB,Sales-Assisted,EdTech,LATAM,Argentina,New Business,Technical Validation,Pipeline,32600,32600,28,9128,2026-10-07,2026-10-20,2026-10-18,0,,-7,false,false,,,U-014,Priya Hale,Organic Search,Inbound Marketing,LEAD-10536,CMP-016,1,Namilio Verify,false,45,,1,true,Exec sponsor intro
OPP-20108,Pallas Labs — New Business — Namilio Voice Agents,ACC-1090,Pallas Labs,SMB,Sales-Assisted,Fintech,AMER,United States,New Business,Closed Lost,Omitted,20800,20800,0,0,2025-06-24,2025-07-15,2025-07-07,8,21,21,true,false,Lost to competitor,OpenVoice,U-014,Priya Hale,Docs & Quickstarts,Product,LEAD-10540,CMP-028,1,Namilio Voice Agents,true,58,,7,true,
OPP-20109,Lattice Works — New Business — Namilio Voice Agents,ACC-1006,Lattice Works,Self-Serve,PLG,Gaming,AMER,Canada,New Business,Closed Lost,Omitted,12400,12400,0,0,2026-02-18,2026-02-24,2026-02-22,2,6,6,true,false,Missing feature,,,Self-Serve (no owner),Paid Search,Inbound Marketing,LEAD-10547,CMP-003,1,Namilio Voice Agents,false,,,1,false,
OPP-20110,Quanta Works — New Business — Namilio Voice Agents,ACC-1068,Quanta Works,Self-Serve,PLG,Travel,EMEA,Netherlands,New Business,Closed Won,Closed,8200,8200,100,8200,2026-06-04,2026-06-18,2026-06-12,6,14,14,true,true,,,,Self-Serve (no owner),Conference,Product,LEAD-10561,CMP-035,1,Namilio Voice Agents,false,,,1,false,
OPP-20111,Tundra Care — New Business — Namilio Messaging API,ACC-1028,Tundra Care,Mid-Market,Sales-Led,Gaming,EMEA,United Kingdom,New Business,Closed Won,Closed,74300,74300,100,74300,2026-01-05,2026-02-08,2026-01-30,9,34,34,true,true,,,U-007,Ben Hale,Organic Search,Product,LEAD-10564,CMP-014,1,Namilio Messaging API,true,47,21,6,true,
OPP-20112,Vertex Market — New Business — Namilio Copilot API,ACC-1071,Vertex Market,Mid-Market,Sales-Led,SaaS,AMER,Canada,New Business,Closed Lost,Omitted,158700,158700,0,0,2025-09-26,2025-12-03,2025-11-16,17,68,68,true,false,Price,,U-001,Sana Brandt,Organic Search,Product,LEAD-10565,CMP-013,2,Namilio Copilot API,false,,,2,true,
OPP-20113,Dovetail Health — New Business — Namilio Messaging API,ACC-1024,Dovetail Health,SMB,Sales-Assisted,E-commerce,EMEA,Spain,New Business,Closed Lost,Omitted,42500,42500,0,0,2025-08-06,2025-09-11,2025-08-31,11,36,36,true,false,Timing / budget freeze,LegacyCPaaS,U-003,Clara Qureshi,Paid Social,Inbound Marketing,LEAD-10574,CMP-007,2,Namilio Messaging API,true,19,,2,false,
OPP-20114,Vertex Market — New Business — Namilio Voice Agents,ACC-1071,Vertex Market,Mid-Market,Sales-Led,SaaS,AMER,Canada,New Business,Closed Lost,Omitted,116200,116200,0,0,2026-06-20,2026-08-28,2026-08-02,26,69,69,true,false,Price,,U-011,Ben Moreno,Organic Search,Product,LEAD-10575,CMP-017,1,Namilio Voice Agents,true,39,3,5,false,
OPP-20115,Halcyon Freight — New Business — Namilio Studio,ACC-1122,Halcyon Freight,Strategic,Sales-Led,Travel,EMEA,Germany,New Business,Closed Won,Closed,2081800,2081800,100,2081800,2025-07-09,2026-03-06,2026-02-28,6,240,240,true,true,,,U-004,Clara Brandt,Outbound Sequence,Outbound,LEAD-10580,CMP-037,3,Namilio Studio,true,38,51,6,true,
OPP-20116,Sable Retail — New Business — Namilio Messaging API,ACC-1037,Sable Retail,Self-Serve,PLG,Gaming,AMER,Canada,New Business,Closed Won,Closed,2000,2000,100,2000,2026-03-24,2026-04-05,2026-04-01,4,12,12,true,true,,,,Self-Serve (no owner),Partner / Marketplace,Partner / Referral,LEAD-10582,CMP-043,1,Namilio Messaging API,false,,,1,false,
OPP-20117,Vertex Pay — New Business — Namilio Messaging API,ACC-1129,Vertex Pay,Self-Serve,PLG,SaaS,APAC,Indonesia,New Business,Closed Won,Closed,13000,13000,100,13000,2025-07-01,2025-07-15,2025-07-14,1,14,14,true,true,,,,Self-Serve (no owner),Developer Community,Inbound Marketing,LEAD-10584,CMP-029,1,Namilio Messaging API,false,,,1,false,
OPP-20118,Vertex Technologies — New Business — Namilio Voice Agents,ACC-1091,Vertex Technologies,Self-Serve,PLG,Logistics,APAC,Indonesia,New Business,Closed Lost,Omitted,2200,2200,0,0,2025-06-08,2025-06-22,2025-06-18,4,14,14,true,false,Built in-house,Vocalis,,Self-Serve (no owner),Partner / Marketplace,Partner / Referral,LEAD-10588,CMP-042,1,Namilio Voice Agents,false,,,1,false,
OPP-20119,Sable Digital — New Business — Namilio Connect Enterprise,ACC-1035,Sable Digital,SMB,Sales-Assisted,Travel,EMEA,United Kingdom,New Business,Closed Lost,Omitted,16300,16300,0,0,2025-05-30,2025-07-08,2025-06-27,11,39,39,true,false,Champion left,,U-005,Maya Diallo,Outbound Sequence,Outbound,LEAD-10591,CMP-040,3,Namilio Connect Enterprise,true,34,,3,false,
OPP-20120,Halcyon Digital — New Business — Namilio Verify,ACC-1054,Halcyon Digital,Enterprise,Sales-Led,Gaming,AMER,Brazil,New Business,Closed Lost,Omitted,224700,224700,0,0,2026-04-02,2026-09-03,2026-07-22,43,154,154,true,false,Champion left,,U-013,Kwame Okafor,Outbound Sequence,Outbound,LEAD-10594,CMP-038,3,Namilio Verify,false,,82,6,false,
OPP-20121,Orbital Insure — New Business — Namilio Verify,ACC-1099,Orbital Insure,Self-Serve,PLG,Public Sector,APAC,Japan,New Business,Closed Lost,Omitted,13500,13500,0,0,2025-11-13,2025-11-30,2025-11-23,7,17,17,true,false,Lost to competitor,TalkStack,,Self-Serve (no owner),Conference,Inbound Marketing,LEAD-10599,CMP-035,1,Namilio Verify,false,,,1,true,
OPP-20122,Kestrel Gaming — New Business — Namilio Voice Agents,ACC-1004,Kestrel Gaming,SMB,Sales-Assisted,Healthcare,EMEA,Germany,New Business,Closed Won,Closed,43700,43700,100,43700,2026-04-13,2026-05-08,2026-05-02,6,25,25,true,true,,,U-014,Priya Hale,Paid Search,Inbound Marketing,LEAD-10603,CMP-005,2,Namilio Voice Agents,true,,7,2,false,
OPP-20123,Ember Group — New Business — Namilio Messaging API,ACC-1057,Ember Group,SMB,Sales-Assisted,EdTech,AMER,Canada,New Business,Technical Validation,Pipeline,39700,39700,28,11116,2026-10-04,2026-11-06,2026-10-27,0,,-4,false,false,,,U-005,Maya Diallo,Customer Referral,Partner / Referral,LEAD-10618,CMP-046,2,Namilio Messaging API,true,47,6,2,false,POC success criteria sign-off
OPP-20124,Sable Retail — New Business — Namilio Studio,ACC-1037,Sable Retail,Self-Serve,PLG,Gaming,AMER,Canada,New Business,Closed Won,Closed,2800,2800,100,2800,2026-05-31,2026-06-10,2026-06-06,4,10,10,true,true,,,,Self-Serve (no owner),Customer Referral,Partner / Referral,LEAD-10621,CMP-046,1,Namilio Studio,false,,,1,false,
OPP-20125,Vertex Group — New Business — Namilio Voice Agents,ACC-1096,Vertex Group,Mid-Market,Sales-Led,Real Estate,EMEA,France,New Business,Closed Won,Closed,72500,72500,100,72500,2025-10-26,2025-12-03,2025-11-29,4,38,38,true,true,,,U-012,Kwame Berg,Paid Search,Inbound Marketing,LEAD-10625,CMP-004,1,Namilio Voice Agents,false,14,,2,false,
OPP-20126,Cobalt Bank — New Business — Namilio Voice Agents,ACC-1130,Cobalt Bank,SMB,Sales-Assisted,Real Estate,LATAM,Argentina,New Business,Closed Lost,Omitted,36200,36200,0,0,2025-05-22,2025-06-04,2025-05-30,5,13,13,true,false,Built in-house,,U-003,Clara Qureshi,Paid Search,Inbound Marketing,LEAD-10633,CMP-002,2,Namilio Voice Agents,false,19,,1,false,
OPP-20127,Halcyon Works — New Business — Namilio Connect Enterprise,ACC-1062,Halcyon Works,SMB,Sales-Assisted,E-commerce,EMEA,Sweden,New Business,Closed Won,Closed,25200,25200,100,25200,2026-08-16,2026-09-18,2026-09-07,11,33,33,true,true,,,U-005,Maya Diallo,Organic Search,Product,LEAD-10635,CMP-018,2,Namilio Connect Enterprise,true,,20,5,false,
OPP-20128,Foundry Bank — New Business — Namilio Verify,ACC-1055,Foundry Bank,SMB,Sales-Assisted,Gaming,EMEA,UAE,New Business,Closed Lost,Omitted,9900,9900,0,0,2026-04-29,2026-05-21,2026-05-16,5,22,22,true,false,No decision,TalkStack,U-014,Priya Hale,Organic Search,Product,LEAD-10637,CMP-017,3,Namilio Verify,true,38,,1,false,
OPP-20129,Umbra Care — New Business — Namilio Copilot API,ACC-1079,Umbra Care,Self-Serve,PLG,E-commerce,AMER,Canada,New Business,Closed Lost,Omitted,10100,10100,0,0,2025-10-09,2025-10-26,2025-10-20,6,17,17,true,false,Lost to competitor,,,Self-Serve (no owner),Developer Community,Inbound Marketing,LEAD-10639,CMP-031,1,Namilio Copilot API,false,,10,1,false,
OPP-20130,Dovetail Works — New Business — Namilio Verify,ACC-1072,Dovetail Works,SMB,Sales-Assisted,Public Sector,APAC,India,New Business,Closed Lost,Omitted,25200,25200,0,0,2025-11-09,2025-12-09,2025-12-05,4,30,30,true,false,Failed security review,SendGridish,U-005,Maya Diallo,Partner / Marketplace,Partner / Referral,LEAD-10641,CMP-044,1,Namilio Verify,false,19,,2,false,
OPP-20131,Umbra Technologies — New Business — Namilio Voice Agents,ACC-1029,Umbra Technologies,Self-Serve,PLG,E-commerce,AMER,Mexico,New Business,Closed Lost,Omitted,6800,6800,0,0,2025-12-24,2026-01-03,2026-01-02,1,10,10,true,false,Champion left,TalkStack,,Self-Serve (no owner),Docs & Quickstarts,Product,LEAD-10645,CMP-027,1,Namilio Voice Agents,false,,,1,true,
OPP-20132,Vertex Technologies — New Business — Namilio Verify,ACC-1091,Vertex Technologies,Self-Serve,PLG,Logistics,APAC,Indonesia,New Business,Closed Won,Closed,8800,8800,100,8800,2025-11-15,2025-12-01,2025-11-28,3,16,16,true,true,,,,Self-Serve (no owner),Outbound Sequence,Outbound,LEAD-10647,CMP-040,1,Namilio Verify,false,,,1,false,
OPP-20133,Cobalt Bank — New Business — Namilio Messaging API,ACC-1130,Cobalt Bank,SMB,Sales-Assisted,Real Estate,LATAM,Argentina,New Business,Closed Lost,Omitted,32900,32900,0,0,2026-09-06,2026-09-10,2026-09-09,1,4,4,true,false,Champion left,,U-014,Priya Hale,Docs & Quickstarts,Product,LEAD-10650,CMP-023,1,Namilio Messaging API,true,,,6,true,
OPP-20134,Solstice Health — New Business — Namilio Copilot API,ACC-1100,Solstice Health,Mid-Market,Sales-Led,Fintech,AMER,Brazil,New Business,Closed Lost,Omitted,137500,137500,0,0,2025-11-28,2026-01-05,2026-01-01,4,38,38,true,false,Champion left,Vocalis,U-007,Ben Hale,Paid Search,Inbound Marketing,LEAD-10651,CMP-001,1,Namilio Copilot API,false,26,17,2,true,
OPP-20135,Dovetail Works — New Business — Namilio Studio,ACC-1072,Dovetail Works,SMB,Sales-Assisted,Public Sector,APAC,India,New Business,Closed Lost,Omitted,28000,28000,0,0,2025-07-06,2025-07-25,2025-07-20,5,19,19,true,false,Timing / budget freeze,,U-003,Clara Qureshi,Customer Referral,Partner / Referral,LEAD-10658,CMP-045,2,Namilio Studio,false,44,,2,true,
OPP-20136,Cobalt Retail — New Business — Namilio Studio,ACC-1136,Cobalt Retail,Self-Serve,PLG,Travel,EMEA,United Kingdom,New Business,Closed Won,Closed,11400,11400,100,11400,2026-04-03,2026-04-15,2026-04-13,2,12,12,true,true,,,,Self-Serve (no owner),Webinar,Inbound Marketing,LEAD-10660,CMP-032,1,Namilio Studio,false,,10,1,true,
OPP-20137,Solstice Freight — New Business — Namilio Verify,ACC-1094,Solstice Freight,Self-Serve,PLG,Healthcare,AMER,Canada,New Business,Discovery,Pipeline,2500,2500,12,300,2026-10-25,2026-11-02,2026-10-30,0,,-25,false,false,,,,Self-Serve (no owner),Organic Search,Inbound Marketing,LEAD-10669,CMP-014,1,Namilio Verify,false,,,1,false,Send security questionnaire
OPP-20138,Lumen Digital — New Business — Namilio Copilot API,ACC-1048,Lumen Digital,Mid-Market,Sales-Led,Insurance,APAC,Australia,New Business,Closed Lost,Omitted,108800,108800,0,0,2026-05-06,2026-06-11,2026-05-31,11,36,36,true,false,Failed security review,,U-001,Sana Brandt,Conference,Inbound Marketing,LEAD-10672,CMP-035,1,Namilio Copilot API,true,,,4,true,
OPP-20139,Ember Group — New Business — Namilio Copilot API,ACC-1057,Ember Group,SMB,Sales-Assisted,EdTech,AMER,Canada,New Business,Closed Lost,Omitted,40100,40100,0,0,2026-05-06,2026-05-11,2026-05-09,2,5,5,true,false,Lost to competitor,,U-005,Maya Diallo,Docs & Quickstarts,Inbound Marketing,LEAD-10676,CMP-026,3,Namilio Copilot API,true,,,3,true,
OPP-20140,Sable Pay — New Business — Namilio Connect Enterprise,ACC-1000,Sable Pay,SMB,Sales-Assisted,EdTech,LATAM,Argentina,New Business,Closed Won,Closed,40900,40900,100,40900,2026-03-25,2026-04-08,2026-04-03,5,14,14,true,true,,,U-006,Zara Hale,Developer Community,Product,LEAD-10677,CMP-030,3,Namilio Connect Enterprise,true,,,6,false,
OPP-20141,Foundry Works — New Business — Namilio Studio,ACC-1047,Foundry Works,SMB,Sales-Assisted,Logistics,APAC,Indonesia,New Business,Business Case,Best Case,14200,14200,45,6390,2026-10-11,2026-12-04,2026-11-12,0,,-11,false,false,,,U-005,Maya Diallo,Paid Search,Product,LEAD-10679,CMP-004,2,Namilio Studio,true,,,4,false,Awaiting procurement
OPP-20142,Solstice Freight — New Business — Namilio Copilot API,ACC-1094,Solstice Freight,Self-Serve,PLG,Healthcare,AMER,Canada,New Business,Closed Lost,Omitted,2100,2100,0,0,2026-04-14,2026-04-27,2026-04-23,4,13,13,true,false,Price,,,Self-Serve (no owner),Partner / Marketplace,Partner / Referral,LEAD-10681,CMP-044,1,Namilio Copilot API,false,,,1,true,
OPP-20143,Beacon Works — New Business — Namilio Voice Agents,ACC-1088,Beacon Works,SMB,Sales-Assisted,Fintech,APAC,Australia,New Business,Closed Lost,Omitted,42300,42300,0,0,2026-05-08,2026-05-27,2026-05-19,8,19,19,true,false,Failed security review,,U-006,Zara Hale,Organic Search,Product,LEAD-10687,CMP-014,2,Namilio Voice Agents,false,,,6,true,
OPP-20144,Solstice Health — New Business — Namilio Voice Agents,ACC-1100,Solstice Health,Mid-Market,Sales-Led,Fintech,AMER,Brazil,New Business,Closed Won,Closed,129600,129600,100,129600,2026-01-10,2026-04-23,2026-04-15,8,103,103,true,true,,,U-007,Ben Hale,Customer Referral,Partner / Referral,LEAD-10693,CMP-046,3,Namilio Voice Agents,true,58,4,6,true,
OPP-20145,Halcyon Labs — New Business — Namilio Voice Agents,ACC-1095,Halcyon Labs,Enterprise,Sales-Led,Logistics,APAC,Singapore,New Business,Closed Won,Closed,597200,597200,100,597200,2025-10-24,2026-06-01,2026-04-15,47,220,220,true,true,,,U-010,Ana Iyer,Webinar,Inbound Marketing,LEAD-10696,CMP-034,2,Namilio Voice Agents,false,,67,5,true,
OPP-20146,Wexler Learning — New Business — Namilio Messaging API,ACC-1008,Wexler Learning,SMB,Sales-Assisted,Healthcare,AMER,United States,New Business,Closed Lost,Omitted,42200,42200,0,0,2026-06-29,2026-07-20,2026-07-12,8,21,21,true,false,Timing / budget freeze,OpenVoice,U-006,Zara Hale,Organic Search,Inbound Marketing,LEAD-10701,CMP-014,3,Namilio Messaging API,true,44,4,1,true,
OPP-20147,Onyx Works — New Business — Namilio Voice Agents,ACC-1073,Onyx Works,Enterprise,Sales-Led,Fintech,EMEA,Spain,New Business,Closed Won,Closed,637600,637600,100,637600,2025-08-11,2025-11-26,2025-10-14,43,107,107,true,true,,,U-013,Kwame Okafor,Paid Search,Inbound Marketing,LEAD-10720,CMP-002,2,Namilio Voice Agents,false,53,39,4,false,
OPP-20148,Vertex Gaming — New Business — Namilio Voice Agents,ACC-1063,Vertex Gaming,Self-Serve,PLG,Gaming,AMER,Brazil,New Business,Closed Lost,Omitted,3900,3900,0,0,2026-04-21,2026-04-27,2026-04-26,1,6,6,true,false,Built in-house,,,Self-Serve (no owner),Organic Search,Inbound Marketing,LEAD-10721,CMP-012,1,Namilio Voice Agents,false,,19,1,false,
OPP-20149,Dovetail Freight — New Business — Namilio Voice Agents,ACC-1076,Dovetail Freight,Self-Serve,PLG,Travel,AMER,United States,New Business,Closed Lost,Omitted,2800,2800,0,0,2026-03-23,2026-04-06,2026-04-03,3,14,14,true,false,Failed security review,,,Self-Serve (no owner),Organic Search,Product,LEAD-10724,CMP-012,1,Namilio Voice Agents,false,,,1,true,
OPP-20150,Onyx Retail — New Business — Namilio Messaging API,ACC-1007,Onyx Retail,Enterprise,Sales-Led,Healthcare,APAC,Japan,New Business,Closed Won,Closed,179600,179600,100,179600,2026-02-19,2026-06-07,2026-05-06,32,108,108,true,true,,,U-013,Kwame Okafor,Organic Search,Inbound Marketing,LEAD-10729,CMP-015,2,Namilio Messaging API,true,,34,2,true,
OPP-20151,Dovetail Works — New Business — Namilio Copilot API,ACC-1072,Dovetail Works,SMB,Sales-Assisted,Public Sector,APAC,India,New Business,Closed Lost,Omitted,39300,39300,0,0,2025-11-11,2025-12-09,2025-12-05,4,28,28,true,false,Built in-house,LegacyCPaaS,U-003,Clara Qureshi,Organic Search,Inbound Marketing,LEAD-10730,CMP-018,3,Namilio Copilot API,false,19,,4,true,
OPP-20152,Cinder Freight — New Business — Namilio Verify,ACC-1013,Cinder Freight,Self-Serve,PLG,Real Estate,AMER,United States,New Business,Closed Lost,Omitted,3200,3200,0,0,2026-06-08,2026-06-22,2026-06-16,6,14,14,true,false,Champion left,LegacyCPaaS,,Self-Serve (no owner),Docs & Quickstarts,Product,LEAD-10734,CMP-023,1,Namilio Verify,false,,,1,false,
OPP-20153,Dovetail Mobility — New Business — Namilio Voice Agents,ACC-1067,Dovetail Mobility,Strategic,Sales-Led,Insurance,EMEA,Netherlands,New Business,Technical Validation,Pipeline,1154900,1154900,28,323372,2026-10-03,2027-05-26,2027-04-19,0,,-3,false,false,,,U-008,Felix Lindqvist,Partner / Marketplace,Partner / Referral,LEAD-10736,CMP-043,5,Namilio Voice Agents,true,,83,6,false,Schedule technical deep dive
OPP-20154,Cobalt Health — New Business — Namilio Verify,ACC-1128,Cobalt Health,Mid-Market,Sales-Led,Insurance,EMEA,UAE,New Business,Closed Lost,Omitted,116800,116800,0,0,2025-12-24,2026-04-10,2026-03-12,29,107,107,true,false,Champion left,OpenVoice,U-009,Zara Chen,Organic Search,Product,LEAD-10737,CMP-011,3,Namilio Verify,true,,12,7,false,
OPP-20155,Meridian Gaming — New Business — Namilio Verify,ACC-1139,Meridian Gaming,Enterprise,Sales-Led,EdTech,AMER,Brazil,New Business,Closed Won,Closed,575900,575900,100,575900,2025-05-24,2025-11-19,2025-11-12,7,179,179,true,true,,,U-013,Kwame Okafor,Developer Community,Product,LEAD-10764,CMP-029,1,Namilio Verify,true,29,11,5,false,
OPP-20156,Vertex Group — New Business — Namilio Studio,ACC-1096,Vertex Group,Mid-Market,Sales-Led,Real Estate,EMEA,France,New Business,Proposal / Quote,Commit,143800,143800,68,97784,2026-10-06,2026-12-28,2026-12-09,0,,-6,false,false,,,U-007,Ben Hale,Paid Search,Inbound Marketing,LEAD-10783,CMP-004,3,Namilio Studio,true,,,2,true,Exec sponsor intro
OPP-20157,Halcyon Care — New Business — Namilio Voice Agents,ACC-1117,Halcyon Care,Self-Serve,PLG,Fintech,AMER,Canada,New Business,Closed Lost,Omitted,3000,3000,0,0,2026-03-25,2026-04-01,2026-03-30,2,7,7,true,false,Missing feature,LegacyCPaaS,,Self-Serve (no owner),Conference,Inbound Marketing,LEAD-10784,CMP-035,1,Namilio Voice Agents,false,,,1,false,
OPP-20158,Tundra Mobility — New Business — Namilio Studio,ACC-1012,Tundra Mobility,Mid-Market,Sales-Led,Gaming,AMER,United States,New Business,Discovery,Pipeline,105800,105800,12,12696,2026-09-17,2026-11-27,2026-11-17,0,,13,false,false,,,U-007,Ben Hale,AI Assistant Referral,Product,LEAD-10785,CMP-019,2,Namilio Studio,true,,,3,true,Send security questionnaire
OPP-20159,Solstice Freight — New Business — Namilio Messaging API,ACC-1094,Solstice Freight,Self-Serve,PLG,Healthcare,AMER,Canada,New Business,Closed Lost,Omitted,11300,11300,0,0,2026-05-20,2026-06-04,2026-06-01,3,15,15,true,false,Price,LegacyCPaaS,,Self-Serve (no owner),Organic Search,Inbound Marketing,LEAD-10793,CMP-016,1,Namilio Messaging API,false,,,1,true,
OPP-20160,Ember Gaming — New Business — Namilio Voice Agents,ACC-1078,Ember Gaming,SMB,Sales-Assisted,Fintech,EMEA,France,New Business,Closed Lost,Omitted,37200,37200,0,0,2026-06-11,2026-07-10,2026-07-02,8,29,29,true,false,No decision,,U-014,Priya Hale,Conference,Inbound Marketing,LEAD-10801,CMP-035,3,Namilio Voice Agents,false,,,4,true,
OPP-20161,Sable Works — New Business — Namilio Connect Enterprise,ACC-1125,Sable Works,Strategic,Sales-Led,EdTech,EMEA,Germany,New Business,Technical Validation,Pipeline,1343300,1343300,28,376124,2026-07-25,2027-03-09,2026-12-13,0,,67,false,false,,,U-002,Diego Bright,Paid Search,Inbound Marketing,LEAD-10804,CMP-001,3,Namilio Connect Enterprise,true,23,72,6,true,Pricing review with deal desk
OPP-20162,Halcyon Care — New Business — Namilio Voice Agents,ACC-1117,Halcyon Care,Self-Serve,PLG,Fintech,AMER,Canada,New Business,Closed Won,Closed,11500,11500,100,11500,2025-10-24,2025-11-07,2025-11-02,5,14,14,true,true,,,,Self-Serve (no owner),Docs & Quickstarts,Product,LEAD-10806,CMP-025,1,Namilio Voice Agents,false,,14,1,true,
OPP-20163,Orbital Labs — New Business — Namilio Voice Agents,ACC-1059,Orbital Labs,Enterprise,Sales-Led,Insurance,AMER,Brazil,New Business,Negotiation,Commit,173300,173300,82,142106,2026-06-25,2026-10-17,2026-09-05,25,,97,false,false,,,U-010,Ana Iyer,Partner / Marketplace,Partner / Referral,LEAD-10807,CMP-042,2,Namilio Voice Agents,false,,24,5,true,Schedule technical deep dive
OPP-20164,Orbital Labs — New Business — Namilio Voice Agents,ACC-1059,Orbital Labs,Enterprise,Sales-Led,Insurance,AMER,Brazil,New Business,Closed Lost,Omitted,677400,677400,0,0,2026-02-14,2026-06-12,2026-05-07,36,118,118,true,false,Failed security review,SendGridish,U-010,Ana Iyer,Organic Search,Product,LEAD-10808,CMP-015,3,Namilio Voice Agents,true,61,54,1,true,
OPP-20165,Lumen Freight — New Business — Namilio Verify,ACC-1042,Lumen Freight,Strategic,Sales-Led,Real Estate,EMEA,United Kingdom,New Business,Proposal / Quote,Commit,1405400,1405400,68,955672,2026-08-17,2027-01-14,2027-01-02,0,,44,false,false,,,U-004,Clara Brandt,Docs & Quickstarts,Product,LEAD-10809,CMP-028,5,Namilio Verify,true,23,22,4,true,Exec sponsor intro
OPP-20166,Meridian Technologies — New Business — Namilio Voice Agents,ACC-1045,Meridian Technologies,Self-Serve,PLG,Logistics,APAC,India,New Business,Closed Lost,Omitted,1300,1300,0,0,2025-10-29,2025-11-11,2025-11-09,2,13,13,true,false,Timing / budget freeze,,,Self-Serve (no owner),Docs & Quickstarts,Product,LEAD-10815,CMP-025,1,Namilio Voice Agents,false,,19,1,true,
OPP-20167,Harbor Works — New Business — Namilio Connect Enterprise,ACC-1011,Harbor Works,SMB,Sales-Assisted,Fintech,AMER,United States,New Business,Closed Lost,Omitted,37300,37300,0,0,2025-09-04,2025-10-06,2025-10-05,1,32,32,true,false,Price,LegacyCPaaS,U-014,Priya Hale,Developer Community,Product,LEAD-10819,CMP-029,1,Namilio Connect Enterprise,true,,,6,false,
OPP-20168,Foundry Bank — New Business — Namilio Copilot API,ACC-1055,Foundry Bank,SMB,Sales-Assisted,Gaming,EMEA,UAE,New Business,Closed Lost,Omitted,28300,28300,0,0,2026-04-17,2026-05-20,2026-05-08,12,33,33,true,false,No decision,OpenVoice,U-003,Clara Qureshi,Conference,Inbound Marketing,LEAD-10820,CMP-035,1,Namilio Copilot API,true,,,1,false,
OPP-20169,Cinder Learning — New Business — Namilio Copilot API,ACC-1135,Cinder Learning,Enterprise,Sales-Led,EdTech,EMEA,Spain,New Business,Closed Lost,Omitted,879500,879500,0,0,2026-07-11,2026-07-20,2026-07-16,4,9,9,true,false,Missing feature,LegacyCPaaS,U-013,Kwame Okafor,Partner / Marketplace,Partner / Referral,LEAD-10824,CMP-042,1,Namilio Copilot API,false,,62,6,false,
OPP-20170,Quanta Works — New Business — Namilio Messaging API,ACC-1068,Quanta Works,Self-Serve,PLG,Travel,EMEA,Netherlands,New Business,Closed Lost,Omitted,9300,9300,0,0,2026-06-10,2026-06-20,2026-06-16,4,10,10,true,false,Lost to competitor,TalkStack,,Self-Serve (no owner),Developer Community,Product,LEAD-10827,CMP-031,1,Namilio Messaging API,false,,6,1,true,
OPP-20171,Cobalt Retail — New Business — Namilio Voice Agents,ACC-1136,Cobalt Retail,Self-Serve,PLG,Travel,EMEA,United Kingdom,New Business,Closed Won,Closed,4700,4700,100,4700,2025-11-07,2025-11-14,2025-11-13,1,7,7,true,true,,,,Self-Serve (no owner),Organic Search,Inbound Marketing,LEAD-10829,CMP-011,1,Namilio Voice Agents,false,,,1,true,
OPP-20172,Pallas Systems — New Business — Namilio Voice Agents,ACC-1111,Pallas Systems,Self-Serve,PLG,Telecom,AMER,Canada,New Business,Closed Lost,Omitted,13800,13800,0,0,2026-05-14,2026-05-28,2026-05-27,1,14,14,true,false,Timing / budget freeze,LegacyCPaaS,,Self-Serve (no owner),Webinar,Inbound Marketing,LEAD-10835,CMP-033,1,Namilio Voice Agents,false,,19,1,false,
OPP-20173,Lumen Travel — New Business — Namilio Messaging API,ACC-1086,Lumen Travel,Strategic,Sales-Led,EdTech,AMER,Brazil,New Business,Negotiation,Commit,2429900,2429900,82,1992518,2026-08-13,2026-12-09,2026-11-23,0,,48,false,false,,,U-002,Diego Bright,Paid Search,Inbound Marketing,LEAD-10839,CMP-004,5,Namilio Messaging API,false,8,21,6,true,Schedule technical deep dive
OPP-20174,Cobalt Gaming — New Business — Namilio Studio,ACC-1051,Cobalt Gaming,Self-Serve,PLG,E-commerce,AMER,United States,New Business,Closed Lost,Omitted,5700,5700,0,0,2025-07-31,2025-08-15,2025-08-12,3,15,15,true,false,No decision,SendGridish,,Self-Serve (no owner),Outbound Sequence,Outbound,LEAD-10841,CMP-038,1,Namilio Studio,false,,,1,false,
OPP-20175,Cobalt Learning — New Business — Namilio Connect Enterprise,ACC-1031,Cobalt Learning,SMB,Sales-Assisted,E-commerce,AMER,Brazil,New Business,Closed Won,Closed,22700,22700,100,22700,2026-01-06,2026-02-26,2026-02-07,19,51,51,true,true,,,U-014,Priya Hale,Organic Search,Product,LEAD-10844,CMP-012,1,Namilio Connect Enterprise,true,,20,4,false,
OPP-20176,Lumen Travel — New Business — Namilio Verify,ACC-1086,Lumen Travel,Strategic,Sales-Led,EdTech,AMER,Brazil,New Business,Closed Won,Closed,2310200,2310200,100,2310200,2025-08-07,2025-12-21,2025-12-13,8,136,136,true,true,,,U-008,Felix Lindqvist,Customer Referral,Partner / Referral,LEAD-10850,CMP-045,3,Namilio Verify,true,,56,4,true,
OPP-20177,Vertex Gaming — New Business — Namilio Verify,ACC-1063,Vertex Gaming,Self-Serve,PLG,Gaming,AMER,Brazil,New Business,Closed Won,Closed,8600,8600,100,8600,2026-03-06,2026-03-19,2026-03-14,5,13,13,true,true,,,,Self-Serve (no owner),Paid Social,Product,LEAD-10854,CMP-007,1,Namilio Verify,false,,,1,true,
OPP-20178,Beacon Logistics — New Business — Namilio Connect Enterprise,ACC-1107,Beacon Logistics,Mid-Market,Sales-Led,Telecom,AMER,United States,New Business,Closed Won,Closed,125800,125800,100,125800,2025-09-07,2025-11-13,2025-10-20,24,67,67,true,true,,,U-001,Sana Brandt,Conference,Product,LEAD-10866,CMP-035,3,Namilio Connect Enterprise,true,,,5,true,
OPP-20179,Cobalt Health — New Business — Namilio Messaging API,ACC-1128,Cobalt Health,Mid-Market,Sales-Led,Insurance,EMEA,UAE,New Business,Closed Lost,Omitted,154000,154000,0,0,2026-07-22,2026-09-07,2026-08-25,13,47,47,true,false,Timing / budget freeze,TalkStack,U-001,Sana Brandt,Paid Search,Product,LEAD-10870,CMP-002,2,Namilio Messaging API,true,50,,6,false,
OPP-20180,Rivet Technologies — New Business — Namilio Connect Enterprise,ACC-1093,Rivet Technologies,Enterprise,Sales-Led,Travel,AMER,United States,New Business,Technical Validation,Pipeline,626500,626500,28,175420,2026-10-21,2027-02-16,2027-02-13,0,,-21,false,false,,,U-013,Kwame Okafor,Webinar,Product,LEAD-10872,CMP-034,1,Namilio Connect Enterprise,true,31,55,1,true,Awaiting procurement
OPP-20181,Cinder Travel — New Business — Namilio Connect Enterprise,ACC-1133,Cinder Travel,Mid-Market,Sales-Led,E-commerce,APAC,Australia,New Business,Discovery,Pipeline,57100,57100,12,6852,2026-08-24,2026-11-09,2026-11-01,0,,37,false,false,,,U-011,Ben Moreno,Developer Community,Product,LEAD-10877,CMP-030,3,Namilio Connect Enterprise,true,55,13,4,false,Schedule technical deep dive
OPP-20182,Meridian Technologies — New Business — Namilio Voice Agents,ACC-1045,Meridian Technologies,Self-Serve,PLG,Logistics,APAC,India,New Business,Closed Lost,Omitted,8500,8500,0,0,2026-05-13,2026-05-24,2026-05-22,2,11,11,true,false,Built in-house,,,Self-Serve (no owner),Docs & Quickstarts,Product,LEAD-10878,CMP-026,1,Namilio Voice Agents,false,,18,1,false,
OPP-20183,Umbra Learning — New Business — Namilio Copilot API,ACC-1134,Umbra Learning,SMB,Sales-Assisted,Travel,EMEA,Sweden,New Business,Closed Lost,Omitted,34200,34200,0,0,2025-11-06,2025-12-04,2025-11-28,6,28,28,true,false,Built in-house,,U-003,Clara Qureshi,Webinar,Inbound Marketing,LEAD-10879,CMP-033,2,Namilio Copilot API,false,,,2,true,
OPP-20184,Tundra Mobility — New Business — Namilio Verify,ACC-1012,Tundra Mobility,Mid-Market,Sales-Led,Gaming,AMER,United States,New Business,Closed Lost,Omitted,49100,49100,0,0,2025-06-03,2025-07-29,2025-07-24,5,56,56,true,false,Price,Vocalis,U-009,Zara Chen,Webinar,Inbound Marketing,LEAD-10883,CMP-032,3,Namilio Verify,true,7,11,1,false,
OPP-20185,Cobalt Gaming — New Business — Namilio Copilot API,ACC-1051,Cobalt Gaming,Self-Serve,PLG,E-commerce,AMER,United States,New Business,Closed Won,Closed,1600,1600,100,1600,2025-11-13,2025-11-20,2025-11-18,2,7,7,true,true,,,,Self-Serve (no owner),Docs & Quickstarts,Product,LEAD-10887,CMP-028,1,Namilio Copilot API,false,,,1,true,
OPP-20186,North Learning — New Business — Namilio Messaging API,ACC-1010,North Learning,Mid-Market,Sales-Led,Logistics,EMEA,UAE,New Business,Closed Lost,Omitted,153700,153700,0,0,2025-05-29,2025-07-28,2025-07-14,14,60,60,true,false,Failed security review,,U-001,Sana Brandt,Docs & Quickstarts,Product,LEAD-10889,CMP-024,1,Namilio Messaging API,true,,,6,false,
OPP-20187,Halcyon Freight — New Business — Namilio Verify,ACC-1122,Halcyon Freight,Strategic,Sales-Led,Travel,EMEA,Germany,New Business,Technical Validation,Pipeline,1866400,1866400,28,522592,2026-06-10,2026-11-18,2026-11-04,0,,112,false,false,,,U-004,Clara Brandt,Developer Community,Product,LEAD-10904,CMP-030,4,Namilio Verify,false,31,32,7,true,POC success criteria sign-off
OPP-20188,Tundra Retail — New Business — Namilio Copilot API,ACC-1032,Tundra Retail,Self-Serve,PLG,Real Estate,EMEA,Sweden,New Business,Business Case,Best Case,4800,4800,45,2160,2026-09-16,2026-10-02,2026-09-29,1,,14,false,false,,,,Self-Serve (no owner),Paid Search,Product,LEAD-10905,CMP-002,1,Namilio Copilot API,false,,,1,true,Send security questionnaire
OPP-20189,Halcyon Insure — New Business — Namilio Voice Agents,ACC-1131,Halcyon Insure,Self-Serve,PLG,Fintech,APAC,India,New Business,Closed Won,Closed,5400,5400,100,5400,2026-02-06,2026-02-20,2026-02-14,6,14,14,true,true,,,,Self-Serve (no owner),Organic Search,Inbound Marketing,LEAD-10920,CMP-015,1,Namilio Voice Agents,false,,,1,true,
OPP-20190,Lumen Technologies — New Business — Namilio Studio,ACC-1014,Lumen Technologies,Self-Serve,PLG,SaaS,EMEA,UAE,New Business,Closed Lost,Omitted,5400,5400,0,0,2025-05-26,2025-06-08,2025-06-04,4,13,13,true,false,No decision,TalkStack,,Self-Serve (no owner),AI Assistant Referral,Product,LEAD-10922,CMP-020,1,Namilio Studio,false,,18,1,false,
OPP-20191,Solstice Labs — New Business — Namilio Voice Agents,ACC-1126,Solstice Labs,Self-Serve,PLG,Travel,APAC,Singapore,New Business,Technical Validation,Pipeline,6100,6100,28,1708,2026-10-12,2026-10-21,2026-10-18,0,,-12,false,false,,,,Self-Serve (no owner),Docs & Quickstarts,Product,LEAD-10926,CMP-028,1,Namilio Voice Agents,false,,20,1,false,POC success criteria sign-off
OPP-20192,Tundra Freight — New Business — Namilio Studio,ACC-1016,Tundra Freight,Self-Serve,PLG,Travel,AMER,United States,New Business,Closed Won,Closed,12800,12800,100,12800,2026-01-07,2026-01-14,2026-01-12,2,7,7,true,true,,,,Self-Serve (no owner),Paid Social,Inbound Marketing,LEAD-10930,CMP-010,1,Namilio Studio,false,,,1,false,
OPP-20193,Pallas Labs — New Business — Namilio Verify,ACC-1090,Pallas Labs,SMB,Sales-Assisted,Fintech,AMER,United States,New Business,Proposal / Quote,Commit,42900,42900,68,29172,2026-09-24,2026-10-29,2026-10-27,0,,6,false,false,,,U-005,Maya Diallo,Webinar,Inbound Marketing,LEAD-10934,CMP-033,2,Namilio Verify,false,,9,4,false,Send security questionnaire
OPP-20194,Lattice Market — New Business — Namilio Voice Agents,ACC-1043,Lattice Market,Strategic,Sales-Led,Real Estate,AMER,Mexico,New Business,Discovery,Pipeline,1530000,1530000,12,183600,2026-07-27,2027-03-06,2027-01-17,0,,65,false,false,,,U-002,Diego Bright,AI Assistant Referral,Inbound Marketing,LEAD-10936,CMP-020,3,Namilio Voice Agents,false,,10,2,true,POC success criteria sign-off
OPP-20195,Lattice Insure — New Business — Namilio Connect Enterprise,ACC-1092,Lattice Insure,SMB,Sales-Assisted,Travel,AMER,Canada,New Business,Closed Lost,Omitted,29000,29000,0,0,2025-08-24,2025-09-23,2025-09-14,9,30,30,true,false,Timing / budget freeze,,U-005,Maya Diallo,Organic Search,Product,LEAD-10940,CMP-018,3,Namilio Connect Enterprise,false,,19,1,true,
OPP-20196,Cobalt Gaming — New Business — Namilio Messaging API,ACC-1051,Cobalt Gaming,Self-Serve,PLG,E-commerce,AMER,United States,New Business,Closed Won,Closed,5300,5300,100,5300,2025-11-14,2025-11-25,2025-11-21,4,11,11,true,true,,,,Self-Serve (no owner),Paid Search,Product,LEAD-10943,CMP-002,1,Namilio Messaging API,false,,,1,false,
OPP-20197,Dovetail Health — New Business — Namilio Verify,ACC-1024,Dovetail Health,SMB,Sales-Assisted,E-commerce,EMEA,Spain,New Business,Closed Lost,Omitted,19200,19200,0,0,2025-09-21,2025-10-23,2025-10-16,7,32,32,true,false,Missing feature,,U-014,Priya Hale,Partner / Marketplace,Partner / Referral,LEAD-10947,CMP-044,3,Namilio Verify,false,47,21,5,false,
OPP-20198,Sable Mobility — New Business — Namilio Voice Agents,ACC-1023,Sable Mobility,Strategic,Sales-Led,Fintech,EMEA,Germany,New Business,Proposal / Quote,Commit,2627800,2627800,68,1786904,2026-10-02,2026-11-29,2026-11-15,0,,-2,false,false,,,U-008,Felix Lindqvist,Docs & Quickstarts,Product,LEAD-10950,CMP-024,3,Namilio Voice Agents,true,,38,3,true,POC success criteria sign-off
OPP-20199,Harbor Market — New Business — Namilio Verify,ACC-1056,Harbor Market,Self-Serve,PLG,Gaming,EMEA,France,New Business,Closed Lost,Omitted,12900,12900,0,0,2026-05-19,2026-05-30,2026-05-28,2,11,11,true,false,Failed security review,TalkStack,,Self-Serve (no owner),Partner / Marketplace,Partner / Referral,LEAD-10951,CMP-043,1,Namilio Verify,false,,,1,true,
OPP-20200,Lattice Digital — New Business — Namilio Verify,ACC-1050,Lattice Digital,SMB,Sales-Assisted,Fintech,AMER,Mexico,New Business,Closed Lost,Omitted,18700,18700,0,0,2026-07-28,2026-09-20,2026-09-01,19,54,54,true,false,Missing feature,SendGridish,U-005,Maya Diallo,Organic Search,Inbound Marketing,LEAD-10964,CMP-013,1,Namilio Verify,true,36,,6,true,
OPP-20201,Ember Care — New Business — Namilio Voice Agents,ACC-1046,Ember Care,Strategic,Sales-Led,E-commerce,AMER,United States,New Business,Closed Lost,Omitted,974400,974400,0,0,2025-10-05,2026-04-12,2026-03-18,25,189,189,true,false,Timing / budget freeze,SendGridish,U-004,Clara Brandt,Docs & Quickstarts,Product,LEAD-10973,CMP-023,3,Namilio Voice Agents,false,32,35,5,true,
OPP-20202,Onyx Retail — New Business — Namilio Verify,ACC-1007,Onyx Retail,Enterprise,Sales-Led,Healthcare,APAC,Japan,New Business,Closed Lost,Omitted,380000,380000,0,0,2025-08-11,2025-11-21,2025-11-03,18,102,102,true,false,Failed security review,SendGridish,U-013,Kwame Okafor,Paid Search,Product,LEAD-10983,CMP-005,3,Namilio Verify,true,23,87,7,false,
OPP-20203,Aster Market — New Business — Namilio Verify,ACC-1106,Aster Market,SMB,Sales-Assisted,Gaming,EMEA,UAE,New Business,Closed Lost,Omitted,26100,26100,0,0,2026-02-13,2026-03-02,2026-02-25,5,17,17,true,false,Price,Vocalis,U-006,Zara Hale,Docs & Quickstarts,Product,LEAD-10991,CMP-025,2,Namilio Verify,false,25,,6,true,
OPP-20204,Halcyon Labs — New Business — Namilio Connect Enterprise,ACC-1095,Halcyon Labs,Enterprise,Sales-Led,Logistics,APAC,Singapore,New Business,Closed Won,Closed,675600,675600,100,675600,2025-10-13,2025-12-21,2025-12-11,10,69,69,true,true,,,U-013,Kwame Okafor,Paid Search,Inbound Marketing,LEAD-10992,CMP-006,2,Namilio Connect Enterprise,true,43,58,1,false,
OPP-20205,Ember Labs — New Business — Namilio Studio,ACC-1025,Ember Labs,Self-Serve,PLG,SaaS,APAC,Indonesia,New Business,Closed Won,Closed,7100,7100,100,7100,2026-02-13,2026-02-24,2026-02-22,2,11,11,true,true,,,,Self-Serve (no owner),Partner / Marketplace,Partner / Referral,LEAD-11021,CMP-042,1,Namilio Studio,false,,5,1,true,
OPP-20206,Tundra Retail — New Business — Namilio Verify,ACC-1032,Tundra Retail,Self-Serve,PLG,Real Estate,EMEA,Sweden,New Business,Closed Lost,Omitted,2300,2300,0,0,2026-06-21,2026-07-02,2026-07-01,1,11,11,true,false,Timing / budget freeze,OpenVoice,,Self-Serve (no owner),Paid Social,Inbound Marketing,LEAD-11032,CMP-008,1,Namilio Verify,false,,,1,true,
OPP-20207,Onyx Retail — New Business — Namilio Voice Agents,ACC-1007,Onyx Retail,Enterprise,Sales-Led,Healthcare,APAC,Japan,New Business,Discovery,Pipeline,643900,643900,12,77268,2026-08-17,2026-12-22,2026-12-01,0,,44,false,false,,,U-013,Kwame Okafor,Outbound Sequence,Outbound,LEAD-11039,CMP-037,1,Namilio Voice Agents,false,,68,3,true,Pricing review with deal desk
OPP-20208,Solstice Health — New Business — Namilio Voice Agents,ACC-1100,Solstice Health,Mid-Market,Sales-Led,Fintech,AMER,Brazil,New Business,Closed Lost,Omitted,173900,173900,0,0,2026-07-19,2026-09-25,2026-09-09,16,68,68,true,false,Failed security review,TalkStack,U-001,Sana Brandt,Organic Search,Product,LEAD-11051,CMP-014,2,Namilio Voice Agents,true,,,7,false,
OPP-20209,Umbra Learning — New Business — Namilio Studio,ACC-1134,Umbra Learning,SMB,Sales-Assisted,Travel,EMEA,Sweden,New Business,Closed Lost,Omitted,42600,42600,0,0,2025-06-21,2025-07-26,2025-07-15,11,35,35,true,false,Price,SendGridish,U-005,Maya Diallo,Partner / Marketplace,Partner / Referral,LEAD-11053,CMP-042,3,Namilio Studio,true,,,1,true,
OPP-20210,Lumen Travel — New Business — Namilio Studio,ACC-1086,Lumen Travel,Strategic,Sales-Led,EdTech,AMER,Brazil,New Business,Closed Won,Closed,2303600,2303600,100,2303600,2025-05-19,2025-12-07,2025-09-26,72,202,202,true,true,,,U-002,Diego Bright,Docs & Quickstarts,Inbound Marketing,LEAD-11071,CMP-024,4,Namilio Studio,true,41,35,1,true,
OPP-20211,Onyx Works — New Business — Namilio Studio,ACC-1073,Onyx Works,Enterprise,Sales-Led,Fintech,EMEA,Spain,New Business,Closed Won,Closed,799500,799500,100,799500,2025-10-25,2026-03-20,2026-01-29,50,146,146,true,true,,,U-013,Kwame Okafor,Developer Community,Product,LEAD-11077,CMP-029,3,Namilio Studio,false,18,14,2,false,
OPP-20212,Beacon Logistics — New Business — Namilio Copilot API,ACC-1107,Beacon Logistics,Mid-Market,Sales-Led,Telecom,AMER,United States,New Business,Closed Lost,Omitted,131700,131700,0,0,2025-06-08,2025-07-23,2025-07-18,5,45,45,true,false,Price,,U-009,Zara Chen,Organic Search,Inbound Marketing,LEAD-11096,CMP-017,2,Namilio Copilot API,true,27,,1,true,
OPP-20213,Foundry Works — New Business — Namilio Messaging API,ACC-1047,Foundry Works,SMB,Sales-Assisted,Logistics,APAC,Indonesia,New Business,Closed Lost,Omitted,13100,13100,0,0,2026-04-29,2026-05-29,2026-05-18,11,30,30,true,false,Failed security review,,U-014,Priya Hale,Developer Community,Product,LEAD-11101,CMP-029,2,Namilio Messaging API,true,33,,6,false,
OPP-20214,Cobalt Gaming — New Business — Namilio Studio,ACC-1051,Cobalt Gaming,Self-Serve,PLG,E-commerce,AMER,United States,New Business,Discovery,Pipeline,10900,10900,12,1308,2026-10-01,2026-10-14,2026-10-12,0,,-1,false,false,,,,Self-Serve (no owner),Customer Referral,Partner / Referral,LEAD-11113,CMP-046,1,Namilio Studio,false,,,1,false,Exec sponsor intro
OPP-20215,Halcyon Labs — New Business — Namilio Studio,ACC-1095,Halcyon Labs,Enterprise,Sales-Led,Logistics,APAC,Singapore,New Business,Closed Lost,Omitted,248900,248900,0,0,2026-03-28,2026-07-10,2026-06-06,34,104,104,true,false,Failed security review,OpenVoice,U-013,Kwame Okafor,Docs & Quickstarts,Inbound Marketing,LEAD-11121,CMP-024,1,Namilio Studio,true,,18,1,false,
OPP-20216,Sable Digital — New Business — Namilio Studio,ACC-1035,Sable Digital,SMB,Sales-Assisted,Travel,EMEA,United Kingdom,New Business,Closed Won,Closed,25100,25100,100,25100,2025-10-12,2025-11-13,2025-11-01,12,32,32,true,true,,,U-006,Zara Hale,Developer Community,Product,LEAD-11129,CMP-029,1,Namilio Studio,true,15,,7,false,
OPP-20217,Harbor Retail — New Business — Namilio Copilot API,ACC-1087,Harbor Retail,SMB,Sales-Assisted,Gaming,APAC,Indonesia,New Business,Closed Lost,Omitted,43900,43900,0,0,2025-09-02,2025-09-21,2025-09-15,6,19,19,true,false,Champion left,SendGridish,U-006,Zara Hale,Organic Search,Product,LEAD-11130,CMP-017,3,Namilio Copilot API,false,,,3,false,
OPP-20218,Lumen Freight — New Business — Namilio Voice Agents,ACC-1042,Lumen Freight,Strategic,Sales-Led,Real Estate,EMEA,United Kingdom,New Business,Closed Won,Closed,3169300,3169300,100,3169300,2025-11-09,2026-06-26,2026-05-29,28,229,229,true,true,,,U-008,Felix Lindqvist,Partner / Marketplace,Partner / Referral,LEAD-11131,CMP-042,3,Namilio Voice Agents,false,29,79,4,true,
OPP-20219,Beacon Logistics — New Business — Namilio Studio,ACC-1107,Beacon Logistics,Mid-Market,Sales-Led,Telecom,AMER,United States,New Business,Closed Won,Closed,96400,96400,100,96400,2026-02-02,2026-04-11,2026-04-09,2,68,68,true,true,,,U-011,Ben Moreno,Outbound Sequence,Outbound,LEAD-11133,CMP-039,3,Namilio Studio,true,,,5,true,
OPP-20220,Sable Retail — New Business — Namilio Voice Agents,ACC-1037,Sable Retail,Self-Serve,PLG,Gaming,AMER,Canada,New Business,Closed Won,Closed,10100,10100,100,10100,2025-12-07,2025-12-18,2025-12-14,4,11,11,true,true,,,,Self-Serve (no owner),AI Assistant Referral,Product,LEAD-11138,CMP-019,1,Namilio Voice Agents,false,,,1,true,
OPP-20221,Onyx Group — New Business — Namilio Verify,ACC-1115,Onyx Group,SMB,Sales-Assisted,Public Sector,AMER,Brazil,New Business,Closed Won,Closed,42900,42900,100,42900,2025-08-17,2025-09-01,2025-08-26,6,15,15,true,true,,,U-003,Clara Qureshi,Paid Search,Product,LEAD-11141,CMP-005,2,Namilio Verify,false,42,,3,false,
OPP-20222,Aster Labs — New Business — Namilio Verify,ACC-1108,Aster Labs,Self-Serve,PLG,Logistics,AMER,Brazil,New Business,Closed Lost,Omitted,12400,12400,0,0,2025-11-07,2025-11-24,2025-11-22,2,17,17,true,false,Missing feature,SendGridish,,Self-Serve (no owner),Organic Search,Product,LEAD-11147,CMP-012,1,Namilio Verify,false,,,1,false,
OPP-20223,Halcyon Learning — New Business — Namilio Messaging API,ACC-1123,Halcyon Learning,Self-Serve,PLG,Gaming,LATAM,Argentina,New Business,Closed Lost,Omitted,2900,2900,0,0,2026-06-18,2026-07-01,2026-06-29,2,13,13,true,false,Champion left,TalkStack,,Self-Serve (no owner),Organic Search,Product,LEAD-11156,CMP-014,1,Namilio Messaging API,false,,,1,true,
OPP-20224,Ember Group — New Business — Namilio Voice Agents,ACC-1057,Ember Group,SMB,Sales-Assisted,EdTech,AMER,Canada,New Business,Closed Won,Closed,43800,43800,100,43800,2025-12-30,2026-01-27,2026-01-22,5,28,28,true,true,,,U-005,Maya Diallo,AI Assistant Referral,Product,LEAD-11163,CMP-019,1,Namilio Voice Agents,true,,,7,true,
OPP-20225,Rivet Technologies — New Business — Namilio Voice Agents,ACC-1093,Rivet Technologies,Enterprise,Sales-Led,Travel,AMER,United States,New Business,Negotiation,Commit,290200,290200,82,237964,2026-09-05,2026-12-11,2026-12-09,0,,25,false,false,,,U-010,Ana Iyer,Organic Search,Product,LEAD-11165,CMP-014,3,Namilio Voice Agents,true,,15,7,true,POC success criteria sign-off
OPP-20226,Lattice Insure — New Business — Namilio Voice Agents,ACC-1092,Lattice Insure,SMB,Sales-Assisted,Travel,AMER,Canada,New Business,Closed Lost,Omitted,18300,18300,0,0,2025-12-13,2026-01-07,2026-01-01,6,25,25,true,false,Built in-house,SendGridish,U-003,Clara Qureshi,Partner / Marketplace,Partner / Referral,LEAD-11177,CMP-044,1,Namilio Voice Agents,false,,,7,true,
OPP-20227,Onyx Group — New Business — Namilio Verify,ACC-1115,Onyx Group,SMB,Sales-Assisted,Public Sector,AMER,Brazil,New Business,Closed Lost,Omitted,30000,30000,0,0,2026-05-22,2026-07-05,2026-07-03,2,44,44,true,false,Failed security review,,U-005,Maya Diallo,Organic Search,Product,LEAD-11183,CMP-018,2,Namilio Verify,true,,,1,true,
OPP-20228,Lattice Digital — New Business — Namilio Copilot API,ACC-1050,Lattice Digital,SMB,Sales-Assisted,Fintech,AMER,Mexico,New Business,Closed Lost,Omitted,28900,28900,0,0,2025-12-31,2026-01-28,2026-01-22,6,28,28,true,false,Price,,U-005,Maya Diallo,Partner / Marketplace,Partner / Referral,LEAD-11188,CMP-044,1,Namilio Copilot API,false,,21,2,true,
OPP-20229,Tundra Systems — New Business — Namilio Studio,ACC-1019,Tundra Systems,SMB,Sales-Assisted,Gaming,LATAM,Colombia,New Business,Closed Lost,Omitted,29800,29800,0,0,2025-09-11,2025-10-13,2025-09-30,13,32,32,true,false,No decision,TalkStack,U-014,Priya Hale,Developer Community,Product,LEAD-11190,CMP-030,1,Namilio Studio,false,,,5,true,
OPP-20230,Ember Group — New Business — Namilio Verify,ACC-1057,Ember Group,SMB,Sales-Assisted,EdTech,AMER,Canada,New Business,Negotiation,Commit,13300,13300,82,10906,2026-08-24,2026-10-09,2026-09-21,9,,37,false,false,,,U-014,Priya Hale,Docs & Quickstarts,Product,LEAD-11198,CMP-024,2,Namilio Verify,false,13,,3,true,Exec sponsor intro
OPP-20231,Ember Market — New Business — Namilio Connect Enterprise,ACC-1121,Ember Market,SMB,Sales-Assisted,Logistics,EMEA,Sweden,New Business,Closed Lost,Omitted,40100,40100,0,0,2025-12-11,2026-01-16,2026-01-05,11,36,36,true,false,Missing feature,Vocalis,U-005,Maya Diallo,Partner / Marketplace,Partner / Referral,LEAD-11199,CMP-044,3,Namilio Connect Enterprise,true,57,17,6,true,
OPP-20232,Lattice Digital — New Business — Namilio Connect Enterprise,ACC-1050,Lattice Digital,SMB,Sales-Assisted,Fintech,AMER,Mexico,New Business,Closed Lost,Omitted,39200,39200,0,0,2025-10-04,2025-11-04,2025-10-24,11,31,31,true,false,Built in-house,,U-006,Zara Hale,Paid Social,Inbound Marketing,LEAD-11203,CMP-007,2,Namilio Connect Enterprise,false,27,16,7,true,
OPP-20233,Aster Labs — New Business — Namilio Studio,ACC-1108,Aster Labs,Self-Serve,PLG,Logistics,AMER,Brazil,New Business,Closed Lost,Omitted,6200,6200,0,0,2025-07-04,2025-07-14,2025-07-11,3,10,10,true,false,Timing / budget freeze,,,Self-Serve (no owner),Paid Search,Inbound Marketing,LEAD-11205,CMP-003,1,Namilio Studio,false,,13,1,false,
OPP-20234,Meridian Technologies — New Business — Namilio Verify,ACC-1045,Meridian Technologies,Self-Serve,PLG,Logistics,APAC,India,New Business,Closed Lost,Omitted,6200,6200,0,0,2026-06-25,2026-07-04,2026-06-30,4,9,9,true,false,Built in-house,SendGridish,,Self-Serve (no owner),Paid Social,Inbound Marketing,LEAD-11210,CMP-008,1,Namilio Verify,false,,6,1,true,
OPP-20235,Dovetail Labs — New Business — Namilio Voice Agents,ACC-1001,Dovetail Labs,Self-Serve,PLG,E-commerce,EMEA,United Kingdom,New Business,Closed Lost,Omitted,5900,5900,0,0,2026-01-15,2026-01-25,2026-01-22,3,10,10,true,false,Failed security review,,,Self-Serve (no owner),Organic Search,Inbound Marketing,LEAD-11211,CMP-018,1,Namilio Voice Agents,false,,,1,false,
OPP-20236,Ember Labs — New Business — Namilio Copilot API,ACC-1025,Ember Labs,Self-Serve,PLG,SaaS,APAC,Indonesia,New Business,Negotiation,Commit,12200,12200,82,10004,2026-10-26,2026-11-01,2026-10-31,0,,-26,false,false,,,,Self-Serve (no owner),Docs & Quickstarts,Product,LEAD-11214,CMP-024,1,Namilio Copilot API,false,,,1,true,Send security questionnaire
OPP-20237,Halcyon Works — New Business — Namilio Verify,ACC-1062,Halcyon Works,SMB,Sales-Assisted,E-commerce,EMEA,Sweden,New Business,Closed Lost,Omitted,40900,40900,0,0,2026-04-01,2026-04-21,2026-04-17,4,20,20,true,false,Missing feature,TalkStack,U-006,Zara Hale,Organic Search,Inbound Marketing,LEAD-11227,CMP-011,1,Namilio Verify,true,56,4,7,false,
OPP-20238,Ember Market — New Business — Namilio Studio,ACC-1121,Ember Market,SMB,Sales-Assisted,Logistics,EMEA,Sweden,New Business,Closed Lost,Omitted,34800,34800,0,0,2026-02-28,2026-03-19,2026-03-15,4,19,19,true,false,Missing feature,,U-003,Clara Qureshi,Paid Search,Inbound Marketing,LEAD-11228,CMP-004,2,Namilio Studio,true,,,3,false,
OPP-20239,Zephyr Care — New Business — Namilio Voice Agents,ACC-1084,Zephyr Care,SMB,Sales-Assisted,Logistics,AMER,United States,New Business,Closed Won,Closed,15500,15500,100,15500,2025-10-09,2025-11-02,2025-10-31,2,24,24,true,true,,,U-006,Zara Hale,Outbound Sequence,Outbound,LEAD-11233,CMP-041,3,Namilio Voice Agents,false,,,3,true,
OPP-20240,Tundra Insure — New Business — Namilio Connect Enterprise,ACC-1070,Tundra Insure,SMB,Sales-Assisted,Real Estate,EMEA,Spain,New Business,Closed Lost,Omitted,35600,35600,0,0,2026-04-15,2026-05-12,2026-05-03,9,27,27,true,false,Champion left,OpenVoice,U-006,Zara Hale,Paid Social,Product,LEAD-11241,CMP-008,1,Namilio Connect Enterprise,true,,18,5,true,
OPP-20241,Tundra Care — New Business — Namilio Voice Agents,ACC-1028,Tundra Care,Mid-Market,Sales-Led,Gaming,EMEA,United Kingdom,New Business,Closed Lost,Omitted,154400,154400,0,0,2025-12-02,2026-02-19,2026-01-26,24,79,79,true,false,Built in-house,,U-007,Ben Hale,Paid Search,Inbound Marketing,LEAD-11246,CMP-005,1,Namilio Voice Agents,true,,9,7,false,
OPP-20242,Quanta Digital — New Business — Namilio Messaging API,ACC-1027,Quanta Digital,Enterprise,Sales-Led,Gaming,EMEA,Netherlands,New Business,Business Case,Best Case,319600,319600,45,143820,2026-09-09,2026-12-02,2026-11-26,0,,21,false,false,,,U-010,Ana Iyer,Outbound Sequence,Outbound,LEAD-11250,CMP-037,3,Namilio Messaging API,true,62,19,5,false,Exec sponsor intro
OPP-20243,Ember Care — New Business — Namilio Connect Enterprise,ACC-1046,Ember Care,Strategic,Sales-Led,E-commerce,AMER,United States,New Business,Business Case,Best Case,887600,887600,45,399420,2026-03-25,2026-10-07,2026-08-02,59,,189,false,false,,,U-004,Clara Brandt,Organic Search,Product,LEAD-11252,CMP-016,4,Namilio Connect Enterprise,true,,50,6,true,Pricing review with deal desk
OPP-20244,Meridian Group — New Business — Namilio Studio,ACC-1103,Meridian Group,Enterprise,Sales-Led,Telecom,EMEA,United Kingdom,New Business,Closed Lost,Omitted,392000,392000,0,0,2025-07-29,2025-12-13,2025-11-09,34,137,137,true,false,Timing / budget freeze,TalkStack,U-010,Ana Iyer,Partner / Marketplace,Partner / Referral,LEAD-11254,CMP-042,3,Namilio Studio,false,50,28,2,false,
OPP-20245,Onyx Works — New Business — Namilio Connect Enterprise,ACC-1073,Onyx Works,Enterprise,Sales-Led,Fintech,EMEA,Spain,New Business,Proposal / Quote,Commit,433100,433100,68,294508,2026-09-03,2027-03-13,2027-01-21,0,,27,false,false,,,U-010,Ana Iyer,Organic Search,Inbound Marketing,LEAD-11255,CMP-013,3,Namilio Connect Enterprise,false,25,56,1,false,Exec sponsor intro
OPP-20246,Rivet Pay — New Business — Namilio Connect Enterprise,ACC-1118,Rivet Pay,Strategic,Sales-Led,Real Estate,AMER,Canada,New Business,Closed Lost,Omitted,2998300,2998300,0,0,2025-12-25,2026-09-13,2026-09-08,5,262,262,true,false,No decision,Vocalis,U-004,Clara Brandt,AI Assistant Referral,Product,LEAD-11256,CMP-021,3,Namilio Connect Enterprise,true,,28,3,false,
OPP-20247,Umbra Learning — New Business — Namilio Voice Agents,ACC-1134,Umbra Learning,SMB,Sales-Assisted,Travel,EMEA,Sweden,New Business,Closed Lost,Omitted,32000,32000,0,0,2025-12-10,2026-01-09,2025-12-30,10,30,30,true,false,Lost to competitor,TalkStack,U-003,Clara Qureshi,Docs & Quickstarts,Product,LEAD-11259,CMP-024,3,Namilio Voice Agents,true,,,6,false,
OPP-20248,Pallas Health — New Business — Namilio Verify,ACC-1137,Pallas Health,Mid-Market,Sales-Led,Logistics,APAC,Japan,New Business,Closed Won,Closed,127800,127800,100,127800,2025-09-13,2025-09-27,2025-09-26,1,14,14,true,true,,,U-001,Sana Brandt,Outbound Sequence,Outbound,LEAD-11264,CMP-037,2,Namilio Verify,false,,8,6,true,
OPP-20249,Onyx Logistics — New Business — Namilio Verify,ACC-1075,Onyx Logistics,Strategic,Sales-Led,Telecom,EMEA,Sweden,New Business,Discovery,Pipeline,1085700,1085700,12,130284,2026-05-25,2027-02-06,2026-12-30,0,,128,false,false,,,U-004,Clara Brandt,Paid Social,Inbound Marketing,LEAD-11267,CMP-008,5,Namilio Verify,false,,11,4,true,Pricing review with deal desk
OPP-20250,Umbra Care — New Business — Namilio Copilot API,ACC-1079,Umbra Care,Self-Serve,PLG,E-commerce,AMER,Canada,New Business,Discovery,Pipeline,1700,1700,12,204,2026-10-10,2026-10-19,2026-10-15,0,,-10,false,false,,,,Self-Serve (no owner),Organic Search,Product,LEAD-11272,CMP-018,1,Namilio Copilot API,false,,,1,true,Send security questionnaire
OPP-20251,Pallas Health — New Business — Namilio Messaging API,ACC-1137,Pallas Health,Mid-Market,Sales-Led,Logistics,APAC,Japan,New Business,Closed Lost,Omitted,169200,169200,0,0,2025-11-20,2026-02-23,2026-02-13,10,95,95,true,false,Champion left,TalkStack,U-011,Ben Moreno,Docs & Quickstarts,Product,LEAD-11273,CMP-028,2,Namilio Messaging API,true,,,7,false,
OPP-20252,Pallas Labs — New Business — Namilio Voice Agents,ACC-1090,Pallas Labs,SMB,Sales-Assisted,Fintech,AMER,United States,New Business,Closed Lost,Omitted,35200,35200,0,0,2025-12-13,2026-01-01,2025-12-27,5,19,19,true,false,Failed security review,Vocalis,U-003,Clara Qureshi,Organic Search,Product,LEAD-11274,CMP-015,1,Namilio Voice Agents,true,53,,5,false,
OPP-20253,Kestrel Health — New Business — Namilio Connect Enterprise,ACC-1038,Kestrel Health,Mid-Market,Sales-Led,Fintech,EMEA,France,New Business,Closed Won,Closed,160700,160700,100,160700,2025-10-17,2025-11-13,2025-11-09,4,27,27,true,true,,,U-009,Zara Chen,Paid Search,Inbound Marketing,LEAD-11275,CMP-002,2,Namilio Connect Enterprise,true,,,5,false,
OPP-20254,Cobalt Technologies — New Business — Namilio Voice Agents,ACC-1124,Cobalt Technologies,Mid-Market,Sales-Led,Gaming,AMER,United States,New Business,Closed Lost,Omitted,88700,88700,0,0,2026-03-21,2026-06-13,2026-05-21,23,84,84,true,false,Champion left,,U-001,Sana Brandt,AI Assistant Referral,Product,LEAD-11277,CMP-021,3,Namilio Voice Agents,false,,,2,false,
OPP-20255,Lattice Market — New Business — Namilio Connect Enterprise,ACC-1043,Lattice Market,Strategic,Sales-Led,Real Estate,AMER,Mexico,New Business,Proposal / Quote,Commit,1612500,1612500,68,1096500,2026-06-07,2026-11-15,2026-09-27,3,,115,false,false,,,U-004,Clara Brandt,Docs & Quickstarts,Product,LEAD-11282,CMP-028,4,Namilio Connect Enterprise,true,23,22,2,true,Send security questionnaire
OPP-20256,Kestrel Health — New Business — Namilio Messaging API,ACC-1038,Kestrel Health,Mid-Market,Sales-Led,Fintech,EMEA,France,New Business,Closed Won,Closed,130800,130800,100,130800,2025-08-29,2025-10-30,2025-10-13,17,62,62,true,true,,,U-007,Ben Hale,Organic Search,Product,LEAD-11292,CMP-014,2,Namilio Messaging API,false,,,7,false,
OPP-20257,Solstice Freight — New Business — Namilio Copilot API,ACC-1094,Solstice Freight,Self-Serve,PLG,Healthcare,AMER,Canada,New Business,Closed Lost,Omitted,5500,5500,0,0,2026-03-19,2026-04-03,2026-03-28,6,15,15,true,false,Timing / budget freeze,TalkStack,,Self-Serve (no owner),Docs & Quickstarts,Product,LEAD-11296,CMP-024,1,Namilio Copilot API,false,,19,1,true,
OPP-20258,Lattice Market — New Business — Namilio Studio,ACC-1043,Lattice Market,Strategic,Sales-Led,Real Estate,AMER,Mexico,New Business,Discovery,Pipeline,2562000,2562000,12,307440,2026-05-05,2026-12-17,2026-11-22,0,,148,false,false,,,U-004,Clara Brandt,Docs & Quickstarts,Inbound Marketing,LEAD-11309,CMP-023,4,Namilio Studio,true,,19,3,true,POC success criteria sign-off
OPP-20259,Cinder Pay — New Business — Namilio Voice Agents,ACC-1102,Cinder Pay,Mid-Market,Sales-Led,Real Estate,EMEA,Germany,New Business,Technical Validation,Pipeline,107000,107000,28,29960,2026-10-19,2027-01-29,2027-01-19,0,,-19,false,false,,,U-007,Ben Hale,Paid Search,Product,LEAD-11313,CMP-001,1,Namilio Voice Agents,false,28,,3,false,POC success criteria sign-off
OPP-20260,Dovetail Works — New Business — Namilio Verify,ACC-1072,Dovetail Works,SMB,Sales-Assisted,Public Sector,APAC,India,New Business,Closed Won,Closed,17000,17000,100,17000,2025-10-13,2025-11-20,2025-11-07,13,38,38,true,true,,,U-003,Clara Qureshi,Customer Referral,Partner / Referral,LEAD-11318,CMP-045,2,Namilio Verify,false,50,,3,false,
OPP-20261,Onyx Works — New Business — Namilio Messaging API,ACC-1073,Onyx Works,Enterprise,Sales-Led,Fintech,EMEA,Spain,New Business,Closed Won,Closed,675500,675500,100,675500,2026-03-10,2026-07-01,2026-05-31,31,113,113,true,true,,,U-013,Kwame Okafor,Organic Search,Product,LEAD-11330,CMP-013,1,Namilio Messaging API,true,29,83,6,true,
OPP-20262,Rivet Cloud — New Business — Namilio Studio,ACC-1104,Rivet Cloud,Self-Serve,PLG,E-commerce,AMER,Brazil,New Business,Closed Won,Closed,11900,11900,100,11900,2026-07-31,2026-08-08,2026-08-05,3,8,8,true,true,,,,Self-Serve (no owner),AI Assistant Referral,Product,LEAD-11331,CMP-021,1,Namilio Studio,false,,,1,true,
OPP-20263,Ember Logistics — New Business — Namilio Voice Agents,ACC-1119,Ember Logistics,Enterprise,Sales-Led,E-commerce,AMER,United States,New Business,Technical Validation,Pipeline,342400,342400,28,95872,2026-08-08,2026-11-28,2026-11-15,0,,53,false,false,,,U-010,Ana Iyer,Developer Community,Product,LEAD-11334,CMP-029,2,Namilio Voice Agents,false,,42,2,false,Awaiting procurement
OPP-20264,Harbor Retail — New Business — Namilio Verify,ACC-1087,Harbor Retail,SMB,Sales-Assisted,Gaming,APAC,Indonesia,New Business,Closed Lost,Omitted,20400,20400,0,0,2026-05-20,2026-07-04,2026-06-19,15,45,45,true,false,Built in-house,SendGridish,U-003,Clara Qureshi,Conference,Inbound Marketing,LEAD-11350,CMP-035,1,Namilio Verify,false,23,,3,false,
OPP-20265,Foundry Bank — New Business — Namilio Voice Agents,ACC-1055,Foundry Bank,SMB,Sales-Assisted,Gaming,EMEA,UAE,New Business,Closed Lost,Omitted,42700,42700,0,0,2025-07-26,2025-09-24,2025-09-14,10,60,60,true,false,Missing feature,,U-003,Clara Qureshi,AI Assistant Referral,Inbound Marketing,LEAD-11351,CMP-019,2,Namilio Voice Agents,true,44,,1,true,
OPP-20266,Lumen Travel — New Business — Namilio Studio,ACC-1086,Lumen Travel,Strategic,Sales-Led,EdTech,AMER,Brazil,New Business,Closed Won,Closed,819700,819700,100,819700,2025-12-12,2026-04-14,2026-02-24,49,123,123,true,true,,,U-004,Clara Brandt,Organic Search,Inbound Marketing,LEAD-11353,CMP-018,3,Namilio Studio,false,,58,4,true,
OPP-20267,North Learning — New Business — Namilio Studio,ACC-1010,North Learning,Mid-Market,Sales-Led,Logistics,EMEA,UAE,New Business,Closed Won,Closed,47500,47500,100,47500,2026-03-10,2026-04-30,2026-04-18,12,51,51,true,true,,,U-012,Kwame Berg,Paid Search,Product,LEAD-11362,CMP-001,1,Namilio Studio,true,55,,7,true,
OPP-20268,Aster Market — New Business — Namilio Voice Agents,ACC-1106,Aster Market,SMB,Sales-Assisted,Gaming,EMEA,UAE,New Business,Closed Lost,Omitted,15700,15700,0,0,2025-08-01,2025-08-24,2025-08-15,9,23,23,true,false,Failed security review,,U-003,Clara Qureshi,Docs & Quickstarts,Product,LEAD-11371,CMP-027,1,Namilio Voice Agents,false,,3,7,true,
OPP-20269,Umbra Bank — New Business — Namilio Studio,ACC-1015,Umbra Bank,SMB,Sales-Assisted,Gaming,EMEA,Netherlands,New Business,Business Case,Best Case,15000,15000,45,6750,2026-10-20,2026-11-05,2026-10-30,0,,-20,false,false,,,U-005,Maya Diallo,Paid Search,Inbound Marketing,LEAD-11376,CMP-006,1,Namilio Studio,false,,,5,false,POC success criteria sign-off
OPP-20270,Cinder Market — New Business — Namilio Voice Agents,ACC-1053,Cinder Market,Self-Serve,PLG,EdTech,LATAM,Colombia,New Business,Closed Lost,Omitted,3000,3000,0,0,2026-02-03,2026-02-20,2026-02-15,5,17,17,true,false,Built in-house,LegacyCPaaS,,Self-Serve (no owner),Partner / Marketplace,Partner / Referral,LEAD-11382,CMP-044,1,Namilio Voice Agents,false,,7,1,true,
OPP-20271,Vertex Pay — New Business — Namilio Voice Agents,ACC-1129,Vertex Pay,Self-Serve,PLG,SaaS,APAC,Indonesia,New Business,Closed Won,Closed,4400,4400,100,4400,2026-06-03,2026-06-10,2026-06-08,2,7,7,true,true,,,,Self-Serve (no owner),Paid Search,Product,LEAD-11388,CMP-005,1,Namilio Voice Agents,false,,5,1,false,
OPP-20272,Meridian Gaming — New Business — Namilio Connect Enterprise,ACC-1139,Meridian Gaming,Enterprise,Sales-Led,EdTech,AMER,Brazil,New Business,Closed Lost,Omitted,593800,593800,0,0,2025-05-28,2025-08-12,2025-07-17,26,76,76,true,false,Lost to competitor,,U-013,Kwame Okafor,Outbound Sequence,Outbound,LEAD-11398,CMP-037,2,Namilio Connect Enterprise,true,,38,7,true,
OPP-20273,Rivet Market — New Business — Namilio Connect Enterprise,ACC-1061,Rivet Market,Mid-Market,Sales-Led,Real Estate,AMER,United States,New Business,Closed Lost,Omitted,125200,125200,0,0,2025-11-29,2026-01-11,2026-01-06,5,43,43,true,false,Failed security review,,U-011,Ben Moreno,Paid Social,Product,LEAD-11403,CMP-008,2,Namilio Connect Enterprise,true,,,1,true,
OPP-20274,Cobalt Labs — New Business — Namilio Connect Enterprise,ACC-1112,Cobalt Labs,Mid-Market,Sales-Led,Fintech,LATAM,Argentina,New Business,Closed Lost,Omitted,121600,121600,0,0,2025-09-26,2025-10-19,2025-10-16,3,23,23,true,false,Failed security review,SendGridish,U-012,Kwame Berg,Paid Search,Inbound Marketing,LEAD-11404,CMP-001,2,Namilio Connect Enterprise,true,51,,6,true,
OPP-20275,Solstice Logistics — New Business — Namilio Messaging API,ACC-1069,Solstice Logistics,Self-Serve,PLG,Real Estate,AMER,Brazil,New Business,Closed Won,Closed,10300,10300,100,10300,2025-12-25,2025-12-31,2025-12-29,2,6,6,true,true,,,,Self-Serve (no owner),Paid Social,Product,LEAD-11425,CMP-007,1,Namilio Messaging API,false,,,1,false,
OPP-20276,Meridian Health — New Business — Namilio Verify,ACC-1110,Meridian Health,Enterprise,Sales-Led,SaaS,EMEA,UAE,New Business,Closed Lost,Omitted,406900,406900,0,0,2025-06-12,2025-09-14,2025-08-29,16,94,94,true,false,Missing feature,,U-013,Kwame Okafor,Docs & Quickstarts,Inbound Marketing,LEAD-11431,CMP-023,2,Namilio Verify,false,59,61,3,false,
OPP-20277,Tundra Care — New Business — Namilio Studio,ACC-1028,Tundra Care,Mid-Market,Sales-Led,Gaming,EMEA,United Kingdom,New Business,Closed Won,Closed,128400,128400,100,128400,2025-08-19,2025-11-03,2025-10-04,30,76,76,true,true,,,U-007,Ben Hale,Docs & Quickstarts,Product,LEAD-11432,CMP-026,3,Namilio Studio,false,13,,7,false,
OPP-20278,Cobalt Gaming — New Business — Namilio Voice Agents,ACC-1051,Cobalt Gaming,Self-Serve,PLG,E-commerce,AMER,United States,New Business,Closed Lost,Omitted,11400,11400,0,0,2026-03-09,2026-03-15,2026-03-13,2,6,6,true,false,Lost to competitor,Vocalis,,Self-Serve (no owner),Docs & Quickstarts,Product,LEAD-11441,CMP-025,1,Namilio Voice Agents,false,,,1,true,
OPP-20279,Vertex Care — New Business — Namilio Studio,ACC-1018,Vertex Care,Self-Serve,PLG,SaaS,AMER,Brazil,New Business,Negotiation,Commit,11500,11500,82,9430,2026-09-12,2026-10-02,2026-09-27,3,,18,false,false,,,,Self-Serve (no owner),Organic Search,Product,LEAD-11444,CMP-018,1,Namilio Studio,false,,,1,true,Awaiting procurement
OPP-20280,Harbor Works — New Business — Namilio Voice Agents,ACC-1011,Harbor Works,SMB,Sales-Assisted,Fintech,AMER,United States,New Business,Closed Won,Closed,30200,30200,100,30200,2026-04-04,2026-05-15,2026-05-10,5,41,41,true,true,,,U-003,Clara Qureshi,Outbound Sequence,Outbound,LEAD-11445,CMP-039,2,Namilio Voice Agents,true,31,,1,true,
OPP-20281,Ember Logistics — New Business — Namilio Studio,ACC-1119,Ember Logistics,Enterprise,Sales-Led,E-commerce,AMER,United States,New Business,Technical Validation,Pipeline,559800,559800,28,156744,2026-09-23,2026-12-22,2026-12-07,0,,7,false,false,,,U-010,Ana Iyer,Docs & Quickstarts,Product,LEAD-11449,CMP-028,1,Namilio Studio,true,47,14,7,true,POC success criteria sign-off
OPP-20282,Dovetail Health — New Business — Namilio Copilot API,ACC-1024,Dovetail Health,SMB,Sales-Assisted,E-commerce,EMEA,Spain,New Business,Closed Lost,Omitted,9500,9500,0,0,2026-06-20,2026-07-01,2026-06-28,3,11,11,true,false,Timing / budget freeze,,U-005,Maya Diallo,Customer Referral,Partner / Referral,LEAD-11451,CMP-045,2,Namilio Copilot API,true,25,3,4,false,
OPP-20283,Quanta Works — New Business — Namilio Studio,ACC-1068,Quanta Works,Self-Serve,PLG,Travel,EMEA,Netherlands,New Business,Closed Lost,Omitted,8600,8600,0,0,2026-07-21,2026-08-11,2026-08-03,8,21,21,true,false,Lost to competitor,,,Self-Serve (no owner),Outbound Sequence,Outbound,LEAD-11455,CMP-041,1,Namilio Studio,false,,,1,true,
OPP-20284,Quanta Digital — New Business — Namilio Copilot API,ACC-1027,Quanta Digital,Enterprise,Sales-Led,Gaming,EMEA,Netherlands,New Business,Negotiation,Commit,571900,571900,82,468958,2026-10-29,2027-01-24,2026-12-28,0,,-29,false,false,,,U-010,Ana Iyer,Webinar,Inbound Marketing,LEAD-11458,CMP-032,2,Namilio Copilot API,false,15,13,2,true,Awaiting procurement
OPP-20285,Kestrel Health — New Business — Namilio Studio,ACC-1038,Kestrel Health,Mid-Market,Sales-Led,Fintech,EMEA,France,New Business,Technical Validation,Pipeline,80900,80900,28,22652,2026-09-28,2026-10-27,2026-10-26,0,,2,false,false,,,U-009,Zara Chen,Partner / Marketplace,Partner / Referral,LEAD-11460,CMP-042,3,Namilio Studio,false,,,1,false,Exec sponsor intro
OPP-20286,Foundry Bank — New Business — Namilio Verify,ACC-1055,Foundry Bank,SMB,Sales-Assisted,Gaming,EMEA,UAE,New Business,Closed Lost,Omitted,16700,16700,0,0,2026-05-30,2026-06-19,2026-06-13,6,20,20,true,false,Timing / budget freeze,,U-005,Maya Diallo,Conference,Inbound Marketing,LEAD-11461,CMP-035,3,Namilio Verify,false,33,,4,false,
OPP-20287,Tundra Market — New Business — Namilio Voice Agents,ACC-1036,Tundra Market,Self-Serve,PLG,Telecom,EMEA,Spain,New Business,Closed Won,Closed,4600,4600,100,4600,2025-10-05,2025-10-10,2025-10-08,2,5,5,true,true,,,,Self-Serve (no owner),Outbound Sequence,Outbound,LEAD-11463,CMP-041,1,Namilio Voice Agents,false,,15,1,true,
OPP-20288,Ember Logistics — New Business — Namilio Studio,ACC-1119,Ember Logistics,Enterprise,Sales-Led,E-commerce,AMER,United States,New Business,Closed Lost,Omitted,186800,186800,0,0,2026-01-26,2026-05-15,2026-04-23,22,109,109,true,false,Missing feature,,U-010,Ana Iyer,Paid Social,Inbound Marketing,LEAD-11469,CMP-010,2,Namilio Studio,false,42,84,5,false,
OPP-20289,Tundra Retail — New Business — Namilio Copilot API,ACC-1032,Tundra Retail,Self-Serve,PLG,Real Estate,EMEA,Sweden,New Business,Closed Won,Closed,13600,13600,100,13600,2026-08-19,2026-08-25,2026-08-24,1,6,6,true,true,,,,Self-Serve (no owner),Customer Referral,Partner / Referral,LEAD-11471,CMP-045,1,Namilio Copilot API,false,,,1,false,
OPP-20290,Lumen Pay — New Business — Namilio Voice Agents,ACC-1109,Lumen Pay,Self-Serve,PLG,Insurance,AMER,Canada,New Business,Technical Validation,Pipeline,8600,8600,28,2408,2026-09-14,2026-09-30,2026-09-27,3,,16,false,false,,,,Self-Serve (no owner),Organic Search,Inbound Marketing,LEAD-11483,CMP-016,1,Namilio Voice Agents,false,,7,1,false,Exec sponsor intro
OPP-20291,Quanta Labs — New Business — Namilio Studio,ACC-1009,Quanta Labs,Enterprise,Sales-Led,SaaS,EMEA,UAE,New Business,Closed Won,Closed,718200,718200,100,718200,2025-06-01,2025-09-24,2025-09-17,7,115,115,true,true,,,U-010,Ana Iyer,Paid Social,Inbound Marketing,LEAD-11499,CMP-010,2,Namilio Studio,true,52,30,7,false,
OPP-20292,Tundra Mobility — New Business — Namilio Copilot API,ACC-1012,Tundra Mobility,Mid-Market,Sales-Led,Gaming,AMER,United States,New Business,Closed Won,Closed,65200,65200,100,65200,2026-07-19,2026-09-20,2026-08-26,25,63,63,true,true,,,U-011,Ben Moreno,Conference,Inbound Marketing,LEAD-11508,CMP-036,1,Namilio Copilot API,true,14,,1,true,
OPP-20293,Orbital Insure — New Business — Namilio Verify,ACC-1099,Orbital Insure,Self-Serve,PLG,Public Sector,APAC,Japan,New Business,Closed Lost,Omitted,12300,12300,0,0,2026-09-16,2026-09-29,2026-09-24,5,13,13,true,false,Champion left,Vocalis,,Self-Serve (no owner),Organic Search,Product,LEAD-11509,CMP-017,1,Namilio Verify,false,,,1,false,
OPP-20294,Lattice Insure — New Business — Namilio Voice Agents,ACC-1092,Lattice Insure,SMB,Sales-Assisted,Travel,AMER,Canada,New Business,Closed Lost,Omitted,37400,37400,0,0,2025-11-10,2025-11-30,2025-11-22,8,20,20,true,false,Built in-house,Vocalis,U-014,Priya Hale,Docs & Quickstarts,Product,LEAD-11513,CMP-026,1,Namilio Voice Agents,true,31,8,3,true,
OPP-20295,Lattice Insure — New Business — Namilio Connect Enterprise,ACC-1092,Lattice Insure,SMB,Sales-Assisted,Travel,AMER,Canada,New Business,Closed Lost,Omitted,32100,32100,0,0,2026-06-30,2026-07-19,2026-07-18,1,19,19,true,false,Failed security review,LegacyCPaaS,U-014,Priya Hale,Conference,Inbound Marketing,LEAD-11528,CMP-035,3,Namilio Connect Enterprise,true,40,,6,true,
OPP-20296,Quanta Labs — New Business — Namilio Messaging API,ACC-1009,Quanta Labs,Enterprise,Sales-Led,SaaS,EMEA,UAE,New Business,Closed Lost,Omitted,598400,598400,0,0,2026-02-24,2026-06-17,2026-05-26,22,113,113,true,false,No decision,LegacyCPaaS,U-013,Kwame Okafor,Organic Search,Inbound Marketing,LEAD-11530,CMP-012,2,Namilio Messaging API,true,,74,2,true,
OPP-20297,Harbor Retail — New Business — Namilio Connect Enterprise,ACC-1087,Harbor Retail,SMB,Sales-Assisted,Gaming,APAC,Indonesia,New Business,Technical Validation,Pipeline,39100,39100,28,10948,2026-10-11,2026-11-12,2026-11-09,0,,-11,false,false,,,U-014,Priya Hale,Docs & Quickstarts,Product,LEAD-11531,CMP-027,3,Namilio Connect Enterprise,false,,,4,true,Exec sponsor intro
OPP-20298,Umbra Freight — New Business — Namilio Voice Agents,ACC-1132,Umbra Freight,SMB,Sales-Assisted,Fintech,AMER,Mexico,New Business,Closed Won,Closed,44100,44100,100,44100,2026-06-29,2026-07-24,2026-07-20,4,25,25,true,true,,,U-006,Zara Hale,Developer Community,Product,LEAD-11542,CMP-030,3,Namilio Voice Agents,true,,,6,true,
OPP-20299,Lumen Labs — New Business — Namilio Studio,ACC-1041,Lumen Labs,Mid-Market,Sales-Led,Real Estate,APAC,India,New Business,Closed Lost,Omitted,50000,50000,0,0,2026-01-05,2026-03-06,2026-02-14,20,60,60,true,false,Built in-house,Vocalis,U-012,Kwame Berg,Organic Search,Product,LEAD-11545,CMP-014,3,Namilio Studio,false,9,,3,true,
OPP-20300,Cinder Travel — New Business — Namilio Voice Agents,ACC-1133,Cinder Travel,Mid-Market,Sales-Led,E-commerce,APAC,Australia,New Business,Closed Won,Closed,172900,172900,100,172900,2026-07-11,2026-09-18,2026-09-01,17,69,69,true,true,,,U-007,Ben Hale,Outbound Sequence,Outbound,LEAD-11552,CMP-038,1,Namilio Voice Agents,true,16,,7,false,
OPP-20301,Kestrel Gaming — New Business — Namilio Copilot API,ACC-1004,Kestrel Gaming,SMB,Sales-Assisted,Healthcare,EMEA,Germany,New Business,Closed Won,Closed,27700,27700,100,27700,2025-09-27,2025-10-24,2025-10-13,11,27,27,true,true,,,U-006,Zara Hale,Organic Search,Inbound Marketing,LEAD-11553,CMP-018,3,Namilio Copilot API,false,41,,1,false,
OPP-20302,Rivet Learning — New Business — Namilio Studio,ACC-1113,Rivet Learning,Mid-Market,Sales-Led,Gaming,LATAM,Argentina,New Business,Closed Lost,Omitted,174600,174600,0,0,2026-02-06,2026-04-25,2026-03-26,30,78,78,true,false,Champion left,OpenVoice,U-011,Ben Moreno,Paid Search,Product,LEAD-11557,CMP-004,3,Namilio Studio,false,,7,2,false,
OPP-20303,Pallas Digital — New Business — Namilio Verify,ACC-1005,Pallas Digital,Enterprise,Sales-Led,Insurance,AMER,Brazil,New Business,Negotiation,Commit,414600,414600,82,339972,2026-06-23,2026-12-03,2026-10-18,0,,99,false,false,,,U-010,Ana Iyer,Developer Community,Product,LEAD-11558,CMP-030,3,Namilio Verify,true,,28,5,false,POC success criteria sign-off
OPP-20304,Vantage Pay — New Business — Namilio Verify,ACC-1039,Vantage Pay,Enterprise,Sales-Led,Telecom,AMER,Brazil,New Business,Closed Lost,Omitted,446800,446800,0,0,2025-05-22,2025-09-11,2025-08-20,22,112,112,true,false,No decision,LegacyCPaaS,U-010,Ana Iyer,AI Assistant Referral,Product,LEAD-11565,CMP-021,1,Namilio Verify,false,,35,7,true,
OPP-20305,Quanta Digital — New Business — Namilio Copilot API,ACC-1027,Quanta Digital,Enterprise,Sales-Led,Gaming,EMEA,Netherlands,New Business,Closed Lost,Omitted,541300,541300,0,0,2025-07-03,2025-12-12,2025-10-17,56,162,162,true,false,No decision,,U-013,Kwame Okafor,Organic Search,Product,LEAD-11568,CMP-017,1,Namilio Copilot API,false,,26,3,false,
OPP-20306,Vertex Gaming — New Business — Namilio Voice Agents,ACC-1063,Vertex Gaming,Self-Serve,PLG,Gaming,AMER,Brazil,New Business,Closed Won,Closed,11500,11500,100,11500,2026-04-21,2026-05-08,2026-05-07,1,17,17,true,true,,,,Self-Serve (no owner),Docs & Quickstarts,Product,LEAD-11570,CMP-025,1,Namilio Voice Agents,false,,,1,true,
OPP-20307,Halcyon Labs — New Business — Namilio Voice Agents,ACC-1095,Halcyon Labs,Enterprise,Sales-Led,Logistics,APAC,Singapore,New Business,Closed Won,Closed,551400,551400,100,551400,2025-05-20,2025-07-15,2025-07-10,5,56,56,true,true,,,U-013,Kwame Okafor,AI Assistant Referral,Inbound Marketing,LEAD-11573,CMP-019,1,Namilio Voice Agents,true,44,43,6,false,
OPP-20308,Sable Mobility — New Business — Namilio Verify,ACC-1023,Sable Mobility,Strategic,Sales-Led,Fintech,EMEA,Germany,New Business,Business Case,Best Case,2280500,2280500,45,1026225,2026-03-15,2026-10-22,2026-08-22,39,,199,false,false,,,U-004,Clara Brandt,Organic Search,Product,LEAD-11574,CMP-012,5,Namilio Verify,true,46,45,7,true,Send security questionnaire
OPP-20309,Vertex Learning — New Business — Namilio Voice Agents,ACC-1066,Vertex Learning,Self-Serve,PLG,E-commerce,EMEA,Spain,New Business,Closed Won,Closed,5900,5900,100,5900,2025-11-01,2025-11-12,2025-11-11,1,11,11,true,true,,,,Self-Serve (no owner),Organic Search,Product,LEAD-11578,CMP-017,1,Namilio Voice Agents,false,,,1,true,
OPP-20310,Wexler Health — New Business — Namilio Studio,ACC-1020,Wexler Health,Self-Serve,PLG,Travel,AMER,Brazil,New Business,Closed Won,Closed,6000,6000,100,6000,2025-06-19,2025-07-07,2025-07-06,1,18,18,true,true,,,,Self-Serve (no owner),Paid Social,Inbound Marketing,LEAD-11581,CMP-010,1,Namilio Studio,false,,,1,false,
OPP-20311,Wexler Health — New Business — Namilio Voice Agents,ACC-1020,Wexler Health,Self-Serve,PLG,Travel,AMER,Brazil,New Business,Closed Lost,Omitted,6100,6100,0,0,2025-09-11,2025-09-22,2025-09-21,1,11,11,true,false,Built in-house,,,Self-Serve (no owner),Outbound Sequence,Outbound,LEAD-11585,CMP-038,1,Namilio Voice Agents,false,,,1,true,
OPP-20312,Kestrel Health — New Business — Namilio Voice Agents,ACC-1038,Kestrel Health,Mid-Market,Sales-Led,Fintech,EMEA,France,New Business,Closed Won,Closed,110500,110500,100,110500,2026-07-14,2026-09-11,2026-08-23,19,59,59,true,true,,,U-009,Zara Chen,AI Assistant Referral,Product,LEAD-11587,CMP-020,3,Namilio Voice Agents,false,,20,3,false,
OPP-20313,Cobalt Retail — New Business — Namilio Copilot API,ACC-1136,Cobalt Retail,Self-Serve,PLG,Travel,EMEA,United Kingdom,New Business,Business Case,Best Case,11500,11500,45,5175,2026-10-19,2026-10-29,2026-10-28,0,,-19,false,false,,,,Self-Serve (no owner),AI Assistant Referral,Product,LEAD-11588,CMP-019,1,Namilio Copilot API,false,,12,1,false,Exec sponsor intro
OPP-20314,Vertex Market — New Business — Namilio Messaging API,ACC-1071,Vertex Market,Mid-Market,Sales-Led,SaaS,AMER,Canada,New Business,Business Case,Best Case,99000,99000,45,44550,2026-09-08,2026-11-22,2026-11-03,0,,22,false,false,,,U-009,Zara Chen,Paid Search,Inbound Marketing,LEAD-11591,CMP-003,2,Namilio Messaging API,true,,19,6,true,POC success criteria sign-off
OPP-20315,Wexler Logistics — New Business — Namilio Copilot API,ACC-1105,Wexler Logistics,Self-Serve,PLG,Public Sector,APAC,India,New Business,Closed Won,Closed,7200,7200,100,7200,2025-07-01,2025-07-13,2025-07-11,2,12,12,true,true,,,,Self-Serve (no owner),Organic Search,Inbound Marketing,LEAD-11592,CMP-016,1,Namilio Copilot API,false,,9,1,true,
OPP-20316,Cobalt Health — New Business — Namilio Voice Agents,ACC-1128,Cobalt Health,Mid-Market,Sales-Led,Insurance,EMEA,UAE,New Business,Closed Lost,Omitted,167200,167200,0,0,2025-07-22,2025-09-15,2025-09-06,9,55,55,true,false,Champion left,,U-001,Sana Brandt,Paid Search,Product,LEAD-11595,CMP-004,3,Namilio Voice Agents,false,,20,2,true,
OPP-20317,Vertex Pay — New Business — Namilio Verify,ACC-1129,Vertex Pay,Self-Serve,PLG,SaaS,APAC,Indonesia,New Business,Closed Won,Closed,1400,1400,100,1400,2026-02-02,2026-02-09,2026-02-08,1,7,7,true,true,,,,Self-Serve (no owner),AI Assistant Referral,Product,LEAD-11596,CMP-020,1,Namilio Verify,false,,,1,true,
OPP-20318,Cinder Travel — New Business — Namilio Studio,ACC-1133,Cinder Travel,Mid-Market,Sales-Led,E-commerce,APAC,Australia,New Business,Discovery,Pipeline,108900,108900,12,13068,2026-07-12,2026-10-23,2026-09-18,12,,80,false,false,,,U-009,Zara Chen,Docs & Quickstarts,Product,LEAD-11597,CMP-026,1,Namilio Studio,true,,,1,true,Schedule technical deep dive
OPP-20319,Vertex Group — New Business — Namilio Voice Agents,ACC-1096,Vertex Group,Mid-Market,Sales-Led,Real Estate,EMEA,France,New Business,Technical Validation,Pipeline,111700,111700,28,31276,2026-08-07,2026-10-13,2026-09-27,3,,54,false,false,,,U-007,Ben Hale,Organic Search,Product,LEAD-11599,CMP-014,3,Namilio Voice Agents,true,,,2,true,Schedule technical deep dive
OPP-20320,Cobalt Learning — New Business — Namilio Voice Agents,ACC-1031,Cobalt Learning,SMB,Sales-Assisted,E-commerce,AMER,Brazil,New Business,Closed Won,Closed,17600,17600,100,17600,2025-10-20,2025-11-28,2025-11-18,10,39,39,true,true,,,U-003,Clara Qureshi,Organic Search,Product,LEAD-11601,CMP-013,2,Namilio Voice Agents,true,37,,6,false,
OPP-20321,Kestrel Gaming — New Business — Namilio Studio,ACC-1004,Kestrel Gaming,SMB,Sales-Assisted,Healthcare,EMEA,Germany,New Business,Closed Lost,Omitted,14300,14300,0,0,2026-07-15,2026-08-30,2026-08-23,7,46,46,true,false,Lost to competitor,OpenVoice,U-003,Clara Qureshi,Docs & Quickstarts,Product,LEAD-11603,CMP-024,1,Namilio Studio,true,,,2,false,
OPP-20322,Meridian Technologies — New Business — Namilio Messaging API,ACC-1045,Meridian Technologies,Self-Serve,PLG,Logistics,APAC,India,New Business,Closed Lost,Omitted,8200,8200,0,0,2025-05-31,2025-06-14,2025-06-08,6,14,14,true,false,Champion left,LegacyCPaaS,,Self-Serve (no owner),Organic Search,Inbound Marketing,LEAD-11604,CMP-017,1,Namilio Messaging API,false,,,1,true,
OPP-20323,Zephyr Care — New Business — Namilio Connect Enterprise,ACC-1084,Zephyr Care,SMB,Sales-Assisted,Logistics,AMER,United States,New Business,Closed Lost,Omitted,12100,12100,0,0,2025-08-12,2025-08-22,2025-08-18,4,10,10,true,false,Price,OpenVoice,U-003,Clara Qureshi,Organic Search,Inbound Marketing,LEAD-11612,CMP-012,3,Namilio Connect Enterprise,true,,,1,true,
OPP-20324,Vertex Group — New Business — Namilio Copilot API,ACC-1096,Vertex Group,Mid-Market,Sales-Led,Real Estate,EMEA,France,New Business,Closed Lost,Omitted,167800,167800,0,0,2026-02-25,2026-05-01,2026-04-22,9,65,65,true,false,No decision,LegacyCPaaS,U-012,Kwame Berg,Paid Search,Inbound Marketing,LEAD-11615,CMP-002,2,Namilio Copilot API,true,14,,6,false,
OPP-20325,Tundra Systems — New Business — Namilio Messaging API,ACC-1019,Tundra Systems,SMB,Sales-Assisted,Gaming,LATAM,Colombia,New Business,Closed Won,Closed,30200,30200,100,30200,2026-04-08,2026-05-17,2026-05-10,7,39,39,true,true,,,U-006,Zara Hale,Paid Search,Inbound Marketing,LEAD-11626,CMP-006,3,Namilio Messaging API,false,,19,3,true,
OPP-20326,Meridian Health — New Business — Namilio Connect Enterprise,ACC-1110,Meridian Health,Enterprise,Sales-Led,SaaS,EMEA,UAE,New Business,Closed Lost,Omitted,751600,751600,0,0,2026-07-15,2026-08-04,2026-07-31,4,20,20,true,false,Champion left,,U-010,Ana Iyer,Conference,Inbound Marketing,LEAD-11632,CMP-036,1,Namilio Connect Enterprise,true,,21,4,true,
OPP-20327,Solstice Retail — New Business — Namilio Messaging API,ACC-1049,Solstice Retail,Self-Serve,PLG,Travel,EMEA,Spain,New Business,Closed Lost,Omitted,8100,8100,0,0,2026-05-28,2026-06-03,2026-06-01,2,6,6,true,false,Failed security review,OpenVoice,,Self-Serve (no owner),Conference,Inbound Marketing,LEAD-11635,CMP-036,1,Namilio Messaging API,false,,17,1,false,
OPP-20328,Foundry Works — New Business — Namilio Studio,ACC-1047,Foundry Works,SMB,Sales-Assisted,Logistics,APAC,Indonesia,New Business,Closed Lost,Omitted,39300,39300,0,0,2025-09-16,2025-10-11,2025-10-06,5,25,25,true,false,Built in-house,Vocalis,U-003,Clara Qureshi,Developer Community,Product,LEAD-11648,CMP-031,2,Namilio Studio,false,,,3,true,
OPP-20329,Kestrel Gaming — New Business — Namilio Messaging API,ACC-1004,Kestrel Gaming,SMB,Sales-Assisted,Healthcare,EMEA,Germany,New Business,Discovery,Pipeline,36500,36500,12,4380,2026-09-04,2026-10-19,2026-10-01,0,,26,false,false,,,U-005,Maya Diallo,Conference,Inbound Marketing,LEAD-11658,CMP-035,2,Namilio Messaging API,false,,12,2,true,Schedule technical deep dive
OPP-20330,Vantage Insure — New Business — Namilio Connect Enterprise,ACC-1077,Vantage Insure,Mid-Market,Sales-Led,Travel,AMER,Canada,New Business,Closed Lost,Omitted,99100,99100,0,0,2025-06-17,2025-08-09,2025-08-08,1,53,53,true,false,Failed security review,Vocalis,U-011,Ben Moreno,Docs & Quickstarts,Product,LEAD-11665,CMP-026,1,Namilio Connect Enterprise,false,,15,1,true,
OPP-20331,Vertex Travel — New Business — Namilio Connect Enterprise,ACC-1052,Vertex Travel,SMB,Sales-Assisted,Insurance,LATAM,Chile,New Business,Closed Lost,Omitted,21600,21600,0,0,2025-11-11,2025-12-14,2025-12-11,3,33,33,true,false,Champion left,,U-014,Priya Hale,Organic Search,Product,LEAD-11666,CMP-011,2,Namilio Connect Enterprise,true,26,17,3,true,
OPP-20332,Vertex Care — New Business — Namilio Studio,ACC-1018,Vertex Care,Self-Serve,PLG,SaaS,AMER,Brazil,New Business,Closed Lost,Omitted,3700,3700,0,0,2025-10-07,2025-10-19,2025-10-16,3,12,12,true,false,No decision,LegacyCPaaS,,Self-Serve (no owner),Docs & Quickstarts,Product,LEAD-11671,CMP-028,1,Namilio Studio,false,,,1,true,
OPP-20333,Harbor Retail — New Business — Namilio Copilot API,ACC-1087,Harbor Retail,SMB,Sales-Assisted,Gaming,APAC,Indonesia,New Business,Closed Won,Closed,9100,9100,100,9100,2026-05-16,2026-06-07,2026-06-01,6,22,22,true,true,,,U-014,Priya Hale,AI Assistant Referral,Product,LEAD-11673,CMP-022,2,Namilio Copilot API,true,,,6,true,
OPP-20334,Umbra Insure — New Business — Namilio Studio,ACC-1033,Umbra Insure,Self-Serve,PLG,Healthcare,AMER,Brazil,New Business,Closed Lost,Omitted,13900,13900,0,0,2026-02-05,2026-02-13,2026-02-11,2,8,8,true,false,Champion left,LegacyCPaaS,,Self-Serve (no owner),Developer Community,Inbound Marketing,LEAD-11682,CMP-031,1,Namilio Studio,false,,,1,false,
OPP-20335,Vertex Travel — New Business — Namilio Messaging API,ACC-1052,Vertex Travel,SMB,Sales-Assisted,Insurance,LATAM,Chile,New Business,Closed Lost,Omitted,33600,33600,0,0,2026-02-03,2026-02-27,2026-02-25,2,24,24,true,false,Failed security review,Vocalis,U-006,Zara Hale,Customer Referral,Partner / Referral,LEAD-11684,CMP-046,2,Namilio Messaging API,false,55,,3,true,
OPP-20336,Onyx Logistics — New Business — Namilio Copilot API,ACC-1075,Onyx Logistics,Strategic,Sales-Led,Telecom,EMEA,Sweden,New Business,Closed Won,Closed,1654200,1654200,100,1654200,2025-06-10,2026-03-09,2025-11-20,109,272,272,true,true,,,U-002,Diego Bright,Paid Social,Product,LEAD-11691,CMP-008,3,Namilio Copilot API,false,45,42,3,true,
OPP-20337,Tundra Retail — New Business — Namilio Verify,ACC-1032,Tundra Retail,Self-Serve,PLG,Real Estate,EMEA,Sweden,New Business,Closed Won,Closed,7600,7600,100,7600,2026-05-24,2026-06-08,2026-06-07,1,15,15,true,true,,,,Self-Serve (no owner),AI Assistant Referral,Product,LEAD-11693,CMP-020,1,Namilio Verify,false,,13,1,false,
OPP-20338,Solstice Freight — New Business — Namilio Messaging API,ACC-1094,Solstice Freight,Self-Serve,PLG,Healthcare,AMER,Canada,New Business,Discovery,Pipeline,1700,1700,12,204,2026-11-22,2026-11-28,2026-11-27,0,,-53,false,false,,,,Self-Serve (no owner),Developer Community,Product,LEAD-11699,CMP-029,1,Namilio Messaging API,false,,14,1,true,POC success criteria sign-off
OPP-20339,Halcyon Learning — New Business — Namilio Voice Agents,ACC-1123,Halcyon Learning,Self-Serve,PLG,Gaming,LATAM,Argentina,New Business,Technical Validation,Pipeline,13100,13100,28,3668,2026-10-11,2026-10-20,2026-10-18,0,,-11,false,false,,,,Self-Serve (no owner),Developer Community,Product,LEAD-11704,CMP-029,1,Namilio Voice Agents,false,,,1,false,Pricing review with deal desk
OPP-20340,Dovetail Health — New Business — Namilio Copilot API,ACC-1024,Dovetail Health,SMB,Sales-Assisted,E-commerce,EMEA,Spain,New Business,Closed Won,Closed,32100,32100,100,32100,2026-04-08,2026-05-09,2026-05-07,2,31,31,true,true,,,U-005,Maya Diallo,Organic Search,Product,LEAD-11705,CMP-017,2,Namilio Copilot API,false,23,,7,false,
OPP-20341,Zephyr Care — New Business — Namilio Verify,ACC-1084,Zephyr Care,SMB,Sales-Assisted,Logistics,AMER,United States,New Business,Closed Lost,Omitted,23900,23900,0,0,2025-10-20,2025-12-03,2025-11-17,16,44,44,true,false,Price,SendGridish,U-006,Zara Hale,Paid Search,Product,LEAD-11710,CMP-005,3,Namilio Verify,true,27,,7,true,
OPP-20342,Onyx Works — New Business — Namilio Verify,ACC-1073,Onyx Works,Enterprise,Sales-Led,Fintech,EMEA,Spain,New Business,Closed Lost,Omitted,758900,758900,0,0,2025-10-31,2026-03-23,2026-03-15,8,143,143,true,false,Failed security review,OpenVoice,U-010,Ana Iyer,Paid Search,Inbound Marketing,LEAD-11712,CMP-005,2,Namilio Verify,true,19,17,6,true,
OPP-20343,Cobalt Bank — New Business — Namilio Voice Agents,ACC-1130,Cobalt Bank,SMB,Sales-Assisted,Real Estate,LATAM,Argentina,New Business,Closed Lost,Omitted,32800,32800,0,0,2026-05-15,2026-06-13,2026-06-11,2,29,29,true,false,Timing / budget freeze,Vocalis,U-006,Zara Hale,Organic Search,Inbound Marketing,LEAD-11718,CMP-015,1,Namilio Voice Agents,false,9,8,6,true,
OPP-20344,Orbital Labs — New Business — Namilio Studio,ACC-1059,Orbital Labs,Enterprise,Sales-Led,Insurance,AMER,Brazil,New Business,Closed Lost,Omitted,275000,275000,0,0,2026-06-04,2026-08-13,2026-07-24,20,70,70,true,false,Champion left,,U-013,Kwame Okafor,Organic Search,Product,LEAD-11722,CMP-011,2,Namilio Studio,true,13,16,6,false,
OPP-20345,Tundra Mobility — New Business — Namilio Studio,ACC-1012,Tundra Mobility,Mid-Market,Sales-Led,Gaming,AMER,United States,New Business,Closed Won,Closed,165800,165800,100,165800,2026-02-01,2026-04-01,2026-03-09,23,59,59,true,true,,,U-007,Ben Hale,Paid Search,Inbound Marketing,LEAD-11732,CMP-001,2,Namilio Studio,true,,,4,false,
OPP-20346,Cobalt Labs — New Business — Namilio Copilot API,ACC-1112,Cobalt Labs,Mid-Market,Sales-Led,Fintech,LATAM,Argentina,New Business,Closed Won,Closed,161200,161200,100,161200,2026-04-25,2026-05-26,2026-05-22,4,31,31,true,true,,,U-001,Sana Brandt,Organic Search,Product,LEAD-11734,CMP-017,3,Namilio Copilot API,true,,,2,true,
OPP-20347,Meridian Health — New Business — Namilio Connect Enterprise,ACC-1110,Meridian Health,Enterprise,Sales-Led,SaaS,EMEA,UAE,New Business,Closed Won,Closed,534800,534800,100,534800,2026-06-06,2026-06-10,2026-06-09,1,4,4,true,true,,,U-013,Kwame Okafor,Docs & Quickstarts,Product,LEAD-11736,CMP-023,2,Namilio Connect Enterprise,true,31,29,7,false,
OPP-20348,Wexler Learning — New Business — Namilio Verify,ACC-1008,Wexler Learning,SMB,Sales-Assisted,Healthcare,AMER,United States,New Business,Closed Lost,Omitted,37000,37000,0,0,2025-05-25,2025-06-23,2025-06-16,7,29,29,true,false,Missing feature,SendGridish,U-006,Zara Hale,Partner / Marketplace,Partner / Referral,LEAD-11745,CMP-043,1,Namilio Verify,true,,7,4,true,
OPP-20349,Ember Labs — New Business — Namilio Copilot API,ACC-1025,Ember Labs,Self-Serve,PLG,SaaS,APAC,Indonesia,New Business,Closed Lost,Omitted,2100,2100,0,0,2025-09-12,2025-09-21,2025-09-17,4,9,9,true,false,No decision,SendGridish,,Self-Serve (no owner),Paid Search,Inbound Marketing,LEAD-11748,CMP-002,1,Namilio Copilot API,false,,12,1,false,
OPP-20350,Umbra Pay — New Business — Namilio Verify,ACC-1044,Umbra Pay,Self-Serve,PLG,Fintech,AMER,Canada,New Business,Closed Won,Closed,7700,7700,100,7700,2025-11-17,2025-12-03,2025-11-30,3,16,16,true,true,,,,Self-Serve (no owner),Organic Search,Product,LEAD-11750,CMP-012,1,Namilio Verify,false,,9,1,true,
OPP-20351,Cobalt Learning — New Business — Namilio Voice Agents,ACC-1031,Cobalt Learning,SMB,Sales-Assisted,E-commerce,AMER,Brazil,New Business,Closed Lost,Omitted,27300,27300,0,0,2026-06-15,2026-06-22,2026-06-21,1,7,7,true,false,Lost to competitor,,U-006,Zara Hale,Organic Search,Inbound Marketing,LEAD-11757,CMP-015,3,Namilio Voice Agents,false,,,6,false,
OPP-20352,Cobalt Works — New Business — Namilio Verify,ACC-1030,Cobalt Works,Self-Serve,PLG,Public Sector,APAC,Indonesia,New Business,Closed Lost,Omitted,13900,13900,0,0,2026-06-01,2026-06-14,2026-06-12,2,13,13,true,false,Timing / budget freeze,,,Self-Serve (no owner),Paid Search,Inbound Marketing,LEAD-11762,CMP-006,1,Namilio Verify,false,,,1,false,
OPP-20353,Kestrel Gaming — New Business — Namilio Verify,ACC-1004,Kestrel Gaming,SMB,Sales-Assisted,Healthcare,EMEA,Germany,New Business,Closed Lost,Omitted,24300,24300,0,0,2025-05-02,2025-06-05,2025-05-30,6,34,34,true,false,Price,LegacyCPaaS,U-005,Maya Diallo,Outbound Sequence,Outbound,LEAD-11763,CMP-040,3,Namilio Verify,true,9,,5,true,
OPP-20354,Cobalt Works — New Business — Namilio Studio,ACC-1030,Cobalt Works,Self-Serve,PLG,Public Sector,APAC,Indonesia,New Business,Closed Lost,Omitted,6400,6400,0,0,2026-02-22,2026-03-13,2026-03-09,4,19,19,true,false,Price,Vocalis,,Self-Serve (no owner),Partner / Marketplace,Partner / Referral,LEAD-11766,CMP-044,1,Namilio Studio,false,,,1,true,
OPP-20355,Halcyon Freight — New Business — Namilio Voice Agents,ACC-1122,Halcyon Freight,Strategic,Sales-Led,Travel,EMEA,Germany,New Business,Technical Validation,Pipeline,2443600,2443600,28,684208,2026-05-30,2027-02-17,2026-11-19,0,,123,false,false,,,U-008,Felix Lindqvist,AI Assistant Referral,Product,LEAD-11769,CMP-022,4,Namilio Voice Agents,true,,45,1,true,Send security questionnaire
OPP-20356,North Digital — New Business — Namilio Verify,ACC-1064,North Digital,Mid-Market,Sales-Led,Travel,EMEA,UAE,New Business,Closed Lost,Omitted,151500,151500,0,0,2025-07-31,2025-09-18,2025-09-01,17,49,49,true,false,Price,TalkStack,U-001,Sana Brandt,AI Assistant Referral,Product,LEAD-11771,CMP-020,3,Namilio Verify,true,,,1,false,
OPP-20357,Ember Group — New Business — Namilio Connect Enterprise,ACC-1057,Ember Group,SMB,Sales-Assisted,EdTech,AMER,Canada,New Business,Closed Won,Closed,34100,34100,100,34100,2025-12-03,2025-12-24,2025-12-22,2,21,21,true,true,,,U-006,Zara Hale,Organic Search,Product,LEAD-11778,CMP-015,3,Namilio Connect Enterprise,true,10,12,2,false,
OPP-20358,North Insure — New Business — Namilio Voice Agents,ACC-1138,North Insure,Self-Serve,PLG,Public Sector,AMER,Brazil,New Business,Closed Lost,Omitted,8300,8300,0,0,2025-05-08,2025-05-28,2025-05-24,4,20,20,true,false,No decision,,,Self-Serve (no owner),Conference,Inbound Marketing,LEAD-11784,CMP-035,1,Namilio Voice Agents,false,,,1,true,
OPP-20359,Wexler Gaming — New Business — Namilio Copilot API,ACC-1058,Wexler Gaming,SMB,Sales-Assisted,Gaming,AMER,Mexico,New Business,Closed Won,Closed,32600,32600,100,32600,2026-07-02,2026-08-02,2026-07-23,10,31,31,true,true,,,U-014,Priya Hale,Webinar,Inbound Marketing,LEAD-11786,CMP-032,1,Namilio Copilot API,true,21,,6,false,
OPP-20360,Onyx Group — New Business — Namilio Verify,ACC-1115,Onyx Group,SMB,Sales-Assisted,Public Sector,AMER,Brazil,New Business,Closed Lost,Omitted,21000,21000,0,0,2026-04-18,2026-05-15,2026-05-10,5,27,27,true,false,Missing feature,,U-005,Maya Diallo,AI Assistant Referral,Product,LEAD-11794,CMP-022,1,Namilio Verify,true,18,,4,true,
OPP-20361,Aster Pay — New Business — Namilio Connect Enterprise,ACC-1097,Aster Pay,SMB,Sales-Assisted,Healthcare,EMEA,Germany,New Business,Closed Lost,Omitted,19500,19500,0,0,2025-08-17,2025-09-09,2025-09-04,5,23,23,true,false,Failed security review,,U-014,Priya Hale,Paid Search,Product,LEAD-11795,CMP-003,3,Namilio Connect Enterprise,false,,,5,true,
OPP-20362,Vantage Insure — New Business — Namilio Connect Enterprise,ACC-1077,Vantage Insure,Mid-Market,Sales-Led,Travel,AMER,Canada,New Business,Closed Lost,Omitted,111300,111300,0,0,2026-08-28,2026-09-14,2026-09-12,2,17,17,true,false,Price,Vocalis,U-012,Kwame Berg,Docs & Quickstarts,Product,LEAD-11805,CMP-025,3,Namilio Connect Enterprise,true,,,2,true,
OPP-20363,Quanta Systems — New Business — Namilio Connect Enterprise,ACC-1114,Quanta Systems,Strategic,Sales-Led,Travel,AMER,Brazil,New Business,Closed Lost,Omitted,1829300,1829300,0,0,2025-10-11,2026-06-05,2026-05-28,8,237,237,true,false,Timing / budget freeze,,U-002,Diego Bright,Paid Social,Product,LEAD-11806,CMP-008,5,Namilio Connect Enterprise,false,25,17,7,false,
OPP-20364,Aster Labs — New Business — Namilio Studio,ACC-1108,Aster Labs,Self-Serve,PLG,Logistics,AMER,Brazil,New Business,Closed Lost,Omitted,3700,3700,0,0,2025-12-12,2025-12-22,2025-12-20,2,10,10,true,false,Champion left,TalkStack,,Self-Serve (no owner),AI Assistant Referral,Product,LEAD-11812,CMP-022,1,Namilio Studio,false,,,1,false,
OPP-20365,Cobalt Bank — New Business — Namilio Studio,ACC-1130,Cobalt Bank,SMB,Sales-Assisted,Real Estate,LATAM,Argentina,New Business,Closed Lost,Omitted,36000,36000,0,0,2026-06-03,2026-07-08,2026-07-06,2,35,35,true,false,Failed security review,SendGridish,U-014,Priya Hale,Developer Community,Product,LEAD-11819,CMP-031,3,Namilio Studio,false,,9,3,false,
OPP-20366,Juniper Care — New Business — Namilio Studio,ACC-1098,Juniper Care,Mid-Market,Sales-Led,Fintech,APAC,Singapore,New Business,Closed Lost,Omitted,54200,54200,0,0,2025-10-06,2025-12-19,2025-11-29,20,74,74,true,false,Built in-house,,U-007,Ben Hale,Organic Search,Inbound Marketing,LEAD-11825,CMP-013,3,Namilio Studio,false,42,,1,true,
OPP-20367,Solstice Pay — New Business — Namilio Verify,ACC-1081,Solstice Pay,Mid-Market,Sales-Led,Travel,AMER,United States,New Business,Closed Lost,Omitted,179200,179200,0,0,2025-08-19,2025-09-21,2025-09-16,5,33,33,true,false,Missing feature,,U-012,Kwame Berg,Docs & Quickstarts,Product,LEAD-11826,CMP-028,2,Namilio Verify,true,,15,4,true,
OPP-20368,Foundry Works — New Business — Namilio Messaging API,ACC-1047,Foundry Works,SMB,Sales-Assisted,Logistics,APAC,Indonesia,New Business,Closed Lost,Omitted,41900,41900,0,0,2025-10-15,2025-11-23,2025-11-15,8,39,39,true,false,Failed security review,,U-005,Maya Diallo,Organic Search,Inbound Marketing,LEAD-11827,CMP-013,1,Namilio Messaging API,false,62,4,3,false,
OPP-20369,Dovetail Mobility — New Business — Namilio Verify,ACC-1067,Dovetail Mobility,Strategic,Sales-Led,Insurance,EMEA,Netherlands,New Business,Closed Lost,Omitted,1208800,1208800,0,0,2025-05-24,2025-07-28,2025-07-12,16,65,65,true,false,Missing feature,SendGridish,U-008,Felix Lindqvist,Customer Referral,Partner / Referral,LEAD-11829,CMP-046,4,Namilio Verify,false,56,59,3,true,
OPP-20370,Ember Group — New Business — Namilio Connect Enterprise,ACC-1057,Ember Group,SMB,Sales-Assisted,EdTech,AMER,Canada,New Business,Closed Lost,Omitted,11100,11100,0,0,2025-06-18,2025-07-02,2025-06-28,4,14,14,true,false,Champion left,TalkStack,U-005,Maya Diallo,Paid Social,Inbound Marketing,LEAD-11850,CMP-008,3,Namilio Connect Enterprise,true,38,21,5,false,
OPP-20371,Onyx Logistics — New Business — Namilio Studio,ACC-1075,Onyx Logistics,Strategic,Sales-Led,Telecom,EMEA,Sweden,New Business,Closed Lost,Omitted,1242100,1242100,0,0,2026-03-11,2026-07-03,2026-05-20,44,114,114,true,false,Champion left,Vocalis,U-008,Felix Lindqvist,Outbound Sequence,Outbound,LEAD-11851,CMP-037,5,Namilio Studio,true,24,71,2,true,
OPP-20372,Orbital Labs — New Business — Namilio Verify,ACC-1059,Orbital Labs,Enterprise,Sales-Led,Insurance,AMER,Brazil,New Business,Technical Validation,Pipeline,702800,702800,28,196784,2026-10-26,2027-04-14,2027-03-19,0,,-26,false,false,,,U-010,Ana Iyer,AI Assistant Referral,Inbound Marketing,LEAD-11854,CMP-019,2,Namilio Verify,false,21,43,3,false,POC success criteria sign-off
OPP-20373,Rivet Learning — New Business — Namilio Voice Agents,ACC-1113,Rivet Learning,Mid-Market,Sales-Led,Gaming,LATAM,Argentina,New Business,Closed Lost,Omitted,72700,72700,0,0,2026-03-23,2026-06-22,2026-06-10,12,91,91,true,false,Price,TalkStack,U-009,Zara Chen,Paid Search,Inbound Marketing,LEAD-11860,CMP-006,2,Namilio Voice Agents,false,47,,5,false,
OPP-20374,Meridian Gaming — New Business — Namilio Connect Enterprise,ACC-1139,Meridian Gaming,Enterprise,Sales-Led,EdTech,AMER,Brazil,New Business,Closed Lost,Omitted,478900,478900,0,0,2025-11-23,2026-02-18,2026-02-01,17,87,87,true,false,Failed security review,Vocalis,U-010,Ana Iyer,Organic Search,Inbound Marketing,LEAD-11866,CMP-014,2,Namilio Connect Enterprise,true,,51,2,true,
OPP-20375,Sable Labs — New Business — Namilio Voice Agents,ACC-1034,Sable Labs,Mid-Market,Sales-Led,Telecom,EMEA,UAE,New Business,Closed Lost,Omitted,116600,116600,0,0,2026-04-20,2026-06-19,2026-06-05,14,60,60,true,false,Champion left,,U-011,Ben Moreno,Docs & Quickstarts,Product,LEAD-11869,CMP-025,1,Namilio Voice Agents,false,51,21,2,false,
OPP-20376,Beacon Logistics — New Business — Namilio Connect Enterprise,ACC-1107,Beacon Logistics,Mid-Market,Sales-Led,Telecom,AMER,United States,New Business,Business Case,Best Case,96300,96300,45,43335,2026-09-08,2026-11-16,2026-11-02,0,,22,false,false,,,U-012,Kwame Berg,Developer Community,Product,LEAD-11875,CMP-030,2,Namilio Connect Enterprise,true,,,3,false,Send security questionnaire
OPP-20377,Lumen Technologies — New Business — Namilio Verify,ACC-1014,Lumen Technologies,Self-Serve,PLG,SaaS,EMEA,UAE,New Business,Closed Lost,Omitted,6500,6500,0,0,2026-07-18,2026-07-26,2026-07-25,1,8,8,true,false,Champion left,Vocalis,,Self-Serve (no owner),Webinar,Product,LEAD-11885,CMP-034,1,Namilio Verify,false,,,1,true,
OPP-20378,Kestrel Health — New Business — Namilio Copilot API,ACC-1038,Kestrel Health,Mid-Market,Sales-Led,Fintech,EMEA,France,New Business,Closed Lost,Omitted,116100,116100,0,0,2026-03-20,2026-04-19,2026-04-12,7,30,30,true,false,Missing feature,Vocalis,U-007,Ben Hale,Organic Search,Inbound Marketing,LEAD-11890,CMP-011,2,Namilio Copilot API,true,34,,4,true,
OPP-20379,Foundry Bank — New Business — Namilio Voice Agents,ACC-1055,Foundry Bank,SMB,Sales-Assisted,Gaming,EMEA,UAE,New Business,Closed Won,Closed,16400,16400,100,16400,2026-05-04,2026-05-28,2026-05-24,4,24,24,true,true,,,U-003,Clara Qureshi,Paid Search,Product,LEAD-11891,CMP-002,2,Namilio Voice Agents,true,18,21,7,true,
OPP-20380,Beacon Logistics — New Business — Namilio Studio,ACC-1107,Beacon Logistics,Mid-Market,Sales-Led,Telecom,AMER,United States,New Business,Closed Won,Closed,127200,127200,100,127200,2026-02-07,2026-03-31,2026-03-18,13,52,52,true,true,,,U-012,Kwame Berg,Partner / Marketplace,Partner / Referral,LEAD-11893,CMP-042,3,Namilio Studio,true,,,6,true,
OPP-20381,Ember Care — New Business — Namilio Voice Agents,ACC-1046,Ember Care,Strategic,Sales-Led,E-commerce,AMER,United States,New Business,Closed Lost,Omitted,1196600,1196600,0,0,2026-01-11,2026-05-12,2026-03-29,44,121,121,true,false,Timing / budget freeze,OpenVoice,U-002,Diego Bright,Organic Search,Product,LEAD-11894,CMP-016,5,Namilio Voice Agents,false,35,17,5,true,
OPP-20382,Aster Pay — New Business — Namilio Studio,ACC-1097,Aster Pay,SMB,Sales-Assisted,Healthcare,EMEA,Germany,New Business,Closed Won,Closed,28300,28300,100,28300,2026-06-17,2026-06-21,2026-06-19,2,4,4,true,true,,,U-006,Zara Hale,Docs & Quickstarts,Product,LEAD-11895,CMP-023,2,Namilio Studio,false,,,3,true,
OPP-20383,Wexler Learning — New Business — Namilio Copilot API,ACC-1008,Wexler Learning,SMB,Sales-Assisted,Healthcare,AMER,United States,New Business,Closed Won,Closed,43500,43500,100,43500,2025-07-08,2025-08-09,2025-08-01,8,32,32,true,true,,,U-005,Maya Diallo,Paid Search,Product,LEAD-11896,CMP-006,2,Namilio Copilot API,false,,,4,true,
OPP-20384,Quanta Digital — New Business — Namilio Voice Agents,ACC-1027,Quanta Digital,Enterprise,Sales-Led,Gaming,EMEA,Netherlands,New Business,Closed Won,Closed,677400,677400,100,677400,2025-08-26,2025-12-28,2025-11-23,35,124,124,true,true,,,U-013,Kwame Okafor,Docs & Quickstarts,Product,LEAD-11897,CMP-026,3,Namilio Voice Agents,true,47,80,2,true,
OPP-20385,Solstice Labs — New Business — Namilio Verify,ACC-1126,Solstice Labs,Self-Serve,PLG,Travel,APAC,Singapore,New Business,Closed Lost,Omitted,11300,11300,0,0,2026-08-11,2026-08-25,2026-08-20,5,14,14,true,false,Champion left,,,Self-Serve (no owner),Customer Referral,Partner / Referral,LEAD-11904,CMP-046,1,Namilio Verify,false,,,1,false,
OPP-20386,Halcyon Market — New Business — Namilio Verify,ACC-1065,Halcyon Market,SMB,Sales-Assisted,Public Sector,AMER,Canada,New Business,Closed Lost,Omitted,38800,38800,0,0,2026-04-02,2026-04-30,2026-04-21,9,28,28,true,false,Timing / budget freeze,TalkStack,U-003,Clara Qureshi,AI Assistant Referral,Product,LEAD-11905,CMP-022,1,Namilio Verify,false,10,13,4,false,
OPP-20387,Solstice Retail — New Business — Namilio Copilot API,ACC-1049,Solstice Retail,Self-Serve,PLG,Travel,EMEA,Spain,New Business,Closed Lost,Omitted,1800,1800,0,0,2025-06-19,2025-07-03,2025-06-27,6,14,14,true,false,Timing / budget freeze,LegacyCPaaS,,Self-Serve (no owner),Organic Search,Product,LEAD-11913,CMP-017,1,Namilio Copilot API,false,,,1,true,
OPP-20388,Sable Works — New Business — Namilio Connect Enterprise,ACC-1125,Sable Works,Strategic,Sales-Led,EdTech,EMEA,Germany,New Business,Closed Lost,Omitted,950200,950200,0,0,2025-12-18,2026-09-05,2026-07-09,58,261,261,true,false,Failed security review,SendGridish,U-004,Clara Brandt,Organic Search,Inbound Marketing,LEAD-11922,CMP-017,4,Namilio Connect Enterprise,false,12,85,4,true,
OPP-20389,Kestrel Travel — New Business — Namilio Studio,ACC-1003,Kestrel Travel,Self-Serve,PLG,Gaming,APAC,Indonesia,New Business,Closed Won,Closed,11400,11400,100,11400,2025-12-16,2026-01-01,2025-12-31,1,16,16,true,true,,,,Self-Serve (no owner),AI Assistant Referral,Product,LEAD-11935,CMP-021,1,Namilio Studio,false,,,1,false,
OPP-20390,Vertex Care — New Business — Namilio Verify,ACC-1018,Vertex Care,Self-Serve,PLG,SaaS,AMER,Brazil,New Business,Closed Won,Closed,10100,10100,100,10100,2026-04-04,2026-04-16,2026-04-12,4,12,12,true,true,,,,Self-Serve (no owner),Outbound Sequence,Outbound,LEAD-11936,CMP-037,1,Namilio Verify,false,,,1,false,
OPP-20391,Sable Pay — New Business — Namilio Copilot API,ACC-1000,Sable Pay,SMB,Sales-Assisted,EdTech,LATAM,Argentina,New Business,Closed Lost,Omitted,38100,38100,0,0,2025-12-15,2026-01-11,2026-01-04,7,27,27,true,false,No decision,,U-005,Maya Diallo,Paid Social,Product,LEAD-11939,CMP-008,3,Namilio Copilot API,false,53,,5,false,
OPP-20392,Ember Market — New Business — Namilio Messaging API,ACC-1121,Ember Market,SMB,Sales-Assisted,Logistics,EMEA,Sweden,New Business,Closed Lost,Omitted,43300,43300,0,0,2025-07-06,2025-08-11,2025-07-28,14,36,36,true,false,Timing / budget freeze,,U-003,Clara Qureshi,Paid Social,Inbound Marketing,LEAD-11940,CMP-007,2,Namilio Messaging API,true,,,6,true,
OPP-20393,Tundra Digital — New Business — Namilio Connect Enterprise,ACC-1116,Tundra Digital,Enterprise,Sales-Led,Public Sector,AMER,Canada,New Business,Closed Won,Closed,334100,334100,100,334100,2026-02-02,2026-05-09,2026-05-08,1,96,96,true,true,,,U-013,Kwame Okafor,Organic Search,Product,LEAD-11942,CMP-013,1,Namilio Connect Enterprise,false,16,48,1,false,
OPP-20394,Vertex Pay — New Business — Namilio Voice Agents,ACC-1129,Vertex Pay,Self-Serve,PLG,SaaS,APAC,Indonesia,New Business,Closed Lost,Omitted,5000,5000,0,0,2025-07-07,2025-07-25,2025-07-18,7,18,18,true,false,Champion left,,,Self-Serve (no owner),Docs & Quickstarts,Product,LEAD-11946,CMP-028,1,Namilio Voice Agents,false,,,1,false,
OPP-20395,Meridian Technologies — New Business — Namilio Voice Agents,ACC-1045,Meridian Technologies,Self-Serve,PLG,Logistics,APAC,India,New Business,Closed Lost,Omitted,5900,5900,0,0,2026-07-12,2026-07-29,2026-07-26,3,17,17,true,false,Champion left,,,Self-Serve (no owner),Outbound Sequence,Outbound,LEAD-11950,CMP-039,1,Namilio Voice Agents,false,,,1,false,
OPP-20396,Quanta Digital — New Business — Namilio Voice Agents,ACC-1027,Quanta Digital,Enterprise,Sales-Led,Gaming,EMEA,Netherlands,New Business,Closed Won,Closed,828200,828200,100,828200,2026-04-12,2026-09-08,2026-07-13,57,149,149,true,true,,,U-013,Kwame Okafor,Docs & Quickstarts,Product,LEAD-11955,CMP-023,1,Namilio Voice Agents,true,,15,6,false,
OPP-20397,North Insure — New Business — Namilio Voice Agents,ACC-1138,North Insure,Self-Serve,PLG,Public Sector,AMER,Brazil,New Business,Closed Lost,Omitted,9300,9300,0,0,2026-08-01,2026-08-17,2026-08-12,5,16,16,true,false,Built in-house,TalkStack,,Self-Serve (no owner),Docs & Quickstarts,Product,LEAD-11958,CMP-027,1,Namilio Voice Agents,false,,,1,true,
OPP-20398,Tundra Market — New Business — Namilio Studio,ACC-1036,Tundra Market,Self-Serve,PLG,Telecom,EMEA,Spain,New Business,Closed Lost,Omitted,11500,11500,0,0,2026-05-15,2026-05-27,2026-05-22,5,12,12,true,false,Failed security review,OpenVoice,,Self-Serve (no owner),Partner / Marketplace,Partner / Referral,LEAD-11959,CMP-042,1,Namilio Studio,false,,,1,false,
OPP-20399,Aster Pay — New Business — Namilio Connect Enterprise,ACC-1097,Aster Pay,SMB,Sales-Assisted,Healthcare,EMEA,Germany,New Business,Business Case,Best Case,27000,27000,45,12150,2026-09-20,2026-10-21,2026-10-19,0,,10,false,false,,,U-014,Priya Hale,Partner / Marketplace,Partner / Referral,LEAD-11960,CMP-044,3,Namilio Connect Enterprise,true,48,,7,false,Pricing review with deal desk
OPP-20400,Pallas Health — New Business — Namilio Connect Enterprise,ACC-1137,Pallas Health,Mid-Market,Sales-Led,Logistics,APAC,Japan,New Business,Closed Won,Closed,77400,77400,100,77400,2025-07-10,2025-09-15,2025-08-28,18,67,67,true,true,,,U-001,Sana Brandt,Organic Search,Inbound Marketing,LEAD-11981,CMP-015,2,Namilio Connect Enterprise,true,,16,4,false,
OPP-20401,Onyx Retail — New Business — Namilio Voice Agents,ACC-1007,Onyx Retail,Enterprise,Sales-Led,Healthcare,APAC,Japan,New Business,Closed Lost,Omitted,511600,511600,0,0,2025-06-11,2025-12-27,2025-11-29,28,199,199,true,false,Timing / budget freeze,,U-013,Kwame Okafor,Docs & Quickstarts,Product,LEAD-11982,CMP-026,1,Namilio Voice Agents,false,11,80,3,false,
OPP-20402,Aster Pay — New Business — Namilio Verify,ACC-1097,Aster Pay,SMB,Sales-Assisted,Healthcare,EMEA,Germany,New Business,Closed Lost,Omitted,34600,34600,0,0,2026-01-02,2026-01-22,2026-01-19,3,20,20,true,false,Timing / budget freeze,,U-005,Maya Diallo,AI Assistant Referral,Inbound Marketing,LEAD-11989,CMP-019,1,Namilio Verify,false,31,7,5,false,
OPP-20403,Solstice Pay — New Business — Namilio Verify,ACC-1081,Solstice Pay,Mid-Market,Sales-Led,Travel,AMER,United States,New Business,Business Case,Best Case,147600,147600,45,66420,2026-09-09,2026-11-05,2026-10-31,0,,21,false,false,,,U-001,Sana Brandt,Paid Search,Inbound Marketing,LEAD-11990,CMP-005,3,Namilio Verify,true,,,6,false,Awaiting procurement
OPP-20404,Solstice Labs — New Business — Namilio Messaging API,ACC-1126,Solstice Labs,Self-Serve,PLG,Travel,APAC,Singapore,New Business,Closed Won,Closed,13800,13800,100,13800,2025-08-02,2025-08-13,2025-08-10,3,11,11,true,true,,,,Self-Serve (no owner),Webinar,Inbound Marketing,LEAD-11992,CMP-032,1,Namilio Messaging API,false,,21,1,false,
OPP-20405,Ember Labs — New Business — Namilio Copilot API,ACC-1025,Ember Labs,Self-Serve,PLG,SaaS,APAC,Indonesia,New Business,Closed Lost,Omitted,10600,10600,0,0,2025-05-25,2025-06-09,2025-06-07,2,15,15,true,false,Price,OpenVoice,,Self-Serve (no owner),AI Assistant Referral,Product,LEAD-11993,CMP-019,1,Namilio Copilot API,false,,,1,false,
OPP-20406,Quanta Systems — New Business — Namilio Copilot API,ACC-1114,Quanta Systems,Strategic,Sales-Led,Travel,AMER,Brazil,New Business,Discovery,Pipeline,2822700,2822700,12,338724,2026-01-04,2026-10-27,2026-07-10,82,,269,false,false,,,U-004,Clara Brandt,Conference,Inbound Marketing,LEAD-11995,CMP-035,4,Namilio Copilot API,true,,85,7,false,Schedule technical deep dive
OPP-20407,Juniper Care — New Business — Namilio Verify,ACC-1098,Juniper Care,Mid-Market,Sales-Led,Fintech,APAC,Singapore,New Business,Closed Won,Closed,135800,135800,100,135800,2025-11-30,2026-02-06,2026-01-18,19,68,68,true,true,,,U-012,Kwame Berg,AI Assistant Referral,Product,LEAD-11999,CMP-019,3,Namilio Verify,true,30,,2,false,
OPP-20408,Rivet Pay — New Business — Namilio Verify,ACC-1118,Rivet Pay,Strategic,Sales-Led,Real Estate,AMER,Canada,New Business,Technical Validation,Pipeline,998100,998100,28,279468,2026-09-01,2027-02-27,2027-01-28,0,,29,false,false,,,U-004,Clara Brandt,Organic Search,Inbound Marketing,LEAD-12003,CMP-013,3,Namilio Verify,true,11,45,7,true,Exec sponsor intro
OPP-20409,Sable Retail — New Business — Namilio Copilot API,ACC-1037,Sable Retail,Self-Serve,PLG,Gaming,AMER,Canada,New Business,Closed Lost,Omitted,13400,13400,0,0,2026-05-03,2026-05-07,2026-05-06,1,4,4,true,false,No decision,LegacyCPaaS,,Self-Serve (no owner),Paid Search,Inbound Marketing,LEAD-12007,CMP-002,1,Namilio Copilot API,false,,,1,true,
OPP-20410,Kestrel Travel — New Business — Namilio Verify,ACC-1003,Kestrel Travel,Self-Serve,PLG,Gaming,APAC,Indonesia,New Business,Closed Lost,Omitted,3700,3700,0,0,2025-11-14,2025-11-30,2025-11-26,4,16,16,true,false,No decision,,,Self-Serve (no owner),Outbound Sequence,Outbound,LEAD-12012,CMP-040,1,Namilio Verify,false,,,1,false,
OPP-20411,Meridian Gaming — New Business — Namilio Copilot API,ACC-1139,Meridian Gaming,Enterprise,Sales-Led,EdTech,AMER,Brazil,New Business,Closed Lost,Omitted,261400,261400,0,0,2026-03-31,2026-07-19,2026-07-05,14,110,110,true,false,No decision,,U-010,Ana Iyer,Customer Referral,Partner / Referral,LEAD-12024,CMP-045,3,Namilio Copilot API,true,24,80,7,true,
OPP-20412,Ember Learning — New Business — Namilio Studio,ACC-1021,Ember Learning,Self-Serve,PLG,E-commerce,AMER,Mexico,New Business,Closed Lost,Omitted,5000,5000,0,0,2025-05-30,2025-06-10,2025-06-09,1,11,11,true,false,Failed security review,,,Self-Serve (no owner),Partner / Marketplace,Partner / Referral,LEAD-12032,CMP-044,1,Namilio Studio,false,,,1,false,
OPP-20413,Halcyon Labs — New Business — Namilio Messaging API,ACC-1095,Halcyon Labs,Enterprise,Sales-Led,Logistics,APAC,Singapore,New Business,Closed Won,Closed,477600,477600,100,477600,2026-02-17,2026-05-22,2026-05-03,19,94,94,true,true,,,U-010,Ana Iyer,Developer Community,Product,LEAD-12034,CMP-030,1,Namilio Messaging API,true,45,81,2,false,
OPP-20414,Rivet Technologies — New Business — Namilio Connect Enterprise,ACC-1093,Rivet Technologies,Enterprise,Sales-Led,Travel,AMER,United States,New Business,Closed Lost,Omitted,359300,359300,0,0,2025-08-29,2026-02-20,2025-12-15,67,175,175,true,false,Price,,U-010,Ana Iyer,Paid Search,Inbound Marketing,LEAD-12036,CMP-001,2,Namilio Connect Enterprise,false,,82,6,false,
OPP-20415,Rivet Logistics — New Business — Namilio Voice Agents,ACC-1040,Rivet Logistics,Self-Serve,PLG,Real Estate,EMEA,Sweden,New Business,Closed Lost,Omitted,10500,10500,0,0,2026-01-16,2026-01-24,2026-01-21,3,8,8,true,false,Missing feature,,,Self-Serve (no owner),Organic Search,Product,LEAD-12039,CMP-016,1,Namilio Voice Agents,false,,20,1,false,
OPP-20416,Rivet Pay — New Business — Namilio Voice Agents,ACC-1118,Rivet Pay,Strategic,Sales-Led,Real Estate,AMER,Canada,New Business,Closed Lost,Omitted,911600,911600,0,0,2026-01-24,2026-05-30,2026-05-10,20,126,126,true,false,Lost to competitor,,U-004,Clara Brandt,Paid Social,Inbound Marketing,LEAD-12051,CMP-009,4,Namilio Voice Agents,true,,56,2,true,
OPP-20417,Ember Gaming — New Business — Namilio Studio,ACC-1078,Ember Gaming,SMB,Sales-Assisted,Fintech,EMEA,France,New Business,Closed Won,Closed,39800,39800,100,39800,2026-07-28,2026-08-17,2026-08-09,8,20,20,true,true,,,U-003,Clara Qureshi,Organic Search,Product,LEAD-12063,CMP-014,2,Namilio Studio,true,61,,6,false,
OPP-20418,Halcyon Learning — New Business — Namilio Studio,ACC-1123,Halcyon Learning,Self-Serve,PLG,Gaming,LATAM,Argentina,New Business,Closed Won,Closed,9600,9600,100,9600,2026-03-10,2026-03-23,2026-03-21,2,13,13,true,true,,,,Self-Serve (no owner),Organic Search,Product,LEAD-12066,CMP-016,1,Namilio Studio,false,,,1,false,
OPP-20419,Sable Pay — New Business — Namilio Messaging API,ACC-1000,Sable Pay,SMB,Sales-Assisted,EdTech,LATAM,Argentina,New Business,Closed Lost,Omitted,28500,28500,0,0,2026-01-09,2026-01-25,2026-01-20,5,16,16,true,false,Champion left,Vocalis,U-005,Maya Diallo,Outbound Sequence,Outbound,LEAD-12069,CMP-039,3,Namilio Messaging API,false,,6,3,true,
OPP-20420,Umbra Bank — New Business — Namilio Messaging API,ACC-1015,Umbra Bank,SMB,Sales-Assisted,Gaming,EMEA,Netherlands,New Business,Closed Lost,Omitted,31900,31900,0,0,2026-08-06,2026-08-20,2026-08-19,1,14,14,true,false,Champion left,,U-005,Maya Diallo,Paid Search,Inbound Marketing,LEAD-12081,CMP-004,3,Namilio Messaging API,true,18,,3,false,
OPP-20421,Cinder Travel — New Business — Namilio Studio,ACC-1133,Cinder Travel,Mid-Market,Sales-Led,E-commerce,APAC,Australia,New Business,Business Case,Best Case,149500,149500,45,67275,2026-08-08,2026-10-09,2026-10-03,0,,53,false,false,,,U-011,Ben Moreno,Paid Search,Inbound Marketing,LEAD-12083,CMP-004,3,Namilio Studio,true,,,7,true,Awaiting procurement
OPP-20422,Harbor Retail — New Business — Namilio Messaging API,ACC-1087,Harbor Retail,SMB,Sales-Assisted,Gaming,APAC,Indonesia,New Business,Closed Lost,Omitted,38800,38800,0,0,2026-04-11,2026-05-04,2026-04-25,9,23,23,true,false,Timing / budget freeze,TalkStack,U-003,Clara Qureshi,Docs & Quickstarts,Product,LEAD-12084,CMP-028,3,Namilio Messaging API,false,58,,5,true,
OPP-20423,Aster Market — New Business — Namilio Studio,ACC-1106,Aster Market,SMB,Sales-Assisted,Gaming,EMEA,UAE,New Business,Closed Lost,Omitted,11800,11800,0,0,2025-05-17,2025-05-24,2025-05-23,1,7,7,true,false,Price,SendGridish,U-014,Priya Hale,Outbound Sequence,Outbound,LEAD-12093,CMP-041,1,Namilio Studio,true,53,18,1,true,
OPP-20424,Lumen Travel — New Business — Namilio Verify,ACC-1086,Lumen Travel,Strategic,Sales-Led,EdTech,AMER,Brazil,New Business,Closed Lost,Omitted,1043500,1043500,0,0,2026-01-25,2026-08-12,2026-05-27,77,199,199,true,false,Timing / budget freeze,,U-004,Clara Brandt,Developer Community,Product,LEAD-12100,CMP-031,3,Namilio Verify,true,,55,2,true,
OPP-20425,Tundra Mobility — New Business — Namilio Messaging API,ACC-1012,Tundra Mobility,Mid-Market,Sales-Led,Gaming,AMER,United States,New Business,Closed Lost,Omitted,82800,82800,0,0,2026-07-10,2026-08-15,2026-08-01,14,36,36,true,false,No decision,OpenVoice,U-011,Ben Moreno,Docs & Quickstarts,Product,LEAD-12113,CMP-026,3,Namilio Messaging API,false,44,,2,false,
OPP-20426,Lattice Insure — New Business — Namilio Connect Enterprise,ACC-1092,Lattice Insure,SMB,Sales-Assisted,Travel,AMER,Canada,New Business,Closed Lost,Omitted,24500,24500,0,0,2025-06-21,2025-07-31,2025-07-16,15,40,40,true,false,Built in-house,SendGridish,U-014,Priya Hale,Organic Search,Inbound Marketing,LEAD-12114,CMP-016,1,Namilio Connect Enterprise,true,26,19,2,true,
OPP-20427,Halcyon Market — New Business — Namilio Copilot API,ACC-1065,Halcyon Market,SMB,Sales-Assisted,Public Sector,AMER,Canada,New Business,Closed Lost,Omitted,14700,14700,0,0,2026-03-15,2026-04-03,2026-03-29,5,19,19,true,false,No decision,TalkStack,U-006,Zara Hale,Docs & Quickstarts,Product,LEAD-12115,CMP-025,2,Namilio Copilot API,true,26,,7,false,
OPP-20428,Onyx Group — New Business — Namilio Verify,ACC-1115,Onyx Group,SMB,Sales-Assisted,Public Sector,AMER,Brazil,New Business,Closed Lost,Omitted,24500,24500,0,0,2026-08-12,2026-09-06,2026-08-31,6,25,25,true,false,Built in-house,,U-003,Clara Qureshi,Outbound Sequence,Outbound,LEAD-12132,CMP-041,3,Namilio Verify,true,12,7,1,true,
OPP-20429,Rivet Logistics — New Business — Namilio Messaging API,ACC-1040,Rivet Logistics,Self-Serve,PLG,Real Estate,EMEA,Sweden,New Business,Closed Won,Closed,3600,3600,100,3600,2026-06-25,2026-07-15,2026-07-13,2,20,20,true,true,,,,Self-Serve (no owner),Paid Search,Inbound Marketing,LEAD-12133,CMP-002,1,Namilio Messaging API,false,,,1,true,
OPP-20430,Meridian Health — New Business — Namilio Verify,ACC-1110,Meridian Health,Enterprise,Sales-Led,SaaS,EMEA,UAE,New Business,Negotiation,Commit,275800,275800,82,226156,2026-09-21,2027-03-10,2027-02-03,0,,9,false,false,,,U-010,Ana Iyer,Organic Search,Inbound Marketing,LEAD-12134,CMP-017,2,Namilio Verify,true,53,26,4,true,POC success criteria sign-off
OPP-20431,Dovetail Gaming — New Business — Namilio Voice Agents,ACC-1017,Dovetail Gaming,Mid-Market,Sales-Led,EdTech,AMER,Brazil,New Business,Closed Lost,Omitted,164800,164800,0,0,2026-06-07,2026-08-30,2026-08-20,10,84,84,true,false,Built in-house,Vocalis,U-007,Ben Hale,AI Assistant Referral,Inbound Marketing,LEAD-12137,CMP-021,1,Namilio Voice Agents,false,,16,5,true,
OPP-20432,Tundra Care — New Business — Namilio Connect Enterprise,ACC-1028,Tundra Care,Mid-Market,Sales-Led,Gaming,EMEA,United Kingdom,New Business,Proposal / Quote,Commit,132600,132600,68,90168,2026-09-14,2026-12-24,2026-12-16,0,,16,false,false,,,U-007,Ben Hale,Outbound Sequence,Outbound,LEAD-12141,CMP-039,3,Namilio Connect Enterprise,true,34,13,3,true,Awaiting procurement
OPP-20433,Beacon Works — New Business — Namilio Voice Agents,ACC-1088,Beacon Works,SMB,Sales-Assisted,Fintech,APAC,Australia,New Business,Closed Lost,Omitted,38500,38500,0,0,2025-11-11,2025-12-25,2025-12-18,7,44,44,true,false,No decision,LegacyCPaaS,U-014,Priya Hale,Outbound Sequence,Outbound,LEAD-12142,CMP-038,2,Namilio Voice Agents,false,,,1,false,
OPP-20434,Onyx Group — New Business — Namilio Copilot API,ACC-1115,Onyx Group,SMB,Sales-Assisted,Public Sector,AMER,Brazil,New Business,Closed Won,Closed,17400,17400,100,17400,2026-05-09,2026-06-07,2026-06-02,5,29,29,true,true,,,U-014,Priya Hale,Docs & Quickstarts,Product,LEAD-12155,CMP-028,3,Namilio Copilot API,true,60,,5,false,
OPP-20435,Kestrel Travel — New Business — Namilio Messaging API,ACC-1003,Kestrel Travel,Self-Serve,PLG,Gaming,APAC,Indonesia,New Business,Closed Lost,Omitted,12000,12000,0,0,2026-02-01,2026-02-17,2026-02-15,2,16,16,true,false,Lost to competitor,SendGridish,,Self-Serve (no owner),Organic Search,Inbound Marketing,LEAD-12157,CMP-012,1,Namilio Messaging API,false,,,1,false,
OPP-20436,Ember Labs — New Business — Namilio Voice Agents,ACC-1025,Ember Labs,Self-Serve,PLG,SaaS,APAC,Indonesia,New Business,Closed Lost,Omitted,5300,5300,0,0,2026-06-03,2026-06-11,2026-06-08,3,8,8,true,false,Price,Vocalis,,Self-Serve (no owner),Docs & Quickstarts,Inbound Marketing,LEAD-12158,CMP-028,1,Namilio Voice Agents,false,,,1,false,
OPP-20437,Tundra Digital — New Business — Namilio Studio,ACC-1116,Tundra Digital,Enterprise,Sales-Led,Public Sector,AMER,Canada,New Business,Negotiation,Commit,157100,157100,82,128822,2026-10-17,2027-05-08,2027-04-26,0,,-17,false,false,,,U-010,Ana Iyer,Docs & Quickstarts,Product,LEAD-12159,CMP-024,3,Namilio Studio,false,39,41,4,true,Awaiting procurement
OPP-20438,Tundra Retail — New Business — Namilio Voice Agents,ACC-1032,Tundra Retail,Self-Serve,PLG,Real Estate,EMEA,Sweden,New Business,Closed Lost,Omitted,4700,4700,0,0,2025-11-16,2025-11-27,2025-11-23,4,11,11,true,false,Failed security review,,,Self-Serve (no owner),Paid Search,Inbound Marketing,LEAD-12160,CMP-005,1,Namilio Voice Agents,false,,,1,false,
OPP-20439,Lattice Digital — New Business — Namilio Studio,ACC-1050,Lattice Digital,SMB,Sales-Assisted,Fintech,AMER,Mexico,New Business,Closed Won,Closed,28500,28500,100,28500,2025-09-19,2025-11-02,2025-10-23,10,44,44,true,true,,,U-006,Zara Hale,Partner / Marketplace,Partner / Referral,LEAD-12162,CMP-044,2,Namilio Studio,true,43,,5,true,
OPP-20440,Tundra Freight — New Business — Namilio Voice Agents,ACC-1016,Tundra Freight,Self-Serve,PLG,Travel,AMER,United States,New Business,Closed Lost,Omitted,1500,1500,0,0,2025-06-14,2025-06-29,2025-06-25,4,15,15,true,false,Failed security review,OpenVoice,,Self-Serve (no owner),Customer Referral,Partner / Referral,LEAD-12172,CMP-046,1,Namilio Voice Agents,false,,,1,false,
OPP-20441,Tundra Systems — New Business — Namilio Connect Enterprise,ACC-1019,Tundra Systems,SMB,Sales-Assisted,Gaming,LATAM,Colombia,New Business,Business Case,Best Case,17900,17900,45,8055,2026-10-08,2026-11-03,2026-10-26,0,,-8,false,false,,,U-006,Zara Hale,Paid Search,Inbound Marketing,LEAD-12178,CMP-004,3,Namilio Connect Enterprise,true,9,15,1,false,Pricing review with deal desk
OPP-20442,Foundry Works — New Business — Namilio Verify,ACC-1047,Foundry Works,SMB,Sales-Assisted,Logistics,APAC,Indonesia,New Business,Closed Lost,Omitted,29600,29600,0,0,2025-12-15,2025-12-21,2025-12-20,1,6,6,true,false,Timing / budget freeze,,U-003,Clara Qureshi,Customer Referral,Partner / Referral,LEAD-12187,CMP-046,1,Namilio Verify,false,15,,7,false,
OPP-20443,Harbor Works — New Business — Namilio Connect Enterprise,ACC-1011,Harbor Works,SMB,Sales-Assisted,Fintech,AMER,United States,New Business,Closed Lost,Omitted,37200,37200,0,0,2025-12-13,2026-01-14,2026-01-06,8,32,32,true,false,Price,,U-014,Priya Hale,Paid Search,Inbound Marketing,LEAD-12193,CMP-002,2,Namilio Connect Enterprise,true,,,1,false,
OPP-20444,Pallas Labs — New Business — Namilio Messaging API,ACC-1090,Pallas Labs,SMB,Sales-Assisted,Fintech,AMER,United States,New Business,Closed Lost,Omitted,40600,40600,0,0,2025-05-07,2025-05-25,2025-05-23,2,18,18,true,false,Timing / budget freeze,LegacyCPaaS,U-005,Maya Diallo,Organic Search,Product,LEAD-12197,CMP-015,2,Namilio Messaging API,false,,,5,true,
OPP-20445,Halcyon Digital — New Business — Namilio Studio,ACC-1054,Halcyon Digital,Enterprise,Sales-Led,Gaming,AMER,Brazil,New Business,Closed Lost,Omitted,524700,524700,0,0,2026-04-29,2026-09-16,2026-08-13,34,140,140,true,false,Price,OpenVoice,U-013,Kwame Okafor,Outbound Sequence,Outbound,LEAD-12205,CMP-041,2,Namilio Studio,false,13,69,7,false,
OPP-20446,Tundra Mobility — New Business — Namilio Studio,ACC-1012,Tundra Mobility,Mid-Market,Sales-Led,Gaming,AMER,United States,New Business,Closed Won,Closed,110700,110700,100,110700,2026-05-08,2026-08-24,2026-08-12,12,108,108,true,true,,,U-009,Zara Chen,Outbound Sequence,Outbound,LEAD-12212,CMP-037,3,Namilio Studio,true,,,5,true,
OPP-20447,Orbital Labs — New Business — Namilio Copilot API,ACC-1059,Orbital Labs,Enterprise,Sales-Led,Insurance,AMER,Brazil,New Business,Technical Validation,Pipeline,671300,671300,28,187964,2026-09-27,2027-01-30,2027-01-19,0,,3,false,false,,,U-010,Ana Iyer,Paid Search,Inbound Marketing,LEAD-12213,CMP-006,3,Namilio Copilot API,true,18,12,4,false,Exec sponsor intro
OPP-20448,Ember Logistics — New Business — Namilio Connect Enterprise,ACC-1119,Ember Logistics,Enterprise,Sales-Led,E-commerce,AMER,United States,New Business,Closed Won,Closed,833900,833900,100,833900,2025-10-20,2026-02-21,2026-01-18,34,124,124,true,true,,,U-010,Ana Iyer,Organic Search,Inbound Marketing,LEAD-12217,CMP-015,2,Namilio Connect Enterprise,true,32,35,7,true,
OPP-20449,Vertex Travel — New Business — Namilio Voice Agents,ACC-1052,Vertex Travel,SMB,Sales-Assisted,Insurance,LATAM,Chile,New Business,Closed Lost,Omitted,21900,21900,0,0,2026-01-14,2026-02-01,2026-01-27,5,18,18,true,false,Price,SendGridish,U-014,Priya Hale,Paid Social,Product,LEAD-12219,CMP-009,3,Namilio Voice Agents,true,58,,1,true,
OPP-20450,Meridian Health — New Business — Namilio Verify,ACC-1110,Meridian Health,Enterprise,Sales-Led,SaaS,EMEA,UAE,New Business,Proposal / Quote,Commit,471900,471900,68,320892,2026-04-27,2026-12-12,2026-11-03,0,,156,false,false,,,U-013,Kwame Okafor,Docs & Quickstarts,Product,LEAD-12222,CMP-025,3,Namilio Verify,true,,57,1,true,Schedule technical deep dive
OPP-20451,Dovetail Mobility — New Business — Namilio Verify,ACC-1067,Dovetail Mobility,Strategic,Sales-Led,Insurance,EMEA,Netherlands,New Business,Closed Won,Closed,1362000,1362000,100,1362000,2026-05-16,2026-09-12,2026-08-27,16,119,119,true,true,,,U-004,Clara Brandt,Paid Social,Product,LEAD-12224,CMP-008,4,Namilio Verify,true,,74,5,true,
OPP-20452,Zephyr Mobility — New Business — Namilio Verify,ACC-1083,Zephyr Mobility,Self-Serve,PLG,Logistics,EMEA,UAE,New Business,Closed Lost,Omitted,1400,1400,0,0,2026-02-27,2026-03-11,2026-03-09,2,12,12,true,false,Lost to competitor,SendGridish,,Self-Serve (no owner),Paid Social,Inbound Marketing,LEAD-12229,CMP-009,1,Namilio Verify,false,,,1,false,
OPP-20453,Solstice Freight — New Business — Namilio Messaging API,ACC-1094,Solstice Freight,Self-Serve,PLG,Healthcare,AMER,Canada,New Business,Closed Lost,Omitted,4300,4300,0,0,2026-01-16,2026-01-26,2026-01-25,1,10,10,true,false,Champion left,,,Self-Serve (no owner),AI Assistant Referral,Inbound Marketing,LEAD-12230,CMP-022,1,Namilio Messaging API,false,,20,1,true,
OPP-20454,Pallas Health — New Business — Namilio Studio,ACC-1137,Pallas Health,Mid-Market,Sales-Led,Logistics,APAC,Japan,New Business,Closed Lost,Omitted,47500,47500,0,0,2026-03-02,2026-04-05,2026-03-31,5,34,34,true,false,Missing feature,Vocalis,U-001,Sana Brandt,Outbound Sequence,Outbound,LEAD-12237,CMP-037,2,Namilio Studio,true,,,6,false,
OPP-20455,Rivet Technologies — New Business — Namilio Copilot API,ACC-1093,Rivet Technologies,Enterprise,Sales-Led,Travel,AMER,United States,New Business,Closed Lost,Omitted,232400,232400,0,0,2025-12-03,2026-02-01,2026-01-09,23,60,60,true,false,Missing feature,Vocalis,U-013,Kwame Okafor,Webinar,Inbound Marketing,LEAD-12238,CMP-034,1,Namilio Copilot API,false,9,32,7,true,
OPP-20456,Vertex Technologies — New Business — Namilio Voice Agents,ACC-1091,Vertex Technologies,Self-Serve,PLG,Logistics,APAC,Indonesia,New Business,Closed Won,Closed,3300,3300,100,3300,2026-03-15,2026-03-26,2026-03-23,3,11,11,true,true,,,,Self-Serve (no owner),Organic Search,Product,LEAD-12243,CMP-012,1,Namilio Voice Agents,false,,10,1,true,
OPP-20457,Tundra Market — New Business — Namilio Studio,ACC-1036,Tundra Market,Self-Serve,PLG,Telecom,EMEA,Spain,New Business,Closed Won,Closed,10400,10400,100,10400,2026-03-14,2026-03-31,2026-03-28,3,17,17,true,true,,,,Self-Serve (no owner),Customer Referral,Partner / Referral,LEAD-12247,CMP-045,1,Namilio Studio,false,,12,1,true,
OPP-20458,Umbra Learning — New Business — Namilio Verify,ACC-1134,Umbra Learning,SMB,Sales-Assisted,Travel,EMEA,Sweden,New Business,Closed Lost,Omitted,13000,13000,0,0,2025-12-23,2026-01-16,2026-01-10,6,24,24,true,false,No decision,TalkStack,U-006,Zara Hale,Webinar,Inbound Marketing,LEAD-12249,CMP-034,2,Namilio Verify,true,,,3,true,
OPP-20459,Zephyr Care — New Business — Namilio Studio,ACC-1084,Zephyr Care,SMB,Sales-Assisted,Logistics,AMER,United States,New Business,Closed Won,Closed,34900,34900,100,34900,2026-09-01,2026-09-29,2026-09-22,7,28,28,true,true,,,U-006,Zara Hale,Developer Community,Inbound Marketing,LEAD-12256,CMP-029,1,Namilio Studio,true,,,5,false,
OPP-20460,Aster Works — New Business — Namilio Messaging API,ACC-1074,Aster Works,Strategic,Sales-Led,Insurance,EMEA,Netherlands,New Business,Technical Validation,Pipeline,2259500,2259500,28,632660,2026-08-11,2026-11-05,2026-11-04,0,,50,false,false,,,U-004,Clara Brandt,Outbound Sequence,Outbound,LEAD-12268,CMP-041,3,Namilio Messaging API,false,29,88,1,true,Exec sponsor intro
OPP-20461,Zephyr Care — New Business — Namilio Connect Enterprise,ACC-1084,Zephyr Care,SMB,Sales-Assisted,Logistics,AMER,United States,New Business,Closed Lost,Omitted,17500,17500,0,0,2026-07-22,2026-08-17,2026-08-07,10,26,26,true,false,Price,,U-005,Maya Diallo,Partner / Marketplace,Partner / Referral,LEAD-12270,CMP-044,1,Namilio Connect Enterprise,false,,,5,true,
OPP-20462,North Insure — New Business — Namilio Studio,ACC-1138,North Insure,Self-Serve,PLG,Public Sector,AMER,Brazil,New Business,Closed Won,Closed,13100,13100,100,13100,2026-08-27,2026-09-10,2026-09-08,2,14,14,true,true,,,,Self-Serve (no owner),Customer Referral,Partner / Referral,LEAD-12271,CMP-046,1,Namilio Studio,false,,,1,false,
OPP-20463,Umbra Freight — New Business — Namilio Studio,ACC-1132,Umbra Freight,SMB,Sales-Assisted,Fintech,AMER,Mexico,New Business,Business Case,Best Case,38500,38500,45,17325,2026-09-12,2026-10-06,2026-09-28,2,,18,false,false,,,U-005,Maya Diallo,Docs & Quickstarts,Product,LEAD-12272,CMP-023,1,Namilio Studio,true,,4,1,false,POC success criteria sign-off
OPP-20464,Rivet Technologies — New Business — Namilio Studio,ACC-1093,Rivet Technologies,Enterprise,Sales-Led,Travel,AMER,United States,New Business,Technical Validation,Pipeline,512300,512300,28,143444,2026-10-21,2026-12-27,2026-12-20,0,,-21,false,false,,,U-010,Ana Iyer,Developer Community,Product,LEAD-12279,CMP-029,3,Namilio Studio,true,27,77,6,false,Send security questionnaire
OPP-20465,Lumen Digital — New Business — Namilio Voice Agents,ACC-1048,Lumen Digital,Mid-Market,Sales-Led,Insurance,APAC,Australia,New Business,Closed Lost,Omitted,121300,121300,0,0,2025-06-26,2025-09-30,2025-09-25,5,96,96,true,false,Price,OpenVoice,U-007,Ben Hale,Webinar,Inbound Marketing,LEAD-12280,CMP-032,2,Namilio Voice Agents,false,12,8,5,true,
OPP-20466,North Digital — New Business — Namilio Messaging API,ACC-1064,North Digital,Mid-Market,Sales-Led,Travel,EMEA,UAE,New Business,Closed Lost,Omitted,139600,139600,0,0,2025-05-21,2025-08-18,2025-07-15,34,89,89,true,false,Lost to competitor,OpenVoice,U-001,Sana Brandt,Organic Search,Inbound Marketing,LEAD-12281,CMP-012,2,Namilio Messaging API,true,27,13,3,true,
OPP-20467,Zephyr Care — New Business — Namilio Verify,ACC-1084,Zephyr Care,SMB,Sales-Assisted,Logistics,AMER,United States,New Business,Closed Lost,Omitted,41300,41300,0,0,2025-12-19,2025-12-31,2025-12-30,1,12,12,true,false,Champion left,,U-003,Clara Qureshi,Outbound Sequence,Outbound,LEAD-12300,CMP-039,2,Namilio Verify,true,38,,2,false,
OPP-20468,Tundra Insure — New Business — Namilio Connect Enterprise,ACC-1070,Tundra Insure,SMB,Sales-Assisted,Real Estate,EMEA,Spain,New Business,Proposal / Quote,Commit,44600,44600,68,30328,2026-10-15,2026-10-28,2026-10-27,0,,-15,false,false,,,U-005,Maya Diallo,Organic Search,Product,LEAD-12308,CMP-014,3,Namilio Connect Enterprise,false,23,19,3,true,Exec sponsor intro
OPP-20469,Umbra Pay — New Business — Namilio Messaging API,ACC-1044,Umbra Pay,Self-Serve,PLG,Fintech,AMER,Canada,New Business,Closed Lost,Omitted,11900,11900,0,0,2025-07-15,2025-07-27,2025-07-23,4,12,12,true,false,Failed security review,SendGridish,,Self-Serve (no owner),Organic Search,Inbound Marketing,LEAD-12322,CMP-011,1,Namilio Messaging API,false,,,1,true,
OPP-20470,Cobalt Health — New Business — Namilio Messaging API,ACC-1128,Cobalt Health,Mid-Market,Sales-Led,Insurance,EMEA,UAE,New Business,Closed Lost,Omitted,143200,143200,0,0,2026-01-22,2026-02-25,2026-02-18,7,34,34,true,false,Failed security review,TalkStack,U-009,Zara Chen,Outbound Sequence,Outbound,LEAD-12323,CMP-037,1,Namilio Messaging API,false,,,5,false,
OPP-20471,Quanta Systems — New Business — Namilio Verify,ACC-1114,Quanta Systems,Strategic,Sales-Led,Travel,AMER,Brazil,New Business,Negotiation,Commit,2631400,2631400,82,2157748,2026-08-21,2027-03-05,2027-02-10,0,,40,false,false,,,U-002,Diego Bright,Organic Search,Inbound Marketing,LEAD-12335,CMP-012,4,Namilio Verify,true,15,31,7,true,POC success criteria sign-off
OPP-20472,Aster Market — New Business — Namilio Verify,ACC-1106,Aster Market,SMB,Sales-Assisted,Gaming,EMEA,UAE,New Business,Closed Lost,Omitted,28900,28900,0,0,2026-03-10,2026-04-11,2026-04-09,2,32,32,true,false,Price,TalkStack,U-006,Zara Hale,Developer Community,Product,LEAD-12340,CMP-031,3,Namilio Verify,false,37,4,7,true,
OPP-20473,Lumen Technologies — New Business — Namilio Voice Agents,ACC-1014,Lumen Technologies,Self-Serve,PLG,SaaS,EMEA,UAE,New Business,Closed Lost,Omitted,4600,4600,0,0,2026-04-05,2026-04-15,2026-04-13,2,10,10,true,false,Built in-house,Vocalis,,Self-Serve (no owner),Partner / Marketplace,Partner / Referral,LEAD-12343,CMP-044,1,Namilio Voice Agents,false,,,1,false,
OPP-20474,Halcyon Works — New Business — Namilio Verify,ACC-1062,Halcyon Works,SMB,Sales-Assisted,E-commerce,EMEA,Sweden,New Business,Closed Won,Closed,35600,35600,100,35600,2026-03-09,2026-04-06,2026-04-05,1,28,28,true,true,,,U-006,Zara Hale,Docs & Quickstarts,Product,LEAD-12350,CMP-028,1,Namilio Verify,true,13,,1,true,
OPP-20475,Ember Care — New Business — Namilio Studio,ACC-1046,Ember Care,Strategic,Sales-Led,E-commerce,AMER,United States,New Business,Discovery,Pipeline,2528600,2528600,12,303432,2026-10-25,2027-02-07,2027-02-03,0,,-25,false,false,,,U-004,Clara Brandt,Organic Search,Inbound Marketing,LEAD-12362,CMP-015,5,Namilio Studio,true,40,31,5,true,Schedule technical deep dive
OPP-20476,Zephyr Mobility — New Business — Namilio Messaging API,ACC-1083,Zephyr Mobility,Self-Serve,PLG,Logistics,EMEA,UAE,New Business,Closed Won,Closed,13600,13600,100,13600,2025-06-22,2025-06-28,2025-06-26,2,6,6,true,true,,,,Self-Serve (no owner),Docs & Quickstarts,Product,LEAD-12367,CMP-025,1,Namilio Messaging API,false,,,1,false,
OPP-20477,Juniper Care — New Business — Namilio Messaging API,ACC-1098,Juniper Care,Mid-Market,Sales-Led,Fintech,APAC,Singapore,New Business,Closed Won,Closed,92600,92600,100,92600,2026-04-02,2026-05-24,2026-05-13,11,52,52,true,true,,,U-011,Ben Moreno,Outbound Sequence,Outbound,LEAD-12375,CMP-041,1,Namilio Messaging API,true,22,15,3,false,
OPP-20478,Onyx Logistics — New Business — Namilio Verify,ACC-1075,Onyx Logistics,Strategic,Sales-Led,Telecom,EMEA,Sweden,New Business,Discovery,Pipeline,1331000,1331000,12,159720,2026-10-17,2027-06-05,2027-04-08,0,,-17,false,false,,,U-008,Felix Lindqvist,Paid Search,Inbound Marketing,LEAD-12377,CMP-006,5,Namilio Verify,true,11,60,3,true,Schedule technical deep dive
OPP-20479,Cobalt Retail — New Business — Namilio Studio,ACC-1136,Cobalt Retail,Self-Serve,PLG,Travel,EMEA,United Kingdom,New Business,Closed Won,Closed,10400,10400,100,10400,2026-06-20,2026-07-05,2026-07-01,4,15,15,true,true,,,,Self-Serve (no owner),Outbound Sequence,Outbound,LEAD-12380,CMP-039,1,Namilio Studio,false,,,1,true,
OPP-20480,Lumen Pay — New Business — Namilio Studio,ACC-1109,Lumen Pay,Self-Serve,PLG,Insurance,AMER,Canada,New Business,Closed Won,Closed,13300,13300,100,13300,2026-08-27,2026-09-05,2026-09-02,3,9,9,true,true,,,,Self-Serve (no owner),AI Assistant Referral,Product,LEAD-12381,CMP-021,1,Namilio Studio,false,,,1,false,
OPP-20481,Cobalt Technologies — New Business — Namilio Voice Agents,ACC-1124,Cobalt Technologies,Mid-Market,Sales-Led,Gaming,AMER,United States,New Business,Closed Won,Closed,86200,86200,100,86200,2025-04-30,2025-07-19,2025-07-04,15,80,80,true,true,,,U-001,Sana Brandt,Webinar,Product,LEAD-12382,CMP-033,3,Namilio Voice Agents,true,37,,3,false,
OPP-20482,Tundra Insure — New Business — Namilio Messaging API,ACC-1070,Tundra Insure,SMB,Sales-Assisted,Real Estate,EMEA,Spain,New Business,Closed Lost,Omitted,38800,38800,0,0,2026-03-15,2026-03-24,2026-03-20,4,9,9,true,false,Price,OpenVoice,U-005,Maya Diallo,Paid Search,Product,LEAD-12383,CMP-002,1,Namilio Messaging API,true,,,6,true,
OPP-20483,Kestrel Gaming — New Business — Namilio Messaging API,ACC-1004,Kestrel Gaming,SMB,Sales-Assisted,Healthcare,EMEA,Germany,New Business,Closed Lost,Omitted,15500,15500,0,0,2026-01-24,2026-03-23,2026-03-09,14,58,58,true,false,No decision,TalkStack,U-003,Clara Qureshi,Webinar,Product,LEAD-12384,CMP-034,3,Namilio Messaging API,false,23,,7,false,
OPP-20484,Rivet Learning — New Business — Namilio Messaging API,ACC-1113,Rivet Learning,Mid-Market,Sales-Led,Gaming,LATAM,Argentina,New Business,Closed Won,Closed,172800,172800,100,172800,2026-06-26,2026-09-21,2026-08-30,22,87,87,true,true,,,U-001,Sana Brandt,Customer Referral,Partner / Referral,LEAD-12389,CMP-045,3,Namilio Messaging API,false,9,,4,true,
OPP-20485,Harbor Market — New Business — Namilio Messaging API,ACC-1056,Harbor Market,Self-Serve,PLG,Gaming,EMEA,France,New Business,Closed Lost,Omitted,8400,8400,0,0,2025-12-25,2025-12-30,2025-12-29,1,5,5,true,false,Missing feature,,,Self-Serve (no owner),AI Assistant Referral,Inbound Marketing,LEAD-12390,CMP-020,1,Namilio Messaging API,false,,13,1,true,
OPP-20486,Sable Pay — New Business — Namilio Copilot API,ACC-1000,Sable Pay,SMB,Sales-Assisted,EdTech,LATAM,Argentina,New Business,Proposal / Quote,Commit,29900,29900,68,20332,2026-10-04,2026-10-28,2026-10-23,0,,-4,false,false,,,U-014,Priya Hale,Partner / Marketplace,Partner / Referral,LEAD-12393,CMP-044,2,Namilio Copilot API,true,,,3,true,POC success criteria sign-off
OPP-20487,Harbor Works — New Business — Namilio Connect Enterprise,ACC-1011,Harbor Works,SMB,Sales-Assisted,Fintech,AMER,United States,New Business,Closed Lost,Omitted,12600,12600,0,0,2026-05-18,2026-06-13,2026-06-05,8,26,26,true,false,Champion left,Vocalis,U-003,Clara Qureshi,Organic Search,Inbound Marketing,LEAD-12394,CMP-011,3,Namilio Connect Enterprise,false,33,,5,false,
OPP-20488,Quanta Care — New Business — Namilio Verify,ACC-1080,Quanta Care,Mid-Market,Sales-Led,Healthcare,EMEA,UAE,New Business,Closed Lost,Omitted,167500,167500,0,0,2026-06-08,2026-07-22,2026-07-17,5,44,44,true,false,Price,LegacyCPaaS,U-009,Zara Chen,Developer Community,Product,LEAD-12400,CMP-030,2,Namilio Verify,true,8,11,4,false,
OPP-20489,Vertex Pay — New Business — Namilio Verify,ACC-1129,Vertex Pay,Self-Serve,PLG,SaaS,APAC,Indonesia,New Business,Closed Lost,Omitted,8400,8400,0,0,2026-07-22,2026-08-07,2026-08-01,6,16,16,true,false,Built in-house,OpenVoice,,Self-Serve (no owner),Docs & Quickstarts,Product,LEAD-12404,CMP-023,1,Namilio Verify,false,,19,1,false,
OPP-20490,Ember Gaming — New Business — Namilio Studio,ACC-1078,Ember Gaming,SMB,Sales-Assisted,Fintech,EMEA,France,New Business,Closed Won,Closed,37700,37700,100,37700,2025-05-02,2025-06-03,2025-05-29,5,32,32,true,true,,,U-006,Zara Hale,AI Assistant Referral,Product,LEAD-12412,CMP-020,1,Namilio Studio,false,39,,7,true,
OPP-20491,Rivet Logistics — New Business — Namilio Messaging API,ACC-1040,Rivet Logistics,Self-Serve,PLG,Real Estate,EMEA,Sweden,New Business,Closed Lost,Omitted,8900,8900,0,0,2026-03-09,2026-03-21,2026-03-20,1,12,12,true,false,Built in-house,SendGridish,,Self-Serve (no owner),Organic Search,Inbound Marketing,LEAD-12416,CMP-011,1,Namilio Messaging API,false,,,1,true,
OPP-20492,Quanta Travel — New Business — Namilio Verify,ACC-1127,Quanta Travel,SMB,Sales-Assisted,Travel,APAC,Indonesia,New Business,Closed Lost,Omitted,42800,42800,0,0,2025-09-07,2025-09-24,2025-09-19,5,17,17,true,false,Failed security review,OpenVoice,U-014,Priya Hale,Docs & Quickstarts,Product,LEAD-12420,CMP-026,2,Namilio Verify,true,,,6,true,
OPP-20493,Lattice Digital — New Business — Namilio Messaging API,ACC-1050,Lattice Digital,SMB,Sales-Assisted,Fintech,AMER,Mexico,New Business,Closed Lost,Omitted,35100,35100,0,0,2025-07-07,2025-08-12,2025-08-10,2,36,36,true,false,Timing / budget freeze,SendGridish,U-006,Zara Hale,Paid Search,Product,LEAD-12424,CMP-005,3,Namilio Messaging API,true,52,,6,false,
OPP-20494,Lumen Labs — New Business — Namilio Messaging API,ACC-1041,Lumen Labs,Mid-Market,Sales-Led,Real Estate,APAC,India,New Business,Closed Lost,Omitted,103200,103200,0,0,2025-08-04,2025-09-16,2025-09-08,8,43,43,true,false,No decision,,U-009,Zara Chen,Organic Search,Inbound Marketing,LEAD-12434,CMP-011,1,Namilio Messaging API,true,,16,6,true,
OPP-20495,Dovetail Labs — New Business — Namilio Voice Agents,ACC-1001,Dovetail Labs,Self-Serve,PLG,E-commerce,EMEA,United Kingdom,New Business,Closed Won,Closed,12300,12300,100,12300,2025-12-29,2026-01-05,2026-01-03,2,7,7,true,true,,,,Self-Serve (no owner),Organic Search,Product,LEAD-12441,CMP-012,1,Namilio Voice Agents,false,,,1,false,
OPP-20496,Pallas Systems — New Business — Namilio Voice Agents,ACC-1111,Pallas Systems,Self-Serve,PLG,Telecom,AMER,Canada,New Business,Closed Won,Closed,11800,11800,100,11800,2026-03-21,2026-04-03,2026-03-31,3,13,13,true,true,,,,Self-Serve (no owner),Webinar,Inbound Marketing,LEAD-12444,CMP-032,1,Namilio Voice Agents,false,,,1,true,
OPP-20497,Umbra Technologies — New Business — Namilio Voice Agents,ACC-1029,Umbra Technologies,Self-Serve,PLG,E-commerce,AMER,Mexico,New Business,Discovery,Pipeline,7500,7500,12,900,2026-09-25,2026-10-09,2026-10-03,0,,5,false,false,,,,Self-Serve (no owner),AI Assistant Referral,Inbound Marketing,LEAD-12459,CMP-021,1,Namilio Voice Agents,false,,,1,true,Schedule technical deep dive
OPP-20498,Dovetail Works — New Business — Namilio Connect Enterprise,ACC-1072,Dovetail Works,SMB,Sales-Assisted,Public Sector,APAC,India,New Business,Closed Lost,Omitted,41200,41200,0,0,2025-06-20,2025-07-14,2025-07-08,6,24,24,true,false,Timing / budget freeze,,U-003,Clara Qureshi,AI Assistant Referral,Product,LEAD-12460,CMP-020,2,Namilio Connect Enterprise,false,41,,4,true,
OPP-20499,Vertex Care — New Business — Namilio Copilot API,ACC-1018,Vertex Care,Self-Serve,PLG,SaaS,AMER,Brazil,New Business,Closed Won,Closed,4400,4400,100,4400,2026-07-30,2026-08-03,2026-08-02,1,4,4,true,true,,,,Self-Serve (no owner),Customer Referral,Partner / Referral,LEAD-12471,CMP-045,1,Namilio Copilot API,false,,,1,true,
OPP-20500,Umbra Technologies — New Business — Namilio Studio,ACC-1029,Umbra Technologies,Self-Serve,PLG,E-commerce,AMER,Mexico,New Business,Closed Won,Closed,5700,5700,100,5700,2025-10-16,2025-10-27,2025-10-24,3,11,11,true,true,,,,Self-Serve (no owner),AI Assistant Referral,Product,LEAD-12487,CMP-020,1,Namilio Studio,false,,,1,true,
OPP-20501,Sable Labs — New Business — Namilio Verify,ACC-1034,Sable Labs,Mid-Market,Sales-Led,Telecom,EMEA,UAE,New Business,Discovery,Pipeline,163100,163100,12,19572,2026-10-11,2026-12-21,2026-12-16,0,,-11,false,false,,,U-011,Ben Moreno,AI Assistant Referral,Inbound Marketing,LEAD-12490,CMP-020,2,Namilio Verify,false,51,19,3,true,POC success criteria sign-off
OPP-20502,Halcyon Care — New Business — Namilio Verify,ACC-1117,Halcyon Care,Self-Serve,PLG,Fintech,AMER,Canada,New Business,Closed Lost,Omitted,1600,1600,0,0,2025-10-18,2025-10-23,2025-10-22,1,5,5,true,false,Champion left,,,Self-Serve (no owner),Organic Search,Inbound Marketing,LEAD-12501,CMP-016,1,Namilio Verify,false,,,1,true,
OPP-20503,Onyx Group — New Business — Namilio Verify,ACC-1115,Onyx Group,SMB,Sales-Assisted,Public Sector,AMER,Brazil,New Business,Closed Won,Closed,18800,18800,100,18800,2025-12-22,2026-02-02,2026-01-19,14,42,42,true,true,,,U-006,Zara Hale,Paid Search,Inbound Marketing,LEAD-12502,CMP-002,2,Namilio Verify,true,,,6,false,
OPP-20504,Kestrel Group — New Business — Namilio Verify,ACC-1089,Kestrel Group,SMB,Sales-Assisted,Gaming,AMER,Canada,New Business,Closed Lost,Omitted,20700,20700,0,0,2025-11-21,2025-12-24,2025-12-18,6,33,33,true,false,No decision,,U-005,Maya Diallo,Paid Search,Inbound Marketing,LEAD-12514,CMP-001,2,Namilio Verify,true,31,,2,true,
OPP-20505,Kestrel Gaming — New Business — Namilio Voice Agents,ACC-1004,Kestrel Gaming,SMB,Sales-Assisted,Healthcare,EMEA,Germany,New Business,Closed Won,Closed,9700,9700,100,9700,2026-08-25,2026-09-20,2026-09-17,3,26,26,true,true,,,U-006,Zara Hale,Developer Community,Product,LEAD-12531,CMP-031,2,Namilio Voice Agents,true,,,5,false,
OPP-20506,Halcyon Learning — New Business — Namilio Copilot API,ACC-1123,Halcyon Learning,Self-Serve,PLG,Gaming,LATAM,Argentina,New Business,Closed Lost,Omitted,6400,6400,0,0,2025-11-01,2025-11-08,2025-11-05,3,7,7,true,false,Failed security review,,,Self-Serve (no owner),Docs & Quickstarts,Product,LEAD-12533,CMP-024,1,Namilio Copilot API,false,,,1,false,
OPP-20507,Orbital Labs — New Business — Namilio Connect Enterprise,ACC-1059,Orbital Labs,Enterprise,Sales-Led,Insurance,AMER,Brazil,New Business,Closed Won,Closed,777900,777900,100,777900,2025-07-22,2025-12-14,2025-11-02,42,145,145,true,true,,,U-010,Ana Iyer,Docs & Quickstarts,Product,LEAD-12534,CMP-023,1,Namilio Connect Enterprise,false,,62,6,true,
OPP-20508,Umbra Care — New Business — Namilio Voice Agents,ACC-1079,Umbra Care,Self-Serve,PLG,E-commerce,AMER,Canada,New Business,Closed Won,Closed,1300,1300,100,1300,2025-09-11,2025-09-30,2025-09-29,1,19,19,true,true,,,,Self-Serve (no owner),Paid Search,Inbound Marketing,LEAD-12540,CMP-003,1,Namilio Voice Agents,false,,,1,false,
OPP-20509,Kestrel Health — New Business — Namilio Studio,ACC-1038,Kestrel Health,Mid-Market,Sales-Led,Fintech,EMEA,France,New Business,Closed Lost,Omitted,132800,132800,0,0,2026-05-31,2026-08-06,2026-07-13,24,67,67,true,false,Built in-house,,U-012,Kwame Berg,Paid Social,Inbound Marketing,LEAD-12555,CMP-009,1,Namilio Studio,true,,,7,true,
OPP-20510,Aster Labs — New Business — Namilio Messaging API,ACC-1108,Aster Labs,Self-Serve,PLG,Logistics,AMER,Brazil,New Business,Closed Lost,Omitted,11500,11500,0,0,2025-10-01,2025-10-09,2025-10-08,1,8,8,true,false,Built in-house,,,Self-Serve (no owner),Outbound Sequence,Outbound,LEAD-12556,CMP-040,1,Namilio Messaging API,false,,,1,false,
OPP-20511,Cobalt Works — New Business — Namilio Messaging API,ACC-1030,Cobalt Works,Self-Serve,PLG,Public Sector,APAC,Indonesia,New Business,Closed Won,Closed,3800,3800,100,3800,2026-03-29,2026-04-03,2026-04-02,1,5,5,true,true,,,,Self-Serve (no owner),Organic Search,Product,LEAD-12559,CMP-015,1,Namilio Messaging API,false,,,1,true,
OPP-20512,Ember Care — New Business — Namilio Studio,ACC-1046,Ember Care,Strategic,Sales-Led,E-commerce,AMER,United States,New Business,Closed Lost,Omitted,1714100,1714100,0,0,2025-10-31,2026-07-29,2026-07-02,27,271,271,true,false,Lost to competitor,Vocalis,U-002,Diego Bright,Paid Social,Product,LEAD-12562,CMP-009,3,Namilio Studio,false,,45,5,true,
OPP-20513,North Mobility — New Business — Namilio Connect Enterprise,ACC-1101,North Mobility,SMB,Sales-Assisted,Logistics,EMEA,Spain,New Business,Closed Won,Closed,36300,36300,100,36300,2026-06-24,2026-07-21,2026-07-11,10,27,27,true,true,,,U-006,Zara Hale,Paid Search,Inbound Marketing,LEAD-12563,CMP-003,3,Namilio Connect Enterprise,true,,,5,false,
OPP-20514,Umbra Learning — New Business — Namilio Verify,ACC-1134,Umbra Learning,SMB,Sales-Assisted,Travel,EMEA,Sweden,New Business,Closed Lost,Omitted,23500,23500,0,0,2026-06-24,2026-07-25,2026-07-20,5,31,31,true,false,Failed security review,,U-003,Clara Qureshi,Docs & Quickstarts,Inbound Marketing,LEAD-12574,CMP-025,2,Namilio Verify,false,19,,1,true,
OPP-20515,Solstice Learning — New Business — Namilio Voice Agents,ACC-1002,Solstice Learning,SMB,Sales-Assisted,Logistics,APAC,Indonesia,New Business,Closed Lost,Omitted,36500,36500,0,0,2025-11-11,2025-11-30,2025-11-27,3,19,19,true,false,Price,,U-014,Priya Hale,Paid Search,Inbound Marketing,LEAD-12587,CMP-003,2,Namilio Voice Agents,true,38,,6,true,
OPP-20516,Tundra Care — New Business — Namilio Voice Agents,ACC-1028,Tundra Care,Mid-Market,Sales-Led,Gaming,EMEA,United Kingdom,New Business,Closed Lost,Omitted,128500,128500,0,0,2026-02-20,2026-04-21,2026-03-28,24,60,60,true,false,Champion left,LegacyCPaaS,U-007,Ben Hale,Outbound Sequence,Outbound,LEAD-12593,CMP-038,3,Namilio Voice Agents,false,39,15,7,true,
OPP-20517,Quanta Care — New Business — Namilio Studio,ACC-1080,Quanta Care,Mid-Market,Sales-Led,Healthcare,EMEA,UAE,New Business,Discovery,Pipeline,136200,136200,12,16344,2026-09-30,2026-12-12,2026-11-20,0,,0,false,false,,,U-007,Ben Hale,Webinar,Inbound Marketing,LEAD-12603,CMP-033,3,Namilio Studio,true,,5,1,true,Exec sponsor intro
OPP-20518,Aster Labs — New Business — Namilio Verify,ACC-1108,Aster Labs,Self-Serve,PLG,Logistics,AMER,Brazil,New Business,Closed Lost,Omitted,13500,13500,0,0,2026-01-28,2026-02-08,2026-02-05,3,11,11,true,false,Missing feature,,,Self-Serve (no owner),Outbound Sequence,Outbound,LEAD-12604,CMP-038,1,Namilio Verify,false,,,1,false,
OPP-20519,Lumen Travel — New Business — Namilio Verify,ACC-1086,Lumen Travel,Strategic,Sales-Led,EdTech,AMER,Brazil,New Business,Closed Lost,Omitted,2133300,2133300,0,0,2025-08-28,2025-11-10,2025-10-28,13,74,74,true,false,Champion left,LegacyCPaaS,U-008,Felix Lindqvist,AI Assistant Referral,Inbound Marketing,LEAD-12607,CMP-022,4,Namilio Verify,false,,60,7,true,
OPP-20520,Umbra Learning — New Business — Namilio Voice Agents,ACC-1134,Umbra Learning,SMB,Sales-Assisted,Travel,EMEA,Sweden,New Business,Closed Lost,Omitted,23700,23700,0,0,2025-07-28,2025-09-06,2025-08-23,14,40,40,true,false,Timing / budget freeze,,U-006,Zara Hale,Paid Social,Inbound Marketing,LEAD-12608,CMP-010,1,Namilio Voice Agents,true,,,3,true,
OPP-20521,Ember Learning — New Business — Namilio Studio,ACC-1021,Ember Learning,Self-Serve,PLG,E-commerce,AMER,Mexico,New Business,Closed Lost,Omitted,2500,2500,0,0,2026-05-21,2026-05-31,2026-05-30,1,10,10,true,false,No decision,LegacyCPaaS,,Self-Serve (no owner),Paid Search,Inbound Marketing,LEAD-12612,CMP-002,1,Namilio Studio,false,,14,1,false,
OPP-20522,Halcyon Freight — New Business — Namilio Messaging API,ACC-1122,Halcyon Freight,Strategic,Sales-Led,Travel,EMEA,Germany,New Business,Closed Lost,Omitted,2159900,2159900,0,0,2025-11-25,2026-04-13,2026-02-18,54,139,139,true,false,Failed security review,SendGridish,U-008,Felix Lindqvist,Organic Search,Product,LEAD-12620,CMP-013,3,Namilio Messaging API,false,56,10,7,false,
OPP-20523,Ember Care — New Business — Namilio Messaging API,ACC-1046,Ember Care,Strategic,Sales-Led,E-commerce,AMER,United States,New Business,Closed Lost,Omitted,2177300,2177300,0,0,2025-07-28,2026-01-21,2025-11-27,55,177,177,true,false,Built in-house,,U-002,Diego Bright,Conference,Inbound Marketing,LEAD-12621,CMP-036,4,Namilio Messaging API,false,,53,3,true,
OPP-20524,Tundra Care — New Business — Namilio Verify,ACC-1028,Tundra Care,Mid-Market,Sales-Led,Gaming,EMEA,United Kingdom,New Business,Closed Lost,Omitted,108700,108700,0,0,2025-08-30,2025-10-31,2025-10-29,2,62,62,true,false,Lost to competitor,Vocalis,U-009,Zara Chen,Organic Search,Product,LEAD-12622,CMP-013,2,Namilio Verify,false,44,,4,true,
OPP-20525,Dovetail Gaming — New Business — Namilio Studio,ACC-1017,Dovetail Gaming,Mid-Market,Sales-Led,EdTech,AMER,Brazil,New Business,Discovery,Pipeline,49600,49600,12,5952,2026-10-21,2026-12-04,2026-11-20,0,,-21,false,false,,,U-012,Kwame Berg,Outbound Sequence,Outbound,LEAD-12626,CMP-037,1,Namilio Studio,true,,,3,false,POC success criteria sign-off
OPP-20526,Umbra Care — New Business — Namilio Copilot API,ACC-1079,Umbra Care,Self-Serve,PLG,E-commerce,AMER,Canada,New Business,Closed Lost,Omitted,11000,11000,0,0,2025-10-29,2025-11-04,2025-11-02,2,6,6,true,false,Missing feature,,,Self-Serve (no owner),Paid Search,Inbound Marketing,LEAD-12628,CMP-003,1,Namilio Copilot API,false,,,1,false,
OPP-20527,Lumen Freight — New Business — Namilio Connect Enterprise,ACC-1042,Lumen Freight,Strategic,Sales-Led,Real Estate,EMEA,United Kingdom,New Business,Closed Lost,Omitted,2583700,2583700,0,0,2025-07-15,2026-02-13,2025-12-07,68,213,213,true,false,Champion left,SendGridish,U-002,Diego Bright,Customer Referral,Partner / Referral,LEAD-12632,CMP-046,5,Namilio Connect Enterprise,false,23,37,2,false,
OPP-20528,Dovetail Gaming — New Business — Namilio Connect Enterprise,ACC-1017,Dovetail Gaming,Mid-Market,Sales-Led,EdTech,AMER,Brazil,New Business,Closed Won,Closed,98900,98900,100,98900,2026-04-02,2026-06-09,2026-06-08,1,68,68,true,true,,,U-007,Ben Hale,Docs & Quickstarts,Product,LEAD-12654,CMP-025,3,Namilio Connect Enterprise,false,60,19,4,true,
OPP-20529,Halcyon Learning — New Business — Namilio Verify,ACC-1123,Halcyon Learning,Self-Serve,PLG,Gaming,LATAM,Argentina,New Business,Closed Lost,Omitted,2900,2900,0,0,2025-08-31,2025-09-05,2025-09-03,2,5,5,true,false,Champion left,,,Self-Serve (no owner),Conference,Inbound Marketing,LEAD-12660,CMP-036,1,Namilio Verify,false,,7,1,true,
OPP-20530,Juniper Care — New Business — Namilio Messaging API,ACC-1098,Juniper Care,Mid-Market,Sales-Led,Fintech,APAC,Singapore,New Business,Discovery,Pipeline,167300,167300,12,20076,2026-09-13,2026-12-29,2026-11-25,0,,17,false,false,,,U-009,Zara Chen,Webinar,Inbound Marketing,LEAD-12669,CMP-032,3,Namilio Messaging API,true,,,1,false,POC success criteria sign-off
OPP-20531,Harbor Retail — New Business — Namilio Messaging API,ACC-1087,Harbor Retail,SMB,Sales-Assisted,Gaming,APAC,Indonesia,New Business,Closed Lost,Omitted,23300,23300,0,0,2025-12-08,2025-12-28,2025-12-20,8,20,20,true,false,Failed security review,LegacyCPaaS,U-006,Zara Hale,Docs & Quickstarts,Product,LEAD-12672,CMP-023,3,Namilio Messaging API,false,11,,2,false,
OPP-20532,Onyx Retail — New Business — Namilio Verify,ACC-1007,Onyx Retail,Enterprise,Sales-Led,Healthcare,APAC,Japan,New Business,Closed Lost,Omitted,190600,190600,0,0,2025-11-10,2026-03-01,2026-01-31,29,111,111,true,false,Built in-house,,U-010,Ana Iyer,Paid Social,Product,LEAD-12678,CMP-008,3,Namilio Verify,false,45,26,3,false,
OPP-20533,Sable Digital — New Business — Namilio Connect Enterprise,ACC-1035,Sable Digital,SMB,Sales-Assisted,Travel,EMEA,United Kingdom,New Business,Closed Won,Closed,41200,41200,100,41200,2026-05-04,2026-05-23,2026-05-18,5,19,19,true,true,,,U-006,Zara Hale,Organic Search,Inbound Marketing,LEAD-12713,CMP-012,3,Namilio Connect Enterprise,true,51,,3,false,
OPP-20534,Onyx Logistics — New Business — Namilio Copilot API,ACC-1075,Onyx Logistics,Strategic,Sales-Led,Telecom,EMEA,Sweden,New Business,Closed Lost,Omitted,2643200,2643200,0,0,2025-08-15,2026-02-05,2025-12-06,61,174,174,true,false,Missing feature,,U-004,Clara Brandt,Organic Search,Product,LEAD-12720,CMP-012,5,Namilio Copilot API,true,24,74,7,true,
OPP-20535,Lumen Travel — New Business — Namilio Verify,ACC-1086,Lumen Travel,Strategic,Sales-Led,EdTech,AMER,Brazil,New Business,Closed Lost,Omitted,2013100,2013100,0,0,2025-12-17,2026-08-07,2026-05-16,83,233,233,true,false,Price,SendGridish,U-004,Clara Brandt,Partner / Marketplace,Partner / Referral,LEAD-12725,CMP-043,4,Namilio Verify,false,,9,5,false,
OPP-20536,Dovetail Labs — New Business — Namilio Messaging API,ACC-1001,Dovetail Labs,Self-Serve,PLG,E-commerce,EMEA,United Kingdom,New Business,Closed Lost,Omitted,7000,7000,0,0,2025-09-18,2025-10-02,2025-09-26,6,14,14,true,false,Missing feature,,,Self-Serve (no owner),Paid Search,Inbound Marketing,LEAD-12731,CMP-006,1,Namilio Messaging API,false,,10,1,true,
OPP-20537,Dovetail Freight — New Business — Namilio Verify,ACC-1076,Dovetail Freight,Self-Serve,PLG,Travel,AMER,United States,New Business,Closed Lost,Omitted,11000,11000,0,0,2026-01-24,2026-01-30,2026-01-29,1,6,6,true,false,Built in-house,,,Self-Serve (no owner),Docs & Quickstarts,Inbound Marketing,LEAD-12733,CMP-026,1,Namilio Verify,false,,,1,false,
OPP-20538,Onyx Health — New Business — Namilio Studio,ACC-1022,Onyx Health,Mid-Market,Sales-Led,Gaming,EMEA,Sweden,New Business,Proposal / Quote,Commit,174100,174100,68,118388,2026-10-21,2026-11-03,2026-10-31,0,,-21,false,false,,,U-001,Sana Brandt,Outbound Sequence,Outbound,LEAD-12739,CMP-037,2,Namilio Studio,true,8,,5,false,Send security questionnaire
OPP-20539,Ember Care — New Business — Namilio Messaging API,ACC-1046,Ember Care,Strategic,Sales-Led,E-commerce,AMER,United States,New Business,Business Case,Best Case,1912200,1912200,45,860490,2026-10-10,2027-06-09,2027-05-07,0,,-10,false,false,,,U-002,Diego Bright,AI Assistant Referral,Inbound Marketing,LEAD-12740,CMP-020,5,Namilio Messaging API,true,57,88,6,true,Pricing review with deal desk
OPP-20540,Harbor Retail — New Business — Namilio Messaging API,ACC-1087,Harbor Retail,SMB,Sales-Assisted,Gaming,APAC,Indonesia,New Business,Closed Won,Closed,27900,27900,100,27900,2025-11-30,2025-12-31,2025-12-24,7,31,31,true,true,,,U-006,Zara Hale,Developer Community,Inbound Marketing,LEAD-12741,CMP-029,1,Namilio Messaging API,false,10,,1,false,
OPP-20541,Halcyon Market — New Business — Namilio Copilot API,ACC-1065,Halcyon Market,SMB,Sales-Assisted,Public Sector,AMER,Canada,New Business,Closed Lost,Omitted,42600,42600,0,0,2026-02-03,2026-03-08,2026-02-24,12,33,33,true,false,Built in-house,SendGridish,U-014,Priya Hale,Paid Search,Inbound Marketing,LEAD-12744,CMP-005,2,Namilio Copilot API,false,,,5,true,
OPP-20542,Dovetail Works — New Business — Namilio Messaging API,ACC-1072,Dovetail Works,SMB,Sales-Assisted,Public Sector,APAC,India,New Business,Technical Validation,Pipeline,21600,21600,28,6048,2026-09-10,2026-10-19,2026-10-10,0,,20,false,false,,,U-014,Priya Hale,Paid Social,Inbound Marketing,LEAD-12748,CMP-007,3,Namilio Messaging API,true,,,6,false,POC success criteria sign-off
OPP-20543,Vertex Market — New Business — Namilio Connect Enterprise,ACC-1071,Vertex Market,Mid-Market,Sales-Led,SaaS,AMER,Canada,New Business,Closed Won,Closed,172800,172800,100,172800,2025-12-07,2026-01-13,2025-12-29,15,37,37,true,true,,,U-009,Zara Chen,Docs & Quickstarts,Product,LEAD-12754,CMP-025,1,Namilio Connect Enterprise,true,35,3,5,false,
OPP-20544,Orbital Labs — New Business — Namilio Studio,ACC-1059,Orbital Labs,Enterprise,Sales-Led,Insurance,AMER,Brazil,New Business,Discovery,Pipeline,374900,374900,12,44988,2026-07-01,2026-11-19,2026-10-30,0,,91,false,false,,,U-013,Kwame Okafor,Conference,Inbound Marketing,LEAD-12756,CMP-035,2,Namilio Studio,false,43,43,4,false,POC success criteria sign-off
OPP-20545,Ember Market — New Business — Namilio Verify,ACC-1121,Ember Market,SMB,Sales-Assisted,Logistics,EMEA,Sweden,New Business,Closed Won,Closed,26500,26500,100,26500,2025-12-13,2026-01-09,2025-12-29,11,27,27,true,true,,,U-006,Zara Hale,Organic Search,Product,LEAD-12758,CMP-012,1,Namilio Verify,true,,,7,true,
OPP-20546,Tundra Mobility — New Business — Namilio Connect Enterprise,ACC-1012,Tundra Mobility,Mid-Market,Sales-Led,Gaming,AMER,United States,New Business,Closed Lost,Omitted,76600,76600,0,0,2025-06-16,2025-09-04,2025-08-12,23,80,80,true,false,Lost to competitor,,U-012,Kwame Berg,Outbound Sequence,Outbound,LEAD-12764,CMP-039,3,Namilio Connect Enterprise,true,22,,2,true,
OPP-20547,Dovetail Freight — New Business — Namilio Studio,ACC-1076,Dovetail Freight,Self-Serve,PLG,Travel,AMER,United States,New Business,Closed Won,Closed,10600,10600,100,10600,2026-08-16,2026-08-26,2026-08-22,4,10,10,true,true,,,,Self-Serve (no owner),Organic Search,Product,LEAD-12765,CMP-013,1,Namilio Studio,false,,,1,true,
OPP-20548,Sable Works — New Business — Namilio Messaging API,ACC-1125,Sable Works,Strategic,Sales-Led,EdTech,EMEA,Germany,New Business,Closed Lost,Omitted,2462800,2462800,0,0,2026-04-25,2026-09-10,2026-07-18,54,138,138,true,false,Price,Vocalis,U-008,Felix Lindqvist,Customer Referral,Partner / Referral,LEAD-12772,CMP-046,3,Namilio Messaging API,true,33,72,3,true,
OPP-20549,Onyx Retail — New Business — Namilio Connect Enterprise,ACC-1007,Onyx Retail,Enterprise,Sales-Led,Healthcare,APAC,Japan,New Business,Closed Lost,Omitted,686800,686800,0,0,2026-04-03,2026-06-19,2026-06-18,1,77,77,true,false,Price,LegacyCPaaS,U-010,Ana Iyer,AI Assistant Referral,Product,LEAD-12773,CMP-019,1,Namilio Connect Enterprise,true,,72,5,true,
OPP-20550,Cobalt Health — New Business — Namilio Connect Enterprise,ACC-1128,Cobalt Health,Mid-Market,Sales-Led,Insurance,EMEA,UAE,New Business,Closed Lost,Omitted,148900,148900,0,0,2025-07-07,2025-09-12,2025-09-11,1,67,67,true,false,Champion left,LegacyCPaaS,U-009,Zara Chen,Outbound Sequence,Outbound,LEAD-12774,CMP-039,3,Namilio Connect Enterprise,false,24,,6,false,
OPP-20551,Sable Pay — Upsell — Namilio Verify,ACC-1000,Sable Pay,SMB,Sales-Assisted,EdTech,LATAM,Argentina,Upsell,Closed Won,Closed,22700,22700,100,22700,2026-03-21,2026-04-04,2026-04-01,3,14,14,true,true,,,U-006,Zara Hale,Customer Success,Expansion,,,3,Namilio Verify,true,,,3,true,
OPP-20552,Kestrel Travel — Renewal — Namilio Studio,ACC-1003,Kestrel Travel,Self-Serve,PLG,Gaming,APAC,Indonesia,Renewal,Closed Won,Closed,2700,2700,100,2700,2026-07-13,2026-07-25,2026-07-20,5,12,12,true,true,,,U-012,Kwame Berg,Renewal,Renewal,,,1,Namilio Studio,false,,,1,false,
OPP-20553,Kestrel Gaming — Expansion — Namilio Studio,ACC-1004,Kestrel Gaming,SMB,Sales-Assisted,Healthcare,EMEA,Germany,Expansion,Proposal / Quote,Commit,7000,7000,68,4760,2026-08-28,2026-10-16,2026-10-02,0,,33,false,false,,,U-006,Zara Hale,Customer Success,Expansion,,,2,Namilio Studio,false,,,5,true,Exec sponsor intro
OPP-20554,Pallas Digital — Upsell — Namilio Studio,ACC-1005,Pallas Digital,Enterprise,Sales-Led,Insurance,AMER,Brazil,Upsell,Closed Won,Closed,33600,33600,100,33600,2025-07-16,2025-10-21,2025-10-18,3,97,97,true,true,,,U-013,Kwame Okafor,Customer Success,Expansion,,,2,Namilio Studio,false,13,31,2,true,
OPP-20555,Pallas Digital — Expansion — Namilio Messaging API,ACC-1005,Pallas Digital,Enterprise,Sales-Led,Insurance,AMER,Brazil,Expansion,Proposal / Quote,Commit,138800,138800,68,94384,2026-06-11,2026-12-30,2026-10-13,0,,111,false,false,,,U-010,Ana Iyer,Customer Success,Expansion,,,2,Namilio Messaging API,false,,34,4,true,Send security questionnaire
OPP-20556,Onyx Retail — Upsell — Namilio Messaging API,ACC-1007,Onyx Retail,Enterprise,Sales-Led,Healthcare,APAC,Japan,Upsell,Closed Won,Closed,386200,386200,100,386200,2026-01-02,2026-04-25,2026-04-21,4,113,113,true,true,,,U-010,Ana Iyer,Customer Success,Expansion,,,1,Namilio Messaging API,false,,83,3,true,
OPP-20557,Onyx Retail — Upsell — Namilio Messaging API,ACC-1007,Onyx Retail,Enterprise,Sales-Led,Healthcare,APAC,Japan,Upsell,Closed Won,Closed,500200,500200,100,500200,2025-08-14,2026-01-10,2026-01-04,6,149,149,true,true,,,U-010,Ana Iyer,Customer Success,Expansion,,,2,Namilio Messaging API,true,,25,1,true,
OPP-20558,Onyx Retail — Upsell — Namilio Connect Enterprise,ACC-1007,Onyx Retail,Enterprise,Sales-Led,Healthcare,APAC,Japan,Upsell,Business Case,Best Case,293200,293200,45,131940,2026-09-14,2027-04-04,2027-03-01,0,,16,false,false,,,U-010,Ana Iyer,Customer Success,Expansion,,,1,Namilio Connect Enterprise,true,,66,2,false,Awaiting procurement
OPP-20559,Wexler Learning — Expansion — Namilio Verify,ACC-1008,Wexler Learning,SMB,Sales-Assisted,Healthcare,AMER,United States,Expansion,Closed Won,Closed,10000,10000,100,10000,2025-09-25,2025-10-24,2025-10-18,6,29,29,true,true,,,U-003,Clara Qureshi,Customer Success,Expansion,,,2,Namilio Verify,true,28,,4,false,
OPP-20560,Quanta Labs — Upsell — Namilio Verify,ACC-1009,Quanta Labs,Enterprise,Sales-Led,SaaS,EMEA,UAE,Upsell,Closed Won,Closed,205000,205000,100,205000,2025-07-16,2025-09-25,2025-09-11,14,71,71,true,true,,,U-013,Kwame Okafor,Customer Success,Expansion,,,1,Namilio Verify,false,51,29,6,false,
OPP-20561,Quanta Labs — Expansion — Namilio Messaging API,ACC-1009,Quanta Labs,Enterprise,Sales-Led,SaaS,EMEA,UAE,Expansion,Closed Won,Closed,245200,245200,100,245200,2025-09-19,2026-02-19,2026-02-02,17,153,153,true,true,,,U-010,Ana Iyer,Customer Success,Expansion,,,3,Namilio Messaging API,false,50,23,3,true,
OPP-20562,Quanta Labs — Expansion — Namilio Copilot API,ACC-1009,Quanta Labs,Enterprise,Sales-Led,SaaS,EMEA,UAE,Expansion,Closed Lost,Omitted,179100,179100,0,0,2025-05-22,2025-12-04,2025-11-19,15,196,196,true,false,Timing / budget freeze,,U-010,Ana Iyer,Customer Success,Expansion,,,1,Namilio Copilot API,false,,12,2,false,
OPP-20563,North Learning — Renewal — Namilio Studio,ACC-1010,North Learning,Mid-Market,Sales-Led,Logistics,EMEA,UAE,Renewal,Business Case,Best Case,179500,179500,45,80775,2026-09-03,2026-12-06,2026-10-31,0,,27,false,false,,,U-009,Zara Chen,Renewal,Renewal,,,3,Namilio Studio,false,37,,3,false,POC success criteria sign-off
OPP-20564,Harbor Works — Renewal — Namilio Connect Enterprise,ACC-1011,Harbor Works,SMB,Sales-Assisted,Fintech,AMER,United States,Renewal,Closed Lost,Omitted,29900,29900,0,0,2025-09-27,2025-11-03,2025-10-26,8,37,37,true,false,Price,,U-003,Clara Qureshi,Renewal,Renewal,,,3,Namilio Connect Enterprise,true,25,15,3,false,
OPP-20565,Tundra Mobility — Expansion — Namilio Connect Enterprise,ACC-1012,Tundra Mobility,Mid-Market,Sales-Led,Gaming,AMER,United States,Expansion,Closed Lost,Omitted,41200,41200,0,0,2025-03-04,2025-04-20,2025-04-04,16,47,47,true,false,Price,,U-012,Kwame Berg,Customer Success,Expansion,,,3,Namilio Connect Enterprise,true,,14,4,true,
OPP-20566,Lumen Technologies — Expansion — Namilio Copilot API,ACC-1014,Lumen Technologies,Self-Serve,PLG,SaaS,EMEA,UAE,Expansion,Closed Won,Closed,6500,6500,100,6500,2026-02-17,2026-03-05,2026-02-27,6,16,16,true,true,,,U-014,Priya Hale,Customer Success,Expansion,,,1,Namilio Copilot API,false,,11,1,false,
OPP-20567,Umbra Bank — Upsell — Namilio Voice Agents,ACC-1015,Umbra Bank,SMB,Sales-Assisted,Gaming,EMEA,Netherlands,Upsell,Closed Lost,Omitted,8700,8700,0,0,2026-02-12,2026-03-15,2026-03-09,6,31,31,true,false,Timing / budget freeze,,U-014,Priya Hale,Customer Success,Expansion,,,1,Namilio Voice Agents,true,54,8,1,true,
OPP-20568,Onyx Health — Renewal — Namilio Verify,ACC-1022,Onyx Health,Mid-Market,Sales-Led,Gaming,EMEA,Sweden,Renewal,Closed Lost,Omitted,102000,102000,0,0,2026-03-28,2026-04-24,2026-04-20,4,27,27,true,false,Lost to competitor,,U-009,Zara Chen,Renewal,Renewal,,,2,Namilio Verify,true,14,,3,true,
OPP-20569,Sable Mobility — Renewal — Namilio Connect Enterprise,ACC-1023,Sable Mobility,Strategic,Sales-Led,Fintech,EMEA,Germany,Renewal,Discovery,Pipeline,2121200,2121200,12,254544,2026-06-20,2026-12-21,2026-11-02,0,,102,false,false,,,U-004,Clara Brandt,Renewal,Renewal,,,5,Namilio Connect Enterprise,false,8,24,1,false,Schedule technical deep dive
OPP-20570,Sable Mobility — Expansion — Namilio Verify,ACC-1023,Sable Mobility,Strategic,Sales-Led,Fintech,EMEA,Germany,Expansion,Business Case,Best Case,452000,452000,45,203400,2026-05-06,2026-12-25,2026-11-14,0,,147,false,false,,,U-004,Clara Brandt,Customer Success,Expansion,,,5,Namilio Verify,true,52,83,7,true,Exec sponsor intro
OPP-20571,Sable Mobility — Expansion — Namilio Studio,ACC-1023,Sable Mobility,Strategic,Sales-Led,Fintech,EMEA,Germany,Expansion,Business Case,Best Case,1398500,1398500,45,629325,2026-06-25,2027-01-01,2026-10-20,0,,97,false,false,,,U-002,Diego Bright,Customer Success,Expansion,,,5,Namilio Studio,false,,35,1,true,Pricing review with deal desk
OPP-20572,Sable Mobility — Renewal — Namilio Verify,ACC-1023,Sable Mobility,Strategic,Sales-Led,Fintech,EMEA,Germany,Renewal,Business Case,Best Case,2162500,2162500,45,973125,2026-09-06,2027-08-30,2027-07-22,0,,24,false,false,,,U-008,Felix Lindqvist,Renewal,Renewal,,,3,Namilio Verify,false,37,22,6,true,Pricing review with deal desk
OPP-20573,Dovetail Health — Expansion — Namilio Connect Enterprise,ACC-1024,Dovetail Health,SMB,Sales-Assisted,E-commerce,EMEA,Spain,Expansion,Closed Won,Closed,8500,8500,100,8500,2025-07-25,2025-08-22,2025-08-14,8,28,28,true,true,,,U-006,Zara Hale,Customer Success,Expansion,,,2,Namilio Connect Enterprise,false,10,,1,true,
OPP-20574,Orbital Health — Renewal — Namilio Verify,ACC-1026,Orbital Health,SMB,Sales-Assisted,Insurance,APAC,Australia,Renewal,Closed Won,Closed,33400,33400,100,33400,2026-08-05,2026-08-19,2026-08-14,5,14,14,true,true,,,U-005,Maya Diallo,Renewal,Renewal,,,2,Namilio Verify,true,,,6,false,
OPP-20575,Quanta Digital — Expansion — Namilio Copilot API,ACC-1027,Quanta Digital,Enterprise,Sales-Led,Gaming,EMEA,Netherlands,Expansion,Closed Won,Closed,564400,564400,100,564400,2025-03-30,2025-07-28,2025-07-10,18,120,120,true,true,,,U-010,Ana Iyer,Customer Success,Expansion,,,1,Namilio Copilot API,false,,24,5,false,
OPP-20576,Cobalt Learning — Renewal — Namilio Messaging API,ACC-1031,Cobalt Learning,SMB,Sales-Assisted,E-commerce,AMER,Brazil,Renewal,Closed Won,Closed,44800,44800,100,44800,2024-12-23,2025-01-18,2025-01-10,8,26,26,true,true,,,U-006,Zara Hale,Renewal,Renewal,,,3,Namilio Messaging API,true,41,3,7,true,
OPP-20577,Tundra Retail — Renewal — Namilio Studio,ACC-1032,Tundra Retail,Self-Serve,PLG,Real Estate,EMEA,Sweden,Renewal,Closed Won,Closed,4700,4700,100,4700,2026-09-02,2026-09-10,2026-09-08,2,8,8,true,true,,,U-001,Sana Brandt,Renewal,Renewal,,,1,Namilio Studio,false,,,1,false,
OPP-20578,Sable Labs — Renewal — Namilio Studio,ACC-1034,Sable Labs,Mid-Market,Sales-Led,Telecom,EMEA,UAE,Renewal,Closed Lost,Omitted,73100,73100,0,0,2026-06-15,2026-09-12,2026-08-30,13,89,89,true,false,Timing / budget freeze,SendGridish,U-011,Ben Moreno,Renewal,Renewal,,,1,Namilio Studio,true,,,4,false,
OPP-20579,Sable Digital — Expansion — Namilio Connect Enterprise,ACC-1035,Sable Digital,SMB,Sales-Assisted,Travel,EMEA,United Kingdom,Expansion,Closed Won,Closed,19200,19200,100,19200,2025-06-07,2025-07-13,2025-07-06,7,36,36,true,true,,,U-014,Priya Hale,Customer Success,Expansion,,,3,Namilio Connect Enterprise,true,36,17,4,false,
OPP-20580,Tundra Market — Upsell — Namilio Verify,ACC-1036,Tundra Market,Self-Serve,PLG,Telecom,EMEA,Spain,Upsell,Closed Won,Closed,600,600,100,600,2026-07-28,2026-08-09,2026-08-08,1,12,12,true,true,,,U-009,Zara Chen,Customer Success,Expansion,,,1,Namilio Verify,false,,,1,false,
OPP-20581,Sable Retail — Renewal — Namilio Messaging API,ACC-1037,Sable Retail,Self-Serve,PLG,Gaming,AMER,Canada,Renewal,Technical Validation,Pipeline,11300,11300,28,3164,2026-09-14,2026-10-02,2026-09-28,2,,16,false,false,,,U-011,Ben Moreno,Renewal,Renewal,,,1,Namilio Messaging API,false,,,1,true,POC success criteria sign-off
OPP-20582,Vantage Pay — Renewal — Namilio Verify,ACC-1039,Vantage Pay,Enterprise,Sales-Led,Telecom,AMER,Brazil,Renewal,Closed Lost,Omitted,419200,419200,0,0,2025-11-28,2026-04-28,2026-03-06,53,151,151,true,false,Missing feature,,U-013,Kwame Okafor,Renewal,Renewal,,,3,Namilio Verify,true,18,65,2,false,
OPP-20583,Vantage Pay — Renewal — Namilio Connect Enterprise,ACC-1039,Vantage Pay,Enterprise,Sales-Led,Telecom,AMER,Brazil,Renewal,Closed Won,Closed,424200,424200,100,424200,2026-02-24,2026-05-30,2026-04-24,36,95,95,true,true,,,U-013,Kwame Okafor,Renewal,Renewal,,,1,Namilio Connect Enterprise,false,34,32,5,true,
OPP-20584,Lumen Labs — Renewal — Namilio Messaging API,ACC-1041,Lumen Labs,Mid-Market,Sales-Led,Real Estate,APAC,India,Renewal,Closed Won,Closed,84400,84400,100,84400,2026-04-07,2026-06-25,2026-06-02,23,79,79,true,true,,,U-001,Sana Brandt,Renewal,Renewal,,,2,Namilio Messaging API,true,38,,3,false,
OPP-20585,Lumen Freight — Renewal — Namilio Studio,ACC-1042,Lumen Freight,Strategic,Sales-Led,Real Estate,EMEA,United Kingdom,Renewal,Business Case,Best Case,2060400,2060400,45,927180,2026-06-14,2027-01-12,2027-01-09,0,,108,false,false,,,U-008,Felix Lindqvist,Renewal,Renewal,,,3,Namilio Studio,true,,46,6,false,Pricing review with deal desk
OPP-20586,Lumen Freight — Expansion — Namilio Voice Agents,ACC-1042,Lumen Freight,Strategic,Sales-Led,Real Estate,EMEA,United Kingdom,Expansion,Business Case,Best Case,1086900,1086900,45,489105,2026-01-21,2026-10-03,2026-09-27,3,,252,false,false,,,U-002,Diego Bright,Customer Success,Expansion,,,5,Namilio Voice Agents,false,,86,1,false,POC success criteria sign-off
OPP-20587,Lattice Market — Upsell — Namilio Verify,ACC-1043,Lattice Market,Strategic,Sales-Led,Real Estate,AMER,Mexico,Upsell,Closed Lost,Omitted,1303100,1303100,0,0,2025-09-12,2026-04-02,2026-02-05,56,202,202,true,false,No decision,OpenVoice,U-002,Diego Bright,Customer Success,Expansion,,,3,Namilio Verify,true,59,36,4,false,
OPP-20588,Lattice Market — Expansion — Namilio Connect Enterprise,ACC-1043,Lattice Market,Strategic,Sales-Led,Real Estate,AMER,Mexico,Expansion,Closed Lost,Omitted,839800,839800,0,0,2025-10-10,2026-05-06,2026-02-28,67,208,208,true,false,Price,,U-002,Diego Bright,Customer Success,Expansion,,,5,Namilio Connect Enterprise,true,34,77,4,true,
OPP-20589,Lattice Market — Renewal — Namilio Connect Enterprise,ACC-1043,Lattice Market,Strategic,Sales-Led,Real Estate,AMER,Mexico,Renewal,Closed Won,Closed,2120400,2120400,100,2120400,2026-04-10,2026-08-28,2026-07-10,49,140,140,true,true,,,U-004,Clara Brandt,Renewal,Renewal,,,3,Namilio Connect Enterprise,true,30,14,3,true,
OPP-20590,Lattice Market — Upsell — Namilio Verify,ACC-1043,Lattice Market,Strategic,Sales-Led,Real Estate,AMER,Mexico,Upsell,Business Case,Best Case,1003900,1003900,45,451755,2026-02-09,2026-12-07,2026-10-14,0,,233,false,false,,,U-002,Diego Bright,Customer Success,Expansion,,,4,Namilio Verify,true,13,27,1,true,Send security questionnaire
OPP-20591,Ember Care — Upsell — Namilio Messaging API,ACC-1046,Ember Care,Strategic,Sales-Led,E-commerce,AMER,United States,Upsell,Technical Validation,Pipeline,969900,969900,28,271572,2026-07-25,2027-01-31,2026-12-13,0,,67,false,false,,,U-004,Clara Brandt,Customer Success,Expansion,,,4,Namilio Messaging API,false,7,85,6,true,Pricing review with deal desk
OPP-20592,Ember Care — Renewal — Namilio Messaging API,ACC-1046,Ember Care,Strategic,Sales-Led,E-commerce,AMER,United States,Renewal,Business Case,Best Case,1561600,1561600,45,702720,2026-06-02,2027-03-08,2027-02-14,0,,120,false,false,,,U-002,Diego Bright,Renewal,Renewal,,,4,Namilio Messaging API,false,,45,4,true,Send security questionnaire
OPP-20593,Foundry Works — Renewal — Namilio Studio,ACC-1047,Foundry Works,SMB,Sales-Assisted,Logistics,APAC,Indonesia,Renewal,Closed Won,Closed,45500,45500,100,45500,2025-12-26,2026-01-29,2026-01-16,13,34,34,true,true,,,U-003,Clara Qureshi,Renewal,Renewal,,,2,Namilio Studio,false,53,6,2,true,
OPP-20594,Lattice Digital — Renewal — Namilio Messaging API,ACC-1050,Lattice Digital,SMB,Sales-Assisted,Fintech,AMER,Mexico,Renewal,Closed Lost,Omitted,25800,25800,0,0,2026-03-28,2026-04-13,2026-04-10,3,16,16,true,false,No decision,LegacyCPaaS,U-014,Priya Hale,Renewal,Renewal,,,1,Namilio Messaging API,true,28,,1,false,
OPP-20595,Cobalt Gaming — Expansion — Namilio Copilot API,ACC-1051,Cobalt Gaming,Self-Serve,PLG,E-commerce,AMER,United States,Expansion,Closed Won,Closed,1300,1300,100,1300,2026-08-30,2026-09-16,2026-09-12,4,17,17,true,true,,,U-011,Ben Moreno,Customer Success,Expansion,,,1,Namilio Copilot API,false,,,1,true,
OPP-20596,Vertex Travel — Upsell — Namilio Verify,ACC-1052,Vertex Travel,SMB,Sales-Assisted,Insurance,LATAM,Chile,Upsell,Closed Won,Closed,18900,18900,100,18900,2025-09-30,2025-10-28,2025-10-23,5,28,28,true,true,,,U-003,Clara Qureshi,Customer Success,Expansion,,,1,Namilio Verify,true,,,1,false,
OPP-20597,Cinder Market — Expansion — Namilio Voice Agents,ACC-1053,Cinder Market,Self-Serve,PLG,EdTech,LATAM,Colombia,Expansion,Closed Won,Closed,3200,3200,100,3200,2026-07-27,2026-07-31,2026-07-30,1,4,4,true,true,,,U-006,Zara Hale,Customer Success,Expansion,,,1,Namilio Voice Agents,false,,12,1,true,
OPP-20598,Halcyon Digital — Expansion — Namilio Messaging API,ACC-1054,Halcyon Digital,Enterprise,Sales-Led,Gaming,AMER,Brazil,Expansion,Closed Won,Closed,468200,468200,100,468200,2025-09-24,2026-01-08,2025-12-01,38,106,106,true,true,,,U-013,Kwame Okafor,Customer Success,Expansion,,,3,Namilio Messaging API,true,62,75,1,false,
OPP-20599,Halcyon Digital — Renewal — Namilio Messaging API,ACC-1054,Halcyon Digital,Enterprise,Sales-Led,Gaming,AMER,Brazil,Renewal,Closed Won,Closed,959500,959500,100,959500,2026-01-27,2026-02-09,2026-02-08,1,13,13,true,true,,,U-010,Ana Iyer,Renewal,Renewal,,,1,Namilio Messaging API,false,33,64,7,true,
OPP-20600,Foundry Bank — Renewal — Namilio Voice Agents,ACC-1055,Foundry Bank,SMB,Sales-Assisted,Gaming,EMEA,UAE,Renewal,Closed Lost,Omitted,31000,31000,0,0,2026-04-26,2026-05-19,2026-05-14,5,23,23,true,false,Timing / budget freeze,TalkStack,U-003,Clara Qureshi,Renewal,Renewal,,,1,Namilio Voice Agents,false,,,3,true,
OPP-20601,Ember Group — Renewal — Namilio Copilot API,ACC-1057,Ember Group,SMB,Sales-Assisted,EdTech,AMER,Canada,Renewal,Closed Lost,Omitted,29200,29200,0,0,2026-01-14,2026-02-19,2026-02-05,14,36,36,true,false,Price,,U-003,Clara Qureshi,Renewal,Renewal,,,1,Namilio Copilot API,true,,,1,true,
OPP-20602,Wexler Gaming — Renewal — Namilio Copilot API,ACC-1058,Wexler Gaming,SMB,Sales-Assisted,Gaming,AMER,Mexico,Renewal,Closed Lost,Omitted,17400,17400,0,0,2025-08-29,2025-09-05,2025-09-04,1,7,7,true,false,Timing / budget freeze,SendGridish,U-006,Zara Hale,Renewal,Renewal,,,2,Namilio Copilot API,true,46,5,3,true,
OPP-20603,Orbital Labs — Expansion — Namilio Studio,ACC-1059,Orbital Labs,Enterprise,Sales-Led,Insurance,AMER,Brazil,Expansion,Negotiation,Commit,241900,241900,82,198358,2026-09-02,2026-11-10,2026-10-23,0,,28,false,false,,,U-013,Kwame Okafor,Customer Success,Expansion,,,1,Namilio Studio,true,56,24,1,false,Awaiting procurement
OPP-20604,Halcyon Works — Upsell — Namilio Studio,ACC-1062,Halcyon Works,SMB,Sales-Assisted,E-commerce,EMEA,Sweden,Upsell,Closed Won,Closed,10100,10100,100,10100,2025-10-12,2025-11-07,2025-10-31,7,26,26,true,true,,,U-003,Clara Qureshi,Customer Success,Expansion,,,3,Namilio Studio,false,37,,7,false,
OPP-20605,North Digital — Expansion — Namilio Copilot API,ACC-1064,North Digital,Mid-Market,Sales-Led,Travel,EMEA,UAE,Expansion,Closed Won,Closed,55600,55600,100,55600,2025-12-31,2026-03-31,2026-03-10,21,90,90,true,true,,,U-001,Sana Brandt,Customer Success,Expansion,,,2,Namilio Copilot API,false,49,10,6,false,
OPP-20606,Halcyon Market — Renewal — Namilio Studio,ACC-1065,Halcyon Market,SMB,Sales-Assisted,Public Sector,AMER,Canada,Renewal,Closed Won,Closed,41100,41100,100,41100,2026-04-08,2026-05-10,2026-05-08,2,32,32,true,true,,,U-003,Clara Qureshi,Renewal,Renewal,,,3,Namilio Studio,true,,,7,true,
OPP-20607,Dovetail Mobility — Renewal — Namilio Connect Enterprise,ACC-1067,Dovetail Mobility,Strategic,Sales-Led,Insurance,EMEA,Netherlands,Renewal,Closed Won,Closed,2277400,2277400,100,2277400,2025-09-11,2026-02-21,2025-12-30,53,163,163,true,true,,,U-004,Clara Brandt,Renewal,Renewal,,,5,Namilio Connect Enterprise,false,,36,2,true,
OPP-20608,Dovetail Mobility — Upsell — Namilio Studio,ACC-1067,Dovetail Mobility,Strategic,Sales-Led,Insurance,EMEA,Netherlands,Upsell,Closed Won,Closed,299100,299100,100,299100,2024-12-31,2025-08-03,2025-07-04,30,215,215,true,true,,,U-008,Felix Lindqvist,Customer Success,Expansion,,,4,Namilio Studio,false,12,75,4,false,
OPP-20609,Tundra Insure — Renewal — Namilio Voice Agents,ACC-1070,Tundra Insure,SMB,Sales-Assisted,Real Estate,EMEA,Spain,Renewal,Discovery,Pipeline,35600,35600,12,4272,2026-08-25,2026-10-01,2026-09-27,3,,36,false,false,,,U-006,Zara Hale,Renewal,Renewal,,,1,Namilio Voice Agents,false,43,8,4,true,Exec sponsor intro
OPP-20610,Onyx Works — Expansion — Namilio Studio,ACC-1073,Onyx Works,Enterprise,Sales-Led,Fintech,EMEA,Spain,Expansion,Closed Lost,Omitted,94000,94000,0,0,2025-08-29,2025-12-29,2025-11-19,40,122,122,true,false,Price,TalkStack,U-010,Ana Iyer,Customer Success,Expansion,,,2,Namilio Studio,false,31,86,2,true,
OPP-20611,Aster Works — Renewal — Namilio Voice Agents,ACC-1074,Aster Works,Strategic,Sales-Led,Insurance,EMEA,Netherlands,Renewal,Closed Won,Closed,2832100,2832100,100,2832100,2025-04-24,2025-10-18,2025-08-30,49,177,177,true,true,,,U-008,Felix Lindqvist,Renewal,Renewal,,,3,Namilio Voice Agents,true,,44,2,true,
OPP-20612,Aster Works — Expansion — Namilio Studio,ACC-1074,Aster Works,Strategic,Sales-Led,Insurance,EMEA,Netherlands,Expansion,Business Case,Best Case,569400,569400,45,256230,2026-07-21,2027-01-28,2026-12-25,0,,71,false,false,,,U-002,Diego Bright,Customer Success,Expansion,,,3,Namilio Studio,false,14,12,3,true,Awaiting procurement
OPP-20613,Aster Works — Renewal — Namilio Copilot API,ACC-1074,Aster Works,Strategic,Sales-Led,Insurance,EMEA,Netherlands,Renewal,Closed Won,Closed,2620600,2620600,100,2620600,2026-03-28,2026-09-26,2026-07-21,67,182,182,true,true,,,U-002,Diego Bright,Renewal,Renewal,,,5,Namilio Copilot API,false,42,15,4,true,
OPP-20614,Onyx Logistics — Renewal — Namilio Connect Enterprise,ACC-1075,Onyx Logistics,Strategic,Sales-Led,Telecom,EMEA,Sweden,Renewal,Closed Won,Closed,2970800,2970800,100,2970800,2025-10-17,2026-03-18,2026-02-20,26,152,152,true,true,,,U-004,Clara Brandt,Renewal,Renewal,,,5,Namilio Connect Enterprise,true,,12,7,true,
OPP-20615,Onyx Logistics — Renewal — Namilio Verify,ACC-1075,Onyx Logistics,Strategic,Sales-Led,Telecom,EMEA,Sweden,Renewal,Closed Won,Closed,2628800,2628800,100,2628800,2025-04-11,2025-12-23,2025-11-27,26,256,256,true,true,,,U-004,Clara Brandt,Renewal,Renewal,,,3,Namilio Verify,true,62,42,4,false,
OPP-20616,Onyx Logistics — Expansion — Namilio Messaging API,ACC-1075,Onyx Logistics,Strategic,Sales-Led,Telecom,EMEA,Sweden,Expansion,Closed Won,Closed,807900,807900,100,807900,2025-12-16,2026-05-30,2026-05-27,3,165,165,true,true,,,U-004,Clara Brandt,Customer Success,Expansion,,,4,Namilio Messaging API,false,31,34,7,false,
OPP-20617,Onyx Logistics — Expansion — Namilio Studio,ACC-1075,Onyx Logistics,Strategic,Sales-Led,Telecom,EMEA,Sweden,Expansion,Discovery,Pipeline,1095800,1095800,12,131496,2026-04-21,2026-10-07,2026-09-28,2,,162,false,false,,,U-008,Felix Lindqvist,Customer Success,Expansion,,,4,Namilio Studio,true,8,38,2,true,Exec sponsor intro
OPP-20618,Vantage Insure — Renewal — Namilio Verify,ACC-1077,Vantage Insure,Mid-Market,Sales-Led,Travel,AMER,Canada,Renewal,Closed Won,Closed,133500,133500,100,133500,2025-04-23,2025-06-05,2025-05-21,15,43,43,true,true,,,U-009,Zara Chen,Renewal,Renewal,,,1,Namilio Verify,true,45,,6,true,
OPP-20619,Solstice Care — Expansion — Namilio Connect Enterprise,ACC-1082,Solstice Care,Enterprise,Sales-Led,E-commerce,APAC,Indonesia,Expansion,Closed Lost,Omitted,159700,159700,0,0,2026-04-02,2026-06-04,2026-05-23,12,63,63,true,false,Built in-house,,U-013,Kwame Okafor,Customer Success,Expansion,,,1,Namilio Connect Enterprise,true,,24,5,false,
OPP-20620,Solstice Care — Expansion — Namilio Messaging API,ACC-1082,Solstice Care,Enterprise,Sales-Led,E-commerce,APAC,Indonesia,Expansion,Discovery,Pipeline,86700,86700,12,10404,2026-06-06,2027-01-14,2026-11-16,0,,116,false,false,,,U-013,Kwame Okafor,Customer Success,Expansion,,,3,Namilio Messaging API,false,42,33,7,true,Send security questionnaire
OPP-20621,Solstice Care — Renewal — Namilio Connect Enterprise,ACC-1082,Solstice Care,Enterprise,Sales-Led,E-commerce,APAC,Indonesia,Renewal,Closed Won,Closed,276900,276900,100,276900,2026-03-12,2026-09-10,2026-07-11,61,182,182,true,true,,,U-013,Kwame Okafor,Renewal,Renewal,,,1,Namilio Connect Enterprise,false,44,15,5,true,
OPP-20622,Lumen Travel — Renewal — Namilio Connect Enterprise,ACC-1086,Lumen Travel,Strategic,Sales-Led,EdTech,AMER,Brazil,Renewal,Proposal / Quote,Commit,1512400,1512400,68,1028432,2026-06-26,2027-03-02,2027-02-11,0,,96,false,false,,,U-008,Felix Lindqvist,Renewal,Renewal,,,4,Namilio Connect Enterprise,true,60,37,3,true,Schedule technical deep dive
OPP-20623,Lumen Travel — Renewal — Namilio Verify,ACC-1086,Lumen Travel,Strategic,Sales-Led,EdTech,AMER,Brazil,Renewal,Closed Won,Closed,1350500,1350500,100,1350500,2025-10-17,2025-12-22,2025-11-28,24,66,66,true,true,,,U-002,Diego Bright,Renewal,Renewal,,,4,Namilio Verify,false,51,22,3,true,
OPP-20624,Beacon Works — Upsell — Namilio Connect Enterprise,ACC-1088,Beacon Works,SMB,Sales-Assisted,Fintech,APAC,Australia,Upsell,Closed Lost,Omitted,16500,16500,0,0,2026-01-08,2026-01-23,2026-01-18,5,15,15,true,false,No decision,OpenVoice,U-003,Clara Qureshi,Customer Success,Expansion,,,1,Namilio Connect Enterprise,true,38,7,1,true,
OPP-20625,Kestrel Group — Expansion — Namilio Messaging API,ACC-1089,Kestrel Group,SMB,Sales-Assisted,Gaming,AMER,Canada,Expansion,Closed Lost,Omitted,11400,11400,0,0,2025-07-12,2025-08-14,2025-08-10,4,33,33,true,false,Failed security review,,U-006,Zara Hale,Customer Success,Expansion,,,3,Namilio Messaging API,true,,,6,true,
OPP-20626,Lattice Insure — Renewal — Namilio Verify,ACC-1092,Lattice Insure,SMB,Sales-Assisted,Travel,AMER,Canada,Renewal,Closed Won,Closed,39100,39100,100,39100,2026-04-12,2026-04-16,2026-04-15,1,4,4,true,true,,,U-003,Clara Qureshi,Renewal,Renewal,,,2,Namilio Verify,true,31,7,6,true,
OPP-20627,Rivet Technologies — Renewal — Namilio Verify,ACC-1093,Rivet Technologies,Enterprise,Sales-Led,Travel,AMER,United States,Renewal,Closed Won,Closed,552900,552900,100,552900,2025-03-30,2025-08-11,2025-08-02,9,134,134,true,true,,,U-013,Kwame Okafor,Renewal,Renewal,,,2,Namilio Verify,true,,77,2,false,
OPP-20628,Halcyon Labs — Renewal — Namilio Verify,ACC-1095,Halcyon Labs,Enterprise,Sales-Led,Logistics,APAC,Singapore,Renewal,Closed Won,Closed,699100,699100,100,699100,2026-05-10,2026-05-15,2026-05-14,1,5,5,true,true,,,U-010,Ana Iyer,Renewal,Renewal,,,3,Namilio Verify,true,,60,3,true,
OPP-20629,Aster Pay — Renewal — Namilio Messaging API,ACC-1097,Aster Pay,SMB,Sales-Assisted,Healthcare,EMEA,Germany,Renewal,Closed Won,Closed,13500,13500,100,13500,2026-02-15,2026-03-12,2026-03-03,9,25,25,true,true,,,U-014,Priya Hale,Renewal,Renewal,,,3,Namilio Messaging API,true,,,6,false,
OPP-20630,Orbital Insure — Renewal — Namilio Copilot API,ACC-1099,Orbital Insure,Self-Serve,PLG,Public Sector,APAC,Japan,Renewal,Closed Won,Closed,14000,14000,100,14000,2025-07-26,2025-08-06,2025-08-03,3,11,11,true,true,,,U-011,Ben Moreno,Renewal,Renewal,,,1,Namilio Copilot API,false,,5,1,false,
OPP-20631,Solstice Health — Expansion — Namilio Connect Enterprise,ACC-1100,Solstice Health,Mid-Market,Sales-Led,Fintech,AMER,Brazil,Expansion,Closed Won,Closed,9200,9200,100,9200,2026-07-22,2026-09-27,2026-09-24,3,67,67,true,true,,,U-011,Ben Moreno,Customer Success,Expansion,,,3,Namilio Connect Enterprise,false,,,6,true,
OPP-20632,North Mobility — Expansion — Namilio Verify,ACC-1101,North Mobility,SMB,Sales-Assisted,Logistics,EMEA,Spain,Expansion,Closed Won,Closed,7800,7800,100,7800,2026-04-03,2026-04-18,2026-04-14,4,15,15,true,true,,,U-006,Zara Hale,Customer Success,Expansion,,,1,Namilio Verify,true,58,,4,true,
OPP-20633,Cinder Pay — Renewal — Namilio Connect Enterprise,ACC-1102,Cinder Pay,Mid-Market,Sales-Led,Real Estate,EMEA,Germany,Renewal,Closed Won,Closed,132700,132700,100,132700,2026-06-21,2026-07-03,2026-07-01,2,12,12,true,true,,,U-001,Sana Brandt,Renewal,Renewal,,,2,Namilio Connect Enterprise,true,,,2,true,
OPP-20634,Meridian Group — Upsell — Namilio Voice Agents,ACC-1103,Meridian Group,Enterprise,Sales-Led,Telecom,EMEA,United Kingdom,Upsell,Technical Validation,Pipeline,91300,91300,28,25564,2026-08-11,2027-01-02,2026-11-17,0,,50,false,false,,,U-010,Ana Iyer,Customer Success,Expansion,,,2,Namilio Voice Agents,true,,28,4,true,Send security questionnaire
OPP-20635,Meridian Group — Renewal — Namilio Connect Enterprise,ACC-1103,Meridian Group,Enterprise,Sales-Led,Telecom,EMEA,United Kingdom,Renewal,Discovery,Pipeline,439400,439400,12,52728,2026-06-14,2026-11-26,2026-10-16,0,,108,false,false,,,U-010,Ana Iyer,Renewal,Renewal,,,2,Namilio Connect Enterprise,true,,72,7,true,Schedule technical deep dive
OPP-20636,Meridian Group — Renewal — Namilio Connect Enterprise,ACC-1103,Meridian Group,Enterprise,Sales-Led,Telecom,EMEA,United Kingdom,Renewal,Technical Validation,Pipeline,405500,405500,28,113540,2026-08-14,2026-12-11,2026-12-10,0,,47,false,false,,,U-010,Ana Iyer,Renewal,Renewal,,,1,Namilio Connect Enterprise,false,33,57,3,true,Pricing review with deal desk
OPP-20637,Rivet Cloud — Expansion — Namilio Voice Agents,ACC-1104,Rivet Cloud,Self-Serve,PLG,E-commerce,AMER,Brazil,Expansion,Closed Won,Closed,6300,6300,100,6300,2026-07-17,2026-08-04,2026-07-29,6,18,18,true,true,,,U-013,Kwame Okafor,Customer Success,Expansion,,,1,Namilio Voice Agents,false,,,1,true,
OPP-20638,Wexler Logistics — Upsell — Namilio Verify,ACC-1105,Wexler Logistics,Self-Serve,PLG,Public Sector,APAC,India,Upsell,Closed Won,Closed,2300,2300,100,2300,2025-06-20,2025-07-04,2025-06-29,5,14,14,true,true,,,U-010,Ana Iyer,Customer Success,Expansion,,,1,Namilio Verify,false,,,1,false,
OPP-20639,Aster Market — Expansion — Namilio Copilot API,ACC-1106,Aster Market,SMB,Sales-Assisted,Gaming,EMEA,UAE,Expansion,Closed Lost,Omitted,18100,18100,0,0,2026-08-20,2026-09-14,2026-09-11,3,25,25,true,false,Failed security review,TalkStack,U-003,Clara Qureshi,Customer Success,Expansion,,,2,Namilio Copilot API,true,58,,1,true,
OPP-20640,Beacon Logistics — Renewal — Namilio Voice Agents,ACC-1107,Beacon Logistics,Mid-Market,Sales-Led,Telecom,AMER,United States,Renewal,Closed Won,Closed,54400,54400,100,54400,2024-12-24,2025-03-14,2025-03-02,12,80,80,true,true,,,U-001,Sana Brandt,Renewal,Renewal,,,2,Namilio Voice Agents,true,8,12,3,false,
OPP-20641,Aster Labs — Upsell — Namilio Messaging API,ACC-1108,Aster Labs,Self-Serve,PLG,Logistics,AMER,Brazil,Upsell,Closed Won,Closed,3600,3600,100,3600,2026-07-23,2026-07-29,2026-07-27,2,6,6,true,true,,,U-012,Kwame Berg,Customer Success,Expansion,,,1,Namilio Messaging API,false,,,1,true,
OPP-20642,Meridian Health — Expansion — Namilio Voice Agents,ACC-1110,Meridian Health,Enterprise,Sales-Led,SaaS,EMEA,UAE,Expansion,Closed Lost,Omitted,505400,505400,0,0,2026-05-07,2026-08-07,2026-08-03,4,92,92,true,false,Timing / budget freeze,,U-010,Ana Iyer,Customer Success,Expansion,,,1,Namilio Voice Agents,true,19,65,5,true,
OPP-20643,Meridian Health — Expansion — Namilio Voice Agents,ACC-1110,Meridian Health,Enterprise,Sales-Led,SaaS,EMEA,UAE,Expansion,Closed Won,Closed,365400,365400,100,365400,2026-04-07,2026-09-18,2026-08-25,24,164,164,true,true,,,U-010,Ana Iyer,Customer Success,Expansion,,,1,Namilio Voice Agents,true,7,29,7,false,
OPP-20644,Cobalt Labs — Renewal — Namilio Voice Agents,ACC-1112,Cobalt Labs,Mid-Market,Sales-Led,Fintech,LATAM,Argentina,Renewal,Closed Won,Closed,155400,155400,100,155400,2025-12-27,2026-03-16,2026-03-12,4,79,79,true,true,,,U-011,Ben Moreno,Renewal,Renewal,,,1,Namilio Voice Agents,true,22,,4,true,
OPP-20645,Rivet Learning — Upsell — Namilio Studio,ACC-1113,Rivet Learning,Mid-Market,Sales-Led,Gaming,LATAM,Argentina,Upsell,Closed Lost,Omitted,39600,39600,0,0,2025-08-04,2025-10-06,2025-09-28,8,63,63,true,false,Lost to competitor,,U-007,Ben Hale,Customer Success,Expansion,,,3,Namilio Studio,true,,,5,false,
OPP-20646,Quanta Systems — Upsell — Namilio Copilot API,ACC-1114,Quanta Systems,Strategic,Sales-Led,Travel,AMER,Brazil,Upsell,Discovery,Pipeline,1770700,1770700,12,212484,2026-06-27,2026-12-27,2026-12-03,0,,95,false,false,,,U-004,Clara Brandt,Customer Success,Expansion,,,4,Namilio Copilot API,true,,47,3,true,POC success criteria sign-off
OPP-20647,Quanta Systems — Renewal — Namilio Messaging API,ACC-1114,Quanta Systems,Strategic,Sales-Led,Travel,AMER,Brazil,Renewal,Discovery,Pipeline,2987400,2987400,12,358488,2026-08-15,2027-01-31,2027-01-02,0,,46,false,false,,,U-004,Clara Brandt,Renewal,Renewal,,,4,Namilio Messaging API,false,,44,1,true,Awaiting procurement
OPP-20648,Quanta Systems — Renewal — Namilio Studio,ACC-1114,Quanta Systems,Strategic,Sales-Led,Travel,AMER,Brazil,Renewal,Business Case,Best Case,3488200,3488200,45,1569690,2026-08-21,2026-12-20,2026-12-17,0,,40,false,false,,,U-004,Clara Brandt,Renewal,Renewal,,,3,Namilio Studio,false,45,17,2,true,POC success criteria sign-off
OPP-20649,Quanta Systems — Expansion — Namilio Connect Enterprise,ACC-1114,Quanta Systems,Strategic,Sales-Led,Travel,AMER,Brazil,Expansion,Discovery,Pipeline,1624900,1624900,12,194988,2026-07-22,2027-01-24,2026-11-21,0,,70,false,false,,,U-008,Felix Lindqvist,Customer Success,Expansion,,,3,Namilio Connect Enterprise,true,,83,2,false,Send security questionnaire
OPP-20650,Onyx Group — Upsell — Namilio Messaging API,ACC-1115,Onyx Group,SMB,Sales-Assisted,Public Sector,AMER,Brazil,Upsell,Closed Won,Closed,5900,5900,100,5900,2026-01-16,2026-02-16,2026-02-13,3,31,31,true,true,,,U-005,Maya Diallo,Customer Success,Expansion,,,3,Namilio Messaging API,true,,,7,false,
OPP-20651,Tundra Digital — Renewal — Namilio Messaging API,ACC-1116,Tundra Digital,Enterprise,Sales-Led,Public Sector,AMER,Canada,Renewal,Closed Won,Closed,686900,686900,100,686900,2025-02-09,2025-05-04,2025-05-01,3,84,84,true,true,,,U-013,Kwame Okafor,Renewal,Renewal,,,3,Namilio Messaging API,false,9,85,3,false,
OPP-20652,Tundra Digital — Upsell — Namilio Connect Enterprise,ACC-1116,Tundra Digital,Enterprise,Sales-Led,Public Sector,AMER,Canada,Upsell,Closed Lost,Omitted,220000,220000,0,0,2024-10-16,2025-03-01,2025-01-14,46,136,136,true,false,No decision,Vocalis,U-010,Ana Iyer,Customer Success,Expansion,,,2,Namilio Connect Enterprise,false,17,76,5,false,
OPP-20653,Tundra Digital — Expansion — Namilio Messaging API,ACC-1116,Tundra Digital,Enterprise,Sales-Led,Public Sector,AMER,Canada,Expansion,Discovery,Pipeline,313600,313600,12,37632,2026-05-24,2026-10-11,2026-08-30,31,,129,false,false,,,U-010,Ana Iyer,Customer Success,Expansion,,,3,Namilio Messaging API,true,45,41,1,true,Send security questionnaire
OPP-20654,Rivet Pay — Expansion — Namilio Voice Agents,ACC-1118,Rivet Pay,Strategic,Sales-Led,Real Estate,AMER,Canada,Expansion,Closed Won,Closed,337800,337800,100,337800,2026-06-02,2026-09-13,2026-09-04,9,103,103,true,true,,,U-004,Clara Brandt,Customer Success,Expansion,,,5,Namilio Voice Agents,true,56,37,2,true,
OPP-20655,Rivet Pay — Expansion — Namilio Copilot API,ACC-1118,Rivet Pay,Strategic,Sales-Led,Real Estate,AMER,Canada,Expansion,Closed Won,Closed,525700,525700,100,525700,2025-02-19,2026-01-09,2025-09-22,109,324,324,true,true,,,U-004,Clara Brandt,Customer Success,Expansion,,,5,Namilio Copilot API,false,25,50,7,true,
OPP-20656,Ember Logistics — Upsell — Namilio Voice Agents,ACC-1119,Ember Logistics,Enterprise,Sales-Led,E-commerce,AMER,United States,Upsell,Closed Lost,Omitted,545000,545000,0,0,2025-09-13,2025-12-07,2025-11-11,26,85,85,true,false,Champion left,SendGridish,U-013,Kwame Okafor,Customer Success,Expansion,,,3,Namilio Voice Agents,false,,34,7,true,
OPP-20657,Ember Logistics — Renewal — Namilio Voice Agents,ACC-1119,Ember Logistics,Enterprise,Sales-Led,E-commerce,AMER,United States,Renewal,Closed Won,Closed,865800,865800,100,865800,2025-07-01,2025-09-30,2025-09-28,2,91,91,true,true,,,U-013,Kwame Okafor,Renewal,Renewal,,,2,Namilio Voice Agents,false,47,69,1,false,
OPP-20658,Pallas Insure — Expansion — Namilio Studio,ACC-1120,Pallas Insure,Mid-Market,Sales-Led,EdTech,AMER,United States,Expansion,Closed Won,Closed,30300,30300,100,30300,2025-11-14,2026-02-18,2026-02-04,14,96,96,true,true,,,U-009,Zara Chen,Customer Success,Expansion,,,3,Namilio Studio,true,45,10,1,false,
OPP-20659,Halcyon Freight — Expansion — Namilio Copilot API,ACC-1122,Halcyon Freight,Strategic,Sales-Led,Travel,EMEA,Germany,Expansion,Business Case,Best Case,332200,332200,45,149490,2026-02-10,2026-11-27,2026-09-30,0,,232,false,false,,,U-004,Clara Brandt,Customer Success,Expansion,,,4,Namilio Copilot API,false,,88,4,false,Send security questionnaire
OPP-20660,Halcyon Freight — Expansion — Namilio Verify,ACC-1122,Halcyon Freight,Strategic,Sales-Led,Travel,EMEA,Germany,Expansion,Closed Lost,Omitted,373700,373700,0,0,2025-09-09,2026-04-02,2026-01-24,68,205,205,true,false,Champion left,Vocalis,U-002,Diego Bright,Customer Success,Expansion,,,4,Namilio Verify,false,,21,7,true,
OPP-20661,Cobalt Technologies — Upsell — Namilio Copilot API,ACC-1124,Cobalt Technologies,Mid-Market,Sales-Led,Gaming,AMER,United States,Upsell,Closed Lost,Omitted,21600,21600,0,0,2024-11-25,2024-12-31,2024-12-23,8,36,36,true,false,Built in-house,Vocalis,U-001,Sana Brandt,Customer Success,Expansion,,,3,Namilio Copilot API,false,,,1,true,
OPP-20662,Sable Works — Upsell — Namilio Studio,ACC-1125,Sable Works,Strategic,Sales-Led,EdTech,EMEA,Germany,Upsell,Discovery,Pipeline,1085300,1085300,12,130236,2026-07-23,2027-03-23,2027-03-19,0,,69,false,false,,,U-002,Diego Bright,Customer Success,Expansion,,,4,Namilio Studio,false,20,55,5,true,Schedule technical deep dive
OPP-20663,Sable Works — Upsell — Namilio Messaging API,ACC-1125,Sable Works,Strategic,Sales-Led,EdTech,EMEA,Germany,Upsell,Proposal / Quote,Commit,281800,281800,68,191624,2026-08-24,2027-02-12,2027-01-12,0,,37,false,false,,,U-004,Clara Brandt,Customer Success,Expansion,,,4,Namilio Messaging API,false,23,39,4,true,Exec sponsor intro
OPP-20664,Sable Works — Upsell — Namilio Studio,ACC-1125,Sable Works,Strategic,Sales-Led,EdTech,EMEA,Germany,Upsell,Business Case,Best Case,1064000,1064000,45,478800,2026-09-01,2026-12-14,2026-11-17,0,,29,false,false,,,U-008,Felix Lindqvist,Customer Success,Expansion,,,4,Namilio Studio,false,,42,5,true,Pricing review with deal desk
OPP-20665,Quanta Travel — Renewal — Namilio Voice Agents,ACC-1127,Quanta Travel,SMB,Sales-Assisted,Travel,APAC,Indonesia,Renewal,Closed Won,Closed,12000,12000,100,12000,2026-06-23,2026-07-21,2026-07-11,10,28,28,true,true,,,U-003,Clara Qureshi,Renewal,Renewal,,,1,Namilio Voice Agents,false,62,3,7,false,
OPP-20666,Cobalt Health — Expansion — Namilio Voice Agents,ACC-1128,Cobalt Health,Mid-Market,Sales-Led,Insurance,EMEA,UAE,Expansion,Closed Lost,Omitted,46600,46600,0,0,2026-07-26,2026-09-03,2026-08-20,14,39,39,true,false,Failed security review,,U-009,Zara Chen,Customer Success,Expansion,,,3,Namilio Voice Agents,false,,,3,true,
OPP-20667,Vertex Pay — Renewal — Namilio Studio,ACC-1129,Vertex Pay,Self-Serve,PLG,SaaS,APAC,Indonesia,Renewal,Closed Won,Closed,9600,9600,100,9600,2026-06-06,2026-06-21,2026-06-15,6,15,15,true,true,,,U-014,Priya Hale,Renewal,Renewal,,,1,Namilio Studio,false,,,1,false,
OPP-20668,Cobalt Bank — Expansion — Namilio Verify,ACC-1130,Cobalt Bank,SMB,Sales-Assisted,Real Estate,LATAM,Argentina,Expansion,Closed Lost,Omitted,8700,8700,0,0,2025-05-23,2025-06-05,2025-06-01,4,13,13,true,false,Champion left,,U-014,Priya Hale,Customer Success,Expansion,,,3,Namilio Verify,true,51,,6,false,
OPP-20669,Cinder Travel — Expansion — Namilio Connect Enterprise,ACC-1133,Cinder Travel,Mid-Market,Sales-Led,E-commerce,APAC,Australia,Expansion,Closed Won,Closed,108700,108700,100,108700,2025-11-13,2026-01-29,2026-01-04,25,77,77,true,true,,,U-001,Sana Brandt,Customer Success,Expansion,,,2,Namilio Connect Enterprise,true,,,5,false,
OPP-20670,Umbra Learning — Expansion — Namilio Verify,ACC-1134,Umbra Learning,SMB,Sales-Assisted,Travel,EMEA,Sweden,Expansion,Closed Won,Closed,10900,10900,100,10900,2026-08-01,2026-08-28,2026-08-25,3,27,27,true,true,,,U-014,Priya Hale,Customer Success,Expansion,,,2,Namilio Verify,false,,,3,false,
OPP-20671,Cinder Learning — Renewal — Namilio Messaging API,ACC-1135,Cinder Learning,Enterprise,Sales-Led,EdTech,EMEA,Spain,Renewal,Closed Won,Closed,501000,501000,100,501000,2026-06-10,2026-09-06,2026-08-05,32,88,88,true,true,,,U-013,Kwame Okafor,Renewal,Renewal,,,3,Namilio Messaging API,false,40,52,7,true,
OPP-20672,Cinder Learning — Upsell — Namilio Voice Agents,ACC-1135,Cinder Learning,Enterprise,Sales-Led,EdTech,EMEA,Spain,Upsell,Closed Lost,Omitted,248400,248400,0,0,2026-06-17,2026-06-21,2026-06-20,1,4,4,true,false,Timing / budget freeze,,U-010,Ana Iyer,Customer Success,Expansion,,,2,Namilio Voice Agents,false,,40,1,false,
OPP-20673,Cinder Learning — Upsell — Namilio Copilot API,ACC-1135,Cinder Learning,Enterprise,Sales-Led,EdTech,EMEA,Spain,Upsell,Closed Lost,Omitted,266800,266800,0,0,2026-04-23,2026-08-25,2026-07-15,41,124,124,true,false,Price,LegacyCPaaS,U-010,Ana Iyer,Customer Success,Expansion,,,2,Namilio Copilot API,true,7,49,2,false,
OPP-20674,Pallas Health — Renewal — Namilio Verify,ACC-1137,Pallas Health,Mid-Market,Sales-Led,Logistics,APAC,Japan,Renewal,Closed Won,Closed,165000,165000,100,165000,2026-08-05,2026-09-27,2026-09-11,16,53,53,true,true,,,U-012,Kwame Berg,Renewal,Renewal,,,3,Namilio Verify,true,54,,4,true,
OPP-20675,North Insure — Expansion — Namilio Voice Agents,ACC-1138,North Insure,Self-Serve,PLG,Public Sector,AMER,Brazil,Expansion,Closed Won,Closed,2000,2000,100,2000,2026-06-07,2026-06-25,2026-06-18,7,18,18,true,true,,,U-005,Maya Diallo,Customer Success,Expansion,,,1,Namilio Voice Agents,false,,9,1,true,
OPP-20676,Meridian Gaming — Expansion — Namilio Voice Agents,ACC-1139,Meridian Gaming,Enterprise,Sales-Led,EdTech,AMER,Brazil,Expansion,Technical Validation,Pipeline,134900,134900,28,37772,2026-05-25,2026-10-20,2026-09-02,28,,128,false,false,,,U-013,Kwame Okafor,Customer Success,Expansion,,,3,Namilio Voice Agents,false,,40,1,true,Send security questionnaire
OPP-20677,Meridian Gaming — Upsell — Namilio Studio,ACC-1139,Meridian Gaming,Enterprise,Sales-Led,EdTech,AMER,Brazil,Upsell,Closed Won,Closed,336500,336500,100,336500,2026-03-02,2026-07-12,2026-05-31,42,132,132,true,true,,,U-010,Ana Iyer,Customer Success,Expansion,,,3,Namilio Studio,false,34,48,3,false,
