OpportunityId,AccountId,ProductCode,ProductName,Family,PricingModel,Unit,ListUnitPrice,DiscountPct,NetUnitPrice,CommittedUnits,ARR,IsPrimaryProduct
OPP-20001,ACC-1029,COPILOT-API,Namilio Copilot API,AI,Usage,1K tokens,0.011,35,0.00715,1804196,12900,true
OPP-20002,ACC-1045,VERIFY,Namilio Verify,Messaging,Usage,verification,0.05,35,0.0325,153846,5000,true
OPP-20003,ACC-1017,MSG-API,Namilio Messaging API,Messaging,Usage,message,0.0075,5,0.00712,5712281,40700,true
OPP-20003,ACC-1017,COPILOT-API,Namilio Copilot API,AI,Usage,1K tokens,0.011,10,0.0099,5676768,56200,false
OPP-20003,ACC-1017,VERIFY,Namilio Verify,Messaging,Usage,verification,0.05,5,0.0475,1067368,50700,false
OPP-20004,ACC-1009,STUDIO,Namilio Studio,Platform,Seat,seat/year,540,0,540,369,199300,true
OPP-20004,ACC-1009,MSG-API,Namilio Messaging API,Messaging,Usage,message,0.0075,15,0.00637,33050980,210700,false
OPP-20004,ACC-1009,VOICE-AGENT,Namilio Voice Agents,Voice,Usage,minute,0.09,25,0.0675,6760000,456300,false
OPP-20005,ACC-1110,CONNECT-ENT,Namilio Connect Enterprise,Platform,Platform,year,48000,35,31200,1,298200,true
OPP-20005,ACC-1110,COPILOT-API,Namilio Copilot API,AI,Usage,1K tokens,0.011,0,0.011,25445455,279900,false
OPP-20006,ACC-1095,COPILOT-API,Namilio Copilot API,AI,Usage,1K tokens,0.011,25,0.00825,22666667,187000,true
OPP-20006,ACC-1095,STUDIO,Namilio Studio,Platform,Seat,seat/year,540,0,540,670,361900,false
OPP-20007,ACC-1100,MSG-API,Namilio Messaging API,Messaging,Usage,message,0.0075,0,0.0075,21400000,160500,true
OPP-20008,ACC-1033,COPILOT-API,Namilio Copilot API,AI,Usage,1K tokens,0.011,0,0.011,918182,10100,true
OPP-20009,ACC-1060,COPILOT-API,Namilio Copilot API,AI,Usage,1K tokens,0.011,20,0.0088,2443182,21500,true
OPP-20010,ACC-1085,COPILOT-API,Namilio Copilot API,AI,Usage,1K tokens,0.011,5,0.01045,1569378,16400,true
OPP-20011,ACC-1040,MSG-API,Namilio Messaging API,Messaging,Usage,message,0.0075,10,0.00675,1718519,11600,true
OPP-20012,ACC-1065,COPILOT-API,Namilio Copilot API,AI,Usage,1K tokens,0.011,0,0.011,709091,7800,true
OPP-20012,ACC-1065,VERIFY,Namilio Verify,Messaging,Usage,verification,0.05,5,0.0475,126316,6000,false
OPP-20013,ACC-1087,STUDIO,Namilio Studio,Platform,Seat,seat/year,540,15,459,36,16700,true
OPP-20013,ACC-1087,VERIFY,Namilio Verify,Messaging,Usage,verification,0.05,5,0.0475,269474,12800,false
OPP-20013,ACC-1087,COPILOT-API,Namilio Copilot API,AI,Usage,1K tokens,0.011,20,0.0088,1454545,12800,false
OPP-20014,ACC-1071,VOICE-AGENT,Namilio Voice Agents,Voice,Usage,minute,0.09,0,0.09,455556,41000,true
OPP-20014,ACC-1071,CONNECT-ENT,Namilio Connect Enterprise,Platform,Platform,year,48000,10,43200,1,52500,false
OPP-20015,ACC-1018,STUDIO,Namilio Studio,Platform,Seat,seat/year,540,20,432,14,6100,true
OPP-20016,ACC-1113,COPILOT-API,Namilio Copilot API,AI,Usage,1K tokens,0.011,5,0.01045,3483254,36400,true
OPP-20016,ACC-1113,STUDIO,Namilio Studio,Platform,Seat,seat/year,540,0,540,57,31000,false
OPP-20017,ACC-1014,STUDIO,Namilio Studio,Platform,Seat,seat/year,540,15,459,29,13300,true
OPP-20018,ACC-1000,MSG-API,Namilio Messaging API,Messaging,Usage,message,0.0075,5,0.00712,1305263,9300,true
OPP-20018,ACC-1000,VERIFY,Namilio Verify,Messaging,Usage,verification,0.05,15,0.0425,240000,10200,false
OPP-20018,ACC-1000,COPILOT-API,Namilio Copilot API,AI,Usage,1K tokens,0.011,10,0.0099,1545455,15300,false
OPP-20019,ACC-1041,STUDIO,Namilio Studio,Platform,Seat,seat/year,540,10,486,164,79800,true
OPP-20019,ACC-1041,VERIFY,Namilio Verify,Messaging,Usage,verification,0.05,0,0.05,1068000,53400,false
OPP-20020,ACC-1018,COPILOT-API,Namilio Copilot API,AI,Usage,1K tokens,0.011,25,0.00825,884848,7300,true
OPP-20021,ACC-1109,STUDIO,Namilio Studio,Platform,Seat,seat/year,540,0,540,5,2600,true
OPP-20022,ACC-1114,VERIFY,Namilio Verify,Messaging,Usage,verification,0.05,25,0.0375,11634667,436300,true
OPP-20022,ACC-1114,VOICE-AGENT,Namilio Voice Agents,Voice,Usage,minute,0.09,0,0.09,5031111,452800,false
OPP-20022,ACC-1114,MSG-API,Namilio Messaging API,Messaging,Usage,message,0.0075,35,0.00487,121107692,590400,false
OPP-20022,ACC-1114,CONNECT-ENT,Namilio Connect Enterprise,Platform,Platform,year,48000,20,38400,1,314600,false
OPP-20023,ACC-1123,VOICE-AGENT,Namilio Voice Agents,Voice,Usage,minute,0.09,20,0.072,93056,6700,true
OPP-20024,ACC-1011,MSG-API,Namilio Messaging API,Messaging,Usage,message,0.0075,0,0.0075,760000,5700,true
OPP-20024,ACC-1011,COPILOT-API,Namilio Copilot API,AI,Usage,1K tokens,0.011,10,0.0099,505051,5000,false
OPP-20025,ACC-1069,VERIFY,Namilio Verify,Messaging,Usage,verification,0.05,10,0.045,148889,6700,true
OPP-20026,ACC-1068,STUDIO,Namilio Studio,Platform,Seat,seat/year,540,15,459,17,7600,true
OPP-20027,ACC-1124,MSG-API,Namilio Messaging API,Messaging,Usage,message,0.0075,10,0.00675,13377778,90300,true
OPP-20028,ACC-1042,VERIFY,Namilio Verify,Messaging,Usage,verification,0.05,20,0.04,13402500,536100,true
OPP-20028,ACC-1042,COPILOT-API,Namilio Copilot API,AI,Usage,1K tokens,0.011,0,0.011,63445455,697900,false
OPP-20028,ACC-1042,STUDIO,Namilio Studio,Platform,Seat,seat/year,540,10,486,1055,512700,false
OPP-20028,ACC-1042,CONNECT-ENT,Namilio Connect Enterprise,Platform,Platform,year,48000,0,48000,1,700800,false
OPP-20028,ACC-1042,VOICE-AGENT,Namilio Voice Agents,Voice,Usage,minute,0.09,10,0.081,8308642,673000,false
OPP-20029,ACC-1098,COPILOT-API,Namilio Copilot API,AI,Usage,1K tokens,0.011,0,0.011,1818182,20000,true
OPP-20029,ACC-1098,VERIFY,Namilio Verify,Messaging,Usage,verification,0.05,0,0.05,398000,19900,false
OPP-20029,ACC-1098,STUDIO,Namilio Studio,Platform,Seat,seat/year,540,15,459,22,10100,false
OPP-20030,ACC-1095,VOICE-AGENT,Namilio Voice Agents,Voice,Usage,minute,0.09,0,0.09,2160000,194400,true
OPP-20030,ACC-1095,STUDIO,Namilio Studio,Platform,Seat,seat/year,540,10,486,214,103800,false
OPP-20031,ACC-1104,STUDIO,Namilio Studio,Platform,Seat,seat/year,540,25,405,19,7700,true
OPP-20032,ACC-1000,STUDIO,Namilio Studio,Platform,Seat,seat/year,540,20,432,81,34900,true
OPP-20033,ACC-1116,COPILOT-API,Namilio Copilot API,AI,Usage,1K tokens,0.011,10,0.0099,60575758,599700,true
OPP-20034,ACC-1051,VERIFY,Namilio Verify,Messaging,Usage,verification,0.05,0,0.05,252000,12600,true
OPP-20035,ACC-1049,MSG-API,Namilio Messaging API,Messaging,Usage,message,0.0075,0,0.0075,1080000,8100,true
OPP-20036,ACC-1127,COPILOT-API,Namilio Copilot API,AI,Usage,1K tokens,0.011,20,0.0088,909091,8000,true
OPP-20036,ACC-1127,STUDIO,Namilio Studio,Platform,Seat,seat/year,540,5,513,9,4400,false
OPP-20036,ACC-1127,VERIFY,Namilio Verify,Messaging,Usage,verification,0.05,5,0.0475,174737,8300,false
OPP-20037,ACC-1078,VOICE-AGENT,Namilio Voice Agents,Voice,Usage,minute,0.09,0,0.09,257778,23200,true
OPP-20037,ACC-1078,MSG-API,Namilio Messaging API,Messaging,Usage,message,0.0075,15,0.00637,1537255,9800,false
OPP-20038,ACC-1107,COPILOT-API,Namilio Copilot API,AI,Usage,1K tokens,0.011,0,0.011,1736364,19100,true
OPP-20038,ACC-1107,STUDIO,Namilio Studio,Platform,Seat,seat/year,540,15,459,60,27500,false
OPP-20038,ACC-1107,VOICE-AGENT,Namilio Voice Agents,Voice,Usage,minute,0.09,0,0.09,357778,32200,false
OPP-20039,ACC-1035,VERIFY,Namilio Verify,Messaging,Usage,verification,0.05,5,0.0475,913684,43400,true
OPP-20040,ACC-1113,CONNECT-ENT,Namilio Connect Enterprise,Platform,Platform,year,48000,0,48000,1,29700,true
OPP-20040,ACC-1113,VERIFY,Namilio Verify,Messaging,Usage,verification,0.05,5,0.0475,1000000,47500,false
OPP-20040,ACC-1113,MSG-API,Namilio Messaging API,Messaging,Usage,message,0.0075,5,0.00712,2722807,19400,false
OPP-20041,ACC-1083,VOICE-AGENT,Namilio Voice Agents,Voice,Usage,minute,0.09,10,0.081,93827,7600,true
OPP-20042,ACC-1082,VOICE-AGENT,Namilio Voice Agents,Voice,Usage,minute,0.09,15,0.0765,2887582,220900,true
OPP-20042,ACC-1082,MSG-API,Namilio Messaging API,Messaging,Usage,message,0.0075,35,0.00487,15917949,77600,false
OPP-20042,ACC-1082,COPILOT-API,Namilio Copilot API,AI,Usage,1K tokens,0.011,15,0.00935,8032086,75100,false
OPP-20043,ACC-1136,VOICE-AGENT,Namilio Voice Agents,Voice,Usage,minute,0.09,0,0.09,71111,6400,true
OPP-20044,ACC-1023,COPILOT-API,Namilio Copilot API,AI,Usage,1K tokens,0.011,0,0.011,49745455,547200,true
OPP-20044,ACC-1023,CONNECT-ENT,Namilio Connect Enterprise,Platform,Platform,year,48000,5,45600,1,394800,false
OPP-20044,ACC-1023,VOICE-AGENT,Namilio Voice Agents,Voice,Usage,minute,0.09,5,0.0855,5212865,445700,false
OPP-20044,ACC-1023,VERIFY,Namilio Verify,Messaging,Usage,verification,0.05,10,0.045,9066667,408000,false
OPP-20044,ACC-1023,MSG-API,Namilio Messaging API,Messaging,Usage,message,0.0075,5,0.00712,60715789,432600,false
OPP-20045,ACC-1100,MSG-API,Namilio Messaging API,Messaging,Usage,message,0.0075,20,0.006,29350000,176100,true
OPP-20046,ACC-1132,CONNECT-ENT,Namilio Connect Enterprise,Platform,Platform,year,48000,10,43200,1,10200,true
OPP-20046,ACC-1132,MSG-API,Namilio Messaging API,Messaging,Usage,message,0.0075,0,0.0075,2373333,17800,false
OPP-20046,ACC-1132,VOICE-AGENT,Namilio Voice Agents,Voice,Usage,minute,0.09,5,0.0855,125146,10700,false
OPP-20047,ACC-1133,COPILOT-API,Namilio Copilot API,AI,Usage,1K tokens,0.011,5,0.01045,7827751,81800,true
OPP-20048,ACC-1078,MSG-API,Namilio Messaging API,Messaging,Usage,message,0.0075,25,0.00562,960000,5400,true
OPP-20048,ACC-1078,CONNECT-ENT,Namilio Connect Enterprise,Platform,Platform,year,48000,20,38400,1,7700,false
OPP-20049,ACC-1085,MSG-API,Namilio Messaging API,Messaging,Usage,message,0.0075,0,0.0075,4386667,32900,true
OPP-20050,ACC-1089,MSG-API,Namilio Messaging API,Messaging,Usage,message,0.0075,0,0.0075,3426667,25700,true
OPP-20051,ACC-1073,COPILOT-API,Namilio Copilot API,AI,Usage,1K tokens,0.011,15,0.00935,6064171,56700,true
OPP-20051,ACC-1073,VERIFY,Namilio Verify,Messaging,Usage,verification,0.05,20,0.04,2797500,111900,false
OPP-20052,ACC-1113,CONNECT-ENT,Namilio Connect Enterprise,Platform,Platform,year,48000,10,43200,1,91300,true
OPP-20053,ACC-1051,COPILOT-API,Namilio Copilot API,AI,Usage,1K tokens,0.011,0,0.011,1009091,11100,true
OPP-20054,ACC-1103,CONNECT-ENT,Namilio Connect Enterprise,Platform,Platform,year,48000,0,48000,1,272200,true
OPP-20054,ACC-1103,VERIFY,Namilio Verify,Messaging,Usage,verification,0.05,15,0.0425,7214118,306600,false
OPP-20055,ACC-1082,VOICE-AGENT,Namilio Voice Agents,Voice,Usage,minute,0.09,15,0.0765,3176471,243000,true
OPP-20055,ACC-1082,VERIFY,Namilio Verify,Messaging,Usage,verification,0.05,0,0.05,2386000,119300,false
OPP-20055,ACC-1082,CONNECT-ENT,Namilio Connect Enterprise,Platform,Platform,year,48000,15,40800,1,117300,false
OPP-20056,ACC-1005,VOICE-AGENT,Namilio Voice Agents,Voice,Usage,minute,0.09,0,0.09,9527778,857500,true
OPP-20057,ACC-1102,COPILOT-API,Namilio Copilot API,AI,Usage,1K tokens,0.011,5,0.01045,5655502,59100,true
OPP-20057,ACC-1102,VERIFY,Namilio Verify,Messaging,Usage,verification,0.05,0,0.05,600000,30000,false
OPP-20057,ACC-1102,VOICE-AGENT,Namilio Voice Agents,Voice,Usage,minute,0.09,0,0.09,422222,38000,false
OPP-20058,ACC-1119,MSG-API,Namilio Messaging API,Messaging,Usage,message,0.0075,0,0.0075,30440000,228300,true
OPP-20059,ACC-1110,MSG-API,Namilio Messaging API,Messaging,Usage,message,0.0075,0,0.0075,56693333,425200,true
OPP-20060,ACC-1129,VOICE-AGENT,Namilio Voice Agents,Voice,Usage,minute,0.09,0,0.09,33333,3000,true
OPP-20061,ACC-1024,MSG-API,Namilio Messaging API,Messaging,Usage,message,0.0075,0,0.0075,2186667,16400,true
OPP-20062,ACC-1018,VERIFY,Namilio Verify,Messaging,Usage,verification,0.05,5,0.0475,237895,11300,true
OPP-20063,ACC-1065,STUDIO,Namilio Studio,Platform,Seat,seat/year,540,5,513,23,11700,true
OPP-20063,ACC-1065,COPILOT-API,Namilio Copilot API,AI,Usage,1K tokens,0.011,0,0.011,1863636,20500,false
OPP-20063,ACC-1065,VERIFY,Namilio Verify,Messaging,Usage,verification,0.05,5,0.0475,164211,7800,false
OPP-20064,ACC-1122,STUDIO,Namilio Studio,Platform,Seat,seat/year,540,5,513,365,187000,true
OPP-20064,ACC-1122,MSG-API,Namilio Messaging API,Messaging,Usage,message,0.0075,0,0.0075,31026667,232700,false
OPP-20064,ACC-1122,VERIFY,Namilio Verify,Messaging,Usage,verification,0.05,0,0.05,10012000,500600,false
OPP-20065,ACC-1017,VOICE-AGENT,Namilio Voice Agents,Voice,Usage,minute,0.09,35,0.0585,694017,40600,true
OPP-20065,ACC-1017,COPILOT-API,Namilio Copilot API,AI,Usage,1K tokens,0.011,15,0.00935,5122995,47900,false
OPP-20066,ACC-1068,COPILOT-API,Namilio Copilot API,AI,Usage,1K tokens,0.011,0,0.011,1218182,13400,true
OPP-20067,ACC-1116,COPILOT-API,Namilio Copilot API,AI,Usage,1K tokens,0.011,25,0.00825,5260606,43400,true
OPP-20067,ACC-1116,VERIFY,Namilio Verify,Messaging,Usage,verification,0.05,0,0.05,2168000,108400,false
OPP-20067,ACC-1116,VOICE-AGENT,Namilio Voice Agents,Voice,Usage,minute,0.09,15,0.0765,657516,50300,false
OPP-20068,ACC-1006,STUDIO,Namilio Studio,Platform,Seat,seat/year,540,10,486,8,4000,true
OPP-20069,ACC-1071,VOICE-AGENT,Namilio Voice Agents,Voice,Usage,minute,0.09,20,0.072,2330556,167800,true
OPP-20070,ACC-1006,STUDIO,Namilio Studio,Platform,Seat,seat/year,540,25,405,31,12600,true
OPP-20071,ACC-1114,VERIFY,Namilio Verify,Messaging,Usage,verification,0.05,35,0.0325,28920000,939900,true
OPP-20071,ACC-1114,CONNECT-ENT,Namilio Connect Enterprise,Platform,Platform,year,48000,15,40800,1,398100,false
OPP-20071,ACC-1114,STUDIO,Namilio Studio,Platform,Seat,seat/year,540,0,540,1701,918400,false
OPP-20072,ACC-1040,VOICE-AGENT,Namilio Voice Agents,Voice,Usage,minute,0.09,0,0.09,98889,8900,true
OPP-20073,ACC-1057,CONNECT-ENT,Namilio Connect Enterprise,Platform,Platform,year,48000,15,40800,1,5900,true
OPP-20073,ACC-1057,MSG-API,Namilio Messaging API,Messaging,Usage,message,0.0075,5,0.00712,617544,4400,false
OPP-20074,ACC-1041,MSG-API,Namilio Messaging API,Messaging,Usage,message,0.0075,0,0.0075,8000000,60000,true
OPP-20074,ACC-1041,CONNECT-ENT,Namilio Connect Enterprise,Platform,Platform,year,48000,35,31200,1,70200,false
OPP-20074,ACC-1041,STUDIO,Namilio Studio,Platform,Seat,seat/year,540,15,459,64,29200,false
OPP-20075,ACC-1118,VERIFY,Namilio Verify,Messaging,Usage,verification,0.05,25,0.0375,17376000,651600,true
OPP-20075,ACC-1118,MSG-API,Namilio Messaging API,Messaging,Usage,message,0.0075,5,0.00712,43200000,307800,false
OPP-20075,ACC-1118,COPILOT-API,Namilio Copilot API,AI,Usage,1K tokens,0.011,15,0.00935,64994652,607700,false
OPP-20075,ACC-1118,CONNECT-ENT,Namilio Connect Enterprise,Platform,Platform,year,48000,25,36000,1,345100,false
OPP-20075,ACC-1118,VOICE-AGENT,Namilio Voice Agents,Voice,Usage,minute,0.09,0,0.09,8071111,726400,false
OPP-20076,ACC-1072,STUDIO,Namilio Studio,Platform,Seat,seat/year,540,20,432,17,7300,true
OPP-20076,ACC-1072,MSG-API,Namilio Messaging API,Messaging,Usage,message,0.0075,5,0.00712,1417544,10100,false
OPP-20077,ACC-1113,COPILOT-API,Namilio Copilot API,AI,Usage,1K tokens,0.011,0,0.011,2900000,31900,true
OPP-20077,ACC-1113,VOICE-AGENT,Namilio Voice Agents,Voice,Usage,minute,0.09,20,0.072,437500,31500,false
OPP-20078,ACC-1126,VERIFY,Namilio Verify,Messaging,Usage,verification,0.05,10,0.045,173333,7800,true
OPP-20079,ACC-1132,STUDIO,Namilio Studio,Platform,Seat,seat/year,540,5,513,11,5600,true
OPP-20079,ACC-1132,MSG-API,Namilio Messaging API,Messaging,Usage,message,0.0075,10,0.00675,859259,5800,false
OPP-20079,ACC-1132,VOICE-AGENT,Namilio Voice Agents,Voice,Usage,minute,0.09,0,0.09,64444,5800,false
OPP-20080,ACC-1082,CONNECT-ENT,Namilio Connect Enterprise,Platform,Platform,year,48000,0,48000,1,74500,true
OPP-20080,ACC-1082,VERIFY,Namilio Verify,Messaging,Usage,verification,0.05,5,0.0475,1949474,92600,false
OPP-20080,ACC-1082,MSG-API,Namilio Messaging API,Messaging,Usage,message,0.0075,5,0.00712,12940351,92200,false
OPP-20081,ACC-1050,STUDIO,Namilio Studio,Platform,Seat,seat/year,540,20,432,78,33700,true
OPP-20082,ACC-1058,MSG-API,Namilio Messaging API,Messaging,Usage,message,0.0075,5,0.00712,1782456,12700,true
OPP-20082,ACC-1058,COPILOT-API,Namilio Copilot API,AI,Usage,1K tokens,0.011,0,0.011,509091,5600,false
OPP-20082,ACC-1058,VOICE-AGENT,Namilio Voice Agents,Voice,Usage,minute,0.09,10,0.081,107407,8700,false
OPP-20083,ACC-1034,STUDIO,Namilio Studio,Platform,Seat,seat/year,540,25,405,110,44600,true
OPP-20083,ACC-1034,MSG-API,Namilio Messaging API,Messaging,Usage,message,0.0075,15,0.00637,3105882,19800,false
OPP-20083,ACC-1034,VOICE-AGENT,Namilio Voice Agents,Voice,Usage,minute,0.09,5,0.0855,690058,59000,false
OPP-20084,ACC-1124,STUDIO,Namilio Studio,Platform,Seat,seat/year,540,5,513,57,29400,true
OPP-20084,ACC-1124,CONNECT-ENT,Namilio Connect Enterprise,Platform,Platform,year,48000,15,40800,1,71600,false
OPP-20084,ACC-1124,MSG-API,Namilio Messaging API,Messaging,Usage,message,0.0075,5,0.00712,10007018,71300,false
OPP-20085,ACC-1085,VERIFY,Namilio Verify,Messaging,Usage,verification,0.05,10,0.045,455556,20500,true
OPP-20085,ACC-1085,STUDIO,Namilio Studio,Platform,Seat,seat/year,540,0,540,20,11000,false
OPP-20085,ACC-1085,VOICE-AGENT,Namilio Voice Agents,Voice,Usage,minute,0.09,10,0.081,108642,8800,false
OPP-20086,ACC-1134,COPILOT-API,Namilio Copilot API,AI,Usage,1K tokens,0.011,35,0.00715,1034965,7400,true
OPP-20086,ACC-1134,MSG-API,Namilio Messaging API,Messaging,Usage,message,0.0075,15,0.00637,3529412,22500,false
OPP-20086,ACC-1134,VERIFY,Namilio Verify,Messaging,Usage,verification,0.05,25,0.0375,346667,13000,false
OPP-20087,ACC-1015,CONNECT-ENT,Namilio Connect Enterprise,Platform,Platform,year,48000,35,31200,1,10400,true
OPP-20087,ACC-1015,VERIFY,Namilio Verify,Messaging,Usage,verification,0.05,5,0.0475,193684,9200,false
OPP-20087,ACC-1015,STUDIO,Namilio Studio,Platform,Seat,seat/year,540,15,459,47,21800,false
OPP-20088,ACC-1126,COPILOT-API,Namilio Copilot API,AI,Usage,1K tokens,0.011,25,0.00825,1369697,11300,true
OPP-20089,ACC-1047,CONNECT-ENT,Namilio Connect Enterprise,Platform,Platform,year,48000,5,45600,1,30300,true
OPP-20090,ACC-1124,STUDIO,Namilio Studio,Platform,Seat,seat/year,540,0,540,110,59500,true
OPP-20090,ACC-1124,MSG-API,Namilio Messaging API,Messaging,Usage,message,0.0075,25,0.00562,8817778,49600,false
OPP-20091,ACC-1077,MSG-API,Namilio Messaging API,Messaging,Usage,message,0.0075,10,0.00675,18088889,122100,true
OPP-20092,ACC-1022,STUDIO,Namilio Studio,Platform,Seat,seat/year,540,20,432,205,88600,true
OPP-20093,ACC-1074,COPILOT-API,Namilio Copilot API,AI,Usage,1K tokens,0.011,25,0.00825,36824242,303800,true
OPP-20093,ACC-1074,VERIFY,Namilio Verify,Messaging,Usage,verification,0.05,5,0.0475,6006316,285300,false
OPP-20093,ACC-1074,CONNECT-ENT,Namilio Connect Enterprise,Platform,Platform,year,48000,5,45600,1,188000,false
OPP-20094,ACC-1045,VOICE-AGENT,Namilio Voice Agents,Voice,Usage,minute,0.09,15,0.0765,164706,12600,true
OPP-20095,ACC-1073,VERIFY,Namilio Verify,Messaging,Usage,verification,0.05,5,0.0475,11898947,565200,true
OPP-20095,ACC-1073,MSG-API,Namilio Messaging API,Messaging,Usage,message,0.0075,0,0.0075,44093333,330700,false
OPP-20096,ACC-1051,COPILOT-API,Namilio Copilot API,AI,Usage,1K tokens,0.011,0,0.011,1263636,13900,true
OPP-20097,ACC-1032,VOICE-AGENT,Namilio Voice Agents,Voice,Usage,minute,0.09,15,0.0765,179085,13700,true
OPP-20098,ACC-1023,MSG-API,Namilio Messaging API,Messaging,Usage,message,0.0075,0,0.0075,103080000,773100,true
OPP-20098,ACC-1023,COPILOT-API,Namilio Copilot API,AI,Usage,1K tokens,0.011,0,0.011,61145455,672600,false
OPP-20098,ACC-1023,STUDIO,Namilio Studio,Platform,Seat,seat/year,540,10,486,892,433600,false
OPP-20098,ACC-1023,VERIFY,Namilio Verify,Messaging,Usage,verification,0.05,5,0.0475,7595789,360800,false
OPP-20098,ACC-1023,VOICE-AGENT,Namilio Voice Agents,Voice,Usage,minute,0.09,5,0.0855,9461988,809000,false
OPP-20099,ACC-1005,MSG-API,Namilio Messaging API,Messaging,Usage,message,0.0075,25,0.00562,69813333,392700,true
OPP-20099,ACC-1005,COPILOT-API,Namilio Copilot API,AI,Usage,1K tokens,0.011,20,0.0088,41829545,368100,false
OPP-20100,ACC-1004,CONNECT-ENT,Namilio Connect Enterprise,Platform,Platform,year,48000,10,43200,1,30900,true
OPP-20101,ACC-1031,VOICE-AGENT,Namilio Voice Agents,Voice,Usage,minute,0.09,5,0.0855,217544,18600,true
OPP-20101,ACC-1031,STUDIO,Namilio Studio,Platform,Seat,seat/year,540,5,513,38,19600,false
OPP-20102,ACC-1058,VERIFY,Namilio Verify,Messaging,Usage,verification,0.05,25,0.0375,765333,28700,true
OPP-20102,ACC-1058,VOICE-AGENT,Namilio Voice Agents,Voice,Usage,minute,0.09,15,0.0765,190850,14600,false
OPP-20103,ACC-1010,CONNECT-ENT,Namilio Connect Enterprise,Platform,Platform,year,48000,15,40800,1,50300,true
OPP-20104,ACC-1123,VERIFY,Namilio Verify,Messaging,Usage,verification,0.05,20,0.04,80000,3200,true
OPP-20105,ACC-1046,VERIFY,Namilio Verify,Messaging,Usage,verification,0.05,20,0.04,10300000,412000,true
OPP-20105,ACC-1046,COPILOT-API,Namilio Copilot API,AI,Usage,1K tokens,0.011,15,0.00935,58085561,543100,false
OPP-20105,ACC-1046,MSG-API,Namilio Messaging API,Messaging,Usage,message,0.0075,0,0.0075,93733333,703000,false
OPP-20105,ACC-1046,VOICE-AGENT,Namilio Voice Agents,Voice,Usage,minute,0.09,10,0.081,8409877,681200,false
OPP-20105,ACC-1046,CONNECT-ENT,Namilio Connect Enterprise,Platform,Platform,year,48000,5,45600,1,544800,false
OPP-20106,ACC-1049,VOICE-AGENT,Namilio Voice Agents,Voice,Usage,minute,0.09,5,0.0855,127485,10900,true
OPP-20107,ACC-1000,VERIFY,Namilio Verify,Messaging,Usage,verification,0.05,20,0.04,815000,32600,true
OPP-20108,ACC-1090,VOICE-AGENT,Namilio Voice Agents,Voice,Usage,minute,0.09,15,0.0765,271895,20800,true
OPP-20109,ACC-1006,VOICE-AGENT,Namilio Voice Agents,Voice,Usage,minute,0.09,25,0.0675,183704,12400,true
OPP-20110,ACC-1068,VOICE-AGENT,Namilio Voice Agents,Voice,Usage,minute,0.09,0,0.09,91111,8200,true
OPP-20111,ACC-1028,MSG-API,Namilio Messaging API,Messaging,Usage,message,0.0075,5,0.00712,10428070,74300,true
OPP-20112,ACC-1071,COPILOT-API,Namilio Copilot API,AI,Usage,1K tokens,0.011,25,0.00825,9503030,78400,true
OPP-20112,ACC-1071,STUDIO,Namilio Studio,Platform,Seat,seat/year,540,10,486,165,80300,false
OPP-20113,ACC-1024,MSG-API,Namilio Messaging API,Messaging,Usage,message,0.0075,15,0.00637,3968627,25300,true
OPP-20113,ACC-1024,COPILOT-API,Namilio Copilot API,AI,Usage,1K tokens,0.011,0,0.011,1563636,17200,false
OPP-20114,ACC-1071,VOICE-AGENT,Namilio Voice Agents,Voice,Usage,minute,0.09,10,0.081,1434568,116200,true
OPP-20115,ACC-1122,STUDIO,Namilio Studio,Platform,Seat,seat/year,540,15,459,1838,843500,true
OPP-20115,ACC-1122,MSG-API,Namilio Messaging API,Messaging,Usage,message,0.0075,10,0.00675,129155556,871800,false
OPP-20115,ACC-1122,VERIFY,Namilio Verify,Messaging,Usage,verification,0.05,20,0.04,9162500,366500,false
OPP-20116,ACC-1037,MSG-API,Namilio Messaging API,Messaging,Usage,message,0.0075,20,0.006,333333,2000,true
OPP-20117,ACC-1129,MSG-API,Namilio Messaging API,Messaging,Usage,message,0.0075,0,0.0075,1733333,13000,true
OPP-20118,ACC-1091,VOICE-AGENT,Namilio Voice Agents,Voice,Usage,minute,0.09,0,0.09,24444,2200,true
OPP-20119,ACC-1035,CONNECT-ENT,Namilio Connect Enterprise,Platform,Platform,year,48000,0,48000,1,5200,true
OPP-20119,ACC-1035,VERIFY,Namilio Verify,Messaging,Usage,verification,0.05,10,0.045,80000,3600,false
OPP-20119,ACC-1035,VOICE-AGENT,Namilio Voice Agents,Voice,Usage,minute,0.09,35,0.0585,128205,7500,false
OPP-20120,ACC-1054,VERIFY,Namilio Verify,Messaging,Usage,verification,0.05,0,0.05,1858000,92900,true
OPP-20120,ACC-1054,CONNECT-ENT,Namilio Connect Enterprise,Platform,Platform,year,48000,35,31200,1,67100,false
OPP-20120,ACC-1054,COPILOT-API,Namilio Copilot API,AI,Usage,1K tokens,0.011,20,0.0088,7352273,64700,false
OPP-20121,ACC-1099,VERIFY,Namilio Verify,Messaging,Usage,verification,0.05,5,0.0475,284211,13500,true
OPP-20122,ACC-1004,VOICE-AGENT,Namilio Voice Agents,Voice,Usage,minute,0.09,5,0.0855,201170,17200,true
OPP-20122,ACC-1004,CONNECT-ENT,Namilio Connect Enterprise,Platform,Platform,year,48000,35,31200,1,26500,false
OPP-20123,ACC-1057,MSG-API,Namilio Messaging API,Messaging,Usage,message,0.0075,15,0.00637,3388235,21600,true
OPP-20123,ACC-1057,STUDIO,Namilio Studio,Platform,Seat,seat/year,540,25,405,45,18100,false
OPP-20124,ACC-1037,STUDIO,Namilio Studio,Platform,Seat,seat/year,540,0,540,5,2800,true
OPP-20125,ACC-1096,VOICE-AGENT,Namilio Voice Agents,Voice,Usage,minute,0.09,0,0.09,805556,72500,true
OPP-20126,ACC-1130,VOICE-AGENT,Namilio Voice Agents,Voice,Usage,minute,0.09,10,0.081,171605,13900,true
OPP-20126,ACC-1130,VERIFY,Namilio Verify,Messaging,Usage,verification,0.05,0,0.05,446000,22300,false
OPP-20127,ACC-1062,CONNECT-ENT,Namilio Connect Enterprise,Platform,Platform,year,48000,0,48000,1,16900,true
OPP-20127,ACC-1062,STUDIO,Namilio Studio,Platform,Seat,seat/year,540,0,540,15,8300,false
OPP-20128,ACC-1055,VERIFY,Namilio Verify,Messaging,Usage,verification,0.05,5,0.0475,40000,1900,true
OPP-20128,ACC-1055,COPILOT-API,Namilio Copilot API,AI,Usage,1K tokens,0.011,20,0.0088,340909,3000,false
OPP-20128,ACC-1055,CONNECT-ENT,Namilio Connect Enterprise,Platform,Platform,year,48000,0,48000,1,5000,false
OPP-20129,ACC-1079,COPILOT-API,Namilio Copilot API,AI,Usage,1K tokens,0.011,15,0.00935,1080214,10100,true
OPP-20130,ACC-1072,VERIFY,Namilio Verify,Messaging,Usage,verification,0.05,0,0.05,504000,25200,true
OPP-20131,ACC-1029,VOICE-AGENT,Namilio Voice Agents,Voice,Usage,minute,0.09,0,0.09,75556,6800,true
OPP-20132,ACC-1091,VERIFY,Namilio Verify,Messaging,Usage,verification,0.05,0,0.05,176000,8800,true
OPP-20133,ACC-1130,MSG-API,Namilio Messaging API,Messaging,Usage,message,0.0075,5,0.00712,4617544,32900,true
OPP-20134,ACC-1100,COPILOT-API,Namilio Copilot API,AI,Usage,1K tokens,0.011,10,0.0099,13888889,137500,true
OPP-20135,ACC-1072,STUDIO,Namilio Studio,Platform,Seat,seat/year,540,0,540,27,14800,true
OPP-20135,ACC-1072,VERIFY,Namilio Verify,Messaging,Usage,verification,0.05,10,0.045,293333,13200,false
OPP-20136,ACC-1136,STUDIO,Namilio Studio,Platform,Seat,seat/year,540,35,351,32,11400,true
OPP-20137,ACC-1094,VERIFY,Namilio Verify,Messaging,Usage,verification,0.05,25,0.0375,66667,2500,true
OPP-20138,ACC-1048,COPILOT-API,Namilio Copilot API,AI,Usage,1K tokens,0.011,25,0.00825,13187879,108800,true
OPP-20139,ACC-1057,COPILOT-API,Namilio Copilot API,AI,Usage,1K tokens,0.011,15,0.00935,1208556,11300,true
OPP-20139,ACC-1057,VOICE-AGENT,Namilio Voice Agents,Voice,Usage,minute,0.09,10,0.081,208642,16900,false
OPP-20139,ACC-1057,VERIFY,Namilio Verify,Messaging,Usage,verification,0.05,5,0.0475,250526,11900,false
OPP-20140,ACC-1000,CONNECT-ENT,Namilio Connect Enterprise,Platform,Platform,year,48000,5,45600,1,9500,true
OPP-20140,ACC-1000,VOICE-AGENT,Namilio Voice Agents,Voice,Usage,minute,0.09,5,0.0855,135673,11600,false
OPP-20140,ACC-1000,STUDIO,Namilio Studio,Platform,Seat,seat/year,540,0,540,37,19800,false
OPP-20141,ACC-1047,STUDIO,Namilio Studio,Platform,Seat,seat/year,540,0,540,14,7700,true
OPP-20141,ACC-1047,VOICE-AGENT,Namilio Voice Agents,Voice,Usage,minute,0.09,10,0.081,80247,6500,false
OPP-20142,ACC-1094,COPILOT-API,Namilio Copilot API,AI,Usage,1K tokens,0.011,15,0.00935,224599,2100,true
OPP-20143,ACC-1088,VOICE-AGENT,Namilio Voice Agents,Voice,Usage,minute,0.09,5,0.0855,254971,21800,true
OPP-20143,ACC-1088,COPILOT-API,Namilio Copilot API,AI,Usage,1K tokens,0.011,10,0.0099,2070707,20500,false
OPP-20144,ACC-1100,VOICE-AGENT,Namilio Voice Agents,Voice,Usage,minute,0.09,15,0.0765,405229,31000,true
OPP-20144,ACC-1100,VERIFY,Namilio Verify,Messaging,Usage,verification,0.05,0,0.05,532000,26600,false
OPP-20144,ACC-1100,CONNECT-ENT,Namilio Connect Enterprise,Platform,Platform,year,48000,5,45600,1,72000,false
OPP-20145,ACC-1095,VOICE-AGENT,Namilio Voice Agents,Voice,Usage,minute,0.09,15,0.0765,4069281,311300,true
OPP-20145,ACC-1095,STUDIO,Namilio Studio,Platform,Seat,seat/year,540,20,432,662,285900,false
OPP-20146,ACC-1008,MSG-API,Namilio Messaging API,Messaging,Usage,message,0.0075,5,0.00712,1207018,8600,true
OPP-20146,ACC-1008,STUDIO,Namilio Studio,Platform,Seat,seat/year,540,15,459,39,17900,false
OPP-20146,ACC-1008,COPILOT-API,Namilio Copilot API,AI,Usage,1K tokens,0.011,35,0.00715,2195804,15700,false
OPP-20147,ACC-1073,VOICE-AGENT,Namilio Voice Agents,Voice,Usage,minute,0.09,5,0.0855,2299415,196600,true
OPP-20147,ACC-1073,MSG-API,Namilio Messaging API,Messaging,Usage,message,0.0075,0,0.0075,58800000,441000,false
OPP-20148,ACC-1063,VOICE-AGENT,Namilio Voice Agents,Voice,Usage,minute,0.09,0,0.09,43333,3900,true
OPP-20149,ACC-1076,VOICE-AGENT,Namilio Voice Agents,Voice,Usage,minute,0.09,25,0.0675,41481,2800,true
OPP-20150,ACC-1007,MSG-API,Namilio Messaging API,Messaging,Usage,message,0.0075,10,0.00675,11925926,80500,true
OPP-20150,ACC-1007,CONNECT-ENT,Namilio Connect Enterprise,Platform,Platform,year,48000,0,48000,1,99100,false
OPP-20151,ACC-1072,COPILOT-API,Namilio Copilot API,AI,Usage,1K tokens,0.011,20,0.0088,1715909,15100,true
OPP-20151,ACC-1072,VERIFY,Namilio Verify,Messaging,Usage,verification,0.05,35,0.0325,283077,9200,false
OPP-20151,ACC-1072,CONNECT-ENT,Namilio Connect Enterprise,Platform,Platform,year,48000,15,40800,1,15000,false
OPP-20152,ACC-1013,VERIFY,Namilio Verify,Messaging,Usage,verification,0.05,0,0.05,64000,3200,true
OPP-20153,ACC-1067,VOICE-AGENT,Namilio Voice Agents,Voice,Usage,minute,0.09,25,0.0675,1942222,131100,true
OPP-20153,ACC-1067,MSG-API,Namilio Messaging API,Messaging,Usage,message,0.0075,25,0.00562,24444444,137500,false
OPP-20153,ACC-1067,VERIFY,Namilio Verify,Messaging,Usage,verification,0.05,0,0.05,4746000,237300,false
OPP-20153,ACC-1067,COPILOT-API,Namilio Copilot API,AI,Usage,1K tokens,0.011,15,0.00935,47080214,440200,false
OPP-20153,ACC-1067,STUDIO,Namilio Studio,Platform,Seat,seat/year,540,0,540,387,208800,false
OPP-20154,ACC-1128,VERIFY,Namilio Verify,Messaging,Usage,verification,0.05,0,0.05,830000,41500,true
OPP-20154,ACC-1128,STUDIO,Namilio Studio,Platform,Seat,seat/year,540,15,459,91,41600,false
OPP-20154,ACC-1128,CONNECT-ENT,Namilio Connect Enterprise,Platform,Platform,year,48000,15,40800,1,33700,false
OPP-20155,ACC-1139,VERIFY,Namilio Verify,Messaging,Usage,verification,0.05,0,0.05,11518000,575900,true
OPP-20156,ACC-1096,STUDIO,Namilio Studio,Platform,Seat,seat/year,540,0,540,88,47300,true
OPP-20156,ACC-1096,CONNECT-ENT,Namilio Connect Enterprise,Platform,Platform,year,48000,10,43200,1,43400,false
OPP-20156,ACC-1096,VERIFY,Namilio Verify,Messaging,Usage,verification,0.05,0,0.05,1062000,53100,false
OPP-20157,ACC-1117,VOICE-AGENT,Namilio Voice Agents,Voice,Usage,minute,0.09,5,0.0855,35088,3000,true
OPP-20158,ACC-1012,STUDIO,Namilio Studio,Platform,Seat,seat/year,540,0,540,87,46800,true
OPP-20158,ACC-1012,MSG-API,Namilio Messaging API,Messaging,Usage,message,0.0075,35,0.00487,12102564,59000,false
OPP-20159,ACC-1094,MSG-API,Namilio Messaging API,Messaging,Usage,message,0.0075,20,0.006,1883333,11300,true
OPP-20160,ACC-1078,VOICE-AGENT,Namilio Voice Agents,Voice,Usage,minute,0.09,5,0.0855,135673,11600,true
OPP-20160,ACC-1078,CONNECT-ENT,Namilio Connect Enterprise,Platform,Platform,year,48000,35,31200,1,12300,false
OPP-20160,ACC-1078,STUDIO,Namilio Studio,Platform,Seat,seat/year,540,35,351,38,13300,false
OPP-20161,ACC-1125,CONNECT-ENT,Namilio Connect Enterprise,Platform,Platform,year,48000,20,38400,1,635700,true
OPP-20161,ACC-1125,STUDIO,Namilio Studio,Platform,Seat,seat/year,540,10,486,944,458700,false
OPP-20161,ACC-1125,COPILOT-API,Namilio Copilot API,AI,Usage,1K tokens,0.011,0,0.011,22627273,248900,false
OPP-20162,ACC-1117,VOICE-AGENT,Namilio Voice Agents,Voice,Usage,minute,0.09,10,0.081,141975,11500,true
OPP-20163,ACC-1059,VOICE-AGENT,Namilio Voice Agents,Voice,Usage,minute,0.09,5,0.0855,1079532,92300,true
OPP-20163,ACC-1059,MSG-API,Namilio Messaging API,Messaging,Usage,message,0.0075,10,0.00675,12000000,81000,false
OPP-20164,ACC-1059,VOICE-AGENT,Namilio Voice Agents,Voice,Usage,minute,0.09,25,0.0675,4056296,273800,true
OPP-20164,ACC-1059,MSG-API,Namilio Messaging API,Messaging,Usage,message,0.0075,0,0.0075,41280000,309600,false
OPP-20164,ACC-1059,VERIFY,Namilio Verify,Messaging,Usage,verification,0.05,35,0.0325,2892308,94000,false
OPP-20165,ACC-1042,VERIFY,Namilio Verify,Messaging,Usage,verification,0.05,0,0.05,3490000,174500,true
OPP-20165,ACC-1042,MSG-API,Namilio Messaging API,Messaging,Usage,message,0.0075,0,0.0075,22333333,167500,false
OPP-20165,ACC-1042,COPILOT-API,Namilio Copilot API,AI,Usage,1K tokens,0.011,10,0.0099,16010101,158500,false
OPP-20165,ACC-1042,VOICE-AGENT,Namilio Voice Agents,Voice,Usage,minute,0.09,0,0.09,5401111,486100,false
OPP-20165,ACC-1042,STUDIO,Namilio Studio,Platform,Seat,seat/year,540,5,513,816,418800,false
OPP-20166,ACC-1045,VOICE-AGENT,Namilio Voice Agents,Voice,Usage,minute,0.09,5,0.0855,15205,1300,true
OPP-20167,ACC-1011,CONNECT-ENT,Namilio Connect Enterprise,Platform,Platform,year,48000,15,40800,1,37300,true
OPP-20168,ACC-1055,COPILOT-API,Namilio Copilot API,AI,Usage,1K tokens,0.011,35,0.00715,3958042,28300,true
OPP-20169,ACC-1135,COPILOT-API,Namilio Copilot API,AI,Usage,1K tokens,0.011,35,0.00715,123006993,879500,true
OPP-20170,ACC-1068,MSG-API,Namilio Messaging API,Messaging,Usage,message,0.0075,20,0.006,1550000,9300,true
OPP-20171,ACC-1136,VOICE-AGENT,Namilio Voice Agents,Voice,Usage,minute,0.09,35,0.0585,80342,4700,true
OPP-20172,ACC-1111,VOICE-AGENT,Namilio Voice Agents,Voice,Usage,minute,0.09,0,0.09,153333,13800,true
OPP-20173,ACC-1086,MSG-API,Namilio Messaging API,Messaging,Usage,message,0.0075,10,0.00675,89140741,601700,true
OPP-20173,ACC-1086,STUDIO,Namilio Studio,Platform,Seat,seat/year,540,10,486,670,325800,false
OPP-20173,ACC-1086,VERIFY,Namilio Verify,Messaging,Usage,verification,0.05,35,0.0325,14406154,468200,false
OPP-20173,ACC-1086,VOICE-AGENT,Namilio Voice Agents,Voice,Usage,minute,0.09,10,0.081,8981481,727500,false
OPP-20173,ACC-1086,COPILOT-API,Namilio Copilot API,AI,Usage,1K tokens,0.011,5,0.01045,29349282,306700,false
OPP-20174,ACC-1051,STUDIO,Namilio Studio,Platform,Seat,seat/year,540,10,486,12,5700,true
OPP-20175,ACC-1031,CONNECT-ENT,Namilio Connect Enterprise,Platform,Platform,year,48000,0,48000,1,22700,true
OPP-20176,ACC-1086,VERIFY,Namilio Verify,Messaging,Usage,verification,0.05,0,0.05,9218000,460900,true
OPP-20176,ACC-1086,VOICE-AGENT,Namilio Voice Agents,Voice,Usage,minute,0.09,0,0.09,8177778,736000,false
OPP-20176,ACC-1086,CONNECT-ENT,Namilio Connect Enterprise,Platform,Platform,year,48000,15,40800,1,1113300,false
OPP-20177,ACC-1063,VERIFY,Namilio Verify,Messaging,Usage,verification,0.05,5,0.0475,181053,8600,true
OPP-20178,ACC-1107,CONNECT-ENT,Namilio Connect Enterprise,Platform,Platform,year,48000,10,43200,1,38200,true
OPP-20178,ACC-1107,STUDIO,Namilio Studio,Platform,Seat,seat/year,540,20,432,88,37900,false
OPP-20178,ACC-1107,VERIFY,Namilio Verify,Messaging,Usage,verification,0.05,0,0.05,994000,49700,false
OPP-20179,ACC-1128,MSG-API,Namilio Messaging API,Messaging,Usage,message,0.0075,0,0.0075,8000000,60000,true
OPP-20179,ACC-1128,CONNECT-ENT,Namilio Connect Enterprise,Platform,Platform,year,48000,15,40800,1,94000,false
OPP-20180,ACC-1093,CONNECT-ENT,Namilio Connect Enterprise,Platform,Platform,year,48000,5,45600,1,626500,true
OPP-20181,ACC-1133,CONNECT-ENT,Namilio Connect Enterprise,Platform,Platform,year,48000,25,36000,1,15300,true
OPP-20181,ACC-1133,STUDIO,Namilio Studio,Platform,Seat,seat/year,540,5,513,37,18800,false
OPP-20181,ACC-1133,MSG-API,Namilio Messaging API,Messaging,Usage,message,0.0075,10,0.00675,3407407,23000,false
OPP-20182,ACC-1045,VOICE-AGENT,Namilio Voice Agents,Voice,Usage,minute,0.09,0,0.09,94444,8500,true
OPP-20183,ACC-1134,COPILOT-API,Namilio Copilot API,AI,Usage,1K tokens,0.011,10,0.0099,1757576,17400,true
OPP-20183,ACC-1134,MSG-API,Namilio Messaging API,Messaging,Usage,message,0.0075,5,0.00712,2357895,16800,false
OPP-20184,ACC-1012,VERIFY,Namilio Verify,Messaging,Usage,verification,0.05,10,0.045,246667,11100,true
OPP-20184,ACC-1012,STUDIO,Namilio Studio,Platform,Seat,seat/year,540,15,459,45,20700,false
OPP-20184,ACC-1012,VOICE-AGENT,Namilio Voice Agents,Voice,Usage,minute,0.09,10,0.081,213580,17300,false
OPP-20185,ACC-1051,COPILOT-API,Namilio Copilot API,AI,Usage,1K tokens,0.011,10,0.0099,161616,1600,true
OPP-20186,ACC-1010,MSG-API,Namilio Messaging API,Messaging,Usage,message,0.0075,0,0.0075,20493333,153700,true
OPP-20187,ACC-1122,VERIFY,Namilio Verify,Messaging,Usage,verification,0.05,0,0.05,7408000,370400,true
OPP-20187,ACC-1122,COPILOT-API,Namilio Copilot API,AI,Usage,1K tokens,0.011,15,0.00935,45358289,424100,false
OPP-20187,ACC-1122,CONNECT-ENT,Namilio Connect Enterprise,Platform,Platform,year,48000,25,36000,1,405000,false
OPP-20187,ACC-1122,MSG-API,Namilio Messaging API,Messaging,Usage,message,0.0075,5,0.00712,93600000,666900,false
OPP-20188,ACC-1032,COPILOT-API,Namilio Copilot API,AI,Usage,1K tokens,0.011,10,0.0099,484848,4800,true
OPP-20189,ACC-1131,VOICE-AGENT,Namilio Voice Agents,Voice,Usage,minute,0.09,5,0.0855,63158,5400,true
OPP-20190,ACC-1014,STUDIO,Namilio Studio,Platform,Seat,seat/year,540,5,513,11,5400,true
OPP-20191,ACC-1126,VOICE-AGENT,Namilio Voice Agents,Voice,Usage,minute,0.09,0,0.09,67778,6100,true
OPP-20192,ACC-1016,STUDIO,Namilio Studio,Platform,Seat,seat/year,540,15,459,28,12800,true
OPP-20193,ACC-1090,VERIFY,Namilio Verify,Messaging,Usage,verification,0.05,5,0.0475,357895,17000,true
OPP-20193,ACC-1090,COPILOT-API,Namilio Copilot API,AI,Usage,1K tokens,0.011,0,0.011,2354545,25900,false
OPP-20194,ACC-1043,VOICE-AGENT,Namilio Voice Agents,Voice,Usage,minute,0.09,10,0.081,7096296,574800,true
OPP-20194,ACC-1043,COPILOT-API,Namilio Copilot API,AI,Usage,1K tokens,0.011,0,0.011,32345455,355800,false
OPP-20194,ACC-1043,STUDIO,Namilio Studio,Platform,Seat,seat/year,540,10,486,1233,599400,false
OPP-20195,ACC-1092,CONNECT-ENT,Namilio Connect Enterprise,Platform,Platform,year,48000,0,48000,1,13500,true
OPP-20195,ACC-1092,VOICE-AGENT,Namilio Voice Agents,Voice,Usage,minute,0.09,35,0.0585,138462,8100,false
OPP-20195,ACC-1092,STUDIO,Namilio Studio,Platform,Seat,seat/year,540,25,405,18,7400,false
OPP-20196,ACC-1051,MSG-API,Namilio Messaging API,Messaging,Usage,message,0.0075,0,0.0075,706667,5300,true
OPP-20197,ACC-1024,VERIFY,Namilio Verify,Messaging,Usage,verification,0.05,25,0.0375,96000,3600,true
OPP-20197,ACC-1024,VOICE-AGENT,Namilio Voice Agents,Voice,Usage,minute,0.09,20,0.072,97222,7000,false
OPP-20197,ACC-1024,MSG-API,Namilio Messaging API,Messaging,Usage,message,0.0075,0,0.0075,1146667,8600,false
OPP-20198,ACC-1023,VOICE-AGENT,Namilio Voice Agents,Voice,Usage,minute,0.09,0,0.09,15448889,1390400,true
OPP-20198,ACC-1023,CONNECT-ENT,Namilio Connect Enterprise,Platform,Platform,year,48000,5,45600,1,480100,false
OPP-20198,ACC-1023,VERIFY,Namilio Verify,Messaging,Usage,verification,0.05,0,0.05,15146000,757300,false
OPP-20199,ACC-1056,VERIFY,Namilio Verify,Messaging,Usage,verification,0.05,0,0.05,258000,12900,true
OPP-20200,ACC-1050,VERIFY,Namilio Verify,Messaging,Usage,verification,0.05,20,0.04,467500,18700,true
OPP-20201,ACC-1046,VOICE-AGENT,Namilio Voice Agents,Voice,Usage,minute,0.09,20,0.072,5001389,360100,true
OPP-20201,ACC-1046,MSG-API,Namilio Messaging API,Messaging,Usage,message,0.0075,10,0.00675,52740741,356000,false
OPP-20201,ACC-1046,COPILOT-API,Namilio Copilot API,AI,Usage,1K tokens,0.011,5,0.01045,24717703,258300,false
OPP-20202,ACC-1007,VERIFY,Namilio Verify,Messaging,Usage,verification,0.05,5,0.0475,2534737,120400,true
OPP-20202,ACC-1007,STUDIO,Namilio Studio,Platform,Seat,seat/year,540,0,540,228,123300,false
OPP-20202,ACC-1007,VOICE-AGENT,Namilio Voice Agents,Voice,Usage,minute,0.09,5,0.0855,1594152,136300,false
OPP-20203,ACC-1106,VERIFY,Namilio Verify,Messaging,Usage,verification,0.05,0,0.05,342000,17100,true
OPP-20203,ACC-1106,STUDIO,Namilio Studio,Platform,Seat,seat/year,540,35,351,26,9000,false
OPP-20204,ACC-1095,CONNECT-ENT,Namilio Connect Enterprise,Platform,Platform,year,48000,5,45600,1,377800,true
OPP-20204,ACC-1095,MSG-API,Namilio Messaging API,Messaging,Usage,message,0.0075,0,0.0075,39706667,297800,false
OPP-20205,ACC-1025,STUDIO,Namilio Studio,Platform,Seat,seat/year,540,0,540,13,7100,true
OPP-20206,ACC-1032,VERIFY,Namilio Verify,Messaging,Usage,verification,0.05,5,0.0475,48421,2300,true
OPP-20207,ACC-1007,VOICE-AGENT,Namilio Voice Agents,Voice,Usage,minute,0.09,10,0.081,7949383,643900,true
OPP-20208,ACC-1100,VOICE-AGENT,Namilio Voice Agents,Voice,Usage,minute,0.09,15,0.0765,989542,75700,true
OPP-20208,ACC-1100,CONNECT-ENT,Namilio Connect Enterprise,Platform,Platform,year,48000,35,31200,1,98200,false
OPP-20209,ACC-1134,STUDIO,Namilio Studio,Platform,Seat,seat/year,540,15,459,42,19500,true
OPP-20209,ACC-1134,MSG-API,Namilio Messaging API,Messaging,Usage,message,0.0075,5,0.00712,2063158,14700,false
OPP-20209,ACC-1134,CONNECT-ENT,Namilio Connect Enterprise,Platform,Platform,year,48000,25,36000,1,8400,false
OPP-20210,ACC-1086,STUDIO,Namilio Studio,Platform,Seat,seat/year,540,5,513,1413,724800,true
OPP-20210,ACC-1086,CONNECT-ENT,Namilio Connect Enterprise,Platform,Platform,year,48000,0,48000,1,802700,false
OPP-20210,ACC-1086,COPILOT-API,Namilio Copilot API,AI,Usage,1K tokens,0.011,0,0.011,37490909,412400,false
OPP-20210,ACC-1086,VERIFY,Namilio Verify,Messaging,Usage,verification,0.05,0,0.05,7274000,363700,false
OPP-20211,ACC-1073,STUDIO,Namilio Studio,Platform,Seat,seat/year,540,0,540,303,163400,true
OPP-20211,ACC-1073,CONNECT-ENT,Namilio Connect Enterprise,Platform,Platform,year,48000,10,43200,1,349400,false
OPP-20211,ACC-1073,VOICE-AGENT,Namilio Voice Agents,Voice,Usage,minute,0.09,10,0.081,3539506,286700,false
OPP-20212,ACC-1107,COPILOT-API,Namilio Copilot API,AI,Usage,1K tokens,0.011,20,0.0088,8386364,73800,true
OPP-20212,ACC-1107,STUDIO,Namilio Studio,Platform,Seat,seat/year,540,0,540,107,57900,false
OPP-20213,ACC-1047,MSG-API,Namilio Messaging API,Messaging,Usage,message,0.0075,0,0.0075,1093333,8200,true
OPP-20213,ACC-1047,CONNECT-ENT,Namilio Connect Enterprise,Platform,Platform,year,48000,15,40800,1,4900,false
OPP-20214,ACC-1051,STUDIO,Namilio Studio,Platform,Seat,seat/year,540,20,432,25,10900,true
OPP-20215,ACC-1095,STUDIO,Namilio Studio,Platform,Seat,seat/year,540,5,513,485,248900,true
OPP-20216,ACC-1035,STUDIO,Namilio Studio,Platform,Seat,seat/year,540,35,351,72,25100,true
OPP-20217,ACC-1087,COPILOT-API,Namilio Copilot API,AI,Usage,1K tokens,0.011,0,0.011,818182,9000,true
OPP-20217,ACC-1087,CONNECT-ENT,Namilio Connect Enterprise,Platform,Platform,year,48000,20,38400,1,12800,false
OPP-20217,ACC-1087,VERIFY,Namilio Verify,Messaging,Usage,verification,0.05,0,0.05,442000,22100,false
OPP-20218,ACC-1042,VOICE-AGENT,Namilio Voice Agents,Voice,Usage,minute,0.09,5,0.0855,14552047,1244200,true
OPP-20218,ACC-1042,CONNECT-ENT,Namilio Connect Enterprise,Platform,Platform,year,48000,15,40800,1,1336100,false
OPP-20218,ACC-1042,VERIFY,Namilio Verify,Messaging,Usage,verification,0.05,5,0.0475,12400000,589000,false
OPP-20219,ACC-1107,STUDIO,Namilio Studio,Platform,Seat,seat/year,540,10,486,46,22500,true
OPP-20219,ACC-1107,COPILOT-API,Namilio Copilot API,AI,Usage,1K tokens,0.011,10,0.0099,3949495,39100,false
OPP-20219,ACC-1107,MSG-API,Namilio Messaging API,Messaging,Usage,message,0.0075,0,0.0075,4640000,34800,false
OPP-20220,ACC-1037,VOICE-AGENT,Namilio Voice Agents,Voice,Usage,minute,0.09,15,0.0765,132026,10100,true
OPP-20221,ACC-1115,VERIFY,Namilio Verify,Messaging,Usage,verification,0.05,5,0.0475,261053,12400,true
OPP-20221,ACC-1115,STUDIO,Namilio Studio,Platform,Seat,seat/year,540,15,459,66,30500,false
OPP-20222,ACC-1108,VERIFY,Namilio Verify,Messaging,Usage,verification,0.05,5,0.0475,261053,12400,true
OPP-20223,ACC-1123,MSG-API,Namilio Messaging API,Messaging,Usage,message,0.0075,5,0.00712,407018,2900,true
OPP-20224,ACC-1057,VOICE-AGENT,Namilio Voice Agents,Voice,Usage,minute,0.09,0,0.09,486667,43800,true
OPP-20225,ACC-1093,VOICE-AGENT,Namilio Voice Agents,Voice,Usage,minute,0.09,5,0.0855,1204678,103000,true
OPP-20225,ACC-1093,COPILOT-API,Namilio Copilot API,AI,Usage,1K tokens,0.011,25,0.00825,13806061,113900,false
OPP-20225,ACC-1093,MSG-API,Namilio Messaging API,Messaging,Usage,message,0.0075,0,0.0075,9773333,73300,false
OPP-20226,ACC-1092,VOICE-AGENT,Namilio Voice Agents,Voice,Usage,minute,0.09,0,0.09,203333,18300,true
OPP-20227,ACC-1115,VERIFY,Namilio Verify,Messaging,Usage,verification,0.05,0,0.05,296000,14800,true
OPP-20227,ACC-1115,VOICE-AGENT,Namilio Voice Agents,Voice,Usage,minute,0.09,0,0.09,168889,15200,false
OPP-20228,ACC-1050,COPILOT-API,Namilio Copilot API,AI,Usage,1K tokens,0.011,5,0.01045,2765550,28900,true
OPP-20229,ACC-1019,STUDIO,Namilio Studio,Platform,Seat,seat/year,540,0,540,55,29800,true
OPP-20230,ACC-1057,VERIFY,Namilio Verify,Messaging,Usage,verification,0.05,0,0.05,118000,5900,true
OPP-20230,ACC-1057,MSG-API,Namilio Messaging API,Messaging,Usage,message,0.0075,25,0.00562,1315556,7400,false
OPP-20231,ACC-1121,CONNECT-ENT,Namilio Connect Enterprise,Platform,Platform,year,48000,5,45600,1,7700,true
OPP-20231,ACC-1121,STUDIO,Namilio Studio,Platform,Seat,seat/year,540,0,540,31,17000,false
OPP-20231,ACC-1121,VERIFY,Namilio Verify,Messaging,Usage,verification,0.05,0,0.05,308000,15400,false
OPP-20232,ACC-1050,CONNECT-ENT,Namilio Connect Enterprise,Platform,Platform,year,48000,10,43200,1,17200,true
OPP-20232,ACC-1050,VERIFY,Namilio Verify,Messaging,Usage,verification,0.05,10,0.045,488889,22000,false
OPP-20233,ACC-1108,STUDIO,Namilio Studio,Platform,Seat,seat/year,540,0,540,11,6200,true
OPP-20234,ACC-1045,VERIFY,Namilio Verify,Messaging,Usage,verification,0.05,25,0.0375,165333,6200,true
OPP-20235,ACC-1001,VOICE-AGENT,Namilio Voice Agents,Voice,Usage,minute,0.09,5,0.0855,69006,5900,true
OPP-20236,ACC-1025,COPILOT-API,Namilio Copilot API,AI,Usage,1K tokens,0.011,0,0.011,1109091,12200,true
OPP-20237,ACC-1062,VERIFY,Namilio Verify,Messaging,Usage,verification,0.05,10,0.045,908889,40900,true
OPP-20238,ACC-1121,STUDIO,Namilio Studio,Platform,Seat,seat/year,540,0,540,34,18600,true
OPP-20238,ACC-1121,CONNECT-ENT,Namilio Connect Enterprise,Platform,Platform,year,48000,0,48000,1,16200,false
OPP-20239,ACC-1084,VOICE-AGENT,Namilio Voice Agents,Voice,Usage,minute,0.09,25,0.0675,118519,8000,true
OPP-20239,ACC-1084,COPILOT-API,Namilio Copilot API,AI,Usage,1K tokens,0.011,5,0.01045,411483,4300,false
OPP-20239,ACC-1084,MSG-API,Namilio Messaging API,Messaging,Usage,message,0.0075,0,0.0075,426667,3200,false
OPP-20240,ACC-1070,CONNECT-ENT,Namilio Connect Enterprise,Platform,Platform,year,48000,5,45600,1,35600,true
OPP-20241,ACC-1028,VOICE-AGENT,Namilio Voice Agents,Voice,Usage,minute,0.09,5,0.0855,1805848,154400,true
OPP-20242,ACC-1027,MSG-API,Namilio Messaging API,Messaging,Usage,message,0.0075,5,0.00712,14063158,100200,true
OPP-20242,ACC-1027,CONNECT-ENT,Namilio Connect Enterprise,Platform,Platform,year,48000,5,45600,1,116800,false
OPP-20242,ACC-1027,VOICE-AGENT,Namilio Voice Agents,Voice,Usage,minute,0.09,10,0.081,1266667,102600,false
OPP-20243,ACC-1046,CONNECT-ENT,Namilio Connect Enterprise,Platform,Platform,year,48000,0,48000,1,254700,true
OPP-20243,ACC-1046,VOICE-AGENT,Namilio Voice Agents,Voice,Usage,minute,0.09,10,0.081,2824691,228800,false
OPP-20243,ACC-1046,STUDIO,Namilio Studio,Platform,Seat,seat/year,540,15,459,371,170200,false
OPP-20243,ACC-1046,MSG-API,Namilio Messaging API,Messaging,Usage,message,0.0075,5,0.00712,32828070,233900,false
OPP-20244,ACC-1103,STUDIO,Namilio Studio,Platform,Seat,seat/year,540,0,540,180,97200,true
OPP-20244,ACC-1103,VERIFY,Namilio Verify,Messaging,Usage,verification,0.05,20,0.04,4562500,182500,false
OPP-20244,ACC-1103,MSG-API,Namilio Messaging API,Messaging,Usage,message,0.0075,20,0.006,18716667,112300,false
OPP-20245,ACC-1073,CONNECT-ENT,Namilio Connect Enterprise,Platform,Platform,year,48000,0,48000,1,137700,true
OPP-20245,ACC-1073,VOICE-AGENT,Namilio Voice Agents,Voice,Usage,minute,0.09,10,0.081,1956790,158500,false
OPP-20245,ACC-1073,STUDIO,Namilio Studio,Platform,Seat,seat/year,540,5,513,267,136900,false
OPP-20246,ACC-1118,CONNECT-ENT,Namilio Connect Enterprise,Platform,Platform,year,48000,15,40800,1,1220500,true
OPP-20246,ACC-1118,MSG-API,Namilio Messaging API,Messaging,Usage,message,0.0075,5,0.00712,163536842,1165200,false
OPP-20246,ACC-1118,VERIFY,Namilio Verify,Messaging,Usage,verification,0.05,0,0.05,12252000,612600,false
OPP-20247,ACC-1134,VOICE-AGENT,Namilio Voice Agents,Voice,Usage,minute,0.09,0,0.09,140000,12600,true
OPP-20247,ACC-1134,MSG-API,Namilio Messaging API,Messaging,Usage,message,0.0075,15,0.00637,1458824,9300,false
OPP-20247,ACC-1134,STUDIO,Namilio Studio,Platform,Seat,seat/year,540,5,513,20,10100,false
OPP-20248,ACC-1137,VERIFY,Namilio Verify,Messaging,Usage,verification,0.05,0,0.05,940000,47000,true
OPP-20248,ACC-1137,STUDIO,Namilio Studio,Platform,Seat,seat/year,540,20,432,187,80800,false
OPP-20249,ACC-1075,VERIFY,Namilio Verify,Messaging,Usage,verification,0.05,0,0.05,4940000,247000,true
OPP-20249,ACC-1075,MSG-API,Namilio Messaging API,Messaging,Usage,message,0.0075,0,0.0075,28866667,216500,false
OPP-20249,ACC-1075,STUDIO,Namilio Studio,Platform,Seat,seat/year,540,0,540,424,228900,false
OPP-20249,ACC-1075,VOICE-AGENT,Namilio Voice Agents,Voice,Usage,minute,0.09,0,0.09,2735556,246200,false
OPP-20249,ACC-1075,COPILOT-API,Namilio Copilot API,AI,Usage,1K tokens,0.011,5,0.01045,14076555,147100,false
OPP-20250,ACC-1079,COPILOT-API,Namilio Copilot API,AI,Usage,1K tokens,0.011,0,0.011,154545,1700,true
OPP-20251,ACC-1137,MSG-API,Namilio Messaging API,Messaging,Usage,message,0.0075,15,0.00637,18258824,116400,true
OPP-20251,ACC-1137,STUDIO,Namilio Studio,Platform,Seat,seat/year,540,15,459,115,52800,false
OPP-20252,ACC-1090,VOICE-AGENT,Namilio Voice Agents,Voice,Usage,minute,0.09,0,0.09,391111,35200,true
OPP-20253,ACC-1038,CONNECT-ENT,Namilio Connect Enterprise,Platform,Platform,year,48000,10,43200,1,86400,true
OPP-20253,ACC-1038,MSG-API,Namilio Messaging API,Messaging,Usage,message,0.0075,20,0.006,12383333,74300,false
OPP-20254,ACC-1124,VOICE-AGENT,Namilio Voice Agents,Voice,Usage,minute,0.09,25,0.0675,420741,28400,true
OPP-20254,ACC-1124,MSG-API,Namilio Messaging API,Messaging,Usage,message,0.0075,35,0.00487,7487179,36500,false
OPP-20254,ACC-1124,CONNECT-ENT,Namilio Connect Enterprise,Platform,Platform,year,48000,0,48000,1,23800,false
OPP-20255,ACC-1043,CONNECT-ENT,Namilio Connect Enterprise,Platform,Platform,year,48000,10,43200,1,410500,true
OPP-20255,ACC-1043,VOICE-AGENT,Namilio Voice Agents,Voice,Usage,minute,0.09,15,0.0765,4520261,345800,false
OPP-20255,ACC-1043,COPILOT-API,Namilio Copilot API,AI,Usage,1K tokens,0.011,0,0.011,38836364,427200,false
OPP-20255,ACC-1043,MSG-API,Namilio Messaging API,Messaging,Usage,message,0.0075,0,0.0075,57200000,429000,false
OPP-20256,ACC-1038,MSG-API,Namilio Messaging API,Messaging,Usage,message,0.0075,0,0.0075,9106667,68300,true
OPP-20256,ACC-1038,CONNECT-ENT,Namilio Connect Enterprise,Platform,Platform,year,48000,35,31200,1,62500,false
OPP-20257,ACC-1094,COPILOT-API,Namilio Copilot API,AI,Usage,1K tokens,0.011,10,0.0099,555556,5500,true
OPP-20258,ACC-1043,STUDIO,Namilio Studio,Platform,Seat,seat/year,540,10,486,1849,898500,true
OPP-20258,ACC-1043,VERIFY,Namilio Verify,Messaging,Usage,verification,0.05,20,0.04,11030000,441200,false
OPP-20258,ACC-1043,CONNECT-ENT,Namilio Connect Enterprise,Platform,Platform,year,48000,0,48000,1,512800,false
OPP-20258,ACC-1043,COPILOT-API,Namilio Copilot API,AI,Usage,1K tokens,0.011,0,0.011,64500000,709500,false
OPP-20259,ACC-1102,VOICE-AGENT,Namilio Voice Agents,Voice,Usage,minute,0.09,15,0.0765,1398693,107000,true
OPP-20260,ACC-1072,VERIFY,Namilio Verify,Messaging,Usage,verification,0.05,0,0.05,210000,10500,true
OPP-20260,ACC-1072,CONNECT-ENT,Namilio Connect Enterprise,Platform,Platform,year,48000,0,48000,1,6500,false
OPP-20261,ACC-1073,MSG-API,Namilio Messaging API,Messaging,Usage,message,0.0075,0,0.0075,90066667,675500,true
OPP-20262,ACC-1104,STUDIO,Namilio Studio,Platform,Seat,seat/year,540,0,540,22,11900,true
OPP-20263,ACC-1119,VOICE-AGENT,Namilio Voice Agents,Voice,Usage,minute,0.09,15,0.0765,3318954,253900,true
OPP-20263,ACC-1119,COPILOT-API,Namilio Copilot API,AI,Usage,1K tokens,0.011,0,0.011,8045455,88500,false
OPP-20264,ACC-1087,VERIFY,Namilio Verify,Messaging,Usage,verification,0.05,10,0.045,453333,20400,true
OPP-20265,ACC-1055,VOICE-AGENT,Namilio Voice Agents,Voice,Usage,minute,0.09,5,0.0855,246784,21100,true
OPP-20265,ACC-1055,VERIFY,Namilio Verify,Messaging,Usage,verification,0.05,10,0.045,480000,21600,false
OPP-20266,ACC-1086,STUDIO,Namilio Studio,Platform,Seat,seat/year,540,15,459,718,329400,true
OPP-20266,ACC-1086,CONNECT-ENT,Namilio Connect Enterprise,Platform,Platform,year,48000,10,43200,1,233100,false
OPP-20266,ACC-1086,VOICE-AGENT,Namilio Voice Agents,Voice,Usage,minute,0.09,25,0.0675,3810370,257200,false
OPP-20267,ACC-1010,STUDIO,Namilio Studio,Platform,Seat,seat/year,540,5,513,93,47500,true
OPP-20268,ACC-1106,VOICE-AGENT,Namilio Voice Agents,Voice,Usage,minute,0.09,0,0.09,174444,15700,true
OPP-20269,ACC-1015,STUDIO,Namilio Studio,Platform,Seat,seat/year,540,10,486,31,15000,true
OPP-20270,ACC-1053,VOICE-AGENT,Namilio Voice Agents,Voice,Usage,minute,0.09,0,0.09,33333,3000,true
OPP-20271,ACC-1129,VOICE-AGENT,Namilio Voice Agents,Voice,Usage,minute,0.09,5,0.0855,51462,4400,true
OPP-20272,ACC-1139,CONNECT-ENT,Namilio Connect Enterprise,Platform,Platform,year,48000,35,31200,1,234400,true
OPP-20272,ACC-1139,MSG-API,Namilio Messaging API,Messaging,Usage,message,0.0075,5,0.00712,50442105,359400,false
OPP-20273,ACC-1061,CONNECT-ENT,Namilio Connect Enterprise,Platform,Platform,year,48000,0,48000,1,84200,true
OPP-20273,ACC-1061,STUDIO,Namilio Studio,Platform,Seat,seat/year,540,0,540,76,41000,false
OPP-20274,ACC-1112,CONNECT-ENT,Namilio Connect Enterprise,Platform,Platform,year,48000,0,48000,1,39200,true
OPP-20274,ACC-1112,MSG-API,Namilio Messaging API,Messaging,Usage,message,0.0075,10,0.00675,12207407,82400,false
OPP-20275,ACC-1069,MSG-API,Namilio Messaging API,Messaging,Usage,message,0.0075,5,0.00712,1445614,10300,true
OPP-20276,ACC-1110,VERIFY,Namilio Verify,Messaging,Usage,verification,0.05,10,0.045,5413333,243600,true
OPP-20276,ACC-1110,COPILOT-API,Namilio Copilot API,AI,Usage,1K tokens,0.011,10,0.0099,16494949,163300,false
OPP-20277,ACC-1028,STUDIO,Namilio Studio,Platform,Seat,seat/year,540,10,486,122,59500,true
OPP-20277,ACC-1028,COPILOT-API,Namilio Copilot API,AI,Usage,1K tokens,0.011,25,0.00825,5042424,41600,false
OPP-20277,ACC-1028,CONNECT-ENT,Namilio Connect Enterprise,Platform,Platform,year,48000,15,40800,1,27300,false
OPP-20278,ACC-1051,VOICE-AGENT,Namilio Voice Agents,Voice,Usage,minute,0.09,0,0.09,126667,11400,true
OPP-20279,ACC-1018,STUDIO,Namilio Studio,Platform,Seat,seat/year,540,0,540,21,11500,true
OPP-20280,ACC-1011,VOICE-AGENT,Namilio Voice Agents,Voice,Usage,minute,0.09,0,0.09,165556,14900,true
OPP-20280,ACC-1011,MSG-API,Namilio Messaging API,Messaging,Usage,message,0.0075,10,0.00675,2266667,15300,false
OPP-20281,ACC-1119,STUDIO,Namilio Studio,Platform,Seat,seat/year,540,5,513,1091,559800,true
OPP-20282,ACC-1024,COPILOT-API,Namilio Copilot API,AI,Usage,1K tokens,0.011,0,0.011,581818,6400,true
OPP-20282,ACC-1024,CONNECT-ENT,Namilio Connect Enterprise,Platform,Platform,year,48000,0,48000,1,3100,false
OPP-20283,ACC-1068,STUDIO,Namilio Studio,Platform,Seat,seat/year,540,10,486,18,8600,true
OPP-20284,ACC-1027,COPILOT-API,Namilio Copilot API,AI,Usage,1K tokens,0.011,20,0.0088,36420455,320500,true
OPP-20284,ACC-1027,VERIFY,Namilio Verify,Messaging,Usage,verification,0.05,5,0.0475,5292632,251400,false
OPP-20285,ACC-1038,STUDIO,Namilio Studio,Platform,Seat,seat/year,540,15,459,70,32000,true
OPP-20285,ACC-1038,CONNECT-ENT,Namilio Connect Enterprise,Platform,Platform,year,48000,0,48000,1,25300,false
OPP-20285,ACC-1038,VOICE-AGENT,Namilio Voice Agents,Voice,Usage,minute,0.09,0,0.09,262222,23600,false
OPP-20286,ACC-1055,VERIFY,Namilio Verify,Messaging,Usage,verification,0.05,15,0.0425,101176,4300,true
OPP-20286,ACC-1055,CONNECT-ENT,Namilio Connect Enterprise,Platform,Platform,year,48000,0,48000,1,5500,false
OPP-20286,ACC-1055,MSG-API,Namilio Messaging API,Messaging,Usage,message,0.0075,15,0.00637,1082353,6900,false
OPP-20287,ACC-1036,VOICE-AGENT,Namilio Voice Agents,Voice,Usage,minute,0.09,0,0.09,51111,4600,true
OPP-20288,ACC-1119,STUDIO,Namilio Studio,Platform,Seat,seat/year,540,0,540,127,68400,true
OPP-20288,ACC-1119,VERIFY,Namilio Verify,Messaging,Usage,verification,0.05,0,0.05,2368000,118400,false
OPP-20289,ACC-1032,COPILOT-API,Namilio Copilot API,AI,Usage,1K tokens,0.011,15,0.00935,1454545,13600,true
OPP-20290,ACC-1109,VOICE-AGENT,Namilio Voice Agents,Voice,Usage,minute,0.09,5,0.0855,100585,8600,true
OPP-20291,ACC-1009,STUDIO,Namilio Studio,Platform,Seat,seat/year,540,0,540,641,345900,true
OPP-20291,ACC-1009,MSG-API,Namilio Messaging API,Messaging,Usage,message,0.0075,0,0.0075,49640000,372300,false
OPP-20292,ACC-1012,COPILOT-API,Namilio Copilot API,AI,Usage,1K tokens,0.011,0,0.011,5927273,65200,true
OPP-20293,ACC-1099,VERIFY,Namilio Verify,Messaging,Usage,verification,0.05,20,0.04,307500,12300,true
OPP-20294,ACC-1092,VOICE-AGENT,Namilio Voice Agents,Voice,Usage,minute,0.09,35,0.0585,639316,37400,true
OPP-20295,ACC-1092,CONNECT-ENT,Namilio Connect Enterprise,Platform,Platform,year,48000,10,43200,1,6100,true
OPP-20295,ACC-1092,STUDIO,Namilio Studio,Platform,Seat,seat/year,540,15,459,23,10500,false
OPP-20295,ACC-1092,MSG-API,Namilio Messaging API,Messaging,Usage,message,0.0075,10,0.00675,2296296,15500,false
OPP-20296,ACC-1009,MSG-API,Namilio Messaging API,Messaging,Usage,message,0.0075,5,0.00712,19228070,137000,true
OPP-20296,ACC-1009,CONNECT-ENT,Namilio Connect Enterprise,Platform,Platform,year,48000,20,38400,1,461400,false
OPP-20297,ACC-1087,CONNECT-ENT,Namilio Connect Enterprise,Platform,Platform,year,48000,0,48000,1,9100,true
OPP-20297,ACC-1087,VOICE-AGENT,Namilio Voice Agents,Voice,Usage,minute,0.09,25,0.0675,287407,19400,false
OPP-20297,ACC-1087,STUDIO,Namilio Studio,Platform,Seat,seat/year,540,0,540,20,10600,false
OPP-20298,ACC-1132,VOICE-AGENT,Namilio Voice Agents,Voice,Usage,minute,0.09,0,0.09,154444,13900,true
OPP-20298,ACC-1132,STUDIO,Namilio Studio,Platform,Seat,seat/year,540,0,540,30,16200,false
OPP-20298,ACC-1132,CONNECT-ENT,Namilio Connect Enterprise,Platform,Platform,year,48000,25,36000,1,14000,false
OPP-20299,ACC-1041,STUDIO,Namilio Studio,Platform,Seat,seat/year,540,5,513,28,14500,true
OPP-20299,ACC-1041,CONNECT-ENT,Namilio Connect Enterprise,Platform,Platform,year,48000,15,40800,1,23100,false
OPP-20299,ACC-1041,VOICE-AGENT,Namilio Voice Agents,Voice,Usage,minute,0.09,5,0.0855,145029,12400,false
OPP-20300,ACC-1133,VOICE-AGENT,Namilio Voice Agents,Voice,Usage,minute,0.09,15,0.0765,2260131,172900,true
OPP-20301,ACC-1004,COPILOT-API,Namilio Copilot API,AI,Usage,1K tokens,0.011,25,0.00825,1175758,9700,true
OPP-20301,ACC-1004,VERIFY,Namilio Verify,Messaging,Usage,verification,0.05,0,0.05,196000,9800,false
OPP-20301,ACC-1004,STUDIO,Namilio Studio,Platform,Seat,seat/year,540,0,540,15,8200,false
OPP-20302,ACC-1113,STUDIO,Namilio Studio,Platform,Seat,seat/year,540,0,540,106,57200,true
OPP-20302,ACC-1113,COPILOT-API,Namilio Copilot API,AI,Usage,1K tokens,0.011,15,0.00935,6727273,62900,false
OPP-20302,ACC-1113,CONNECT-ENT,Namilio Connect Enterprise,Platform,Platform,year,48000,5,45600,1,54500,false
OPP-20303,ACC-1005,VERIFY,Namilio Verify,Messaging,Usage,verification,0.05,5,0.0475,1724211,81900,true
OPP-20303,ACC-1005,VOICE-AGENT,Namilio Voice Agents,Voice,Usage,minute,0.09,5,0.0855,2630409,224900,false
OPP-20303,ACC-1005,STUDIO,Namilio Studio,Platform,Seat,seat/year,540,0,540,200,107800,false
OPP-20304,ACC-1039,VERIFY,Namilio Verify,Messaging,Usage,verification,0.05,0,0.05,8936000,446800,true
OPP-20305,ACC-1027,COPILOT-API,Namilio Copilot API,AI,Usage,1K tokens,0.011,5,0.01045,51799043,541300,true
OPP-20306,ACC-1063,VOICE-AGENT,Namilio Voice Agents,Voice,Usage,minute,0.09,15,0.0765,150327,11500,true
OPP-20307,ACC-1095,VOICE-AGENT,Namilio Voice Agents,Voice,Usage,minute,0.09,5,0.0855,6449123,551400,true
OPP-20308,ACC-1023,VERIFY,Namilio Verify,Messaging,Usage,verification,0.05,15,0.0425,7023529,298500,true
OPP-20308,ACC-1023,VOICE-AGENT,Namilio Voice Agents,Voice,Usage,minute,0.09,20,0.072,8090278,582500,false
OPP-20308,ACC-1023,MSG-API,Namilio Messaging API,Messaging,Usage,message,0.0075,0,0.0075,75706667,567800,false
OPP-20308,ACC-1023,STUDIO,Namilio Studio,Platform,Seat,seat/year,540,0,540,561,303000,false
OPP-20308,ACC-1023,CONNECT-ENT,Namilio Connect Enterprise,Platform,Platform,year,48000,20,38400,1,528700,false
OPP-20309,ACC-1066,VOICE-AGENT,Namilio Voice Agents,Voice,Usage,minute,0.09,5,0.0855,69006,5900,true
OPP-20310,ACC-1020,STUDIO,Namilio Studio,Platform,Seat,seat/year,540,20,432,14,6000,true
OPP-20311,ACC-1020,VOICE-AGENT,Namilio Voice Agents,Voice,Usage,minute,0.09,10,0.081,75309,6100,true
OPP-20312,ACC-1038,VOICE-AGENT,Namilio Voice Agents,Voice,Usage,minute,0.09,10,0.081,322222,26100,true
OPP-20312,ACC-1038,VERIFY,Namilio Verify,Messaging,Usage,verification,0.05,0,0.05,826000,41300,false
OPP-20312,ACC-1038,COPILOT-API,Namilio Copilot API,AI,Usage,1K tokens,0.011,0,0.011,3918182,43100,false
OPP-20313,ACC-1136,COPILOT-API,Namilio Copilot API,AI,Usage,1K tokens,0.011,0,0.011,1045455,11500,true
OPP-20314,ACC-1071,MSG-API,Namilio Messaging API,Messaging,Usage,message,0.0075,10,0.00675,6992593,47200,true
OPP-20314,ACC-1071,VERIFY,Namilio Verify,Messaging,Usage,verification,0.05,0,0.05,1036000,51800,false
OPP-20315,ACC-1105,COPILOT-API,Namilio Copilot API,AI,Usage,1K tokens,0.011,15,0.00935,770053,7200,true
OPP-20316,ACC-1128,VOICE-AGENT,Namilio Voice Agents,Voice,Usage,minute,0.09,10,0.081,481481,39000,true
OPP-20316,ACC-1128,STUDIO,Namilio Studio,Platform,Seat,seat/year,540,15,459,151,69400,false
OPP-20316,ACC-1128,CONNECT-ENT,Namilio Connect Enterprise,Platform,Platform,year,48000,0,48000,1,58800,false
OPP-20317,ACC-1129,VERIFY,Namilio Verify,Messaging,Usage,verification,0.05,25,0.0375,37333,1400,true
OPP-20318,ACC-1133,STUDIO,Namilio Studio,Platform,Seat,seat/year,540,0,540,202,108900,true
OPP-20319,ACC-1096,VOICE-AGENT,Namilio Voice Agents,Voice,Usage,minute,0.09,0,0.09,331111,29800,true
OPP-20319,ACC-1096,STUDIO,Namilio Studio,Platform,Seat,seat/year,540,5,513,65,33500,false
OPP-20319,ACC-1096,COPILOT-API,Namilio Copilot API,AI,Usage,1K tokens,0.011,5,0.01045,4631579,48400,false
OPP-20320,ACC-1031,VOICE-AGENT,Namilio Voice Agents,Voice,Usage,minute,0.09,0,0.09,114444,10300,true
OPP-20320,ACC-1031,STUDIO,Namilio Studio,Platform,Seat,seat/year,540,0,540,14,7300,false
OPP-20321,ACC-1004,STUDIO,Namilio Studio,Platform,Seat,seat/year,540,10,486,29,14300,true
OPP-20322,ACC-1045,MSG-API,Namilio Messaging API,Messaging,Usage,message,0.0075,25,0.00562,1457778,8200,true
OPP-20323,ACC-1084,CONNECT-ENT,Namilio Connect Enterprise,Platform,Platform,year,48000,0,48000,1,4100,true
OPP-20323,ACC-1084,STUDIO,Namilio Studio,Platform,Seat,seat/year,540,10,486,9,4500,false
OPP-20323,ACC-1084,VERIFY,Namilio Verify,Messaging,Usage,verification,0.05,0,0.05,70000,3500,false
OPP-20324,ACC-1096,COPILOT-API,Namilio Copilot API,AI,Usage,1K tokens,0.011,5,0.01045,10401914,108700,true
OPP-20324,ACC-1096,MSG-API,Namilio Messaging API,Messaging,Usage,message,0.0075,5,0.00712,8294737,59100,false
OPP-20325,ACC-1019,MSG-API,Namilio Messaging API,Messaging,Usage,message,0.0075,0,0.0075,1293333,9700,true
OPP-20325,ACC-1019,COPILOT-API,Namilio Copilot API,AI,Usage,1K tokens,0.011,0,0.011,654545,7200,false
OPP-20325,ACC-1019,STUDIO,Namilio Studio,Platform,Seat,seat/year,540,10,486,27,13300,false
OPP-20326,ACC-1110,CONNECT-ENT,Namilio Connect Enterprise,Platform,Platform,year,48000,25,36000,1,751600,true
OPP-20327,ACC-1049,MSG-API,Namilio Messaging API,Messaging,Usage,message,0.0075,5,0.00712,1136842,8100,true
OPP-20328,ACC-1047,STUDIO,Namilio Studio,Platform,Seat,seat/year,540,10,486,52,25500,true
OPP-20328,ACC-1047,MSG-API,Namilio Messaging API,Messaging,Usage,message,0.0075,5,0.00712,1936842,13800,false
OPP-20329,ACC-1004,MSG-API,Namilio Messaging API,Messaging,Usage,message,0.0075,10,0.00675,4000000,27000,true
OPP-20329,ACC-1004,COPILOT-API,Namilio Copilot API,AI,Usage,1K tokens,0.011,10,0.0099,959596,9500,false
OPP-20330,ACC-1077,CONNECT-ENT,Namilio Connect Enterprise,Platform,Platform,year,48000,0,48000,1,99100,true
OPP-20331,ACC-1052,CONNECT-ENT,Namilio Connect Enterprise,Platform,Platform,year,48000,0,48000,1,11500,true
OPP-20331,ACC-1052,COPILOT-API,Namilio Copilot API,AI,Usage,1K tokens,0.011,25,0.00825,1224242,10100,false
OPP-20332,ACC-1018,STUDIO,Namilio Studio,Platform,Seat,seat/year,540,0,540,7,3700,true
OPP-20333,ACC-1087,COPILOT-API,Namilio Copilot API,AI,Usage,1K tokens,0.011,25,0.00825,315152,2600,true
OPP-20333,ACC-1087,VOICE-AGENT,Namilio Voice Agents,Voice,Usage,minute,0.09,10,0.081,80247,6500,false
OPP-20334,ACC-1033,STUDIO,Namilio Studio,Platform,Seat,seat/year,540,0,540,26,13900,true
OPP-20335,ACC-1052,MSG-API,Namilio Messaging API,Messaging,Usage,message,0.0075,15,0.00637,2164706,13800,true
OPP-20335,ACC-1052,VOICE-AGENT,Namilio Voice Agents,Voice,Usage,minute,0.09,15,0.0765,258824,19800,false
OPP-20336,ACC-1075,COPILOT-API,Namilio Copilot API,AI,Usage,1K tokens,0.011,5,0.01045,43291866,452400,true
OPP-20336,ACC-1075,VERIFY,Namilio Verify,Messaging,Usage,verification,0.05,15,0.0425,19329412,821500,false
OPP-20336,ACC-1075,MSG-API,Namilio Messaging API,Messaging,Usage,message,0.0075,0,0.0075,50706667,380300,false
OPP-20337,ACC-1032,VERIFY,Namilio Verify,Messaging,Usage,verification,0.05,20,0.04,190000,7600,true
OPP-20338,ACC-1094,MSG-API,Namilio Messaging API,Messaging,Usage,message,0.0075,5,0.00712,238596,1700,true
OPP-20339,ACC-1123,VOICE-AGENT,Namilio Voice Agents,Voice,Usage,minute,0.09,5,0.0855,153216,13100,true
OPP-20340,ACC-1024,COPILOT-API,Namilio Copilot API,AI,Usage,1K tokens,0.011,15,0.00935,2481283,23200,true
OPP-20340,ACC-1024,MSG-API,Namilio Messaging API,Messaging,Usage,message,0.0075,5,0.00712,1249123,8900,false
OPP-20341,ACC-1084,VERIFY,Namilio Verify,Messaging,Usage,verification,0.05,5,0.0475,90526,4300,true
OPP-20341,ACC-1084,CONNECT-ENT,Namilio Connect Enterprise,Platform,Platform,year,48000,0,48000,1,8500,false
OPP-20341,ACC-1084,MSG-API,Namilio Messaging API,Messaging,Usage,message,0.0075,15,0.00637,1741176,11100,false
OPP-20342,ACC-1073,VERIFY,Namilio Verify,Messaging,Usage,verification,0.05,15,0.0425,9708235,412600,true
OPP-20342,ACC-1073,VOICE-AGENT,Namilio Voice Agents,Voice,Usage,minute,0.09,25,0.0675,5130370,346300,false
OPP-20343,ACC-1130,VOICE-AGENT,Namilio Voice Agents,Voice,Usage,minute,0.09,15,0.0765,428758,32800,true
OPP-20344,ACC-1059,STUDIO,Namilio Studio,Platform,Seat,seat/year,540,5,513,375,192500,true
OPP-20344,ACC-1059,VOICE-AGENT,Namilio Voice Agents,Voice,Usage,minute,0.09,5,0.0855,964912,82500,false
OPP-20345,ACC-1012,STUDIO,Namilio Studio,Platform,Seat,seat/year,540,35,351,327,114700,true
OPP-20345,ACC-1012,COPILOT-API,Namilio Copilot API,AI,Usage,1K tokens,0.011,5,0.01045,4889952,51100,false
OPP-20346,ACC-1112,COPILOT-API,Namilio Copilot API,AI,Usage,1K tokens,0.011,5,0.01045,6076555,63500,true
OPP-20346,ACC-1112,STUDIO,Namilio Studio,Platform,Seat,seat/year,540,0,540,92,49900,false
OPP-20346,ACC-1112,MSG-API,Namilio Messaging API,Messaging,Usage,message,0.0075,20,0.006,7966667,47800,false
OPP-20347,ACC-1110,CONNECT-ENT,Namilio Connect Enterprise,Platform,Platform,year,48000,0,48000,1,191900,true
OPP-20347,ACC-1110,VOICE-AGENT,Namilio Voice Agents,Voice,Usage,minute,0.09,10,0.081,4233333,342900,false
OPP-20348,ACC-1008,VERIFY,Namilio Verify,Messaging,Usage,verification,0.05,0,0.05,740000,37000,true
OPP-20349,ACC-1025,COPILOT-API,Namilio Copilot API,AI,Usage,1K tokens,0.011,5,0.01045,200957,2100,true
OPP-20350,ACC-1044,VERIFY,Namilio Verify,Messaging,Usage,verification,0.05,0,0.05,154000,7700,true
OPP-20351,ACC-1031,VOICE-AGENT,Namilio Voice Agents,Voice,Usage,minute,0.09,25,0.0675,140741,9500,true
OPP-20351,ACC-1031,MSG-API,Namilio Messaging API,Messaging,Usage,message,0.0075,20,0.006,1500000,9000,false
OPP-20351,ACC-1031,COPILOT-API,Namilio Copilot API,AI,Usage,1K tokens,0.011,10,0.0099,888889,8800,false
OPP-20352,ACC-1030,VERIFY,Namilio Verify,Messaging,Usage,verification,0.05,0,0.05,278000,13900,true
OPP-20353,ACC-1004,VERIFY,Namilio Verify,Messaging,Usage,verification,0.05,5,0.0475,235789,11200,true
OPP-20353,ACC-1004,MSG-API,Namilio Messaging API,Messaging,Usage,message,0.0075,0,0.0075,1306667,9800,false
OPP-20353,ACC-1004,STUDIO,Namilio Studio,Platform,Seat,seat/year,540,0,540,6,3300,false
OPP-20354,ACC-1030,STUDIO,Namilio Studio,Platform,Seat,seat/year,540,10,486,13,6400,true
OPP-20355,ACC-1122,VOICE-AGENT,Namilio Voice Agents,Voice,Usage,minute,0.09,35,0.0585,9598291,561500,true
OPP-20355,ACC-1122,COPILOT-API,Namilio Copilot API,AI,Usage,1K tokens,0.011,0,0.011,98709091,1085800,false
OPP-20355,ACC-1122,CONNECT-ENT,Namilio Connect Enterprise,Platform,Platform,year,48000,0,48000,1,451300,false
OPP-20355,ACC-1122,MSG-API,Namilio Messaging API,Messaging,Usage,message,0.0075,10,0.00675,51111111,345000,false
OPP-20356,ACC-1064,VERIFY,Namilio Verify,Messaging,Usage,verification,0.05,0,0.05,874000,43700,true
OPP-20356,ACC-1064,COPILOT-API,Namilio Copilot API,AI,Usage,1K tokens,0.011,0,0.011,3563636,39200,false
OPP-20356,ACC-1064,VOICE-AGENT,Namilio Voice Agents,Voice,Usage,minute,0.09,35,0.0585,1172650,68600,false
OPP-20357,ACC-1057,CONNECT-ENT,Namilio Connect Enterprise,Platform,Platform,year,48000,5,45600,1,14800,true
OPP-20357,ACC-1057,VOICE-AGENT,Namilio Voice Agents,Voice,Usage,minute,0.09,20,0.072,95833,6900,false
OPP-20357,ACC-1057,STUDIO,Namilio Studio,Platform,Seat,seat/year,540,5,513,24,12400,false
OPP-20358,ACC-1138,VOICE-AGENT,Namilio Voice Agents,Voice,Usage,minute,0.09,25,0.0675,122963,8300,true
OPP-20359,ACC-1058,COPILOT-API,Namilio Copilot API,AI,Usage,1K tokens,0.011,15,0.00935,3486631,32600,true
OPP-20360,ACC-1115,VERIFY,Namilio Verify,Messaging,Usage,verification,0.05,35,0.0325,646154,21000,true
OPP-20361,ACC-1097,CONNECT-ENT,Namilio Connect Enterprise,Platform,Platform,year,48000,25,36000,1,5100,true
OPP-20361,ACC-1097,COPILOT-API,Namilio Copilot API,AI,Usage,1K tokens,0.011,15,0.00935,663102,6200,false
OPP-20361,ACC-1097,VOICE-AGENT,Namilio Voice Agents,Voice,Usage,minute,0.09,5,0.0855,95906,8200,false
OPP-20362,ACC-1077,CONNECT-ENT,Namilio Connect Enterprise,Platform,Platform,year,48000,0,48000,1,34200,true
OPP-20362,ACC-1077,VERIFY,Namilio Verify,Messaging,Usage,verification,0.05,10,0.045,751111,33800,false
OPP-20362,ACC-1077,COPILOT-API,Namilio Copilot API,AI,Usage,1K tokens,0.011,0,0.011,3936364,43300,false
OPP-20363,ACC-1114,CONNECT-ENT,Namilio Connect Enterprise,Platform,Platform,year,48000,5,45600,1,476600,true
OPP-20363,ACC-1114,COPILOT-API,Namilio Copilot API,AI,Usage,1K tokens,0.011,0,0.011,20345455,223800,false
OPP-20363,ACC-1114,VERIFY,Namilio Verify,Messaging,Usage,verification,0.05,10,0.045,7831111,352400,false
OPP-20363,ACC-1114,STUDIO,Namilio Studio,Platform,Seat,seat/year,540,35,351,799,280300,false
OPP-20363,ACC-1114,VOICE-AGENT,Namilio Voice Agents,Voice,Usage,minute,0.09,0,0.09,5513333,496200,false
OPP-20364,ACC-1108,STUDIO,Namilio Studio,Platform,Seat,seat/year,540,5,513,7,3700,true
OPP-20365,ACC-1130,STUDIO,Namilio Studio,Platform,Seat,seat/year,540,15,459,17,7800,true
OPP-20365,ACC-1130,COPILOT-API,Namilio Copilot API,AI,Usage,1K tokens,0.011,0,0.011,1527273,16800,false
OPP-20365,ACC-1130,MSG-API,Namilio Messaging API,Messaging,Usage,message,0.0075,5,0.00712,1600000,11400,false
OPP-20366,ACC-1098,STUDIO,Namilio Studio,Platform,Seat,seat/year,540,20,432,47,20100,true
OPP-20366,ACC-1098,COPILOT-API,Namilio Copilot API,AI,Usage,1K tokens,0.011,0,0.011,2081818,22900,false
OPP-20366,ACC-1098,MSG-API,Namilio Messaging API,Messaging,Usage,message,0.0075,35,0.00487,2297436,11200,false
OPP-20367,ACC-1081,VERIFY,Namilio Verify,Messaging,Usage,verification,0.05,5,0.0475,2393684,113700,true
OPP-20367,ACC-1081,MSG-API,Namilio Messaging API,Messaging,Usage,message,0.0075,35,0.00487,13435897,65500,false
OPP-20368,ACC-1047,MSG-API,Namilio Messaging API,Messaging,Usage,message,0.0075,25,0.00562,7448889,41900,true
OPP-20369,ACC-1067,VERIFY,Namilio Verify,Messaging,Usage,verification,0.05,0,0.05,7370000,368500,true
OPP-20369,ACC-1067,STUDIO,Namilio Studio,Platform,Seat,seat/year,540,20,432,310,133900,false
OPP-20369,ACC-1067,MSG-API,Namilio Messaging API,Messaging,Usage,message,0.0075,10,0.00675,51911111,350400,false
OPP-20369,ACC-1067,VOICE-AGENT,Namilio Voice Agents,Voice,Usage,minute,0.09,35,0.0585,6085470,356000,false
OPP-20370,ACC-1057,CONNECT-ENT,Namilio Connect Enterprise,Platform,Platform,year,48000,5,45600,1,4800,true
OPP-20370,ACC-1057,COPILOT-API,Namilio Copilot API,AI,Usage,1K tokens,0.011,15,0.00935,363636,3400,false
OPP-20370,ACC-1057,STUDIO,Namilio Studio,Platform,Seat,seat/year,540,0,540,5,2900,false
OPP-20371,ACC-1075,STUDIO,Namilio Studio,Platform,Seat,seat/year,540,5,513,372,190700,true
OPP-20371,ACC-1075,VOICE-AGENT,Namilio Voice Agents,Voice,Usage,minute,0.09,35,0.0585,4022222,235300,false
OPP-20371,ACC-1075,VERIFY,Namilio Verify,Messaging,Usage,verification,0.05,5,0.0475,5305263,252000,false
OPP-20371,ACC-1075,MSG-API,Namilio Messaging API,Messaging,Usage,message,0.0075,15,0.00637,46164706,294300,false
OPP-20371,ACC-1075,CONNECT-ENT,Namilio Connect Enterprise,Platform,Platform,year,48000,0,48000,1,269800,false
OPP-20372,ACC-1059,VERIFY,Namilio Verify,Messaging,Usage,verification,0.05,20,0.04,10155000,406200,true
OPP-20372,ACC-1059,COPILOT-API,Namilio Copilot API,AI,Usage,1K tokens,0.011,15,0.00935,31721925,296600,false
OPP-20373,ACC-1113,VOICE-AGENT,Namilio Voice Agents,Voice,Usage,minute,0.09,10,0.081,628395,50900,true
OPP-20373,ACC-1113,VERIFY,Namilio Verify,Messaging,Usage,verification,0.05,25,0.0375,581333,21800,false
OPP-20374,ACC-1139,CONNECT-ENT,Namilio Connect Enterprise,Platform,Platform,year,48000,0,48000,1,278600,true
OPP-20374,ACC-1139,STUDIO,Namilio Studio,Platform,Seat,seat/year,540,0,540,371,200300,false
OPP-20375,ACC-1034,VOICE-AGENT,Namilio Voice Agents,Voice,Usage,minute,0.09,0,0.09,1295556,116600,true
OPP-20376,ACC-1107,CONNECT-ENT,Namilio Connect Enterprise,Platform,Platform,year,48000,35,31200,1,23900,true
OPP-20376,ACC-1107,STUDIO,Namilio Studio,Platform,Seat,seat/year,540,5,513,141,72400,false
OPP-20377,ACC-1014,VERIFY,Namilio Verify,Messaging,Usage,verification,0.05,20,0.04,162500,6500,true
OPP-20378,ACC-1038,COPILOT-API,Namilio Copilot API,AI,Usage,1K tokens,0.011,5,0.01045,7856459,82100,true
OPP-20378,ACC-1038,VERIFY,Namilio Verify,Messaging,Usage,verification,0.05,35,0.0325,1046154,34000,false
OPP-20379,ACC-1055,VOICE-AGENT,Namilio Voice Agents,Voice,Usage,minute,0.09,10,0.081,128395,10400,true
OPP-20379,ACC-1055,CONNECT-ENT,Namilio Connect Enterprise,Platform,Platform,year,48000,10,43200,1,6000,false
OPP-20380,ACC-1107,STUDIO,Namilio Studio,Platform,Seat,seat/year,540,10,486,90,43500,true
OPP-20380,ACC-1107,COPILOT-API,Namilio Copilot API,AI,Usage,1K tokens,0.011,5,0.01045,3674641,38400,false
OPP-20380,ACC-1107,CONNECT-ENT,Namilio Connect Enterprise,Platform,Platform,year,48000,25,36000,1,45300,false
OPP-20381,ACC-1046,VOICE-AGENT,Namilio Voice Agents,Voice,Usage,minute,0.09,5,0.0855,2534503,216700,true
OPP-20381,ACC-1046,COPILOT-API,Namilio Copilot API,AI,Usage,1K tokens,0.011,0,0.011,34881818,383700,false
OPP-20381,ACC-1046,STUDIO,Namilio Studio,Platform,Seat,seat/year,540,0,540,301,162800,false
OPP-20381,ACC-1046,VERIFY,Namilio Verify,Messaging,Usage,verification,0.05,15,0.0425,6068235,257900,false
OPP-20381,ACC-1046,MSG-API,Namilio Messaging API,Messaging,Usage,message,0.0075,0,0.0075,23400000,175500,false
OPP-20382,ACC-1097,STUDIO,Namilio Studio,Platform,Seat,seat/year,540,35,351,29,10300,true
OPP-20382,ACC-1097,CONNECT-ENT,Namilio Connect Enterprise,Platform,Platform,year,48000,0,48000,1,18000,false
OPP-20383,ACC-1008,COPILOT-API,Namilio Copilot API,AI,Usage,1K tokens,0.011,0,0.011,2100000,23100,true
OPP-20383,ACC-1008,VERIFY,Namilio Verify,Messaging,Usage,verification,0.05,5,0.0475,429474,20400,false
OPP-20384,ACC-1027,VOICE-AGENT,Namilio Voice Agents,Voice,Usage,minute,0.09,5,0.0855,2040936,174500,true
OPP-20384,ACC-1027,VERIFY,Namilio Verify,Messaging,Usage,verification,0.05,5,0.0475,5770526,274100,false
OPP-20384,ACC-1027,STUDIO,Namilio Studio,Platform,Seat,seat/year,540,5,513,446,228800,false
OPP-20385,ACC-1126,VERIFY,Namilio Verify,Messaging,Usage,verification,0.05,0,0.05,226000,11300,true
OPP-20386,ACC-1065,VERIFY,Namilio Verify,Messaging,Usage,verification,0.05,15,0.0425,912941,38800,true
OPP-20387,ACC-1049,COPILOT-API,Namilio Copilot API,AI,Usage,1K tokens,0.011,5,0.01045,172249,1800,true
OPP-20388,ACC-1125,CONNECT-ENT,Namilio Connect Enterprise,Platform,Platform,year,48000,10,43200,1,334200,true
OPP-20388,ACC-1125,VOICE-AGENT,Namilio Voice Agents,Voice,Usage,minute,0.09,0,0.09,3507778,315700,false
OPP-20388,ACC-1125,COPILOT-API,Namilio Copilot API,AI,Usage,1K tokens,0.011,5,0.01045,16526316,172700,false
OPP-20388,ACC-1125,MSG-API,Namilio Messaging API,Messaging,Usage,message,0.0075,10,0.00675,18903704,127600,false
OPP-20389,ACC-1003,STUDIO,Namilio Studio,Platform,Seat,seat/year,540,0,540,21,11400,true
OPP-20390,ACC-1018,VERIFY,Namilio Verify,Messaging,Usage,verification,0.05,5,0.0475,212632,10100,true
OPP-20391,ACC-1000,COPILOT-API,Namilio Copilot API,AI,Usage,1K tokens,0.011,5,0.01045,535885,5600,true
OPP-20391,ACC-1000,VOICE-AGENT,Namilio Voice Agents,Voice,Usage,minute,0.09,0,0.09,165556,14900,false
OPP-20391,ACC-1000,CONNECT-ENT,Namilio Connect Enterprise,Platform,Platform,year,48000,25,36000,1,17600,false
OPP-20392,ACC-1121,MSG-API,Namilio Messaging API,Messaging,Usage,message,0.0075,15,0.00637,2964706,18900,true
OPP-20392,ACC-1121,VERIFY,Namilio Verify,Messaging,Usage,verification,0.05,5,0.0475,513684,24400,false
OPP-20393,ACC-1116,CONNECT-ENT,Namilio Connect Enterprise,Platform,Platform,year,48000,35,31200,1,334100,true
OPP-20394,ACC-1129,VOICE-AGENT,Namilio Voice Agents,Voice,Usage,minute,0.09,25,0.0675,74074,5000,true
OPP-20395,ACC-1045,VOICE-AGENT,Namilio Voice Agents,Voice,Usage,minute,0.09,25,0.0675,87407,5900,true
OPP-20396,ACC-1027,VOICE-AGENT,Namilio Voice Agents,Voice,Usage,minute,0.09,0,0.09,9202222,828200,true
OPP-20397,ACC-1138,VOICE-AGENT,Namilio Voice Agents,Voice,Usage,minute,0.09,15,0.0765,121569,9300,true
OPP-20398,ACC-1036,STUDIO,Namilio Studio,Platform,Seat,seat/year,540,0,540,21,11500,true
OPP-20399,ACC-1097,CONNECT-ENT,Namilio Connect Enterprise,Platform,Platform,year,48000,10,43200,1,8600,true
OPP-20399,ACC-1097,VOICE-AGENT,Namilio Voice Agents,Voice,Usage,minute,0.09,25,0.0675,121481,8200,false
OPP-20399,ACC-1097,COPILOT-API,Namilio Copilot API,AI,Usage,1K tokens,0.011,15,0.00935,1090909,10200,false
OPP-20400,ACC-1137,CONNECT-ENT,Namilio Connect Enterprise,Platform,Platform,year,48000,5,45600,1,37600,true
OPP-20400,ACC-1137,VERIFY,Namilio Verify,Messaging,Usage,verification,0.05,10,0.045,884444,39800,false
OPP-20401,ACC-1007,VOICE-AGENT,Namilio Voice Agents,Voice,Usage,minute,0.09,25,0.0675,7579259,511600,true
OPP-20402,ACC-1097,VERIFY,Namilio Verify,Messaging,Usage,verification,0.05,5,0.0475,728421,34600,true
OPP-20403,ACC-1081,VERIFY,Namilio Verify,Messaging,Usage,verification,0.05,35,0.0325,812308,26400,true
OPP-20403,ACC-1081,VOICE-AGENT,Namilio Voice Agents,Voice,Usage,minute,0.09,35,0.0585,1059829,62000,false
OPP-20403,ACC-1081,CONNECT-ENT,Namilio Connect Enterprise,Platform,Platform,year,48000,5,45600,1,59200,false
OPP-20404,ACC-1126,MSG-API,Namilio Messaging API,Messaging,Usage,message,0.0075,25,0.00562,2453333,13800,true
OPP-20405,ACC-1025,COPILOT-API,Namilio Copilot API,AI,Usage,1K tokens,0.011,0,0.011,963636,10600,true
OPP-20406,ACC-1114,COPILOT-API,Namilio Copilot API,AI,Usage,1K tokens,0.011,5,0.01045,77971292,814800,true
OPP-20406,ACC-1114,CONNECT-ENT,Namilio Connect Enterprise,Platform,Platform,year,48000,0,48000,1,840700,false
OPP-20406,ACC-1114,VOICE-AGENT,Namilio Voice Agents,Voice,Usage,minute,0.09,15,0.0765,7237908,553700,false
OPP-20406,ACC-1114,MSG-API,Namilio Messaging API,Messaging,Usage,message,0.0075,20,0.006,102250000,613500,false
OPP-20407,ACC-1098,VERIFY,Namilio Verify,Messaging,Usage,verification,0.05,20,0.04,1202500,48100,true
OPP-20407,ACC-1098,CONNECT-ENT,Namilio Connect Enterprise,Platform,Platform,year,48000,0,48000,1,39200,false
OPP-20407,ACC-1098,VOICE-AGENT,Namilio Voice Agents,Voice,Usage,minute,0.09,15,0.0765,633987,48500,false
OPP-20408,ACC-1118,VERIFY,Namilio Verify,Messaging,Usage,verification,0.05,25,0.0375,8464000,317400,true
OPP-20408,ACC-1118,CONNECT-ENT,Namilio Connect Enterprise,Platform,Platform,year,48000,15,40800,1,228200,false
OPP-20408,ACC-1118,STUDIO,Namilio Studio,Platform,Seat,seat/year,540,5,513,882,452500,false
OPP-20409,ACC-1037,COPILOT-API,Namilio Copilot API,AI,Usage,1K tokens,0.011,15,0.00935,1433155,13400,true
OPP-20410,ACC-1003,VERIFY,Namilio Verify,Messaging,Usage,verification,0.05,0,0.05,74000,3700,true
OPP-20411,ACC-1139,COPILOT-API,Namilio Copilot API,AI,Usage,1K tokens,0.011,15,0.00935,8406417,78600,true
OPP-20411,ACC-1139,STUDIO,Namilio Studio,Platform,Seat,seat/year,540,5,513,202,103500,false
OPP-20411,ACC-1139,VOICE-AGENT,Namilio Voice Agents,Voice,Usage,minute,0.09,20,0.072,1101389,79300,false
OPP-20412,ACC-1021,STUDIO,Namilio Studio,Platform,Seat,seat/year,540,0,540,9,5000,true
OPP-20413,ACC-1095,MSG-API,Namilio Messaging API,Messaging,Usage,message,0.0075,0,0.0075,63680000,477600,true
OPP-20414,ACC-1093,CONNECT-ENT,Namilio Connect Enterprise,Platform,Platform,year,48000,0,48000,1,243100,true
OPP-20414,ACC-1093,COPILOT-API,Namilio Copilot API,AI,Usage,1K tokens,0.011,10,0.0099,11737374,116200,false
OPP-20415,ACC-1040,VOICE-AGENT,Namilio Voice Agents,Voice,Usage,minute,0.09,20,0.072,145833,10500,true
OPP-20416,ACC-1118,VOICE-AGENT,Namilio Voice Agents,Voice,Usage,minute,0.09,5,0.0855,2616374,223700,true
OPP-20416,ACC-1118,VERIFY,Namilio Verify,Messaging,Usage,verification,0.05,25,0.0375,6770667,253900,false
OPP-20416,ACC-1118,STUDIO,Namilio Studio,Platform,Seat,seat/year,540,10,486,610,296300,false
OPP-20416,ACC-1118,COPILOT-API,Namilio Copilot API,AI,Usage,1K tokens,0.011,10,0.0099,13909091,137700,false
OPP-20417,ACC-1078,STUDIO,Namilio Studio,Platform,Seat,seat/year,540,5,513,41,20900,true
OPP-20417,ACC-1078,VOICE-AGENT,Namilio Voice Agents,Voice,Usage,minute,0.09,0,0.09,210000,18900,false
OPP-20418,ACC-1123,STUDIO,Namilio Studio,Platform,Seat,seat/year,540,0,540,18,9600,true
OPP-20419,ACC-1000,MSG-API,Namilio Messaging API,Messaging,Usage,message,0.0075,0,0.0075,933333,7000,true
OPP-20419,ACC-1000,VOICE-AGENT,Namilio Voice Agents,Voice,Usage,minute,0.09,0,0.09,127778,11500,false
OPP-20419,ACC-1000,STUDIO,Namilio Studio,Platform,Seat,seat/year,540,0,540,19,10000,false
OPP-20420,ACC-1015,MSG-API,Namilio Messaging API,Messaging,Usage,message,0.0075,15,0.00637,1505882,9600,true
OPP-20420,ACC-1015,COPILOT-API,Namilio Copilot API,AI,Usage,1K tokens,0.011,10,0.0099,1292929,12800,false
OPP-20420,ACC-1015,VOICE-AGENT,Namilio Voice Agents,Voice,Usage,minute,0.09,0,0.09,105556,9500,false
OPP-20421,ACC-1133,STUDIO,Namilio Studio,Platform,Seat,seat/year,540,15,459,127,58300,true
OPP-20421,ACC-1133,MSG-API,Namilio Messaging API,Messaging,Usage,message,0.0075,15,0.00637,10039216,64000,false
OPP-20421,ACC-1133,VOICE-AGENT,Namilio Voice Agents,Voice,Usage,minute,0.09,0,0.09,302222,27200,false
OPP-20422,ACC-1087,MSG-API,Namilio Messaging API,Messaging,Usage,message,0.0075,5,0.00712,2189474,15600,true
OPP-20422,ACC-1087,VOICE-AGENT,Namilio Voice Agents,Voice,Usage,minute,0.09,5,0.0855,88889,7600,false
OPP-20422,ACC-1087,STUDIO,Namilio Studio,Platform,Seat,seat/year,540,15,459,34,15600,false
OPP-20423,ACC-1106,STUDIO,Namilio Studio,Platform,Seat,seat/year,540,5,513,23,11800,true
OPP-20424,ACC-1086,VERIFY,Namilio Verify,Messaging,Usage,verification,0.05,10,0.045,6326667,284700,true
OPP-20424,ACC-1086,MSG-API,Namilio Messaging API,Messaging,Usage,message,0.0075,20,0.006,56450000,338700,false
OPP-20424,ACC-1086,VOICE-AGENT,Namilio Voice Agents,Voice,Usage,minute,0.09,5,0.0855,4913450,420100,false
OPP-20425,ACC-1012,MSG-API,Namilio Messaging API,Messaging,Usage,message,0.0075,10,0.00675,2562963,17300,true
OPP-20425,ACC-1012,VOICE-AGENT,Namilio Voice Agents,Voice,Usage,minute,0.09,15,0.0765,271895,20800,false
OPP-20425,ACC-1012,STUDIO,Namilio Studio,Platform,Seat,seat/year,540,15,459,97,44700,false
OPP-20426,ACC-1092,CONNECT-ENT,Namilio Connect Enterprise,Platform,Platform,year,48000,0,48000,1,24500,true
OPP-20427,ACC-1065,COPILOT-API,Namilio Copilot API,AI,Usage,1K tokens,0.011,5,0.01045,382775,4000,true
OPP-20427,ACC-1065,VERIFY,Namilio Verify,Messaging,Usage,verification,0.05,10,0.045,237778,10700,false
OPP-20428,ACC-1115,VERIFY,Namilio Verify,Messaging,Usage,verification,0.05,15,0.0425,176471,7500,true
OPP-20428,ACC-1115,STUDIO,Namilio Studio,Platform,Seat,seat/year,540,5,513,9,4400,false
OPP-20428,ACC-1115,VOICE-AGENT,Namilio Voice Agents,Voice,Usage,minute,0.09,5,0.0855,147368,12600,false
OPP-20429,ACC-1040,MSG-API,Namilio Messaging API,Messaging,Usage,message,0.0075,5,0.00712,505263,3600,true
OPP-20430,ACC-1110,VERIFY,Namilio Verify,Messaging,Usage,verification,0.05,5,0.0475,2345263,111400,true
OPP-20430,ACC-1110,COPILOT-API,Namilio Copilot API,AI,Usage,1K tokens,0.011,0,0.011,14945455,164400,false
OPP-20431,ACC-1017,VOICE-AGENT,Namilio Voice Agents,Voice,Usage,minute,0.09,5,0.0855,1927485,164800,true
OPP-20432,ACC-1028,CONNECT-ENT,Namilio Connect Enterprise,Platform,Platform,year,48000,0,48000,1,36400,true
OPP-20432,ACC-1028,MSG-API,Namilio Messaging API,Messaging,Usage,message,0.0075,35,0.00487,11938462,58200,false
OPP-20432,ACC-1028,VOICE-AGENT,Namilio Voice Agents,Voice,Usage,minute,0.09,15,0.0765,496732,38000,false
OPP-20433,ACC-1088,VOICE-AGENT,Namilio Voice Agents,Voice,Usage,minute,0.09,35,0.0585,155556,9100,true
OPP-20433,ACC-1088,VERIFY,Namilio Verify,Messaging,Usage,verification,0.05,0,0.05,588000,29400,false
OPP-20434,ACC-1115,COPILOT-API,Namilio Copilot API,AI,Usage,1K tokens,0.011,10,0.0099,434343,4300,true
OPP-20434,ACC-1115,STUDIO,Namilio Studio,Platform,Seat,seat/year,540,10,486,13,6400,false
OPP-20434,ACC-1115,VERIFY,Namilio Verify,Messaging,Usage,verification,0.05,0,0.05,134000,6700,false
OPP-20435,ACC-1003,MSG-API,Namilio Messaging API,Messaging,Usage,message,0.0075,15,0.00637,1882353,12000,true
OPP-20436,ACC-1025,VOICE-AGENT,Namilio Voice Agents,Voice,Usage,minute,0.09,20,0.072,73611,5300,true
OPP-20437,ACC-1116,STUDIO,Namilio Studio,Platform,Seat,seat/year,540,10,486,115,55800,true
OPP-20437,ACC-1116,CONNECT-ENT,Namilio Connect Enterprise,Platform,Platform,year,48000,10,43200,1,42400,false
OPP-20437,ACC-1116,MSG-API,Namilio Messaging API,Messaging,Usage,message,0.0075,0,0.0075,7853333,58900,false
OPP-20438,ACC-1032,VOICE-AGENT,Namilio Voice Agents,Voice,Usage,minute,0.09,10,0.081,58025,4700,true
OPP-20439,ACC-1050,STUDIO,Namilio Studio,Platform,Seat,seat/year,540,5,513,27,14000,true
OPP-20439,ACC-1050,COPILOT-API,Namilio Copilot API,AI,Usage,1K tokens,0.011,10,0.0099,1464646,14500,false
OPP-20440,ACC-1016,VOICE-AGENT,Namilio Voice Agents,Voice,Usage,minute,0.09,25,0.0675,22222,1500,true
OPP-20441,ACC-1019,CONNECT-ENT,Namilio Connect Enterprise,Platform,Platform,year,48000,10,43200,1,6100,true
OPP-20441,ACC-1019,COPILOT-API,Namilio Copilot API,AI,Usage,1K tokens,0.011,5,0.01045,459330,4800,false
OPP-20441,ACC-1019,MSG-API,Namilio Messaging API,Messaging,Usage,message,0.0075,20,0.006,1166667,7000,false
OPP-20442,ACC-1047,VERIFY,Namilio Verify,Messaging,Usage,verification,0.05,35,0.0325,910769,29600,true
OPP-20443,ACC-1011,CONNECT-ENT,Namilio Connect Enterprise,Platform,Platform,year,48000,0,48000,1,20800,true
OPP-20443,ACC-1011,VOICE-AGENT,Namilio Voice Agents,Voice,Usage,minute,0.09,5,0.0855,191813,16400,false
OPP-20444,ACC-1090,MSG-API,Namilio Messaging API,Messaging,Usage,message,0.0075,35,0.00487,5682051,27700,true
OPP-20444,ACC-1090,VERIFY,Namilio Verify,Messaging,Usage,verification,0.05,10,0.045,286667,12900,false
OPP-20445,ACC-1054,STUDIO,Namilio Studio,Platform,Seat,seat/year,540,0,540,522,281900,true
OPP-20445,ACC-1054,MSG-API,Namilio Messaging API,Messaging,Usage,message,0.0075,20,0.006,40466667,242800,false
OPP-20446,ACC-1012,STUDIO,Namilio Studio,Platform,Seat,seat/year,540,20,432,80,34400,true
OPP-20446,ACC-1012,MSG-API,Namilio Messaging API,Messaging,Usage,message,0.0075,0,0.0075,3373333,25300,false
OPP-20446,ACC-1012,CONNECT-ENT,Namilio Connect Enterprise,Platform,Platform,year,48000,0,48000,1,51000,false
OPP-20447,ACC-1059,COPILOT-API,Namilio Copilot API,AI,Usage,1K tokens,0.011,5,0.01045,24746411,258600,true
OPP-20447,ACC-1059,VERIFY,Namilio Verify,Messaging,Usage,verification,0.05,0,0.05,4790000,239500,false
OPP-20447,ACC-1059,STUDIO,Namilio Studio,Platform,Seat,seat/year,540,0,540,321,173200,false
OPP-20448,ACC-1119,CONNECT-ENT,Namilio Connect Enterprise,Platform,Platform,year,48000,15,40800,1,396400,true
OPP-20448,ACC-1119,COPILOT-API,Namilio Copilot API,AI,Usage,1K tokens,0.011,10,0.0099,44191919,437500,false
OPP-20449,ACC-1052,VOICE-AGENT,Namilio Voice Agents,Voice,Usage,minute,0.09,0,0.09,87778,7900,true
OPP-20449,ACC-1052,MSG-API,Namilio Messaging API,Messaging,Usage,message,0.0075,0,0.0075,1253333,9400,false
OPP-20449,ACC-1052,VERIFY,Namilio Verify,Messaging,Usage,verification,0.05,10,0.045,102222,4600,false
OPP-20450,ACC-1110,VERIFY,Namilio Verify,Messaging,Usage,verification,0.05,20,0.04,3637500,145500,true
OPP-20450,ACC-1110,CONNECT-ENT,Namilio Connect Enterprise,Platform,Platform,year,48000,10,43200,1,80200,false
OPP-20450,ACC-1110,VOICE-AGENT,Namilio Voice Agents,Voice,Usage,minute,0.09,10,0.081,3039506,246200,false
OPP-20451,ACC-1067,VERIFY,Namilio Verify,Messaging,Usage,verification,0.05,0,0.05,5808000,290400,true
OPP-20451,ACC-1067,VOICE-AGENT,Namilio Voice Agents,Voice,Usage,minute,0.09,5,0.0855,3056140,261300,false
OPP-20451,ACC-1067,STUDIO,Namilio Studio,Platform,Seat,seat/year,540,15,459,858,393600,false
OPP-20451,ACC-1067,CONNECT-ENT,Namilio Connect Enterprise,Platform,Platform,year,48000,10,43200,1,416700,false
OPP-20452,ACC-1083,VERIFY,Namilio Verify,Messaging,Usage,verification,0.05,5,0.0475,29474,1400,true
OPP-20453,ACC-1094,MSG-API,Namilio Messaging API,Messaging,Usage,message,0.0075,0,0.0075,573333,4300,true
OPP-20454,ACC-1137,STUDIO,Namilio Studio,Platform,Seat,seat/year,540,5,513,42,21400,true
OPP-20454,ACC-1137,CONNECT-ENT,Namilio Connect Enterprise,Platform,Platform,year,48000,0,48000,1,26100,false
OPP-20455,ACC-1093,COPILOT-API,Namilio Copilot API,AI,Usage,1K tokens,0.011,25,0.00825,28169697,232400,true
OPP-20456,ACC-1091,VOICE-AGENT,Namilio Voice Agents,Voice,Usage,minute,0.09,0,0.09,36667,3300,true
OPP-20457,ACC-1036,STUDIO,Namilio Studio,Platform,Seat,seat/year,540,20,432,24,10400,true
OPP-20458,ACC-1134,VERIFY,Namilio Verify,Messaging,Usage,verification,0.05,15,0.0425,152941,6500,true
OPP-20458,ACC-1134,VOICE-AGENT,Namilio Voice Agents,Voice,Usage,minute,0.09,5,0.0855,76023,6500,false
OPP-20459,ACC-1084,STUDIO,Namilio Studio,Platform,Seat,seat/year,540,15,459,76,34900,true
OPP-20460,ACC-1074,MSG-API,Namilio Messaging API,Messaging,Usage,message,0.0075,10,0.00675,57140741,385700,true
OPP-20460,ACC-1074,COPILOT-API,Namilio Copilot API,AI,Usage,1K tokens,0.011,35,0.00715,107244755,766800,false
OPP-20460,ACC-1074,VOICE-AGENT,Namilio Voice Agents,Voice,Usage,minute,0.09,0,0.09,12300000,1107000,false
OPP-20461,ACC-1084,CONNECT-ENT,Namilio Connect Enterprise,Platform,Platform,year,48000,0,48000,1,17500,true
OPP-20462,ACC-1138,STUDIO,Namilio Studio,Platform,Seat,seat/year,540,10,486,27,13100,true
OPP-20463,ACC-1132,STUDIO,Namilio Studio,Platform,Seat,seat/year,540,25,405,95,38500,true
OPP-20464,ACC-1093,STUDIO,Namilio Studio,Platform,Seat,seat/year,540,10,486,292,142000,true
OPP-20464,ACC-1093,VOICE-AGENT,Namilio Voice Agents,Voice,Usage,minute,0.09,0,0.09,2498889,224900,false
OPP-20464,ACC-1093,MSG-API,Namilio Messaging API,Messaging,Usage,message,0.0075,15,0.00637,22807843,145400,false
OPP-20465,ACC-1048,VOICE-AGENT,Namilio Voice Agents,Voice,Usage,minute,0.09,25,0.0675,1071111,72300,true
OPP-20465,ACC-1048,COPILOT-API,Namilio Copilot API,AI,Usage,1K tokens,0.011,0,0.011,4454545,49000,false
OPP-20466,ACC-1064,MSG-API,Namilio Messaging API,Messaging,Usage,message,0.0075,25,0.00562,7644444,43000,true
OPP-20466,ACC-1064,STUDIO,Namilio Studio,Platform,Seat,seat/year,540,0,540,179,96600,false
OPP-20467,ACC-1084,VERIFY,Namilio Verify,Messaging,Usage,verification,0.05,0,0.05,374000,18700,true
OPP-20467,ACC-1084,VOICE-AGENT,Namilio Voice Agents,Voice,Usage,minute,0.09,5,0.0855,264327,22600,false
OPP-20468,ACC-1070,CONNECT-ENT,Namilio Connect Enterprise,Platform,Platform,year,48000,0,48000,1,15300,true
OPP-20468,ACC-1070,VERIFY,Namilio Verify,Messaging,Usage,verification,0.05,35,0.0325,470769,15300,false
OPP-20468,ACC-1070,VOICE-AGENT,Namilio Voice Agents,Voice,Usage,minute,0.09,0,0.09,155556,14000,false
OPP-20469,ACC-1044,MSG-API,Namilio Messaging API,Messaging,Usage,message,0.0075,5,0.00712,1670175,11900,true
OPP-20470,ACC-1128,MSG-API,Namilio Messaging API,Messaging,Usage,message,0.0075,25,0.00562,25457778,143200,true
OPP-20471,ACC-1114,VERIFY,Namilio Verify,Messaging,Usage,verification,0.05,35,0.0325,28261538,918500,true
OPP-20471,ACC-1114,STUDIO,Namilio Studio,Platform,Seat,seat/year,540,0,540,1146,618700,false
OPP-20471,ACC-1114,MSG-API,Namilio Messaging API,Messaging,Usage,message,0.0075,10,0.00675,55970370,377800,false
OPP-20471,ACC-1114,VOICE-AGENT,Namilio Voice Agents,Voice,Usage,minute,0.09,0,0.09,7960000,716400,false
OPP-20472,ACC-1106,VERIFY,Namilio Verify,Messaging,Usage,verification,0.05,10,0.045,122222,5500,true
OPP-20472,ACC-1106,CONNECT-ENT,Namilio Connect Enterprise,Platform,Platform,year,48000,0,48000,1,14600,false
OPP-20472,ACC-1106,MSG-API,Namilio Messaging API,Messaging,Usage,message,0.0075,15,0.00637,1380392,8800,false
OPP-20473,ACC-1014,VOICE-AGENT,Namilio Voice Agents,Voice,Usage,minute,0.09,0,0.09,51111,4600,true
OPP-20474,ACC-1062,VERIFY,Namilio Verify,Messaging,Usage,verification,0.05,0,0.05,712000,35600,true
OPP-20475,ACC-1046,STUDIO,Namilio Studio,Platform,Seat,seat/year,540,5,513,978,501900,true
OPP-20475,ACC-1046,VOICE-AGENT,Namilio Voice Agents,Voice,Usage,minute,0.09,0,0.09,6370000,573300,false
OPP-20475,ACC-1046,CONNECT-ENT,Namilio Connect Enterprise,Platform,Platform,year,48000,0,48000,1,392300,false
OPP-20475,ACC-1046,VERIFY,Namilio Verify,Messaging,Usage,verification,0.05,5,0.0475,10378947,493000,false
OPP-20475,ACC-1046,MSG-API,Namilio Messaging API,Messaging,Usage,message,0.0075,10,0.00675,84162963,568100,false
OPP-20476,ACC-1083,MSG-API,Namilio Messaging API,Messaging,Usage,message,0.0075,0,0.0075,1813333,13600,true
OPP-20477,ACC-1098,MSG-API,Namilio Messaging API,Messaging,Usage,message,0.0075,5,0.00712,12996491,92600,true
OPP-20478,ACC-1075,VERIFY,Namilio Verify,Messaging,Usage,verification,0.05,0,0.05,7014000,350700,true
OPP-20478,ACC-1075,VOICE-AGENT,Namilio Voice Agents,Voice,Usage,minute,0.09,15,0.0765,3077124,235400,false
OPP-20478,ACC-1075,COPILOT-API,Namilio Copilot API,AI,Usage,1K tokens,0.011,0,0.011,29736364,327100,false
OPP-20478,ACC-1075,STUDIO,Namilio Studio,Platform,Seat,seat/year,540,10,486,479,232800,false
OPP-20478,ACC-1075,CONNECT-ENT,Namilio Connect Enterprise,Platform,Platform,year,48000,0,48000,1,185000,false
OPP-20479,ACC-1136,STUDIO,Namilio Studio,Platform,Seat,seat/year,540,35,351,30,10400,true
OPP-20480,ACC-1109,STUDIO,Namilio Studio,Platform,Seat,seat/year,540,10,486,27,13300,true
OPP-20481,ACC-1124,VOICE-AGENT,Namilio Voice Agents,Voice,Usage,minute,0.09,15,0.0765,381699,29200,true
OPP-20481,ACC-1124,STUDIO,Namilio Studio,Platform,Seat,seat/year,540,15,459,76,35000,false
OPP-20481,ACC-1124,MSG-API,Namilio Messaging API,Messaging,Usage,message,0.0075,10,0.00675,3259259,22000,false
OPP-20482,ACC-1070,MSG-API,Namilio Messaging API,Messaging,Usage,message,0.0075,15,0.00637,6086275,38800,true
OPP-20483,ACC-1004,MSG-API,Namilio Messaging API,Messaging,Usage,message,0.0075,10,0.00675,948148,6400,true
OPP-20483,ACC-1004,COPILOT-API,Namilio Copilot API,AI,Usage,1K tokens,0.011,0,0.011,418182,4600,false
OPP-20483,ACC-1004,STUDIO,Namilio Studio,Platform,Seat,seat/year,540,20,432,10,4500,false
OPP-20484,ACC-1113,MSG-API,Namilio Messaging API,Messaging,Usage,message,0.0075,10,0.00675,4785185,32300,true
OPP-20484,ACC-1113,VERIFY,Namilio Verify,Messaging,Usage,verification,0.05,15,0.0425,1425882,60600,false
OPP-20484,ACC-1113,VOICE-AGENT,Namilio Voice Agents,Voice,Usage,minute,0.09,0,0.09,887778,79900,false
OPP-20485,ACC-1056,MSG-API,Namilio Messaging API,Messaging,Usage,message,0.0075,20,0.006,1400000,8400,true
OPP-20486,ACC-1000,COPILOT-API,Namilio Copilot API,AI,Usage,1K tokens,0.011,10,0.0099,1111111,11000,true
OPP-20486,ACC-1000,STUDIO,Namilio Studio,Platform,Seat,seat/year,540,0,540,35,18900,false
OPP-20487,ACC-1011,CONNECT-ENT,Namilio Connect Enterprise,Platform,Platform,year,48000,15,40800,1,5300,true
OPP-20487,ACC-1011,STUDIO,Namilio Studio,Platform,Seat,seat/year,540,25,405,12,4900,false
OPP-20487,ACC-1011,VOICE-AGENT,Namilio Voice Agents,Voice,Usage,minute,0.09,0,0.09,26667,2400,false
OPP-20488,ACC-1080,VERIFY,Namilio Verify,Messaging,Usage,verification,0.05,20,0.04,2310000,92400,true
OPP-20488,ACC-1080,COPILOT-API,Namilio Copilot API,AI,Usage,1K tokens,0.011,20,0.0088,8534091,75100,false
OPP-20489,ACC-1129,VERIFY,Namilio Verify,Messaging,Usage,verification,0.05,20,0.04,210000,8400,true
OPP-20490,ACC-1078,STUDIO,Namilio Studio,Platform,Seat,seat/year,540,10,486,78,37700,true
OPP-20491,ACC-1040,MSG-API,Namilio Messaging API,Messaging,Usage,message,0.0075,5,0.00712,1249123,8900,true
OPP-20492,ACC-1127,VERIFY,Namilio Verify,Messaging,Usage,verification,0.05,10,0.045,506667,22800,true
OPP-20492,ACC-1127,MSG-API,Namilio Messaging API,Messaging,Usage,message,0.0075,10,0.00675,2962963,20000,false
OPP-20493,ACC-1050,MSG-API,Namilio Messaging API,Messaging,Usage,message,0.0075,0,0.0075,986667,7400,true
OPP-20493,ACC-1050,VOICE-AGENT,Namilio Voice Agents,Voice,Usage,minute,0.09,10,0.081,201235,16300,false
OPP-20493,ACC-1050,CONNECT-ENT,Namilio Connect Enterprise,Platform,Platform,year,48000,25,36000,1,11400,false
OPP-20494,ACC-1041,MSG-API,Namilio Messaging API,Messaging,Usage,message,0.0075,0,0.0075,13760000,103200,true
OPP-20495,ACC-1001,VOICE-AGENT,Namilio Voice Agents,Voice,Usage,minute,0.09,15,0.0765,160784,12300,true
OPP-20496,ACC-1111,VOICE-AGENT,Namilio Voice Agents,Voice,Usage,minute,0.09,5,0.0855,138012,11800,true
OPP-20497,ACC-1029,VOICE-AGENT,Namilio Voice Agents,Voice,Usage,minute,0.09,5,0.0855,87719,7500,true
OPP-20498,ACC-1072,CONNECT-ENT,Namilio Connect Enterprise,Platform,Platform,year,48000,0,48000,1,18700,true
OPP-20498,ACC-1072,VERIFY,Namilio Verify,Messaging,Usage,verification,0.05,10,0.045,500000,22500,false
OPP-20499,ACC-1018,COPILOT-API,Namilio Copilot API,AI,Usage,1K tokens,0.011,0,0.011,400000,4400,true
OPP-20500,ACC-1029,STUDIO,Namilio Studio,Platform,Seat,seat/year,540,0,540,11,5700,true
OPP-20501,ACC-1034,VERIFY,Namilio Verify,Messaging,Usage,verification,0.05,15,0.0425,1468235,62400,true
OPP-20501,ACC-1034,COPILOT-API,Namilio Copilot API,AI,Usage,1K tokens,0.011,15,0.00935,10770053,100700,false
OPP-20502,ACC-1117,VERIFY,Namilio Verify,Messaging,Usage,verification,0.05,25,0.0375,42667,1600,true
OPP-20503,ACC-1115,VERIFY,Namilio Verify,Messaging,Usage,verification,0.05,20,0.04,140000,5600,true
OPP-20503,ACC-1115,MSG-API,Namilio Messaging API,Messaging,Usage,message,0.0075,35,0.00487,2707692,13200,false
OPP-20504,ACC-1089,VERIFY,Namilio Verify,Messaging,Usage,verification,0.05,5,0.0475,231579,11000,true
OPP-20504,ACC-1089,STUDIO,Namilio Studio,Platform,Seat,seat/year,540,5,513,19,9700,false
OPP-20505,ACC-1004,VOICE-AGENT,Namilio Voice Agents,Voice,Usage,minute,0.09,15,0.0765,53595,4100,true
OPP-20505,ACC-1004,VERIFY,Namilio Verify,Messaging,Usage,verification,0.05,10,0.045,124444,5600,false
OPP-20506,ACC-1123,COPILOT-API,Namilio Copilot API,AI,Usage,1K tokens,0.011,20,0.0088,727273,6400,true
OPP-20507,ACC-1059,CONNECT-ENT,Namilio Connect Enterprise,Platform,Platform,year,48000,10,43200,1,777900,true
OPP-20508,ACC-1079,VOICE-AGENT,Namilio Voice Agents,Voice,Usage,minute,0.09,5,0.0855,15205,1300,true
OPP-20509,ACC-1038,STUDIO,Namilio Studio,Platform,Seat,seat/year,540,15,459,289,132800,true
OPP-20510,ACC-1108,MSG-API,Namilio Messaging API,Messaging,Usage,message,0.0075,0,0.0075,1533333,11500,true
OPP-20511,ACC-1030,MSG-API,Namilio Messaging API,Messaging,Usage,message,0.0075,0,0.0075,506667,3800,true
OPP-20512,ACC-1046,STUDIO,Namilio Studio,Platform,Seat,seat/year,540,35,351,1487,522100,true
OPP-20512,ACC-1046,MSG-API,Namilio Messaging API,Messaging,Usage,message,0.0075,5,0.00712,96224561,685600,false
OPP-20512,ACC-1046,VERIFY,Namilio Verify,Messaging,Usage,verification,0.05,0,0.05,10128000,506400,false
OPP-20513,ACC-1101,CONNECT-ENT,Namilio Connect Enterprise,Platform,Platform,year,48000,10,43200,1,12700,true
OPP-20513,ACC-1101,MSG-API,Namilio Messaging API,Messaging,Usage,message,0.0075,15,0.00637,2290196,14600,false
OPP-20513,ACC-1101,COPILOT-API,Namilio Copilot API,AI,Usage,1K tokens,0.011,0,0.011,818182,9000,false
OPP-20514,ACC-1134,VERIFY,Namilio Verify,Messaging,Usage,verification,0.05,5,0.0475,286316,13600,true
OPP-20514,ACC-1134,VOICE-AGENT,Namilio Voice Agents,Voice,Usage,minute,0.09,25,0.0675,146667,9900,false
OPP-20515,ACC-1002,VOICE-AGENT,Namilio Voice Agents,Voice,Usage,minute,0.09,10,0.081,266667,21600,true
OPP-20515,ACC-1002,CONNECT-ENT,Namilio Connect Enterprise,Platform,Platform,year,48000,25,36000,1,14900,false
OPP-20516,ACC-1028,VOICE-AGENT,Namilio Voice Agents,Voice,Usage,minute,0.09,0,0.09,490000,44100,true
OPP-20516,ACC-1028,MSG-API,Namilio Messaging API,Messaging,Usage,message,0.0075,0,0.0075,5786667,43400,false
OPP-20516,ACC-1028,CONNECT-ENT,Namilio Connect Enterprise,Platform,Platform,year,48000,5,45600,1,41000,false
OPP-20517,ACC-1080,STUDIO,Namilio Studio,Platform,Seat,seat/year,540,5,513,72,37100,true
OPP-20517,ACC-1080,VERIFY,Namilio Verify,Messaging,Usage,verification,0.05,20,0.04,1257500,50300,false
OPP-20517,ACC-1080,VOICE-AGENT,Namilio Voice Agents,Voice,Usage,minute,0.09,10,0.081,602469,48800,false
OPP-20518,ACC-1108,VERIFY,Namilio Verify,Messaging,Usage,verification,0.05,15,0.0425,317647,13500,true
OPP-20519,ACC-1086,VERIFY,Namilio Verify,Messaging,Usage,verification,0.05,15,0.0425,10804706,459200,true
OPP-20519,ACC-1086,CONNECT-ENT,Namilio Connect Enterprise,Platform,Platform,year,48000,0,48000,1,522700,false
OPP-20519,ACC-1086,COPILOT-API,Namilio Copilot API,AI,Usage,1K tokens,0.011,0,0.011,78190909,860100,false
OPP-20519,ACC-1086,STUDIO,Namilio Studio,Platform,Seat,seat/year,540,5,513,568,291300,false
OPP-20520,ACC-1134,VOICE-AGENT,Namilio Voice Agents,Voice,Usage,minute,0.09,0,0.09,263333,23700,true
OPP-20521,ACC-1021,STUDIO,Namilio Studio,Platform,Seat,seat/year,540,15,459,5,2500,true
OPP-20522,ACC-1122,MSG-API,Namilio Messaging API,Messaging,Usage,message,0.0075,0,0.0075,99000000,742500,true
OPP-20522,ACC-1122,STUDIO,Namilio Studio,Platform,Seat,seat/year,540,10,486,1317,639900,false
OPP-20522,ACC-1122,VOICE-AGENT,Namilio Voice Agents,Voice,Usage,minute,0.09,25,0.0675,11518519,777500,false
OPP-20523,ACC-1046,MSG-API,Namilio Messaging API,Messaging,Usage,message,0.0075,0,0.0075,75346667,565100,true
OPP-20523,ACC-1046,STUDIO,Namilio Studio,Platform,Seat,seat/year,540,35,351,1302,457100,false
OPP-20523,ACC-1046,CONNECT-ENT,Namilio Connect Enterprise,Platform,Platform,year,48000,5,45600,1,675300,false
OPP-20523,ACC-1046,VERIFY,Namilio Verify,Messaging,Usage,verification,0.05,25,0.0375,12794667,479800,false
OPP-20524,ACC-1028,VERIFY,Namilio Verify,Messaging,Usage,verification,0.05,0,0.05,876000,43800,true
OPP-20524,ACC-1028,CONNECT-ENT,Namilio Connect Enterprise,Platform,Platform,year,48000,0,48000,1,64900,false
OPP-20525,ACC-1017,STUDIO,Namilio Studio,Platform,Seat,seat/year,540,10,486,102,49600,true
OPP-20526,ACC-1079,COPILOT-API,Namilio Copilot API,AI,Usage,1K tokens,0.011,0,0.011,1000000,11000,true
OPP-20527,ACC-1042,CONNECT-ENT,Namilio Connect Enterprise,Platform,Platform,year,48000,15,40800,1,701500,true
OPP-20527,ACC-1042,VERIFY,Namilio Verify,Messaging,Usage,verification,0.05,0,0.05,11870000,593500,false
OPP-20527,ACC-1042,MSG-API,Namilio Messaging API,Messaging,Usage,message,0.0075,25,0.00562,67893333,381900,false
OPP-20527,ACC-1042,STUDIO,Namilio Studio,Platform,Seat,seat/year,540,10,486,1199,582500,false
OPP-20527,ACC-1042,VOICE-AGENT,Namilio Voice Agents,Voice,Usage,minute,0.09,5,0.0855,3792982,324300,false
OPP-20528,ACC-1017,CONNECT-ENT,Namilio Connect Enterprise,Platform,Platform,year,48000,15,40800,1,35700,true
OPP-20528,ACC-1017,STUDIO,Namilio Studio,Platform,Seat,seat/year,540,5,513,65,33300,false
OPP-20528,ACC-1017,MSG-API,Namilio Messaging API,Messaging,Usage,message,0.0075,0,0.0075,3986667,29900,false
OPP-20529,ACC-1123,VERIFY,Namilio Verify,Messaging,Usage,verification,0.05,5,0.0475,61053,2900,true
OPP-20530,ACC-1098,MSG-API,Namilio Messaging API,Messaging,Usage,message,0.0075,25,0.00562,8640000,48600,true
OPP-20530,ACC-1098,VERIFY,Namilio Verify,Messaging,Usage,verification,0.05,35,0.0325,2384615,77500,false
OPP-20530,ACC-1098,STUDIO,Namilio Studio,Platform,Seat,seat/year,540,25,405,102,41200,false
OPP-20531,ACC-1087,MSG-API,Namilio Messaging API,Messaging,Usage,message,0.0075,15,0.00637,1349020,8600,true
OPP-20531,ACC-1087,COPILOT-API,Namilio Copilot API,AI,Usage,1K tokens,0.011,0,0.011,445455,4900,false
OPP-20531,ACC-1087,CONNECT-ENT,Namilio Connect Enterprise,Platform,Platform,year,48000,25,36000,1,9800,false
OPP-20532,ACC-1007,VERIFY,Namilio Verify,Messaging,Usage,verification,0.05,10,0.045,2000000,90000,true
OPP-20532,ACC-1007,STUDIO,Namilio Studio,Platform,Seat,seat/year,540,0,540,84,45200,false
OPP-20532,ACC-1007,COPILOT-API,Namilio Copilot API,AI,Usage,1K tokens,0.011,10,0.0099,5595960,55400,false
OPP-20533,ACC-1035,CONNECT-ENT,Namilio Connect Enterprise,Platform,Platform,year,48000,25,36000,1,9000,true
OPP-20533,ACC-1035,STUDIO,Namilio Studio,Platform,Seat,seat/year,540,20,432,34,14500,false
OPP-20533,ACC-1035,VOICE-AGENT,Namilio Voice Agents,Voice,Usage,minute,0.09,15,0.0765,231373,17700,false
OPP-20534,ACC-1075,COPILOT-API,Namilio Copilot API,AI,Usage,1K tokens,0.011,5,0.01045,44889952,469100,true
OPP-20534,ACC-1075,STUDIO,Namilio Studio,Platform,Seat,seat/year,540,10,486,1507,732300,false
OPP-20534,ACC-1075,CONNECT-ENT,Namilio Connect Enterprise,Platform,Platform,year,48000,10,43200,1,411500,false
OPP-20534,ACC-1075,VOICE-AGENT,Namilio Voice Agents,Voice,Usage,minute,0.09,10,0.081,6514815,527700,false
OPP-20534,ACC-1075,VERIFY,Namilio Verify,Messaging,Usage,verification,0.05,35,0.0325,15464615,502600,false
OPP-20535,ACC-1086,VERIFY,Namilio Verify,Messaging,Usage,verification,0.05,0,0.05,13382000,669100,true
OPP-20535,ACC-1086,VOICE-AGENT,Namilio Voice Agents,Voice,Usage,minute,0.09,0,0.09,4995556,449600,false
OPP-20535,ACC-1086,CONNECT-ENT,Namilio Connect Enterprise,Platform,Platform,year,48000,10,43200,1,392100,false
OPP-20535,ACC-1086,COPILOT-API,Namilio Copilot API,AI,Usage,1K tokens,0.011,5,0.01045,48066986,502300,false
OPP-20536,ACC-1001,MSG-API,Namilio Messaging API,Messaging,Usage,message,0.0075,35,0.00487,1435897,7000,true
OPP-20537,ACC-1076,VERIFY,Namilio Verify,Messaging,Usage,verification,0.05,15,0.0425,258824,11000,true
OPP-20538,ACC-1022,STUDIO,Namilio Studio,Platform,Seat,seat/year,540,25,405,196,79300,true
OPP-20538,ACC-1022,CONNECT-ENT,Namilio Connect Enterprise,Platform,Platform,year,48000,5,45600,1,94800,false
OPP-20539,ACC-1046,MSG-API,Namilio Messaging API,Messaging,Usage,message,0.0075,10,0.00675,30592593,206500,true
OPP-20539,ACC-1046,VERIFY,Namilio Verify,Messaging,Usage,verification,0.05,0,0.05,8294000,414700,false
OPP-20539,ACC-1046,COPILOT-API,Namilio Copilot API,AI,Usage,1K tokens,0.011,0,0.011,46363636,510000,false
OPP-20539,ACC-1046,STUDIO,Namilio Studio,Platform,Seat,seat/year,540,0,540,770,415600,false
OPP-20539,ACC-1046,VOICE-AGENT,Namilio Voice Agents,Voice,Usage,minute,0.09,0,0.09,4060000,365400,false
OPP-20540,ACC-1087,MSG-API,Namilio Messaging API,Messaging,Usage,message,0.0075,35,0.00487,5723077,27900,true
OPP-20541,ACC-1065,COPILOT-API,Namilio Copilot API,AI,Usage,1K tokens,0.011,0,0.011,1418182,15600,true
OPP-20541,ACC-1065,VERIFY,Namilio Verify,Messaging,Usage,verification,0.05,5,0.0475,568421,27000,false
OPP-20542,ACC-1072,MSG-API,Namilio Messaging API,Messaging,Usage,message,0.0075,10,0.00675,918519,6200,true
OPP-20542,ACC-1072,VOICE-AGENT,Namilio Voice Agents,Voice,Usage,minute,0.09,15,0.0765,100654,7700,false
OPP-20542,ACC-1072,COPILOT-API,Namilio Copilot API,AI,Usage,1K tokens,0.011,10,0.0099,777778,7700,false
OPP-20543,ACC-1071,CONNECT-ENT,Namilio Connect Enterprise,Platform,Platform,year,48000,20,38400,1,172800,true
OPP-20544,ACC-1059,STUDIO,Namilio Studio,Platform,Seat,seat/year,540,0,540,358,193300,true
OPP-20544,ACC-1059,CONNECT-ENT,Namilio Connect Enterprise,Platform,Platform,year,48000,15,40800,1,181600,false
OPP-20545,ACC-1121,VERIFY,Namilio Verify,Messaging,Usage,verification,0.05,0,0.05,530000,26500,true
OPP-20546,ACC-1012,CONNECT-ENT,Namilio Connect Enterprise,Platform,Platform,year,48000,10,43200,1,17300,true
OPP-20546,ACC-1012,VOICE-AGENT,Namilio Voice Agents,Voice,Usage,minute,0.09,35,0.0585,728205,42600,false
OPP-20546,ACC-1012,STUDIO,Namilio Studio,Platform,Seat,seat/year,540,20,432,39,16700,false
OPP-20547,ACC-1076,STUDIO,Namilio Studio,Platform,Seat,seat/year,540,0,540,20,10600,true
OPP-20548,ACC-1125,MSG-API,Namilio Messaging API,Messaging,Usage,message,0.0075,15,0.00637,160047059,1020300,true
OPP-20548,ACC-1125,COPILOT-API,Namilio Copilot API,AI,Usage,1K tokens,0.011,35,0.00715,143160839,1023600,false
OPP-20548,ACC-1125,CONNECT-ENT,Namilio Connect Enterprise,Platform,Platform,year,48000,0,48000,1,418900,false
OPP-20549,ACC-1007,CONNECT-ENT,Namilio Connect Enterprise,Platform,Platform,year,48000,15,40800,1,686800,true
OPP-20550,ACC-1128,CONNECT-ENT,Namilio Connect Enterprise,Platform,Platform,year,48000,0,48000,1,48300,true
OPP-20550,ACC-1128,COPILOT-API,Namilio Copilot API,AI,Usage,1K tokens,0.011,0,0.011,4700000,51700,false
OPP-20550,ACC-1128,VERIFY,Namilio Verify,Messaging,Usage,verification,0.05,0,0.05,978000,48900,false
OPP-20551,ACC-1000,VERIFY,Namilio Verify,Messaging,Usage,verification,0.05,20,0.04,250000,10000,true
OPP-20551,ACC-1000,STUDIO,Namilio Studio,Platform,Seat,seat/year,540,0,540,17,9100,false
OPP-20551,ACC-1000,CONNECT-ENT,Namilio Connect Enterprise,Platform,Platform,year,48000,5,45600,1,3600,false
OPP-20552,ACC-1003,STUDIO,Namilio Studio,Platform,Seat,seat/year,540,0,540,5,2700,true
OPP-20553,ACC-1004,STUDIO,Namilio Studio,Platform,Seat,seat/year,540,0,540,8,4400,true
OPP-20553,ACC-1004,VERIFY,Namilio Verify,Messaging,Usage,verification,0.05,15,0.0425,61176,2600,false
OPP-20554,ACC-1005,STUDIO,Namilio Studio,Platform,Seat,seat/year,540,5,513,50,25700,true
OPP-20554,ACC-1005,MSG-API,Namilio Messaging API,Messaging,Usage,message,0.0075,5,0.00712,1108772,7900,false
OPP-20555,ACC-1005,MSG-API,Namilio Messaging API,Messaging,Usage,message,0.0075,10,0.00675,10725926,72400,true
OPP-20555,ACC-1005,COPILOT-API,Namilio Copilot API,AI,Usage,1K tokens,0.011,10,0.0099,6707071,66400,false
OPP-20556,ACC-1007,MSG-API,Namilio Messaging API,Messaging,Usage,message,0.0075,20,0.006,64366667,386200,true
OPP-20557,ACC-1007,MSG-API,Namilio Messaging API,Messaging,Usage,message,0.0075,15,0.00637,29443137,187700,true
OPP-20557,ACC-1007,VERIFY,Namilio Verify,Messaging,Usage,verification,0.05,35,0.0325,9615385,312500,false
OPP-20558,ACC-1007,CONNECT-ENT,Namilio Connect Enterprise,Platform,Platform,year,48000,10,43200,1,293200,true
OPP-20559,ACC-1008,VERIFY,Namilio Verify,Messaging,Usage,verification,0.05,5,0.0475,88421,4200,true
OPP-20559,ACC-1008,VOICE-AGENT,Namilio Voice Agents,Voice,Usage,minute,0.09,0,0.09,64444,5800,false
OPP-20560,ACC-1009,VERIFY,Namilio Verify,Messaging,Usage,verification,0.05,0,0.05,4100000,205000,true
OPP-20561,ACC-1009,MSG-API,Namilio Messaging API,Messaging,Usage,message,0.0075,15,0.00637,7827451,49900,true
OPP-20561,ACC-1009,STUDIO,Namilio Studio,Platform,Seat,seat/year,540,5,513,155,79400,false
OPP-20561,ACC-1009,CONNECT-ENT,Namilio Connect Enterprise,Platform,Platform,year,48000,0,48000,1,115900,false
OPP-20562,ACC-1009,COPILOT-API,Namilio Copilot API,AI,Usage,1K tokens,0.011,0,0.011,16281818,179100,true
OPP-20563,ACC-1010,STUDIO,Namilio Studio,Platform,Seat,seat/year,540,25,405,82,33100,true
OPP-20563,ACC-1010,VERIFY,Namilio Verify,Messaging,Usage,verification,0.05,0,0.05,1248000,62400,false
OPP-20563,ACC-1010,VOICE-AGENT,Namilio Voice Agents,Voice,Usage,minute,0.09,5,0.0855,982456,84000,false
OPP-20564,ACC-1011,CONNECT-ENT,Namilio Connect Enterprise,Platform,Platform,year,48000,10,43200,1,13000,true
OPP-20564,ACC-1011,STUDIO,Namilio Studio,Platform,Seat,seat/year,540,15,459,23,10700,false
OPP-20564,ACC-1011,MSG-API,Namilio Messaging API,Messaging,Usage,message,0.0075,5,0.00712,870175,6200,false
OPP-20565,ACC-1012,CONNECT-ENT,Namilio Connect Enterprise,Platform,Platform,year,48000,0,48000,1,15800,true
OPP-20565,ACC-1012,VERIFY,Namilio Verify,Messaging,Usage,verification,0.05,0,0.05,324000,16200,false
OPP-20565,ACC-1012,VOICE-AGENT,Namilio Voice Agents,Voice,Usage,minute,0.09,20,0.072,127778,9200,false
OPP-20566,ACC-1014,COPILOT-API,Namilio Copilot API,AI,Usage,1K tokens,0.011,20,0.0088,738636,6500,true
OPP-20567,ACC-1015,VOICE-AGENT,Namilio Voice Agents,Voice,Usage,minute,0.09,0,0.09,96667,8700,true
OPP-20568,ACC-1022,VERIFY,Namilio Verify,Messaging,Usage,verification,0.05,0,0.05,1104000,55200,true
OPP-20568,ACC-1022,MSG-API,Namilio Messaging API,Messaging,Usage,message,0.0075,0,0.0075,6240000,46800,false
OPP-20569,ACC-1023,CONNECT-ENT,Namilio Connect Enterprise,Platform,Platform,year,48000,10,43200,1,417300,true
OPP-20569,ACC-1023,STUDIO,Namilio Studio,Platform,Seat,seat/year,540,5,513,1230,631200,false
OPP-20569,ACC-1023,COPILOT-API,Namilio Copilot API,AI,Usage,1K tokens,0.011,10,0.0099,34262626,339200,false
OPP-20569,ACC-1023,MSG-API,Namilio Messaging API,Messaging,Usage,message,0.0075,25,0.00562,33653333,189300,false
OPP-20569,ACC-1023,VERIFY,Namilio Verify,Messaging,Usage,verification,0.05,0,0.05,10884000,544200,false
OPP-20570,ACC-1023,VERIFY,Namilio Verify,Messaging,Usage,verification,0.05,5,0.0475,1943158,92300,true
OPP-20570,ACC-1023,MSG-API,Namilio Messaging API,Messaging,Usage,message,0.0075,0,0.0075,11253333,84400,false
OPP-20570,ACC-1023,COPILOT-API,Namilio Copilot API,AI,Usage,1K tokens,0.011,0,0.011,7572727,83300,false
OPP-20570,ACC-1023,CONNECT-ENT,Namilio Connect Enterprise,Platform,Platform,year,48000,0,48000,1,111000,false
OPP-20570,ACC-1023,STUDIO,Namilio Studio,Platform,Seat,seat/year,540,5,513,158,81000,false
OPP-20571,ACC-1023,STUDIO,Namilio Studio,Platform,Seat,seat/year,540,35,351,708,248500,true
OPP-20571,ACC-1023,VOICE-AGENT,Namilio Voice Agents,Voice,Usage,minute,0.09,15,0.0765,3573856,273400,false
OPP-20571,ACC-1023,MSG-API,Namilio Messaging API,Messaging,Usage,message,0.0075,5,0.00712,45992982,327700,false
OPP-20571,ACC-1023,COPILOT-API,Namilio Copilot API,AI,Usage,1K tokens,0.011,0,0.011,25690909,282600,false
OPP-20571,ACC-1023,VERIFY,Namilio Verify,Messaging,Usage,verification,0.05,0,0.05,5326000,266300,false
OPP-20572,ACC-1023,VERIFY,Namilio Verify,Messaging,Usage,verification,0.05,0,0.05,13700000,685000,true
OPP-20572,ACC-1023,COPILOT-API,Namilio Copilot API,AI,Usage,1K tokens,0.011,10,0.0099,67909091,672300,false
OPP-20572,ACC-1023,CONNECT-ENT,Namilio Connect Enterprise,Platform,Platform,year,48000,0,48000,1,805200,false
OPP-20573,ACC-1024,CONNECT-ENT,Namilio Connect Enterprise,Platform,Platform,year,48000,35,31200,1,4300,true
OPP-20573,ACC-1024,VOICE-AGENT,Namilio Voice Agents,Voice,Usage,minute,0.09,5,0.0855,49123,4200,false
OPP-20574,ACC-1026,VERIFY,Namilio Verify,Messaging,Usage,verification,0.05,10,0.045,400000,18000,true
OPP-20574,ACC-1026,MSG-API,Namilio Messaging API,Messaging,Usage,message,0.0075,10,0.00675,2281481,15400,false
OPP-20575,ACC-1027,COPILOT-API,Namilio Copilot API,AI,Usage,1K tokens,0.011,0,0.011,51309091,564400,true
OPP-20576,ACC-1031,MSG-API,Namilio Messaging API,Messaging,Usage,message,0.0075,25,0.00562,3342222,18800,true
OPP-20576,ACC-1031,COPILOT-API,Namilio Copilot API,AI,Usage,1K tokens,0.011,10,0.0099,898990,8900,false
OPP-20576,ACC-1031,CONNECT-ENT,Namilio Connect Enterprise,Platform,Platform,year,48000,10,43200,1,17100,false
OPP-20577,ACC-1032,STUDIO,Namilio Studio,Platform,Seat,seat/year,540,0,540,9,4700,true
OPP-20578,ACC-1034,STUDIO,Namilio Studio,Platform,Seat,seat/year,540,10,486,150,73100,true
OPP-20579,ACC-1035,CONNECT-ENT,Namilio Connect Enterprise,Platform,Platform,year,48000,0,48000,1,6500,true
OPP-20579,ACC-1035,VOICE-AGENT,Namilio Voice Agents,Voice,Usage,minute,0.09,15,0.0765,99346,7600,false
OPP-20579,ACC-1035,MSG-API,Namilio Messaging API,Messaging,Usage,message,0.0075,35,0.00487,1046154,5100,false
OPP-20580,ACC-1036,VERIFY,Namilio Verify,Messaging,Usage,verification,0.05,35,0.0325,18462,600,true
OPP-20581,ACC-1037,MSG-API,Namilio Messaging API,Messaging,Usage,message,0.0075,0,0.0075,1506667,11300,true
OPP-20582,ACC-1039,VERIFY,Namilio Verify,Messaging,Usage,verification,0.05,10,0.045,3206667,144300,true
OPP-20582,ACC-1039,VOICE-AGENT,Namilio Voice Agents,Voice,Usage,minute,0.09,20,0.072,2034722,146500,false
OPP-20582,ACC-1039,MSG-API,Namilio Messaging API,Messaging,Usage,message,0.0075,35,0.00487,26338462,128400,false
OPP-20583,ACC-1039,CONNECT-ENT,Namilio Connect Enterprise,Platform,Platform,year,48000,20,38400,1,424200,true
OPP-20584,ACC-1041,MSG-API,Namilio Messaging API,Messaging,Usage,message,0.0075,10,0.00675,7051852,47600,true
OPP-20584,ACC-1041,COPILOT-API,Namilio Copilot API,AI,Usage,1K tokens,0.011,35,0.00715,5146853,36800,false
OPP-20585,ACC-1042,STUDIO,Namilio Studio,Platform,Seat,seat/year,540,20,432,2168,936500,true
OPP-20585,ACC-1042,COPILOT-API,Namilio Copilot API,AI,Usage,1K tokens,0.011,35,0.00715,101356643,724700,false
OPP-20585,ACC-1042,VERIFY,Namilio Verify,Messaging,Usage,verification,0.05,10,0.045,8871111,399200,false
OPP-20586,ACC-1042,VOICE-AGENT,Namilio Voice Agents,Voice,Usage,minute,0.09,0,0.09,1614444,145300,true
OPP-20586,ACC-1042,STUDIO,Namilio Studio,Platform,Seat,seat/year,540,0,540,611,329900,false
OPP-20586,ACC-1042,VERIFY,Namilio Verify,Messaging,Usage,verification,0.05,0,0.05,3438000,171900,false
OPP-20586,ACC-1042,MSG-API,Namilio Messaging API,Messaging,Usage,message,0.0075,5,0.00712,41445614,295300,false
OPP-20586,ACC-1042,COPILOT-API,Namilio Copilot API,AI,Usage,1K tokens,0.011,0,0.011,13136364,144500,false
OPP-20587,ACC-1043,VERIFY,Namilio Verify,Messaging,Usage,verification,0.05,10,0.045,11424444,514100,true
OPP-20587,ACC-1043,VOICE-AGENT,Namilio Voice Agents,Voice,Usage,minute,0.09,10,0.081,5848148,473700,false
OPP-20587,ACC-1043,MSG-API,Namilio Messaging API,Messaging,Usage,message,0.0075,0,0.0075,42040000,315300,false
OPP-20588,ACC-1043,CONNECT-ENT,Namilio Connect Enterprise,Platform,Platform,year,48000,0,48000,1,154900,true
OPP-20588,ACC-1043,STUDIO,Namilio Studio,Platform,Seat,seat/year,540,0,540,278,150100,false
OPP-20588,ACC-1043,VOICE-AGENT,Namilio Voice Agents,Voice,Usage,minute,0.09,35,0.0585,2991453,175000,false
OPP-20588,ACC-1043,VERIFY,Namilio Verify,Messaging,Usage,verification,0.05,20,0.04,4352500,174100,false
OPP-20588,ACC-1043,MSG-API,Namilio Messaging API,Messaging,Usage,message,0.0075,35,0.00487,38092308,185700,false
OPP-20589,ACC-1043,CONNECT-ENT,Namilio Connect Enterprise,Platform,Platform,year,48000,5,45600,1,525200,true
OPP-20589,ACC-1043,VOICE-AGENT,Namilio Voice Agents,Voice,Usage,minute,0.09,5,0.0855,11250292,961900,false
OPP-20589,ACC-1043,STUDIO,Namilio Studio,Platform,Seat,seat/year,540,25,405,1564,633300,false
OPP-20590,ACC-1043,VERIFY,Namilio Verify,Messaging,Usage,verification,0.05,25,0.0375,6920000,259500,true
OPP-20590,ACC-1043,COPILOT-API,Namilio Copilot API,AI,Usage,1K tokens,0.011,15,0.00935,32106952,300200,false
OPP-20590,ACC-1043,VOICE-AGENT,Namilio Voice Agents,Voice,Usage,minute,0.09,20,0.072,4415278,317900,false
OPP-20590,ACC-1043,CONNECT-ENT,Namilio Connect Enterprise,Platform,Platform,year,48000,35,31200,1,126300,false
OPP-20591,ACC-1046,MSG-API,Namilio Messaging API,Messaging,Usage,message,0.0075,5,0.00712,44954386,320300,true
OPP-20591,ACC-1046,VERIFY,Namilio Verify,Messaging,Usage,verification,0.05,0,0.05,2296000,114800,false
OPP-20591,ACC-1046,CONNECT-ENT,Namilio Connect Enterprise,Platform,Platform,year,48000,0,48000,1,320900,false
OPP-20591,ACC-1046,COPILOT-API,Namilio Copilot API,AI,Usage,1K tokens,0.011,15,0.00935,22877005,213900,false
OPP-20592,ACC-1046,MSG-API,Namilio Messaging API,Messaging,Usage,message,0.0075,15,0.00637,68078431,434000,true
OPP-20592,ACC-1046,VERIFY,Namilio Verify,Messaging,Usage,verification,0.05,20,0.04,6710000,268400,false
OPP-20592,ACC-1046,STUDIO,Namilio Studio,Platform,Seat,seat/year,540,5,513,1286,659600,false
OPP-20592,ACC-1046,CONNECT-ENT,Namilio Connect Enterprise,Platform,Platform,year,48000,10,43200,1,199600,false
OPP-20593,ACC-1047,STUDIO,Namilio Studio,Platform,Seat,seat/year,540,20,432,31,13200,true
OPP-20593,ACC-1047,MSG-API,Namilio Messaging API,Messaging,Usage,message,0.0075,0,0.0075,4306667,32300,false
OPP-20594,ACC-1050,MSG-API,Namilio Messaging API,Messaging,Usage,message,0.0075,10,0.00675,3822222,25800,true
OPP-20595,ACC-1051,COPILOT-API,Namilio Copilot API,AI,Usage,1K tokens,0.011,25,0.00825,157576,1300,true
OPP-20596,ACC-1052,VERIFY,Namilio Verify,Messaging,Usage,verification,0.05,0,0.05,378000,18900,true
OPP-20597,ACC-1053,VOICE-AGENT,Namilio Voice Agents,Voice,Usage,minute,0.09,5,0.0855,37427,3200,true
OPP-20598,ACC-1054,MSG-API,Namilio Messaging API,Messaging,Usage,message,0.0075,5,0.00712,22498246,160300,true
OPP-20598,ACC-1054,VERIFY,Namilio Verify,Messaging,Usage,verification,0.05,25,0.0375,3618667,135700,false
OPP-20598,ACC-1054,COPILOT-API,Namilio Copilot API,AI,Usage,1K tokens,0.011,15,0.00935,18417112,172200,false
OPP-20599,ACC-1054,MSG-API,Namilio Messaging API,Messaging,Usage,message,0.0075,5,0.00712,134666667,959500,true
OPP-20600,ACC-1055,VOICE-AGENT,Namilio Voice Agents,Voice,Usage,minute,0.09,0,0.09,344444,31000,true
OPP-20601,ACC-1057,COPILOT-API,Namilio Copilot API,AI,Usage,1K tokens,0.011,5,0.01045,2794258,29200,true
OPP-20602,ACC-1058,COPILOT-API,Namilio Copilot API,AI,Usage,1K tokens,0.011,0,0.011,654545,7200,true
OPP-20602,ACC-1058,VERIFY,Namilio Verify,Messaging,Usage,verification,0.05,0,0.05,204000,10200,false
OPP-20603,ACC-1059,STUDIO,Namilio Studio,Platform,Seat,seat/year,540,10,486,498,241900,true
OPP-20604,ACC-1062,STUDIO,Namilio Studio,Platform,Seat,seat/year,540,15,459,9,4300,true
OPP-20604,ACC-1062,MSG-API,Namilio Messaging API,Messaging,Usage,message,0.0075,0,0.0075,426667,3200,false
OPP-20604,ACC-1062,COPILOT-API,Namilio Copilot API,AI,Usage,1K tokens,0.011,5,0.01045,248804,2600,false
OPP-20605,ACC-1064,COPILOT-API,Namilio Copilot API,AI,Usage,1K tokens,0.011,0,0.011,3563636,39200,true
OPP-20605,ACC-1064,STUDIO,Namilio Studio,Platform,Seat,seat/year,540,10,486,34,16400,false
OPP-20606,ACC-1065,STUDIO,Namilio Studio,Platform,Seat,seat/year,540,5,513,12,6000,true
OPP-20606,ACC-1065,MSG-API,Namilio Messaging API,Messaging,Usage,message,0.0075,35,0.00487,3835897,18700,false
OPP-20606,ACC-1065,VOICE-AGENT,Namilio Voice Agents,Voice,Usage,minute,0.09,0,0.09,182222,16400,false
OPP-20607,ACC-1067,CONNECT-ENT,Namilio Connect Enterprise,Platform,Platform,year,48000,0,48000,1,439300,true
OPP-20607,ACC-1067,VOICE-AGENT,Namilio Voice Agents,Voice,Usage,minute,0.09,0,0.09,6198889,557900,false
OPP-20607,ACC-1067,MSG-API,Namilio Messaging API,Messaging,Usage,message,0.0075,0,0.0075,64413333,483100,false
OPP-20607,ACC-1067,STUDIO,Namilio Studio,Platform,Seat,seat/year,540,0,540,541,291900,false
OPP-20607,ACC-1067,COPILOT-API,Namilio Copilot API,AI,Usage,1K tokens,0.011,20,0.0088,57409091,505200,false
OPP-20608,ACC-1067,STUDIO,Namilio Studio,Platform,Seat,seat/year,540,5,513,159,81500,true
OPP-20608,ACC-1067,COPILOT-API,Namilio Copilot API,AI,Usage,1K tokens,0.011,5,0.01045,4459330,46600,false
OPP-20608,ACC-1067,VERIFY,Namilio Verify,Messaging,Usage,verification,0.05,0,0.05,1978000,98900,false
OPP-20608,ACC-1067,VOICE-AGENT,Namilio Voice Agents,Voice,Usage,minute,0.09,15,0.0765,942484,72100,false
OPP-20609,ACC-1070,VOICE-AGENT,Namilio Voice Agents,Voice,Usage,minute,0.09,35,0.0585,608547,35600,true
OPP-20610,ACC-1073,STUDIO,Namilio Studio,Platform,Seat,seat/year,540,0,540,55,29500,true
OPP-20610,ACC-1073,COPILOT-API,Namilio Copilot API,AI,Usage,1K tokens,0.011,15,0.00935,6898396,64500,false
OPP-20611,ACC-1074,VOICE-AGENT,Namilio Voice Agents,Voice,Usage,minute,0.09,10,0.081,14833333,1201500,true
OPP-20611,ACC-1074,MSG-API,Namilio Messaging API,Messaging,Usage,message,0.0075,25,0.00562,88764444,499300,false
OPP-20611,ACC-1074,STUDIO,Namilio Studio,Platform,Seat,seat/year,540,0,540,2095,1131300,false
OPP-20612,ACC-1074,STUDIO,Namilio Studio,Platform,Seat,seat/year,540,10,486,408,198100,true
OPP-20612,ACC-1074,COPILOT-API,Namilio Copilot API,AI,Usage,1K tokens,0.011,5,0.01045,9244019,96600,false
OPP-20612,ACC-1074,MSG-API,Namilio Messaging API,Messaging,Usage,message,0.0075,0,0.0075,36626667,274700,false
OPP-20613,ACC-1074,COPILOT-API,Namilio Copilot API,AI,Usage,1K tokens,0.011,0,0.011,51863636,570500,true
OPP-20613,ACC-1074,STUDIO,Namilio Studio,Platform,Seat,seat/year,540,10,486,944,458600,false
OPP-20613,ACC-1074,VERIFY,Namilio Verify,Messaging,Usage,verification,0.05,25,0.0375,11461333,429800,false
OPP-20613,ACC-1074,VOICE-AGENT,Namilio Voice Agents,Voice,Usage,minute,0.09,5,0.0855,7585965,648600,false
OPP-20613,ACC-1074,CONNECT-ENT,Namilio Connect Enterprise,Platform,Platform,year,48000,10,43200,1,513100,false
OPP-20614,ACC-1075,CONNECT-ENT,Namilio Connect Enterprise,Platform,Platform,year,48000,25,36000,1,764900,true
OPP-20614,ACC-1075,VOICE-AGENT,Namilio Voice Agents,Voice,Usage,minute,0.09,0,0.09,7935556,714200,false
OPP-20614,ACC-1075,STUDIO,Namilio Studio,Platform,Seat,seat/year,540,15,459,1498,687800,false
OPP-20614,ACC-1075,COPILOT-API,Namilio Copilot API,AI,Usage,1K tokens,0.011,15,0.00935,59240642,553900,false
OPP-20614,ACC-1075,MSG-API,Namilio Messaging API,Messaging,Usage,message,0.0075,25,0.00562,44444444,250000,false
OPP-20615,ACC-1075,VERIFY,Namilio Verify,Messaging,Usage,verification,0.05,5,0.0475,19867368,943700,true
OPP-20615,ACC-1075,STUDIO,Namilio Studio,Platform,Seat,seat/year,540,15,459,1618,742800,false
OPP-20615,ACC-1075,MSG-API,Namilio Messaging API,Messaging,Usage,message,0.0075,10,0.00675,139600000,942300,false
OPP-20616,ACC-1075,MSG-API,Namilio Messaging API,Messaging,Usage,message,0.0075,25,0.00562,41991111,236200,true
OPP-20616,ACC-1075,STUDIO,Namilio Studio,Platform,Seat,seat/year,540,0,540,233,126000,false
OPP-20616,ACC-1075,VERIFY,Namilio Verify,Messaging,Usage,verification,0.05,20,0.04,7527500,301100,false
OPP-20616,ACC-1075,VOICE-AGENT,Namilio Voice Agents,Voice,Usage,minute,0.09,0,0.09,1606667,144600,false
OPP-20617,ACC-1075,STUDIO,Namilio Studio,Platform,Seat,seat/year,540,10,486,716,348000,true
OPP-20617,ACC-1075,VERIFY,Namilio Verify,Messaging,Usage,verification,0.05,20,0.04,7182500,287300,false
OPP-20617,ACC-1075,COPILOT-API,Namilio Copilot API,AI,Usage,1K tokens,0.011,0,0.011,29018182,319200,false
OPP-20617,ACC-1075,CONNECT-ENT,Namilio Connect Enterprise,Platform,Platform,year,48000,20,38400,1,141300,false
OPP-20618,ACC-1077,VERIFY,Namilio Verify,Messaging,Usage,verification,0.05,0,0.05,2670000,133500,true
OPP-20619,ACC-1082,CONNECT-ENT,Namilio Connect Enterprise,Platform,Platform,year,48000,20,38400,1,159700,true
OPP-20620,ACC-1082,MSG-API,Namilio Messaging API,Messaging,Usage,message,0.0075,0,0.0075,4373333,32800,true
OPP-20620,ACC-1082,CONNECT-ENT,Namilio Connect Enterprise,Platform,Platform,year,48000,0,48000,1,37600,false
OPP-20620,ACC-1082,STUDIO,Namilio Studio,Platform,Seat,seat/year,540,20,432,38,16300,false
OPP-20621,ACC-1082,CONNECT-ENT,Namilio Connect Enterprise,Platform,Platform,year,48000,5,45600,1,276900,true
OPP-20622,ACC-1086,CONNECT-ENT,Namilio Connect Enterprise,Platform,Platform,year,48000,0,48000,1,236600,true
OPP-20622,ACC-1086,VERIFY,Namilio Verify,Messaging,Usage,verification,0.05,0,0.05,8364000,418200,false
OPP-20622,ACC-1086,STUDIO,Namilio Studio,Platform,Seat,seat/year,540,0,540,688,371500,false
OPP-20622,ACC-1086,VOICE-AGENT,Namilio Voice Agents,Voice,Usage,minute,0.09,5,0.0855,5685380,486100,false
OPP-20623,ACC-1086,VERIFY,Namilio Verify,Messaging,Usage,verification,0.05,35,0.0325,12175385,395700,true
OPP-20623,ACC-1086,COPILOT-API,Namilio Copilot API,AI,Usage,1K tokens,0.011,10,0.0099,45646465,451900,false
OPP-20623,ACC-1086,MSG-API,Namilio Messaging API,Messaging,Usage,message,0.0075,20,0.006,27683333,166100,false
OPP-20623,ACC-1086,STUDIO,Namilio Studio,Platform,Seat,seat/year,540,20,432,780,336800,false
OPP-20624,ACC-1088,CONNECT-ENT,Namilio Connect Enterprise,Platform,Platform,year,48000,0,48000,1,16500,true
OPP-20625,ACC-1089,MSG-API,Namilio Messaging API,Messaging,Usage,message,0.0075,0,0.0075,573333,4300,true
OPP-20625,ACC-1089,COPILOT-API,Namilio Copilot API,AI,Usage,1K tokens,0.011,0,0.011,263636,2900,false
OPP-20625,ACC-1089,CONNECT-ENT,Namilio Connect Enterprise,Platform,Platform,year,48000,35,31200,1,4200,false
OPP-20626,ACC-1092,VERIFY,Namilio Verify,Messaging,Usage,verification,0.05,5,0.0475,269474,12800,true
OPP-20626,ACC-1092,CONNECT-ENT,Namilio Connect Enterprise,Platform,Platform,year,48000,5,45600,1,26300,false
OPP-20627,ACC-1093,VERIFY,Namilio Verify,Messaging,Usage,verification,0.05,0,0.05,3476000,173800,true
OPP-20627,ACC-1093,VOICE-AGENT,Namilio Voice Agents,Voice,Usage,minute,0.09,10,0.081,4680247,379100,false
OPP-20628,ACC-1095,VERIFY,Namilio Verify,Messaging,Usage,verification,0.05,5,0.0475,4397895,208900,true
OPP-20628,ACC-1095,VOICE-AGENT,Namilio Voice Agents,Voice,Usage,minute,0.09,0,0.09,2004444,180400,false
OPP-20628,ACC-1095,STUDIO,Namilio Studio,Platform,Seat,seat/year,540,0,540,574,309800,false
OPP-20629,ACC-1097,MSG-API,Namilio Messaging API,Messaging,Usage,message,0.0075,10,0.00675,711111,4800,true
OPP-20629,ACC-1097,STUDIO,Namilio Studio,Platform,Seat,seat/year,540,5,513,10,5300,false
OPP-20629,ACC-1097,VERIFY,Namilio Verify,Messaging,Usage,verification,0.05,20,0.04,85000,3400,false
OPP-20630,ACC-1099,COPILOT-API,Namilio Copilot API,AI,Usage,1K tokens,0.011,10,0.0099,1414141,14000,true
OPP-20631,ACC-1100,CONNECT-ENT,Namilio Connect Enterprise,Platform,Platform,year,48000,5,45600,1,4900,true
OPP-20631,ACC-1100,MSG-API,Namilio Messaging API,Messaging,Usage,message,0.0075,5,0.00712,350877,2500,false
OPP-20631,ACC-1100,VOICE-AGENT,Namilio Voice Agents,Voice,Usage,minute,0.09,0,0.09,20000,1800,false
OPP-20632,ACC-1101,VERIFY,Namilio Verify,Messaging,Usage,verification,0.05,15,0.0425,183529,7800,true
OPP-20633,ACC-1102,CONNECT-ENT,Namilio Connect Enterprise,Platform,Platform,year,48000,25,36000,1,72200,true
OPP-20633,ACC-1102,STUDIO,Namilio Studio,Platform,Seat,seat/year,540,0,540,112,60500,false
OPP-20634,ACC-1103,VOICE-AGENT,Namilio Voice Agents,Voice,Usage,minute,0.09,0,0.09,477778,43000,true
OPP-20634,ACC-1103,COPILOT-API,Namilio Copilot API,AI,Usage,1K tokens,0.011,20,0.0088,5488636,48300,false
OPP-20635,ACC-1103,CONNECT-ENT,Namilio Connect Enterprise,Platform,Platform,year,48000,0,48000,1,206100,true
OPP-20635,ACC-1103,VOICE-AGENT,Namilio Voice Agents,Voice,Usage,minute,0.09,5,0.0855,2728655,233300,false
OPP-20636,ACC-1103,CONNECT-ENT,Namilio Connect Enterprise,Platform,Platform,year,48000,15,40800,1,405500,true
OPP-20637,ACC-1104,VOICE-AGENT,Namilio Voice Agents,Voice,Usage,minute,0.09,5,0.0855,73684,6300,true
OPP-20638,ACC-1105,VERIFY,Namilio Verify,Messaging,Usage,verification,0.05,10,0.045,51111,2300,true
OPP-20639,ACC-1106,COPILOT-API,Namilio Copilot API,AI,Usage,1K tokens,0.011,0,0.011,727273,8000,true
OPP-20639,ACC-1106,VERIFY,Namilio Verify,Messaging,Usage,verification,0.05,35,0.0325,310769,10100,false
OPP-20640,ACC-1107,VOICE-AGENT,Namilio Voice Agents,Voice,Usage,minute,0.09,0,0.09,332222,29900,true
OPP-20640,ACC-1107,MSG-API,Namilio Messaging API,Messaging,Usage,message,0.0075,15,0.00637,3843137,24500,false
OPP-20641,ACC-1108,MSG-API,Namilio Messaging API,Messaging,Usage,message,0.0075,0,0.0075,480000,3600,true
OPP-20642,ACC-1110,VOICE-AGENT,Namilio Voice Agents,Voice,Usage,minute,0.09,20,0.072,7019444,505400,true
OPP-20643,ACC-1110,VOICE-AGENT,Namilio Voice Agents,Voice,Usage,minute,0.09,0,0.09,4060000,365400,true
OPP-20644,ACC-1112,VOICE-AGENT,Namilio Voice Agents,Voice,Usage,minute,0.09,0,0.09,1726667,155400,true
OPP-20645,ACC-1113,STUDIO,Namilio Studio,Platform,Seat,seat/year,540,5,513,31,16000,true
OPP-20645,ACC-1113,CONNECT-ENT,Namilio Connect Enterprise,Platform,Platform,year,48000,0,48000,1,9900,false
OPP-20645,ACC-1113,VOICE-AGENT,Namilio Voice Agents,Voice,Usage,minute,0.09,20,0.072,190278,13700,false
OPP-20646,ACC-1114,COPILOT-API,Namilio Copilot API,AI,Usage,1K tokens,0.011,0,0.011,22736364,250100,true
OPP-20646,ACC-1114,VERIFY,Namilio Verify,Messaging,Usage,verification,0.05,0,0.05,6106000,305300,false
OPP-20646,ACC-1114,VOICE-AGENT,Namilio Voice Agents,Voice,Usage,minute,0.09,0,0.09,6940000,624600,false
OPP-20646,ACC-1114,MSG-API,Namilio Messaging API,Messaging,Usage,message,0.0075,0,0.0075,78760000,590700,false
OPP-20647,ACC-1114,MSG-API,Namilio Messaging API,Messaging,Usage,message,0.0075,0,0.0075,69066667,518000,true
OPP-20647,ACC-1114,CONNECT-ENT,Namilio Connect Enterprise,Platform,Platform,year,48000,0,48000,1,1192800,false
OPP-20647,ACC-1114,COPILOT-API,Namilio Copilot API,AI,Usage,1K tokens,0.011,15,0.00935,82823529,774400,false
OPP-20647,ACC-1114,VERIFY,Namilio Verify,Messaging,Usage,verification,0.05,0,0.05,10044000,502200,false
OPP-20648,ACC-1114,STUDIO,Namilio Studio,Platform,Seat,seat/year,540,15,459,2161,991900,true
OPP-20648,ACC-1114,MSG-API,Namilio Messaging API,Messaging,Usage,message,0.0075,10,0.00675,204992593,1383700,false
OPP-20648,ACC-1114,COPILOT-API,Namilio Copilot API,AI,Usage,1K tokens,0.011,0,0.011,101145455,1112600,false
OPP-20649,ACC-1114,CONNECT-ENT,Namilio Connect Enterprise,Platform,Platform,year,48000,5,45600,1,230100,true
OPP-20649,ACC-1114,VERIFY,Namilio Verify,Messaging,Usage,verification,0.05,10,0.045,15180000,683100,false
OPP-20649,ACC-1114,MSG-API,Namilio Messaging API,Messaging,Usage,message,0.0075,15,0.00637,111639216,711700,false
OPP-20650,ACC-1115,MSG-API,Namilio Messaging API,Messaging,Usage,message,0.0075,5,0.00712,378947,2700,true
OPP-20650,ACC-1115,CONNECT-ENT,Namilio Connect Enterprise,Platform,Platform,year,48000,0,48000,1,2100,false
OPP-20650,ACC-1115,VERIFY,Namilio Verify,Messaging,Usage,verification,0.05,0,0.05,22000,1100,false
OPP-20651,ACC-1116,MSG-API,Namilio Messaging API,Messaging,Usage,message,0.0075,15,0.00637,32690196,208400,true
OPP-20651,ACC-1116,CONNECT-ENT,Namilio Connect Enterprise,Platform,Platform,year,48000,15,40800,1,162100,false
OPP-20651,ACC-1116,STUDIO,Namilio Studio,Platform,Seat,seat/year,540,0,540,586,316400,false
OPP-20652,ACC-1116,CONNECT-ENT,Namilio Connect Enterprise,Platform,Platform,year,48000,5,45600,1,113600,true
OPP-20652,ACC-1116,VERIFY,Namilio Verify,Messaging,Usage,verification,0.05,10,0.045,2364444,106400,false
OPP-20653,ACC-1116,MSG-API,Namilio Messaging API,Messaging,Usage,message,0.0075,10,0.00675,18562963,125300,true
OPP-20653,ACC-1116,VOICE-AGENT,Namilio Voice Agents,Voice,Usage,minute,0.09,25,0.0675,1779259,120100,false
OPP-20653,ACC-1116,CONNECT-ENT,Namilio Connect Enterprise,Platform,Platform,year,48000,0,48000,1,68200,false
OPP-20654,ACC-1118,VOICE-AGENT,Namilio Voice Agents,Voice,Usage,minute,0.09,15,0.0765,950327,72700,true
OPP-20654,ACC-1118,CONNECT-ENT,Namilio Connect Enterprise,Platform,Platform,year,48000,35,31200,1,75000,false
OPP-20654,ACC-1118,STUDIO,Namilio Studio,Platform,Seat,seat/year,540,5,513,61,31200,false
OPP-20654,ACC-1118,COPILOT-API,Namilio Copilot API,AI,Usage,1K tokens,0.011,0,0.011,6218182,68400,false
OPP-20654,ACC-1118,MSG-API,Namilio Messaging API,Messaging,Usage,message,0.0075,25,0.00562,16088889,90500,false
OPP-20655,ACC-1118,COPILOT-API,Namilio Copilot API,AI,Usage,1K tokens,0.011,0,0.011,5336364,58700,true
OPP-20655,ACC-1118,STUDIO,Namilio Studio,Platform,Seat,seat/year,540,35,351,386,135500,false
OPP-20655,ACC-1118,VERIFY,Namilio Verify,Messaging,Usage,verification,0.05,0,0.05,2384000,119200,false
OPP-20655,ACC-1118,CONNECT-ENT,Namilio Connect Enterprise,Platform,Platform,year,48000,20,38400,1,79100,false
OPP-20655,ACC-1118,VOICE-AGENT,Namilio Voice Agents,Voice,Usage,minute,0.09,10,0.081,1644444,133200,false
OPP-20656,ACC-1119,VOICE-AGENT,Namilio Voice Agents,Voice,Usage,minute,0.09,5,0.0855,1267836,108400,true
OPP-20656,ACC-1119,VERIFY,Namilio Verify,Messaging,Usage,verification,0.05,10,0.045,5728889,257800,false
OPP-20656,ACC-1119,CONNECT-ENT,Namilio Connect Enterprise,Platform,Platform,year,48000,10,43200,1,178800,false
OPP-20657,ACC-1119,VOICE-AGENT,Namilio Voice Agents,Voice,Usage,minute,0.09,15,0.0765,5125490,392100,true
OPP-20657,ACC-1119,COPILOT-API,Namilio Copilot API,AI,Usage,1K tokens,0.011,5,0.01045,45330144,473700,false
OPP-20658,ACC-1120,STUDIO,Namilio Studio,Platform,Seat,seat/year,540,20,432,26,11400,true
OPP-20658,ACC-1120,VOICE-AGENT,Namilio Voice Agents,Voice,Usage,minute,0.09,25,0.0675,158519,10700,false
OPP-20658,ACC-1120,CONNECT-ENT,Namilio Connect Enterprise,Platform,Platform,year,48000,5,45600,1,8200,false
OPP-20659,ACC-1122,COPILOT-API,Namilio Copilot API,AI,Usage,1K tokens,0.011,35,0.00715,11384615,81400,true
OPP-20659,ACC-1122,MSG-API,Namilio Messaging API,Messaging,Usage,message,0.0075,35,0.00487,16717949,81500,false
OPP-20659,ACC-1122,VERIFY,Namilio Verify,Messaging,Usage,verification,0.05,5,0.0475,2246316,106700,false
OPP-20659,ACC-1122,CONNECT-ENT,Namilio Connect Enterprise,Platform,Platform,year,48000,15,40800,1,62600,false
OPP-20660,ACC-1122,VERIFY,Namilio Verify,Messaging,Usage,verification,0.05,15,0.0425,2388235,101500,true
OPP-20660,ACC-1122,STUDIO,Namilio Studio,Platform,Seat,seat/year,540,20,432,246,106200,false
OPP-20660,ACC-1122,MSG-API,Namilio Messaging API,Messaging,Usage,message,0.0075,10,0.00675,12770370,86200,false
OPP-20660,ACC-1122,COPILOT-API,Namilio Copilot API,AI,Usage,1K tokens,0.011,25,0.00825,9672727,79800,false
OPP-20661,ACC-1124,COPILOT-API,Namilio Copilot API,AI,Usage,1K tokens,0.011,0,0.011,354545,3900,true
OPP-20661,ACC-1124,VOICE-AGENT,Namilio Voice Agents,Voice,Usage,minute,0.09,25,0.0675,133333,9000,false
OPP-20661,ACC-1124,STUDIO,Namilio Studio,Platform,Seat,seat/year,540,15,459,19,8700,false
OPP-20662,ACC-1125,STUDIO,Namilio Studio,Platform,Seat,seat/year,540,5,513,353,181100,true
OPP-20662,ACC-1125,CONNECT-ENT,Namilio Connect Enterprise,Platform,Platform,year,48000,0,48000,1,252100,false
OPP-20662,ACC-1125,COPILOT-API,Namilio Copilot API,AI,Usage,1K tokens,0.011,20,0.0088,55954545,492400,false
OPP-20662,ACC-1125,MSG-API,Namilio Messaging API,Messaging,Usage,message,0.0075,0,0.0075,21293333,159700,false
OPP-20663,ACC-1125,MSG-API,Namilio Messaging API,Messaging,Usage,message,0.0075,20,0.006,11300000,67800,true
OPP-20663,ACC-1125,STUDIO,Namilio Studio,Platform,Seat,seat/year,540,0,540,66,35800,false
OPP-20663,ACC-1125,COPILOT-API,Namilio Copilot API,AI,Usage,1K tokens,0.011,0,0.011,8827273,97100,false
OPP-20663,ACC-1125,VOICE-AGENT,Namilio Voice Agents,Voice,Usage,minute,0.09,0,0.09,901111,81100,false
OPP-20664,ACC-1125,STUDIO,Namilio Studio,Platform,Seat,seat/year,540,15,459,276,126600,true
OPP-20664,ACC-1125,VERIFY,Namilio Verify,Messaging,Usage,verification,0.05,20,0.04,5942500,237700,false
OPP-20664,ACC-1125,COPILOT-API,Namilio Copilot API,AI,Usage,1K tokens,0.011,15,0.00935,39272727,367200,false
OPP-20664,ACC-1125,CONNECT-ENT,Namilio Connect Enterprise,Platform,Platform,year,48000,10,43200,1,332500,false
OPP-20665,ACC-1127,VOICE-AGENT,Namilio Voice Agents,Voice,Usage,minute,0.09,20,0.072,166667,12000,true
OPP-20666,ACC-1128,VOICE-AGENT,Namilio Voice Agents,Voice,Usage,minute,0.09,10,0.081,135802,11000,true
OPP-20666,ACC-1128,CONNECT-ENT,Namilio Connect Enterprise,Platform,Platform,year,48000,0,48000,1,17100,false
OPP-20666,ACC-1128,MSG-API,Namilio Messaging API,Messaging,Usage,message,0.0075,20,0.006,3083333,18500,false
OPP-20667,ACC-1129,STUDIO,Namilio Studio,Platform,Seat,seat/year,540,5,513,19,9600,true
OPP-20668,ACC-1130,VERIFY,Namilio Verify,Messaging,Usage,verification,0.05,10,0.045,60000,2700,true
OPP-20668,ACC-1130,VOICE-AGENT,Namilio Voice Agents,Voice,Usage,minute,0.09,15,0.0765,39216,3000,false
OPP-20668,ACC-1130,STUDIO,Namilio Studio,Platform,Seat,seat/year,540,35,351,9,3000,false
OPP-20669,ACC-1133,CONNECT-ENT,Namilio Connect Enterprise,Platform,Platform,year,48000,0,48000,1,35300,true
OPP-20669,ACC-1133,VOICE-AGENT,Namilio Voice Agents,Voice,Usage,minute,0.09,15,0.0765,959477,73400,false
OPP-20670,ACC-1134,VERIFY,Namilio Verify,Messaging,Usage,verification,0.05,0,0.05,86000,4300,true
OPP-20670,ACC-1134,VOICE-AGENT,Namilio Voice Agents,Voice,Usage,minute,0.09,0,0.09,73333,6600,false
OPP-20671,ACC-1135,MSG-API,Namilio Messaging API,Messaging,Usage,message,0.0075,20,0.006,17233333,103400,true
OPP-20671,ACC-1135,COPILOT-API,Namilio Copilot API,AI,Usage,1K tokens,0.011,0,0.011,9954545,109500,false
OPP-20671,ACC-1135,VERIFY,Namilio Verify,Messaging,Usage,verification,0.05,0,0.05,5762000,288100,false
OPP-20672,ACC-1135,VOICE-AGENT,Namilio Voice Agents,Voice,Usage,minute,0.09,10,0.081,1453086,117700,true
OPP-20672,ACC-1135,MSG-API,Namilio Messaging API,Messaging,Usage,message,0.0075,10,0.00675,19362963,130700,false
OPP-20673,ACC-1135,COPILOT-API,Namilio Copilot API,AI,Usage,1K tokens,0.011,0,0.011,11818182,130000,true
OPP-20673,ACC-1135,CONNECT-ENT,Namilio Connect Enterprise,Platform,Platform,year,48000,5,45600,1,136800,false
OPP-20674,ACC-1137,VERIFY,Namilio Verify,Messaging,Usage,verification,0.05,0,0.05,736000,36800,true
OPP-20674,ACC-1137,MSG-API,Namilio Messaging API,Messaging,Usage,message,0.0075,35,0.00487,12143590,59200,false
OPP-20674,ACC-1137,VOICE-AGENT,Namilio Voice Agents,Voice,Usage,minute,0.09,5,0.0855,807018,69000,false
OPP-20675,ACC-1138,VOICE-AGENT,Namilio Voice Agents,Voice,Usage,minute,0.09,15,0.0765,26144,2000,true
OPP-20676,ACC-1139,VOICE-AGENT,Namilio Voice Agents,Voice,Usage,minute,0.09,20,0.072,486111,35000,true
OPP-20676,ACC-1139,VERIFY,Namilio Verify,Messaging,Usage,verification,0.05,15,0.0425,1228235,52200,false
OPP-20676,ACC-1139,STUDIO,Namilio Studio,Platform,Seat,seat/year,540,0,540,88,47700,false
OPP-20677,ACC-1139,STUDIO,Namilio Studio,Platform,Seat,seat/year,540,10,486,128,62000,true
OPP-20677,ACC-1139,VERIFY,Namilio Verify,Messaging,Usage,verification,0.05,0,0.05,2172000,108600,false
OPP-20677,ACC-1139,MSG-API,Namilio Messaging API,Messaging,Usage,message,0.0075,5,0.00712,23284211,165900,false
