Date,ProductCode,ProductName,Requests,ErrorRatePct,P50LatencyMs,P95LatencyMs,UptimePct,HadIncident,IncidentSeverity
2025-04-01,VOICE-AGENT,Namilio Voice Agents,288205,0.525,272,933,99.9805,false,
2025-04-01,MSG-API,Namilio Messaging API,4556665,0.255,104,182,99.9455,false,
2025-04-01,VERIFY,Namilio Verify,520037,0.167,74,449,99.9704,false,
2025-04-01,STUDIO,Namilio Studio,529909,0.101,90,249,99.9754,false,
2025-04-01,CONNECT-ENT,Namilio Connect Enterprise,367108,0.026,84,267,99.9878,false,
2025-04-02,VOICE-AGENT,Namilio Voice Agents,235068,0.134,349,932,99.9618,false,
2025-04-02,MSG-API,Namilio Messaging API,5442261,0.315,142,275,99.998,false,
2025-04-02,VERIFY,Namilio Verify,355891,0.167,124,161,99.9762,false,
2025-04-02,STUDIO,Namilio Studio,514682,0.205,172,506,99.9683,false,
2025-04-02,CONNECT-ENT,Namilio Connect Enterprise,480177,0.361,77,108,99.9737,false,
2025-04-03,VOICE-AGENT,Namilio Voice Agents,325164,0.308,297,844,100.016,false,
2025-04-03,MSG-API,Namilio Messaging API,6354176,0.205,62,346,99.9871,false,
2025-04-03,VERIFY,Namilio Verify,431123,0.308,96,103,99.9609,false,
2025-04-03,STUDIO,Namilio Studio,412324,0.461,44,443,100.0105,false,
2025-04-03,CONNECT-ENT,Namilio Connect Enterprise,389163,0.479,67,60,99.9459,false,
2025-04-04,VOICE-AGENT,Namilio Voice Agents,204308,0.01,236,809,99.9719,false,
2025-04-04,MSG-API,Namilio Messaging API,6050475,0.426,74,294,99.9838,false,
2025-04-04,VERIFY,Namilio Verify,398034,0.26,74,277,100.0074,false,
2025-04-04,STUDIO,Namilio Studio,375405,0.244,71,268,99.9822,false,
2025-04-04,CONNECT-ENT,Namilio Connect Enterprise,417167,0.029,24,279,100.0052,false,
2025-04-05,VOICE-AGENT,Namilio Voice Agents,307973,0.145,296,813,99.9811,false,
2025-04-05,MSG-API,Namilio Messaging API,5201531,0.333,52,364,99.9366,false,
2025-04-05,VERIFY,Namilio Verify,329629,0.258,26,217,99.9891,false,
2025-04-05,STUDIO,Namilio Studio,429981,0.279,61,200,99.9908,false,
2025-04-05,CONNECT-ENT,Namilio Connect Enterprise,384582,0.047,117,263,99.9933,false,
2025-04-06,VOICE-AGENT,Namilio Voice Agents,232504,0.307,271,970,99.9492,false,
2025-04-06,MSG-API,Namilio Messaging API,5366598,0.093,72,333,99.9852,false,
2025-04-06,VERIFY,Namilio Verify,491682,0.385,101,313,99.9748,false,
2025-04-06,STUDIO,Namilio Studio,448138,0.284,100,291,99.9673,false,
2025-04-06,CONNECT-ENT,Namilio Connect Enterprise,394656,0.274,134,412,100.0148,false,
2025-04-07,VOICE-AGENT,Namilio Voice Agents,193338,0.288,307,839,99.9871,false,
2025-04-07,MSG-API,Namilio Messaging API,5386341,0.212,107,415,100.0181,false,
2025-04-07,VERIFY,Namilio Verify,329411,0.502,153,152,99.9462,false,
2025-04-07,STUDIO,Namilio Studio,454252,0.356,112,224,100.0138,false,
2025-04-07,CONNECT-ENT,Namilio Connect Enterprise,389715,0.173,124,239,100.0164,false,
2025-04-08,VOICE-AGENT,Namilio Voice Agents,211474,0.327,329,1009,99.9552,false,
2025-04-08,MSG-API,Namilio Messaging API,6669653,0.01,57,367,99.9755,false,
2025-04-08,VERIFY,Namilio Verify,473053,0.463,104,469,99.9914,false,
2025-04-08,STUDIO,Namilio Studio,526529,0.03,106,266,99.9929,false,
2025-04-08,CONNECT-ENT,Namilio Connect Enterprise,337132,0.192,66,211,99.9837,false,
2025-04-09,VOICE-AGENT,Namilio Voice Agents,199485,0.315,259,741,100.0049,false,
2025-04-09,MSG-API,Namilio Messaging API,5729714,0.375,94,221,99.9875,false,
2025-04-09,VERIFY,Namilio Verify,556424,0.485,108,94,99.9908,false,
2025-04-09,STUDIO,Namilio Studio,482639,0.377,92,492,99.9709,false,
2025-04-09,CONNECT-ENT,Namilio Connect Enterprise,453656,0.138,86,247,99.974,false,
2025-04-10,VOICE-AGENT,Namilio Voice Agents,273898,0.36,286,1042,99.9853,false,
2025-04-10,MSG-API,Namilio Messaging API,3754912,0.495,171,95,99.9899,false,
2025-04-10,VERIFY,Namilio Verify,340823,0.53,68,315,99.9924,false,
2025-04-10,STUDIO,Namilio Studio,426975,0.322,102,179,99.9619,false,
2025-04-10,CONNECT-ENT,Namilio Connect Enterprise,393940,0.167,101,148,100.0191,false,
2025-04-11,VOICE-AGENT,Namilio Voice Agents,245026,0.127,311,893,99.995,false,
2025-04-11,MSG-API,Namilio Messaging API,6208225,0.248,94,299,100.0061,false,
2025-04-11,VERIFY,Namilio Verify,490567,0.378,31,200,99.9797,false,
2025-04-11,STUDIO,Namilio Studio,353704,0.196,185,60,99.9959,false,
2025-04-11,CONNECT-ENT,Namilio Connect Enterprise,489140,0.308,55,125,100.0144,false,
2025-04-12,VOICE-AGENT,Namilio Voice Agents,252236,0.312,283,820,99.9811,false,
2025-04-12,MSG-API,Namilio Messaging API,5267919,0.253,117,450,99.9985,false,
2025-04-12,VERIFY,Namilio Verify,317191,0.224,130,434,99.9864,false,
2025-04-12,STUDIO,Namilio Studio,410643,0.21,88,277,99.9882,false,
2025-04-12,CONNECT-ENT,Namilio Connect Enterprise,432033,0.265,126,366,99.9777,false,
2025-04-13,VOICE-AGENT,Namilio Voice Agents,163911,0.085,351,841,99.9931,false,
2025-04-13,MSG-API,Namilio Messaging API,5324027,0.01,114,60,98.5918,true,SEV3
2025-04-13,VERIFY,Namilio Verify,413157,0.397,137,326,99.9563,false,
2025-04-13,STUDIO,Namilio Studio,590971,0.48,92,412,99.9923,false,
2025-04-13,CONNECT-ENT,Namilio Connect Enterprise,355258,0.604,120,137,99.9687,false,
2025-04-14,VOICE-AGENT,Namilio Voice Agents,226115,0.32,323,787,99.993,false,
2025-04-14,MSG-API,Namilio Messaging API,3995580,0.503,125,311,99.976,false,
2025-04-14,VERIFY,Namilio Verify,467051,0.288,109,205,99.9554,false,
2025-04-14,STUDIO,Namilio Studio,384837,0.514,49,424,99.971,false,
2025-04-14,CONNECT-ENT,Namilio Connect Enterprise,312362,0.226,92,210,99.9502,false,
2025-04-15,VOICE-AGENT,Namilio Voice Agents,289549,0.051,289,1002,99.9799,false,
2025-04-15,MSG-API,Namilio Messaging API,3325407,0.308,78,60,99.9996,false,
2025-04-15,VERIFY,Namilio Verify,450943,0.172,94,232,99.9821,false,
2025-04-15,STUDIO,Namilio Studio,477209,0.114,105,292,99.9916,false,
2025-04-15,CONNECT-ENT,Namilio Connect Enterprise,373936,0.472,74,148,100.0016,false,
2025-04-16,VOICE-AGENT,Namilio Voice Agents,225353,0.41,319,1170,99.9871,false,
2025-04-16,MSG-API,Namilio Messaging API,4310827,0.592,31,138,99.9691,false,
2025-04-16,VERIFY,Namilio Verify,359820,0.089,64,272,99.9795,false,
2025-04-16,STUDIO,Namilio Studio,446256,0.305,119,446,99.9534,false,
2025-04-16,CONNECT-ENT,Namilio Connect Enterprise,507215,0.165,98,130,99.9992,false,
2025-04-17,VOICE-AGENT,Namilio Voice Agents,188248,0.453,361,942,99.986,false,
2025-04-17,MSG-API,Namilio Messaging API,3874834,0.537,108,340,99.9952,false,
2025-04-17,VERIFY,Namilio Verify,468815,0.155,79,81,99.9829,false,
2025-04-17,STUDIO,Namilio Studio,462183,0.504,27,379,99.9941,false,
2025-04-17,CONNECT-ENT,Namilio Connect Enterprise,456888,0.304,30,206,99.9817,false,
2025-04-18,VOICE-AGENT,Namilio Voice Agents,236085,0.013,341,823,99.9953,false,
2025-04-18,MSG-API,Namilio Messaging API,4096260,0.12,85,210,99.9639,false,
2025-04-18,VERIFY,Namilio Verify,492211,0.189,132,232,99.9881,false,
2025-04-18,STUDIO,Namilio Studio,444470,0.554,91,478,99.9941,false,
2025-04-18,CONNECT-ENT,Namilio Connect Enterprise,342718,0.147,130,127,99.9814,false,
2025-04-19,VOICE-AGENT,Namilio Voice Agents,194740,0.432,294,806,100.007,false,
2025-04-19,MSG-API,Namilio Messaging API,5271215,0.399,73,247,99.9849,false,
2025-04-19,VERIFY,Namilio Verify,398994,0.418,108,325,99.9284,false,
2025-04-19,STUDIO,Namilio Studio,292566,0.403,58,331,99.9567,false,
2025-04-19,CONNECT-ENT,Namilio Connect Enterprise,492361,0.391,128,113,99.9966,false,
2025-04-20,VOICE-AGENT,Namilio Voice Agents,229398,0.45,308,999,99.9842,false,
2025-04-20,MSG-API,Namilio Messaging API,5987434,0.512,94,362,100.0199,false,
2025-04-20,VERIFY,Namilio Verify,311887,0.066,73,276,99.9806,false,
2025-04-20,STUDIO,Namilio Studio,325392,0.364,106,361,99.9999,false,
2025-04-20,CONNECT-ENT,Namilio Connect Enterprise,416752,0.294,110,431,99.9804,false,
2025-04-21,VOICE-AGENT,Namilio Voice Agents,260803,0.378,230,901,99.9732,false,
2025-04-21,MSG-API,Namilio Messaging API,5297377,0.405,105,416,100.0245,false,
2025-04-21,VERIFY,Namilio Verify,556796,0.467,107,162,99.9713,false,
2025-04-21,STUDIO,Namilio Studio,429595,0.394,77,308,99.9723,false,
2025-04-21,CONNECT-ENT,Namilio Connect Enterprise,439157,0.303,122,467,99.9726,false,
2025-04-22,VOICE-AGENT,Namilio Voice Agents,280060,0.306,324,764,99.9529,false,
2025-04-22,MSG-API,Namilio Messaging API,5117793,0.369,66,324,99.9976,false,
2025-04-22,VERIFY,Namilio Verify,419346,0.305,110,391,99.9563,false,
2025-04-22,STUDIO,Namilio Studio,285441,0.345,109,308,100.0125,false,
2025-04-22,CONNECT-ENT,Namilio Connect Enterprise,426434,0.031,111,334,99.9605,false,
2025-04-23,VOICE-AGENT,Namilio Voice Agents,245189,0.229,293,879,99.9764,false,
2025-04-23,MSG-API,Namilio Messaging API,4316542,0.441,101,158,99.9801,false,
2025-04-23,VERIFY,Namilio Verify,395750,0.356,126,356,99.9514,false,
2025-04-23,STUDIO,Namilio Studio,486651,0.359,89,217,100.0062,false,
2025-04-23,CONNECT-ENT,Namilio Connect Enterprise,384145,0.366,113,238,99.9612,false,
2025-04-24,VOICE-AGENT,Namilio Voice Agents,317680,0.51,294,907,99.9771,false,
2025-04-24,MSG-API,Namilio Messaging API,6063544,0.204,142,259,99.9763,false,
2025-04-24,VERIFY,Namilio Verify,272860,0.375,134,419,99.9915,false,
2025-04-24,STUDIO,Namilio Studio,381428,0.358,139,286,99.9887,false,
2025-04-24,CONNECT-ENT,Namilio Connect Enterprise,541475,0.295,147,366,99.955,false,
2025-04-25,VOICE-AGENT,Namilio Voice Agents,226891,0.055,325,634,99.983,false,
2025-04-25,MSG-API,Namilio Messaging API,5722212,0.395,67,125,99.9553,false,
2025-04-25,VERIFY,Namilio Verify,401486,0.38,124,239,99.9898,false,
2025-04-25,STUDIO,Namilio Studio,384167,0.544,117,213,100.0098,false,
2025-04-25,CONNECT-ENT,Namilio Connect Enterprise,446077,0.233,66,412,100.0317,false,
2025-04-26,VOICE-AGENT,Namilio Voice Agents,230041,0.333,363,858,99.9821,false,
2025-04-26,MSG-API,Namilio Messaging API,5296041,0.449,119,298,99.9565,false,
2025-04-26,VERIFY,Namilio Verify,418361,0.162,92,262,99.9789,false,
2025-04-26,STUDIO,Namilio Studio,326394,0.158,40,279,99.9808,false,
2025-04-26,CONNECT-ENT,Namilio Connect Enterprise,495500,0.33,92,187,99.9774,false,
2025-04-27,VOICE-AGENT,Namilio Voice Agents,256658,0.495,312,690,99.9753,false,
2025-04-27,MSG-API,Namilio Messaging API,4707142,0.187,124,65,99.9936,false,
2025-04-27,VERIFY,Namilio Verify,513223,0.446,29,134,99.9491,false,
2025-04-27,STUDIO,Namilio Studio,413474,0.01,134,254,100.0072,false,
2025-04-27,CONNECT-ENT,Namilio Connect Enterprise,458417,0.644,84,255,99.9876,false,
2025-04-28,VOICE-AGENT,Namilio Voice Agents,227812,0.16,295,845,100.0211,false,
2025-04-28,MSG-API,Namilio Messaging API,5136473,0.405,75,111,99.9674,false,
2025-04-28,VERIFY,Namilio Verify,325261,0.202,91,358,99.9914,false,
2025-04-28,STUDIO,Namilio Studio,431792,0.172,162,191,99.9804,false,
2025-04-28,CONNECT-ENT,Namilio Connect Enterprise,445491,0.542,105,221,100.0043,false,
2025-04-29,VOICE-AGENT,Namilio Voice Agents,286396,0.209,301,650,99.9706,false,
2025-04-29,MSG-API,Namilio Messaging API,4824526,0.207,74,249,99.9986,false,
2025-04-29,VERIFY,Namilio Verify,527474,0.246,51,256,99.9627,false,
2025-04-29,STUDIO,Namilio Studio,399495,0.368,63,176,99.9807,false,
2025-04-29,CONNECT-ENT,Namilio Connect Enterprise,441671,0.246,129,227,99.9901,false,
2025-04-30,VOICE-AGENT,Namilio Voice Agents,228633,0.343,319,941,100.0002,false,
2025-04-30,MSG-API,Namilio Messaging API,6113951,0.354,66,287,99.9922,false,
2025-04-30,VERIFY,Namilio Verify,368336,0.342,77,335,99.9679,false,
2025-04-30,STUDIO,Namilio Studio,290494,0.437,117,212,99.9947,false,
2025-04-30,CONNECT-ENT,Namilio Connect Enterprise,408899,0.118,98,298,99.9846,false,
2025-05-01,VOICE-AGENT,Namilio Voice Agents,276624,0.396,273,1115,100.0015,false,
2025-05-01,MSG-API,Namilio Messaging API,4696807,0.347,99,182,100.0017,false,
2025-05-01,VERIFY,Namilio Verify,541376,0.296,65,303,99.9701,false,
2025-05-01,STUDIO,Namilio Studio,387237,0.442,119,100,99.9723,false,
2025-05-01,CONNECT-ENT,Namilio Connect Enterprise,313429,0.325,102,288,99.9779,false,
2025-05-02,VOICE-AGENT,Namilio Voice Agents,248129,0.278,258,854,99.9727,false,
2025-05-02,MSG-API,Namilio Messaging API,3915645,0.344,105,102,99.9927,false,
2025-05-02,VERIFY,Namilio Verify,444524,0.252,86,186,99.9693,false,
2025-05-02,STUDIO,Namilio Studio,504720,0.383,72,183,99.9678,false,
2025-05-02,CONNECT-ENT,Namilio Connect Enterprise,433299,0.332,57,414,99.9854,false,
2025-05-03,VOICE-AGENT,Namilio Voice Agents,275007,0.268,332,837,99.9826,false,
2025-05-03,MSG-API,Namilio Messaging API,6071022,0.274,66,329,99.9845,false,
2025-05-03,VERIFY,Namilio Verify,485410,0.155,70,217,99.9745,false,
2025-05-03,STUDIO,Namilio Studio,400008,0.319,113,497,99.9703,false,
2025-05-03,CONNECT-ENT,Namilio Connect Enterprise,490128,0.159,45,190,99.9959,false,
2025-05-04,VOICE-AGENT,Namilio Voice Agents,166024,0.237,278,901,99.9742,false,
2025-05-04,MSG-API,Namilio Messaging API,5249847,0.055,104,312,99.9462,false,
2025-05-04,VERIFY,Namilio Verify,316562,0.342,94,283,99.9488,false,
2025-05-04,STUDIO,Namilio Studio,319089,0.463,94,228,99.9514,false,
2025-05-04,CONNECT-ENT,Namilio Connect Enterprise,480483,0.184,114,325,99.9915,false,
2025-05-05,VOICE-AGENT,Namilio Voice Agents,221208,0.314,292,943,99.9732,false,
2025-05-05,MSG-API,Namilio Messaging API,4569888,0.235,98,249,99.9521,false,
2025-05-05,VERIFY,Namilio Verify,419751,0.367,157,244,99.9783,false,
2025-05-05,STUDIO,Namilio Studio,481893,0.181,87,327,100.0105,false,
2025-05-05,CONNECT-ENT,Namilio Connect Enterprise,385879,0.379,145,213,99.9785,false,
2025-05-06,VOICE-AGENT,Namilio Voice Agents,192510,0.477,306,721,99.9505,false,
2025-05-06,MSG-API,Namilio Messaging API,5169675,0.206,44,216,100.0078,false,
2025-05-06,VERIFY,Namilio Verify,474806,0.133,162,235,99.9571,false,
2025-05-06,STUDIO,Namilio Studio,422616,0.293,112,163,99.9942,false,
2025-05-06,CONNECT-ENT,Namilio Connect Enterprise,362836,0.285,58,389,99.9578,false,
2025-05-07,VOICE-AGENT,Namilio Voice Agents,184419,0.327,372,909,99.9755,false,
2025-05-07,MSG-API,Namilio Messaging API,4820284,0.168,143,520,100.0004,false,
2025-05-07,VERIFY,Namilio Verify,449105,0.329,87,186,99.9998,false,
2025-05-07,STUDIO,Namilio Studio,540751,0.225,84,341,99.9925,false,
2025-05-07,CONNECT-ENT,Namilio Connect Enterprise,495494,0.417,98,158,99.983,false,
2025-05-08,VOICE-AGENT,Namilio Voice Agents,304732,0.376,266,941,99.9644,false,
2025-05-08,MSG-API,Namilio Messaging API,6078829,0.178,63,168,100.0019,false,
2025-05-08,VERIFY,Namilio Verify,267816,0.092,80,352,99.9673,false,
2025-05-08,STUDIO,Namilio Studio,474850,0.084,103,365,99.97,false,
2025-05-08,CONNECT-ENT,Namilio Connect Enterprise,325666,0.291,51,318,99.9859,false,
2025-05-09,VOICE-AGENT,Namilio Voice Agents,124841,0.26,325,840,99.9769,false,
2025-05-09,MSG-API,Namilio Messaging API,6701006,0.271,154,347,99.9881,false,
2025-05-09,VERIFY,Namilio Verify,367040,0.506,108,355,100.0007,false,
2025-05-09,STUDIO,Namilio Studio,310235,5.745,120,250,99.9145,true,SEV3
2025-05-09,CONNECT-ENT,Namilio Connect Enterprise,392342,0.263,97,194,99.9967,false,
2025-05-10,VOICE-AGENT,Namilio Voice Agents,255969,0.424,273,1124,100.0251,false,
2025-05-10,MSG-API,Namilio Messaging API,5689842,0.356,74,199,99.9763,false,
2025-05-10,VERIFY,Namilio Verify,386341,0.437,141,346,99.9677,false,
2025-05-10,STUDIO,Namilio Studio,331731,0.09,84,91,100.0116,false,
2025-05-10,CONNECT-ENT,Namilio Connect Enterprise,276851,0.427,120,384,99.9736,false,
2025-05-11,VOICE-AGENT,Namilio Voice Agents,260368,0.266,292,930,100.0049,false,
2025-05-11,MSG-API,Namilio Messaging API,6088105,0.252,107,281,99.9871,false,
2025-05-11,VERIFY,Namilio Verify,395169,0.01,110,391,99.9905,false,
2025-05-11,STUDIO,Namilio Studio,387491,0.328,93,248,99.9671,false,
2025-05-11,CONNECT-ENT,Namilio Connect Enterprise,502226,0.411,76,442,99.9681,false,
2025-05-12,VOICE-AGENT,Namilio Voice Agents,294295,2.413,284,977,99.3834,true,SEV3
2025-05-12,MSG-API,Namilio Messaging API,4855996,0.176,111,464,99.958,false,
2025-05-12,VERIFY,Namilio Verify,446303,0.281,32,234,99.9842,false,
2025-05-12,STUDIO,Namilio Studio,474710,0.05,68,128,99.9746,false,
2025-05-12,CONNECT-ENT,Namilio Connect Enterprise,372931,0.549,57,332,99.982,false,
2025-05-13,VOICE-AGENT,Namilio Voice Agents,182535,0.409,331,806,99.9808,false,
2025-05-13,MSG-API,Namilio Messaging API,4845649,0.086,92,225,99.9895,false,
2025-05-13,VERIFY,Namilio Verify,401371,0.102,50,388,100.0371,false,
2025-05-13,STUDIO,Namilio Studio,534983,0.471,143,119,99.9984,false,
2025-05-13,CONNECT-ENT,Namilio Connect Enterprise,387989,0.197,142,218,99.9446,false,
2025-05-14,VOICE-AGENT,Namilio Voice Agents,229619,0.397,292,978,99.9874,false,
2025-05-14,MSG-API,Namilio Messaging API,3808147,0.267,66,169,99.9864,false,
2025-05-14,VERIFY,Namilio Verify,416225,0.26,90,477,99.9556,false,
2025-05-14,STUDIO,Namilio Studio,252105,0.486,93,316,99.9786,false,
2025-05-14,CONNECT-ENT,Namilio Connect Enterprise,379028,0.412,117,366,99.9815,false,
2025-05-15,VOICE-AGENT,Namilio Voice Agents,147195,0.258,322,826,99.9625,false,
2025-05-15,MSG-API,Namilio Messaging API,5046840,0.325,130,217,99.9842,false,
2025-05-15,COPILOT-API,Namilio Copilot API,925831,0.527,802,2035,99.9898,false,
2025-05-15,VERIFY,Namilio Verify,435803,0.141,117,437,99.9935,false,
2025-05-15,STUDIO,Namilio Studio,412750,0.406,91,232,99.9715,false,
2025-05-15,CONNECT-ENT,Namilio Connect Enterprise,584467,0.385,122,394,99.9515,false,
2025-05-16,VOICE-AGENT,Namilio Voice Agents,233993,0.431,336,924,99.9689,false,
2025-05-16,MSG-API,Namilio Messaging API,5282895,0.427,83,367,99.9741,false,
2025-05-16,COPILOT-API,Namilio Copilot API,552267,0.239,726,2122,99.9838,false,
2025-05-16,VERIFY,Namilio Verify,505760,0.183,83,153,99.974,false,
2025-05-16,STUDIO,Namilio Studio,405301,0.145,100,316,99.9779,false,
2025-05-16,CONNECT-ENT,Namilio Connect Enterprise,559576,0.079,62,312,99.9772,false,
2025-05-17,VOICE-AGENT,Namilio Voice Agents,206495,0.29,324,946,99.9934,false,
2025-05-17,MSG-API,Namilio Messaging API,5401427,0.167,76,76,99.9992,false,
2025-05-17,COPILOT-API,Namilio Copilot API,674907,0.443,778,1899,99.9732,false,
2025-05-17,VERIFY,Namilio Verify,375570,0.193,52,264,99.9681,false,
2025-05-17,STUDIO,Namilio Studio,322577,0.352,64,60,100.0225,false,
2025-05-17,CONNECT-ENT,Namilio Connect Enterprise,222826,0.255,66,287,100.0264,false,
2025-05-18,VOICE-AGENT,Namilio Voice Agents,258775,0.199,332,856,100.0273,false,
2025-05-18,MSG-API,Namilio Messaging API,4584531,0.383,152,299,100.0106,false,
2025-05-18,COPILOT-API,Namilio Copilot API,945567,0.228,749,2076,99.9697,false,
2025-05-18,VERIFY,Namilio Verify,304569,0.297,104,314,99.9599,false,
2025-05-18,STUDIO,Namilio Studio,380194,0.301,70,239,99.935,false,
2025-05-18,CONNECT-ENT,Namilio Connect Enterprise,513350,0.271,133,152,99.9836,false,
2025-05-19,VOICE-AGENT,Namilio Voice Agents,272262,0.279,261,697,99.961,false,
2025-05-19,MSG-API,Namilio Messaging API,5245226,0.571,83,172,99.9826,false,
2025-05-19,COPILOT-API,Namilio Copilot API,1021473,0.374,736,2241,99.9987,false,
2025-05-19,VERIFY,Namilio Verify,409642,0.291,109,108,99.9715,false,
2025-05-19,STUDIO,Namilio Studio,453065,0.35,99,327,99.9857,false,
2025-05-19,CONNECT-ENT,Namilio Connect Enterprise,528065,0.305,102,298,100.0221,false,
2025-05-20,VOICE-AGENT,Namilio Voice Agents,267707,0.038,350,834,100.0051,false,
2025-05-20,MSG-API,Namilio Messaging API,4465446,0.519,114,72,99.9447,false,
2025-05-20,COPILOT-API,Namilio Copilot API,1161780,0.244,785,2077,100.0118,false,
2025-05-20,VERIFY,Namilio Verify,418918,0.324,129,312,99.9979,false,
2025-05-20,STUDIO,Namilio Studio,522430,0.321,142,319,100.0042,false,
2025-05-20,CONNECT-ENT,Namilio Connect Enterprise,356426,0.466,102,302,99.9892,false,
2025-05-21,VOICE-AGENT,Namilio Voice Agents,337661,0.201,298,868,99.9803,false,
2025-05-21,MSG-API,Namilio Messaging API,4521926,0.09,80,377,99.9867,false,
2025-05-21,COPILOT-API,Namilio Copilot API,810851,0.416,771,2099,99.9869,false,
2025-05-21,VERIFY,Namilio Verify,549666,0.517,98,383,99.9768,false,
2025-05-21,STUDIO,Namilio Studio,608965,1.787,97,60,99.6861,true,SEV3
2025-05-21,CONNECT-ENT,Namilio Connect Enterprise,362590,0.491,109,368,99.9498,false,
2025-05-22,VOICE-AGENT,Namilio Voice Agents,328496,0.281,323,734,100.0008,false,
2025-05-22,MSG-API,Namilio Messaging API,3828232,0.345,93,251,99.9861,false,
2025-05-22,COPILOT-API,Namilio Copilot API,866004,0.37,746,2134,99.9778,false,
2025-05-22,VERIFY,Namilio Verify,507187,5.953,94,112,97.3576,true,SEV3
2025-05-22,STUDIO,Namilio Studio,509382,0.46,92,272,100.0237,false,
2025-05-22,CONNECT-ENT,Namilio Connect Enterprise,446957,0.378,61,426,99.9613,false,
2025-05-23,VOICE-AGENT,Namilio Voice Agents,254227,0.396,321,617,99.9619,false,
2025-05-23,MSG-API,Namilio Messaging API,5210768,0.223,42,437,99.9806,false,
2025-05-23,COPILOT-API,Namilio Copilot API,873961,0.442,739,1976,99.9708,false,
2025-05-23,VERIFY,Namilio Verify,291283,0.479,94,208,99.9879,false,
2025-05-23,STUDIO,Namilio Studio,537434,0.174,150,205,99.9939,false,
2025-05-23,CONNECT-ENT,Namilio Connect Enterprise,425790,0.334,175,153,99.954,false,
2025-05-24,VOICE-AGENT,Namilio Voice Agents,235258,0.157,306,715,99.9534,false,
2025-05-24,MSG-API,Namilio Messaging API,5166812,0.271,96,493,100.0028,false,
2025-05-24,COPILOT-API,Namilio Copilot API,930003,0.362,705,1888,100.0106,false,
2025-05-24,VERIFY,Namilio Verify,404706,0.295,166,424,99.9905,false,
2025-05-24,STUDIO,Namilio Studio,395265,0.304,89,206,100.0141,false,
2025-05-24,CONNECT-ENT,Namilio Connect Enterprise,433185,0.129,136,392,99.9865,false,
2025-05-25,VOICE-AGENT,Namilio Voice Agents,242336,0.08,325,980,99.9905,false,
2025-05-25,MSG-API,Namilio Messaging API,5241536,0.278,114,306,100.0027,false,
2025-05-25,COPILOT-API,Namilio Copilot API,1109212,0.314,721,2027,100.003,false,
2025-05-25,VERIFY,Namilio Verify,316770,0.438,143,479,99.9917,false,
2025-05-25,STUDIO,Namilio Studio,542460,0.395,111,248,99.9983,false,
2025-05-25,CONNECT-ENT,Namilio Connect Enterprise,456516,0.191,125,128,100.0069,false,
2025-05-26,VOICE-AGENT,Namilio Voice Agents,195784,0.319,358,788,100.0012,false,
2025-05-26,MSG-API,Namilio Messaging API,3796442,0.212,86,96,99.9874,false,
2025-05-26,COPILOT-API,Namilio Copilot API,825454,0.18,743,2162,99.9975,false,
2025-05-26,VERIFY,Namilio Verify,359242,0.464,103,235,99.9984,false,
2025-05-26,STUDIO,Namilio Studio,286650,0.31,60,279,99.9665,false,
2025-05-26,CONNECT-ENT,Namilio Connect Enterprise,472205,0.384,95,328,99.9909,false,
2025-05-27,VOICE-AGENT,Namilio Voice Agents,296005,0.146,287,743,99.9761,false,
2025-05-27,MSG-API,Namilio Messaging API,6083158,0.393,116,419,99.9905,false,
2025-05-27,COPILOT-API,Namilio Copilot API,1002920,0.27,833,2308,99.9596,false,
2025-05-27,VERIFY,Namilio Verify,342850,0.58,129,196,99.9889,false,
2025-05-27,STUDIO,Namilio Studio,446944,0.276,100,141,99.9904,false,
2025-05-27,CONNECT-ENT,Namilio Connect Enterprise,203189,0.242,95,356,99.9722,false,
2025-05-28,VOICE-AGENT,Namilio Voice Agents,243749,0.471,305,819,99.9638,false,
2025-05-28,MSG-API,Namilio Messaging API,4596399,0.352,67,312,99.9956,false,
2025-05-28,COPILOT-API,Namilio Copilot API,1187466,0.221,721,1882,99.973,false,
2025-05-28,VERIFY,Namilio Verify,284015,0.133,112,117,99.9755,false,
2025-05-28,STUDIO,Namilio Studio,432437,0.503,133,195,99.9546,false,
2025-05-28,CONNECT-ENT,Namilio Connect Enterprise,361186,0.01,75,243,99.9943,false,
2025-05-29,VOICE-AGENT,Namilio Voice Agents,337677,0.074,367,1056,99.9857,false,
2025-05-29,MSG-API,Namilio Messaging API,4729252,0.194,149,97,99.9898,false,
2025-05-29,COPILOT-API,Namilio Copilot API,828177,0.15,729,2102,99.9775,false,
2025-05-29,VERIFY,Namilio Verify,362632,0.264,57,148,99.9739,false,
2025-05-29,STUDIO,Namilio Studio,429602,0.281,93,367,99.9885,false,
2025-05-29,CONNECT-ENT,Namilio Connect Enterprise,426103,0.261,147,213,99.9583,false,
2025-05-30,VOICE-AGENT,Namilio Voice Agents,183234,0.189,346,755,99.9528,false,
2025-05-30,MSG-API,Namilio Messaging API,5762563,0.552,184,148,99.9977,false,
2025-05-30,COPILOT-API,Namilio Copilot API,1092223,0.264,751,1939,99.9864,false,
2025-05-30,VERIFY,Namilio Verify,308141,0.221,103,256,99.9624,false,
2025-05-30,STUDIO,Namilio Studio,422319,0.172,94,278,99.947,false,
2025-05-30,CONNECT-ENT,Namilio Connect Enterprise,363367,5.596,130,60,99.7585,true,SEV1
2025-05-31,VOICE-AGENT,Namilio Voice Agents,189915,0.403,330,725,99.9978,false,
2025-05-31,MSG-API,Namilio Messaging API,5231685,0.472,124,175,99.9617,false,
2025-05-31,COPILOT-API,Namilio Copilot API,1164580,0.349,743,2247,100,false,
2025-05-31,VERIFY,Namilio Verify,573460,0.297,148,281,100.0022,false,
2025-05-31,STUDIO,Namilio Studio,368944,0.382,46,144,99.9881,false,
2025-05-31,CONNECT-ENT,Namilio Connect Enterprise,549060,0.296,103,183,99.9583,false,
2025-06-01,VOICE-AGENT,Namilio Voice Agents,212354,0.13,295,853,99.9937,false,
2025-06-01,MSG-API,Namilio Messaging API,4168033,0.541,99,165,99.9563,false,
2025-06-01,COPILOT-API,Namilio Copilot API,991006,0.393,773,1947,99.9925,false,
2025-06-01,VERIFY,Namilio Verify,509347,0.147,78,373,100.0248,false,
2025-06-01,STUDIO,Namilio Studio,504898,0.539,54,251,99.9804,false,
2025-06-01,CONNECT-ENT,Namilio Connect Enterprise,473620,0.234,39,285,99.9716,false,
2025-06-02,VOICE-AGENT,Namilio Voice Agents,251242,0.109,316,741,99.9846,false,
2025-06-02,MSG-API,Namilio Messaging API,5303832,0.467,80,298,99.9905,false,
2025-06-02,COPILOT-API,Namilio Copilot API,1039719,0.36,672,2055,99.9911,false,
2025-06-02,VERIFY,Namilio Verify,403012,0.31,133,357,100.0002,false,
2025-06-02,STUDIO,Namilio Studio,510210,0.14,117,213,99.9714,false,
2025-06-02,CONNECT-ENT,Namilio Connect Enterprise,598140,0.233,79,363,99.9485,false,
2025-06-03,VOICE-AGENT,Namilio Voice Agents,203158,0.482,243,688,99.9962,false,
2025-06-03,MSG-API,Namilio Messaging API,4554876,0.46,121,293,99.9484,false,
2025-06-03,COPILOT-API,Namilio Copilot API,840131,0.455,805,1932,99.9621,false,
2025-06-03,VERIFY,Namilio Verify,438834,0.421,123,66,100.0048,false,
2025-06-03,STUDIO,Namilio Studio,474463,0.512,84,292,99.9865,false,
2025-06-03,CONNECT-ENT,Namilio Connect Enterprise,432053,0.34,78,235,100.0206,false,
2025-06-04,VOICE-AGENT,Namilio Voice Agents,203903,0.321,317,920,99.9871,false,
2025-06-04,MSG-API,Namilio Messaging API,5547285,0.344,104,334,99.9979,false,
2025-06-04,COPILOT-API,Namilio Copilot API,629723,0.34,709,2047,99.9677,false,
2025-06-04,VERIFY,Namilio Verify,386875,0.192,142,274,99.9712,false,
2025-06-04,STUDIO,Namilio Studio,542767,0.315,78,239,100.0033,false,
2025-06-04,CONNECT-ENT,Namilio Connect Enterprise,446248,0.115,84,217,100.0101,false,
2025-06-05,VOICE-AGENT,Namilio Voice Agents,188379,0.217,306,1052,100.0119,false,
2025-06-05,MSG-API,Namilio Messaging API,5635955,0.52,97,311,99.9913,false,
2025-06-05,COPILOT-API,Namilio Copilot API,696788,0.419,697,2023,99.9969,false,
2025-06-05,VERIFY,Namilio Verify,421670,0.433,94,151,99.9531,false,
2025-06-05,STUDIO,Namilio Studio,414194,0.209,104,60,100.0107,false,
2025-06-05,CONNECT-ENT,Namilio Connect Enterprise,472373,0.139,154,365,99.9899,false,
2025-06-06,VOICE-AGENT,Namilio Voice Agents,217288,0.304,282,902,99.9689,false,
2025-06-06,MSG-API,Namilio Messaging API,5191790,0.218,105,281,99.9785,false,
2025-06-06,COPILOT-API,Namilio Copilot API,770572,0.171,735,2088,99.9296,false,
2025-06-06,VERIFY,Namilio Verify,312381,0.246,120,431,99.9682,false,
2025-06-06,STUDIO,Namilio Studio,333590,0.142,117,339,99.9757,false,
2025-06-06,CONNECT-ENT,Namilio Connect Enterprise,328347,0.197,78,222,99.9931,false,
2025-06-07,VOICE-AGENT,Namilio Voice Agents,153995,0.161,291,664,100.0069,false,
2025-06-07,MSG-API,Namilio Messaging API,6891527,0.159,133,271,99.9955,false,
2025-06-07,COPILOT-API,Namilio Copilot API,799520,0.239,739,2181,100.009,false,
2025-06-07,VERIFY,Namilio Verify,508261,0.294,94,327,99.976,false,
2025-06-07,STUDIO,Namilio Studio,432882,0.217,118,255,99.9891,false,
2025-06-07,CONNECT-ENT,Namilio Connect Enterprise,437848,0.121,145,230,99.9809,false,
2025-06-08,VOICE-AGENT,Namilio Voice Agents,228184,0.416,323,894,100.0066,false,
2025-06-08,MSG-API,Namilio Messaging API,4986259,0.207,126,208,100.0237,false,
2025-06-08,COPILOT-API,Namilio Copilot API,719316,0.419,718,2297,99.9742,false,
2025-06-08,VERIFY,Namilio Verify,470054,0.398,74,284,100.0031,false,
2025-06-08,STUDIO,Namilio Studio,399893,0.184,119,212,100.0019,false,
2025-06-08,CONNECT-ENT,Namilio Connect Enterprise,580133,0.364,134,187,99.97,false,
2025-06-09,VOICE-AGENT,Namilio Voice Agents,215403,0.227,309,995,99.9916,false,
2025-06-09,MSG-API,Namilio Messaging API,6268192,0.494,106,256,99.9787,false,
2025-06-09,COPILOT-API,Namilio Copilot API,930818,0.395,735,2123,100.0275,false,
2025-06-09,VERIFY,Namilio Verify,502547,0.191,52,385,99.9867,false,
2025-06-09,STUDIO,Namilio Studio,328538,0.105,105,180,100,false,
2025-06-09,CONNECT-ENT,Namilio Connect Enterprise,370340,0.147,140,176,99.9145,false,
2025-06-10,VOICE-AGENT,Namilio Voice Agents,329088,0.329,290,935,99.9663,false,
2025-06-10,MSG-API,Namilio Messaging API,5469124,0.196,99,158,99.9843,false,
2025-06-10,COPILOT-API,Namilio Copilot API,1048079,0.5,751,2000,99.9467,false,
2025-06-10,VERIFY,Namilio Verify,539096,0.27,109,470,99.9979,false,
2025-06-10,STUDIO,Namilio Studio,364302,0.445,44,157,99.9516,false,
2025-06-10,CONNECT-ENT,Namilio Connect Enterprise,417039,0.181,25,462,99.9616,false,
2025-06-11,VOICE-AGENT,Namilio Voice Agents,192692,0.366,325,972,99.9809,false,
2025-06-11,MSG-API,Namilio Messaging API,4493518,0.125,92,220,99.9743,false,
2025-06-11,COPILOT-API,Namilio Copilot API,786559,0.29,704,2309,100.0245,false,
2025-06-11,VERIFY,Namilio Verify,415881,0.046,108,236,99.9653,false,
2025-06-11,STUDIO,Namilio Studio,380310,0.362,125,448,99.9715,false,
2025-06-11,CONNECT-ENT,Namilio Connect Enterprise,470658,0.587,108,353,100.0068,false,
2025-06-12,VOICE-AGENT,Namilio Voice Agents,267021,0.177,303,1134,100.0104,false,
2025-06-12,MSG-API,Namilio Messaging API,5808019,0.352,108,243,99.9796,false,
2025-06-12,COPILOT-API,Namilio Copilot API,798603,0.049,688,2163,99.9831,false,
2025-06-12,VERIFY,Namilio Verify,442190,0.069,117,199,99.9598,false,
2025-06-12,STUDIO,Namilio Studio,537317,0.293,126,376,99.9967,false,
2025-06-12,CONNECT-ENT,Namilio Connect Enterprise,352370,0.419,71,187,99.9941,false,
2025-06-13,VOICE-AGENT,Namilio Voice Agents,301056,0.477,325,856,99.9837,false,
2025-06-13,MSG-API,Namilio Messaging API,2901859,0.157,106,213,99.9779,false,
2025-06-13,COPILOT-API,Namilio Copilot API,823725,0.333,750,1888,99.9911,false,
2025-06-13,VERIFY,Namilio Verify,441564,0.203,102,325,99.9838,false,
2025-06-13,STUDIO,Namilio Studio,467702,0.231,88,300,99.9705,false,
2025-06-13,CONNECT-ENT,Namilio Connect Enterprise,415800,0.209,82,395,99.9978,false,
2025-06-14,VOICE-AGENT,Namilio Voice Agents,238142,0.447,300,919,99.9815,false,
2025-06-14,MSG-API,Namilio Messaging API,5086389,0.428,114,350,99.9882,false,
2025-06-14,COPILOT-API,Namilio Copilot API,705039,0.117,699,2221,99.9644,false,
2025-06-14,VERIFY,Namilio Verify,493961,0.376,58,70,99.9728,false,
2025-06-14,STUDIO,Namilio Studio,385462,0.387,82,60,99.9881,false,
2025-06-14,CONNECT-ENT,Namilio Connect Enterprise,351708,0.156,137,325,99.9981,false,
2025-06-15,VOICE-AGENT,Namilio Voice Agents,230096,0.146,325,704,99.9656,false,
2025-06-15,MSG-API,Namilio Messaging API,5254655,0.225,96,60,99.9488,false,
2025-06-15,COPILOT-API,Namilio Copilot API,610175,0.36,799,2049,99.9842,false,
2025-06-15,VERIFY,Namilio Verify,451666,0.225,59,235,100.0241,false,
2025-06-15,STUDIO,Namilio Studio,407368,0.395,72,238,100.0287,false,
2025-06-15,CONNECT-ENT,Namilio Connect Enterprise,401237,0.179,64,93,100.0309,false,
2025-06-16,VOICE-AGENT,Namilio Voice Agents,245837,0.635,315,1007,99.9797,false,
2025-06-16,MSG-API,Namilio Messaging API,7256929,0.354,80,279,99.9725,false,
2025-06-16,COPILOT-API,Namilio Copilot API,942252,0.437,753,1927,99.9589,false,
2025-06-16,VERIFY,Namilio Verify,387437,0.1,50,345,99.9757,false,
2025-06-16,STUDIO,Namilio Studio,437287,0.06,128,142,100.0147,false,
2025-06-16,CONNECT-ENT,Namilio Connect Enterprise,364303,0.021,119,422,99.9746,false,
2025-06-17,VOICE-AGENT,Namilio Voice Agents,197385,0.372,290,1005,99.9601,false,
2025-06-17,MSG-API,Namilio Messaging API,4746371,0.449,137,117,99.9812,false,
2025-06-17,COPILOT-API,Namilio Copilot API,874550,0.501,670,2061,99.9639,false,
2025-06-17,VERIFY,Namilio Verify,487981,0.01,115,374,99.998,false,
2025-06-17,STUDIO,Namilio Studio,395869,0.234,112,315,99.9948,false,
2025-06-17,CONNECT-ENT,Namilio Connect Enterprise,435830,0.264,86,301,100.0255,false,
2025-06-18,VOICE-AGENT,Namilio Voice Agents,288401,0.363,287,817,100.0156,false,
2025-06-18,MSG-API,Namilio Messaging API,3645333,0.304,123,188,99.9597,false,
2025-06-18,COPILOT-API,Namilio Copilot API,719635,0.25,684,2172,100.0233,false,
2025-06-18,VERIFY,Namilio Verify,348894,0.438,81,348,99.985,false,
2025-06-18,STUDIO,Namilio Studio,414419,0.264,120,302,100.0001,false,
2025-06-18,CONNECT-ENT,Namilio Connect Enterprise,448207,0.14,111,90,99.9758,false,
2025-06-19,VOICE-AGENT,Namilio Voice Agents,304542,0.243,304,1079,99.9627,false,
2025-06-19,MSG-API,Namilio Messaging API,6116863,0.353,72,245,99.9829,false,
2025-06-19,COPILOT-API,Namilio Copilot API,784186,0.457,771,1847,99.9913,false,
2025-06-19,VERIFY,Namilio Verify,405511,0.264,88,176,99.9779,false,
2025-06-19,STUDIO,Namilio Studio,438299,0.494,117,147,99.9829,false,
2025-06-19,CONNECT-ENT,Namilio Connect Enterprise,320318,0.178,125,242,100.0041,false,
2025-06-20,VOICE-AGENT,Namilio Voice Agents,310491,0.056,318,826,100.0008,false,
2025-06-20,MSG-API,Namilio Messaging API,4773298,0.178,121,251,99.9799,false,
2025-06-20,COPILOT-API,Namilio Copilot API,849155,0.378,724,1992,99.9482,false,
2025-06-20,VERIFY,Namilio Verify,314199,0.498,89,126,99.9806,false,
2025-06-20,STUDIO,Namilio Studio,480914,0.328,122,60,99.974,false,
2025-06-20,CONNECT-ENT,Namilio Connect Enterprise,346451,0.167,137,134,99.9585,false,
2025-06-21,VOICE-AGENT,Namilio Voice Agents,254686,0.324,315,1197,99.9747,false,
2025-06-21,MSG-API,Namilio Messaging API,5086659,0.32,84,528,99.9589,false,
2025-06-21,COPILOT-API,Namilio Copilot API,773002,0.335,687,1977,99.9866,false,
2025-06-21,VERIFY,Namilio Verify,574840,0.258,138,104,100.0003,false,
2025-06-21,STUDIO,Namilio Studio,422567,0.353,125,256,100.0044,false,
2025-06-21,CONNECT-ENT,Namilio Connect Enterprise,322356,0.255,117,138,99.9738,false,
2025-06-22,VOICE-AGENT,Namilio Voice Agents,273963,0.077,280,937,99.9795,false,
2025-06-22,MSG-API,Namilio Messaging API,5652520,0.379,142,127,100.0119,false,
2025-06-22,COPILOT-API,Namilio Copilot API,928488,0.154,757,1972,99.9897,false,
2025-06-22,VERIFY,Namilio Verify,417452,0.437,152,342,99.9804,false,
2025-06-22,STUDIO,Namilio Studio,273656,0.268,65,292,99.9706,false,
2025-06-22,CONNECT-ENT,Namilio Connect Enterprise,488783,0.342,148,132,99.9835,false,
2025-06-23,VOICE-AGENT,Namilio Voice Agents,235556,0.424,313,720,99.9609,false,
2025-06-23,MSG-API,Namilio Messaging API,5344567,0.179,92,162,100.0097,false,
2025-06-23,COPILOT-API,Namilio Copilot API,520060,0.33,783,2255,99.9711,false,
2025-06-23,VERIFY,Namilio Verify,367722,0.138,130,204,99.995,false,
2025-06-23,STUDIO,Namilio Studio,469681,0.436,105,200,99.9934,false,
2025-06-23,CONNECT-ENT,Namilio Connect Enterprise,301463,0.368,35,282,99.9897,false,
2025-06-24,VOICE-AGENT,Namilio Voice Agents,246508,0.201,320,888,100.0058,false,
2025-06-24,MSG-API,Namilio Messaging API,5050532,0.335,104,290,99.9912,false,
2025-06-24,COPILOT-API,Namilio Copilot API,620650,0.445,757,2078,99.9557,false,
2025-06-24,VERIFY,Namilio Verify,241420,0.143,91,196,100.0201,false,
2025-06-24,STUDIO,Namilio Studio,480914,0.302,72,185,99.9885,false,
2025-06-24,CONNECT-ENT,Namilio Connect Enterprise,354921,0.339,78,405,99.9905,false,
2025-06-25,VOICE-AGENT,Namilio Voice Agents,208772,0.223,285,888,100.0087,false,
2025-06-25,MSG-API,Namilio Messaging API,6043730,0.298,75,330,99.9971,false,
2025-06-25,COPILOT-API,Namilio Copilot API,919982,0.408,731,2272,99.9876,false,
2025-06-25,VERIFY,Namilio Verify,343228,0.201,121,211,99.9965,false,
2025-06-25,STUDIO,Namilio Studio,285997,0.391,148,588,99.9811,false,
2025-06-25,CONNECT-ENT,Namilio Connect Enterprise,411416,0.512,82,392,99.9838,false,
2025-06-26,VOICE-AGENT,Namilio Voice Agents,177592,0.145,351,812,100.0038,false,
2025-06-26,MSG-API,Namilio Messaging API,4898771,0.054,59,372,99.9786,false,
2025-06-26,COPILOT-API,Namilio Copilot API,1042038,0.12,718,2246,99.9771,false,
2025-06-26,VERIFY,Namilio Verify,423880,0.136,175,60,100.018,false,
2025-06-26,STUDIO,Namilio Studio,544878,0.334,135,60,99.9667,false,
2025-06-26,CONNECT-ENT,Namilio Connect Enterprise,353172,0.327,100,424,99.9814,false,
2025-06-27,VOICE-AGENT,Namilio Voice Agents,235171,0.667,308,847,100.0009,false,
2025-06-27,MSG-API,Namilio Messaging API,5026845,0.446,54,116,99.9971,false,
2025-06-27,COPILOT-API,Namilio Copilot API,897965,0.01,747,2051,100.0001,false,
2025-06-27,VERIFY,Namilio Verify,424558,0.019,126,292,99.9941,false,
2025-06-27,STUDIO,Namilio Studio,547376,0.343,82,136,99.9866,false,
2025-06-27,CONNECT-ENT,Namilio Connect Enterprise,386014,0.174,148,164,99.9873,false,
2025-06-28,VOICE-AGENT,Namilio Voice Agents,270924,0.614,278,858,99.9777,false,
2025-06-28,MSG-API,Namilio Messaging API,5337881,0.569,103,355,99.9933,false,
2025-06-28,COPILOT-API,Namilio Copilot API,994141,0.336,716,2124,99.9479,false,
2025-06-28,VERIFY,Namilio Verify,270100,0.431,108,379,99.953,false,
2025-06-28,STUDIO,Namilio Studio,401813,0.094,58,262,100.0099,false,
2025-06-28,CONNECT-ENT,Namilio Connect Enterprise,518339,0.178,88,60,99.9876,false,
2025-06-29,VOICE-AGENT,Namilio Voice Agents,234072,0.184,335,832,99.9978,false,
2025-06-29,MSG-API,Namilio Messaging API,5547996,0.29,89,303,100.0087,false,
2025-06-29,COPILOT-API,Namilio Copilot API,992329,0.23,722,2132,99.9633,false,
2025-06-29,VERIFY,Namilio Verify,471400,0.082,49,516,99.9659,false,
2025-06-29,STUDIO,Namilio Studio,514528,0.384,100,345,100.0114,false,
2025-06-29,CONNECT-ENT,Namilio Connect Enterprise,248258,0.328,111,312,100.0039,false,
2025-06-30,VOICE-AGENT,Namilio Voice Agents,244980,0.161,313,894,99.9758,false,
2025-06-30,MSG-API,Namilio Messaging API,4069926,0.266,93,144,100.0017,false,
2025-06-30,COPILOT-API,Namilio Copilot API,477680,0.405,745,2176,99.9821,false,
2025-06-30,VERIFY,Namilio Verify,358498,0.234,47,273,99.9994,false,
2025-06-30,STUDIO,Namilio Studio,296422,0.432,76,162,100.0079,false,
2025-06-30,CONNECT-ENT,Namilio Connect Enterprise,554253,0.328,92,218,99.9932,false,
2025-07-01,VOICE-AGENT,Namilio Voice Agents,228596,0.195,295,818,100.0042,false,
2025-07-01,MSG-API,Namilio Messaging API,5325019,0.424,106,552,99.9718,false,
2025-07-01,COPILOT-API,Namilio Copilot API,877973,0.502,728,2252,100.0037,false,
2025-07-01,VERIFY,Namilio Verify,408978,0.128,149,193,100.0282,false,
2025-07-01,STUDIO,Namilio Studio,461971,0.214,50,227,99.9712,false,
2025-07-01,CONNECT-ENT,Namilio Connect Enterprise,291343,0.332,164,198,99.9746,false,
2025-07-02,VOICE-AGENT,Namilio Voice Agents,184542,0.44,312,827,99.9921,false,
2025-07-02,MSG-API,Namilio Messaging API,6305499,0.27,60,392,99.9584,false,
2025-07-02,COPILOT-API,Namilio Copilot API,1058814,0.274,811,2243,99.9798,false,
2025-07-02,VERIFY,Namilio Verify,395662,0.232,71,546,99.9914,false,
2025-07-02,STUDIO,Namilio Studio,440778,0.388,107,120,99.9938,false,
2025-07-02,CONNECT-ENT,Namilio Connect Enterprise,502018,0.219,69,172,100.0031,false,
2025-07-03,VOICE-AGENT,Namilio Voice Agents,139185,0.378,267,944,99.989,false,
2025-07-03,MSG-API,Namilio Messaging API,5036297,0.21,123,391,99.9889,false,
2025-07-03,COPILOT-API,Namilio Copilot API,908845,0.45,742,2000,99.9983,false,
2025-07-03,VERIFY,Namilio Verify,388884,0.172,119,256,99.9898,false,
2025-07-03,STUDIO,Namilio Studio,451866,0.306,88,106,99.9809,false,
2025-07-03,CONNECT-ENT,Namilio Connect Enterprise,468121,0.203,105,219,99.978,false,
2025-07-04,VOICE-AGENT,Namilio Voice Agents,214316,0.268,301,974,99.9665,false,
2025-07-04,MSG-API,Namilio Messaging API,5502944,0.517,93,192,100.0096,false,
2025-07-04,COPILOT-API,Namilio Copilot API,887990,0.01,775,2013,99.976,false,
2025-07-04,VERIFY,Namilio Verify,440677,0.225,64,194,99.9941,false,
2025-07-04,STUDIO,Namilio Studio,450504,0.258,53,363,99.9845,false,
2025-07-04,CONNECT-ENT,Namilio Connect Enterprise,471482,0.231,95,509,99.9684,false,
2025-07-05,VOICE-AGENT,Namilio Voice Agents,283712,0.361,332,866,100.002,false,
2025-07-05,MSG-API,Namilio Messaging API,7640890,0.01,98,382,99.951,false,
2025-07-05,COPILOT-API,Namilio Copilot API,1077813,0.287,741,2099,99.9794,false,
2025-07-05,VERIFY,Namilio Verify,443505,0.335,102,77,99.9479,false,
2025-07-05,STUDIO,Namilio Studio,478045,0.208,105,150,99.9491,false,
2025-07-05,CONNECT-ENT,Namilio Connect Enterprise,498996,0.299,65,284,99.9735,false,
2025-07-06,VOICE-AGENT,Namilio Voice Agents,217975,0.469,297,951,99.9828,false,
2025-07-06,MSG-API,Namilio Messaging API,5948188,0.336,123,294,99.9597,false,
2025-07-06,COPILOT-API,Namilio Copilot API,947981,0.08,719,2112,100.0136,false,
2025-07-06,VERIFY,Namilio Verify,443028,0.236,82,110,99.9907,false,
2025-07-06,STUDIO,Namilio Studio,364214,0.219,83,465,100.0022,false,
2025-07-06,CONNECT-ENT,Namilio Connect Enterprise,377980,0.286,73,362,99.9831,false,
2025-07-07,VOICE-AGENT,Namilio Voice Agents,220270,0.556,317,703,99.9568,false,
2025-07-07,MSG-API,Namilio Messaging API,4989532,0.323,106,208,99.9754,false,
2025-07-07,COPILOT-API,Namilio Copilot API,1102660,0.106,731,1979,99.9701,false,
2025-07-07,VERIFY,Namilio Verify,454426,0.526,69,88,99.9669,false,
2025-07-07,STUDIO,Namilio Studio,389679,0.295,83,180,99.9782,false,
2025-07-07,CONNECT-ENT,Namilio Connect Enterprise,535023,0.216,57,128,99.994,false,
2025-07-08,VOICE-AGENT,Namilio Voice Agents,238855,0.404,338,962,99.9805,false,
2025-07-08,MSG-API,Namilio Messaging API,3880942,0.321,126,111,99.9681,false,
2025-07-08,COPILOT-API,Namilio Copilot API,792819,0.135,689,2252,99.998,false,
2025-07-08,VERIFY,Namilio Verify,340264,0.17,59,244,99.958,false,
2025-07-08,STUDIO,Namilio Studio,368718,0.192,161,272,99.9653,false,
2025-07-08,CONNECT-ENT,Namilio Connect Enterprise,651708,0.445,62,254,100.0022,false,
2025-07-09,VOICE-AGENT,Namilio Voice Agents,223469,0.33,316,1010,99.9783,false,
2025-07-09,MSG-API,Namilio Messaging API,5415489,0.109,35,257,99.9802,false,
2025-07-09,COPILOT-API,Namilio Copilot API,1367594,0.01,716,2173,99.9868,false,
2025-07-09,VERIFY,Namilio Verify,487685,0.336,63,116,99.9959,false,
2025-07-09,STUDIO,Namilio Studio,424029,0.198,85,299,99.9773,false,
2025-07-09,CONNECT-ENT,Namilio Connect Enterprise,545326,0.411,78,248,99.9985,false,
2025-07-10,VOICE-AGENT,Namilio Voice Agents,294948,0.611,347,1009,99.9811,false,
2025-07-10,MSG-API,Namilio Messaging API,3489114,0.17,72,277,99.9809,false,
2025-07-10,COPILOT-API,Namilio Copilot API,931182,0.379,731,1929,100.0058,false,
2025-07-10,VERIFY,Namilio Verify,604667,0.299,121,216,99.9797,false,
2025-07-10,STUDIO,Namilio Studio,472358,0.175,145,216,99.9894,false,
2025-07-10,CONNECT-ENT,Namilio Connect Enterprise,304330,0.286,75,306,100.0048,false,
2025-07-11,VOICE-AGENT,Namilio Voice Agents,249558,0.338,234,853,100.0221,false,
2025-07-11,MSG-API,Namilio Messaging API,5328412,0.262,99,286,100.0082,false,
2025-07-11,COPILOT-API,Namilio Copilot API,686523,0.46,684,1917,99.9614,false,
2025-07-11,VERIFY,Namilio Verify,312326,0.265,130,244,99.9606,false,
2025-07-11,STUDIO,Namilio Studio,456821,0.446,90,236,99.9643,false,
2025-07-11,CONNECT-ENT,Namilio Connect Enterprise,507308,0.42,104,109,100.0024,false,
2025-07-12,VOICE-AGENT,Namilio Voice Agents,232260,0.177,265,898,100.0173,false,
2025-07-12,MSG-API,Namilio Messaging API,5229694,0.427,94,133,99.9996,false,
2025-07-12,COPILOT-API,Namilio Copilot API,673241,0.465,733,2041,99.9782,false,
2025-07-12,VERIFY,Namilio Verify,357007,0.277,114,327,99.96,false,
2025-07-12,STUDIO,Namilio Studio,384917,0.499,115,314,100.021,false,
2025-07-12,CONNECT-ENT,Namilio Connect Enterprise,491278,0.406,90,106,99.9572,false,
2025-07-13,VOICE-AGENT,Namilio Voice Agents,237453,0.253,281,951,100.0093,false,
2025-07-13,MSG-API,Namilio Messaging API,5279284,0.332,54,213,99.9868,false,
2025-07-13,COPILOT-API,Namilio Copilot API,854664,0.283,783,2059,99.9436,false,
2025-07-13,VERIFY,Namilio Verify,409589,0.11,98,198,99.9866,false,
2025-07-13,STUDIO,Namilio Studio,443087,0.346,117,450,100.007,false,
2025-07-13,CONNECT-ENT,Namilio Connect Enterprise,474765,0.08,84,86,100.0118,false,
2025-07-14,VOICE-AGENT,Namilio Voice Agents,259030,0.231,341,997,99.9774,false,
2025-07-14,MSG-API,Namilio Messaging API,7333718,0.497,82,352,99.9621,false,
2025-07-14,COPILOT-API,Namilio Copilot API,1320947,0.268,743,2099,99.9988,false,
2025-07-14,VERIFY,Namilio Verify,300905,0.316,95,60,100.0022,false,
2025-07-14,STUDIO,Namilio Studio,379293,0.197,62,144,100.004,false,
2025-07-14,CONNECT-ENT,Namilio Connect Enterprise,476701,0.568,74,248,100.0129,false,
2025-07-15,VOICE-AGENT,Namilio Voice Agents,270259,0.331,313,862,100.0199,false,
2025-07-15,MSG-API,Namilio Messaging API,4117496,0.432,103,190,100.0227,false,
2025-07-15,COPILOT-API,Namilio Copilot API,952056,0.189,683,2051,99.9987,false,
2025-07-15,VERIFY,Namilio Verify,345422,0.18,132,528,99.9433,false,
2025-07-15,STUDIO,Namilio Studio,331372,0.163,56,495,99.9909,false,
2025-07-15,CONNECT-ENT,Namilio Connect Enterprise,521317,0.421,83,216,100.0016,false,
2025-07-16,VOICE-AGENT,Namilio Voice Agents,221309,0.458,339,1096,99.9762,false,
2025-07-16,MSG-API,Namilio Messaging API,5055484,0.156,78,60,99.9828,false,
2025-07-16,COPILOT-API,Namilio Copilot API,975008,0.308,721,2111,99.9801,false,
2025-07-16,VERIFY,Namilio Verify,305355,0.191,93,476,99.9992,false,
2025-07-16,STUDIO,Namilio Studio,386275,0.132,106,304,99.9576,false,
2025-07-16,CONNECT-ENT,Namilio Connect Enterprise,423967,0.348,78,60,99.964,false,
2025-07-17,VOICE-AGENT,Namilio Voice Agents,205689,0.384,347,886,100.0054,false,
2025-07-17,MSG-API,Namilio Messaging API,5936996,0.317,72,145,99.9693,false,
2025-07-17,COPILOT-API,Namilio Copilot API,1124291,0.31,769,1860,99.9817,false,
2025-07-17,VERIFY,Namilio Verify,429111,0.01,24,254,99.9976,false,
2025-07-17,STUDIO,Namilio Studio,381634,0.295,132,169,100.0022,false,
2025-07-17,CONNECT-ENT,Namilio Connect Enterprise,434633,0.333,82,144,99.9774,false,
2025-07-18,VOICE-AGENT,Namilio Voice Agents,247864,0.338,317,940,99.9973,false,
2025-07-18,MSG-API,Namilio Messaging API,5457301,0.131,129,233,100.0051,false,
2025-07-18,COPILOT-API,Namilio Copilot API,788288,0.01,724,2085,99.9703,false,
2025-07-18,VERIFY,Namilio Verify,439995,0.524,111,348,99.9756,false,
2025-07-18,STUDIO,Namilio Studio,461478,0.222,76,275,100.0202,false,
2025-07-18,CONNECT-ENT,Namilio Connect Enterprise,506896,0.271,63,232,99.9622,false,
2025-07-19,VOICE-AGENT,Namilio Voice Agents,262079,0.189,338,950,99.9917,false,
2025-07-19,MSG-API,Namilio Messaging API,5113478,0.246,64,184,100.0074,false,
2025-07-19,COPILOT-API,Namilio Copilot API,1025019,0.554,737,2133,99.9909,false,
2025-07-19,VERIFY,Namilio Verify,405096,0.143,95,362,99.9668,false,
2025-07-19,STUDIO,Namilio Studio,451794,0.534,82,471,99.9975,false,
2025-07-19,CONNECT-ENT,Namilio Connect Enterprise,481608,0.393,87,548,99.9761,false,
2025-07-20,VOICE-AGENT,Namilio Voice Agents,232581,0.22,327,602,99.9598,false,
2025-07-20,MSG-API,Namilio Messaging API,5027265,0.554,91,311,99.988,false,
2025-07-20,COPILOT-API,Namilio Copilot API,948698,0.176,789,1996,99.9852,false,
2025-07-20,VERIFY,Namilio Verify,349445,0.082,46,306,99.9523,false,
2025-07-20,STUDIO,Namilio Studio,405212,0.01,147,362,100.0046,false,
2025-07-20,CONNECT-ENT,Namilio Connect Enterprise,644892,0.255,52,276,99.9778,false,
2025-07-21,VOICE-AGENT,Namilio Voice Agents,290811,0.259,306,978,99.9777,false,
2025-07-21,MSG-API,Namilio Messaging API,5334449,0.236,87,273,100.0101,false,
2025-07-21,COPILOT-API,Namilio Copilot API,1107390,0.36,706,2025,100.0051,false,
2025-07-21,VERIFY,Namilio Verify,399760,0.095,102,233,99.9701,false,
2025-07-21,STUDIO,Namilio Studio,440476,0.459,54,435,100.0226,false,
2025-07-21,CONNECT-ENT,Namilio Connect Enterprise,396315,0.111,103,293,99.9614,false,
2025-07-22,VOICE-AGENT,Namilio Voice Agents,297117,0.215,284,917,100.0043,false,
2025-07-22,MSG-API,Namilio Messaging API,4607869,0.268,127,473,100.0116,false,
2025-07-22,COPILOT-API,Namilio Copilot API,811136,0.445,728,2048,99.9379,false,
2025-07-22,VERIFY,Namilio Verify,446246,0.224,138,297,100.0332,false,
2025-07-22,STUDIO,Namilio Studio,272224,0.293,100,90,100.0072,false,
2025-07-22,CONNECT-ENT,Namilio Connect Enterprise,351064,0.34,41,177,99.9848,false,
2025-07-23,VOICE-AGENT,Namilio Voice Agents,224391,0.314,326,736,99.9742,false,
2025-07-23,MSG-API,Namilio Messaging API,4934029,0.142,101,376,99.9836,false,
2025-07-23,COPILOT-API,Namilio Copilot API,1037556,0.562,775,2014,99.9878,false,
2025-07-23,VERIFY,Namilio Verify,487812,0.28,124,159,100.0202,false,
2025-07-23,STUDIO,Namilio Studio,544167,0.355,86,60,99.9815,false,
2025-07-23,CONNECT-ENT,Namilio Connect Enterprise,525020,0.337,124,230,99.9889,false,
2025-07-24,VOICE-AGENT,Namilio Voice Agents,292862,0.478,343,823,99.9921,false,
2025-07-24,MSG-API,Namilio Messaging API,4776909,0.31,53,165,99.9893,false,
2025-07-24,COPILOT-API,Namilio Copilot API,779160,0.224,773,2147,99.9787,false,
2025-07-24,VERIFY,Namilio Verify,464153,0.301,95,311,99.9768,false,
2025-07-24,STUDIO,Namilio Studio,421807,0.11,103,390,99.9932,false,
2025-07-24,CONNECT-ENT,Namilio Connect Enterprise,457835,0.212,131,383,99.9874,false,
2025-07-25,VOICE-AGENT,Namilio Voice Agents,179699,0.587,323,739,99.9939,false,
2025-07-25,MSG-API,Namilio Messaging API,4674972,0.442,169,208,99.968,false,
2025-07-25,COPILOT-API,Namilio Copilot API,1181936,0.239,726,1985,99.9868,false,
2025-07-25,VERIFY,Namilio Verify,368814,0.354,144,375,100.0047,false,
2025-07-25,STUDIO,Namilio Studio,469263,0.285,115,90,100.0131,false,
2025-07-25,CONNECT-ENT,Namilio Connect Enterprise,423826,0.317,58,130,99.9947,false,
2025-07-26,VOICE-AGENT,Namilio Voice Agents,281324,0.322,346,967,99.984,false,
2025-07-26,MSG-API,Namilio Messaging API,5786466,0.091,61,222,100.0305,false,
2025-07-26,COPILOT-API,Namilio Copilot API,692205,0.261,805,2012,99.9807,false,
2025-07-26,VERIFY,Namilio Verify,431287,0.224,117,164,99.9997,false,
2025-07-26,STUDIO,Namilio Studio,450639,0.184,28,363,99.9618,false,
2025-07-26,CONNECT-ENT,Namilio Connect Enterprise,390790,0.166,79,331,100.03,false,
2025-07-27,VOICE-AGENT,Namilio Voice Agents,237584,0.274,355,823,99.9792,false,
2025-07-27,MSG-API,Namilio Messaging API,3902080,0.29,164,396,99.9821,false,
2025-07-27,COPILOT-API,Namilio Copilot API,909129,0.15,699,2025,99.968,false,
2025-07-27,VERIFY,Namilio Verify,439557,0.391,110,293,99.9765,false,
2025-07-27,STUDIO,Namilio Studio,406017,0.455,69,290,99.9665,false,
2025-07-27,CONNECT-ENT,Namilio Connect Enterprise,420911,0.01,110,213,99.9803,false,
2025-07-28,VOICE-AGENT,Namilio Voice Agents,206374,0.255,243,864,99.9792,false,
2025-07-28,MSG-API,Namilio Messaging API,4566370,0.082,112,78,100.0289,false,
2025-07-28,COPILOT-API,Namilio Copilot API,978919,0.498,709,2304,99.9901,false,
2025-07-28,VERIFY,Namilio Verify,413514,0.327,37,377,99.9914,false,
2025-07-28,STUDIO,Namilio Studio,295753,0.243,143,72,99.9695,false,
2025-07-28,CONNECT-ENT,Namilio Connect Enterprise,361733,0.324,63,274,99.9774,false,
2025-07-29,VOICE-AGENT,Namilio Voice Agents,250937,0.177,230,860,99.9989,false,
2025-07-29,MSG-API,Namilio Messaging API,6012166,1.509,65,60,96.8479,true,SEV3
2025-07-29,COPILOT-API,Namilio Copilot API,895126,0.01,765,2091,99.9777,false,
2025-07-29,VERIFY,Namilio Verify,542988,0.564,144,60,99.9499,false,
2025-07-29,STUDIO,Namilio Studio,366487,0.545,91,155,100.0118,false,
2025-07-29,CONNECT-ENT,Namilio Connect Enterprise,433617,0.297,80,288,100.003,false,
2025-07-30,VOICE-AGENT,Namilio Voice Agents,218957,0.213,301,1044,99.992,false,
2025-07-30,MSG-API,Namilio Messaging API,5504633,0.338,83,292,100.0165,false,
2025-07-30,COPILOT-API,Namilio Copilot API,822925,0.01,774,2137,100.0107,false,
2025-07-30,VERIFY,Namilio Verify,398394,0.375,86,386,99.9509,false,
2025-07-30,STUDIO,Namilio Studio,401899,0.214,161,322,99.9907,false,
2025-07-30,CONNECT-ENT,Namilio Connect Enterprise,340260,0.074,92,277,99.9558,false,
2025-07-31,VOICE-AGENT,Namilio Voice Agents,227766,0.197,291,878,100.0048,false,
2025-07-31,MSG-API,Namilio Messaging API,4576865,0.226,93,306,100.0097,false,
2025-07-31,COPILOT-API,Namilio Copilot API,846264,0.303,814,2289,99.9741,false,
2025-07-31,VERIFY,Namilio Verify,525270,2.292,128,492,97.7806,true,SEV3
2025-07-31,STUDIO,Namilio Studio,462981,0.389,114,294,99.9662,false,
2025-07-31,CONNECT-ENT,Namilio Connect Enterprise,501957,0.331,135,362,99.9913,false,
2025-08-01,VOICE-AGENT,Namilio Voice Agents,295499,0.352,330,921,99.939,false,
2025-08-01,MSG-API,Namilio Messaging API,5121072,0.062,80,100,99.9668,false,
2025-08-01,COPILOT-API,Namilio Copilot API,1211909,0.334,723,2257,99.9811,false,
2025-08-01,VERIFY,Namilio Verify,582681,0.382,108,115,99.9804,false,
2025-08-01,STUDIO,Namilio Studio,421865,0.304,55,352,99.9844,false,
2025-08-01,CONNECT-ENT,Namilio Connect Enterprise,411016,0.407,78,266,100.005,false,
2025-08-02,VOICE-AGENT,Namilio Voice Agents,257599,0.363,276,761,99.9969,false,
2025-08-02,MSG-API,Namilio Messaging API,5993825,0.458,119,155,99.9883,false,
2025-08-02,COPILOT-API,Namilio Copilot API,700777,0.335,719,1795,99.9898,false,
2025-08-02,VERIFY,Namilio Verify,287444,0.293,108,241,100.0194,false,
2025-08-02,STUDIO,Namilio Studio,523569,0.18,79,274,99.9945,false,
2025-08-02,CONNECT-ENT,Namilio Connect Enterprise,468155,0.162,92,191,99.9795,false,
2025-08-03,VOICE-AGENT,Namilio Voice Agents,259089,0.319,318,1006,99.9807,false,
2025-08-03,MSG-API,Namilio Messaging API,4135452,0.112,64,170,99.9945,false,
2025-08-03,COPILOT-API,Namilio Copilot API,827392,0.359,670,2021,99.9995,false,
2025-08-03,VERIFY,Namilio Verify,336547,0.32,134,150,99.9705,false,
2025-08-03,STUDIO,Namilio Studio,304604,0.424,129,362,99.9719,false,
2025-08-03,CONNECT-ENT,Namilio Connect Enterprise,333023,0.191,108,104,99.9789,false,
2025-08-04,VOICE-AGENT,Namilio Voice Agents,251683,0.155,301,674,99.9716,false,
2025-08-04,MSG-API,Namilio Messaging API,4875598,5.101,86,444,98.3413,true,SEV2
2025-08-04,COPILOT-API,Namilio Copilot API,900893,0.299,704,2217,99.9873,false,
2025-08-04,VERIFY,Namilio Verify,460189,0.402,23,270,99.9983,false,
2025-08-04,STUDIO,Namilio Studio,439674,0.374,92,194,99.983,false,
2025-08-04,CONNECT-ENT,Namilio Connect Enterprise,580134,0.508,69,154,99.9691,false,
2025-08-05,VOICE-AGENT,Namilio Voice Agents,264804,0.348,295,964,99.9793,false,
2025-08-05,MSG-API,Namilio Messaging API,6567488,0.367,132,232,100.0044,false,
2025-08-05,COPILOT-API,Namilio Copilot API,1110497,0.059,735,2050,99.9809,false,
2025-08-05,VERIFY,Namilio Verify,387442,0.344,79,458,99.9562,false,
2025-08-05,STUDIO,Namilio Studio,285763,0.239,106,282,99.9962,false,
2025-08-05,CONNECT-ENT,Namilio Connect Enterprise,473281,0.246,89,234,100.017,false,
2025-08-06,VOICE-AGENT,Namilio Voice Agents,236392,0.298,292,770,99.9902,false,
2025-08-06,MSG-API,Namilio Messaging API,4696880,0.293,135,287,99.977,false,
2025-08-06,COPILOT-API,Namilio Copilot API,881201,0.414,693,2260,99.9584,false,
2025-08-06,VERIFY,Namilio Verify,409858,0.144,87,433,99.9791,false,
2025-08-06,STUDIO,Namilio Studio,402227,0.342,83,159,99.9489,false,
2025-08-06,CONNECT-ENT,Namilio Connect Enterprise,417345,0.294,155,305,99.9761,false,
2025-08-07,VOICE-AGENT,Namilio Voice Agents,259004,0.22,344,1012,99.9952,false,
2025-08-07,MSG-API,Namilio Messaging API,5616522,0.01,66,148,99.9819,false,
2025-08-07,COPILOT-API,Namilio Copilot API,771502,0.39,732,2059,99.9589,false,
2025-08-07,VERIFY,Namilio Verify,437536,0.291,133,361,100.0007,false,
2025-08-07,STUDIO,Namilio Studio,412360,0.291,103,594,100.0427,false,
2025-08-07,CONNECT-ENT,Namilio Connect Enterprise,307955,0.177,54,294,99.9558,false,
2025-08-08,VOICE-AGENT,Namilio Voice Agents,253156,0.555,260,1060,99.9634,false,
2025-08-08,MSG-API,Namilio Messaging API,5951755,0.387,106,220,100,false,
2025-08-08,COPILOT-API,Namilio Copilot API,1117639,0.155,728,2244,99.9676,false,
2025-08-08,VERIFY,Namilio Verify,580397,0.261,95,326,99.9975,false,
2025-08-08,STUDIO,Namilio Studio,429096,0.556,88,160,99.9844,false,
2025-08-08,CONNECT-ENT,Namilio Connect Enterprise,381318,0.182,89,530,99.9838,false,
2025-08-09,VOICE-AGENT,Namilio Voice Agents,270762,0.204,296,825,99.9847,false,
2025-08-09,MSG-API,Namilio Messaging API,5024920,0.249,46,315,99.9821,false,
2025-08-09,COPILOT-API,Namilio Copilot API,676632,0.244,748,2176,100.0031,false,
2025-08-09,VERIFY,Namilio Verify,509024,2.874,78,60,98.8606,true,SEV1
2025-08-09,STUDIO,Namilio Studio,516573,0.202,94,163,99.9644,false,
2025-08-09,CONNECT-ENT,Namilio Connect Enterprise,363729,0.361,80,211,99.9928,false,
2025-08-10,VOICE-AGENT,Namilio Voice Agents,177364,0.229,346,991,99.9659,false,
2025-08-10,MSG-API,Namilio Messaging API,4406324,0.394,118,399,99.9731,false,
2025-08-10,COPILOT-API,Namilio Copilot API,812685,0.582,770,2164,100.0018,false,
2025-08-10,VERIFY,Namilio Verify,540439,0.187,132,331,100.0017,false,
2025-08-10,STUDIO,Namilio Studio,296038,0.479,80,317,100.0074,false,
2025-08-10,CONNECT-ENT,Namilio Connect Enterprise,409672,0.116,66,403,100.0109,false,
2025-08-11,VOICE-AGENT,Namilio Voice Agents,217391,0.376,319,852,100.0059,false,
2025-08-11,MSG-API,Namilio Messaging API,5548209,0.355,96,405,99.9738,false,
2025-08-11,COPILOT-API,Namilio Copilot API,1103052,0.398,745,2068,99.9898,false,
2025-08-11,VERIFY,Namilio Verify,378374,0.106,96,434,99.972,false,
2025-08-11,STUDIO,Namilio Studio,380802,0.557,62,332,99.9799,false,
2025-08-11,CONNECT-ENT,Namilio Connect Enterprise,499661,0.32,59,60,99.9519,false,
2025-08-12,VOICE-AGENT,Namilio Voice Agents,246178,0.501,286,819,99.9664,false,
2025-08-12,MSG-API,Namilio Messaging API,3753553,0.104,136,268,99.9429,false,
2025-08-12,COPILOT-API,Namilio Copilot API,957553,0.213,782,2076,99.9961,false,
2025-08-12,VERIFY,Namilio Verify,238779,0.048,75,246,99.9935,false,
2025-08-12,STUDIO,Namilio Studio,355675,0.561,89,110,99.9789,false,
2025-08-12,CONNECT-ENT,Namilio Connect Enterprise,398851,0.38,135,220,99.9965,false,
2025-08-13,VOICE-AGENT,Namilio Voice Agents,232488,0.168,259,1004,100.0153,false,
2025-08-13,MSG-API,Namilio Messaging API,6579703,0.195,46,400,99.9861,false,
2025-08-13,COPILOT-API,Namilio Copilot API,683240,0.516,744,1949,99.9793,false,
2025-08-13,VERIFY,Namilio Verify,376650,0.201,125,219,99.9935,false,
2025-08-13,STUDIO,Namilio Studio,318020,0.254,90,60,100.0064,false,
2025-08-13,CONNECT-ENT,Namilio Connect Enterprise,394068,0.599,54,379,99.976,false,
2025-08-14,VOICE-AGENT,Namilio Voice Agents,216326,0.366,242,968,99.999,false,
2025-08-14,MSG-API,Namilio Messaging API,6228972,0.137,65,67,99.996,false,
2025-08-14,COPILOT-API,Namilio Copilot API,1191669,0.114,777,2288,99.9654,false,
2025-08-14,VERIFY,Namilio Verify,519829,3.092,150,60,99.8511,true,SEV1
2025-08-14,STUDIO,Namilio Studio,491467,0.286,101,162,100.0008,false,
2025-08-14,CONNECT-ENT,Namilio Connect Enterprise,502063,0.01,120,223,99.9892,false,
2025-08-15,VOICE-AGENT,Namilio Voice Agents,175819,0.111,301,767,100.0144,false,
2025-08-15,MSG-API,Namilio Messaging API,5645964,0.098,67,384,99.9775,false,
2025-08-15,COPILOT-API,Namilio Copilot API,880311,0.382,779,2072,100.0239,false,
2025-08-15,VERIFY,Namilio Verify,438371,0.337,150,635,99.98,false,
2025-08-15,STUDIO,Namilio Studio,365258,0.573,122,159,100.0091,false,
2025-08-15,CONNECT-ENT,Namilio Connect Enterprise,414291,0.371,71,288,99.96,false,
2025-08-16,VOICE-AGENT,Namilio Voice Agents,204767,0.286,349,781,99.9538,false,
2025-08-16,MSG-API,Namilio Messaging API,4786496,0.333,109,241,99.9759,false,
2025-08-16,COPILOT-API,Namilio Copilot API,1045439,0.183,710,1969,100.0109,false,
2025-08-16,VERIFY,Namilio Verify,477056,0.498,108,264,99.9951,false,
2025-08-16,STUDIO,Namilio Studio,339113,0.014,94,113,99.9688,false,
2025-08-16,CONNECT-ENT,Namilio Connect Enterprise,390874,0.187,114,253,100.0028,false,
2025-08-17,VOICE-AGENT,Namilio Voice Agents,185944,0.125,318,756,99.9521,false,
2025-08-17,MSG-API,Namilio Messaging API,5730798,0.472,97,308,99.9453,false,
2025-08-17,COPILOT-API,Namilio Copilot API,862430,0.367,728,1935,99.9812,false,
2025-08-17,VERIFY,Namilio Verify,456173,0.13,155,296,99.993,false,
2025-08-17,STUDIO,Namilio Studio,414051,0.389,86,321,99.9872,false,
2025-08-17,CONNECT-ENT,Namilio Connect Enterprise,485309,0.368,95,362,100.002,false,
2025-08-18,VOICE-AGENT,Namilio Voice Agents,268985,0.411,314,982,99.9852,false,
2025-08-18,MSG-API,Namilio Messaging API,4776878,0.277,162,314,99.9755,false,
2025-08-18,COPILOT-API,Namilio Copilot API,894661,0.356,736,2013,99.9713,false,
2025-08-18,VERIFY,Namilio Verify,348002,0.237,85,289,99.9532,false,
2025-08-18,STUDIO,Namilio Studio,504146,0.391,82,265,99.9953,false,
2025-08-18,CONNECT-ENT,Namilio Connect Enterprise,466966,0.123,51,309,100.0029,false,
2025-08-19,VOICE-AGENT,Namilio Voice Agents,217078,0.298,350,834,100.0247,false,
2025-08-19,MSG-API,Namilio Messaging API,5647935,0.143,126,293,100.018,false,
2025-08-19,COPILOT-API,Namilio Copilot API,1034803,0.187,748,2077,99.9761,false,
2025-08-19,VERIFY,Namilio Verify,442291,0.329,147,408,99.9709,false,
2025-08-19,STUDIO,Namilio Studio,383256,0.474,134,60,99.9646,false,
2025-08-19,CONNECT-ENT,Namilio Connect Enterprise,397474,0.269,125,176,100.0124,false,
2025-08-20,VOICE-AGENT,Namilio Voice Agents,259010,0.039,273,1025,99.9663,false,
2025-08-20,MSG-API,Namilio Messaging API,5195718,0.218,110,239,99.9496,false,
2025-08-20,COPILOT-API,Namilio Copilot API,1046157,0.47,715,2282,100.0292,false,
2025-08-20,VERIFY,Namilio Verify,547197,0.055,31,138,99.9583,false,
2025-08-20,STUDIO,Namilio Studio,390209,0.356,112,106,99.9926,false,
2025-08-20,CONNECT-ENT,Namilio Connect Enterprise,236456,0.242,80,315,99.9745,false,
2025-08-21,VOICE-AGENT,Namilio Voice Agents,302248,0.165,292,879,99.9803,false,
2025-08-21,MSG-API,Namilio Messaging API,7071729,0.024,104,325,99.9884,false,
2025-08-21,COPILOT-API,Namilio Copilot API,890271,0.107,766,2097,99.9678,false,
2025-08-21,VERIFY,Namilio Verify,298564,0.401,92,188,99.9915,false,
2025-08-21,STUDIO,Namilio Studio,331685,0.08,52,232,99.989,false,
2025-08-21,CONNECT-ENT,Namilio Connect Enterprise,379639,0.621,97,261,99.9812,false,
2025-08-22,VOICE-AGENT,Namilio Voice Agents,353697,0.253,306,1097,99.9851,false,
2025-08-22,MSG-API,Namilio Messaging API,4400436,0.218,115,81,99.9593,false,
2025-08-22,COPILOT-API,Namilio Copilot API,1018311,0.234,748,2089,99.9951,false,
2025-08-22,VERIFY,Namilio Verify,455058,0.124,97,324,99.9586,false,
2025-08-22,STUDIO,Namilio Studio,276463,0.227,80,344,99.9939,false,
2025-08-22,CONNECT-ENT,Namilio Connect Enterprise,372620,0.596,75,259,99.9541,false,
2025-08-23,VOICE-AGENT,Namilio Voice Agents,281969,0.354,313,928,99.9922,false,
2025-08-23,MSG-API,Namilio Messaging API,4246876,0.545,123,278,99.9766,false,
2025-08-23,COPILOT-API,Namilio Copilot API,1001193,0.3,729,2058,100.0147,false,
2025-08-23,VERIFY,Namilio Verify,374367,0.394,84,212,99.9894,false,
2025-08-23,STUDIO,Namilio Studio,522391,0.241,92,304,100.0024,false,
2025-08-23,CONNECT-ENT,Namilio Connect Enterprise,473227,0.279,118,331,99.9843,false,
2025-08-24,VOICE-AGENT,Namilio Voice Agents,216865,0.259,350,898,99.9832,false,
2025-08-24,MSG-API,Namilio Messaging API,6296783,0.481,111,271,100.022,false,
2025-08-24,COPILOT-API,Namilio Copilot API,705242,0.318,715,2102,100.0094,false,
2025-08-24,VERIFY,Namilio Verify,475447,0.161,141,181,99.978,false,
2025-08-24,STUDIO,Namilio Studio,350619,0.39,158,244,100.0158,false,
2025-08-24,CONNECT-ENT,Namilio Connect Enterprise,577694,0.191,71,218,100.0093,false,
2025-08-25,VOICE-AGENT,Namilio Voice Agents,294815,0.453,300,986,99.985,false,
2025-08-25,MSG-API,Namilio Messaging API,4521156,0.227,114,432,100.0124,false,
2025-08-25,COPILOT-API,Namilio Copilot API,966407,0.055,716,2052,99.9689,false,
2025-08-25,VERIFY,Namilio Verify,408380,0.39,99,68,99.9608,false,
2025-08-25,STUDIO,Namilio Studio,446567,0.391,101,377,99.981,false,
2025-08-25,CONNECT-ENT,Namilio Connect Enterprise,473499,0.267,76,215,99.9834,false,
2025-08-26,VOICE-AGENT,Namilio Voice Agents,259237,0.12,348,922,99.9723,false,
2025-08-26,MSG-API,Namilio Messaging API,3897839,0.267,94,261,99.9755,false,
2025-08-26,COPILOT-API,Namilio Copilot API,902709,0.574,709,2050,100.0121,false,
2025-08-26,VERIFY,Namilio Verify,339427,0.321,92,112,99.9705,false,
2025-08-26,STUDIO,Namilio Studio,361624,0.351,128,413,100.0048,false,
2025-08-26,CONNECT-ENT,Namilio Connect Enterprise,362615,0.251,88,202,99.9977,false,
2025-08-27,VOICE-AGENT,Namilio Voice Agents,264442,0.095,328,815,99.9966,false,
2025-08-27,MSG-API,Namilio Messaging API,4992151,0.308,91,247,99.9664,false,
2025-08-27,COPILOT-API,Namilio Copilot API,932437,0.01,746,2341,99.9875,false,
2025-08-27,VERIFY,Namilio Verify,497063,0.39,70,277,99.9835,false,
2025-08-27,STUDIO,Namilio Studio,442568,0.2,99,375,99.9854,false,
2025-08-27,CONNECT-ENT,Namilio Connect Enterprise,464574,0.375,78,145,99.9719,false,
2025-08-28,VOICE-AGENT,Namilio Voice Agents,317503,0.083,330,934,100.001,false,
2025-08-28,MSG-API,Namilio Messaging API,5233919,0.276,97,188,100.0105,false,
2025-08-28,COPILOT-API,Namilio Copilot API,767515,0.049,723,1712,99.9799,false,
2025-08-28,VERIFY,Namilio Verify,445014,4.133,132,667,98.0357,true,SEV1
2025-08-28,STUDIO,Namilio Studio,332527,0.219,132,425,99.9861,false,
2025-08-28,CONNECT-ENT,Namilio Connect Enterprise,276851,0.331,82,489,100.0033,false,
2025-08-29,VOICE-AGENT,Namilio Voice Agents,312145,0.238,302,726,100.0073,false,
2025-08-29,MSG-API,Namilio Messaging API,6737651,0.099,62,190,99.9736,false,
2025-08-29,COPILOT-API,Namilio Copilot API,1158949,0.351,727,2273,100.0118,false,
2025-08-29,VERIFY,Namilio Verify,508510,0.638,88,378,99.9975,false,
2025-08-29,STUDIO,Namilio Studio,554518,0.068,98,115,99.9485,false,
2025-08-29,CONNECT-ENT,Namilio Connect Enterprise,374420,0.411,73,60,99.9961,false,
2025-08-30,VOICE-AGENT,Namilio Voice Agents,174486,0.575,289,895,100.0084,false,
2025-08-30,MSG-API,Namilio Messaging API,5186262,0.279,143,137,100.0007,false,
2025-08-30,COPILOT-API,Namilio Copilot API,769506,0.511,770,1946,100.0049,false,
2025-08-30,VERIFY,Namilio Verify,364055,0.203,79,248,99.9598,false,
2025-08-30,STUDIO,Namilio Studio,428053,0.303,135,296,99.9765,false,
2025-08-30,CONNECT-ENT,Namilio Connect Enterprise,358152,0.12,85,404,99.9494,false,
2025-08-31,VOICE-AGENT,Namilio Voice Agents,238891,0.263,306,1040,99.9792,false,
2025-08-31,MSG-API,Namilio Messaging API,4112146,0.177,95,289,99.9437,false,
2025-08-31,COPILOT-API,Namilio Copilot API,1020552,0.204,709,1917,100.0143,false,
2025-08-31,VERIFY,Namilio Verify,370980,0.01,118,232,100.0068,false,
2025-08-31,STUDIO,Namilio Studio,468421,0.257,95,553,99.9736,false,
2025-08-31,CONNECT-ENT,Namilio Connect Enterprise,374990,0.223,156,211,99.9844,false,
2025-09-01,VOICE-AGENT,Namilio Voice Agents,221325,0.473,316,1013,99.9574,false,
2025-09-01,MSG-API,Namilio Messaging API,4571241,0.335,127,178,99.9722,false,
2025-09-01,COPILOT-API,Namilio Copilot API,1188202,0.164,739,2115,99.9771,false,
2025-09-01,VERIFY,Namilio Verify,359526,0.481,96,426,100.0082,false,
2025-09-01,STUDIO,Namilio Studio,352657,0.233,84,158,99.9644,false,
2025-09-01,CONNECT-ENT,Namilio Connect Enterprise,429579,0.379,20,387,99.9867,false,
2025-09-02,VOICE-AGENT,Namilio Voice Agents,179838,0.319,309,1015,99.9777,false,
2025-09-02,MSG-API,Namilio Messaging API,6368815,0.272,108,123,99.9549,false,
2025-09-02,COPILOT-API,Namilio Copilot API,1149974,0.171,736,2168,99.9669,false,
2025-09-02,VERIFY,Namilio Verify,430317,0.22,93,146,99.9825,false,
2025-09-02,STUDIO,Namilio Studio,318647,0.322,84,78,99.9584,false,
2025-09-02,CONNECT-ENT,Namilio Connect Enterprise,389689,0.136,84,401,99.9636,false,
2025-09-03,VOICE-AGENT,Namilio Voice Agents,190679,0.196,352,912,100.0111,false,
2025-09-03,MSG-API,Namilio Messaging API,4303810,0.37,118,329,99.9953,false,
2025-09-03,COPILOT-API,Namilio Copilot API,1176172,0.01,771,2178,99.9861,false,
2025-09-03,VERIFY,Namilio Verify,386143,0.253,95,359,99.9775,false,
2025-09-03,STUDIO,Namilio Studio,418206,0.508,123,99,99.969,false,
2025-09-03,CONNECT-ENT,Namilio Connect Enterprise,485441,0.187,121,162,99.9969,false,
2025-09-04,VOICE-AGENT,Namilio Voice Agents,272537,0.192,271,882,99.9969,false,
2025-09-04,MSG-API,Namilio Messaging API,5597872,0.16,83,256,99.974,false,
2025-09-04,COPILOT-API,Namilio Copilot API,829074,0.299,712,1936,99.9532,false,
2025-09-04,VERIFY,Namilio Verify,389547,0.236,103,180,99.9669,false,
2025-09-04,STUDIO,Namilio Studio,266230,0.487,69,192,99.9872,false,
2025-09-04,CONNECT-ENT,Namilio Connect Enterprise,369904,0.434,133,284,99.9905,false,
2025-09-05,VOICE-AGENT,Namilio Voice Agents,192195,0.307,303,764,99.9871,false,
2025-09-05,MSG-API,Namilio Messaging API,4949773,0.403,92,138,99.9919,false,
2025-09-05,COPILOT-API,Namilio Copilot API,847000,0.562,754,2127,99.9972,false,
2025-09-05,VERIFY,Namilio Verify,423189,0.225,82,236,100.0037,false,
2025-09-05,STUDIO,Namilio Studio,380241,0.162,86,122,99.9681,false,
2025-09-05,CONNECT-ENT,Namilio Connect Enterprise,503336,0.069,79,114,99.9716,false,
2025-09-06,VOICE-AGENT,Namilio Voice Agents,106950,0.236,356,725,99.9617,false,
2025-09-06,MSG-API,Namilio Messaging API,5326790,0.461,148,152,99.9832,false,
2025-09-06,COPILOT-API,Namilio Copilot API,1007832,0.115,737,2126,99.9965,false,
2025-09-06,VERIFY,Namilio Verify,362900,0.378,122,421,99.9616,false,
2025-09-06,STUDIO,Namilio Studio,367033,0.269,133,258,99.96,false,
2025-09-06,CONNECT-ENT,Namilio Connect Enterprise,388963,0.473,126,60,99.9968,false,
2025-09-07,VOICE-AGENT,Namilio Voice Agents,235110,0.374,317,1018,99.9897,false,
2025-09-07,MSG-API,Namilio Messaging API,5752538,0.603,84,308,99.976,false,
2025-09-07,COPILOT-API,Namilio Copilot API,1000353,0.48,741,2067,99.9645,false,
2025-09-07,VERIFY,Namilio Verify,421740,0.347,95,431,99.9798,false,
2025-09-07,STUDIO,Namilio Studio,435252,0.33,105,435,99.9802,false,
2025-09-07,CONNECT-ENT,Namilio Connect Enterprise,452217,0.426,85,530,99.9763,false,
2025-09-08,VOICE-AGENT,Namilio Voice Agents,303087,0.218,316,845,100.0207,false,
2025-09-08,MSG-API,Namilio Messaging API,6551011,0.3,47,170,99.9962,false,
2025-09-08,COPILOT-API,Namilio Copilot API,805080,0.414,674,2249,100.0109,false,
2025-09-08,VERIFY,Namilio Verify,246572,0.481,131,392,100.0117,false,
2025-09-08,STUDIO,Namilio Studio,479732,0.298,87,417,99.9568,false,
2025-09-08,CONNECT-ENT,Namilio Connect Enterprise,465406,0.498,82,118,100.0119,false,
2025-09-09,VOICE-AGENT,Namilio Voice Agents,223308,0.381,330,885,99.9691,false,
2025-09-09,MSG-API,Namilio Messaging API,5598525,0.366,84,87,99.9984,false,
2025-09-09,COPILOT-API,Namilio Copilot API,873294,0.385,734,1936,99.9951,false,
2025-09-09,VERIFY,Namilio Verify,315748,0.149,86,316,100.0007,false,
2025-09-09,STUDIO,Namilio Studio,343099,0.028,102,315,99.9738,false,
2025-09-09,CONNECT-ENT,Namilio Connect Enterprise,369122,0.393,94,209,100.0006,false,
2025-09-10,VOICE-AGENT,Namilio Voice Agents,234803,0.747,315,910,99.9893,false,
2025-09-10,MSG-API,Namilio Messaging API,5447417,0.325,120,125,99.9826,false,
2025-09-10,COPILOT-API,Namilio Copilot API,985144,0.418,751,2077,99.9601,false,
2025-09-10,VERIFY,Namilio Verify,515590,0.158,109,275,100.0013,false,
2025-09-10,STUDIO,Namilio Studio,315729,0.026,89,272,99.963,false,
2025-09-10,CONNECT-ENT,Namilio Connect Enterprise,379496,0.394,79,60,99.9837,false,
2025-09-11,VOICE-AGENT,Namilio Voice Agents,192974,0.136,299,768,99.9842,false,
2025-09-11,MSG-API,Namilio Messaging API,5081402,0.339,51,187,100.0137,false,
2025-09-11,COPILOT-API,Namilio Copilot API,1194149,0.156,715,2117,99.9911,false,
2025-09-11,VERIFY,Namilio Verify,394914,0.413,78,394,100.0152,false,
2025-09-11,STUDIO,Namilio Studio,623427,0.268,147,82,99.956,false,
2025-09-11,CONNECT-ENT,Namilio Connect Enterprise,473109,0.276,142,279,99.9867,false,
2025-09-12,VOICE-AGENT,Namilio Voice Agents,271763,0.186,264,883,99.9821,false,
2025-09-12,MSG-API,Namilio Messaging API,4565922,0.223,75,464,99.9874,false,
2025-09-12,COPILOT-API,Namilio Copilot API,811443,0.035,700,2008,99.9839,false,
2025-09-12,VERIFY,Namilio Verify,370674,0.267,132,158,99.9876,false,
2025-09-12,STUDIO,Namilio Studio,407291,0.147,70,465,99.9691,false,
2025-09-12,CONNECT-ENT,Namilio Connect Enterprise,280420,0.327,111,435,100.0168,false,
2025-09-13,VOICE-AGENT,Namilio Voice Agents,237537,0.31,332,799,100.0123,false,
2025-09-13,MSG-API,Namilio Messaging API,5024482,0.245,83,142,100.0136,false,
2025-09-13,COPILOT-API,Namilio Copilot API,807375,0.436,765,1992,100.007,false,
2025-09-13,VERIFY,Namilio Verify,591226,0.504,102,224,100.0015,false,
2025-09-13,STUDIO,Namilio Studio,400093,0.359,127,391,99.9865,false,
2025-09-13,CONNECT-ENT,Namilio Connect Enterprise,380545,0.457,50,227,99.9522,false,
2025-09-14,VOICE-AGENT,Namilio Voice Agents,203884,0.354,322,895,100.016,false,
2025-09-14,MSG-API,Namilio Messaging API,5611280,0.234,104,60,99.9785,false,
2025-09-14,COPILOT-API,Namilio Copilot API,878854,0.01,709,2031,99.9824,false,
2025-09-14,VERIFY,Namilio Verify,502225,0.335,125,287,99.9701,false,
2025-09-14,STUDIO,Namilio Studio,411831,0.21,90,219,99.965,false,
2025-09-14,CONNECT-ENT,Namilio Connect Enterprise,491931,0.397,114,542,99.9741,false,
2025-09-15,VOICE-AGENT,Namilio Voice Agents,260488,0.275,290,1035,99.9576,false,
2025-09-15,MSG-API,Namilio Messaging API,3640081,0.277,42,332,99.9776,false,
2025-09-15,COPILOT-API,Namilio Copilot API,997567,0.267,761,1921,99.938,false,
2025-09-15,VERIFY,Namilio Verify,318636,0.415,49,330,99.9547,false,
2025-09-15,STUDIO,Namilio Studio,522668,0.258,61,222,99.9903,false,
2025-09-15,CONNECT-ENT,Namilio Connect Enterprise,393025,0.304,67,147,99.9803,false,
2025-09-16,VOICE-AGENT,Namilio Voice Agents,175686,0.338,306,838,99.9842,false,
2025-09-16,MSG-API,Namilio Messaging API,4031211,0.244,109,319,99.9695,false,
2025-09-16,COPILOT-API,Namilio Copilot API,1011659,0.334,758,2143,99.9585,false,
2025-09-16,VERIFY,Namilio Verify,381165,0.01,55,216,99.9593,false,
2025-09-16,STUDIO,Namilio Studio,389717,0.506,77,60,99.995,false,
2025-09-16,CONNECT-ENT,Namilio Connect Enterprise,575424,0.304,116,225,99.9772,false,
2025-09-17,VOICE-AGENT,Namilio Voice Agents,222229,0.275,297,800,99.9665,false,
2025-09-17,MSG-API,Namilio Messaging API,4435773,0.405,41,451,100.0316,false,
2025-09-17,COPILOT-API,Namilio Copilot API,932245,0.288,735,2431,100.0035,false,
2025-09-17,VERIFY,Namilio Verify,384845,0.31,140,257,100.017,false,
2025-09-17,STUDIO,Namilio Studio,250469,0.219,103,228,99.9691,false,
2025-09-17,CONNECT-ENT,Namilio Connect Enterprise,339803,0.316,92,364,99.99,false,
2025-09-18,VOICE-AGENT,Namilio Voice Agents,227170,0.346,277,837,99.9855,false,
2025-09-18,MSG-API,Namilio Messaging API,5306225,0.168,110,300,99.9804,false,
2025-09-18,COPILOT-API,Namilio Copilot API,912059,0.386,741,2071,99.9977,false,
2025-09-18,VERIFY,Namilio Verify,408943,0.159,86,268,99.9951,false,
2025-09-18,STUDIO,Namilio Studio,460376,0.337,66,349,100.0108,false,
2025-09-18,CONNECT-ENT,Namilio Connect Enterprise,367143,0.335,90,312,100.0022,false,
2025-09-19,VOICE-AGENT,Namilio Voice Agents,215586,0.176,339,990,99.9669,false,
2025-09-19,MSG-API,Namilio Messaging API,5526166,0.292,76,285,99.9757,false,
2025-09-19,COPILOT-API,Namilio Copilot API,897335,0.276,655,1878,99.9559,false,
2025-09-19,VERIFY,Namilio Verify,377772,0.278,158,398,100.0576,false,
2025-09-19,STUDIO,Namilio Studio,407664,0.41,70,464,100.0138,false,
2025-09-19,CONNECT-ENT,Namilio Connect Enterprise,360784,0.175,111,295,99.999,false,
2025-09-20,VOICE-AGENT,Namilio Voice Agents,261225,0.178,310,768,99.9786,false,
2025-09-20,MSG-API,Namilio Messaging API,7038306,0.385,92,323,99.9922,false,
2025-09-20,COPILOT-API,Namilio Copilot API,898155,0.282,702,2216,99.9618,false,
2025-09-20,VERIFY,Namilio Verify,531104,0.179,130,167,99.9715,false,
2025-09-20,STUDIO,Namilio Studio,457921,0.417,100,294,99.9981,false,
2025-09-20,CONNECT-ENT,Namilio Connect Enterprise,535519,0.141,105,90,99.9576,false,
2025-09-21,VOICE-AGENT,Namilio Voice Agents,310860,0.37,356,781,99.9816,false,
2025-09-21,MSG-API,Namilio Messaging API,4663655,0.153,110,60,99.9862,false,
2025-09-21,COPILOT-API,Namilio Copilot API,1032370,0.305,696,1862,99.9674,false,
2025-09-21,VERIFY,Namilio Verify,516361,0.391,77,357,99.9895,false,
2025-09-21,STUDIO,Namilio Studio,405238,0.08,92,238,99.9938,false,
2025-09-21,CONNECT-ENT,Namilio Connect Enterprise,351302,0.218,128,133,99.9738,false,
2025-09-22,VOICE-AGENT,Namilio Voice Agents,290151,0.12,332,694,100.0075,false,
2025-09-22,MSG-API,Namilio Messaging API,4278717,0.528,140,431,99.9576,false,
2025-09-22,COPILOT-API,Namilio Copilot API,1002844,0.242,719,1971,99.9564,false,
2025-09-22,VERIFY,Namilio Verify,429284,0.089,99,241,99.9815,false,
2025-09-22,STUDIO,Namilio Studio,361902,0.333,60,136,99.9488,false,
2025-09-22,CONNECT-ENT,Namilio Connect Enterprise,472131,0.412,100,130,99.9993,false,
2025-09-23,VOICE-AGENT,Namilio Voice Agents,232195,0.305,315,688,99.9579,false,
2025-09-23,MSG-API,Namilio Messaging API,4506097,0.162,81,121,100.0057,false,
2025-09-23,COPILOT-API,Namilio Copilot API,938742,0.291,762,2128,100.0051,false,
2025-09-23,VERIFY,Namilio Verify,512547,0.43,63,235,99.94,false,
2025-09-23,STUDIO,Namilio Studio,471298,0.421,134,192,100.0172,false,
2025-09-23,CONNECT-ENT,Namilio Connect Enterprise,412728,0.01,53,374,99.9907,false,
2025-09-24,VOICE-AGENT,Namilio Voice Agents,200594,0.421,354,940,99.9795,false,
2025-09-24,MSG-API,Namilio Messaging API,5504374,0.208,105,426,99.9746,false,
2025-09-24,COPILOT-API,Namilio Copilot API,1083522,0.315,757,2142,99.9777,false,
2025-09-24,VERIFY,Namilio Verify,450339,0.481,129,281,100.0272,false,
2025-09-24,STUDIO,Namilio Studio,454490,0.375,90,350,99.9908,false,
2025-09-24,CONNECT-ENT,Namilio Connect Enterprise,475582,0.345,103,175,100.0087,false,
2025-09-25,VOICE-AGENT,Namilio Voice Agents,310610,0.274,281,654,99.961,false,
2025-09-25,MSG-API,Namilio Messaging API,5140309,0.38,120,123,99.978,false,
2025-09-25,COPILOT-API,Namilio Copilot API,730205,0.319,733,2279,99.9968,false,
2025-09-25,VERIFY,Namilio Verify,228489,0.232,60,322,99.9644,false,
2025-09-25,STUDIO,Namilio Studio,466602,0.288,80,495,99.9819,false,
2025-09-25,CONNECT-ENT,Namilio Connect Enterprise,426457,0.206,92,258,100.0136,false,
2025-09-26,VOICE-AGENT,Namilio Voice Agents,251810,0.147,296,1076,100.011,false,
2025-09-26,MSG-API,Namilio Messaging API,4549328,0.181,76,149,99.985,false,
2025-09-26,COPILOT-API,Namilio Copilot API,720138,0.249,738,2184,99.9995,false,
2025-09-26,VERIFY,Namilio Verify,350216,0.1,131,263,99.9638,false,
2025-09-26,STUDIO,Namilio Studio,280156,0.275,119,260,100.04,false,
2025-09-26,CONNECT-ENT,Namilio Connect Enterprise,313484,0.222,99,173,99.9804,false,
2025-09-27,VOICE-AGENT,Namilio Voice Agents,250689,0.131,314,850,100.0154,false,
2025-09-27,MSG-API,Namilio Messaging API,5637328,0.127,121,127,100.0426,false,
2025-09-27,COPILOT-API,Namilio Copilot API,788538,0.286,754,1902,99.9647,false,
2025-09-27,VERIFY,Namilio Verify,469331,0.395,62,298,100.043,false,
2025-09-27,STUDIO,Namilio Studio,489745,0.169,82,199,99.967,false,
2025-09-27,CONNECT-ENT,Namilio Connect Enterprise,271223,0.436,112,288,99.9811,false,
2025-09-28,VOICE-AGENT,Namilio Voice Agents,254924,0.438,277,957,99.9716,false,
2025-09-28,MSG-API,Namilio Messaging API,5436210,0.528,70,269,99.9942,false,
2025-09-28,COPILOT-API,Namilio Copilot API,858598,1.076,739,2016,97.7873,true,SEV1
2025-09-28,VERIFY,Namilio Verify,350856,0.449,39,284,100.0201,false,
2025-09-28,STUDIO,Namilio Studio,403261,0.316,78,380,100.0028,false,
2025-09-28,CONNECT-ENT,Namilio Connect Enterprise,307727,0.175,141,126,100.005,false,
2025-09-29,VOICE-AGENT,Namilio Voice Agents,259497,0.227,372,1094,99.9647,false,
2025-09-29,MSG-API,Namilio Messaging API,4647733,0.32,111,322,99.9377,false,
2025-09-29,COPILOT-API,Namilio Copilot API,1048832,0.336,746,2161,99.9773,false,
2025-09-29,VERIFY,Namilio Verify,348041,0.355,60,60,99.992,false,
2025-09-29,STUDIO,Namilio Studio,398512,0.18,37,336,99.9841,false,
2025-09-29,CONNECT-ENT,Namilio Connect Enterprise,393383,0.132,101,330,100.0118,false,
2025-09-30,VOICE-AGENT,Namilio Voice Agents,293214,0.01,313,874,99.9828,false,
2025-09-30,MSG-API,Namilio Messaging API,3825806,0.249,103,206,99.9612,false,
2025-09-30,COPILOT-API,Namilio Copilot API,737865,0.275,759,2041,99.9481,false,
2025-09-30,VERIFY,Namilio Verify,471325,0.191,132,60,100.0095,false,
2025-09-30,STUDIO,Namilio Studio,537993,0.321,112,214,100.0009,false,
2025-09-30,CONNECT-ENT,Namilio Connect Enterprise,449720,0.273,151,261,99.9696,false,
2025-10-01,VOICE-AGENT,Namilio Voice Agents,239523,0.28,374,640,99.9786,false,
2025-10-01,MSG-API,Namilio Messaging API,5741965,0.449,97,339,99.993,false,
2025-10-01,COPILOT-API,Namilio Copilot API,940120,0.478,697,2169,100.0072,false,
2025-10-01,VERIFY,Namilio Verify,302693,0.151,110,60,99.9617,false,
2025-10-01,STUDIO,Namilio Studio,391370,0.117,86,277,99.951,false,
2025-10-01,CONNECT-ENT,Namilio Connect Enterprise,410532,0.492,63,333,99.9884,false,
2025-10-02,VOICE-AGENT,Namilio Voice Agents,183017,0.099,316,866,100.0168,false,
2025-10-02,MSG-API,Namilio Messaging API,5350521,0.185,89,257,100.0118,false,
2025-10-02,COPILOT-API,Namilio Copilot API,766601,0.116,666,1965,100.0144,false,
2025-10-02,VERIFY,Namilio Verify,594009,0.334,111,561,100.0525,false,
2025-10-02,STUDIO,Namilio Studio,415724,0.274,121,173,99.9867,false,
2025-10-02,CONNECT-ENT,Namilio Connect Enterprise,258423,0.357,104,215,99.9534,false,
2025-10-03,VOICE-AGENT,Namilio Voice Agents,312098,0.192,338,837,99.9874,false,
2025-10-03,MSG-API,Namilio Messaging API,3687972,0.259,98,365,99.966,false,
2025-10-03,COPILOT-API,Namilio Copilot API,1000512,0.435,739,2052,99.9678,false,
2025-10-03,VERIFY,Namilio Verify,372781,0.107,62,295,99.9809,false,
2025-10-03,STUDIO,Namilio Studio,428718,0.326,95,270,99.9843,false,
2025-10-03,CONNECT-ENT,Namilio Connect Enterprise,284364,0.23,95,121,99.9881,false,
2025-10-04,VOICE-AGENT,Namilio Voice Agents,268157,0.31,321,931,99.9622,false,
2025-10-04,MSG-API,Namilio Messaging API,5843414,0.444,104,316,99.9574,false,
2025-10-04,COPILOT-API,Namilio Copilot API,943719,0.267,741,2205,99.9752,false,
2025-10-04,VERIFY,Namilio Verify,409598,0.198,60,60,100.0006,false,
2025-10-04,STUDIO,Namilio Studio,524870,0.309,89,181,99.9874,false,
2025-10-04,CONNECT-ENT,Namilio Connect Enterprise,372856,0.219,75,450,99.9429,false,
2025-10-05,VOICE-AGENT,Namilio Voice Agents,234031,0.22,329,893,100.022,false,
2025-10-05,MSG-API,Namilio Messaging API,4858672,0.463,74,199,100.0296,false,
2025-10-05,COPILOT-API,Namilio Copilot API,847530,0.301,663,2293,100.0048,false,
2025-10-05,VERIFY,Namilio Verify,495694,0.135,56,329,99.9981,false,
2025-10-05,STUDIO,Namilio Studio,348002,0.181,123,152,99.9924,false,
2025-10-05,CONNECT-ENT,Namilio Connect Enterprise,575931,0.151,131,202,99.9853,false,
2025-10-06,VOICE-AGENT,Namilio Voice Agents,251694,0.286,274,1134,99.9374,false,
2025-10-06,MSG-API,Namilio Messaging API,3888301,0.281,132,184,99.9596,false,
2025-10-06,COPILOT-API,Namilio Copilot API,794543,0.291,756,2056,99.9524,false,
2025-10-06,VERIFY,Namilio Verify,271794,0.547,116,341,99.962,false,
2025-10-06,STUDIO,Namilio Studio,411558,0.386,47,250,99.9843,false,
2025-10-06,CONNECT-ENT,Namilio Connect Enterprise,344449,0.141,72,261,99.9935,false,
2025-10-07,VOICE-AGENT,Namilio Voice Agents,333638,0.372,287,863,99.9948,false,
2025-10-07,MSG-API,Namilio Messaging API,6200927,0.098,138,345,100.0164,false,
2025-10-07,COPILOT-API,Namilio Copilot API,873755,0.277,738,2208,100.0003,false,
2025-10-07,VERIFY,Namilio Verify,396437,0.261,85,289,100.0157,false,
2025-10-07,STUDIO,Namilio Studio,268113,0.223,89,161,99.9796,false,
2025-10-07,CONNECT-ENT,Namilio Connect Enterprise,387725,0.315,106,242,99.9475,false,
2025-10-08,VOICE-AGENT,Namilio Voice Agents,329561,0.01,324,894,100.0061,false,
2025-10-08,MSG-API,Namilio Messaging API,5050365,0.287,77,197,99.966,false,
2025-10-08,COPILOT-API,Namilio Copilot API,652257,0.122,793,2168,99.9706,false,
2025-10-08,VERIFY,Namilio Verify,521690,0.137,50,222,99.9657,false,
2025-10-08,STUDIO,Namilio Studio,223322,0.55,166,255,99.974,false,
2025-10-08,CONNECT-ENT,Namilio Connect Enterprise,398822,0.307,58,278,99.9887,false,
2025-10-09,VOICE-AGENT,Namilio Voice Agents,207012,0.357,319,720,99.9371,false,
2025-10-09,MSG-API,Namilio Messaging API,4176001,0.012,85,203,99.9778,false,
2025-10-09,COPILOT-API,Namilio Copilot API,1115406,0.381,769,2215,99.9399,false,
2025-10-09,VERIFY,Namilio Verify,445910,0.401,73,203,99.9989,false,
2025-10-09,STUDIO,Namilio Studio,451469,0.042,166,84,100.0024,false,
2025-10-09,CONNECT-ENT,Namilio Connect Enterprise,485650,0.389,45,397,99.9592,false,
2025-10-10,VOICE-AGENT,Namilio Voice Agents,268835,0.399,267,967,99.9925,false,
2025-10-10,MSG-API,Namilio Messaging API,4313313,0.397,62,360,99.9939,false,
2025-10-10,COPILOT-API,Namilio Copilot API,774598,0.422,724,1922,99.9913,false,
2025-10-10,VERIFY,Namilio Verify,509947,0.094,124,306,99.9653,false,
2025-10-10,STUDIO,Namilio Studio,430336,0.344,93,158,99.9786,false,
2025-10-10,CONNECT-ENT,Namilio Connect Enterprise,406584,0.548,34,104,99.968,false,
2025-10-11,VOICE-AGENT,Namilio Voice Agents,234088,0.089,257,696,99.978,false,
2025-10-11,MSG-API,Namilio Messaging API,5361734,0.01,96,263,100.0072,false,
2025-10-11,COPILOT-API,Namilio Copilot API,841549,0.143,750,2193,100.0137,false,
2025-10-11,VERIFY,Namilio Verify,512253,0.307,138,296,99.9591,false,
2025-10-11,STUDIO,Namilio Studio,611441,0.222,160,312,99.9639,false,
2025-10-11,CONNECT-ENT,Namilio Connect Enterprise,563604,0.368,28,60,99.9821,false,
2025-10-12,VOICE-AGENT,Namilio Voice Agents,214343,0.23,304,849,99.9642,false,
2025-10-12,MSG-API,Namilio Messaging API,3627112,0.343,91,407,99.9865,false,
2025-10-12,COPILOT-API,Namilio Copilot API,798632,0.305,724,2099,100.0095,false,
2025-10-12,VERIFY,Namilio Verify,270250,0.567,36,315,100.0093,false,
2025-10-12,STUDIO,Namilio Studio,399192,0.305,123,198,99.9893,false,
2025-10-12,CONNECT-ENT,Namilio Connect Enterprise,483527,0.35,104,411,99.9988,false,
2025-10-13,VOICE-AGENT,Namilio Voice Agents,235883,0.021,348,1015,99.9874,false,
2025-10-13,MSG-API,Namilio Messaging API,5462534,0.374,76,314,99.9835,false,
2025-10-13,COPILOT-API,Namilio Copilot API,971315,0.518,734,2107,99.9695,false,
2025-10-13,VERIFY,Namilio Verify,420604,0.473,104,289,100.0259,false,
2025-10-13,STUDIO,Namilio Studio,535412,0.232,88,159,99.9764,false,
2025-10-13,CONNECT-ENT,Namilio Connect Enterprise,379689,0.19,107,414,99.9597,false,
2025-10-14,VOICE-AGENT,Namilio Voice Agents,303982,0.142,346,849,99.9868,false,
2025-10-14,MSG-API,Namilio Messaging API,4815604,0.228,103,366,100.0012,false,
2025-10-14,COPILOT-API,Namilio Copilot API,1080215,0.413,781,1895,99.9934,false,
2025-10-14,VERIFY,Namilio Verify,400275,0.035,102,137,99.9917,false,
2025-10-14,STUDIO,Namilio Studio,422596,0.343,152,476,100.019,false,
2025-10-14,CONNECT-ENT,Namilio Connect Enterprise,462386,2.893,96,60,98.3501,true,SEV2
2025-10-15,VOICE-AGENT,Namilio Voice Agents,292345,0.22,309,1029,100.0016,false,
2025-10-15,MSG-API,Namilio Messaging API,4616831,0.304,53,246,99.9736,false,
2025-10-15,COPILOT-API,Namilio Copilot API,817364,0.454,737,2157,99.9589,false,
2025-10-15,VERIFY,Namilio Verify,530738,0.01,111,198,99.966,false,
2025-10-15,STUDIO,Namilio Studio,512517,0.302,180,96,99.9629,false,
2025-10-15,CONNECT-ENT,Namilio Connect Enterprise,501566,0.308,78,113,99.9685,false,
2025-10-16,VOICE-AGENT,Namilio Voice Agents,274404,0.22,294,731,100.0062,false,
2025-10-16,MSG-API,Namilio Messaging API,6247115,0.544,113,334,99.9558,false,
2025-10-16,COPILOT-API,Namilio Copilot API,698590,0.34,684,2168,99.9939,false,
2025-10-16,VERIFY,Namilio Verify,401756,0.07,116,312,100.0063,false,
2025-10-16,STUDIO,Namilio Studio,343799,0.32,125,300,99.9767,false,
2025-10-16,CONNECT-ENT,Namilio Connect Enterprise,430311,0.382,96,456,99.9899,false,
2025-10-17,VOICE-AGENT,Namilio Voice Agents,348100,0.49,357,1074,99.9678,false,
2025-10-17,MSG-API,Namilio Messaging API,4183372,0.09,76,475,99.9573,false,
2025-10-17,COPILOT-API,Namilio Copilot API,679534,0.313,708,2116,99.9835,false,
2025-10-17,VERIFY,Namilio Verify,419348,0.33,97,331,99.9692,false,
2025-10-17,STUDIO,Namilio Studio,358758,0.25,98,382,99.9773,false,
2025-10-17,CONNECT-ENT,Namilio Connect Enterprise,514080,0.081,92,429,99.9796,false,
2025-10-18,VOICE-AGENT,Namilio Voice Agents,271960,0.509,255,1108,99.9957,false,
2025-10-18,MSG-API,Namilio Messaging API,5219117,0.411,117,153,100.0009,false,
2025-10-18,COPILOT-API,Namilio Copilot API,871982,0.255,751,2070,99.9938,false,
2025-10-18,VERIFY,Namilio Verify,445924,0.3,99,259,99.9913,false,
2025-10-18,STUDIO,Namilio Studio,539019,0.407,119,259,99.9994,false,
2025-10-18,CONNECT-ENT,Namilio Connect Enterprise,406609,0.194,107,395,99.9762,false,
2025-10-19,VOICE-AGENT,Namilio Voice Agents,217784,3.866,293,1351,100.4044,true,SEV3
2025-10-19,MSG-API,Namilio Messaging API,3426472,0.355,103,348,99.9658,false,
2025-10-19,COPILOT-API,Namilio Copilot API,852726,0.01,732,2142,99.992,false,
2025-10-19,VERIFY,Namilio Verify,380121,0.328,41,206,99.9875,false,
2025-10-19,STUDIO,Namilio Studio,359403,0.18,67,147,99.98,false,
2025-10-19,CONNECT-ENT,Namilio Connect Enterprise,444123,0.475,104,90,99.9949,false,
2025-10-20,VOICE-AGENT,Namilio Voice Agents,226709,0.388,354,781,99.9789,false,
2025-10-20,MSG-API,Namilio Messaging API,5046648,0.231,70,245,99.9591,false,
2025-10-20,COPILOT-API,Namilio Copilot API,884323,0.118,751,2150,99.9851,false,
2025-10-20,VERIFY,Namilio Verify,392273,0.277,133,106,100.021,false,
2025-10-20,STUDIO,Namilio Studio,452371,0.119,135,201,100.0196,false,
2025-10-20,CONNECT-ENT,Namilio Connect Enterprise,479913,0.295,131,258,99.9729,false,
2025-10-21,VOICE-AGENT,Namilio Voice Agents,218389,0.074,287,899,99.9952,false,
2025-10-21,MSG-API,Namilio Messaging API,5791088,0.262,125,262,99.9491,false,
2025-10-21,COPILOT-API,Namilio Copilot API,1024458,0.329,722,1998,99.9468,false,
2025-10-21,VERIFY,Namilio Verify,455662,0.311,46,335,100.0003,false,
2025-10-21,STUDIO,Namilio Studio,562068,0.316,97,169,99.9958,false,
2025-10-21,CONNECT-ENT,Namilio Connect Enterprise,422125,0.393,120,348,99.9786,false,
2025-10-22,VOICE-AGENT,Namilio Voice Agents,246407,0.336,319,738,99.9796,false,
2025-10-22,MSG-API,Namilio Messaging API,5304532,0.039,66,92,100.003,false,
2025-10-22,COPILOT-API,Namilio Copilot API,1032898,0.321,740,2183,99.9783,false,
2025-10-22,VERIFY,Namilio Verify,415122,0.305,146,329,99.9765,false,
2025-10-22,STUDIO,Namilio Studio,454640,0.323,68,342,99.9975,false,
2025-10-22,CONNECT-ENT,Namilio Connect Enterprise,315492,0.249,158,258,100.0336,false,
2025-10-23,VOICE-AGENT,Namilio Voice Agents,190865,0.178,349,918,99.9657,false,
2025-10-23,MSG-API,Namilio Messaging API,4718689,0.128,183,330,99.9414,false,
2025-10-23,COPILOT-API,Namilio Copilot API,969035,0.281,755,2058,99.9688,false,
2025-10-23,VERIFY,Namilio Verify,419640,0.447,110,194,99.9646,false,
2025-10-23,STUDIO,Namilio Studio,396920,0.133,101,247,99.9979,false,
2025-10-23,CONNECT-ENT,Namilio Connect Enterprise,384125,0.192,112,209,99.9907,false,
2025-10-24,VOICE-AGENT,Namilio Voice Agents,167099,0.196,238,886,99.9584,false,
2025-10-24,MSG-API,Namilio Messaging API,3755721,0.192,83,385,99.9997,false,
2025-10-24,COPILOT-API,Namilio Copilot API,845213,0.166,784,2139,99.9716,false,
2025-10-24,VERIFY,Namilio Verify,404529,0.233,124,96,99.9854,false,
2025-10-24,STUDIO,Namilio Studio,412367,0.213,85,338,99.963,false,
2025-10-24,CONNECT-ENT,Namilio Connect Enterprise,296605,0.256,124,336,99.9701,false,
2025-10-25,VOICE-AGENT,Namilio Voice Agents,218309,0.355,294,1230,99.9249,false,
2025-10-25,MSG-API,Namilio Messaging API,5256796,0.509,83,234,99.9933,false,
2025-10-25,COPILOT-API,Namilio Copilot API,696351,0.281,730,2141,99.9787,false,
2025-10-25,VERIFY,Namilio Verify,325717,0.396,97,345,99.9699,false,
2025-10-25,STUDIO,Namilio Studio,448569,0.141,102,385,100.0017,false,
2025-10-25,CONNECT-ENT,Namilio Connect Enterprise,353911,0.01,129,344,100.0116,false,
2025-10-26,VOICE-AGENT,Namilio Voice Agents,295769,0.183,315,695,99.9713,false,
2025-10-26,MSG-API,Namilio Messaging API,4823017,0.468,70,346,100.0157,false,
2025-10-26,COPILOT-API,Namilio Copilot API,1080123,0.482,695,2028,99.9642,false,
2025-10-26,VERIFY,Namilio Verify,420781,0.139,74,499,99.9871,false,
2025-10-26,STUDIO,Namilio Studio,569753,0.384,121,270,100.0047,false,
2025-10-26,CONNECT-ENT,Namilio Connect Enterprise,432090,0.12,87,121,99.9957,false,
2025-10-27,VOICE-AGENT,Namilio Voice Agents,177802,0.278,322,1017,99.984,false,
2025-10-27,MSG-API,Namilio Messaging API,4393507,0.115,106,222,99.9846,false,
2025-10-27,COPILOT-API,Namilio Copilot API,1063483,0.423,735,2134,100.01,false,
2025-10-27,VERIFY,Namilio Verify,656302,0.284,98,174,99.9793,false,
2025-10-27,STUDIO,Namilio Studio,423509,0.295,85,252,99.9946,false,
2025-10-27,CONNECT-ENT,Namilio Connect Enterprise,450765,0.178,81,143,99.9688,false,
2025-10-28,VOICE-AGENT,Namilio Voice Agents,265229,0.424,335,692,99.9857,false,
2025-10-28,MSG-API,Namilio Messaging API,5067864,0.401,75,145,99.9741,false,
2025-10-28,COPILOT-API,Namilio Copilot API,1026678,0.272,696,2197,99.9854,false,
2025-10-28,VERIFY,Namilio Verify,572519,0.468,100,453,99.9891,false,
2025-10-28,STUDIO,Namilio Studio,468050,0.333,119,257,99.9703,false,
2025-10-28,CONNECT-ENT,Namilio Connect Enterprise,492318,0.36,117,446,99.9558,false,
2025-10-29,VOICE-AGENT,Namilio Voice Agents,270687,0.239,333,740,99.9631,false,
2025-10-29,MSG-API,Namilio Messaging API,5557646,0.432,119,148,99.9891,false,
2025-10-29,COPILOT-API,Namilio Copilot API,880592,0.408,751,2034,99.9624,false,
2025-10-29,VERIFY,Namilio Verify,505075,0.178,141,382,100.01,false,
2025-10-29,STUDIO,Namilio Studio,561141,0.375,80,355,99.975,false,
2025-10-29,CONNECT-ENT,Namilio Connect Enterprise,400601,0.209,42,430,99.9752,false,
2025-10-30,VOICE-AGENT,Namilio Voice Agents,171275,0.336,277,886,99.9778,false,
2025-10-30,MSG-API,Namilio Messaging API,5417201,0.287,79,236,100.0239,false,
2025-10-30,COPILOT-API,Namilio Copilot API,857447,0.418,709,1938,99.964,false,
2025-10-30,VERIFY,Namilio Verify,457585,0.309,75,338,99.9948,false,
2025-10-30,STUDIO,Namilio Studio,502220,0.328,98,60,99.969,false,
2025-10-30,CONNECT-ENT,Namilio Connect Enterprise,348021,0.299,49,289,99.9949,false,
2025-10-31,VOICE-AGENT,Namilio Voice Agents,255262,0.43,297,1054,99.9663,false,
2025-10-31,MSG-API,Namilio Messaging API,5916745,0.317,94,319,100.0257,false,
2025-10-31,COPILOT-API,Namilio Copilot API,1035493,0.358,692,1929,99.9923,false,
2025-10-31,VERIFY,Namilio Verify,445261,0.226,128,290,99.9672,false,
2025-10-31,STUDIO,Namilio Studio,368473,0.06,64,450,99.9599,false,
2025-10-31,CONNECT-ENT,Namilio Connect Enterprise,245459,0.237,105,84,99.9411,false,
2025-11-01,VOICE-AGENT,Namilio Voice Agents,170925,0.374,282,938,99.9678,false,
2025-11-01,MSG-API,Namilio Messaging API,3709598,4.985,66,60,97.7451,true,SEV3
2025-11-01,COPILOT-API,Namilio Copilot API,940062,0.35,731,1884,99.9706,false,
2025-11-01,VERIFY,Namilio Verify,363377,0.047,79,155,100.0088,false,
2025-11-01,STUDIO,Namilio Studio,480218,0.253,152,145,99.9597,false,
2025-11-01,CONNECT-ENT,Namilio Connect Enterprise,376226,0.312,96,206,100.0041,false,
2025-11-02,VOICE-AGENT,Namilio Voice Agents,305108,0.707,320,852,99.9308,false,
2025-11-02,MSG-API,Namilio Messaging API,6315535,0.238,58,79,99.9534,false,
2025-11-02,COPILOT-API,Namilio Copilot API,678198,0.476,677,2095,100.0224,false,
2025-11-02,VERIFY,Namilio Verify,471081,0.162,146,209,99.9469,false,
2025-11-02,STUDIO,Namilio Studio,586662,0.129,107,174,99.9929,false,
2025-11-02,CONNECT-ENT,Namilio Connect Enterprise,257360,0.195,93,212,99.991,false,
2025-11-03,VOICE-AGENT,Namilio Voice Agents,170208,0.343,342,856,99.979,false,
2025-11-03,MSG-API,Namilio Messaging API,5122639,0.412,92,100,99.9835,false,
2025-11-03,COPILOT-API,Namilio Copilot API,903508,0.406,727,2151,99.9363,false,
2025-11-03,VERIFY,Namilio Verify,427176,0.253,86,419,99.9681,false,
2025-11-03,STUDIO,Namilio Studio,556471,0.079,108,131,99.9969,false,
2025-11-03,CONNECT-ENT,Namilio Connect Enterprise,459055,0.271,137,405,99.9954,false,
2025-11-04,VOICE-AGENT,Namilio Voice Agents,264278,0.375,355,822,99.9733,false,
2025-11-04,MSG-API,Namilio Messaging API,4641982,0.164,66,338,99.9846,false,
2025-11-04,COPILOT-API,Namilio Copilot API,797449,0.279,706,2144,99.9609,false,
2025-11-04,VERIFY,Namilio Verify,485705,0.242,61,68,99.9652,false,
2025-11-04,STUDIO,Namilio Studio,495506,0.178,56,136,99.97,false,
2025-11-04,CONNECT-ENT,Namilio Connect Enterprise,252430,0.293,38,290,99.9776,false,
2025-11-05,VOICE-AGENT,Namilio Voice Agents,213060,0.157,312,959,99.9961,false,
2025-11-05,MSG-API,Namilio Messaging API,6504622,0.404,95,296,99.9973,false,
2025-11-05,COPILOT-API,Namilio Copilot API,752847,0.25,696,2113,100.0063,false,
2025-11-05,VERIFY,Namilio Verify,353993,0.245,57,262,100.0076,false,
2025-11-05,STUDIO,Namilio Studio,526267,0.138,115,360,99.9781,false,
2025-11-05,CONNECT-ENT,Namilio Connect Enterprise,446267,0.217,20,203,99.9844,false,
2025-11-06,VOICE-AGENT,Namilio Voice Agents,241848,0.198,270,847,99.9604,false,
2025-11-06,MSG-API,Namilio Messaging API,5241501,0.196,79,503,99.9688,false,
2025-11-06,COPILOT-API,Namilio Copilot API,871132,0.354,720,1887,99.9619,false,
2025-11-06,VERIFY,Namilio Verify,506378,0.01,43,318,99.9833,false,
2025-11-06,STUDIO,Namilio Studio,411503,0.166,85,207,99.9883,false,
2025-11-06,CONNECT-ENT,Namilio Connect Enterprise,444345,0.123,77,545,99.9931,false,
2025-11-07,VOICE-AGENT,Namilio Voice Agents,336264,0.037,300,826,99.9889,false,
2025-11-07,MSG-API,Namilio Messaging API,5324116,0.453,74,190,99.9579,false,
2025-11-07,COPILOT-API,Namilio Copilot API,788558,0.341,723,2164,99.9687,false,
2025-11-07,VERIFY,Namilio Verify,479169,0.061,74,327,99.9589,false,
2025-11-07,STUDIO,Namilio Studio,498314,0.256,125,303,100.0099,false,
2025-11-07,CONNECT-ENT,Namilio Connect Enterprise,408206,0.422,109,260,99.965,false,
2025-11-08,VOICE-AGENT,Namilio Voice Agents,282928,0.119,345,807,99.9652,false,
2025-11-08,MSG-API,Namilio Messaging API,3972213,0.281,94,407,99.9986,false,
2025-11-08,COPILOT-API,Namilio Copilot API,1127860,0.334,716,2101,100.0058,false,
2025-11-08,VERIFY,Namilio Verify,474130,0.232,112,228,99.9727,false,
2025-11-08,STUDIO,Namilio Studio,412398,0.207,90,165,99.9823,false,
2025-11-08,CONNECT-ENT,Namilio Connect Enterprise,489213,0.246,81,282,99.9672,false,
2025-11-09,VOICE-AGENT,Namilio Voice Agents,279107,0.393,281,1000,99.9939,false,
2025-11-09,MSG-API,Namilio Messaging API,6191862,0.323,125,237,100.0087,false,
2025-11-09,COPILOT-API,Namilio Copilot API,734026,0.01,715,2305,99.9794,false,
2025-11-09,VERIFY,Namilio Verify,387909,0.256,140,301,99.9368,false,
2025-11-09,STUDIO,Namilio Studio,477140,0.371,109,307,99.9927,false,
2025-11-09,CONNECT-ENT,Namilio Connect Enterprise,325196,0.234,111,292,99.9965,false,
2025-11-10,VOICE-AGENT,Namilio Voice Agents,292804,0.242,349,858,99.9568,false,
2025-11-10,MSG-API,Namilio Messaging API,5624688,0.5,128,381,100.0075,false,
2025-11-10,COPILOT-API,Namilio Copilot API,896947,0.024,747,2072,99.9968,false,
2025-11-10,VERIFY,Namilio Verify,363854,0.297,72,439,99.9762,false,
2025-11-10,STUDIO,Namilio Studio,462093,0.463,63,185,99.9709,false,
2025-11-10,CONNECT-ENT,Namilio Connect Enterprise,442283,0.352,68,256,99.947,false,
2025-11-11,VOICE-AGENT,Namilio Voice Agents,306686,0.299,267,895,99.9763,false,
2025-11-11,MSG-API,Namilio Messaging API,5362395,0.325,118,76,100.0076,false,
2025-11-11,COPILOT-API,Namilio Copilot API,680390,0.055,751,2079,99.9928,false,
2025-11-11,VERIFY,Namilio Verify,412121,0.067,157,341,99.9876,false,
2025-11-11,STUDIO,Namilio Studio,409171,0.132,96,279,99.9948,false,
2025-11-11,CONNECT-ENT,Namilio Connect Enterprise,454432,0.266,111,248,99.9773,false,
2025-11-12,VOICE-AGENT,Namilio Voice Agents,346341,0.046,285,630,99.9629,false,
2025-11-12,MSG-API,Namilio Messaging API,5581557,0.287,109,269,99.9656,false,
2025-11-12,COPILOT-API,Namilio Copilot API,856426,0.446,721,2016,99.9778,false,
2025-11-12,VERIFY,Namilio Verify,466809,0.371,121,166,100.0181,false,
2025-11-12,STUDIO,Namilio Studio,391684,0.359,110,312,100.0181,false,
2025-11-12,CONNECT-ENT,Namilio Connect Enterprise,332321,0.178,126,310,99.9721,false,
2025-11-13,VOICE-AGENT,Namilio Voice Agents,272232,0.394,266,752,99.9582,false,
2025-11-13,MSG-API,Namilio Messaging API,5356172,0.151,98,115,99.9774,false,
2025-11-13,COPILOT-API,Namilio Copilot API,834579,0.361,747,2020,99.9848,false,
2025-11-13,VERIFY,Namilio Verify,496582,0.331,98,184,99.9921,false,
2025-11-13,STUDIO,Namilio Studio,491997,0.43,134,363,99.9844,false,
2025-11-13,CONNECT-ENT,Namilio Connect Enterprise,337039,0.333,128,141,99.9633,false,
2025-11-14,VOICE-AGENT,Namilio Voice Agents,132286,0.414,344,891,100.0047,false,
2025-11-14,MSG-API,Namilio Messaging API,5446926,0.393,101,383,100.0237,false,
2025-11-14,COPILOT-API,Namilio Copilot API,891173,0.013,757,2142,99.9572,false,
2025-11-14,VERIFY,Namilio Verify,470573,0.304,138,385,99.9788,false,
2025-11-14,STUDIO,Namilio Studio,437160,0.364,131,228,99.9647,false,
2025-11-14,CONNECT-ENT,Namilio Connect Enterprise,333976,0.239,121,78,100.018,false,
2025-11-15,VOICE-AGENT,Namilio Voice Agents,180832,0.363,274,624,99.9878,false,
2025-11-15,MSG-API,Namilio Messaging API,5791280,0.403,99,400,99.971,false,
2025-11-15,COPILOT-API,Namilio Copilot API,1002860,0.072,709,1963,99.9869,false,
2025-11-15,VERIFY,Namilio Verify,454661,0.247,137,126,100.0081,false,
2025-11-15,STUDIO,Namilio Studio,404530,0.138,84,134,99.9862,false,
2025-11-15,CONNECT-ENT,Namilio Connect Enterprise,430468,0.089,87,426,99.9681,false,
2025-11-16,VOICE-AGENT,Namilio Voice Agents,256135,0.164,301,788,99.973,false,
2025-11-16,MSG-API,Namilio Messaging API,5457964,0.361,74,391,99.9779,false,
2025-11-16,COPILOT-API,Namilio Copilot API,856918,0.337,739,2206,99.9773,false,
2025-11-16,VERIFY,Namilio Verify,482704,0.352,133,244,99.9698,false,
2025-11-16,STUDIO,Namilio Studio,411415,0.259,102,252,100.005,false,
2025-11-16,CONNECT-ENT,Namilio Connect Enterprise,395346,0.389,80,334,99.9715,false,
2025-11-17,VOICE-AGENT,Namilio Voice Agents,232227,0.254,375,1057,99.9919,false,
2025-11-17,MSG-API,Namilio Messaging API,6891430,0.581,59,276,99.984,false,
2025-11-17,COPILOT-API,Namilio Copilot API,1116247,0.417,736,1979,99.9931,false,
2025-11-17,VERIFY,Namilio Verify,486401,0.095,71,88,100.0034,false,
2025-11-17,STUDIO,Namilio Studio,483087,0.477,77,490,100.0056,false,
2025-11-17,CONNECT-ENT,Namilio Connect Enterprise,406546,0.148,149,60,100.0074,false,
2025-11-18,VOICE-AGENT,Namilio Voice Agents,269029,0.317,267,638,99.9638,false,
2025-11-18,MSG-API,Namilio Messaging API,5326817,0.307,104,362,99.9679,false,
2025-11-18,COPILOT-API,Namilio Copilot API,918948,0.381,739,2155,99.9648,false,
2025-11-18,VERIFY,Namilio Verify,451032,0.238,42,430,99.9948,false,
2025-11-18,STUDIO,Namilio Studio,287683,0.01,130,389,99.9861,false,
2025-11-18,CONNECT-ENT,Namilio Connect Enterprise,474412,0.072,86,79,99.9889,false,
2025-11-19,VOICE-AGENT,Namilio Voice Agents,302561,0.124,342,1031,99.9985,false,
2025-11-19,MSG-API,Namilio Messaging API,5720282,0.389,123,222,99.9951,false,
2025-11-19,COPILOT-API,Namilio Copilot API,886186,0.288,743,2155,99.9928,false,
2025-11-19,VERIFY,Namilio Verify,352691,0.509,101,309,99.9945,false,
2025-11-19,STUDIO,Namilio Studio,375294,0.356,82,148,99.9534,false,
2025-11-19,CONNECT-ENT,Namilio Connect Enterprise,450976,0.01,71,188,100.0033,false,
2025-11-20,VOICE-AGENT,Namilio Voice Agents,225169,0.258,355,753,99.965,false,
2025-11-20,MSG-API,Namilio Messaging API,6832270,0.353,158,92,99.9666,false,
2025-11-20,COPILOT-API,Namilio Copilot API,791336,0.228,761,2039,99.9885,false,
2025-11-20,VERIFY,Namilio Verify,441655,0.25,81,444,99.9899,false,
2025-11-20,STUDIO,Namilio Studio,326282,0.591,51,93,99.9781,false,
2025-11-20,CONNECT-ENT,Namilio Connect Enterprise,433611,0.446,93,117,100.0038,false,
2025-11-21,VOICE-AGENT,Namilio Voice Agents,240099,0.111,317,677,99.9919,false,
2025-11-21,MSG-API,Namilio Messaging API,3474358,0.201,93,333,100.0025,false,
2025-11-21,COPILOT-API,Namilio Copilot API,1085380,0.136,728,2121,99.9919,false,
2025-11-21,VERIFY,Namilio Verify,470738,0.131,141,129,99.9679,false,
2025-11-21,STUDIO,Namilio Studio,377813,0.341,112,283,100.0148,false,
2025-11-21,CONNECT-ENT,Namilio Connect Enterprise,346041,0.402,89,363,100.0154,false,
2025-11-22,VOICE-AGENT,Namilio Voice Agents,230068,0.333,341,789,99.9386,false,
2025-11-22,MSG-API,Namilio Messaging API,5114089,0.118,130,60,99.9687,false,
2025-11-22,COPILOT-API,Namilio Copilot API,1012054,0.473,714,2109,100.004,false,
2025-11-22,VERIFY,Namilio Verify,490371,0.285,95,305,100.0098,false,
2025-11-22,STUDIO,Namilio Studio,310916,0.188,123,249,99.9801,false,
2025-11-22,CONNECT-ENT,Namilio Connect Enterprise,475306,0.334,119,231,99.9823,false,
2025-11-23,VOICE-AGENT,Namilio Voice Agents,280100,0.359,351,851,99.9805,false,
2025-11-23,MSG-API,Namilio Messaging API,3445653,0.313,128,138,100.0323,false,
2025-11-23,COPILOT-API,Namilio Copilot API,722302,0.416,688,2159,100.0103,false,
2025-11-23,VERIFY,Namilio Verify,364753,0.362,76,401,100.0032,false,
2025-11-23,STUDIO,Namilio Studio,498137,0.193,64,308,99.9984,false,
2025-11-23,CONNECT-ENT,Namilio Connect Enterprise,411398,0.316,78,179,99.9845,false,
2025-11-24,VOICE-AGENT,Namilio Voice Agents,203702,0.334,319,962,99.9895,false,
2025-11-24,MSG-API,Namilio Messaging API,5738220,0.304,160,308,99.9974,false,
2025-11-24,COPILOT-API,Namilio Copilot API,556536,0.105,689,2281,99.9996,false,
2025-11-24,VERIFY,Namilio Verify,378007,0.32,55,424,100.0122,false,
2025-11-24,STUDIO,Namilio Studio,399843,0.074,88,314,100.0022,false,
2025-11-24,CONNECT-ENT,Namilio Connect Enterprise,426358,0.149,97,150,99.9939,false,
2025-11-25,VOICE-AGENT,Namilio Voice Agents,210083,0.162,328,1083,99.9836,false,
2025-11-25,MSG-API,Namilio Messaging API,5663736,0.54,39,297,100.0117,false,
2025-11-25,COPILOT-API,Namilio Copilot API,721434,0.219,758,2098,100.0117,false,
2025-11-25,VERIFY,Namilio Verify,395934,0.333,79,323,100.0002,false,
2025-11-25,STUDIO,Namilio Studio,420249,0.375,60,513,99.9716,false,
2025-11-25,CONNECT-ENT,Namilio Connect Enterprise,360632,0.139,99,428,99.9556,false,
2025-11-26,VOICE-AGENT,Namilio Voice Agents,232407,0.3,306,899,99.982,false,
2025-11-26,MSG-API,Namilio Messaging API,5754305,0.47,99,191,99.9843,false,
2025-11-26,COPILOT-API,Namilio Copilot API,1000165,0.285,719,1973,99.9957,false,
2025-11-26,VERIFY,Namilio Verify,254006,0.341,119,159,100.0016,false,
2025-11-26,STUDIO,Namilio Studio,476412,5.393,114,225,97.2851,true,SEV3
2025-11-26,CONNECT-ENT,Namilio Connect Enterprise,307025,0.289,81,72,99.9846,false,
2025-11-27,VOICE-AGENT,Namilio Voice Agents,184849,0.218,321,739,99.9834,false,
2025-11-27,MSG-API,Namilio Messaging API,5657120,0.32,129,301,100.0337,false,
2025-11-27,COPILOT-API,Namilio Copilot API,1002650,0.362,756,2049,100.0222,false,
2025-11-27,VERIFY,Namilio Verify,435707,0.221,65,169,100.0128,false,
2025-11-27,STUDIO,Namilio Studio,374768,0.319,97,463,99.9775,false,
2025-11-27,CONNECT-ENT,Namilio Connect Enterprise,354634,0.275,66,256,99.981,false,
2025-11-28,VOICE-AGENT,Namilio Voice Agents,227000,0.201,297,878,99.9941,false,
2025-11-28,MSG-API,Namilio Messaging API,5381811,0.234,127,377,99.9817,false,
2025-11-28,COPILOT-API,Namilio Copilot API,717267,0.38,677,2136,99.9926,false,
2025-11-28,VERIFY,Namilio Verify,460921,0.295,96,248,99.9694,false,
2025-11-28,STUDIO,Namilio Studio,490578,0.14,105,229,99.9583,false,
2025-11-28,CONNECT-ENT,Namilio Connect Enterprise,364478,0.115,93,60,99.995,false,
2025-11-29,VOICE-AGENT,Namilio Voice Agents,199080,0.178,302,889,100.0062,false,
2025-11-29,MSG-API,Namilio Messaging API,5195140,0.135,60,161,99.9795,false,
2025-11-29,COPILOT-API,Namilio Copilot API,1171116,0.317,747,2233,99.9966,false,
2025-11-29,VERIFY,Namilio Verify,438645,0.26,113,215,99.965,false,
2025-11-29,STUDIO,Namilio Studio,422728,0.185,98,407,99.9606,false,
2025-11-29,CONNECT-ENT,Namilio Connect Enterprise,403789,0.233,90,258,100.0116,false,
2025-11-30,VOICE-AGENT,Namilio Voice Agents,186332,0.363,302,882,100.0171,false,
2025-11-30,MSG-API,Namilio Messaging API,7031764,0.441,87,151,99.9728,false,
2025-11-30,COPILOT-API,Namilio Copilot API,794424,0.076,685,2124,99.9738,false,
2025-11-30,VERIFY,Namilio Verify,402862,0.324,140,577,99.9404,false,
2025-11-30,STUDIO,Namilio Studio,458069,0.296,127,387,99.993,false,
2025-11-30,CONNECT-ENT,Namilio Connect Enterprise,314594,4.493,143,60,97.6641,true,SEV3
2025-12-01,VOICE-AGENT,Namilio Voice Agents,159334,0.049,215,868,99.9597,false,
2025-12-01,MSG-API,Namilio Messaging API,7150433,0.272,53,255,100.0104,false,
2025-12-01,COPILOT-API,Namilio Copilot API,525426,0.234,703,2079,99.9521,false,
2025-12-01,VERIFY,Namilio Verify,449391,0.167,133,196,99.9581,false,
2025-12-01,STUDIO,Namilio Studio,407996,0.182,79,231,99.9755,false,
2025-12-01,CONNECT-ENT,Namilio Connect Enterprise,434955,0.418,48,192,99.9536,false,
2025-12-02,VOICE-AGENT,Namilio Voice Agents,157068,0.168,296,921,99.9915,false,
2025-12-02,MSG-API,Namilio Messaging API,6753898,0.156,57,417,100,false,
2025-12-02,COPILOT-API,Namilio Copilot API,870928,0.392,800,2131,100.015,false,
2025-12-02,VERIFY,Namilio Verify,479086,0.311,144,311,99.9816,false,
2025-12-02,STUDIO,Namilio Studio,541628,0.239,84,333,99.9843,false,
2025-12-02,CONNECT-ENT,Namilio Connect Enterprise,333121,0.405,155,213,99.9681,false,
2025-12-03,VOICE-AGENT,Namilio Voice Agents,244172,0.3,382,770,99.9913,false,
2025-12-03,MSG-API,Namilio Messaging API,5742497,0.053,73,62,99.9797,false,
2025-12-03,COPILOT-API,Namilio Copilot API,1087103,0.242,746,2096,100.0019,false,
2025-12-03,VERIFY,Namilio Verify,387674,0.305,98,202,100.007,false,
2025-12-03,STUDIO,Namilio Studio,400011,0.011,116,139,100.0041,false,
2025-12-03,CONNECT-ENT,Namilio Connect Enterprise,475478,0.202,62,124,99.9903,false,
2025-12-04,VOICE-AGENT,Namilio Voice Agents,261162,0.266,317,1034,99.9995,false,
2025-12-04,MSG-API,Namilio Messaging API,5817556,0.385,114,286,99.9589,false,
2025-12-04,COPILOT-API,Namilio Copilot API,707128,0.39,772,1859,99.9761,false,
2025-12-04,VERIFY,Namilio Verify,394519,0.373,119,331,99.9944,false,
2025-12-04,STUDIO,Namilio Studio,335089,0.077,60,322,99.9818,false,
2025-12-04,CONNECT-ENT,Namilio Connect Enterprise,394038,0.324,129,494,99.9973,false,
2025-12-05,VOICE-AGENT,Namilio Voice Agents,288310,0.258,316,793,99.9779,false,
2025-12-05,MSG-API,Namilio Messaging API,5032090,0.273,136,390,99.9831,false,
2025-12-05,COPILOT-API,Namilio Copilot API,1000384,0.123,727,2108,100.051,false,
2025-12-05,VERIFY,Namilio Verify,325769,0.442,105,60,99.9922,false,
2025-12-05,STUDIO,Namilio Studio,449410,0.278,75,583,99.9565,false,
2025-12-05,CONNECT-ENT,Namilio Connect Enterprise,484491,0.01,79,308,99.9858,false,
2025-12-06,VOICE-AGENT,Namilio Voice Agents,220837,0.258,293,846,99.9814,false,
2025-12-06,MSG-API,Namilio Messaging API,4108077,0.01,59,147,100.0071,false,
2025-12-06,COPILOT-API,Namilio Copilot API,1078485,0.299,720,2160,99.9939,false,
2025-12-06,VERIFY,Namilio Verify,437588,0.385,116,179,100.0155,false,
2025-12-06,STUDIO,Namilio Studio,452469,0.176,72,336,100.0026,false,
2025-12-06,CONNECT-ENT,Namilio Connect Enterprise,328859,0.188,121,426,99.9966,false,
2025-12-07,VOICE-AGENT,Namilio Voice Agents,204577,0.248,270,1016,99.9847,false,
2025-12-07,MSG-API,Namilio Messaging API,5165281,0.479,90,305,99.9815,false,
2025-12-07,COPILOT-API,Namilio Copilot API,841003,0.135,755,2178,99.9444,false,
2025-12-07,VERIFY,Namilio Verify,491411,0.102,112,221,100.0077,false,
2025-12-07,STUDIO,Namilio Studio,349541,0.116,95,202,99.9916,false,
2025-12-07,CONNECT-ENT,Namilio Connect Enterprise,368705,0.359,102,436,99.9963,false,
2025-12-08,VOICE-AGENT,Namilio Voice Agents,287804,0.298,349,931,99.9646,false,
2025-12-08,MSG-API,Namilio Messaging API,5366481,0.213,133,490,100.0232,false,
2025-12-08,COPILOT-API,Namilio Copilot API,1049942,0.289,743,2255,100.0055,false,
2025-12-08,VERIFY,Namilio Verify,402481,0.271,97,337,100.0034,false,
2025-12-08,STUDIO,Namilio Studio,542603,0.438,64,60,99.9841,false,
2025-12-08,CONNECT-ENT,Namilio Connect Enterprise,381312,0.415,117,251,100.0242,false,
2025-12-09,VOICE-AGENT,Namilio Voice Agents,226227,0.184,300,1067,99.9707,false,
2025-12-09,MSG-API,Namilio Messaging API,4810550,0.558,57,436,100.0154,false,
2025-12-09,COPILOT-API,Namilio Copilot API,659964,0.318,758,2158,99.9897,false,
2025-12-09,VERIFY,Namilio Verify,358678,0.235,50,214,99.9728,false,
2025-12-09,STUDIO,Namilio Studio,330475,0.354,88,241,99.9898,false,
2025-12-09,CONNECT-ENT,Namilio Connect Enterprise,489953,0.209,71,585,100.0043,false,
2025-12-10,VOICE-AGENT,Namilio Voice Agents,198437,3.216,313,868,97.9572,true,SEV2
2025-12-10,MSG-API,Namilio Messaging API,4986852,0.259,73,87,100.0071,false,
2025-12-10,COPILOT-API,Namilio Copilot API,758495,0.547,732,2133,99.9929,false,
2025-12-10,VERIFY,Namilio Verify,425225,0.401,136,99,99.9852,false,
2025-12-10,STUDIO,Namilio Studio,479371,0.248,95,196,100.0048,false,
2025-12-10,CONNECT-ENT,Namilio Connect Enterprise,537221,0.569,107,247,99.9893,false,
2025-12-11,VOICE-AGENT,Namilio Voice Agents,255253,0.443,319,961,99.9541,false,
2025-12-11,MSG-API,Namilio Messaging API,3933693,0.23,90,60,99.9973,false,
2025-12-11,COPILOT-API,Namilio Copilot API,823520,0.076,786,2106,99.985,false,
2025-12-11,VERIFY,Namilio Verify,470037,0.255,97,403,99.9803,false,
2025-12-11,STUDIO,Namilio Studio,386831,0.118,42,193,99.9594,false,
2025-12-11,CONNECT-ENT,Namilio Connect Enterprise,440866,0.01,53,270,99.9875,false,
2025-12-12,VOICE-AGENT,Namilio Voice Agents,168885,0.01,252,1033,99.9818,false,
2025-12-12,MSG-API,Namilio Messaging API,4555714,0.2,90,331,99.9891,false,
2025-12-12,COPILOT-API,Namilio Copilot API,741044,0.233,740,2084,100.0058,false,
2025-12-12,VERIFY,Namilio Verify,419255,0.432,94,308,99.9811,false,
2025-12-12,STUDIO,Namilio Studio,347322,0.398,165,185,100.0111,false,
2025-12-12,CONNECT-ENT,Namilio Connect Enterprise,393956,0.296,87,363,99.9923,false,
2025-12-13,VOICE-AGENT,Namilio Voice Agents,241499,0.411,266,789,99.9673,false,
2025-12-13,MSG-API,Namilio Messaging API,5607026,0.312,182,282,99.9889,false,
2025-12-13,COPILOT-API,Namilio Copilot API,833548,0.158,689,2145,99.9781,false,
2025-12-13,VERIFY,Namilio Verify,415441,0.288,116,163,99.9877,false,
2025-12-13,STUDIO,Namilio Studio,460193,0.498,99,167,100.0051,false,
2025-12-13,CONNECT-ENT,Namilio Connect Enterprise,532944,0.59,91,263,99.9764,false,
2025-12-14,VOICE-AGENT,Namilio Voice Agents,298254,0.241,339,1055,99.9714,false,
2025-12-14,MSG-API,Namilio Messaging API,4233917,0.256,73,275,99.9506,false,
2025-12-14,COPILOT-API,Namilio Copilot API,870066,0.198,793,2060,99.9883,false,
2025-12-14,VERIFY,Namilio Verify,532105,0.297,48,309,99.9836,false,
2025-12-14,STUDIO,Namilio Studio,442319,0.396,100,313,99.9832,false,
2025-12-14,CONNECT-ENT,Namilio Connect Enterprise,530102,0.214,105,380,99.9474,false,
2025-12-15,VOICE-AGENT,Namilio Voice Agents,199982,0.144,352,1011,99.9905,false,
2025-12-15,MSG-API,Namilio Messaging API,5100067,0.391,72,229,99.9591,false,
2025-12-15,COPILOT-API,Namilio Copilot API,718035,0.16,751,2115,99.9534,false,
2025-12-15,VERIFY,Namilio Verify,372650,0.354,91,301,99.9421,false,
2025-12-15,STUDIO,Namilio Studio,442806,0.3,111,170,100.0054,false,
2025-12-15,CONNECT-ENT,Namilio Connect Enterprise,421106,0.226,46,185,99.999,false,
2025-12-16,VOICE-AGENT,Namilio Voice Agents,214894,0.358,341,838,99.9721,false,
2025-12-16,MSG-API,Namilio Messaging API,4317097,0.458,85,60,99.9774,false,
2025-12-16,COPILOT-API,Namilio Copilot API,1065623,0.268,746,2085,99.9824,false,
2025-12-16,VERIFY,Namilio Verify,317546,0.063,92,223,99.9974,false,
2025-12-16,STUDIO,Namilio Studio,378406,0.32,144,304,99.9521,false,
2025-12-16,CONNECT-ENT,Namilio Connect Enterprise,509627,0.165,130,405,99.9312,false,
2025-12-17,VOICE-AGENT,Namilio Voice Agents,242433,0.23,277,956,99.9961,false,
2025-12-17,MSG-API,Namilio Messaging API,5190339,0.261,64,390,99.9702,false,
2025-12-17,COPILOT-API,Namilio Copilot API,920548,0.345,769,2086,99.9565,false,
2025-12-17,VERIFY,Namilio Verify,456164,0.179,150,217,99.9803,false,
2025-12-17,STUDIO,Namilio Studio,450598,0.352,96,294,99.9981,false,
2025-12-17,CONNECT-ENT,Namilio Connect Enterprise,394432,0.26,51,243,99.9813,false,
2025-12-18,VOICE-AGENT,Namilio Voice Agents,284249,0.377,371,921,100.0207,false,
2025-12-18,MSG-API,Namilio Messaging API,3822183,0.377,88,180,99.9641,false,
2025-12-18,COPILOT-API,Namilio Copilot API,990561,0.151,799,2079,99.9717,false,
2025-12-18,VERIFY,Namilio Verify,476292,0.227,113,313,99.97,false,
2025-12-18,STUDIO,Namilio Studio,380966,0.413,85,154,99.9702,false,
2025-12-18,CONNECT-ENT,Namilio Connect Enterprise,485549,0.261,135,165,100.0155,false,
2025-12-19,VOICE-AGENT,Namilio Voice Agents,256884,0.325,296,881,100.0095,false,
2025-12-19,MSG-API,Namilio Messaging API,4359222,0.27,83,382,100.0072,false,
2025-12-19,COPILOT-API,Namilio Copilot API,951151,0.445,731,2192,99.9737,false,
2025-12-19,VERIFY,Namilio Verify,453207,5.553,84,81,98.6778,true,SEV3
2025-12-19,STUDIO,Namilio Studio,477531,0.364,132,392,99.9742,false,
2025-12-19,CONNECT-ENT,Namilio Connect Enterprise,362132,0.163,123,387,99.9633,false,
2025-12-20,VOICE-AGENT,Namilio Voice Agents,139324,0.345,308,897,99.952,false,
2025-12-20,MSG-API,Namilio Messaging API,5621301,0.28,90,147,100.0002,false,
2025-12-20,COPILOT-API,Namilio Copilot API,681753,0.086,730,2101,100.0151,false,
2025-12-20,VERIFY,Namilio Verify,307949,0.15,78,472,99.9716,false,
2025-12-20,STUDIO,Namilio Studio,417808,0.107,95,335,100.0185,false,
2025-12-20,CONNECT-ENT,Namilio Connect Enterprise,376231,2.599,98,66,98.4042,true,SEV1
2025-12-21,VOICE-AGENT,Namilio Voice Agents,221577,0.44,306,821,100.0152,false,
2025-12-21,MSG-API,Namilio Messaging API,3735408,0.317,59,60,100.0026,false,
2025-12-21,COPILOT-API,Namilio Copilot API,1018211,0.268,777,2068,100.0371,false,
2025-12-21,VERIFY,Namilio Verify,353452,0.34,94,242,100.0154,false,
2025-12-21,STUDIO,Namilio Studio,447555,0.299,76,469,99.9731,false,
2025-12-21,CONNECT-ENT,Namilio Connect Enterprise,471055,0.365,100,142,100.0032,false,
2025-12-22,VOICE-AGENT,Namilio Voice Agents,216082,0.18,313,1035,99.9889,false,
2025-12-22,MSG-API,Namilio Messaging API,3903513,0.409,86,60,100.005,false,
2025-12-22,COPILOT-API,Namilio Copilot API,836213,0.395,726,2102,99.9469,false,
2025-12-22,VERIFY,Namilio Verify,382123,0.241,46,233,99.9824,false,
2025-12-22,STUDIO,Namilio Studio,448409,0.372,64,265,99.9858,false,
2025-12-22,CONNECT-ENT,Namilio Connect Enterprise,307518,0.231,72,178,99.9648,false,
2025-12-23,VOICE-AGENT,Namilio Voice Agents,256902,0.447,375,883,100.0129,false,
2025-12-23,MSG-API,Namilio Messaging API,4938128,0.579,116,76,100.0072,false,
2025-12-23,COPILOT-API,Namilio Copilot API,1198465,0.129,724,1994,99.9762,false,
2025-12-23,VERIFY,Namilio Verify,450943,0.294,140,181,99.9532,false,
2025-12-23,STUDIO,Namilio Studio,380067,0.338,92,320,99.9551,false,
2025-12-23,CONNECT-ENT,Namilio Connect Enterprise,437509,0.121,90,246,100.0017,false,
2025-12-24,VOICE-AGENT,Namilio Voice Agents,205691,0.562,319,982,99.9897,false,
2025-12-24,MSG-API,Namilio Messaging API,3644064,0.077,138,497,99.9808,false,
2025-12-24,COPILOT-API,Namilio Copilot API,1255355,0.052,699,1971,100.0143,false,
2025-12-24,VERIFY,Namilio Verify,392290,0.195,62,322,100.0038,false,
2025-12-24,STUDIO,Namilio Studio,378740,0.226,43,222,99.9877,false,
2025-12-24,CONNECT-ENT,Namilio Connect Enterprise,296520,0.381,84,190,100.0167,false,
2025-12-25,VOICE-AGENT,Namilio Voice Agents,246523,0.346,330,841,99.9736,false,
2025-12-25,MSG-API,Namilio Messaging API,5314155,0.084,99,171,99.9967,false,
2025-12-25,COPILOT-API,Namilio Copilot API,1245432,0.518,726,2238,99.9623,false,
2025-12-25,VERIFY,Namilio Verify,481052,0.219,90,552,99.9983,false,
2025-12-25,STUDIO,Namilio Studio,301269,0.386,44,207,99.9895,false,
2025-12-25,CONNECT-ENT,Namilio Connect Enterprise,434041,0.228,83,288,99.9755,false,
2025-12-26,VOICE-AGENT,Namilio Voice Agents,229687,0.198,347,987,99.9916,false,
2025-12-26,MSG-API,Namilio Messaging API,4555113,0.344,85,345,99.9802,false,
2025-12-26,COPILOT-API,Namilio Copilot API,1160808,0.345,722,2068,99.9743,false,
2025-12-26,VERIFY,Namilio Verify,442564,0.266,73,356,99.9939,false,
2025-12-26,STUDIO,Namilio Studio,585606,0.446,142,226,99.9723,false,
2025-12-26,CONNECT-ENT,Namilio Connect Enterprise,376203,0.496,95,423,99.9532,false,
2025-12-27,VOICE-AGENT,Namilio Voice Agents,225621,0.301,299,923,100.0509,false,
2025-12-27,MSG-API,Namilio Messaging API,3411632,0.226,99,278,99.9956,false,
2025-12-27,COPILOT-API,Namilio Copilot API,1218927,0.214,750,2247,99.9711,false,
2025-12-27,VERIFY,Namilio Verify,363666,0.182,71,369,100.0077,false,
2025-12-27,STUDIO,Namilio Studio,541508,0.221,52,267,99.9934,false,
2025-12-27,CONNECT-ENT,Namilio Connect Enterprise,615790,0.262,117,216,100.0111,false,
2025-12-28,VOICE-AGENT,Namilio Voice Agents,210585,0.332,318,873,100.0183,false,
2025-12-28,MSG-API,Namilio Messaging API,5507769,0.208,79,292,100.0212,false,
2025-12-28,COPILOT-API,Namilio Copilot API,619219,0.078,736,2099,99.9976,false,
2025-12-28,VERIFY,Namilio Verify,477134,0.215,83,187,99.9447,false,
2025-12-28,STUDIO,Namilio Studio,495999,0.255,78,557,99.9987,false,
2025-12-28,CONNECT-ENT,Namilio Connect Enterprise,348696,0.318,110,282,100.006,false,
2025-12-29,VOICE-AGENT,Namilio Voice Agents,214289,0.613,333,895,99.9881,false,
2025-12-29,MSG-API,Namilio Messaging API,4459693,0.303,57,404,100.0058,false,
2025-12-29,COPILOT-API,Namilio Copilot API,931458,0.054,725,2221,99.9772,false,
2025-12-29,VERIFY,Namilio Verify,462034,0.397,66,220,99.9655,false,
2025-12-29,STUDIO,Namilio Studio,363599,0.313,85,126,99.9848,false,
2025-12-29,CONNECT-ENT,Namilio Connect Enterprise,376893,0.378,69,195,99.9879,false,
2025-12-30,VOICE-AGENT,Namilio Voice Agents,196389,0.078,326,1004,99.9546,false,
2025-12-30,MSG-API,Namilio Messaging API,6866484,0.135,63,207,99.9932,false,
2025-12-30,COPILOT-API,Namilio Copilot API,513824,0.732,743,2066,100.0098,false,
2025-12-30,VERIFY,Namilio Verify,363082,0.325,75,426,99.9667,false,
2025-12-30,STUDIO,Namilio Studio,511369,0.381,106,240,99.9729,false,
2025-12-30,CONNECT-ENT,Namilio Connect Enterprise,384962,0.254,147,202,99.9886,false,
2025-12-31,VOICE-AGENT,Namilio Voice Agents,232432,0.348,303,826,99.9801,false,
2025-12-31,MSG-API,Namilio Messaging API,6499953,0.275,115,410,99.9823,false,
2025-12-31,COPILOT-API,Namilio Copilot API,756968,0.174,745,2131,99.9673,false,
2025-12-31,VERIFY,Namilio Verify,326718,0.154,117,349,100.0022,false,
2025-12-31,STUDIO,Namilio Studio,513933,0.47,94,278,99.9621,false,
2025-12-31,CONNECT-ENT,Namilio Connect Enterprise,442559,0.46,55,99,99.9805,false,
2026-01-01,VOICE-AGENT,Namilio Voice Agents,275602,0.318,346,685,99.9658,false,
2026-01-01,MSG-API,Namilio Messaging API,4738148,0.268,125,180,99.9946,false,
2026-01-01,COPILOT-API,Namilio Copilot API,1056784,0.372,737,2124,100.0286,false,
2026-01-01,VERIFY,Namilio Verify,495607,0.211,92,161,100.0245,false,
2026-01-01,STUDIO,Namilio Studio,564583,0.263,45,208,99.9822,false,
2026-01-01,CONNECT-ENT,Namilio Connect Enterprise,373818,0.144,115,422,99.984,false,
2026-01-02,VOICE-AGENT,Namilio Voice Agents,195670,0.01,337,1014,100.0198,false,
2026-01-02,MSG-API,Namilio Messaging API,5909988,0.323,95,301,99.9803,false,
2026-01-02,COPILOT-API,Namilio Copilot API,704634,0.395,736,2344,99.9907,false,
2026-01-02,VERIFY,Namilio Verify,438770,0.03,106,264,99.9834,false,
2026-01-02,STUDIO,Namilio Studio,333014,0.481,102,388,99.9797,false,
2026-01-02,CONNECT-ENT,Namilio Connect Enterprise,303745,0.542,87,261,99.9774,false,
2026-01-03,VOICE-AGENT,Namilio Voice Agents,264422,0.105,399,923,99.9946,false,
2026-01-03,MSG-API,Namilio Messaging API,5677796,0.3,98,60,99.9982,false,
2026-01-03,COPILOT-API,Namilio Copilot API,748985,0.199,755,2041,99.9533,false,
2026-01-03,VERIFY,Namilio Verify,528074,0.163,134,364,99.98,false,
2026-01-03,STUDIO,Namilio Studio,423228,0.348,98,83,99.9708,false,
2026-01-03,CONNECT-ENT,Namilio Connect Enterprise,396745,0.343,92,395,99.9716,false,
2026-01-04,VOICE-AGENT,Namilio Voice Agents,180862,0.424,293,939,99.9837,false,
2026-01-04,MSG-API,Namilio Messaging API,5874366,0.219,156,192,99.9855,false,
2026-01-04,COPILOT-API,Namilio Copilot API,824764,0.363,660,2073,99.9823,false,
2026-01-04,VERIFY,Namilio Verify,565546,0.062,90,455,99.9753,false,
2026-01-04,STUDIO,Namilio Studio,428307,0.435,113,202,99.987,false,
2026-01-04,CONNECT-ENT,Namilio Connect Enterprise,305172,0.452,106,327,99.9673,false,
2026-01-05,VOICE-AGENT,Namilio Voice Agents,229070,0.074,280,919,99.9823,false,
2026-01-05,MSG-API,Namilio Messaging API,4150293,0.188,88,148,99.9896,false,
2026-01-05,COPILOT-API,Namilio Copilot API,848984,0.133,733,2195,100.0053,false,
2026-01-05,VERIFY,Namilio Verify,410231,4.752,115,147,98.7518,true,SEV3
2026-01-05,STUDIO,Namilio Studio,470235,0.289,70,403,100.0162,false,
2026-01-05,CONNECT-ENT,Namilio Connect Enterprise,458850,0.259,90,379,99.9657,false,
2026-01-06,VOICE-AGENT,Namilio Voice Agents,251179,0.154,297,974,99.965,false,
2026-01-06,MSG-API,Namilio Messaging API,5214810,0.484,102,201,99.939,false,
2026-01-06,COPILOT-API,Namilio Copilot API,679662,0.103,658,2054,100.0009,false,
2026-01-06,VERIFY,Namilio Verify,493382,0.318,105,168,99.9835,false,
2026-01-06,STUDIO,Namilio Studio,512444,0.14,68,266,99.9915,false,
2026-01-06,CONNECT-ENT,Namilio Connect Enterprise,411980,0.514,68,283,99.985,false,
2026-01-07,VOICE-AGENT,Namilio Voice Agents,324476,0.293,257,756,99.971,false,
2026-01-07,MSG-API,Namilio Messaging API,4880444,0.205,128,173,99.9996,false,
2026-01-07,COPILOT-API,Namilio Copilot API,1335203,0.267,751,2293,99.9662,false,
2026-01-07,VERIFY,Namilio Verify,424907,0.47,51,162,100.001,false,
2026-01-07,STUDIO,Namilio Studio,372163,0.035,111,293,99.9896,false,
2026-01-07,CONNECT-ENT,Namilio Connect Enterprise,343725,0.541,103,350,99.9816,false,
2026-01-08,VOICE-AGENT,Namilio Voice Agents,324657,0.27,334,743,99.9846,false,
2026-01-08,MSG-API,Namilio Messaging API,6532327,0.01,158,393,99.9935,false,
2026-01-08,COPILOT-API,Namilio Copilot API,1038405,0.069,662,2245,99.943,false,
2026-01-08,VERIFY,Namilio Verify,338969,0.36,131,267,99.9334,false,
2026-01-08,STUDIO,Namilio Studio,408580,0.255,71,211,99.9892,false,
2026-01-08,CONNECT-ENT,Namilio Connect Enterprise,443007,0.345,67,219,99.9726,false,
2026-01-09,VOICE-AGENT,Namilio Voice Agents,162595,0.385,371,529,99.9417,false,
2026-01-09,MSG-API,Namilio Messaging API,6104809,0.403,76,109,100.0029,false,
2026-01-09,COPILOT-API,Namilio Copilot API,883394,0.379,764,2041,100.0047,false,
2026-01-09,VERIFY,Namilio Verify,517265,0.317,89,124,99.9742,false,
2026-01-09,STUDIO,Namilio Studio,433340,0.183,64,286,99.9764,false,
2026-01-09,CONNECT-ENT,Namilio Connect Enterprise,397188,0.25,102,382,99.9807,false,
2026-01-10,VOICE-AGENT,Namilio Voice Agents,234768,0.376,277,939,99.9919,false,
2026-01-10,MSG-API,Namilio Messaging API,6499053,0.293,89,305,99.9634,false,
2026-01-10,COPILOT-API,Namilio Copilot API,1097326,0.01,722,2100,99.9741,false,
2026-01-10,VERIFY,Namilio Verify,454156,0.462,73,146,99.9835,false,
2026-01-10,STUDIO,Namilio Studio,374650,0.421,95,60,100.0267,false,
2026-01-10,CONNECT-ENT,Namilio Connect Enterprise,468821,0.229,113,415,100.0421,false,
2026-01-11,VOICE-AGENT,Namilio Voice Agents,279555,0.494,301,893,99.974,false,
2026-01-11,MSG-API,Namilio Messaging API,4166803,0.01,112,249,99.9949,false,
2026-01-11,COPILOT-API,Namilio Copilot API,749013,0.316,784,1995,99.9985,false,
2026-01-11,VERIFY,Namilio Verify,433259,0.288,86,269,99.9668,false,
2026-01-11,STUDIO,Namilio Studio,533729,0.296,119,419,99.9657,false,
2026-01-11,CONNECT-ENT,Namilio Connect Enterprise,439282,0.409,117,139,99.9789,false,
2026-01-12,VOICE-AGENT,Namilio Voice Agents,232861,0.291,276,714,99.9786,false,
2026-01-12,MSG-API,Namilio Messaging API,3655567,0.175,69,163,100.0094,false,
2026-01-12,COPILOT-API,Namilio Copilot API,996928,0.514,715,2109,100.0038,false,
2026-01-12,VERIFY,Namilio Verify,393578,0.289,82,429,100.0017,false,
2026-01-12,STUDIO,Namilio Studio,469337,0.384,25,153,99.9739,false,
2026-01-12,CONNECT-ENT,Namilio Connect Enterprise,448928,0.484,107,243,99.9864,false,
2026-01-13,VOICE-AGENT,Namilio Voice Agents,206582,0.313,273,983,99.9823,false,
2026-01-13,MSG-API,Namilio Messaging API,5313134,0.332,80,307,100.0175,false,
2026-01-13,COPILOT-API,Namilio Copilot API,749594,0.37,703,2103,99.9336,false,
2026-01-13,VERIFY,Namilio Verify,441384,0.241,139,257,99.9699,false,
2026-01-13,STUDIO,Namilio Studio,401918,0.264,131,319,99.9918,false,
2026-01-13,CONNECT-ENT,Namilio Connect Enterprise,442052,0.463,119,126,99.973,false,
2026-01-14,VOICE-AGENT,Namilio Voice Agents,299685,0.432,331,802,99.9628,false,
2026-01-14,MSG-API,Namilio Messaging API,6292526,0.221,70,102,99.9954,false,
2026-01-14,COPILOT-API,Namilio Copilot API,1154017,7.18,716,2124,98.0812,true,SEV2
2026-01-14,VERIFY,Namilio Verify,384106,0.467,111,271,99.975,false,
2026-01-14,STUDIO,Namilio Studio,386885,0.28,95,322,99.9909,false,
2026-01-14,CONNECT-ENT,Namilio Connect Enterprise,545719,0.24,110,214,99.9974,false,
2026-01-15,VOICE-AGENT,Namilio Voice Agents,285858,0.341,280,999,99.9596,false,
2026-01-15,MSG-API,Namilio Messaging API,7251120,0.323,81,310,99.9918,false,
2026-01-15,COPILOT-API,Namilio Copilot API,1078665,0.088,774,2223,99.9901,false,
2026-01-15,VERIFY,Namilio Verify,355735,0.475,97,287,100.0012,false,
2026-01-15,STUDIO,Namilio Studio,309517,0.181,98,275,99.9798,false,
2026-01-15,CONNECT-ENT,Namilio Connect Enterprise,431623,0.409,39,276,99.9506,false,
2026-01-16,VOICE-AGENT,Namilio Voice Agents,270344,0.395,298,895,100.0116,false,
2026-01-16,MSG-API,Namilio Messaging API,5539051,0.453,140,273,99.9911,false,
2026-01-16,COPILOT-API,Namilio Copilot API,1066150,0.433,720,1904,99.9842,false,
2026-01-16,VERIFY,Namilio Verify,418054,0.235,143,148,99.957,false,
2026-01-16,STUDIO,Namilio Studio,440787,0.269,124,256,100.0004,false,
2026-01-16,CONNECT-ENT,Namilio Connect Enterprise,360895,0.493,41,60,99.9744,false,
2026-01-17,VOICE-AGENT,Namilio Voice Agents,167329,0.21,271,663,99.9778,false,
2026-01-17,MSG-API,Namilio Messaging API,5111504,0.097,66,121,99.9728,false,
2026-01-17,COPILOT-API,Namilio Copilot API,1002846,0.214,780,2027,99.9531,false,
2026-01-17,VERIFY,Namilio Verify,312707,0.153,113,162,100.0122,false,
2026-01-17,STUDIO,Namilio Studio,366143,0.253,101,168,99.9983,false,
2026-01-17,CONNECT-ENT,Namilio Connect Enterprise,385872,0.362,127,131,99.99,false,
2026-01-18,VOICE-AGENT,Namilio Voice Agents,220383,0.24,310,793,100.0144,false,
2026-01-18,MSG-API,Namilio Messaging API,3579311,0.233,117,304,100.0097,false,
2026-01-18,COPILOT-API,Namilio Copilot API,644782,0.155,724,1983,99.9903,false,
2026-01-18,VERIFY,Namilio Verify,384037,0.274,104,479,99.973,false,
2026-01-18,STUDIO,Namilio Studio,606616,0.354,89,178,99.994,false,
2026-01-18,CONNECT-ENT,Namilio Connect Enterprise,362327,0.36,57,296,99.9715,false,
2026-01-19,VOICE-AGENT,Namilio Voice Agents,209733,0.208,309,1045,100.0042,false,
2026-01-19,MSG-API,Namilio Messaging API,5076797,0.462,87,352,100.0186,false,
2026-01-19,COPILOT-API,Namilio Copilot API,956544,0.251,800,1950,99.9761,false,
2026-01-19,VERIFY,Namilio Verify,374177,0.505,85,202,99.997,false,
2026-01-19,STUDIO,Namilio Studio,313984,0.248,175,205,100.0001,false,
2026-01-19,CONNECT-ENT,Namilio Connect Enterprise,415310,0.395,114,248,99.9761,false,
2026-01-20,VOICE-AGENT,Namilio Voice Agents,178778,0.433,373,937,99.9785,false,
2026-01-20,MSG-API,Namilio Messaging API,4191418,0.241,139,251,100.004,false,
2026-01-20,COPILOT-API,Namilio Copilot API,999535,0.271,753,2070,99.9677,false,
2026-01-20,VERIFY,Namilio Verify,384103,0.381,95,219,99.9695,false,
2026-01-20,STUDIO,Namilio Studio,361252,0.025,126,120,99.9955,false,
2026-01-20,CONNECT-ENT,Namilio Connect Enterprise,318572,0.331,111,152,99.99,false,
2026-01-21,VOICE-AGENT,Namilio Voice Agents,215005,0.174,276,875,99.9239,false,
2026-01-21,MSG-API,Namilio Messaging API,5150387,0.331,111,151,99.9684,false,
2026-01-21,COPILOT-API,Namilio Copilot API,818025,0.457,740,2058,100.0035,false,
2026-01-21,VERIFY,Namilio Verify,457567,0.345,45,423,99.996,false,
2026-01-21,STUDIO,Namilio Studio,396232,0.22,122,396,99.9275,false,
2026-01-21,CONNECT-ENT,Namilio Connect Enterprise,518299,0.294,118,126,100.02,false,
2026-01-22,VOICE-AGENT,Namilio Voice Agents,256017,0.32,265,1089,99.9569,false,
2026-01-22,MSG-API,Namilio Messaging API,5320178,0.429,78,151,100.0074,false,
2026-01-22,COPILOT-API,Namilio Copilot API,598781,0.106,748,1937,99.9636,false,
2026-01-22,VERIFY,Namilio Verify,379930,0.506,99,117,99.9729,false,
2026-01-22,STUDIO,Namilio Studio,295783,0.286,136,377,99.9727,false,
2026-01-22,CONNECT-ENT,Namilio Connect Enterprise,435150,0.374,71,474,99.9852,false,
2026-01-23,VOICE-AGENT,Namilio Voice Agents,196958,0.32,285,811,100.0001,false,
2026-01-23,MSG-API,Namilio Messaging API,6351346,0.325,63,347,99.9533,false,
2026-01-23,COPILOT-API,Namilio Copilot API,966633,0.303,712,2179,100.0216,false,
2026-01-23,VERIFY,Namilio Verify,361385,0.24,113,142,99.9987,false,
2026-01-23,STUDIO,Namilio Studio,512244,0.231,56,60,99.987,false,
2026-01-23,CONNECT-ENT,Namilio Connect Enterprise,319165,0.233,65,148,99.9819,false,
2026-01-24,VOICE-AGENT,Namilio Voice Agents,268499,0.379,384,852,99.9914,false,
2026-01-24,MSG-API,Namilio Messaging API,3331232,0.509,92,249,100.018,false,
2026-01-24,COPILOT-API,Namilio Copilot API,982211,0.16,736,2265,99.9824,false,
2026-01-24,VERIFY,Namilio Verify,474197,0.24,103,153,100.0006,false,
2026-01-24,STUDIO,Namilio Studio,495935,0.034,113,268,99.9639,false,
2026-01-24,CONNECT-ENT,Namilio Connect Enterprise,389946,0.466,69,397,100.0094,false,
2026-01-25,VOICE-AGENT,Namilio Voice Agents,264684,0.569,319,993,99.9884,false,
2026-01-25,MSG-API,Namilio Messaging API,4999130,0.554,101,302,100.0213,false,
2026-01-25,COPILOT-API,Namilio Copilot API,979049,0.261,735,2206,99.9955,false,
2026-01-25,VERIFY,Namilio Verify,315817,0.14,63,420,99.9525,false,
2026-01-25,STUDIO,Namilio Studio,468616,0.633,79,294,99.9908,false,
2026-01-25,CONNECT-ENT,Namilio Connect Enterprise,415870,0.468,154,440,99.992,false,
2026-01-26,VOICE-AGENT,Namilio Voice Agents,311280,0.444,328,877,100.0135,false,
2026-01-26,MSG-API,Namilio Messaging API,4515156,0.364,112,60,99.9792,false,
2026-01-26,COPILOT-API,Namilio Copilot API,1009972,0.329,718,2305,99.966,false,
2026-01-26,VERIFY,Namilio Verify,326510,0.262,100,227,100.0027,false,
2026-01-26,STUDIO,Namilio Studio,146428,0.426,56,163,99.9674,false,
2026-01-26,CONNECT-ENT,Namilio Connect Enterprise,362901,0.271,91,435,100.0042,false,
2026-01-27,VOICE-AGENT,Namilio Voice Agents,264866,0.398,344,927,99.9876,false,
2026-01-27,MSG-API,Namilio Messaging API,4349545,0.222,80,213,99.9987,false,
2026-01-27,COPILOT-API,Namilio Copilot API,1210432,0.328,758,2174,100.024,false,
2026-01-27,VERIFY,Namilio Verify,395270,0.195,89,300,99.9754,false,
2026-01-27,STUDIO,Namilio Studio,440990,0.209,85,321,100.0178,false,
2026-01-27,CONNECT-ENT,Namilio Connect Enterprise,553753,0.12,86,397,99.9701,false,
2026-01-28,VOICE-AGENT,Namilio Voice Agents,242700,0.102,297,914,100.0118,false,
2026-01-28,MSG-API,Namilio Messaging API,5145770,0.23,112,91,100.0006,false,
2026-01-28,COPILOT-API,Namilio Copilot API,928416,0.288,740,2111,100.008,false,
2026-01-28,VERIFY,Namilio Verify,379665,0.037,64,366,99.987,false,
2026-01-28,STUDIO,Namilio Studio,301936,0.28,81,365,99.9676,false,
2026-01-28,CONNECT-ENT,Namilio Connect Enterprise,411227,0.114,83,277,99.9789,false,
2026-01-29,VOICE-AGENT,Namilio Voice Agents,247456,0.43,307,595,100.0029,false,
2026-01-29,MSG-API,Namilio Messaging API,4021198,0.056,110,157,100.0102,false,
2026-01-29,COPILOT-API,Namilio Copilot API,1101446,0.363,704,2055,100.0193,false,
2026-01-29,VERIFY,Namilio Verify,381576,0.319,75,394,99.9919,false,
2026-01-29,STUDIO,Namilio Studio,442768,0.245,77,138,99.9857,false,
2026-01-29,CONNECT-ENT,Namilio Connect Enterprise,454811,0.394,117,177,99.9697,false,
2026-01-30,VOICE-AGENT,Namilio Voice Agents,216967,3.973,268,674,98.9713,true,SEV2
2026-01-30,MSG-API,Namilio Messaging API,5376238,0.342,64,254,99.9595,false,
2026-01-30,COPILOT-API,Namilio Copilot API,937921,0.296,726,2299,100.0249,false,
2026-01-30,VERIFY,Namilio Verify,372058,0.275,81,308,100.0054,false,
2026-01-30,STUDIO,Namilio Studio,497963,0.304,129,184,99.9613,false,
2026-01-30,CONNECT-ENT,Namilio Connect Enterprise,395110,0.141,89,258,99.9467,false,
2026-01-31,VOICE-AGENT,Namilio Voice Agents,198866,0.292,213,727,100.0132,false,
2026-01-31,MSG-API,Namilio Messaging API,4509440,0.256,100,208,99.992,false,
2026-01-31,COPILOT-API,Namilio Copilot API,1000604,5.758,732,1943,99.7392,true,SEV3
2026-01-31,VERIFY,Namilio Verify,341288,0.294,87,223,100.0031,false,
2026-01-31,STUDIO,Namilio Studio,461602,0.429,105,220,99.9655,false,
2026-01-31,CONNECT-ENT,Namilio Connect Enterprise,274514,0.442,126,302,100.0035,false,
2026-02-01,VOICE-AGENT,Namilio Voice Agents,208214,0.286,306,751,99.9667,false,
2026-02-01,MSG-API,Namilio Messaging API,4326884,0.209,118,107,100.0086,false,
2026-02-01,COPILOT-API,Namilio Copilot API,772781,0.289,717,2328,99.9529,false,
2026-02-01,VERIFY,Namilio Verify,340858,0.064,41,317,99.945,false,
2026-02-01,STUDIO,Namilio Studio,542291,0.302,32,293,99.9875,false,
2026-02-01,CONNECT-ENT,Namilio Connect Enterprise,439572,0.314,81,188,99.975,false,
2026-02-02,VOICE-AGENT,Namilio Voice Agents,291837,0.381,280,733,99.9823,false,
2026-02-02,MSG-API,Namilio Messaging API,5955801,0.01,57,142,99.9955,false,
2026-02-02,COPILOT-API,Namilio Copilot API,1121276,0.451,683,1909,99.9824,false,
2026-02-02,VERIFY,Namilio Verify,274908,0.082,102,415,99.9801,false,
2026-02-02,STUDIO,Namilio Studio,381469,0.248,80,530,99.9573,false,
2026-02-02,CONNECT-ENT,Namilio Connect Enterprise,351615,0.01,79,387,99.988,false,
2026-02-03,VOICE-AGENT,Namilio Voice Agents,358252,0.21,289,930,99.9748,false,
2026-02-03,MSG-API,Namilio Messaging API,5410465,0.275,45,384,100.0284,false,
2026-02-03,COPILOT-API,Namilio Copilot API,1060748,0.287,747,2063,99.9875,false,
2026-02-03,VERIFY,Namilio Verify,468661,0.379,130,227,99.9747,false,
2026-02-03,STUDIO,Namilio Studio,245921,0.16,101,368,99.9792,false,
2026-02-03,CONNECT-ENT,Namilio Connect Enterprise,408452,0.316,103,108,99.9838,false,
2026-02-04,VOICE-AGENT,Namilio Voice Agents,208425,0.298,320,1050,100.0116,false,
2026-02-04,MSG-API,Namilio Messaging API,4853520,0.246,106,60,99.9812,false,
2026-02-04,COPILOT-API,Namilio Copilot API,766579,0.284,699,1993,100.0141,false,
2026-02-04,VERIFY,Namilio Verify,495043,0.258,156,219,99.9886,false,
2026-02-04,STUDIO,Namilio Studio,418842,0.316,58,60,99.9535,false,
2026-02-04,CONNECT-ENT,Namilio Connect Enterprise,395028,0.233,124,255,99.969,false,
2026-02-05,VOICE-AGENT,Namilio Voice Agents,237818,0.402,381,1064,100.0048,false,
2026-02-05,MSG-API,Namilio Messaging API,4547379,0.025,157,406,99.9825,false,
2026-02-05,COPILOT-API,Namilio Copilot API,940642,0.41,769,2097,99.9834,false,
2026-02-05,VERIFY,Namilio Verify,624218,0.232,159,333,99.9933,false,
2026-02-05,STUDIO,Namilio Studio,423881,0.518,70,351,99.9594,false,
2026-02-05,CONNECT-ENT,Namilio Connect Enterprise,516146,0.091,128,251,100.0084,false,
2026-02-06,VOICE-AGENT,Namilio Voice Agents,206338,0.423,264,963,99.9357,false,
2026-02-06,MSG-API,Namilio Messaging API,6755982,0.35,52,255,99.9936,false,
2026-02-06,COPILOT-API,Namilio Copilot API,922994,0.255,742,2124,99.9747,false,
2026-02-06,VERIFY,Namilio Verify,325169,0.24,98,416,99.9814,false,
2026-02-06,STUDIO,Namilio Studio,348155,0.098,94,401,99.9892,false,
2026-02-06,CONNECT-ENT,Namilio Connect Enterprise,568052,0.249,99,240,99.9745,false,
2026-02-07,VOICE-AGENT,Namilio Voice Agents,206935,0.274,312,863,99.977,false,
2026-02-07,MSG-API,Namilio Messaging API,5524568,0.41,99,396,99.9827,false,
2026-02-07,COPILOT-API,Namilio Copilot API,869387,0.225,675,2199,99.9645,false,
2026-02-07,VERIFY,Namilio Verify,405300,0.318,98,325,100.0203,false,
2026-02-07,STUDIO,Namilio Studio,299759,0.098,90,188,99.9906,false,
2026-02-07,CONNECT-ENT,Namilio Connect Enterprise,509523,0.36,84,474,100.0158,false,
2026-02-08,VOICE-AGENT,Namilio Voice Agents,223743,0.513,308,1024,99.9882,false,
2026-02-08,MSG-API,Namilio Messaging API,4770935,0.367,113,536,100.0083,false,
2026-02-08,COPILOT-API,Namilio Copilot API,581733,0.28,770,2040,99.9818,false,
2026-02-08,VERIFY,Namilio Verify,385234,0.215,123,154,99.9659,false,
2026-02-08,STUDIO,Namilio Studio,424509,0.36,150,262,99.9922,false,
2026-02-08,CONNECT-ENT,Namilio Connect Enterprise,340383,0.033,123,198,99.9887,false,
2026-02-09,VOICE-AGENT,Namilio Voice Agents,245777,0.454,291,870,99.9757,false,
2026-02-09,MSG-API,Namilio Messaging API,5332360,0.359,102,102,100.009,false,
2026-02-09,COPILOT-API,Namilio Copilot API,1013655,0.404,776,2066,99.9737,false,
2026-02-09,VERIFY,Namilio Verify,341480,0.328,64,60,99.9803,false,
2026-02-09,STUDIO,Namilio Studio,354052,0.569,45,442,99.9549,false,
2026-02-09,CONNECT-ENT,Namilio Connect Enterprise,368631,0.58,147,216,99.9624,false,
2026-02-10,VOICE-AGENT,Namilio Voice Agents,286962,0.341,277,674,99.9942,false,
2026-02-10,MSG-API,Namilio Messaging API,2602490,0.246,108,422,99.9795,false,
2026-02-10,COPILOT-API,Namilio Copilot API,888269,0.248,772,2061,99.9909,false,
2026-02-10,VERIFY,Namilio Verify,377691,0.28,143,404,99.9682,false,
2026-02-10,STUDIO,Namilio Studio,459041,0.05,144,149,99.9833,false,
2026-02-10,CONNECT-ENT,Namilio Connect Enterprise,482822,0.18,97,226,99.9704,false,
2026-02-11,VOICE-AGENT,Namilio Voice Agents,323847,0.364,356,790,99.9556,false,
2026-02-11,MSG-API,Namilio Messaging API,6303843,0.258,83,618,99.9933,false,
2026-02-11,COPILOT-API,Namilio Copilot API,986981,0.268,669,2178,99.9942,false,
2026-02-11,VERIFY,Namilio Verify,402403,0.521,126,144,99.9639,false,
2026-02-11,STUDIO,Namilio Studio,404224,0.061,105,394,99.9417,false,
2026-02-11,CONNECT-ENT,Namilio Connect Enterprise,409039,0.33,120,228,99.9848,false,
2026-02-12,VOICE-AGENT,Namilio Voice Agents,216582,0.237,344,1058,100.0069,false,
2026-02-12,MSG-API,Namilio Messaging API,4571507,0.386,88,315,99.9452,false,
2026-02-12,COPILOT-API,Namilio Copilot API,1224971,0.275,772,2132,99.9725,false,
2026-02-12,VERIFY,Namilio Verify,346291,0.324,122,223,100.0046,false,
2026-02-12,STUDIO,Namilio Studio,284145,0.411,101,282,99.9909,false,
2026-02-12,CONNECT-ENT,Namilio Connect Enterprise,310173,0.154,88,264,99.9568,false,
2026-02-13,VOICE-AGENT,Namilio Voice Agents,227238,0.305,332,638,99.9941,false,
2026-02-13,MSG-API,Namilio Messaging API,4656823,0.143,87,321,99.9665,false,
2026-02-13,COPILOT-API,Namilio Copilot API,775900,0.349,774,1911,100.0077,false,
2026-02-13,VERIFY,Namilio Verify,491140,0.429,54,193,99.9746,false,
2026-02-13,STUDIO,Namilio Studio,494281,0.271,135,275,99.9855,false,
2026-02-13,CONNECT-ENT,Namilio Connect Enterprise,445647,0.18,81,219,100.0097,false,
2026-02-14,VOICE-AGENT,Namilio Voice Agents,266788,0.236,312,744,100.021,false,
2026-02-14,MSG-API,Namilio Messaging API,4149514,0.425,101,488,99.9768,false,
2026-02-14,COPILOT-API,Namilio Copilot API,1015386,0.486,745,2028,100.0236,false,
2026-02-14,VERIFY,Namilio Verify,508577,0.142,74,222,99.9621,false,
2026-02-14,STUDIO,Namilio Studio,494610,0.332,50,413,99.9976,false,
2026-02-14,CONNECT-ENT,Namilio Connect Enterprise,402821,0.055,64,289,99.9889,false,
2026-02-15,VOICE-AGENT,Namilio Voice Agents,228718,0.363,304,738,100.0288,false,
2026-02-15,MSG-API,Namilio Messaging API,3875880,0.411,87,127,99.9916,false,
2026-02-15,COPILOT-API,Namilio Copilot API,1019155,0.066,708,1982,99.9482,false,
2026-02-15,VERIFY,Namilio Verify,386730,0.437,110,243,100.0029,false,
2026-02-15,STUDIO,Namilio Studio,351845,0.336,121,314,99.9854,false,
2026-02-15,CONNECT-ENT,Namilio Connect Enterprise,460462,0.227,87,228,100.0054,false,
2026-02-16,VOICE-AGENT,Namilio Voice Agents,186054,0.25,317,773,99.9518,false,
2026-02-16,MSG-API,Namilio Messaging API,4071336,0.487,189,394,99.9807,false,
2026-02-16,COPILOT-API,Namilio Copilot API,920775,0.341,716,2080,100.0095,false,
2026-02-16,VERIFY,Namilio Verify,488989,0.201,121,78,99.9853,false,
2026-02-16,STUDIO,Namilio Studio,366049,0.435,78,281,99.9716,false,
2026-02-16,CONNECT-ENT,Namilio Connect Enterprise,436725,0.407,54,420,99.9515,false,
2026-02-17,VOICE-AGENT,Namilio Voice Agents,237918,0.174,317,975,100.0047,false,
2026-02-17,MSG-API,Namilio Messaging API,4633965,0.293,57,356,99.9798,false,
2026-02-17,COPILOT-API,Namilio Copilot API,1045440,0.419,770,1940,100.0158,false,
2026-02-17,VERIFY,Namilio Verify,354871,0.294,68,434,99.9748,false,
2026-02-17,STUDIO,Namilio Studio,350734,0.299,100,356,99.9701,false,
2026-02-17,CONNECT-ENT,Namilio Connect Enterprise,427550,0.158,53,199,99.9931,false,
2026-02-18,VOICE-AGENT,Namilio Voice Agents,242304,0.127,297,871,100.0247,false,
2026-02-18,MSG-API,Namilio Messaging API,3369494,0.314,124,263,99.9707,false,
2026-02-18,COPILOT-API,Namilio Copilot API,663435,0.046,706,2090,99.9719,false,
2026-02-18,VERIFY,Namilio Verify,366963,0.327,97,452,99.9692,false,
2026-02-18,STUDIO,Namilio Studio,503610,0.406,118,289,99.9776,false,
2026-02-18,CONNECT-ENT,Namilio Connect Enterprise,261251,0.267,84,324,99.9808,false,
2026-02-19,VOICE-AGENT,Namilio Voice Agents,233384,0.207,327,946,99.9676,false,
2026-02-19,MSG-API,Namilio Messaging API,5798932,0.01,98,250,99.9909,false,
2026-02-19,COPILOT-API,Namilio Copilot API,1017045,0.395,735,2324,99.9691,false,
2026-02-19,VERIFY,Namilio Verify,405000,0.417,60,290,99.9898,false,
2026-02-19,STUDIO,Namilio Studio,333267,0.285,136,348,99.997,false,
2026-02-19,CONNECT-ENT,Namilio Connect Enterprise,404557,0.011,48,272,99.9803,false,
2026-02-20,VOICE-AGENT,Namilio Voice Agents,309802,0.229,299,1029,99.9607,false,
2026-02-20,MSG-API,Namilio Messaging API,5658176,0.393,123,211,100.0015,false,
2026-02-20,COPILOT-API,Namilio Copilot API,916673,0.281,787,2198,100.0051,false,
2026-02-20,VERIFY,Namilio Verify,473479,0.231,55,324,100.0017,false,
2026-02-20,STUDIO,Namilio Studio,308206,0.187,119,60,99.9697,false,
2026-02-20,CONNECT-ENT,Namilio Connect Enterprise,524018,0.132,103,243,99.9836,false,
2026-02-21,VOICE-AGENT,Namilio Voice Agents,159131,0.36,297,891,100.0011,false,
2026-02-21,MSG-API,Namilio Messaging API,4011866,0.322,89,60,99.9777,false,
2026-02-21,COPILOT-API,Namilio Copilot API,942004,0.203,785,2217,99.9569,false,
2026-02-21,VERIFY,Namilio Verify,484355,0.249,116,267,99.9709,false,
2026-02-21,STUDIO,Namilio Studio,523497,3.398,63,60,99.5846,true,SEV3
2026-02-21,CONNECT-ENT,Namilio Connect Enterprise,444434,0.064,69,282,99.9904,false,
2026-02-22,VOICE-AGENT,Namilio Voice Agents,260919,0.161,280,774,99.9485,false,
2026-02-22,MSG-API,Namilio Messaging API,5850706,0.334,121,359,100.0086,false,
2026-02-22,COPILOT-API,Namilio Copilot API,639118,0.492,771,2041,100.0053,false,
2026-02-22,VERIFY,Namilio Verify,489123,0.432,124,462,99.9645,false,
2026-02-22,STUDIO,Namilio Studio,465888,3.558,101,60,98.6815,true,SEV2
2026-02-22,CONNECT-ENT,Namilio Connect Enterprise,334870,0.183,113,231,99.9942,false,
2026-02-23,VOICE-AGENT,Namilio Voice Agents,320168,0.213,311,945,99.9925,false,
2026-02-23,MSG-API,Namilio Messaging API,4925909,0.32,51,162,99.9908,false,
2026-02-23,COPILOT-API,Namilio Copilot API,1060056,0.405,759,2153,100.0008,false,
2026-02-23,VERIFY,Namilio Verify,373574,0.421,89,283,99.9602,false,
2026-02-23,STUDIO,Namilio Studio,371272,0.466,141,211,99.9838,false,
2026-02-23,CONNECT-ENT,Namilio Connect Enterprise,491843,0.127,63,408,99.9997,false,
2026-02-24,VOICE-AGENT,Namilio Voice Agents,238003,0.336,291,907,100.0125,false,
2026-02-24,MSG-API,Namilio Messaging API,4196550,0.105,69,60,100.0016,false,
2026-02-24,COPILOT-API,Namilio Copilot API,891415,0.496,731,2288,99.9966,false,
2026-02-24,VERIFY,Namilio Verify,354618,0.403,108,277,99.9856,false,
2026-02-24,STUDIO,Namilio Studio,242839,0.398,80,399,100.0063,false,
2026-02-24,CONNECT-ENT,Namilio Connect Enterprise,423700,0.143,96,60,100.0016,false,
2026-02-25,VOICE-AGENT,Namilio Voice Agents,241973,0.343,294,753,100.0067,false,
2026-02-25,MSG-API,Namilio Messaging API,5170550,0.506,71,343,99.9918,false,
2026-02-25,COPILOT-API,Namilio Copilot API,960942,0.138,685,2198,99.9916,false,
2026-02-25,VERIFY,Namilio Verify,574280,0.493,45,92,99.9749,false,
2026-02-25,STUDIO,Namilio Studio,504137,0.403,68,233,99.9803,false,
2026-02-25,CONNECT-ENT,Namilio Connect Enterprise,423290,0.254,135,308,100.009,false,
2026-02-26,VOICE-AGENT,Namilio Voice Agents,240734,0.192,328,914,99.9782,false,
2026-02-26,MSG-API,Namilio Messaging API,5246404,0.212,70,254,100.0325,false,
2026-02-26,COPILOT-API,Namilio Copilot API,915179,0.454,725,2185,100.0175,false,
2026-02-26,VERIFY,Namilio Verify,399319,0.316,115,374,100.0069,false,
2026-02-26,STUDIO,Namilio Studio,537970,0.083,52,135,99.9987,false,
2026-02-26,CONNECT-ENT,Namilio Connect Enterprise,347805,0.179,134,418,99.9607,false,
2026-02-27,VOICE-AGENT,Namilio Voice Agents,200551,0.182,299,835,100.007,false,
2026-02-27,MSG-API,Namilio Messaging API,4583727,0.167,155,347,99.9682,false,
2026-02-27,COPILOT-API,Namilio Copilot API,791665,0.211,767,2244,99.9586,false,
2026-02-27,VERIFY,Namilio Verify,432650,0.334,92,186,100.0065,false,
2026-02-27,STUDIO,Namilio Studio,419587,0.195,77,294,99.9652,false,
2026-02-27,CONNECT-ENT,Namilio Connect Enterprise,454591,0.442,83,290,99.9794,false,
2026-02-28,VOICE-AGENT,Namilio Voice Agents,276182,0.5,304,886,99.9996,false,
2026-02-28,MSG-API,Namilio Messaging API,6316154,0.333,83,301,99.9881,false,
2026-02-28,COPILOT-API,Namilio Copilot API,774058,0.138,710,2145,99.9741,false,
2026-02-28,VERIFY,Namilio Verify,396646,0.344,109,240,99.9947,false,
2026-02-28,STUDIO,Namilio Studio,389642,0.367,71,60,99.9996,false,
2026-02-28,CONNECT-ENT,Namilio Connect Enterprise,308529,0.282,109,466,99.9773,false,
2026-03-01,VOICE-AGENT,Namilio Voice Agents,305437,0.055,351,1088,100.0175,false,
2026-03-01,MSG-API,Namilio Messaging API,5139886,0.085,44,465,100.0081,false,
2026-03-01,COPILOT-API,Namilio Copilot API,917654,0.132,713,2140,100.0356,false,
2026-03-01,VERIFY,Namilio Verify,294569,0.069,87,395,100.0248,false,
2026-03-01,STUDIO,Namilio Studio,354766,0.456,47,227,99.981,false,
2026-03-01,CONNECT-ENT,Namilio Connect Enterprise,442917,0.377,54,73,99.9731,false,
2026-03-02,VOICE-AGENT,Namilio Voice Agents,210155,0.188,354,572,99.9878,false,
2026-03-02,MSG-API,Namilio Messaging API,4924329,0.253,140,292,99.9646,false,
2026-03-02,COPILOT-API,Namilio Copilot API,874174,0.323,779,2113,99.9727,false,
2026-03-02,VERIFY,Namilio Verify,444720,0.336,98,262,100.0239,false,
2026-03-02,STUDIO,Namilio Studio,386885,0.439,121,197,100.0003,false,
2026-03-02,CONNECT-ENT,Namilio Connect Enterprise,371909,0.213,66,377,99.9838,false,
2026-03-03,VOICE-AGENT,Namilio Voice Agents,283363,0.398,324,1024,99.9787,false,
2026-03-03,MSG-API,Namilio Messaging API,4680244,0.476,88,106,100.0069,false,
2026-03-03,COPILOT-API,Namilio Copilot API,1056867,0.372,749,2271,100.0039,false,
2026-03-03,VERIFY,Namilio Verify,447296,0.383,90,127,99.9719,false,
2026-03-03,STUDIO,Namilio Studio,454597,0.299,98,64,99.9724,false,
2026-03-03,CONNECT-ENT,Namilio Connect Enterprise,460742,0.251,71,455,99.9864,false,
2026-03-04,VOICE-AGENT,Namilio Voice Agents,294139,0.428,332,878,99.9831,false,
2026-03-04,MSG-API,Namilio Messaging API,5603282,0.288,41,112,99.9745,false,
2026-03-04,COPILOT-API,Namilio Copilot API,907963,0.536,764,2234,99.9671,false,
2026-03-04,VERIFY,Namilio Verify,420267,0.272,113,441,99.9961,false,
2026-03-04,STUDIO,Namilio Studio,272900,0.01,76,410,99.9912,false,
2026-03-04,CONNECT-ENT,Namilio Connect Enterprise,525231,0.323,96,132,100.0068,false,
2026-03-05,VOICE-AGENT,Namilio Voice Agents,210505,0.231,294,870,99.9688,false,
2026-03-05,MSG-API,Namilio Messaging API,4964529,0.168,92,203,99.9837,false,
2026-03-05,COPILOT-API,Namilio Copilot API,1193154,0.209,759,2116,99.9765,false,
2026-03-05,VERIFY,Namilio Verify,504683,0.143,40,180,99.9769,false,
2026-03-05,STUDIO,Namilio Studio,591396,0.322,92,184,99.955,false,
2026-03-05,CONNECT-ENT,Namilio Connect Enterprise,499323,0.136,82,399,99.9619,false,
2026-03-06,VOICE-AGENT,Namilio Voice Agents,257458,0.089,334,781,99.955,false,
2026-03-06,MSG-API,Namilio Messaging API,5274227,0.14,93,324,99.9993,false,
2026-03-06,COPILOT-API,Namilio Copilot API,878722,0.238,727,2171,99.9556,false,
2026-03-06,VERIFY,Namilio Verify,608101,0.343,107,385,99.9885,false,
2026-03-06,STUDIO,Namilio Studio,456233,0.385,83,210,99.9716,false,
2026-03-06,CONNECT-ENT,Namilio Connect Enterprise,393225,0.422,98,237,99.9692,false,
2026-03-07,VOICE-AGENT,Namilio Voice Agents,237126,0.193,318,995,99.9994,false,
2026-03-07,MSG-API,Namilio Messaging API,4449760,0.22,141,227,100.001,false,
2026-03-07,COPILOT-API,Namilio Copilot API,871714,0.407,757,2361,99.9908,false,
2026-03-07,VERIFY,Namilio Verify,407198,0.463,67,191,99.955,false,
2026-03-07,STUDIO,Namilio Studio,434112,0.241,50,60,99.979,false,
2026-03-07,CONNECT-ENT,Namilio Connect Enterprise,357716,0.36,109,382,100.0015,false,
2026-03-08,VOICE-AGENT,Namilio Voice Agents,289537,0.332,354,1170,99.9719,false,
2026-03-08,MSG-API,Namilio Messaging API,4333667,0.158,79,512,99.9601,false,
2026-03-08,COPILOT-API,Namilio Copilot API,873191,0.205,714,2009,99.9879,false,
2026-03-08,VERIFY,Namilio Verify,441128,0.334,78,60,100.0133,false,
2026-03-08,STUDIO,Namilio Studio,374572,0.12,85,315,99.9964,false,
2026-03-08,CONNECT-ENT,Namilio Connect Enterprise,430566,0.249,56,454,99.9631,false,
2026-03-09,VOICE-AGENT,Namilio Voice Agents,179344,0.664,325,858,99.9509,false,
2026-03-09,MSG-API,Namilio Messaging API,5990952,0.585,114,413,99.9953,false,
2026-03-09,COPILOT-API,Namilio Copilot API,1036685,0.375,739,2117,99.9976,false,
2026-03-09,VERIFY,Namilio Verify,389177,0.305,108,408,100.0025,false,
2026-03-09,STUDIO,Namilio Studio,367948,0.225,81,214,99.994,false,
2026-03-09,CONNECT-ENT,Namilio Connect Enterprise,464017,0.071,110,381,99.9952,false,
2026-03-10,VOICE-AGENT,Namilio Voice Agents,266413,0.306,338,627,99.9751,false,
2026-03-10,MSG-API,Namilio Messaging API,2874540,0.01,80,162,100.053,false,
2026-03-10,COPILOT-API,Namilio Copilot API,669415,0.475,751,2168,100.0004,false,
2026-03-10,VERIFY,Namilio Verify,400416,0.211,122,363,99.9679,false,
2026-03-10,STUDIO,Namilio Studio,541458,0.188,84,195,100.0023,false,
2026-03-10,CONNECT-ENT,Namilio Connect Enterprise,420996,0.341,99,428,99.9778,false,
2026-03-11,VOICE-AGENT,Namilio Voice Agents,205442,0.486,315,870,99.953,false,
2026-03-11,MSG-API,Namilio Messaging API,5469984,0.338,98,386,99.9523,false,
2026-03-11,COPILOT-API,Namilio Copilot API,903615,0.303,730,2135,99.9465,false,
2026-03-11,VERIFY,Namilio Verify,455421,0.254,57,204,100.0104,false,
2026-03-11,STUDIO,Namilio Studio,336498,0.425,110,355,100.0012,false,
2026-03-11,CONNECT-ENT,Namilio Connect Enterprise,454555,0.372,113,250,100.0122,false,
2026-03-12,VOICE-AGENT,Namilio Voice Agents,292602,0.273,301,940,99.9917,false,
2026-03-12,MSG-API,Namilio Messaging API,4918309,0.202,101,507,100.0247,false,
2026-03-12,COPILOT-API,Namilio Copilot API,682045,0.303,741,2036,100.0195,false,
2026-03-12,VERIFY,Namilio Verify,380634,0.43,168,356,99.9978,false,
2026-03-12,STUDIO,Namilio Studio,552582,0.44,80,237,99.9827,false,
2026-03-12,CONNECT-ENT,Namilio Connect Enterprise,394701,0.303,108,331,99.9705,false,
2026-03-13,VOICE-AGENT,Namilio Voice Agents,284970,0.06,234,1171,100.0029,false,
2026-03-13,MSG-API,Namilio Messaging API,6421655,0.321,81,219,99.9677,false,
2026-03-13,COPILOT-API,Namilio Copilot API,942618,0.164,803,1918,99.9567,false,
2026-03-13,VERIFY,Namilio Verify,423694,0.144,106,270,99.9992,false,
2026-03-13,STUDIO,Namilio Studio,381693,0.382,76,205,99.9686,false,
2026-03-13,CONNECT-ENT,Namilio Connect Enterprise,351334,0.018,54,171,100.0055,false,
2026-03-14,VOICE-AGENT,Namilio Voice Agents,258164,0.284,277,808,99.9922,false,
2026-03-14,MSG-API,Namilio Messaging API,3768434,0.01,128,279,99.9506,false,
2026-03-14,COPILOT-API,Namilio Copilot API,767863,0.223,734,1998,100.0028,false,
2026-03-14,VERIFY,Namilio Verify,402028,0.34,110,369,99.9754,false,
2026-03-14,STUDIO,Namilio Studio,507899,0.254,150,235,99.9646,false,
2026-03-14,CONNECT-ENT,Namilio Connect Enterprise,432798,0.326,59,270,99.9875,false,
2026-03-15,VOICE-AGENT,Namilio Voice Agents,192026,0.289,301,850,99.9731,false,
2026-03-15,MSG-API,Namilio Messaging API,5259832,0.398,48,145,99.9922,false,
2026-03-15,COPILOT-API,Namilio Copilot API,915860,0.53,725,2053,100.0105,false,
2026-03-15,VERIFY,Namilio Verify,569866,0.684,160,253,99.9789,false,
2026-03-15,STUDIO,Namilio Studio,347886,0.415,102,394,99.9783,false,
2026-03-15,CONNECT-ENT,Namilio Connect Enterprise,436773,0.326,108,251,99.9749,false,
2026-03-16,VOICE-AGENT,Namilio Voice Agents,200974,0.361,273,963,99.9511,false,
2026-03-16,MSG-API,Namilio Messaging API,5105561,0.161,150,246,99.9956,false,
2026-03-16,COPILOT-API,Namilio Copilot API,924930,0.184,744,2131,99.9935,false,
2026-03-16,VERIFY,Namilio Verify,562308,0.389,89,240,99.9678,false,
2026-03-16,STUDIO,Namilio Studio,396564,0.235,117,257,99.9702,false,
2026-03-16,CONNECT-ENT,Namilio Connect Enterprise,487448,0.07,71,227,100.0039,false,
2026-03-17,VOICE-AGENT,Namilio Voice Agents,275427,0.129,282,776,99.9521,false,
2026-03-17,MSG-API,Namilio Messaging API,6587738,0.283,100,434,99.9887,false,
2026-03-17,COPILOT-API,Namilio Copilot API,1032480,0.164,719,2105,99.9953,false,
2026-03-17,VERIFY,Namilio Verify,335786,0.37,76,316,100.0026,false,
2026-03-17,STUDIO,Namilio Studio,345625,0.208,80,349,99.9531,false,
2026-03-17,CONNECT-ENT,Namilio Connect Enterprise,445361,0.134,104,308,100.0147,false,
2026-03-18,VOICE-AGENT,Namilio Voice Agents,213711,0.301,322,710,100.0034,false,
2026-03-18,MSG-API,Namilio Messaging API,4789967,0.292,120,300,99.9651,false,
2026-03-18,COPILOT-API,Namilio Copilot API,918645,0.228,713,2058,99.9637,false,
2026-03-18,VERIFY,Namilio Verify,485309,0.344,45,291,99.9474,false,
2026-03-18,STUDIO,Namilio Studio,452290,0.355,65,372,100.0241,false,
2026-03-18,CONNECT-ENT,Namilio Connect Enterprise,508903,0.309,112,366,99.9697,false,
2026-03-19,VOICE-AGENT,Namilio Voice Agents,182703,0.274,404,783,99.974,false,
2026-03-19,MSG-API,Namilio Messaging API,6418585,0.376,74,266,99.9631,false,
2026-03-19,COPILOT-API,Namilio Copilot API,820404,0.457,763,1900,99.9776,false,
2026-03-19,VERIFY,Namilio Verify,355820,0.225,109,112,100.001,false,
2026-03-19,STUDIO,Namilio Studio,388828,0.154,91,283,99.9666,false,
2026-03-19,CONNECT-ENT,Namilio Connect Enterprise,435479,0.264,97,60,99.9715,false,
2026-03-20,VOICE-AGENT,Namilio Voice Agents,197704,0.264,287,957,99.9749,false,
2026-03-20,MSG-API,Namilio Messaging API,4579369,0.401,94,244,99.9554,false,
2026-03-20,COPILOT-API,Namilio Copilot API,876073,0.414,745,2050,99.9669,false,
2026-03-20,VERIFY,Namilio Verify,542508,0.49,116,374,99.9808,false,
2026-03-20,STUDIO,Namilio Studio,414725,0.531,87,344,99.9704,false,
2026-03-20,CONNECT-ENT,Namilio Connect Enterprise,316806,0.139,128,276,100.0056,false,
2026-03-21,VOICE-AGENT,Namilio Voice Agents,251919,0.171,307,904,99.965,false,
2026-03-21,MSG-API,Namilio Messaging API,5287358,0.411,67,286,99.9819,false,
2026-03-21,COPILOT-API,Namilio Copilot API,769964,0.24,826,2011,99.9895,false,
2026-03-21,VERIFY,Namilio Verify,441000,0.231,137,243,99.9854,false,
2026-03-21,STUDIO,Namilio Studio,380665,0.458,68,319,99.9788,false,
2026-03-21,CONNECT-ENT,Namilio Connect Enterprise,499409,0.13,112,361,99.9808,false,
2026-03-22,VOICE-AGENT,Namilio Voice Agents,271735,0.133,285,948,99.979,false,
2026-03-22,MSG-API,Namilio Messaging API,5505699,0.285,107,480,99.9873,false,
2026-03-22,COPILOT-API,Namilio Copilot API,752837,0.379,779,2062,99.9774,false,
2026-03-22,VERIFY,Namilio Verify,403266,0.35,66,253,99.9989,false,
2026-03-22,STUDIO,Namilio Studio,311204,0.233,101,153,99.9818,false,
2026-03-22,CONNECT-ENT,Namilio Connect Enterprise,541750,0.266,47,360,99.9968,false,
2026-03-23,VOICE-AGENT,Namilio Voice Agents,247389,0.271,309,950,99.9849,false,
2026-03-23,MSG-API,Namilio Messaging API,4829269,0.241,97,73,99.9897,false,
2026-03-23,COPILOT-API,Namilio Copilot API,901376,0.451,744,2157,99.9937,false,
2026-03-23,VERIFY,Namilio Verify,359812,0.273,120,404,99.9763,false,
2026-03-23,STUDIO,Namilio Studio,284519,0.402,80,208,99.9869,false,
2026-03-23,CONNECT-ENT,Namilio Connect Enterprise,411806,4.075,87,1347,98.5213,true,SEV2
2026-03-24,VOICE-AGENT,Namilio Voice Agents,162937,0.462,310,718,99.9908,false,
2026-03-24,MSG-API,Namilio Messaging API,3906281,0.293,147,259,100.0157,false,
2026-03-24,COPILOT-API,Namilio Copilot API,1034543,0.189,743,2075,99.9581,false,
2026-03-24,VERIFY,Namilio Verify,476742,0.01,86,206,99.9894,false,
2026-03-24,STUDIO,Namilio Studio,488233,0.331,86,203,99.9586,false,
2026-03-24,CONNECT-ENT,Namilio Connect Enterprise,321995,0.494,130,196,99.9749,false,
2026-03-25,VOICE-AGENT,Namilio Voice Agents,260024,0.321,302,824,99.9978,false,
2026-03-25,MSG-API,Namilio Messaging API,5922411,0.483,115,344,99.9864,false,
2026-03-25,COPILOT-API,Namilio Copilot API,969110,0.142,757,1962,99.984,false,
2026-03-25,VERIFY,Namilio Verify,451875,0.26,108,346,99.9935,false,
2026-03-25,STUDIO,Namilio Studio,321442,0.172,39,379,99.9843,false,
2026-03-25,CONNECT-ENT,Namilio Connect Enterprise,316597,0.348,101,156,99.9808,false,
2026-03-26,VOICE-AGENT,Namilio Voice Agents,301661,0.187,287,908,99.9848,false,
2026-03-26,MSG-API,Namilio Messaging API,4987605,0.458,75,92,99.9977,false,
2026-03-26,COPILOT-API,Namilio Copilot API,739459,0.296,778,2106,99.9988,false,
2026-03-26,VERIFY,Namilio Verify,394766,0.107,59,73,99.9696,false,
2026-03-26,STUDIO,Namilio Studio,372718,0.069,110,262,99.9649,false,
2026-03-26,CONNECT-ENT,Namilio Connect Enterprise,429664,0.144,29,263,99.9802,false,
2026-03-27,VOICE-AGENT,Namilio Voice Agents,184536,0.372,319,765,99.9766,false,
2026-03-27,MSG-API,Namilio Messaging API,4029169,0.066,121,98,99.9889,false,
2026-03-27,COPILOT-API,Namilio Copilot API,811298,0.204,764,2183,99.9799,false,
2026-03-27,VERIFY,Namilio Verify,278733,0.362,100,189,99.9799,false,
2026-03-27,STUDIO,Namilio Studio,349052,0.422,88,272,99.9896,false,
2026-03-27,CONNECT-ENT,Namilio Connect Enterprise,414205,0.183,96,217,99.9741,false,
2026-03-28,VOICE-AGENT,Namilio Voice Agents,201751,0.525,262,843,99.9751,false,
2026-03-28,MSG-API,Namilio Messaging API,7279365,0.333,39,430,99.9786,false,
2026-03-28,COPILOT-API,Namilio Copilot API,635415,0.158,738,2091,99.9643,false,
2026-03-28,VERIFY,Namilio Verify,498639,0.362,173,301,99.9847,false,
2026-03-28,STUDIO,Namilio Studio,304528,0.219,89,364,99.9809,false,
2026-03-28,CONNECT-ENT,Namilio Connect Enterprise,392143,0.386,120,370,99.9519,false,
2026-03-29,VOICE-AGENT,Namilio Voice Agents,271621,0.249,309,1006,99.9837,false,
2026-03-29,MSG-API,Namilio Messaging API,3548488,0.386,92,388,99.978,false,
2026-03-29,COPILOT-API,Namilio Copilot API,793240,0.276,703,1952,100.0048,false,
2026-03-29,VERIFY,Namilio Verify,513736,0.301,44,177,100.0039,false,
2026-03-29,STUDIO,Namilio Studio,376894,0.218,142,145,100.0065,false,
2026-03-29,CONNECT-ENT,Namilio Connect Enterprise,348652,0.301,69,188,99.9795,false,
2026-03-30,VOICE-AGENT,Namilio Voice Agents,266978,0.089,247,774,100.0193,false,
2026-03-30,MSG-API,Namilio Messaging API,6543028,0.305,95,409,99.9591,false,
2026-03-30,COPILOT-API,Namilio Copilot API,1036933,0.355,708,2163,99.9866,false,
2026-03-30,VERIFY,Namilio Verify,254137,0.349,87,287,100.0039,false,
2026-03-30,STUDIO,Namilio Studio,324017,0.273,96,308,99.9948,false,
2026-03-30,CONNECT-ENT,Namilio Connect Enterprise,366630,0.633,100,226,99.9935,false,
2026-03-31,VOICE-AGENT,Namilio Voice Agents,282531,0.212,280,752,99.9759,false,
2026-03-31,MSG-API,Namilio Messaging API,5285566,0.114,92,216,99.9872,false,
2026-03-31,COPILOT-API,Namilio Copilot API,1033838,0.465,760,2112,99.9703,false,
2026-03-31,VERIFY,Namilio Verify,415079,0.216,124,60,100.0003,false,
2026-03-31,STUDIO,Namilio Studio,516390,0.112,98,169,99.9893,false,
2026-03-31,CONNECT-ENT,Namilio Connect Enterprise,422240,0.264,123,173,99.9824,false,
2026-04-01,VOICE-AGENT,Namilio Voice Agents,247630,0.437,336,910,99.9637,false,
2026-04-01,MSG-API,Namilio Messaging API,4701014,0.39,125,245,99.9803,false,
2026-04-01,COPILOT-API,Namilio Copilot API,648560,0.174,751,1908,99.9619,false,
2026-04-01,VERIFY,Namilio Verify,584808,0.332,110,190,99.9905,false,
2026-04-01,STUDIO,Namilio Studio,385867,0.289,99,176,99.9672,false,
2026-04-01,CONNECT-ENT,Namilio Connect Enterprise,404884,0.248,115,235,99.9386,false,
2026-04-02,VOICE-AGENT,Namilio Voice Agents,148638,0.281,289,903,100.0088,false,
2026-04-02,MSG-API,Namilio Messaging API,5074082,0.055,99,356,99.9367,false,
2026-04-02,COPILOT-API,Namilio Copilot API,1121010,0.295,719,2223,100.042,false,
2026-04-02,VERIFY,Namilio Verify,421738,0.296,26,296,99.9935,false,
2026-04-02,STUDIO,Namilio Studio,369845,0.29,131,190,99.9742,false,
2026-04-02,CONNECT-ENT,Namilio Connect Enterprise,547745,0.527,126,246,100.0195,false,
2026-04-03,VOICE-AGENT,Namilio Voice Agents,189141,0.399,281,917,99.9704,false,
2026-04-03,MSG-API,Namilio Messaging API,4542137,0.469,91,92,99.9757,false,
2026-04-03,COPILOT-API,Namilio Copilot API,992567,0.215,742,2061,99.9739,false,
2026-04-03,VERIFY,Namilio Verify,547991,0.148,93,152,99.9804,false,
2026-04-03,STUDIO,Namilio Studio,350690,0.388,164,85,100.0001,false,
2026-04-03,CONNECT-ENT,Namilio Connect Enterprise,373177,0.194,64,217,100.0098,false,
2026-04-04,VOICE-AGENT,Namilio Voice Agents,200588,0.275,276,1014,99.9723,false,
2026-04-04,MSG-API,Namilio Messaging API,3576858,0.222,111,254,100.0117,false,
2026-04-04,COPILOT-API,Namilio Copilot API,888603,0.142,741,2259,99.9906,false,
2026-04-04,VERIFY,Namilio Verify,457429,0.34,111,60,99.9578,false,
2026-04-04,STUDIO,Namilio Studio,410493,0.147,121,286,99.9794,false,
2026-04-04,CONNECT-ENT,Namilio Connect Enterprise,462002,0.428,90,60,99.954,false,
2026-04-05,VOICE-AGENT,Namilio Voice Agents,211661,0.247,329,836,99.981,false,
2026-04-05,MSG-API,Namilio Messaging API,4357671,0.322,62,60,99.9899,false,
2026-04-05,COPILOT-API,Namilio Copilot API,730681,0.367,758,2137,99.9753,false,
2026-04-05,VERIFY,Namilio Verify,451446,0.13,55,73,99.9898,false,
2026-04-05,STUDIO,Namilio Studio,461332,7.895,88,338,98.8778,true,SEV2
2026-04-05,CONNECT-ENT,Namilio Connect Enterprise,538018,0.175,125,306,99.9611,false,
2026-04-06,VOICE-AGENT,Namilio Voice Agents,319943,0.125,292,991,100.0047,false,
2026-04-06,MSG-API,Namilio Messaging API,3697980,0.033,102,239,100.015,false,
2026-04-06,COPILOT-API,Namilio Copilot API,713795,0.331,738,2182,99.992,false,
2026-04-06,VERIFY,Namilio Verify,530203,0.536,97,297,99.9894,false,
2026-04-06,STUDIO,Namilio Studio,426917,0.054,120,304,99.9805,false,
2026-04-06,CONNECT-ENT,Namilio Connect Enterprise,496017,0.228,83,483,99.9866,false,
2026-04-07,VOICE-AGENT,Namilio Voice Agents,236142,0.143,301,839,99.9523,false,
2026-04-07,MSG-API,Namilio Messaging API,4594225,0.246,82,453,100.0184,false,
2026-04-07,COPILOT-API,Namilio Copilot API,785930,0.059,764,2207,99.969,false,
2026-04-07,VERIFY,Namilio Verify,330005,0.332,100,235,100.0177,false,
2026-04-07,STUDIO,Namilio Studio,374508,0.254,20,172,99.9863,false,
2026-04-07,CONNECT-ENT,Namilio Connect Enterprise,494623,0.425,181,117,100.0028,false,
2026-04-08,VOICE-AGENT,Namilio Voice Agents,243174,0.324,336,865,99.9631,false,
2026-04-08,MSG-API,Namilio Messaging API,6601892,0.1,96,337,99.9757,false,
2026-04-08,COPILOT-API,Namilio Copilot API,1041990,0.307,718,2174,99.9309,false,
2026-04-08,VERIFY,Namilio Verify,453345,0.53,81,212,99.9796,false,
2026-04-08,STUDIO,Namilio Studio,394665,0.255,113,153,99.9893,false,
2026-04-08,CONNECT-ENT,Namilio Connect Enterprise,390928,0.426,118,105,99.959,false,
2026-04-09,VOICE-AGENT,Namilio Voice Agents,177575,0.327,343,796,99.9706,false,
2026-04-09,MSG-API,Namilio Messaging API,4753188,0.395,138,285,100.0008,false,
2026-04-09,COPILOT-API,Namilio Copilot API,789550,0.361,781,2247,100.0017,false,
2026-04-09,VERIFY,Namilio Verify,412546,0.255,90,133,99.9981,false,
2026-04-09,STUDIO,Namilio Studio,364663,0.25,114,171,99.9748,false,
2026-04-09,CONNECT-ENT,Namilio Connect Enterprise,354006,0.29,80,272,99.9608,false,
2026-04-10,VOICE-AGENT,Namilio Voice Agents,206180,4.595,309,151,98.7146,true,SEV2
2026-04-10,MSG-API,Namilio Messaging API,6262603,0.179,116,187,99.9746,false,
2026-04-10,COPILOT-API,Namilio Copilot API,1089082,0.446,771,2002,99.9906,false,
2026-04-10,VERIFY,Namilio Verify,322382,0.524,71,354,100.0058,false,
2026-04-10,STUDIO,Namilio Studio,445590,0.106,82,161,99.9785,false,
2026-04-10,CONNECT-ENT,Namilio Connect Enterprise,481552,0.477,53,175,100.0102,false,
2026-04-11,VOICE-AGENT,Namilio Voice Agents,291405,0.648,294,867,99.9922,false,
2026-04-11,MSG-API,Namilio Messaging API,7203477,0.407,98,436,100.0036,false,
2026-04-11,COPILOT-API,Namilio Copilot API,569680,0.114,690,2072,99.9782,false,
2026-04-11,VERIFY,Namilio Verify,529392,0.155,110,266,100.0017,false,
2026-04-11,STUDIO,Namilio Studio,436452,0.299,108,241,100.0185,false,
2026-04-11,CONNECT-ENT,Namilio Connect Enterprise,335321,0.435,72,105,99.9945,false,
2026-04-12,VOICE-AGENT,Namilio Voice Agents,254784,0.097,334,883,100.0025,false,
2026-04-12,MSG-API,Namilio Messaging API,6432898,0.402,29,398,99.982,false,
2026-04-12,COPILOT-API,Namilio Copilot API,788793,0.157,732,1894,99.9869,false,
2026-04-12,VERIFY,Namilio Verify,432859,0.292,160,342,99.9983,false,
2026-04-12,STUDIO,Namilio Studio,422818,0.373,59,277,99.9779,false,
2026-04-12,CONNECT-ENT,Namilio Connect Enterprise,501965,0.429,69,194,99.9878,false,
2026-04-13,VOICE-AGENT,Namilio Voice Agents,199281,0.301,339,920,99.98,false,
2026-04-13,MSG-API,Namilio Messaging API,5446341,0.462,38,265,99.9988,false,
2026-04-13,COPILOT-API,Namilio Copilot API,899711,0.259,716,2152,99.9952,false,
2026-04-13,VERIFY,Namilio Verify,366578,0.331,138,313,99.9724,false,
2026-04-13,STUDIO,Namilio Studio,386696,0.225,46,407,99.9598,false,
2026-04-13,CONNECT-ENT,Namilio Connect Enterprise,531665,0.014,96,60,100.0186,false,
2026-04-14,VOICE-AGENT,Namilio Voice Agents,199932,0.378,329,676,100.0044,false,
2026-04-14,MSG-API,Namilio Messaging API,5548232,0.285,40,166,99.975,false,
2026-04-14,COPILOT-API,Namilio Copilot API,717906,0.267,755,2034,99.9794,false,
2026-04-14,VERIFY,Namilio Verify,334259,6.392,93,853,97.3317,true,SEV3
2026-04-14,STUDIO,Namilio Studio,388642,0.162,108,330,99.9747,false,
2026-04-14,CONNECT-ENT,Namilio Connect Enterprise,396194,0.27,51,94,100.0046,false,
2026-04-15,VOICE-AGENT,Namilio Voice Agents,265485,0.279,332,801,99.9735,false,
2026-04-15,MSG-API,Namilio Messaging API,6681260,0.24,102,242,100.0051,false,
2026-04-15,COPILOT-API,Namilio Copilot API,787157,0.241,801,1847,100.0139,false,
2026-04-15,VERIFY,Namilio Verify,500432,0.482,121,70,99.987,false,
2026-04-15,STUDIO,Namilio Studio,458719,0.37,63,184,99.9844,false,
2026-04-15,CONNECT-ENT,Namilio Connect Enterprise,562525,0.15,68,131,99.9768,false,
2026-04-16,VOICE-AGENT,Namilio Voice Agents,238679,0.191,295,724,99.9692,false,
2026-04-16,MSG-API,Namilio Messaging API,5088620,0.078,114,436,99.9679,false,
2026-04-16,COPILOT-API,Namilio Copilot API,1095544,0.065,709,2101,99.9724,false,
2026-04-16,VERIFY,Namilio Verify,424053,0.107,28,383,99.9473,false,
2026-04-16,STUDIO,Namilio Studio,403087,0.423,91,104,100.0075,false,
2026-04-16,CONNECT-ENT,Namilio Connect Enterprise,409242,0.354,111,247,99.9726,false,
2026-04-17,VOICE-AGENT,Namilio Voice Agents,298599,0.391,303,752,99.9675,false,
2026-04-17,MSG-API,Namilio Messaging API,4924662,0.263,83,176,99.9727,false,
2026-04-17,COPILOT-API,Namilio Copilot API,795619,0.223,727,1917,99.9802,false,
2026-04-17,VERIFY,Namilio Verify,537181,0.222,120,227,99.9891,false,
2026-04-17,STUDIO,Namilio Studio,493445,0.282,94,75,100.0089,false,
2026-04-17,CONNECT-ENT,Namilio Connect Enterprise,545938,0.159,131,180,99.9609,false,
2026-04-18,VOICE-AGENT,Namilio Voice Agents,326209,0.501,290,855,99.9494,false,
2026-04-18,MSG-API,Namilio Messaging API,5067271,0.213,93,213,99.9827,false,
2026-04-18,COPILOT-API,Namilio Copilot API,965335,0.211,713,2212,99.9973,false,
2026-04-18,VERIFY,Namilio Verify,418282,0.351,82,309,100.0336,false,
2026-04-18,STUDIO,Namilio Studio,286998,0.214,103,363,99.9832,false,
2026-04-18,CONNECT-ENT,Namilio Connect Enterprise,367342,0.301,106,346,100.0032,false,
2026-04-19,VOICE-AGENT,Namilio Voice Agents,274383,0.415,281,919,99.9918,false,
2026-04-19,MSG-API,Namilio Messaging API,5336121,0.299,35,344,100.0088,false,
2026-04-19,COPILOT-API,Namilio Copilot API,864079,0.049,714,1925,99.9818,false,
2026-04-19,VERIFY,Namilio Verify,483222,0.203,46,471,99.9828,false,
2026-04-19,STUDIO,Namilio Studio,491814,0.587,104,506,99.9812,false,
2026-04-19,CONNECT-ENT,Namilio Connect Enterprise,376893,0.37,100,158,99.981,false,
2026-04-20,VOICE-AGENT,Namilio Voice Agents,231583,0.367,305,878,100.0284,false,
2026-04-20,MSG-API,Namilio Messaging API,7296885,0.132,70,271,99.9713,false,
2026-04-20,COPILOT-API,Namilio Copilot API,776129,0.069,757,2184,99.9837,false,
2026-04-20,VERIFY,Namilio Verify,520583,0.501,67,301,100.0285,false,
2026-04-20,STUDIO,Namilio Studio,569082,0.273,103,344,99.9931,false,
2026-04-20,CONNECT-ENT,Namilio Connect Enterprise,326774,0.207,176,280,99.9894,false,
2026-04-21,VOICE-AGENT,Namilio Voice Agents,237900,0.136,305,883,99.986,false,
2026-04-21,MSG-API,Namilio Messaging API,6024684,0.22,20,299,99.9565,false,
2026-04-21,COPILOT-API,Namilio Copilot API,1033984,0.341,734,2014,100.0272,false,
2026-04-21,VERIFY,Namilio Verify,351295,0.139,79,306,99.9585,false,
2026-04-21,STUDIO,Namilio Studio,476721,0.44,128,366,100.0003,false,
2026-04-21,CONNECT-ENT,Namilio Connect Enterprise,450230,0.384,97,142,99.9869,false,
2026-04-22,VOICE-AGENT,Namilio Voice Agents,244706,0.318,285,984,99.9793,false,
2026-04-22,MSG-API,Namilio Messaging API,5814801,0.228,109,185,99.9679,false,
2026-04-22,COPILOT-API,Namilio Copilot API,999751,0.211,743,2200,99.9672,false,
2026-04-22,VERIFY,Namilio Verify,443812,0.146,39,236,99.9784,false,
2026-04-22,STUDIO,Namilio Studio,422423,0.343,70,191,99.9901,false,
2026-04-22,CONNECT-ENT,Namilio Connect Enterprise,320298,0.245,24,413,99.9866,false,
2026-04-23,VOICE-AGENT,Namilio Voice Agents,207555,0.512,324,860,99.9715,false,
2026-04-23,MSG-API,Namilio Messaging API,3650207,0.266,129,65,99.9591,false,
2026-04-23,COPILOT-API,Namilio Copilot API,816461,0.106,776,2202,99.9957,false,
2026-04-23,VERIFY,Namilio Verify,421305,0.412,110,274,99.9936,false,
2026-04-23,STUDIO,Namilio Studio,443186,0.306,97,414,99.9949,false,
2026-04-23,CONNECT-ENT,Namilio Connect Enterprise,425495,0.242,60,237,99.9443,false,
2026-04-24,VOICE-AGENT,Namilio Voice Agents,297551,0.221,274,844,100.0167,false,
2026-04-24,MSG-API,Namilio Messaging API,5873234,0.442,105,411,100.0161,false,
2026-04-24,COPILOT-API,Namilio Copilot API,950375,0.216,754,2214,99.9339,false,
2026-04-24,VERIFY,Namilio Verify,527847,0.359,103,204,99.9933,false,
2026-04-24,STUDIO,Namilio Studio,492968,0.241,152,225,99.9691,false,
2026-04-24,CONNECT-ENT,Namilio Connect Enterprise,436515,0.358,128,130,100.022,false,
2026-04-25,VOICE-AGENT,Namilio Voice Agents,112637,0.227,259,937,99.9919,false,
2026-04-25,MSG-API,Namilio Messaging API,4455563,0.167,110,208,100.006,false,
2026-04-25,COPILOT-API,Namilio Copilot API,893360,0.444,737,1949,99.9972,false,
2026-04-25,VERIFY,Namilio Verify,473405,0.087,87,112,100.0015,false,
2026-04-25,STUDIO,Namilio Studio,436332,0.344,38,347,100.0156,false,
2026-04-25,CONNECT-ENT,Namilio Connect Enterprise,357793,0.038,139,140,99.9738,false,
2026-04-26,VOICE-AGENT,Namilio Voice Agents,277525,0.315,303,843,100.0294,false,
2026-04-26,MSG-API,Namilio Messaging API,5467692,0.102,155,345,99.9617,false,
2026-04-26,COPILOT-API,Namilio Copilot API,851108,0.391,735,2029,99.9798,false,
2026-04-26,VERIFY,Namilio Verify,561544,0.319,80,157,99.9957,false,
2026-04-26,STUDIO,Namilio Studio,386022,0.55,103,456,99.9792,false,
2026-04-26,CONNECT-ENT,Namilio Connect Enterprise,450841,0.345,124,258,99.9948,false,
2026-04-27,VOICE-AGENT,Namilio Voice Agents,287885,0.306,318,780,99.9891,false,
2026-04-27,MSG-API,Namilio Messaging API,6234806,0.257,120,111,99.9965,false,
2026-04-27,COPILOT-API,Namilio Copilot API,874360,0.093,720,2183,99.9594,false,
2026-04-27,VERIFY,Namilio Verify,362625,0.207,125,323,99.9958,false,
2026-04-27,STUDIO,Namilio Studio,348691,0.289,98,358,99.9846,false,
2026-04-27,CONNECT-ENT,Namilio Connect Enterprise,332452,0.07,84,250,100,false,
2026-04-28,VOICE-AGENT,Namilio Voice Agents,169076,0.307,307,1053,100.0094,false,
2026-04-28,MSG-API,Namilio Messaging API,3971894,0.33,111,168,99.9869,false,
2026-04-28,COPILOT-API,Namilio Copilot API,892165,0.453,700,2004,99.9596,false,
2026-04-28,VERIFY,Namilio Verify,511076,0.3,81,291,99.9782,false,
2026-04-28,STUDIO,Namilio Studio,344946,0.194,76,117,99.9808,false,
2026-04-28,CONNECT-ENT,Namilio Connect Enterprise,416285,0.392,152,91,99.9782,false,
2026-04-29,VOICE-AGENT,Namilio Voice Agents,213715,0.364,348,902,99.9896,false,
2026-04-29,MSG-API,Namilio Messaging API,4397933,0.433,135,274,99.9822,false,
2026-04-29,COPILOT-API,Namilio Copilot API,1082020,0.203,754,2192,99.9828,false,
2026-04-29,VERIFY,Namilio Verify,469532,0.211,105,263,99.9686,false,
2026-04-29,STUDIO,Namilio Studio,399730,0.177,90,270,99.9922,false,
2026-04-29,CONNECT-ENT,Namilio Connect Enterprise,468255,0.177,102,285,99.9734,false,
2026-04-30,VOICE-AGENT,Namilio Voice Agents,380778,0.242,333,900,100.0438,false,
2026-04-30,MSG-API,Namilio Messaging API,5001591,0.233,28,497,99.9987,false,
2026-04-30,COPILOT-API,Namilio Copilot API,819245,0.01,739,2049,99.9831,false,
2026-04-30,VERIFY,Namilio Verify,546410,0.269,77,205,99.9739,false,
2026-04-30,STUDIO,Namilio Studio,486055,0.478,20,286,100.0008,false,
2026-04-30,CONNECT-ENT,Namilio Connect Enterprise,423022,0.221,96,226,99.9344,false,
2026-05-01,VOICE-AGENT,Namilio Voice Agents,279014,0.01,310,879,99.9787,false,
2026-05-01,MSG-API,Namilio Messaging API,4743494,0.101,77,181,99.9984,false,
2026-05-01,COPILOT-API,Namilio Copilot API,625856,0.483,772,2088,99.9856,false,
2026-05-01,VERIFY,Namilio Verify,483569,0.199,69,170,99.992,false,
2026-05-01,STUDIO,Namilio Studio,520075,0.46,81,397,99.9792,false,
2026-05-01,CONNECT-ENT,Namilio Connect Enterprise,305180,0.329,106,161,99.9784,false,
2026-05-02,VOICE-AGENT,Namilio Voice Agents,317333,0.207,275,976,99.9969,false,
2026-05-02,MSG-API,Namilio Messaging API,3985048,0.318,69,119,100.0034,false,
2026-05-02,COPILOT-API,Namilio Copilot API,1144775,0.136,730,2172,100.0022,false,
2026-05-02,VERIFY,Namilio Verify,468574,0.19,28,411,99.9806,false,
2026-05-02,STUDIO,Namilio Studio,345318,0.448,91,73,99.9715,false,
2026-05-02,CONNECT-ENT,Namilio Connect Enterprise,457568,0.244,86,308,99.9982,false,
2026-05-03,VOICE-AGENT,Namilio Voice Agents,200523,0.314,245,883,99.9867,false,
2026-05-03,MSG-API,Namilio Messaging API,3865245,0.234,123,395,99.9941,false,
2026-05-03,COPILOT-API,Namilio Copilot API,897930,0.181,732,2077,99.9942,false,
2026-05-03,VERIFY,Namilio Verify,417375,0.376,62,198,99.998,false,
2026-05-03,STUDIO,Namilio Studio,487083,0.216,65,569,99.9906,false,
2026-05-03,CONNECT-ENT,Namilio Connect Enterprise,392244,0.151,68,218,99.9893,false,
2026-05-04,VOICE-AGENT,Namilio Voice Agents,229596,0.264,394,886,99.9756,false,
2026-05-04,MSG-API,Namilio Messaging API,4340034,0.315,87,60,99.9883,false,
2026-05-04,COPILOT-API,Namilio Copilot API,768825,0.066,727,2053,99.9794,false,
2026-05-04,VERIFY,Namilio Verify,410707,0.041,119,107,99.9667,false,
2026-05-04,STUDIO,Namilio Studio,418007,0.365,95,227,99.9573,false,
2026-05-04,CONNECT-ENT,Namilio Connect Enterprise,473110,0.322,87,139,99.9253,false,
2026-05-05,VOICE-AGENT,Namilio Voice Agents,227960,0.075,315,909,100.0002,false,
2026-05-05,MSG-API,Namilio Messaging API,5623519,0.064,75,272,99.9976,false,
2026-05-05,COPILOT-API,Namilio Copilot API,1063846,0.139,744,2218,100.017,false,
2026-05-05,VERIFY,Namilio Verify,378391,0.345,96,95,99.9608,false,
2026-05-05,STUDIO,Namilio Studio,345888,0.387,129,273,99.9806,false,
2026-05-05,CONNECT-ENT,Namilio Connect Enterprise,425012,0.191,101,60,99.9358,false,
2026-05-06,VOICE-AGENT,Namilio Voice Agents,276700,0.367,319,806,99.9869,false,
2026-05-06,MSG-API,Namilio Messaging API,5693307,0.373,59,345,99.9512,false,
2026-05-06,COPILOT-API,Namilio Copilot API,1066904,0.387,673,2344,99.974,false,
2026-05-06,VERIFY,Namilio Verify,335642,0.279,113,341,99.9979,false,
2026-05-06,STUDIO,Namilio Studio,108772,0.084,87,268,99.9683,false,
2026-05-06,CONNECT-ENT,Namilio Connect Enterprise,417481,0.044,83,307,99.9691,false,
2026-05-07,VOICE-AGENT,Namilio Voice Agents,216569,0.328,314,1067,99.9867,false,
2026-05-07,MSG-API,Namilio Messaging API,4166965,0.191,81,584,99.9323,false,
2026-05-07,COPILOT-API,Namilio Copilot API,772959,0.121,740,2027,99.9854,false,
2026-05-07,VERIFY,Namilio Verify,391153,0.01,52,130,99.9624,false,
2026-05-07,STUDIO,Namilio Studio,474006,0.07,20,439,99.9724,false,
2026-05-07,CONNECT-ENT,Namilio Connect Enterprise,417563,0.133,122,104,99.9838,false,
2026-05-08,VOICE-AGENT,Namilio Voice Agents,226132,0.352,291,894,99.979,false,
2026-05-08,MSG-API,Namilio Messaging API,6630600,0.196,100,196,99.9723,false,
2026-05-08,COPILOT-API,Namilio Copilot API,1033157,0.352,683,2076,99.961,false,
2026-05-08,VERIFY,Namilio Verify,304914,0.257,83,353,99.9322,false,
2026-05-08,STUDIO,Namilio Studio,297889,0.289,91,214,99.9756,false,
2026-05-08,CONNECT-ENT,Namilio Connect Enterprise,484529,0.309,69,92,100.0069,false,
2026-05-09,VOICE-AGENT,Namilio Voice Agents,259749,0.174,301,833,99.9494,false,
2026-05-09,MSG-API,Namilio Messaging API,5834920,0.226,64,304,100.0017,false,
2026-05-09,COPILOT-API,Namilio Copilot API,747412,0.32,770,2010,99.9913,false,
2026-05-09,VERIFY,Namilio Verify,462469,0.353,73,278,99.9546,false,
2026-05-09,STUDIO,Namilio Studio,540736,0.223,147,369,100.0052,false,
2026-05-09,CONNECT-ENT,Namilio Connect Enterprise,335713,0.473,58,233,100.0134,false,
2026-05-10,VOICE-AGENT,Namilio Voice Agents,179343,0.305,343,888,99.9753,false,
2026-05-10,MSG-API,Namilio Messaging API,5842850,0.145,101,225,99.9966,false,
2026-05-10,COPILOT-API,Namilio Copilot API,927333,0.264,752,2445,99.9671,false,
2026-05-10,VERIFY,Namilio Verify,359855,0.233,110,60,100.011,false,
2026-05-10,STUDIO,Namilio Studio,500209,0.265,94,351,99.989,false,
2026-05-10,CONNECT-ENT,Namilio Connect Enterprise,329461,0.18,106,274,99.9752,false,
2026-05-11,VOICE-AGENT,Namilio Voice Agents,278820,0.297,364,758,99.9982,false,
2026-05-11,MSG-API,Namilio Messaging API,6818501,0.262,133,458,99.9984,false,
2026-05-11,COPILOT-API,Namilio Copilot API,1141517,0.378,760,2212,99.9517,false,
2026-05-11,VERIFY,Namilio Verify,456277,0.014,109,60,99.9988,false,
2026-05-11,STUDIO,Namilio Studio,422415,0.206,40,254,99.9705,false,
2026-05-11,CONNECT-ENT,Namilio Connect Enterprise,495386,0.546,109,328,99.9954,false,
2026-05-12,VOICE-AGENT,Namilio Voice Agents,311833,0.271,357,867,99.9813,false,
2026-05-12,MSG-API,Namilio Messaging API,5832399,0.225,86,310,100.0084,false,
2026-05-12,COPILOT-API,Namilio Copilot API,885767,0.485,743,2048,99.9759,false,
2026-05-12,VERIFY,Namilio Verify,527651,0.262,117,165,99.9768,false,
2026-05-12,STUDIO,Namilio Studio,391822,0.06,100,402,99.9979,false,
2026-05-12,CONNECT-ENT,Namilio Connect Enterprise,481102,0.373,134,188,99.9701,false,
2026-05-13,VOICE-AGENT,Namilio Voice Agents,220380,0.619,304,685,99.9989,false,
2026-05-13,MSG-API,Namilio Messaging API,5495665,0.469,84,349,99.9618,false,
2026-05-13,COPILOT-API,Namilio Copilot API,648914,3.707,786,3061,96.5356,true,SEV3
2026-05-13,VERIFY,Namilio Verify,457964,0.462,63,60,100.0015,false,
2026-05-13,STUDIO,Namilio Studio,347187,0.351,23,200,99.976,false,
2026-05-13,CONNECT-ENT,Namilio Connect Enterprise,436141,0.487,71,211,99.9612,false,
2026-05-14,VOICE-AGENT,Namilio Voice Agents,194631,0.277,315,969,99.9756,false,
2026-05-14,MSG-API,Namilio Messaging API,2731352,0.187,122,60,99.9584,false,
2026-05-14,COPILOT-API,Namilio Copilot API,554902,0.133,760,1970,99.9712,false,
2026-05-14,VERIFY,Namilio Verify,438264,0.502,70,60,99.9793,false,
2026-05-14,STUDIO,Namilio Studio,397728,3.21,106,60,97.2522,true,SEV3
2026-05-14,CONNECT-ENT,Namilio Connect Enterprise,436529,0.14,82,131,99.958,false,
2026-05-15,VOICE-AGENT,Namilio Voice Agents,273305,0.323,299,807,99.9806,false,
2026-05-15,MSG-API,Namilio Messaging API,5459507,0.01,97,351,99.994,false,
2026-05-15,COPILOT-API,Namilio Copilot API,772203,0.28,741,2031,100.0082,false,
2026-05-15,VERIFY,Namilio Verify,635598,0.387,82,60,100.001,false,
2026-05-15,STUDIO,Namilio Studio,520440,0.4,80,293,99.9825,false,
2026-05-15,CONNECT-ENT,Namilio Connect Enterprise,322393,0.279,66,125,99.9906,false,
2026-05-16,VOICE-AGENT,Namilio Voice Agents,170598,0.135,307,870,100.009,false,
2026-05-16,MSG-API,Namilio Messaging API,3862151,0.232,108,429,100.005,false,
2026-05-16,COPILOT-API,Namilio Copilot API,969160,0.044,774,1879,99.9738,false,
2026-05-16,VERIFY,Namilio Verify,464773,0.508,114,109,100.0013,false,
2026-05-16,STUDIO,Namilio Studio,384868,5.683,123,123,98.0537,true,SEV2
2026-05-16,CONNECT-ENT,Namilio Connect Enterprise,402357,0.129,89,330,99.9756,false,
2026-05-17,VOICE-AGENT,Namilio Voice Agents,235220,0.138,322,1044,99.9786,false,
2026-05-17,MSG-API,Namilio Messaging API,6363180,0.197,136,590,99.9814,false,
2026-05-17,COPILOT-API,Namilio Copilot API,1127261,0.267,719,2122,99.9988,false,
2026-05-17,VERIFY,Namilio Verify,436070,0.207,101,191,99.9813,false,
2026-05-17,STUDIO,Namilio Studio,309220,0.154,119,454,99.95,false,
2026-05-17,CONNECT-ENT,Namilio Connect Enterprise,313868,0.242,79,156,100.002,false,
2026-05-18,VOICE-AGENT,Namilio Voice Agents,210332,0.177,283,749,99.9983,false,
2026-05-18,MSG-API,Namilio Messaging API,3991491,0.165,101,60,99.985,false,
2026-05-18,COPILOT-API,Namilio Copilot API,608885,0.203,780,2168,99.9637,false,
2026-05-18,VERIFY,Namilio Verify,413524,0.173,129,296,99.9878,false,
2026-05-18,STUDIO,Namilio Studio,449624,0.164,116,134,99.9935,false,
2026-05-18,CONNECT-ENT,Namilio Connect Enterprise,443882,0.464,99,334,99.9888,false,
2026-05-19,VOICE-AGENT,Namilio Voice Agents,201453,0.123,312,718,99.9865,false,
2026-05-19,MSG-API,Namilio Messaging API,3981642,0.251,111,393,99.9665,false,
2026-05-19,COPILOT-API,Namilio Copilot API,859035,0.334,744,2099,99.9866,false,
2026-05-19,VERIFY,Namilio Verify,511843,0.167,56,273,99.9966,false,
2026-05-19,STUDIO,Namilio Studio,402539,0.318,136,537,99.9535,false,
2026-05-19,CONNECT-ENT,Namilio Connect Enterprise,437105,0.246,77,60,100.0233,false,
2026-05-20,VOICE-AGENT,Namilio Voice Agents,280734,0.248,322,1149,99.9791,false,
2026-05-20,MSG-API,Namilio Messaging API,4570160,0.01,92,383,100.025,false,
2026-05-20,COPILOT-API,Namilio Copilot API,822437,0.067,717,2321,99.9762,false,
2026-05-20,VERIFY,Namilio Verify,500767,0.125,76,369,99.9949,false,
2026-05-20,STUDIO,Namilio Studio,374163,0.348,125,150,99.9604,false,
2026-05-20,CONNECT-ENT,Namilio Connect Enterprise,589144,0.383,26,293,99.9935,false,
2026-05-21,VOICE-AGENT,Namilio Voice Agents,333910,0.177,305,953,99.9791,false,
2026-05-21,MSG-API,Namilio Messaging API,5340794,0.01,108,328,99.9687,false,
2026-05-21,COPILOT-API,Namilio Copilot API,895133,0.373,729,2149,99.9676,false,
2026-05-21,VERIFY,Namilio Verify,417730,0.221,125,432,99.9616,false,
2026-05-21,STUDIO,Namilio Studio,532190,0.319,119,449,99.9821,false,
2026-05-21,CONNECT-ENT,Namilio Connect Enterprise,435386,0.36,63,433,99.9624,false,
2026-05-22,VOICE-AGENT,Namilio Voice Agents,279198,0.431,285,644,99.978,false,
2026-05-22,MSG-API,Namilio Messaging API,5455893,0.349,49,152,99.9793,false,
2026-05-22,COPILOT-API,Namilio Copilot API,640284,0.375,690,2181,100,false,
2026-05-22,VERIFY,Namilio Verify,428119,0.184,93,243,99.9934,false,
2026-05-22,STUDIO,Namilio Studio,477209,0.432,82,256,99.9577,false,
2026-05-22,CONNECT-ENT,Namilio Connect Enterprise,533182,0.234,190,164,99.9718,false,
2026-05-23,VOICE-AGENT,Namilio Voice Agents,211745,0.221,302,1015,100.0077,false,
2026-05-23,MSG-API,Namilio Messaging API,3961347,0.559,100,249,99.9663,false,
2026-05-23,COPILOT-API,Namilio Copilot API,1179160,0.227,741,2103,99.9813,false,
2026-05-23,VERIFY,Namilio Verify,456645,0.154,103,535,99.9895,false,
2026-05-23,STUDIO,Namilio Studio,507531,0.395,68,129,99.9526,false,
2026-05-23,CONNECT-ENT,Namilio Connect Enterprise,479626,0.264,73,345,99.9774,false,
2026-05-24,VOICE-AGENT,Namilio Voice Agents,241286,0.46,305,890,99.9943,false,
2026-05-24,MSG-API,Namilio Messaging API,7867365,0.265,70,356,100.0217,false,
2026-05-24,COPILOT-API,Namilio Copilot API,879154,0.413,732,2042,99.9888,false,
2026-05-24,VERIFY,Namilio Verify,331477,0.465,132,60,99.9874,false,
2026-05-24,STUDIO,Namilio Studio,420511,0.095,113,297,99.9741,false,
2026-05-24,CONNECT-ENT,Namilio Connect Enterprise,368470,0.203,57,218,99.9865,false,
2026-05-25,VOICE-AGENT,Namilio Voice Agents,144106,0.435,344,1055,99.992,false,
2026-05-25,MSG-API,Namilio Messaging API,4568669,0.108,68,371,99.9916,false,
2026-05-25,COPILOT-API,Namilio Copilot API,741328,0.01,728,2243,100.0112,false,
2026-05-25,VERIFY,Namilio Verify,505665,0.443,68,141,99.9668,false,
2026-05-25,STUDIO,Namilio Studio,499296,0.351,89,313,99.9883,false,
2026-05-25,CONNECT-ENT,Namilio Connect Enterprise,258177,0.251,99,411,99.9511,false,
2026-05-26,VOICE-AGENT,Namilio Voice Agents,207052,0.01,273,744,99.9872,false,
2026-05-26,MSG-API,Namilio Messaging API,4517597,0.207,69,445,99.9725,false,
2026-05-26,COPILOT-API,Namilio Copilot API,815912,0.321,696,2167,99.9764,false,
2026-05-26,VERIFY,Namilio Verify,472688,0.377,124,292,100.0246,false,
2026-05-26,STUDIO,Namilio Studio,453166,0.331,108,334,99.9561,false,
2026-05-26,CONNECT-ENT,Namilio Connect Enterprise,480618,0.253,93,420,99.9869,false,
2026-05-27,VOICE-AGENT,Namilio Voice Agents,277938,0.299,310,930,99.996,false,
2026-05-27,MSG-API,Namilio Messaging API,6296042,0.293,119,359,99.945,false,
2026-05-27,COPILOT-API,Namilio Copilot API,1033549,0.336,757,2242,99.9803,false,
2026-05-27,VERIFY,Namilio Verify,251188,0.11,109,217,100.013,false,
2026-05-27,STUDIO,Namilio Studio,333903,0.404,123,193,99.9906,false,
2026-05-27,CONNECT-ENT,Namilio Connect Enterprise,340926,0.129,94,191,100.0119,false,
2026-05-28,VOICE-AGENT,Namilio Voice Agents,246757,0.195,305,807,99.9397,false,
2026-05-28,MSG-API,Namilio Messaging API,4473576,0.469,105,324,99.9706,false,
2026-05-28,COPILOT-API,Namilio Copilot API,990687,0.194,726,1997,99.9904,false,
2026-05-28,VERIFY,Namilio Verify,441787,0.01,78,214,99.9772,false,
2026-05-28,STUDIO,Namilio Studio,641695,0.229,100,142,99.9531,false,
2026-05-28,CONNECT-ENT,Namilio Connect Enterprise,557457,0.326,51,184,99.9885,false,
2026-05-29,VOICE-AGENT,Namilio Voice Agents,277397,0.33,346,836,99.9697,false,
2026-05-29,MSG-API,Namilio Messaging API,5584622,0.375,160,503,99.9654,false,
2026-05-29,COPILOT-API,Namilio Copilot API,885218,0.403,714,2133,100.0066,false,
2026-05-29,VERIFY,Namilio Verify,318905,0.296,102,328,99.9828,false,
2026-05-29,STUDIO,Namilio Studio,340789,0.244,152,389,99.9927,false,
2026-05-29,CONNECT-ENT,Namilio Connect Enterprise,508024,0.427,136,213,99.9713,false,
2026-05-30,VOICE-AGENT,Namilio Voice Agents,142707,0.224,290,890,99.9562,false,
2026-05-30,MSG-API,Namilio Messaging API,6957627,0.062,157,271,99.9771,false,
2026-05-30,COPILOT-API,Namilio Copilot API,927268,0.372,764,1958,99.976,false,
2026-05-30,VERIFY,Namilio Verify,408975,0.182,105,396,99.9388,false,
2026-05-30,STUDIO,Namilio Studio,410017,0.469,121,486,99.9825,false,
2026-05-30,CONNECT-ENT,Namilio Connect Enterprise,519053,0.275,114,193,99.9654,false,
2026-05-31,VOICE-AGENT,Namilio Voice Agents,312084,0.426,292,751,99.9782,false,
2026-05-31,MSG-API,Namilio Messaging API,5187620,0.067,33,202,99.975,false,
2026-05-31,COPILOT-API,Namilio Copilot API,859434,0.137,703,2082,99.9615,false,
2026-05-31,VERIFY,Namilio Verify,286665,0.359,130,283,99.9988,false,
2026-05-31,STUDIO,Namilio Studio,488392,0.3,66,355,100.0042,false,
2026-05-31,CONNECT-ENT,Namilio Connect Enterprise,403274,0.163,109,202,99.9644,false,
2026-06-01,VOICE-AGENT,Namilio Voice Agents,205275,0.439,318,775,99.9508,false,
2026-06-01,MSG-API,Namilio Messaging API,4981664,0.296,40,161,100.0159,false,
2026-06-01,COPILOT-API,Namilio Copilot API,773367,0.11,773,2238,99.9484,false,
2026-06-01,VERIFY,Namilio Verify,455001,0.099,40,214,99.9891,false,
2026-06-01,STUDIO,Namilio Studio,391463,0.032,96,288,99.9723,false,
2026-06-01,CONNECT-ENT,Namilio Connect Enterprise,578447,0.542,96,347,100.0175,false,
2026-06-02,VOICE-AGENT,Namilio Voice Agents,229420,0.08,350,903,99.9748,false,
2026-06-02,MSG-API,Namilio Messaging API,5897198,0.267,49,353,100.008,false,
2026-06-02,COPILOT-API,Namilio Copilot API,937050,0.285,782,2260,99.9996,false,
2026-06-02,VERIFY,Namilio Verify,469545,0.318,70,219,100.0038,false,
2026-06-02,STUDIO,Namilio Studio,496331,0.343,104,387,100.0028,false,
2026-06-02,CONNECT-ENT,Namilio Connect Enterprise,530284,0.365,107,375,99.9775,false,
2026-06-03,VOICE-AGENT,Namilio Voice Agents,298131,0.304,274,1054,100.0191,false,
2026-06-03,MSG-API,Namilio Messaging API,4255839,0.178,85,284,99.9817,false,
2026-06-03,COPILOT-API,Namilio Copilot API,817313,0.387,797,1887,99.9828,false,
2026-06-03,VERIFY,Namilio Verify,357629,0.314,94,269,99.9612,false,
2026-06-03,STUDIO,Namilio Studio,493232,0.211,124,81,100.0066,false,
2026-06-03,CONNECT-ENT,Namilio Connect Enterprise,538508,0.236,75,243,100.0108,false,
2026-06-04,VOICE-AGENT,Namilio Voice Agents,223668,0.107,333,570,99.9939,false,
2026-06-04,MSG-API,Namilio Messaging API,5611109,0.333,147,320,100.0044,false,
2026-06-04,COPILOT-API,Namilio Copilot API,894711,0.375,718,1986,100.0215,false,
2026-06-04,VERIFY,Namilio Verify,470854,0.272,104,206,99.9911,false,
2026-06-04,STUDIO,Namilio Studio,286482,0.471,93,419,100.0076,false,
2026-06-04,CONNECT-ENT,Namilio Connect Enterprise,442781,0.667,135,352,99.9844,false,
2026-06-05,VOICE-AGENT,Namilio Voice Agents,184108,0.549,281,775,99.9696,false,
2026-06-05,MSG-API,Namilio Messaging API,4317692,0.283,102,512,99.9954,false,
2026-06-05,COPILOT-API,Namilio Copilot API,963343,0.223,768,2186,99.9936,false,
2026-06-05,VERIFY,Namilio Verify,456989,0.256,65,81,99.9746,false,
2026-06-05,STUDIO,Namilio Studio,301340,0.308,85,316,99.9619,false,
2026-06-05,CONNECT-ENT,Namilio Connect Enterprise,419343,0.325,26,214,100.0028,false,
2026-06-06,VOICE-AGENT,Namilio Voice Agents,287118,0.282,252,831,100.0253,false,
2026-06-06,MSG-API,Namilio Messaging API,5608534,0.179,20,214,99.9693,false,
2026-06-06,COPILOT-API,Namilio Copilot API,946448,0.149,753,1995,99.9652,false,
2026-06-06,VERIFY,Namilio Verify,312462,0.037,124,277,99.9982,false,
2026-06-06,STUDIO,Namilio Studio,499795,0.201,129,323,99.9967,false,
2026-06-06,CONNECT-ENT,Namilio Connect Enterprise,459262,0.194,79,208,99.99,false,
2026-06-07,VOICE-AGENT,Namilio Voice Agents,257419,0.196,320,949,100.0237,false,
2026-06-07,MSG-API,Namilio Messaging API,6210443,0.089,106,384,99.9837,false,
2026-06-07,COPILOT-API,Namilio Copilot API,947472,0.17,719,2207,99.9965,false,
2026-06-07,VERIFY,Namilio Verify,318151,0.111,132,436,99.978,false,
2026-06-07,STUDIO,Namilio Studio,421434,0.277,137,297,100.0336,false,
2026-06-07,CONNECT-ENT,Namilio Connect Enterprise,274533,0.437,107,235,99.9815,false,
2026-06-08,VOICE-AGENT,Namilio Voice Agents,232941,0.449,306,1004,99.9951,false,
2026-06-08,MSG-API,Namilio Messaging API,5978874,0.402,92,484,99.9915,false,
2026-06-08,COPILOT-API,Namilio Copilot API,795408,0.333,738,2179,99.9675,false,
2026-06-08,VERIFY,Namilio Verify,447846,0.229,99,364,100.0194,false,
2026-06-08,STUDIO,Namilio Studio,469282,0.144,55,390,100.0236,false,
2026-06-08,CONNECT-ENT,Namilio Connect Enterprise,263743,0.405,122,346,99.9581,false,
2026-06-09,VOICE-AGENT,Namilio Voice Agents,220189,0.622,319,1070,99.9827,false,
2026-06-09,MSG-API,Namilio Messaging API,6062543,0.374,36,484,99.9804,false,
2026-06-09,COPILOT-API,Namilio Copilot API,1038276,0.357,756,2343,99.9838,false,
2026-06-09,VERIFY,Namilio Verify,361550,0.479,118,268,99.9833,false,
2026-06-09,STUDIO,Namilio Studio,442592,0.167,105,289,99.9901,false,
2026-06-09,CONNECT-ENT,Namilio Connect Enterprise,416054,0.4,104,95,100.0296,false,
2026-06-10,VOICE-AGENT,Namilio Voice Agents,299019,0.01,303,1042,99.9639,false,
2026-06-10,MSG-API,Namilio Messaging API,4911959,0.323,69,100,99.9878,false,
2026-06-10,COPILOT-API,Namilio Copilot API,864683,0.237,746,1979,99.9885,false,
2026-06-10,VERIFY,Namilio Verify,491632,0.074,132,314,99.9734,false,
2026-06-10,STUDIO,Namilio Studio,479280,0.395,116,171,99.9819,false,
2026-06-10,CONNECT-ENT,Namilio Connect Enterprise,434365,0.41,96,403,99.9584,false,
2026-06-11,VOICE-AGENT,Namilio Voice Agents,233988,0.387,360,750,99.9804,false,
2026-06-11,MSG-API,Namilio Messaging API,5576606,0.01,128,364,99.9788,false,
2026-06-11,COPILOT-API,Namilio Copilot API,730218,0.094,771,2264,99.9404,false,
2026-06-11,VERIFY,Namilio Verify,370775,0.378,140,252,99.9981,false,
2026-06-11,STUDIO,Namilio Studio,355605,0.33,138,221,99.9442,false,
2026-06-11,CONNECT-ENT,Namilio Connect Enterprise,455758,0.512,40,157,99.9903,false,
2026-06-12,VOICE-AGENT,Namilio Voice Agents,222347,0.314,347,890,99.9684,false,
2026-06-12,MSG-API,Namilio Messaging API,4795821,0.238,111,319,99.979,false,
2026-06-12,COPILOT-API,Namilio Copilot API,885041,0.23,752,2200,99.9589,false,
2026-06-12,VERIFY,Namilio Verify,363846,0.214,41,353,100.0011,false,
2026-06-12,STUDIO,Namilio Studio,368527,0.296,87,245,99.9824,false,
2026-06-12,CONNECT-ENT,Namilio Connect Enterprise,470718,0.409,136,212,100.0018,false,
2026-06-13,VOICE-AGENT,Namilio Voice Agents,233143,0.255,271,751,99.9896,false,
2026-06-13,MSG-API,Namilio Messaging API,5719195,0.343,82,144,99.9907,false,
2026-06-13,COPILOT-API,Namilio Copilot API,809039,0.281,729,2158,99.9883,false,
2026-06-13,VERIFY,Namilio Verify,572555,0.448,61,486,100.0019,false,
2026-06-13,STUDIO,Namilio Studio,390816,0.547,73,429,100.0163,false,
2026-06-13,CONNECT-ENT,Namilio Connect Enterprise,475924,0.374,114,60,100.0027,false,
2026-06-14,VOICE-AGENT,Namilio Voice Agents,185707,0.338,316,844,100.004,false,
2026-06-14,MSG-API,Namilio Messaging API,4354806,0.214,90,189,99.9687,false,
2026-06-14,COPILOT-API,Namilio Copilot API,764633,0.403,718,2153,100.0008,false,
2026-06-14,VERIFY,Namilio Verify,346303,0.191,93,340,99.9997,false,
2026-06-14,STUDIO,Namilio Studio,420516,0.198,90,396,100.0168,false,
2026-06-14,CONNECT-ENT,Namilio Connect Enterprise,351265,0.397,50,368,100.0042,false,
2026-06-15,VOICE-AGENT,Namilio Voice Agents,220619,0.177,316,814,99.9799,false,
2026-06-15,MSG-API,Namilio Messaging API,3683762,0.314,64,490,99.9726,false,
2026-06-15,COPILOT-API,Namilio Copilot API,975687,0.269,746,2079,99.9898,false,
2026-06-15,VERIFY,Namilio Verify,425473,0.273,92,302,99.9518,false,
2026-06-15,STUDIO,Namilio Studio,549611,0.224,120,250,99.9678,false,
2026-06-15,CONNECT-ENT,Namilio Connect Enterprise,344196,0.352,89,173,100.0112,false,
2026-06-16,VOICE-AGENT,Namilio Voice Agents,184716,0.32,343,873,99.9448,false,
2026-06-16,MSG-API,Namilio Messaging API,4700397,0.271,48,293,99.9864,false,
2026-06-16,COPILOT-API,Namilio Copilot API,771378,0.43,651,2187,99.9896,false,
2026-06-16,VERIFY,Namilio Verify,452070,0.49,69,348,99.9696,false,
2026-06-16,STUDIO,Namilio Studio,369040,0.107,20,375,99.9871,false,
2026-06-16,CONNECT-ENT,Namilio Connect Enterprise,467187,0.565,83,338,99.9766,false,
2026-06-17,VOICE-AGENT,Namilio Voice Agents,229461,0.385,337,885,99.9518,false,
2026-06-17,MSG-API,Namilio Messaging API,4804234,0.178,109,267,99.9866,false,
2026-06-17,COPILOT-API,Namilio Copilot API,827236,0.3,729,1887,100.0167,false,
2026-06-17,VERIFY,Namilio Verify,420639,0.374,60,352,99.9874,false,
2026-06-17,STUDIO,Namilio Studio,425948,0.412,145,235,99.9697,false,
2026-06-17,CONNECT-ENT,Namilio Connect Enterprise,473784,0.326,135,296,100.0015,false,
2026-06-18,VOICE-AGENT,Namilio Voice Agents,190215,0.51,314,825,99.9903,false,
2026-06-18,MSG-API,Namilio Messaging API,6073116,0.409,113,157,99.9871,false,
2026-06-18,COPILOT-API,Namilio Copilot API,961103,0.035,734,2147,99.9968,false,
2026-06-18,VERIFY,Namilio Verify,361315,0.455,97,196,99.9838,false,
2026-06-18,STUDIO,Namilio Studio,450223,0.213,107,235,99.988,false,
2026-06-18,CONNECT-ENT,Namilio Connect Enterprise,461569,0.287,59,60,99.9586,false,
2026-06-19,VOICE-AGENT,Namilio Voice Agents,243631,0.178,384,887,99.9555,false,
2026-06-19,MSG-API,Namilio Messaging API,5197271,0.472,40,159,99.9816,false,
2026-06-19,COPILOT-API,Namilio Copilot API,942184,0.356,762,2119,99.9556,false,
2026-06-19,VERIFY,Namilio Verify,268101,2.793,52,113,97.1172,true,SEV3
2026-06-19,STUDIO,Namilio Studio,559858,5.495,126,350,96.9409,true,SEV3
2026-06-19,CONNECT-ENT,Namilio Connect Enterprise,454602,0.22,124,265,99.9675,false,
2026-06-20,VOICE-AGENT,Namilio Voice Agents,190724,0.109,296,969,99.9541,false,
2026-06-20,MSG-API,Namilio Messaging API,3611902,0.389,174,386,99.9722,false,
2026-06-20,COPILOT-API,Namilio Copilot API,1038093,0.59,732,2133,100,false,
2026-06-20,VERIFY,Namilio Verify,500109,0.297,91,129,99.9485,false,
2026-06-20,STUDIO,Namilio Studio,384445,0.462,66,398,99.9722,false,
2026-06-20,CONNECT-ENT,Namilio Connect Enterprise,462827,0.371,178,193,100.0138,false,
2026-06-21,VOICE-AGENT,Namilio Voice Agents,218575,0.276,325,930,99.9645,false,
2026-06-21,MSG-API,Namilio Messaging API,4230695,0.243,86,243,100.034,false,
2026-06-21,COPILOT-API,Namilio Copilot API,915773,0.17,689,2053,100.003,false,
2026-06-21,VERIFY,Namilio Verify,425828,0.437,101,175,99.9877,false,
2026-06-21,STUDIO,Namilio Studio,506994,4.143,41,60,99.2361,true,SEV3
2026-06-21,CONNECT-ENT,Namilio Connect Enterprise,253202,0.25,31,382,99.9531,false,
2026-06-22,VOICE-AGENT,Namilio Voice Agents,237474,0.354,325,897,99.9875,false,
2026-06-22,MSG-API,Namilio Messaging API,4625847,0.273,80,399,99.9812,false,
2026-06-22,COPILOT-API,Namilio Copilot API,957983,0.067,696,1908,99.9896,false,
2026-06-22,VERIFY,Namilio Verify,381193,0.154,51,436,99.9798,false,
2026-06-22,STUDIO,Namilio Studio,338027,0.102,113,245,99.989,false,
2026-06-22,CONNECT-ENT,Namilio Connect Enterprise,497479,0.156,20,434,99.9949,false,
2026-06-23,VOICE-AGENT,Namilio Voice Agents,218793,0.208,320,653,100.0197,false,
2026-06-23,MSG-API,Namilio Messaging API,5460728,0.353,156,178,99.9821,false,
2026-06-23,COPILOT-API,Namilio Copilot API,969567,0.258,778,2202,99.9755,false,
2026-06-23,VERIFY,Namilio Verify,493678,0.243,99,208,99.9689,false,
2026-06-23,STUDIO,Namilio Studio,451934,0.138,104,506,99.9984,false,
2026-06-23,CONNECT-ENT,Namilio Connect Enterprise,464411,0.444,75,122,100.0118,false,
2026-06-24,VOICE-AGENT,Namilio Voice Agents,282810,0.129,330,984,99.9977,false,
2026-06-24,MSG-API,Namilio Messaging API,4767303,0.578,90,331,99.9524,false,
2026-06-24,COPILOT-API,Namilio Copilot API,841196,3.661,752,2076,96.2976,true,SEV3
2026-06-24,VERIFY,Namilio Verify,373004,0.662,78,479,99.9661,false,
2026-06-24,STUDIO,Namilio Studio,491527,0.356,91,281,99.9664,false,
2026-06-24,CONNECT-ENT,Namilio Connect Enterprise,437794,0.213,111,297,100.0363,false,
2026-06-25,VOICE-AGENT,Namilio Voice Agents,259759,0.29,276,823,100.0019,false,
2026-06-25,MSG-API,Namilio Messaging API,6462247,0.255,122,60,99.9734,false,
2026-06-25,COPILOT-API,Namilio Copilot API,703528,0.101,770,2356,99.974,false,
2026-06-25,VERIFY,Namilio Verify,387931,0.332,123,500,99.9731,false,
2026-06-25,STUDIO,Namilio Studio,339693,0.354,70,218,99.9753,false,
2026-06-25,CONNECT-ENT,Namilio Connect Enterprise,443561,0.21,80,229,99.9951,false,
2026-06-26,VOICE-AGENT,Namilio Voice Agents,250745,0.25,315,804,100.0152,false,
2026-06-26,MSG-API,Namilio Messaging API,5395476,0.607,111,315,99.9732,false,
2026-06-26,COPILOT-API,Namilio Copilot API,834579,0.165,727,2085,99.9306,false,
2026-06-26,VERIFY,Namilio Verify,402844,0.33,123,261,100.0221,false,
2026-06-26,STUDIO,Namilio Studio,367049,0.376,69,130,100.0143,false,
2026-06-26,CONNECT-ENT,Namilio Connect Enterprise,474181,0.232,78,184,99.9914,false,
2026-06-27,VOICE-AGENT,Namilio Voice Agents,266310,0.19,322,1017,100.0105,false,
2026-06-27,MSG-API,Namilio Messaging API,4590350,0.063,89,97,99.9875,false,
2026-06-27,COPILOT-API,Namilio Copilot API,892725,0.352,726,1957,99.9715,false,
2026-06-27,VERIFY,Namilio Verify,344007,0.267,68,314,100.0038,false,
2026-06-27,STUDIO,Namilio Studio,427158,0.237,52,266,99.9703,false,
2026-06-27,CONNECT-ENT,Namilio Connect Enterprise,358824,0.123,59,132,99.9552,false,
2026-06-28,VOICE-AGENT,Namilio Voice Agents,261536,0.421,306,670,99.9562,false,
2026-06-28,MSG-API,Namilio Messaging API,4366176,0.348,72,263,99.9958,false,
2026-06-28,COPILOT-API,Namilio Copilot API,812677,0.215,719,2202,99.9684,false,
2026-06-28,VERIFY,Namilio Verify,471204,0.289,131,239,99.9849,false,
2026-06-28,STUDIO,Namilio Studio,509108,0.358,93,261,99.9679,false,
2026-06-28,CONNECT-ENT,Namilio Connect Enterprise,333768,0.312,151,275,100.0271,false,
2026-06-29,VOICE-AGENT,Namilio Voice Agents,231399,0.155,314,980,99.9646,false,
2026-06-29,MSG-API,Namilio Messaging API,5341637,0.456,101,425,99.9974,false,
2026-06-29,COPILOT-API,Namilio Copilot API,704575,0.445,737,2315,99.9674,false,
2026-06-29,VERIFY,Namilio Verify,457206,0.294,106,205,99.9845,false,
2026-06-29,STUDIO,Namilio Studio,441008,0.349,138,379,99.9827,false,
2026-06-29,CONNECT-ENT,Namilio Connect Enterprise,589147,0.337,43,194,99.9543,false,
2026-06-30,VOICE-AGENT,Namilio Voice Agents,247216,0.246,360,721,99.9616,false,
2026-06-30,MSG-API,Namilio Messaging API,5359251,0.163,126,303,99.9859,false,
2026-06-30,COPILOT-API,Namilio Copilot API,765304,0.357,737,2047,99.9631,false,
2026-06-30,VERIFY,Namilio Verify,503431,0.335,88,284,100.0012,false,
2026-06-30,STUDIO,Namilio Studio,355814,0.354,47,396,100.0023,false,
2026-06-30,CONNECT-ENT,Namilio Connect Enterprise,259339,0.169,88,247,99.9941,false,
2026-07-01,VOICE-AGENT,Namilio Voice Agents,189210,0.313,305,938,99.9944,false,
2026-07-01,MSG-API,Namilio Messaging API,6123857,0.446,142,236,99.9902,false,
2026-07-01,COPILOT-API,Namilio Copilot API,811744,0.318,760,2131,99.9774,false,
2026-07-01,VERIFY,Namilio Verify,377815,0.412,109,209,99.9864,false,
2026-07-01,STUDIO,Namilio Studio,369927,0.472,66,190,99.9519,false,
2026-07-01,CONNECT-ENT,Namilio Connect Enterprise,358983,0.182,92,212,99.956,false,
2026-07-02,VOICE-AGENT,Namilio Voice Agents,309845,0.251,363,681,99.9483,false,
2026-07-02,MSG-API,Namilio Messaging API,4418435,0.23,56,471,99.9704,false,
2026-07-02,COPILOT-API,Namilio Copilot API,855492,0.264,729,2215,99.9799,false,
2026-07-02,VERIFY,Namilio Verify,266078,0.392,89,60,99.9657,false,
2026-07-02,STUDIO,Namilio Studio,389422,0.217,94,455,99.9899,false,
2026-07-02,CONNECT-ENT,Namilio Connect Enterprise,452777,0.171,114,206,99.99,false,
2026-07-03,VOICE-AGENT,Namilio Voice Agents,242382,0.123,272,845,99.9605,false,
2026-07-03,MSG-API,Namilio Messaging API,5349474,0.267,137,248,99.9948,false,
2026-07-03,COPILOT-API,Namilio Copilot API,577333,0.228,716,2119,99.9815,false,
2026-07-03,VERIFY,Namilio Verify,345285,0.225,132,263,99.9915,false,
2026-07-03,STUDIO,Namilio Studio,451500,0.192,142,216,99.9947,false,
2026-07-03,CONNECT-ENT,Namilio Connect Enterprise,301438,0.339,110,334,99.9864,false,
2026-07-04,VOICE-AGENT,Namilio Voice Agents,212065,0.276,347,873,99.9963,false,
2026-07-04,MSG-API,Namilio Messaging API,4272149,0.25,99,175,99.9724,false,
2026-07-04,COPILOT-API,Namilio Copilot API,736023,0.346,747,1905,99.9841,false,
2026-07-04,VERIFY,Namilio Verify,223489,0.324,112,422,99.9875,false,
2026-07-04,STUDIO,Namilio Studio,439643,0.112,58,171,100.0202,false,
2026-07-04,CONNECT-ENT,Namilio Connect Enterprise,320838,0.103,97,385,100.0186,false,
2026-07-05,VOICE-AGENT,Namilio Voice Agents,141445,0.163,352,962,99.9798,false,
2026-07-05,MSG-API,Namilio Messaging API,5752240,0.187,151,250,99.9552,false,
2026-07-05,COPILOT-API,Namilio Copilot API,1204572,0.29,752,2109,99.9954,false,
2026-07-05,VERIFY,Namilio Verify,383360,0.533,100,186,99.9998,false,
2026-07-05,STUDIO,Namilio Studio,414325,0.181,107,307,99.9773,false,
2026-07-05,CONNECT-ENT,Namilio Connect Enterprise,337376,0.421,32,319,100.0135,false,
2026-07-06,VOICE-AGENT,Namilio Voice Agents,188557,0.19,329,628,99.986,false,
2026-07-06,MSG-API,Namilio Messaging API,4960937,0.023,107,306,99.9709,false,
2026-07-06,COPILOT-API,Namilio Copilot API,947760,0.405,763,2283,99.969,false,
2026-07-06,VERIFY,Namilio Verify,516727,3.825,103,60,98.1725,true,SEV3
2026-07-06,STUDIO,Namilio Studio,463287,0.265,140,518,99.9706,false,
2026-07-06,CONNECT-ENT,Namilio Connect Enterprise,391109,0.314,74,159,100.01,false,
2026-07-07,VOICE-AGENT,Namilio Voice Agents,263600,0.303,309,845,99.9738,false,
2026-07-07,MSG-API,Namilio Messaging API,6133934,0.39,119,300,99.9965,false,
2026-07-07,COPILOT-API,Namilio Copilot API,809446,0.483,744,2056,99.9778,false,
2026-07-07,VERIFY,Namilio Verify,413601,0.265,96,174,99.9543,false,
2026-07-07,STUDIO,Namilio Studio,295246,0.179,48,195,99.9999,false,
2026-07-07,CONNECT-ENT,Namilio Connect Enterprise,407838,0.263,111,328,99.9661,false,
2026-07-08,VOICE-AGENT,Namilio Voice Agents,290263,0.402,281,838,99.9947,false,
2026-07-08,MSG-API,Namilio Messaging API,4227268,0.318,101,163,99.9765,false,
2026-07-08,COPILOT-API,Namilio Copilot API,756089,0.168,747,2138,99.9315,false,
2026-07-08,VERIFY,Namilio Verify,481926,0.147,74,331,99.9532,false,
2026-07-08,STUDIO,Namilio Studio,409389,0.197,49,400,99.9895,false,
2026-07-08,CONNECT-ENT,Namilio Connect Enterprise,363723,0.211,76,160,99.9432,false,
2026-07-09,VOICE-AGENT,Namilio Voice Agents,207073,0.301,304,798,99.9613,false,
2026-07-09,MSG-API,Namilio Messaging API,5030040,0.622,58,246,99.9729,false,
2026-07-09,COPILOT-API,Namilio Copilot API,1053864,0.195,756,2105,99.9917,false,
2026-07-09,VERIFY,Namilio Verify,363316,0.366,93,292,100.0167,false,
2026-07-09,STUDIO,Namilio Studio,481446,0.446,81,377,100.0095,false,
2026-07-09,CONNECT-ENT,Namilio Connect Enterprise,336236,0.244,57,286,99.9883,false,
2026-07-10,VOICE-AGENT,Namilio Voice Agents,222787,0.325,287,912,99.9854,false,
2026-07-10,MSG-API,Namilio Messaging API,6548779,0.091,131,275,99.9763,false,
2026-07-10,COPILOT-API,Namilio Copilot API,1235837,0.542,768,2233,100.007,false,
2026-07-10,VERIFY,Namilio Verify,595712,0.273,101,266,100.0153,false,
2026-07-10,STUDIO,Namilio Studio,502487,0.196,173,311,99.9777,false,
2026-07-10,CONNECT-ENT,Namilio Connect Enterprise,315379,5.263,34,591,98.4177,true,SEV3
2026-07-11,VOICE-AGENT,Namilio Voice Agents,296753,0.341,319,778,99.9877,false,
2026-07-11,MSG-API,Namilio Messaging API,5654904,0.097,112,165,99.9532,false,
2026-07-11,COPILOT-API,Namilio Copilot API,837914,0.119,765,1835,99.9814,false,
2026-07-11,VERIFY,Namilio Verify,468745,0.161,109,60,99.9817,false,
2026-07-11,STUDIO,Namilio Studio,426592,0.587,131,276,100.0072,false,
2026-07-11,CONNECT-ENT,Namilio Connect Enterprise,324388,0.198,101,347,99.9824,false,
2026-07-12,VOICE-AGENT,Namilio Voice Agents,226161,0.323,293,1056,100.0088,false,
2026-07-12,MSG-API,Namilio Messaging API,3387213,0.416,147,126,99.9872,false,
2026-07-12,COPILOT-API,Namilio Copilot API,1066122,0.25,726,2210,99.9782,false,
2026-07-12,VERIFY,Namilio Verify,305783,0.325,109,199,99.9699,false,
2026-07-12,STUDIO,Namilio Studio,334815,0.452,87,497,99.9888,false,
2026-07-12,CONNECT-ENT,Namilio Connect Enterprise,407521,0.268,109,107,99.9924,false,
2026-07-13,VOICE-AGENT,Namilio Voice Agents,195222,0.047,234,635,100.0334,false,
2026-07-13,MSG-API,Namilio Messaging API,4800797,0.033,78,239,100.0413,false,
2026-07-13,COPILOT-API,Namilio Copilot API,784663,0.01,714,2261,99.9874,false,
2026-07-13,VERIFY,Namilio Verify,259095,0.44,79,249,100.0184,false,
2026-07-13,STUDIO,Namilio Studio,509748,0.068,105,134,100.0025,false,
2026-07-13,CONNECT-ENT,Namilio Connect Enterprise,184747,0.141,44,235,99.9291,false,
2026-07-14,VOICE-AGENT,Namilio Voice Agents,310945,0.01,331,790,99.9895,false,
2026-07-14,MSG-API,Namilio Messaging API,5032783,0.054,89,98,99.9748,false,
2026-07-14,COPILOT-API,Namilio Copilot API,683021,0.262,731,2113,100.0111,false,
2026-07-14,VERIFY,Namilio Verify,437124,0.218,114,232,99.9813,false,
2026-07-14,STUDIO,Namilio Studio,441166,0.216,83,113,99.9482,false,
2026-07-14,CONNECT-ENT,Namilio Connect Enterprise,508807,0.404,118,354,99.9721,false,
2026-07-15,VOICE-AGENT,Namilio Voice Agents,279830,0.433,296,985,99.9761,false,
2026-07-15,MSG-API,Namilio Messaging API,5090295,0.149,82,300,99.9818,false,
2026-07-15,COPILOT-API,Namilio Copilot API,1015214,0.326,740,1895,99.9837,false,
2026-07-15,VERIFY,Namilio Verify,404005,0.361,89,419,99.9997,false,
2026-07-15,STUDIO,Namilio Studio,302840,0.38,57,173,99.9731,false,
2026-07-15,CONNECT-ENT,Namilio Connect Enterprise,607876,0.327,126,483,99.9689,false,
2026-07-16,VOICE-AGENT,Namilio Voice Agents,209578,0.01,268,994,100.0181,false,
2026-07-16,MSG-API,Namilio Messaging API,4168098,0.584,83,189,99.9741,false,
2026-07-16,COPILOT-API,Namilio Copilot API,981769,0.308,699,1986,100.0023,false,
2026-07-16,VERIFY,Namilio Verify,401391,0.274,115,176,100.0033,false,
2026-07-16,STUDIO,Namilio Studio,511617,0.17,107,302,99.9859,false,
2026-07-16,CONNECT-ENT,Namilio Connect Enterprise,389906,0.308,40,194,100.0011,false,
2026-07-17,VOICE-AGENT,Namilio Voice Agents,204301,0.12,321,696,99.9548,false,
2026-07-17,MSG-API,Namilio Messaging API,6411779,0.372,89,214,99.9615,false,
2026-07-17,COPILOT-API,Namilio Copilot API,1197064,0.171,728,2097,99.9905,false,
2026-07-17,VERIFY,Namilio Verify,297645,0.421,120,461,99.9799,false,
2026-07-17,STUDIO,Namilio Studio,349024,0.392,80,165,99.9899,false,
2026-07-17,CONNECT-ENT,Namilio Connect Enterprise,363047,0.18,91,77,100.0085,false,
2026-07-18,VOICE-AGENT,Namilio Voice Agents,211236,0.334,327,691,99.9784,false,
2026-07-18,MSG-API,Namilio Messaging API,5791926,0.383,70,138,99.9577,false,
2026-07-18,COPILOT-API,Namilio Copilot API,815764,0.051,741,2135,100.0064,false,
2026-07-18,VERIFY,Namilio Verify,570071,0.321,124,390,99.994,false,
2026-07-18,STUDIO,Namilio Studio,451067,0.158,106,272,99.994,false,
2026-07-18,CONNECT-ENT,Namilio Connect Enterprise,416797,0.296,77,163,100.0032,false,
2026-07-19,VOICE-AGENT,Namilio Voice Agents,257562,0.012,303,969,100.0011,false,
2026-07-19,MSG-API,Namilio Messaging API,5050675,0.512,85,347,99.9941,false,
2026-07-19,COPILOT-API,Namilio Copilot API,982281,0.413,727,1941,99.9881,false,
2026-07-19,VERIFY,Namilio Verify,536878,0.387,42,287,100.0013,false,
2026-07-19,STUDIO,Namilio Studio,437619,0.54,32,251,100.0043,false,
2026-07-19,CONNECT-ENT,Namilio Connect Enterprise,623486,0.01,112,378,99.9689,false,
2026-07-20,VOICE-AGENT,Namilio Voice Agents,151066,0.237,374,889,99.9371,false,
2026-07-20,MSG-API,Namilio Messaging API,5559922,0.527,107,213,99.9702,false,
2026-07-20,COPILOT-API,Namilio Copilot API,585933,0.141,692,2056,99.9948,false,
2026-07-20,VERIFY,Namilio Verify,556981,0.178,138,164,99.9673,false,
2026-07-20,STUDIO,Namilio Studio,381731,0.28,76,60,99.9791,false,
2026-07-20,CONNECT-ENT,Namilio Connect Enterprise,433145,0.316,82,240,99.9747,false,
2026-07-21,VOICE-AGENT,Namilio Voice Agents,242148,0.131,286,1175,99.9493,false,
2026-07-21,MSG-API,Namilio Messaging API,5105329,0.349,154,265,99.9888,false,
2026-07-21,COPILOT-API,Namilio Copilot API,661164,0.248,736,2213,99.9616,false,
2026-07-21,VERIFY,Namilio Verify,402013,0.285,86,115,99.977,false,
2026-07-21,STUDIO,Namilio Studio,304503,0.125,41,60,99.9952,false,
2026-07-21,CONNECT-ENT,Namilio Connect Enterprise,307497,0.143,70,269,99.999,false,
2026-07-22,VOICE-AGENT,Namilio Voice Agents,193476,0.425,295,800,99.9803,false,
2026-07-22,MSG-API,Namilio Messaging API,3611385,0.416,66,506,99.9629,false,
2026-07-22,COPILOT-API,Namilio Copilot API,1283231,0.204,684,2126,100.0068,false,
2026-07-22,VERIFY,Namilio Verify,425504,0.467,89,216,99.9508,false,
2026-07-22,STUDIO,Namilio Studio,408144,0.584,100,274,99.989,false,
2026-07-22,CONNECT-ENT,Namilio Connect Enterprise,398790,0.031,49,191,100.0001,false,
2026-07-23,VOICE-AGENT,Namilio Voice Agents,215543,0.613,316,725,99.9751,false,
2026-07-23,MSG-API,Namilio Messaging API,3517774,0.221,137,345,100.0103,false,
2026-07-23,COPILOT-API,Namilio Copilot API,1030996,0.471,703,2046,99.991,false,
2026-07-23,VERIFY,Namilio Verify,457893,0.069,115,393,99.9689,false,
2026-07-23,STUDIO,Namilio Studio,451718,0.137,98,252,100.0045,false,
2026-07-23,CONNECT-ENT,Namilio Connect Enterprise,337417,0.242,124,87,99.9719,false,
2026-07-24,VOICE-AGENT,Namilio Voice Agents,254774,0.486,287,971,99.9682,false,
2026-07-24,MSG-API,Namilio Messaging API,4105114,0.379,88,382,99.9413,false,
2026-07-24,COPILOT-API,Namilio Copilot API,863939,0.216,711,2044,100.0141,false,
2026-07-24,VERIFY,Namilio Verify,483934,0.323,133,239,100.0119,false,
2026-07-24,STUDIO,Namilio Studio,533789,0.01,131,287,99.9945,false,
2026-07-24,CONNECT-ENT,Namilio Connect Enterprise,406256,0.329,80,281,99.9976,false,
2026-07-25,VOICE-AGENT,Namilio Voice Agents,207617,0.157,329,1022,99.9976,false,
2026-07-25,MSG-API,Namilio Messaging API,5886892,0.414,123,208,100.0032,false,
2026-07-25,COPILOT-API,Namilio Copilot API,846851,0.498,745,1806,100.0066,false,
2026-07-25,VERIFY,Namilio Verify,369946,0.523,104,331,99.9794,false,
2026-07-25,STUDIO,Namilio Studio,482012,0.234,95,197,100.0091,false,
2026-07-25,CONNECT-ENT,Namilio Connect Enterprise,479829,0.302,50,384,99.9993,false,
2026-07-26,VOICE-AGENT,Namilio Voice Agents,204588,0.187,272,848,99.9823,false,
2026-07-26,MSG-API,Namilio Messaging API,5097581,0.162,150,158,99.9386,false,
2026-07-26,COPILOT-API,Namilio Copilot API,864711,0.597,777,2177,99.9671,false,
2026-07-26,VERIFY,Namilio Verify,397585,0.553,53,422,99.9932,false,
2026-07-26,STUDIO,Namilio Studio,472665,0.328,87,434,99.9947,false,
2026-07-26,CONNECT-ENT,Namilio Connect Enterprise,400703,0.462,84,82,99.9919,false,
2026-07-27,VOICE-AGENT,Namilio Voice Agents,211038,0.361,342,971,99.9855,false,
2026-07-27,MSG-API,Namilio Messaging API,5633159,0.284,51,270,100.0227,false,
2026-07-27,COPILOT-API,Namilio Copilot API,749980,3.912,721,1574,98.5742,true,SEV2
2026-07-27,VERIFY,Namilio Verify,388039,0.16,106,527,99.9852,false,
2026-07-27,STUDIO,Namilio Studio,406396,0.334,32,261,99.9872,false,
2026-07-27,CONNECT-ENT,Namilio Connect Enterprise,448295,0.138,111,60,99.9944,false,
2026-07-28,VOICE-AGENT,Namilio Voice Agents,209331,0.475,317,859,99.9727,false,
2026-07-28,MSG-API,Namilio Messaging API,6216029,0.103,103,305,99.9675,false,
2026-07-28,COPILOT-API,Namilio Copilot API,841197,0.112,713,1913,99.9818,false,
2026-07-28,VERIFY,Namilio Verify,346186,0.292,133,210,99.9995,false,
2026-07-28,STUDIO,Namilio Studio,340181,0.072,116,243,99.9676,false,
2026-07-28,CONNECT-ENT,Namilio Connect Enterprise,436698,0.288,161,60,99.9873,false,
2026-07-29,VOICE-AGENT,Namilio Voice Agents,213405,0.271,279,989,99.983,false,
2026-07-29,MSG-API,Namilio Messaging API,5445341,0.446,109,60,100.0037,false,
2026-07-29,COPILOT-API,Namilio Copilot API,661401,0.185,753,2000,99.9704,false,
2026-07-29,VERIFY,Namilio Verify,338758,0.418,45,181,99.9688,false,
2026-07-29,STUDIO,Namilio Studio,288875,0.271,126,527,100.005,false,
2026-07-29,CONNECT-ENT,Namilio Connect Enterprise,427214,0.416,92,453,99.9928,false,
2026-07-30,VOICE-AGENT,Namilio Voice Agents,282975,0.296,314,872,100.0169,false,
2026-07-30,MSG-API,Namilio Messaging API,4800743,8.75,134,381,99.8438,true,SEV3
2026-07-30,COPILOT-API,Namilio Copilot API,955423,0.126,764,2318,99.98,false,
2026-07-30,VERIFY,Namilio Verify,501807,0.485,59,524,99.9801,false,
2026-07-30,STUDIO,Namilio Studio,488090,0.329,42,325,99.974,false,
2026-07-30,CONNECT-ENT,Namilio Connect Enterprise,485838,0.115,122,198,99.9962,false,
2026-07-31,VOICE-AGENT,Namilio Voice Agents,305106,0.295,320,822,100.0126,false,
2026-07-31,MSG-API,Namilio Messaging API,5735400,0.211,96,135,99.9592,false,
2026-07-31,COPILOT-API,Namilio Copilot API,1004146,0.299,758,2218,99.9787,false,
2026-07-31,VERIFY,Namilio Verify,347436,0.094,61,147,99.9932,false,
2026-07-31,STUDIO,Namilio Studio,272380,0.323,79,216,100.002,false,
2026-07-31,CONNECT-ENT,Namilio Connect Enterprise,410998,0.097,170,278,99.9922,false,
2026-08-01,VOICE-AGENT,Namilio Voice Agents,216292,0.283,330,823,99.989,false,
2026-08-01,MSG-API,Namilio Messaging API,5996959,0.291,115,382,100.0312,false,
2026-08-01,COPILOT-API,Namilio Copilot API,1012552,0.388,744,2117,99.9659,false,
2026-08-01,VERIFY,Namilio Verify,384072,0.296,81,60,99.9697,false,
2026-08-01,STUDIO,Namilio Studio,329982,0.362,116,232,99.9996,false,
2026-08-01,CONNECT-ENT,Namilio Connect Enterprise,376872,0.041,163,309,99.9976,false,
2026-08-02,VOICE-AGENT,Namilio Voice Agents,268119,0.336,341,839,99.9919,false,
2026-08-02,MSG-API,Namilio Messaging API,4856720,0.343,105,60,99.9725,false,
2026-08-02,COPILOT-API,Namilio Copilot API,1040133,0.328,708,2326,99.9612,false,
2026-08-02,VERIFY,Namilio Verify,456107,0.096,137,204,99.998,false,
2026-08-02,STUDIO,Namilio Studio,444862,0.219,48,218,99.9949,false,
2026-08-02,CONNECT-ENT,Namilio Connect Enterprise,488232,0.338,91,268,99.9615,false,
2026-08-03,VOICE-AGENT,Namilio Voice Agents,287046,0.59,331,803,99.9759,false,
2026-08-03,MSG-API,Namilio Messaging API,5392775,0.298,114,400,99.9946,false,
2026-08-03,COPILOT-API,Namilio Copilot API,933429,0.656,737,2091,99.9628,false,
2026-08-03,VERIFY,Namilio Verify,374743,0.419,72,378,100.0092,false,
2026-08-03,STUDIO,Namilio Studio,336183,0.318,108,364,99.9654,false,
2026-08-03,CONNECT-ENT,Namilio Connect Enterprise,394200,0.522,138,402,99.9913,false,
2026-08-04,VOICE-AGENT,Namilio Voice Agents,180812,0.257,330,793,99.9708,false,
2026-08-04,MSG-API,Namilio Messaging API,5575042,0.294,83,282,99.9817,false,
2026-08-04,COPILOT-API,Namilio Copilot API,973990,0.192,753,2145,99.9407,false,
2026-08-04,VERIFY,Namilio Verify,398533,0.097,83,187,100.0139,false,
2026-08-04,STUDIO,Namilio Studio,332877,0.081,96,153,100.009,false,
2026-08-04,CONNECT-ENT,Namilio Connect Enterprise,516274,0.3,20,479,99.9955,false,
2026-08-05,VOICE-AGENT,Namilio Voice Agents,263530,0.347,320,972,99.9653,false,
2026-08-05,MSG-API,Namilio Messaging API,5783724,0.318,61,373,99.9665,false,
2026-08-05,COPILOT-API,Namilio Copilot API,992242,0.548,748,2190,99.992,false,
2026-08-05,VERIFY,Namilio Verify,400575,0.258,93,90,99.9591,false,
2026-08-05,STUDIO,Namilio Studio,427406,0.141,62,102,100.0146,false,
2026-08-05,CONNECT-ENT,Namilio Connect Enterprise,425818,0.437,47,196,99.9981,false,
2026-08-06,VOICE-AGENT,Namilio Voice Agents,220168,0.194,336,906,99.9949,false,
2026-08-06,MSG-API,Namilio Messaging API,4731948,0.344,69,343,99.9504,false,
2026-08-06,COPILOT-API,Namilio Copilot API,1019881,0.398,720,2112,99.981,false,
2026-08-06,VERIFY,Namilio Verify,520778,0.303,78,98,99.971,false,
2026-08-06,STUDIO,Namilio Studio,412997,0.295,122,151,99.9708,false,
2026-08-06,CONNECT-ENT,Namilio Connect Enterprise,439960,0.423,110,439,99.9423,false,
2026-08-07,VOICE-AGENT,Namilio Voice Agents,267036,0.303,287,663,99.9878,false,
2026-08-07,MSG-API,Namilio Messaging API,5404743,0.074,141,363,99.9745,false,
2026-08-07,COPILOT-API,Namilio Copilot API,876848,0.127,769,2011,99.9808,false,
2026-08-07,VERIFY,Namilio Verify,457726,0.122,107,263,99.9726,false,
2026-08-07,STUDIO,Namilio Studio,402954,0.232,87,302,99.9744,false,
2026-08-07,CONNECT-ENT,Namilio Connect Enterprise,352241,0.442,103,94,99.9679,false,
2026-08-08,VOICE-AGENT,Namilio Voice Agents,265887,0.145,316,627,100.0147,false,
2026-08-08,MSG-API,Namilio Messaging API,5424451,0.16,64,197,100.0066,false,
2026-08-08,COPILOT-API,Namilio Copilot API,837547,0.089,741,1991,99.993,false,
2026-08-08,VERIFY,Namilio Verify,413030,0.15,34,349,100.0113,false,
2026-08-08,STUDIO,Namilio Studio,449066,0.211,59,200,99.9926,false,
2026-08-08,CONNECT-ENT,Namilio Connect Enterprise,462105,0.281,96,60,100.0115,false,
2026-08-09,VOICE-AGENT,Namilio Voice Agents,252440,0.208,310,915,99.9666,false,
2026-08-09,MSG-API,Namilio Messaging API,4332606,0.268,121,363,99.9865,false,
2026-08-09,COPILOT-API,Namilio Copilot API,681806,0.334,658,2033,99.9689,false,
2026-08-09,VERIFY,Namilio Verify,404283,0.228,55,129,99.9773,false,
2026-08-09,STUDIO,Namilio Studio,490857,0.148,108,450,99.9872,false,
2026-08-09,CONNECT-ENT,Namilio Connect Enterprise,398319,0.406,130,139,99.9686,false,
2026-08-10,VOICE-AGENT,Namilio Voice Agents,197995,0.127,265,895,99.9942,false,
2026-08-10,MSG-API,Namilio Messaging API,7373770,0.355,61,388,99.9947,false,
2026-08-10,COPILOT-API,Namilio Copilot API,1058029,0.309,762,2036,99.9984,false,
2026-08-10,VERIFY,Namilio Verify,517685,0.121,90,291,100.0288,false,
2026-08-10,STUDIO,Namilio Studio,484710,0.23,33,236,99.9822,false,
2026-08-10,CONNECT-ENT,Namilio Connect Enterprise,293030,0.355,65,175,99.9883,false,
2026-08-11,VOICE-AGENT,Namilio Voice Agents,224665,0.396,351,1075,100.0025,false,
2026-08-11,MSG-API,Namilio Messaging API,4944584,0.426,84,290,99.9862,false,
2026-08-11,COPILOT-API,Namilio Copilot API,667547,0.324,691,2087,99.9761,false,
2026-08-11,VERIFY,Namilio Verify,422829,0.344,85,435,99.9524,false,
2026-08-11,STUDIO,Namilio Studio,436546,0.243,133,60,99.9984,false,
2026-08-11,CONNECT-ENT,Namilio Connect Enterprise,372505,0.319,91,264,99.9772,false,
2026-08-12,VOICE-AGENT,Namilio Voice Agents,310942,0.069,294,804,99.9739,false,
2026-08-12,MSG-API,Namilio Messaging API,4685226,0.584,86,373,99.9868,false,
2026-08-12,COPILOT-API,Namilio Copilot API,880456,0.118,734,1972,99.9733,false,
2026-08-12,VERIFY,Namilio Verify,346495,0.16,120,330,99.9757,false,
2026-08-12,STUDIO,Namilio Studio,523591,0.418,98,276,100.0135,false,
2026-08-12,CONNECT-ENT,Namilio Connect Enterprise,446616,0.314,74,294,99.9564,false,
2026-08-13,VOICE-AGENT,Namilio Voice Agents,253501,0.182,296,988,99.9717,false,
2026-08-13,MSG-API,Namilio Messaging API,6694517,0.254,126,60,99.9773,false,
2026-08-13,COPILOT-API,Namilio Copilot API,1029261,0.218,732,2134,99.9808,false,
2026-08-13,VERIFY,Namilio Verify,374795,0.449,116,60,99.9482,false,
2026-08-13,STUDIO,Namilio Studio,412216,0.441,102,60,99.9713,false,
2026-08-13,CONNECT-ENT,Namilio Connect Enterprise,560787,0.207,129,176,99.9618,false,
2026-08-14,VOICE-AGENT,Namilio Voice Agents,190428,0.35,320,834,100.0238,false,
2026-08-14,MSG-API,Namilio Messaging API,4734269,0.524,64,60,100.0079,false,
2026-08-14,COPILOT-API,Namilio Copilot API,860167,0.35,685,2180,99.9923,false,
2026-08-14,VERIFY,Namilio Verify,427882,0.09,69,258,99.9908,false,
2026-08-14,STUDIO,Namilio Studio,398906,0.168,83,143,99.991,false,
2026-08-14,CONNECT-ENT,Namilio Connect Enterprise,449976,0.524,75,294,99.9501,false,
2026-08-15,VOICE-AGENT,Namilio Voice Agents,290872,0.297,308,759,99.9472,false,
2026-08-15,MSG-API,Namilio Messaging API,5794922,0.399,148,220,100.0003,false,
2026-08-15,COPILOT-API,Namilio Copilot API,1084474,0.338,748,2096,99.9512,false,
2026-08-15,VERIFY,Namilio Verify,493029,0.278,106,193,99.944,false,
2026-08-15,STUDIO,Namilio Studio,410942,0.356,162,443,100.0012,false,
2026-08-15,CONNECT-ENT,Namilio Connect Enterprise,474200,0.275,129,145,99.9642,false,
2026-08-16,VOICE-AGENT,Namilio Voice Agents,255686,0.364,314,1062,99.9838,false,
2026-08-16,MSG-API,Namilio Messaging API,4598431,0.295,114,245,99.9824,false,
2026-08-16,COPILOT-API,Namilio Copilot API,713276,0.524,704,1961,99.9795,false,
2026-08-16,VERIFY,Namilio Verify,458903,0.252,133,378,99.9878,false,
2026-08-16,STUDIO,Namilio Studio,336285,0.237,94,506,100.003,false,
2026-08-16,CONNECT-ENT,Namilio Connect Enterprise,448793,0.089,96,295,100.0104,false,
2026-08-17,VOICE-AGENT,Namilio Voice Agents,229863,0.121,268,856,99.9807,false,
2026-08-17,MSG-API,Namilio Messaging API,4299867,0.393,131,401,99.9779,false,
2026-08-17,COPILOT-API,Namilio Copilot API,925748,0.253,749,2074,99.9614,false,
2026-08-17,VERIFY,Namilio Verify,383020,0.01,103,316,99.9886,false,
2026-08-17,STUDIO,Namilio Studio,393544,0.378,65,262,99.9938,false,
2026-08-17,CONNECT-ENT,Namilio Connect Enterprise,326089,0.087,141,112,99.9963,false,
2026-08-18,VOICE-AGENT,Namilio Voice Agents,243048,0.275,301,910,99.9765,false,
2026-08-18,MSG-API,Namilio Messaging API,4552427,0.126,68,60,99.9716,false,
2026-08-18,COPILOT-API,Namilio Copilot API,1057669,0.123,757,2370,100.0128,false,
2026-08-18,VERIFY,Namilio Verify,430798,0.238,70,422,99.9954,false,
2026-08-18,STUDIO,Namilio Studio,409903,0.157,110,169,99.9814,false,
2026-08-18,CONNECT-ENT,Namilio Connect Enterprise,337377,0.151,99,281,99.9945,false,
2026-08-19,VOICE-AGENT,Namilio Voice Agents,195955,0.39,265,1132,100.0104,false,
2026-08-19,MSG-API,Namilio Messaging API,6693724,0.383,138,264,100.0003,false,
2026-08-19,COPILOT-API,Namilio Copilot API,1130017,0.515,728,2018,99.9843,false,
2026-08-19,VERIFY,Namilio Verify,457605,0.458,121,209,99.9944,false,
2026-08-19,STUDIO,Namilio Studio,341728,0.457,119,314,99.9666,false,
2026-08-19,CONNECT-ENT,Namilio Connect Enterprise,454247,0.01,101,307,99.9567,false,
2026-08-20,VOICE-AGENT,Namilio Voice Agents,289581,0.433,307,830,99.9562,false,
2026-08-20,MSG-API,Namilio Messaging API,4787770,0.147,38,248,99.9659,false,
2026-08-20,COPILOT-API,Namilio Copilot API,904946,0.579,746,2095,99.982,false,
2026-08-20,VERIFY,Namilio Verify,561838,0.024,92,246,99.9816,false,
2026-08-20,STUDIO,Namilio Studio,411245,0.314,106,347,99.9768,false,
2026-08-20,CONNECT-ENT,Namilio Connect Enterprise,326828,0.288,79,429,99.9647,false,
2026-08-21,VOICE-AGENT,Namilio Voice Agents,274387,0.112,291,951,100.0169,false,
2026-08-21,MSG-API,Namilio Messaging API,4918909,0.274,83,98,99.9662,false,
2026-08-21,COPILOT-API,Namilio Copilot API,954615,0.149,759,2051,99.9932,false,
2026-08-21,VERIFY,Namilio Verify,444485,1.224,101,568,95.5322,true,SEV3
2026-08-21,STUDIO,Namilio Studio,471690,0.279,73,219,99.991,false,
2026-08-21,CONNECT-ENT,Namilio Connect Enterprise,405883,0.333,128,404,99.9693,false,
2026-08-22,VOICE-AGENT,Namilio Voice Agents,216886,0.138,300,902,100.0014,false,
2026-08-22,MSG-API,Namilio Messaging API,3578219,0.26,95,405,100.0065,false,
2026-08-22,COPILOT-API,Namilio Copilot API,1157272,0.058,678,2182,99.973,false,
2026-08-22,VERIFY,Namilio Verify,430993,0.287,112,287,99.9784,false,
2026-08-22,STUDIO,Namilio Studio,446342,0.21,35,371,99.9933,false,
2026-08-22,CONNECT-ENT,Namilio Connect Enterprise,467641,0.311,124,354,99.9855,false,
2026-08-23,VOICE-AGENT,Namilio Voice Agents,264081,0.478,274,762,99.9937,false,
2026-08-23,MSG-API,Namilio Messaging API,5497848,0.347,131,346,99.9683,false,
2026-08-23,COPILOT-API,Namilio Copilot API,1024696,0.045,802,2131,99.9933,false,
2026-08-23,VERIFY,Namilio Verify,501569,0.2,67,312,99.9819,false,
2026-08-23,STUDIO,Namilio Studio,382545,0.214,94,126,99.99,false,
2026-08-23,CONNECT-ENT,Namilio Connect Enterprise,417476,0.229,140,299,99.9998,false,
2026-08-24,VOICE-AGENT,Namilio Voice Agents,253436,0.109,301,714,99.9456,false,
2026-08-24,MSG-API,Namilio Messaging API,4802038,0.461,152,406,99.9554,false,
2026-08-24,COPILOT-API,Namilio Copilot API,858554,0.371,769,1960,99.9977,false,
2026-08-24,VERIFY,Namilio Verify,402313,0.165,73,314,99.983,false,
2026-08-24,STUDIO,Namilio Studio,421272,0.048,101,252,99.9681,false,
2026-08-24,CONNECT-ENT,Namilio Connect Enterprise,553584,0.329,107,378,100.0056,false,
2026-08-25,VOICE-AGENT,Namilio Voice Agents,259250,0.245,301,896,99.9576,false,
2026-08-25,MSG-API,Namilio Messaging API,3624529,0.389,124,349,100.0252,false,
2026-08-25,COPILOT-API,Namilio Copilot API,1137824,0.358,766,2095,99.9699,false,
2026-08-25,VERIFY,Namilio Verify,414908,0.539,54,85,99.9799,false,
2026-08-25,STUDIO,Namilio Studio,512311,0.146,89,318,100.0046,false,
2026-08-25,CONNECT-ENT,Namilio Connect Enterprise,442673,0.023,130,305,99.9959,false,
2026-08-26,VOICE-AGENT,Namilio Voice Agents,280899,0.174,338,915,99.9745,false,
2026-08-26,MSG-API,Namilio Messaging API,5627858,0.287,62,210,99.9853,false,
2026-08-26,COPILOT-API,Namilio Copilot API,663197,0.124,734,2090,99.9881,false,
2026-08-26,VERIFY,Namilio Verify,416992,0.012,88,233,99.9886,false,
2026-08-26,STUDIO,Namilio Studio,391621,0.174,68,645,100.026,false,
2026-08-26,CONNECT-ENT,Namilio Connect Enterprise,444898,0.461,136,336,99.9905,false,
2026-08-27,VOICE-AGENT,Namilio Voice Agents,272047,0.388,357,862,99.9729,false,
2026-08-27,MSG-API,Namilio Messaging API,4794741,0.225,87,557,99.9696,false,
2026-08-27,COPILOT-API,Namilio Copilot API,881032,0.302,743,2386,99.9868,false,
2026-08-27,VERIFY,Namilio Verify,422415,0.232,86,273,99.9781,false,
2026-08-27,STUDIO,Namilio Studio,531801,0.213,126,178,99.9923,false,
2026-08-27,CONNECT-ENT,Namilio Connect Enterprise,423593,0.161,80,164,99.9866,false,
2026-08-28,VOICE-AGENT,Namilio Voice Agents,235656,0.421,311,881,99.9594,false,
2026-08-28,MSG-API,Namilio Messaging API,4034292,6.76,74,757,96.9727,true,SEV2
2026-08-28,COPILOT-API,Namilio Copilot API,1021177,0.258,774,2205,100.0043,false,
2026-08-28,VERIFY,Namilio Verify,355131,0.502,78,435,99.9976,false,
2026-08-28,STUDIO,Namilio Studio,353080,0.324,85,172,99.9588,false,
2026-08-28,CONNECT-ENT,Namilio Connect Enterprise,490606,0.193,108,435,100.016,false,
2026-08-29,VOICE-AGENT,Namilio Voice Agents,210771,0.355,300,874,99.934,false,
2026-08-29,MSG-API,Namilio Messaging API,4572282,0.09,82,203,99.998,false,
2026-08-29,COPILOT-API,Namilio Copilot API,928555,0.326,770,2286,99.9947,false,
2026-08-29,VERIFY,Namilio Verify,340971,0.272,84,207,99.9821,false,
2026-08-29,STUDIO,Namilio Studio,381093,0.528,113,60,99.9673,false,
2026-08-29,CONNECT-ENT,Namilio Connect Enterprise,439306,0.355,72,232,99.9854,false,
2026-08-30,VOICE-AGENT,Namilio Voice Agents,251096,0.01,320,743,99.9636,false,
2026-08-30,MSG-API,Namilio Messaging API,5699597,0.071,94,121,99.9827,false,
2026-08-30,COPILOT-API,Namilio Copilot API,933057,0.314,687,2217,99.9808,false,
2026-08-30,VERIFY,Namilio Verify,483078,0.417,128,216,99.9777,false,
2026-08-30,STUDIO,Namilio Studio,289727,0.268,122,376,99.9919,false,
2026-08-30,CONNECT-ENT,Namilio Connect Enterprise,441543,0.146,113,211,99.9797,false,
2026-08-31,VOICE-AGENT,Namilio Voice Agents,275670,0.122,312,1012,99.9842,false,
2026-08-31,MSG-API,Namilio Messaging API,6171126,0.338,117,96,99.9953,false,
2026-08-31,COPILOT-API,Namilio Copilot API,867548,0.223,744,2193,99.9764,false,
2026-08-31,VERIFY,Namilio Verify,374777,0.437,107,294,99.9866,false,
2026-08-31,STUDIO,Namilio Studio,464260,0.552,69,69,99.9855,false,
2026-08-31,CONNECT-ENT,Namilio Connect Enterprise,350676,0.455,69,147,99.9374,false,
2026-09-01,VOICE-AGENT,Namilio Voice Agents,169757,0.044,339,1061,99.9736,false,
2026-09-01,MSG-API,Namilio Messaging API,5128057,0.21,102,61,99.9766,false,
2026-09-01,COPILOT-API,Namilio Copilot API,1152605,0.434,690,2119,100.0166,false,
2026-09-01,VERIFY,Namilio Verify,558272,0.065,112,325,99.9892,false,
2026-09-01,STUDIO,Namilio Studio,356797,0.141,66,182,99.9568,false,
2026-09-01,CONNECT-ENT,Namilio Connect Enterprise,248581,0.322,128,254,99.9789,false,
2026-09-02,VOICE-AGENT,Namilio Voice Agents,203146,0.215,281,860,100.0004,false,
2026-09-02,MSG-API,Namilio Messaging API,5229325,0.188,42,319,99.9792,false,
2026-09-02,COPILOT-API,Namilio Copilot API,852884,0.395,757,2205,99.9679,false,
2026-09-02,VERIFY,Namilio Verify,409340,0.397,101,646,99.9802,false,
2026-09-02,STUDIO,Namilio Studio,354006,0.379,108,66,99.9836,false,
2026-09-02,CONNECT-ENT,Namilio Connect Enterprise,526629,0.31,54,302,100.0184,false,
2026-09-03,VOICE-AGENT,Namilio Voice Agents,184454,0.282,340,834,99.9941,false,
2026-09-03,MSG-API,Namilio Messaging API,6385049,0.396,50,494,99.9878,false,
2026-09-03,COPILOT-API,Namilio Copilot API,941952,0.297,733,2057,99.9943,false,
2026-09-03,VERIFY,Namilio Verify,335267,0.42,141,268,99.9921,false,
2026-09-03,STUDIO,Namilio Studio,409663,0.779,62,366,99.973,false,
2026-09-03,CONNECT-ENT,Namilio Connect Enterprise,532643,0.417,122,95,99.9902,false,
2026-09-04,VOICE-AGENT,Namilio Voice Agents,224997,0.264,353,964,99.9731,false,
2026-09-04,MSG-API,Namilio Messaging API,5978639,0.316,85,143,100.0347,false,
2026-09-04,COPILOT-API,Namilio Copilot API,992973,0.587,760,2058,99.9998,false,
2026-09-04,VERIFY,Namilio Verify,509052,0.261,138,141,99.9853,false,
2026-09-04,STUDIO,Namilio Studio,465635,0.361,124,292,100.0038,false,
2026-09-04,CONNECT-ENT,Namilio Connect Enterprise,323079,0.379,106,327,99.996,false,
2026-09-05,VOICE-AGENT,Namilio Voice Agents,265393,0.077,282,680,100.0241,false,
2026-09-05,MSG-API,Namilio Messaging API,6028903,0.188,131,259,99.987,false,
2026-09-05,COPILOT-API,Namilio Copilot API,896902,0.265,722,2201,99.9983,false,
2026-09-05,VERIFY,Namilio Verify,487315,0.226,112,312,99.9738,false,
2026-09-05,STUDIO,Namilio Studio,471530,0.151,115,511,99.9896,false,
2026-09-05,CONNECT-ENT,Namilio Connect Enterprise,457994,0.33,88,203,99.9721,false,
2026-09-06,VOICE-AGENT,Namilio Voice Agents,300209,0.293,294,991,99.9645,false,
2026-09-06,MSG-API,Namilio Messaging API,5741739,0.499,165,352,100.0025,false,
2026-09-06,COPILOT-API,Namilio Copilot API,969935,0.537,695,2274,99.9894,false,
2026-09-06,VERIFY,Namilio Verify,563529,0.091,84,308,99.9598,false,
2026-09-06,STUDIO,Namilio Studio,301353,0.049,109,86,99.9785,false,
2026-09-06,CONNECT-ENT,Namilio Connect Enterprise,379994,0.425,98,192,100.0144,false,
2026-09-07,VOICE-AGENT,Namilio Voice Agents,216761,0.111,318,823,99.9733,false,
2026-09-07,MSG-API,Namilio Messaging API,6002724,0.465,75,422,99.9737,false,
2026-09-07,COPILOT-API,Namilio Copilot API,729948,0.31,737,2228,100.0069,false,
2026-09-07,VERIFY,Namilio Verify,341013,0.311,94,218,99.9847,false,
2026-09-07,STUDIO,Namilio Studio,386371,0.246,137,402,99.9808,false,
2026-09-07,CONNECT-ENT,Namilio Connect Enterprise,464982,0.347,88,221,99.9882,false,
2026-09-08,VOICE-AGENT,Namilio Voice Agents,260060,0.167,350,877,100.0073,false,
2026-09-08,MSG-API,Namilio Messaging API,5355922,0.088,107,144,99.9717,false,
2026-09-08,COPILOT-API,Namilio Copilot API,926289,0.239,795,2046,100.0322,false,
2026-09-08,VERIFY,Namilio Verify,521882,0.615,80,410,99.9904,false,
2026-09-08,STUDIO,Namilio Studio,481535,0.308,75,313,99.9487,false,
2026-09-08,CONNECT-ENT,Namilio Connect Enterprise,434858,0.363,101,391,99.9764,false,
2026-09-09,VOICE-AGENT,Namilio Voice Agents,325216,0.422,294,948,99.9663,false,
2026-09-09,MSG-API,Namilio Messaging API,5864516,0.227,73,167,99.962,false,
2026-09-09,COPILOT-API,Namilio Copilot API,1142984,0.21,773,2226,99.9793,false,
2026-09-09,VERIFY,Namilio Verify,283714,0.245,79,306,99.9889,false,
2026-09-09,STUDIO,Namilio Studio,516478,0.318,63,295,99.9871,false,
2026-09-09,CONNECT-ENT,Namilio Connect Enterprise,430354,0.324,56,303,99.9624,false,
2026-09-10,VOICE-AGENT,Namilio Voice Agents,210583,0.411,288,1077,100.0115,false,
2026-09-10,MSG-API,Namilio Messaging API,4374105,0.238,99,426,99.9819,false,
2026-09-10,COPILOT-API,Namilio Copilot API,901696,0.539,769,2196,100.0079,false,
2026-09-10,VERIFY,Namilio Verify,468654,0.516,100,60,100.0031,false,
2026-09-10,STUDIO,Namilio Studio,476178,0.214,58,174,99.9784,false,
2026-09-10,CONNECT-ENT,Namilio Connect Enterprise,290736,0.378,110,249,100.0268,false,
2026-09-11,VOICE-AGENT,Namilio Voice Agents,205696,0.335,293,812,99.9872,false,
2026-09-11,MSG-API,Namilio Messaging API,5900041,0.272,93,299,99.968,false,
2026-09-11,COPILOT-API,Namilio Copilot API,1153755,0.248,762,2147,99.9727,false,
2026-09-11,VERIFY,Namilio Verify,357099,0.441,74,302,99.9726,false,
2026-09-11,STUDIO,Namilio Studio,450151,0.392,52,139,100.0095,false,
2026-09-11,CONNECT-ENT,Namilio Connect Enterprise,302802,0.282,84,107,99.9834,false,
2026-09-12,VOICE-AGENT,Namilio Voice Agents,240637,0.356,325,791,99.9857,false,
2026-09-12,MSG-API,Namilio Messaging API,4291043,0.372,94,357,100.0002,false,
2026-09-12,COPILOT-API,Namilio Copilot API,742119,0.3,708,2209,100.0209,false,
2026-09-12,VERIFY,Namilio Verify,524803,0.241,89,206,99.9783,false,
2026-09-12,STUDIO,Namilio Studio,372819,0.321,83,370,99.985,false,
2026-09-12,CONNECT-ENT,Namilio Connect Enterprise,348441,0.245,42,422,99.9782,false,
2026-09-13,VOICE-AGENT,Namilio Voice Agents,222230,0.071,322,721,99.9678,false,
2026-09-13,MSG-API,Namilio Messaging API,6999289,0.288,85,250,99.9865,false,
2026-09-13,COPILOT-API,Namilio Copilot API,924459,0.481,768,2326,99.9968,false,
2026-09-13,VERIFY,Namilio Verify,378545,0.378,120,267,99.9616,false,
2026-09-13,STUDIO,Namilio Studio,270902,0.234,85,317,99.9998,false,
2026-09-13,CONNECT-ENT,Namilio Connect Enterprise,415031,0.173,135,270,99.9847,false,
2026-09-14,VOICE-AGENT,Namilio Voice Agents,214937,0.285,341,836,99.9718,false,
2026-09-14,MSG-API,Namilio Messaging API,5319049,0.371,73,152,100.0025,false,
2026-09-14,COPILOT-API,Namilio Copilot API,948961,0.644,680,2098,99.9711,false,
2026-09-14,VERIFY,Namilio Verify,578210,0.163,130,176,99.9987,false,
2026-09-14,STUDIO,Namilio Studio,312615,0.246,131,439,99.9896,false,
2026-09-14,CONNECT-ENT,Namilio Connect Enterprise,357558,0.344,91,318,99.9859,false,
2026-09-15,VOICE-AGENT,Namilio Voice Agents,255552,0.17,276,852,99.9755,false,
2026-09-15,MSG-API,Namilio Messaging API,6504106,0.377,119,176,99.9902,false,
2026-09-15,COPILOT-API,Namilio Copilot API,1167515,0.356,769,2062,99.9858,false,
2026-09-15,VERIFY,Namilio Verify,482493,0.082,123,329,99.9591,false,
2026-09-15,STUDIO,Namilio Studio,399903,0.349,113,188,99.9687,false,
2026-09-15,CONNECT-ENT,Namilio Connect Enterprise,388821,0.152,152,276,99.9398,false,
2026-09-16,VOICE-AGENT,Namilio Voice Agents,255964,0.258,289,917,99.9459,false,
2026-09-16,MSG-API,Namilio Messaging API,5202030,0.118,135,193,99.9906,false,
2026-09-16,COPILOT-API,Namilio Copilot API,685685,0.151,723,2062,100.0072,false,
2026-09-16,VERIFY,Namilio Verify,331431,0.354,103,356,99.974,false,
2026-09-16,STUDIO,Namilio Studio,337234,0.421,67,377,99.929,false,
2026-09-16,CONNECT-ENT,Namilio Connect Enterprise,508529,0.344,110,318,99.9999,false,
2026-09-17,VOICE-AGENT,Namilio Voice Agents,195429,0.158,338,1043,99.9732,false,
2026-09-17,MSG-API,Namilio Messaging API,5942671,0.025,89,242,99.9981,false,
2026-09-17,COPILOT-API,Namilio Copilot API,1067301,0.309,759,2041,99.9673,false,
2026-09-17,VERIFY,Namilio Verify,341985,0.316,48,309,99.9592,false,
2026-09-17,STUDIO,Namilio Studio,527532,0.281,59,311,99.9797,false,
2026-09-17,CONNECT-ENT,Namilio Connect Enterprise,428534,0.454,122,177,99.9876,false,
2026-09-18,VOICE-AGENT,Namilio Voice Agents,180366,0.216,333,881,99.9778,false,
2026-09-18,MSG-API,Namilio Messaging API,4019315,0.56,104,327,99.9885,false,
2026-09-18,COPILOT-API,Namilio Copilot API,1016757,0.384,712,2269,99.9718,false,
2026-09-18,VERIFY,Namilio Verify,388174,0.171,76,190,99.9937,false,
2026-09-18,STUDIO,Namilio Studio,413356,0.339,177,442,100.0168,false,
2026-09-18,CONNECT-ENT,Namilio Connect Enterprise,453771,0.202,32,269,100.0128,false,
2026-09-19,VOICE-AGENT,Namilio Voice Agents,142891,0.026,243,786,99.966,false,
2026-09-19,MSG-API,Namilio Messaging API,6365747,0.362,119,381,99.9788,false,
2026-09-19,COPILOT-API,Namilio Copilot API,1003977,0.216,719,1945,99.963,false,
2026-09-19,VERIFY,Namilio Verify,446531,0.252,90,412,100.0078,false,
2026-09-19,STUDIO,Namilio Studio,414345,0.062,147,60,100.0039,false,
2026-09-19,CONNECT-ENT,Namilio Connect Enterprise,343282,0.176,147,371,100.0323,false,
2026-09-20,VOICE-AGENT,Namilio Voice Agents,255618,0.3,281,848,99.9751,false,
2026-09-20,MSG-API,Namilio Messaging API,5390751,0.408,98,421,99.9874,false,
2026-09-20,COPILOT-API,Namilio Copilot API,1041571,0.438,769,2052,99.9949,false,
2026-09-20,VERIFY,Namilio Verify,391253,0.376,132,60,99.9801,false,
2026-09-20,STUDIO,Namilio Studio,647409,0.229,68,317,99.9799,false,
2026-09-20,CONNECT-ENT,Namilio Connect Enterprise,441804,0.577,112,464,99.9663,false,
2026-09-21,VOICE-AGENT,Namilio Voice Agents,221813,0.164,307,885,99.9633,false,
2026-09-21,MSG-API,Namilio Messaging API,4552069,0.068,117,477,99.9812,false,
2026-09-21,COPILOT-API,Namilio Copilot API,1039555,0.267,713,2119,100.0099,false,
2026-09-21,VERIFY,Namilio Verify,429635,0.375,171,291,99.9627,false,
2026-09-21,STUDIO,Namilio Studio,261081,0.272,114,60,99.964,false,
2026-09-21,CONNECT-ENT,Namilio Connect Enterprise,483537,0.382,130,360,100.0344,false,
2026-09-22,VOICE-AGENT,Namilio Voice Agents,279136,0.176,293,890,99.9786,false,
2026-09-22,MSG-API,Namilio Messaging API,4807438,0.136,114,648,99.9902,false,
2026-09-22,COPILOT-API,Namilio Copilot API,966045,0.297,757,2257,99.9901,false,
2026-09-22,VERIFY,Namilio Verify,504826,0.307,67,305,100.0186,false,
2026-09-22,STUDIO,Namilio Studio,422174,0.317,83,400,99.9666,false,
2026-09-22,CONNECT-ENT,Namilio Connect Enterprise,271306,0.379,70,244,99.9735,false,
2026-09-23,VOICE-AGENT,Namilio Voice Agents,226962,0.444,334,844,100.0122,false,
2026-09-23,MSG-API,Namilio Messaging API,3692336,0.243,91,163,99.9437,false,
2026-09-23,COPILOT-API,Namilio Copilot API,714012,0.349,691,2151,100.0142,false,
2026-09-23,VERIFY,Namilio Verify,434546,0.233,107,67,99.9671,false,
2026-09-23,STUDIO,Namilio Studio,522537,0.174,95,60,100.016,false,
2026-09-23,CONNECT-ENT,Namilio Connect Enterprise,399329,0.223,106,516,100.0067,false,
2026-09-24,VOICE-AGENT,Namilio Voice Agents,215281,0.552,319,1012,99.98,false,
2026-09-24,MSG-API,Namilio Messaging API,4746552,0.358,138,300,100.0037,false,
2026-09-24,COPILOT-API,Namilio Copilot API,765712,0.487,741,2298,99.9974,false,
2026-09-24,VERIFY,Namilio Verify,364562,0.262,119,281,99.9886,false,
2026-09-24,STUDIO,Namilio Studio,407961,0.143,117,353,99.9853,false,
2026-09-24,CONNECT-ENT,Namilio Connect Enterprise,444177,0.18,98,337,99.9853,false,
2026-09-25,VOICE-AGENT,Namilio Voice Agents,263345,0.09,354,1111,99.9844,false,
2026-09-25,MSG-API,Namilio Messaging API,3564587,5.596,107,60,97.2527,true,SEV3
2026-09-25,COPILOT-API,Namilio Copilot API,705524,0.039,736,2034,99.9984,false,
2026-09-25,VERIFY,Namilio Verify,336557,0.274,120,320,99.9887,false,
2026-09-25,STUDIO,Namilio Studio,458660,0.62,78,149,99.9763,false,
2026-09-25,CONNECT-ENT,Namilio Connect Enterprise,331162,0.184,108,165,99.986,false,
2026-09-26,VOICE-AGENT,Namilio Voice Agents,186076,0.391,363,981,99.9624,false,
2026-09-26,MSG-API,Namilio Messaging API,6667239,0.111,83,298,99.9942,false,
2026-09-26,COPILOT-API,Namilio Copilot API,878759,0.412,725,2130,99.9539,false,
2026-09-26,VERIFY,Namilio Verify,391321,0.25,72,348,99.961,false,
2026-09-26,STUDIO,Namilio Studio,504764,0.176,65,453,99.9828,false,
2026-09-26,CONNECT-ENT,Namilio Connect Enterprise,357632,0.518,160,665,99.9784,false,
2026-09-27,VOICE-AGENT,Namilio Voice Agents,229662,0.392,343,981,99.9994,false,
2026-09-27,MSG-API,Namilio Messaging API,5743537,0.509,108,188,99.9736,false,
2026-09-27,COPILOT-API,Namilio Copilot API,953185,0.284,746,1931,99.9739,false,
2026-09-27,VERIFY,Namilio Verify,498592,0.299,133,252,100.0041,false,
2026-09-27,STUDIO,Namilio Studio,516614,0.331,83,184,99.9707,false,
2026-09-27,CONNECT-ENT,Namilio Connect Enterprise,473195,0.285,84,221,99.9594,false,
2026-09-28,VOICE-AGENT,Namilio Voice Agents,153141,0.235,311,753,99.986,false,
2026-09-28,MSG-API,Namilio Messaging API,6068643,0.217,64,538,100.0072,false,
2026-09-28,COPILOT-API,Namilio Copilot API,638151,0.177,734,2010,99.9875,false,
2026-09-28,VERIFY,Namilio Verify,492175,0.14,52,307,100.0151,false,
2026-09-28,STUDIO,Namilio Studio,465024,0.404,88,379,99.9596,false,
2026-09-28,CONNECT-ENT,Namilio Connect Enterprise,298541,0.218,114,138,99.9767,false,
2026-09-29,VOICE-AGENT,Namilio Voice Agents,253673,0.408,252,966,99.945,false,
2026-09-29,MSG-API,Namilio Messaging API,4121018,0.245,64,91,99.9689,false,
2026-09-29,COPILOT-API,Namilio Copilot API,793906,0.562,740,2129,99.9756,false,
2026-09-29,VERIFY,Namilio Verify,387237,0.317,20,211,99.9833,false,
2026-09-29,STUDIO,Namilio Studio,342872,0.446,151,323,99.992,false,
2026-09-29,CONNECT-ENT,Namilio Connect Enterprise,386700,0.01,57,232,99.9849,false,
2026-09-30,VOICE-AGENT,Namilio Voice Agents,224830,0.169,311,820,99.977,false,
2026-09-30,MSG-API,Namilio Messaging API,5774631,0.131,71,283,99.9687,false,
2026-09-30,COPILOT-API,Namilio Copilot API,841447,0.258,748,2226,99.9809,false,
2026-09-30,VERIFY,Namilio Verify,494925,0.123,123,242,100.0018,false,
2026-09-30,STUDIO,Namilio Studio,235615,0.315,75,320,99.9788,false,
2026-09-30,CONNECT-ENT,Namilio Connect Enterprise,471323,0.091,113,261,99.9852,false,
