Month,MonthEnd,AccountId,AccountName,Segment,Region,ProductCode,ProductName,PricingModel,Unit,CommittedUnits,UsedUnits,OverageUnits,UtilizationPct,CommitState,BilledRevenue,OverageRevenue,IsAtRiskOfUnderConsumption
2026-07,2026-07-31,ACC-1100,Solstice Health,Mid-Market,AMER,MSG-API,Namilio Messaging API,Usage,message,21400000,17898324,0,83.6,On track,11186.45,0,false
2026-08,2026-08-31,ACC-1100,Solstice Health,Mid-Market,AMER,MSG-API,Namilio Messaging API,Usage,message,21400000,17575010,0,82.1,On track,10984.38,0,false
2026-09,2026-09-30,ACC-1100,Solstice Health,Mid-Market,AMER,MSG-API,Namilio Messaging API,Usage,message,21400000,18407969,0,86,On track,11504.98,0,false
2025-07,2025-07-31,ACC-1100,Solstice Health,Mid-Market,AMER,MSG-API,Namilio Messaging API,Usage,message,29350000,24911250,0,84.9,On track,12455.63,0,false
2025-08,2025-08-31,ACC-1100,Solstice Health,Mid-Market,AMER,MSG-API,Namilio Messaging API,Usage,message,29350000,26588915,0,90.6,On track,13294.46,0,false
2025-09,2025-09-30,ACC-1100,Solstice Health,Mid-Market,AMER,MSG-API,Namilio Messaging API,Usage,message,29350000,28988418,0,98.8,On track,14494.21,0,false
2025-10,2025-10-31,ACC-1100,Solstice Health,Mid-Market,AMER,MSG-API,Namilio Messaging API,Usage,message,29350000,31644018,2294018,107.8,In overage,16108.76,1433.76,false
2025-11,2025-11-30,ACC-1100,Solstice Health,Mid-Market,AMER,MSG-API,Namilio Messaging API,Usage,message,29350000,35539633,6189633,121.1,In overage,18543.52,3868.52,false
2025-12,2025-12-31,ACC-1100,Solstice Health,Mid-Market,AMER,MSG-API,Namilio Messaging API,Usage,message,29350000,37562504,8212504,128,In overage,19807.81,5132.81,false
2026-01,2026-01-31,ACC-1100,Solstice Health,Mid-Market,AMER,MSG-API,Namilio Messaging API,Usage,message,29350000,39429110,10079110,134.3,In overage,20974.44,6299.44,false
2026-02,2026-02-28,ACC-1100,Solstice Health,Mid-Market,AMER,MSG-API,Namilio Messaging API,Usage,message,29350000,40741363,11391363,138.8,In overage,21794.6,7119.6,false
2026-03,2026-03-31,ACC-1100,Solstice Health,Mid-Market,AMER,MSG-API,Namilio Messaging API,Usage,message,29350000,41514613,12164613,141.4,In overage,22277.88,7602.88,false
2026-04,2026-04-30,ACC-1100,Solstice Health,Mid-Market,AMER,MSG-API,Namilio Messaging API,Usage,message,29350000,44989039,15639039,153.3,In overage,24449.4,9774.4,false
2026-05,2026-05-31,ACC-1100,Solstice Health,Mid-Market,AMER,MSG-API,Namilio Messaging API,Usage,message,29350000,46918438,17568438,159.9,In overage,25655.27,10980.27,false
2026-06,2026-06-30,ACC-1100,Solstice Health,Mid-Market,AMER,MSG-API,Namilio Messaging API,Usage,message,29350000,51088405,21738405,174.1,In overage,28261.5,13586.5,false
2026-07,2026-07-31,ACC-1100,Solstice Health,Mid-Market,AMER,MSG-API,Namilio Messaging API,Usage,message,29350000,51958142,22608142,177,In overage,28805.09,14130.09,false
2026-08,2026-08-31,ACC-1100,Solstice Health,Mid-Market,AMER,MSG-API,Namilio Messaging API,Usage,message,29350000,55538560,26188560,189.2,In overage,31042.85,16367.85,false
2026-09,2026-09-30,ACC-1100,Solstice Health,Mid-Market,AMER,MSG-API,Namilio Messaging API,Usage,message,29350000,58576299,29226299,199.6,In overage,32941.44,18266.44,false
2026-04,2026-04-30,ACC-1100,Solstice Health,Mid-Market,AMER,VOICE-AGENT,Namilio Voice Agents,Usage,minute,405229,273370,0,67.5,On track,1742.73,0,false
2026-05,2026-05-31,ACC-1100,Solstice Health,Mid-Market,AMER,VOICE-AGENT,Namilio Voice Agents,Usage,minute,405229,294380,0,72.6,On track,1876.67,0,false
2026-06,2026-06-30,ACC-1100,Solstice Health,Mid-Market,AMER,VOICE-AGENT,Namilio Voice Agents,Usage,minute,405229,282322,0,69.7,On track,1799.8,0,false
2026-07,2026-07-31,ACC-1100,Solstice Health,Mid-Market,AMER,VOICE-AGENT,Namilio Voice Agents,Usage,minute,405229,307311,0,75.8,On track,1959.11,0,false
2026-08,2026-08-31,ACC-1100,Solstice Health,Mid-Market,AMER,VOICE-AGENT,Namilio Voice Agents,Usage,minute,405229,306627,0,75.7,On track,1954.75,0,false
2026-09,2026-09-30,ACC-1100,Solstice Health,Mid-Market,AMER,VOICE-AGENT,Namilio Voice Agents,Usage,minute,405229,325254,0,80.3,On track,2073.49,0,false
2026-04,2026-04-30,ACC-1100,Solstice Health,Mid-Market,AMER,VERIFY,Namilio Verify,Usage,verification,532000,431634,0,81.1,On track,1798.48,0,false
2026-05,2026-05-31,ACC-1100,Solstice Health,Mid-Market,AMER,VERIFY,Namilio Verify,Usage,verification,532000,458947,0,86.3,On track,1912.28,0,false
2026-06,2026-06-30,ACC-1100,Solstice Health,Mid-Market,AMER,VERIFY,Namilio Verify,Usage,verification,532000,480342,0,90.3,On track,2001.43,0,false
2026-07,2026-07-31,ACC-1100,Solstice Health,Mid-Market,AMER,VERIFY,Namilio Verify,Usage,verification,532000,505479,0,95,On track,2106.16,0,false
2026-08,2026-08-31,ACC-1100,Solstice Health,Mid-Market,AMER,VERIFY,Namilio Verify,Usage,verification,532000,509807,0,95.8,On track,2124.2,0,false
2026-09,2026-09-30,ACC-1100,Solstice Health,Mid-Market,AMER,VERIFY,Namilio Verify,Usage,verification,532000,523300,0,98.4,On track,2180.42,0,false
2026-09,2026-09-30,ACC-1100,Solstice Health,Mid-Market,AMER,MSG-API,Namilio Messaging API,Usage,message,350877,279338,0,79.6,On track,165.74,0,false
2026-09,2026-09-30,ACC-1100,Solstice Health,Mid-Market,AMER,VOICE-AGENT,Namilio Voice Agents,Usage,minute,20000,12072,0,60.4,On track,90.54,0,false
2026-04,2026-04-30,ACC-1060,Zephyr Health,SMB,AMER,COPILOT-API,Namilio Copilot API,Usage,1K tokens,2443182,1840506,0,75.3,On track,1349.7,0,false
2026-05,2026-05-31,ACC-1060,Zephyr Health,SMB,AMER,COPILOT-API,Namilio Copilot API,Usage,1K tokens,2443182,2064328,0,84.5,On track,1513.84,0,false
2026-06,2026-06-30,ACC-1060,Zephyr Health,SMB,AMER,COPILOT-API,Namilio Copilot API,Usage,1K tokens,2443182,2066364,0,84.6,On track,1515.33,0,false
2026-07,2026-07-31,ACC-1060,Zephyr Health,SMB,AMER,COPILOT-API,Namilio Copilot API,Usage,1K tokens,2443182,2253204,0,92.2,On track,1652.35,0,false
2026-08,2026-08-31,ACC-1060,Zephyr Health,SMB,AMER,COPILOT-API,Namilio Copilot API,Usage,1K tokens,2443182,2370459,0,97,On track,1738.34,0,false
2026-09,2026-09-30,ACC-1060,Zephyr Health,SMB,AMER,COPILOT-API,Namilio Copilot API,Usage,1K tokens,2443182,2485533,42351,101.7,On track,1830.49,38.82,false
2025-10,2025-10-31,ACC-1040,Rivet Logistics,Self-Serve,EMEA,MSG-API,Namilio Messaging API,Usage,message,1718519,1397978,0,81.3,On track,786.36,0,false
2025-11,2025-11-30,ACC-1040,Rivet Logistics,Self-Serve,EMEA,MSG-API,Namilio Messaging API,Usage,message,1718519,1218713,0,70.9,On track,685.53,0,false
2025-12,2025-12-31,ACC-1040,Rivet Logistics,Self-Serve,EMEA,MSG-API,Namilio Messaging API,Usage,message,1718519,1175513,0,68.4,On track,661.23,0,false
2026-01,2026-01-31,ACC-1040,Rivet Logistics,Self-Serve,EMEA,MSG-API,Namilio Messaging API,Usage,message,1718519,1052743,0,61.3,On track,592.17,0,false
2026-02,2026-02-28,ACC-1040,Rivet Logistics,Self-Serve,EMEA,MSG-API,Namilio Messaging API,Usage,message,1718519,1115965,0,64.9,On track,627.73,0,false
2026-03,2026-03-31,ACC-1040,Rivet Logistics,Self-Serve,EMEA,MSG-API,Namilio Messaging API,Usage,message,1718519,1253933,0,73,On track,705.34,0,false
2026-04,2026-04-30,ACC-1040,Rivet Logistics,Self-Serve,EMEA,MSG-API,Namilio Messaging API,Usage,message,1718519,1110750,0,64.6,On track,624.8,0,false
2026-05,2026-05-31,ACC-1040,Rivet Logistics,Self-Serve,EMEA,MSG-API,Namilio Messaging API,Usage,message,1718519,1025404,0,59.7,Under-consuming,576.79,0,false
2026-06,2026-06-30,ACC-1040,Rivet Logistics,Self-Serve,EMEA,MSG-API,Namilio Messaging API,Usage,message,1718519,977706,0,56.9,Under-consuming,549.96,0,false
2026-07,2026-07-31,ACC-1040,Rivet Logistics,Self-Serve,EMEA,MSG-API,Namilio Messaging API,Usage,message,1718519,966256,0,56.2,Under-consuming,543.52,0,false
2026-08,2026-08-31,ACC-1040,Rivet Logistics,Self-Serve,EMEA,MSG-API,Namilio Messaging API,Usage,message,1718519,939091,0,54.6,Under-consuming,528.24,0,true
2026-09,2026-09-30,ACC-1040,Rivet Logistics,Self-Serve,EMEA,MSG-API,Namilio Messaging API,Usage,message,1718519,943460,0,54.9,Under-consuming,530.7,0,true
2026-07,2026-07-31,ACC-1040,Rivet Logistics,Self-Serve,EMEA,MSG-API,Namilio Messaging API,Usage,message,505263,406835,0,80.5,On track,241.39,0,false
2026-08,2026-08-31,ACC-1040,Rivet Logistics,Self-Serve,EMEA,MSG-API,Namilio Messaging API,Usage,message,505263,444874,0,88,On track,263.96,0,false
2026-09,2026-09-30,ACC-1040,Rivet Logistics,Self-Serve,EMEA,MSG-API,Namilio Messaging API,Usage,message,505263,419150,0,83,On track,248.7,0,false
2025-08,2025-08-31,ACC-1065,Halcyon Market,SMB,AMER,COPILOT-API,Namilio Copilot API,Usage,1K tokens,709091,561439,0,79.2,On track,514.65,0,false
2025-09,2025-09-30,ACC-1065,Halcyon Market,SMB,AMER,COPILOT-API,Namilio Copilot API,Usage,1K tokens,709091,575669,0,81.2,On track,527.7,0,false
2025-10,2025-10-31,ACC-1065,Halcyon Market,SMB,AMER,COPILOT-API,Namilio Copilot API,Usage,1K tokens,709091,582071,0,82.1,On track,533.57,0,false
2025-11,2025-11-30,ACC-1065,Halcyon Market,SMB,AMER,COPILOT-API,Namilio Copilot API,Usage,1K tokens,709091,612063,0,86.3,On track,561.06,0,false
2025-12,2025-12-31,ACC-1065,Halcyon Market,SMB,AMER,COPILOT-API,Namilio Copilot API,Usage,1K tokens,709091,662399,0,93.4,On track,607.2,0,false
2026-01,2026-01-31,ACC-1065,Halcyon Market,SMB,AMER,COPILOT-API,Namilio Copilot API,Usage,1K tokens,709091,679688,0,95.9,On track,623.05,0,false
2026-02,2026-02-28,ACC-1065,Halcyon Market,SMB,AMER,COPILOT-API,Namilio Copilot API,Usage,1K tokens,709091,672354,0,94.8,On track,616.32,0,false
2026-03,2026-03-31,ACC-1065,Halcyon Market,SMB,AMER,COPILOT-API,Namilio Copilot API,Usage,1K tokens,709091,670348,0,94.5,On track,614.49,0,false
2026-04,2026-04-30,ACC-1065,Halcyon Market,SMB,AMER,COPILOT-API,Namilio Copilot API,Usage,1K tokens,709091,695950,0,98.1,On track,637.95,0,false
2026-05,2026-05-31,ACC-1065,Halcyon Market,SMB,AMER,COPILOT-API,Namilio Copilot API,Usage,1K tokens,709091,695836,0,98.1,On track,637.85,0,false
2026-06,2026-06-30,ACC-1065,Halcyon Market,SMB,AMER,COPILOT-API,Namilio Copilot API,Usage,1K tokens,709091,741797,32706,104.6,On track,687.48,37.48,false
2026-07,2026-07-31,ACC-1065,Halcyon Market,SMB,AMER,COPILOT-API,Namilio Copilot API,Usage,1K tokens,709091,733113,24022,103.4,On track,677.53,27.53,false
2026-08,2026-08-31,ACC-1065,Halcyon Market,SMB,AMER,COPILOT-API,Namilio Copilot API,Usage,1K tokens,709091,781327,72236,110.2,In overage,732.77,82.77,false
2026-09,2026-09-30,ACC-1065,Halcyon Market,SMB,AMER,COPILOT-API,Namilio Copilot API,Usage,1K tokens,709091,773447,64356,109.1,In overage,723.74,73.74,false
2025-08,2025-08-31,ACC-1065,Halcyon Market,SMB,AMER,VERIFY,Namilio Verify,Usage,verification,126316,120768,0,95.6,On track,478.04,0,false
2025-09,2025-09-30,ACC-1065,Halcyon Market,SMB,AMER,VERIFY,Namilio Verify,Usage,verification,126316,116428,0,92.2,On track,460.86,0,false
2025-10,2025-10-31,ACC-1065,Halcyon Market,SMB,AMER,VERIFY,Namilio Verify,Usage,verification,126316,130638,4322,103.4,On track,521.39,21.38,false
2025-11,2025-11-30,ACC-1065,Halcyon Market,SMB,AMER,VERIFY,Namilio Verify,Usage,verification,126316,127741,1425,101.1,On track,507.05,7.05,false
2025-12,2025-12-31,ACC-1065,Halcyon Market,SMB,AMER,VERIFY,Namilio Verify,Usage,verification,126316,135587,9271,107.3,In overage,545.87,45.87,false
2026-01,2026-01-31,ACC-1065,Halcyon Market,SMB,AMER,VERIFY,Namilio Verify,Usage,verification,126316,143799,17483,113.8,In overage,586.51,86.5,false
2026-02,2026-02-28,ACC-1065,Halcyon Market,SMB,AMER,VERIFY,Namilio Verify,Usage,verification,126316,143083,16767,113.3,In overage,582.96,82.96,false
2026-03,2026-03-31,ACC-1065,Halcyon Market,SMB,AMER,VERIFY,Namilio Verify,Usage,verification,126316,152134,25818,120.4,In overage,627.75,127.75,false
2026-04,2026-04-30,ACC-1065,Halcyon Market,SMB,AMER,VERIFY,Namilio Verify,Usage,verification,126316,158821,32505,125.7,In overage,660.83,160.83,false
2026-05,2026-05-31,ACC-1065,Halcyon Market,SMB,AMER,VERIFY,Namilio Verify,Usage,verification,126316,164246,37930,130,In overage,687.68,187.67,false
2026-06,2026-06-30,ACC-1065,Halcyon Market,SMB,AMER,VERIFY,Namilio Verify,Usage,verification,126316,180751,54435,143.1,In overage,769.34,269.34,false
2026-07,2026-07-31,ACC-1065,Halcyon Market,SMB,AMER,VERIFY,Namilio Verify,Usage,verification,126316,190659,64343,150.9,In overage,818.36,318.36,false
2026-08,2026-08-31,ACC-1065,Halcyon Market,SMB,AMER,VERIFY,Namilio Verify,Usage,verification,126316,198608,72292,157.2,In overage,857.7,357.69,false
2026-09,2026-09-30,ACC-1065,Halcyon Market,SMB,AMER,VERIFY,Namilio Verify,Usage,verification,126316,216092,89776,171.1,In overage,944.2,444.2,false
2026-05,2026-05-31,ACC-1065,Halcyon Market,SMB,AMER,STUDIO,Namilio Studio,Seat,seat/year,12,11,0,93.5,On track,470.25,0,false
2026-06,2026-06-30,ACC-1065,Halcyon Market,SMB,AMER,STUDIO,Namilio Studio,Seat,seat/year,12,12,0,97.1,On track,513,0,false
2026-07,2026-07-31,ACC-1065,Halcyon Market,SMB,AMER,STUDIO,Namilio Studio,Seat,seat/year,12,12,0,101.8,On track,513,0,false
2026-08,2026-08-31,ACC-1065,Halcyon Market,SMB,AMER,STUDIO,Namilio Studio,Seat,seat/year,12,13,1,106.2,In overage,566.44,53.44,false
2026-09,2026-09-30,ACC-1065,Halcyon Market,SMB,AMER,STUDIO,Namilio Studio,Seat,seat/year,12,12,0,102.7,On track,513,0,false
2026-05,2026-05-31,ACC-1065,Halcyon Market,SMB,AMER,MSG-API,Namilio Messaging API,Usage,message,3835897,3090400,0,80.6,On track,1254.19,0,false
2026-06,2026-06-30,ACC-1065,Halcyon Market,SMB,AMER,MSG-API,Namilio Messaging API,Usage,message,3835897,3322728,0,86.6,On track,1348.47,0,false
2026-07,2026-07-31,ACC-1065,Halcyon Market,SMB,AMER,MSG-API,Namilio Messaging API,Usage,message,3835897,3585734,0,93.5,On track,1455.21,0,false
2026-08,2026-08-31,ACC-1065,Halcyon Market,SMB,AMER,MSG-API,Namilio Messaging API,Usage,message,3835897,4048985,213088,105.6,In overage,1664.83,108.1,false
2026-09,2026-09-30,ACC-1065,Halcyon Market,SMB,AMER,MSG-API,Namilio Messaging API,Usage,message,3835897,4217967,382070,110,In overage,1750.56,193.82,false
2026-05,2026-05-31,ACC-1065,Halcyon Market,SMB,AMER,VOICE-AGENT,Namilio Voice Agents,Usage,minute,182222,190820,8598,104.7,On track,1447.27,80.61,false
2026-06,2026-06-30,ACC-1065,Halcyon Market,SMB,AMER,VOICE-AGENT,Namilio Voice Agents,Usage,minute,182222,206577,24355,113.4,In overage,1594.99,228.33,false
2026-07,2026-07-31,ACC-1065,Halcyon Market,SMB,AMER,VOICE-AGENT,Namilio Voice Agents,Usage,minute,182222,238865,56643,131.1,In overage,1897.69,531.03,false
2026-08,2026-08-31,ACC-1065,Halcyon Market,SMB,AMER,VOICE-AGENT,Namilio Voice Agents,Usage,minute,182222,237798,55576,130.5,In overage,1887.69,521.02,false
2026-09,2026-09-30,ACC-1065,Halcyon Market,SMB,AMER,VOICE-AGENT,Namilio Voice Agents,Usage,minute,182222,265790,83568,145.9,In overage,2150.11,783.45,false
2026-08,2026-08-31,ACC-1113,Rivet Learning,Mid-Market,LATAM,COPILOT-API,Namilio Copilot API,Usage,1K tokens,3483254,2568466,0,73.7,On track,2236.71,0,false
2026-09,2026-09-30,ACC-1113,Rivet Learning,Mid-Market,LATAM,COPILOT-API,Namilio Copilot API,Usage,1K tokens,3483254,2717373,0,78,On track,2366.38,0,false
2026-08,2026-08-31,ACC-1113,Rivet Learning,Mid-Market,LATAM,STUDIO,Namilio Studio,Seat,seat/year,57,63,6,111.2,In overage,2902.5,337.5,false
2026-09,2026-09-30,ACC-1113,Rivet Learning,Mid-Market,LATAM,STUDIO,Namilio Studio,Seat,seat/year,57,64,7,113.1,In overage,2958.75,393.75,false
2025-12,2025-12-31,ACC-1113,Rivet Learning,Mid-Market,LATAM,VERIFY,Namilio Verify,Usage,verification,1000000,805080,0,80.5,On track,3186.78,0,false
2026-01,2026-01-31,ACC-1113,Rivet Learning,Mid-Market,LATAM,VERIFY,Namilio Verify,Usage,verification,1000000,762704,0,76.3,On track,3019.04,0,false
2026-02,2026-02-28,ACC-1113,Rivet Learning,Mid-Market,LATAM,VERIFY,Namilio Verify,Usage,verification,1000000,756267,0,75.6,On track,2993.56,0,false
2026-03,2026-03-31,ACC-1113,Rivet Learning,Mid-Market,LATAM,VERIFY,Namilio Verify,Usage,verification,1000000,712176,0,71.2,On track,2819.03,0,false
2026-04,2026-04-30,ACC-1113,Rivet Learning,Mid-Market,LATAM,VERIFY,Namilio Verify,Usage,verification,1000000,668864,0,66.9,On track,2647.59,0,false
2026-05,2026-05-31,ACC-1113,Rivet Learning,Mid-Market,LATAM,VERIFY,Namilio Verify,Usage,verification,1000000,657487,0,65.7,On track,2602.55,0,false
2026-06,2026-06-30,ACC-1113,Rivet Learning,Mid-Market,LATAM,VERIFY,Namilio Verify,Usage,verification,1000000,691797,0,69.2,On track,2738.36,0,false
2026-07,2026-07-31,ACC-1113,Rivet Learning,Mid-Market,LATAM,VERIFY,Namilio Verify,Usage,verification,1000000,713015,0,71.3,On track,2822.35,0,false
2026-08,2026-08-31,ACC-1113,Rivet Learning,Mid-Market,LATAM,VERIFY,Namilio Verify,Usage,verification,1000000,681875,0,68.2,On track,2699.09,0,false
2026-09,2026-09-30,ACC-1113,Rivet Learning,Mid-Market,LATAM,VERIFY,Namilio Verify,Usage,verification,1000000,610727,0,61.1,On track,2417.46,0,false
2025-12,2025-12-31,ACC-1113,Rivet Learning,Mid-Market,LATAM,MSG-API,Namilio Messaging API,Usage,message,2722807,2717923,0,99.8,On track,1612.63,0,false
2026-01,2026-01-31,ACC-1113,Rivet Learning,Mid-Market,LATAM,MSG-API,Namilio Messaging API,Usage,message,2722807,2395482,0,88,On track,1421.32,0,false
2026-02,2026-02-28,ACC-1113,Rivet Learning,Mid-Market,LATAM,MSG-API,Namilio Messaging API,Usage,message,2722807,2450690,0,90,On track,1454.08,0,false
2026-03,2026-03-31,ACC-1113,Rivet Learning,Mid-Market,LATAM,MSG-API,Namilio Messaging API,Usage,message,2722807,2406092,0,88.4,On track,1427.61,0,false
2026-04,2026-04-30,ACC-1113,Rivet Learning,Mid-Market,LATAM,MSG-API,Namilio Messaging API,Usage,message,2722807,2376619,0,87.3,On track,1410.13,0,false
2026-05,2026-05-31,ACC-1113,Rivet Learning,Mid-Market,LATAM,MSG-API,Namilio Messaging API,Usage,message,2722807,2383434,0,87.5,On track,1414.17,0,false
2026-06,2026-06-30,ACC-1113,Rivet Learning,Mid-Market,LATAM,MSG-API,Namilio Messaging API,Usage,message,2722807,2149776,0,79,On track,1275.53,0,false
2026-07,2026-07-31,ACC-1113,Rivet Learning,Mid-Market,LATAM,MSG-API,Namilio Messaging API,Usage,message,2722807,2327484,0,85.5,On track,1380.97,0,false
2026-08,2026-08-31,ACC-1113,Rivet Learning,Mid-Market,LATAM,MSG-API,Namilio Messaging API,Usage,message,2722807,2249548,0,82.6,On track,1334.73,0,false
2026-09,2026-09-30,ACC-1113,Rivet Learning,Mid-Market,LATAM,MSG-API,Namilio Messaging API,Usage,message,2722807,2135260,0,78.4,On track,1266.92,0,false
2026-09,2026-09-30,ACC-1113,Rivet Learning,Mid-Market,LATAM,MSG-API,Namilio Messaging API,Usage,message,4785185,3655217,0,76.4,On track,2056.06,0,false
2026-09,2026-09-30,ACC-1113,Rivet Learning,Mid-Market,LATAM,VERIFY,Namilio Verify,Usage,verification,1425882,888335,0,62.3,On track,3146.19,0,false
2026-09,2026-09-30,ACC-1113,Rivet Learning,Mid-Market,LATAM,VOICE-AGENT,Namilio Voice Agents,Usage,minute,887778,844786,0,95.2,On track,6335.89,0,false
2025-08,2025-08-31,ACC-1014,Lumen Technologies,Self-Serve,EMEA,STUDIO,Namilio Studio,Seat,seat/year,29,24,0,81.6,On track,918,0,false
2025-09,2025-09-30,ACC-1014,Lumen Technologies,Self-Serve,EMEA,STUDIO,Namilio Studio,Seat,seat/year,29,23,0,80.6,On track,879.75,0,false
2025-10,2025-10-31,ACC-1014,Lumen Technologies,Self-Serve,EMEA,STUDIO,Namilio Studio,Seat,seat/year,29,21,0,74.1,On track,803.25,0,false
2025-11,2025-11-30,ACC-1014,Lumen Technologies,Self-Serve,EMEA,STUDIO,Namilio Studio,Seat,seat/year,29,22,0,74.9,On track,841.5,0,false
2025-12,2025-12-31,ACC-1014,Lumen Technologies,Self-Serve,EMEA,STUDIO,Namilio Studio,Seat,seat/year,29,21,0,71.3,On track,803.25,0,false
2026-01,2026-01-31,ACC-1014,Lumen Technologies,Self-Serve,EMEA,STUDIO,Namilio Studio,Seat,seat/year,29,19,0,65.1,On track,726.75,0,false
2026-02,2026-02-28,ACC-1014,Lumen Technologies,Self-Serve,EMEA,STUDIO,Namilio Studio,Seat,seat/year,29,17,0,59.3,Under-consuming,650.25,0,false
2026-03,2026-03-31,ACC-1014,Lumen Technologies,Self-Serve,EMEA,STUDIO,Namilio Studio,Seat,seat/year,29,19,0,64.3,On track,726.75,0,false
2026-04,2026-04-30,ACC-1014,Lumen Technologies,Self-Serve,EMEA,STUDIO,Namilio Studio,Seat,seat/year,29,15,0,50.1,Under-consuming,573.75,0,true
2026-05,2026-05-31,ACC-1014,Lumen Technologies,Self-Serve,EMEA,STUDIO,Namilio Studio,Seat,seat/year,29,12,0,42.6,Under-consuming,459,0,true
2026-06,2026-06-30,ACC-1014,Lumen Technologies,Self-Serve,EMEA,STUDIO,Namilio Studio,Seat,seat/year,29,12,0,40,Under-consuming,459,0,true
2026-07,2026-07-31,ACC-1014,Lumen Technologies,Self-Serve,EMEA,STUDIO,Namilio Studio,Seat,seat/year,29,13,0,43.4,Under-consuming,497.25,0,true
2026-08,2026-08-31,ACC-1014,Lumen Technologies,Self-Serve,EMEA,STUDIO,Namilio Studio,Seat,seat/year,29,12,0,42.8,Under-consuming,459,0,true
2026-09,2026-09-30,ACC-1014,Lumen Technologies,Self-Serve,EMEA,STUDIO,Namilio Studio,Seat,seat/year,29,11,0,39.4,Under-consuming,420.75,0,true
2026-03,2026-03-31,ACC-1014,Lumen Technologies,Self-Serve,EMEA,COPILOT-API,Namilio Copilot API,Usage,1K tokens,738636,480988,0,65.1,On track,352.72,0,false
2026-04,2026-04-30,ACC-1014,Lumen Technologies,Self-Serve,EMEA,COPILOT-API,Namilio Copilot API,Usage,1K tokens,738636,511104,0,69.2,On track,374.81,0,false
2026-05,2026-05-31,ACC-1014,Lumen Technologies,Self-Serve,EMEA,COPILOT-API,Namilio Copilot API,Usage,1K tokens,738636,520770,0,70.5,On track,381.9,0,false
2026-06,2026-06-30,ACC-1014,Lumen Technologies,Self-Serve,EMEA,COPILOT-API,Namilio Copilot API,Usage,1K tokens,738636,524945,0,71.1,On track,384.96,0,false
2026-07,2026-07-31,ACC-1014,Lumen Technologies,Self-Serve,EMEA,COPILOT-API,Namilio Copilot API,Usage,1K tokens,738636,539305,0,73,On track,395.49,0,false
2026-08,2026-08-31,ACC-1014,Lumen Technologies,Self-Serve,EMEA,COPILOT-API,Namilio Copilot API,Usage,1K tokens,738636,502018,0,68,On track,368.15,0,false
2026-09,2026-09-30,ACC-1014,Lumen Technologies,Self-Serve,EMEA,COPILOT-API,Namilio Copilot API,Usage,1K tokens,738636,493443,0,66.8,On track,361.86,0,false
2026-09,2026-09-30,ACC-1000,Sable Pay,SMB,LATAM,MSG-API,Namilio Messaging API,Usage,message,1305263,1115584,0,85.5,On track,661.91,0,false
2026-09,2026-09-30,ACC-1000,Sable Pay,SMB,LATAM,VERIFY,Namilio Verify,Usage,verification,240000,176304,0,73.5,On track,624.41,0,false
2026-09,2026-09-30,ACC-1000,Sable Pay,SMB,LATAM,COPILOT-API,Namilio Copilot API,Usage,1K tokens,1545455,1147585,0,74.3,On track,946.76,0,false
2025-09,2025-09-30,ACC-1000,Sable Pay,SMB,LATAM,STUDIO,Namilio Studio,Seat,seat/year,81,53,0,65.3,On track,1908,0,false
2025-10,2025-10-31,ACC-1000,Sable Pay,SMB,LATAM,STUDIO,Namilio Studio,Seat,seat/year,81,46,0,56.4,Under-consuming,1656,0,false
2025-11,2025-11-30,ACC-1000,Sable Pay,SMB,LATAM,STUDIO,Namilio Studio,Seat,seat/year,81,44,0,53.9,Under-consuming,1584,0,true
2025-12,2025-12-31,ACC-1000,Sable Pay,SMB,LATAM,STUDIO,Namilio Studio,Seat,seat/year,81,45,0,55.5,Under-consuming,1620,0,false
2026-01,2026-01-31,ACC-1000,Sable Pay,SMB,LATAM,STUDIO,Namilio Studio,Seat,seat/year,81,45,0,55.8,Under-consuming,1620,0,false
2026-02,2026-02-28,ACC-1000,Sable Pay,SMB,LATAM,STUDIO,Namilio Studio,Seat,seat/year,81,39,0,48.2,Under-consuming,1404,0,true
2026-03,2026-03-31,ACC-1000,Sable Pay,SMB,LATAM,STUDIO,Namilio Studio,Seat,seat/year,81,35,0,42.7,Under-consuming,1260,0,true
2026-04,2026-04-30,ACC-1000,Sable Pay,SMB,LATAM,STUDIO,Namilio Studio,Seat,seat/year,81,35,0,43.5,Under-consuming,1260,0,true
2026-05,2026-05-31,ACC-1000,Sable Pay,SMB,LATAM,STUDIO,Namilio Studio,Seat,seat/year,81,38,0,46.5,Under-consuming,1368,0,true
2026-06,2026-06-30,ACC-1000,Sable Pay,SMB,LATAM,STUDIO,Namilio Studio,Seat,seat/year,81,34,0,42.1,Under-consuming,1224,0,true
2026-07,2026-07-31,ACC-1000,Sable Pay,SMB,LATAM,STUDIO,Namilio Studio,Seat,seat/year,81,33,0,40.6,Under-consuming,1188,0,true
2026-08,2026-08-31,ACC-1000,Sable Pay,SMB,LATAM,STUDIO,Namilio Studio,Seat,seat/year,81,37,0,46,Under-consuming,1332,0,true
2026-09,2026-09-30,ACC-1000,Sable Pay,SMB,LATAM,STUDIO,Namilio Studio,Seat,seat/year,81,39,0,48.6,Under-consuming,1404,0,true
2026-04,2026-04-30,ACC-1000,Sable Pay,SMB,LATAM,VOICE-AGENT,Namilio Voice Agents,Usage,minute,135673,83345,0,61.4,On track,593.83,0,false
2026-05,2026-05-31,ACC-1000,Sable Pay,SMB,LATAM,VOICE-AGENT,Namilio Voice Agents,Usage,minute,135673,92764,0,68.4,On track,660.94,0,false
2026-06,2026-06-30,ACC-1000,Sable Pay,SMB,LATAM,VOICE-AGENT,Namilio Voice Agents,Usage,minute,135673,83110,0,61.3,On track,592.16,0,false
2026-07,2026-07-31,ACC-1000,Sable Pay,SMB,LATAM,VOICE-AGENT,Namilio Voice Agents,Usage,minute,135673,85991,0,63.4,On track,612.69,0,false
2026-08,2026-08-31,ACC-1000,Sable Pay,SMB,LATAM,VOICE-AGENT,Namilio Voice Agents,Usage,minute,135673,82454,0,60.8,On track,587.48,0,false
2026-09,2026-09-30,ACC-1000,Sable Pay,SMB,LATAM,VOICE-AGENT,Namilio Voice Agents,Usage,minute,135673,72012,0,53.1,Under-consuming,513.09,0,true
2026-04,2026-04-30,ACC-1000,Sable Pay,SMB,LATAM,STUDIO,Namilio Studio,Seat,seat/year,37,24,0,65.9,On track,1080,0,false
2026-05,2026-05-31,ACC-1000,Sable Pay,SMB,LATAM,STUDIO,Namilio Studio,Seat,seat/year,37,25,0,67.1,On track,1125,0,false
2026-06,2026-06-30,ACC-1000,Sable Pay,SMB,LATAM,STUDIO,Namilio Studio,Seat,seat/year,37,26,0,71,On track,1170,0,false
2026-07,2026-07-31,ACC-1000,Sable Pay,SMB,LATAM,STUDIO,Namilio Studio,Seat,seat/year,37,27,0,74.1,On track,1215,0,false
2026-08,2026-08-31,ACC-1000,Sable Pay,SMB,LATAM,STUDIO,Namilio Studio,Seat,seat/year,37,28,0,75.7,On track,1260,0,false
2026-09,2026-09-30,ACC-1000,Sable Pay,SMB,LATAM,STUDIO,Namilio Studio,Seat,seat/year,37,29,0,77,On track,1305,0,false
2026-04,2026-04-30,ACC-1000,Sable Pay,SMB,LATAM,VERIFY,Namilio Verify,Usage,verification,250000,201661,0,80.7,On track,672.2,0,false
2026-05,2026-05-31,ACC-1000,Sable Pay,SMB,LATAM,VERIFY,Namilio Verify,Usage,verification,250000,209390,0,83.8,On track,697.97,0,false
2026-06,2026-06-30,ACC-1000,Sable Pay,SMB,LATAM,VERIFY,Namilio Verify,Usage,verification,250000,199709,0,79.9,On track,665.7,0,false
2026-07,2026-07-31,ACC-1000,Sable Pay,SMB,LATAM,VERIFY,Namilio Verify,Usage,verification,250000,199734,0,79.9,On track,665.78,0,false
2026-08,2026-08-31,ACC-1000,Sable Pay,SMB,LATAM,VERIFY,Namilio Verify,Usage,verification,250000,173511,0,69.4,On track,578.37,0,false
2026-09,2026-09-30,ACC-1000,Sable Pay,SMB,LATAM,VERIFY,Namilio Verify,Usage,verification,250000,186647,0,74.7,On track,622.16,0,false
2026-04,2026-04-30,ACC-1000,Sable Pay,SMB,LATAM,STUDIO,Namilio Studio,Seat,seat/year,17,15,0,90.2,On track,675,0,false
2026-05,2026-05-31,ACC-1000,Sable Pay,SMB,LATAM,STUDIO,Namilio Studio,Seat,seat/year,17,16,0,93.6,On track,720,0,false
2026-06,2026-06-30,ACC-1000,Sable Pay,SMB,LATAM,STUDIO,Namilio Studio,Seat,seat/year,17,15,0,89.7,On track,675,0,false
2026-07,2026-07-31,ACC-1000,Sable Pay,SMB,LATAM,STUDIO,Namilio Studio,Seat,seat/year,17,15,0,88.6,On track,675,0,false
2026-08,2026-08-31,ACC-1000,Sable Pay,SMB,LATAM,STUDIO,Namilio Studio,Seat,seat/year,17,15,0,87.9,On track,675,0,false
2026-09,2026-09-30,ACC-1000,Sable Pay,SMB,LATAM,STUDIO,Namilio Studio,Seat,seat/year,17,15,0,86.4,On track,675,0,false
2026-02,2026-02-28,ACC-1069,Solstice Logistics,Self-Serve,AMER,VERIFY,Namilio Verify,Usage,verification,148889,147882,0,99.3,On track,554.56,0,false
2026-03,2026-03-31,ACC-1069,Solstice Logistics,Self-Serve,AMER,VERIFY,Namilio Verify,Usage,verification,148889,147730,0,99.2,On track,553.99,0,false
2026-04,2026-04-30,ACC-1069,Solstice Logistics,Self-Serve,AMER,VERIFY,Namilio Verify,Usage,verification,148889,149065,176,100.1,On track,559.16,0.83,false
2026-05,2026-05-31,ACC-1069,Solstice Logistics,Self-Serve,AMER,VERIFY,Namilio Verify,Usage,verification,148889,162701,13812,109.3,In overage,623.08,64.74,false
2026-06,2026-06-30,ACC-1069,Solstice Logistics,Self-Serve,AMER,VERIFY,Namilio Verify,Usage,verification,148889,169675,20786,114,In overage,655.77,97.43,false
2026-07,2026-07-31,ACC-1069,Solstice Logistics,Self-Serve,AMER,VERIFY,Namilio Verify,Usage,verification,148889,185984,37095,124.9,In overage,732.22,173.88,false
2026-08,2026-08-31,ACC-1069,Solstice Logistics,Self-Serve,AMER,VERIFY,Namilio Verify,Usage,verification,148889,209388,60499,140.6,In overage,841.92,283.59,false
2026-09,2026-09-30,ACC-1069,Solstice Logistics,Self-Serve,AMER,VERIFY,Namilio Verify,Usage,verification,148889,208154,59265,139.8,In overage,836.14,277.8,false
2025-12,2025-12-31,ACC-1069,Solstice Logistics,Self-Serve,AMER,MSG-API,Namilio Messaging API,Usage,message,1445614,970995,0,67.2,On track,576.12,0,false
2026-01,2026-01-31,ACC-1069,Solstice Logistics,Self-Serve,AMER,MSG-API,Namilio Messaging API,Usage,message,1445614,902216,0,62.4,On track,535.31,0,false
2026-02,2026-02-28,ACC-1069,Solstice Logistics,Self-Serve,AMER,MSG-API,Namilio Messaging API,Usage,message,1445614,922621,0,63.8,On track,547.42,0,false
2026-03,2026-03-31,ACC-1069,Solstice Logistics,Self-Serve,AMER,MSG-API,Namilio Messaging API,Usage,message,1445614,754513,0,52.2,Under-consuming,447.68,0,true
2026-04,2026-04-30,ACC-1069,Solstice Logistics,Self-Serve,AMER,MSG-API,Namilio Messaging API,Usage,message,1445614,818097,0,56.6,Under-consuming,485.4,0,false
2026-05,2026-05-31,ACC-1069,Solstice Logistics,Self-Serve,AMER,MSG-API,Namilio Messaging API,Usage,message,1445614,857362,0,59.3,Under-consuming,508.7,0,false
2026-06,2026-06-30,ACC-1069,Solstice Logistics,Self-Serve,AMER,MSG-API,Namilio Messaging API,Usage,message,1445614,922137,0,63.8,On track,547.13,0,false
2026-07,2026-07-31,ACC-1069,Solstice Logistics,Self-Serve,AMER,MSG-API,Namilio Messaging API,Usage,message,1445614,1004514,0,69.5,On track,596.01,0,false
2026-08,2026-08-31,ACC-1069,Solstice Logistics,Self-Serve,AMER,MSG-API,Namilio Messaging API,Usage,message,1445614,1062475,0,73.5,On track,630.4,0,false
2026-09,2026-09-30,ACC-1069,Solstice Logistics,Self-Serve,AMER,MSG-API,Namilio Messaging API,Usage,message,1445614,969628,0,67.1,On track,575.31,0,false
2026-05,2026-05-31,ACC-1068,Quanta Works,Self-Serve,EMEA,STUDIO,Namilio Studio,Seat,seat/year,17,13,0,76.7,On track,497.25,0,false
2026-06,2026-06-30,ACC-1068,Quanta Works,Self-Serve,EMEA,STUDIO,Namilio Studio,Seat,seat/year,17,13,0,73.6,On track,497.25,0,false
2026-07,2026-07-31,ACC-1068,Quanta Works,Self-Serve,EMEA,STUDIO,Namilio Studio,Seat,seat/year,17,14,0,82.2,On track,535.5,0,false
2026-08,2026-08-31,ACC-1068,Quanta Works,Self-Serve,EMEA,STUDIO,Namilio Studio,Seat,seat/year,17,14,0,81.2,On track,535.5,0,false
2026-09,2026-09-30,ACC-1068,Quanta Works,Self-Serve,EMEA,STUDIO,Namilio Studio,Seat,seat/year,17,12,0,69.4,On track,459,0,false
2025-06,2025-06-30,ACC-1068,Quanta Works,Self-Serve,EMEA,COPILOT-API,Namilio Copilot API,Usage,1K tokens,1218182,955540,0,78.4,On track,875.91,0,false
2025-07,2025-07-31,ACC-1068,Quanta Works,Self-Serve,EMEA,COPILOT-API,Namilio Copilot API,Usage,1K tokens,1218182,902761,0,74.1,On track,827.53,0,false
2025-08,2025-08-31,ACC-1068,Quanta Works,Self-Serve,EMEA,COPILOT-API,Namilio Copilot API,Usage,1K tokens,1218182,911536,0,74.8,On track,835.57,0,false
2025-09,2025-09-30,ACC-1068,Quanta Works,Self-Serve,EMEA,COPILOT-API,Namilio Copilot API,Usage,1K tokens,1218182,966106,0,79.3,On track,885.6,0,false
2025-10,2025-10-31,ACC-1068,Quanta Works,Self-Serve,EMEA,COPILOT-API,Namilio Copilot API,Usage,1K tokens,1218182,898533,0,73.8,On track,823.66,0,false
2025-11,2025-11-30,ACC-1068,Quanta Works,Self-Serve,EMEA,COPILOT-API,Namilio Copilot API,Usage,1K tokens,1218182,900367,0,73.9,On track,825.34,0,false
2025-12,2025-12-31,ACC-1068,Quanta Works,Self-Serve,EMEA,COPILOT-API,Namilio Copilot API,Usage,1K tokens,1218182,835486,0,68.6,On track,765.86,0,false
2026-01,2026-01-31,ACC-1068,Quanta Works,Self-Serve,EMEA,COPILOT-API,Namilio Copilot API,Usage,1K tokens,1218182,846098,0,69.5,On track,775.59,0,false
2026-02,2026-02-28,ACC-1068,Quanta Works,Self-Serve,EMEA,COPILOT-API,Namilio Copilot API,Usage,1K tokens,1218182,758998,0,62.3,On track,695.75,0,false
2026-03,2026-03-31,ACC-1068,Quanta Works,Self-Serve,EMEA,COPILOT-API,Namilio Copilot API,Usage,1K tokens,1218182,655211,0,53.8,Under-consuming,600.61,0,true
2026-04,2026-04-30,ACC-1068,Quanta Works,Self-Serve,EMEA,COPILOT-API,Namilio Copilot API,Usage,1K tokens,1218182,653357,0,53.6,Under-consuming,598.91,0,true
2026-05,2026-05-31,ACC-1068,Quanta Works,Self-Serve,EMEA,COPILOT-API,Namilio Copilot API,Usage,1K tokens,1218182,616548,0,50.6,Under-consuming,565.17,0,true
2026-06,2026-06-30,ACC-1068,Quanta Works,Self-Serve,EMEA,COPILOT-API,Namilio Copilot API,Usage,1K tokens,1218182,604715,0,49.6,Under-consuming,554.32,0,true
2026-07,2026-07-31,ACC-1068,Quanta Works,Self-Serve,EMEA,COPILOT-API,Namilio Copilot API,Usage,1K tokens,1218182,489124,0,40.2,Under-consuming,448.36,0,true
2026-08,2026-08-31,ACC-1068,Quanta Works,Self-Serve,EMEA,COPILOT-API,Namilio Copilot API,Usage,1K tokens,1218182,541476,0,44.4,Under-consuming,496.35,0,true
2026-09,2026-09-30,ACC-1068,Quanta Works,Self-Serve,EMEA,COPILOT-API,Namilio Copilot API,Usage,1K tokens,1218182,443707,0,36.4,Under-consuming,406.73,0,true
2026-06,2026-06-30,ACC-1068,Quanta Works,Self-Serve,EMEA,VOICE-AGENT,Namilio Voice Agents,Usage,minute,91111,79229,0,87,On track,594.22,0,false
2026-07,2026-07-31,ACC-1068,Quanta Works,Self-Serve,EMEA,VOICE-AGENT,Namilio Voice Agents,Usage,minute,91111,77035,0,84.6,On track,577.76,0,false
2026-08,2026-08-31,ACC-1068,Quanta Works,Self-Serve,EMEA,VOICE-AGENT,Namilio Voice Agents,Usage,minute,91111,68403,0,75.1,On track,513.02,0,false
2026-09,2026-09-30,ACC-1068,Quanta Works,Self-Serve,EMEA,VOICE-AGENT,Namilio Voice Agents,Usage,minute,91111,69009,0,75.7,On track,517.57,0,false
2026-01,2026-01-31,ACC-1104,Rivet Cloud,Self-Serve,AMER,STUDIO,Namilio Studio,Seat,seat/year,19,15,0,81.2,On track,506.25,0,false
2026-02,2026-02-28,ACC-1104,Rivet Cloud,Self-Serve,AMER,STUDIO,Namilio Studio,Seat,seat/year,19,16,0,82,On track,540,0,false
2026-03,2026-03-31,ACC-1104,Rivet Cloud,Self-Serve,AMER,STUDIO,Namilio Studio,Seat,seat/year,19,15,0,81.5,On track,506.25,0,false
2026-04,2026-04-30,ACC-1104,Rivet Cloud,Self-Serve,AMER,STUDIO,Namilio Studio,Seat,seat/year,19,15,0,81.2,On track,506.25,0,false
2026-05,2026-05-31,ACC-1104,Rivet Cloud,Self-Serve,AMER,STUDIO,Namilio Studio,Seat,seat/year,19,15,0,77.2,On track,506.25,0,false
2026-06,2026-06-30,ACC-1104,Rivet Cloud,Self-Serve,AMER,STUDIO,Namilio Studio,Seat,seat/year,19,14,0,72.2,On track,472.5,0,false
2026-07,2026-07-31,ACC-1104,Rivet Cloud,Self-Serve,AMER,STUDIO,Namilio Studio,Seat,seat/year,19,13,0,66.2,On track,438.75,0,false
2026-08,2026-08-31,ACC-1104,Rivet Cloud,Self-Serve,AMER,STUDIO,Namilio Studio,Seat,seat/year,19,13,0,67.3,On track,438.75,0,false
2026-09,2026-09-30,ACC-1104,Rivet Cloud,Self-Serve,AMER,STUDIO,Namilio Studio,Seat,seat/year,19,15,0,81.1,On track,506.25,0,false
2026-08,2026-08-31,ACC-1104,Rivet Cloud,Self-Serve,AMER,STUDIO,Namilio Studio,Seat,seat/year,22,15,0,66.9,On track,675,0,false
2026-09,2026-09-30,ACC-1104,Rivet Cloud,Self-Serve,AMER,STUDIO,Namilio Studio,Seat,seat/year,22,14,0,64.4,On track,630,0,false
2026-08,2026-08-31,ACC-1104,Rivet Cloud,Self-Serve,AMER,VOICE-AGENT,Namilio Voice Agents,Usage,minute,73684,46269,0,62.8,On track,329.67,0,false
2026-09,2026-09-30,ACC-1104,Rivet Cloud,Self-Serve,AMER,VOICE-AGENT,Namilio Voice Agents,Usage,minute,73684,42422,0,57.6,Under-consuming,302.26,0,false
2026-01,2026-01-31,ACC-1116,Tundra Digital,Enterprise,AMER,COPILOT-API,Namilio Copilot API,Usage,1K tokens,60575758,36019805,0,59.5,Under-consuming,29716.34,0,false
2026-02,2026-02-28,ACC-1116,Tundra Digital,Enterprise,AMER,COPILOT-API,Namilio Copilot API,Usage,1K tokens,60575758,33233806,0,54.9,Under-consuming,27417.89,0,true
2026-03,2026-03-31,ACC-1116,Tundra Digital,Enterprise,AMER,COPILOT-API,Namilio Copilot API,Usage,1K tokens,60575758,33146198,0,54.7,Under-consuming,27345.61,0,true
2026-04,2026-04-30,ACC-1116,Tundra Digital,Enterprise,AMER,COPILOT-API,Namilio Copilot API,Usage,1K tokens,60575758,38861369,0,64.2,On track,32060.63,0,false
2026-05,2026-05-31,ACC-1116,Tundra Digital,Enterprise,AMER,COPILOT-API,Namilio Copilot API,Usage,1K tokens,60575758,37682520,0,62.2,On track,31088.08,0,false
2026-06,2026-06-30,ACC-1116,Tundra Digital,Enterprise,AMER,COPILOT-API,Namilio Copilot API,Usage,1K tokens,60575758,39490010,0,65.2,On track,32579.26,0,false
2026-07,2026-07-31,ACC-1116,Tundra Digital,Enterprise,AMER,COPILOT-API,Namilio Copilot API,Usage,1K tokens,60575758,43801704,0,72.3,On track,36136.41,0,false
2026-08,2026-08-31,ACC-1116,Tundra Digital,Enterprise,AMER,COPILOT-API,Namilio Copilot API,Usage,1K tokens,60575758,46165583,0,76.2,On track,38086.61,0,false
2026-09,2026-09-30,ACC-1116,Tundra Digital,Enterprise,AMER,COPILOT-API,Namilio Copilot API,Usage,1K tokens,60575758,49387808,0,81.5,On track,40744.94,0,false
2025-05,2025-05-31,ACC-1116,Tundra Digital,Enterprise,AMER,MSG-API,Namilio Messaging API,Usage,message,32690196,28218734,0,86.3,On track,14979.44,0,false
2025-06,2025-06-30,ACC-1116,Tundra Digital,Enterprise,AMER,MSG-API,Namilio Messaging API,Usage,message,32690196,29635962,0,90.7,On track,15731.76,0,false
2025-07,2025-07-31,ACC-1116,Tundra Digital,Enterprise,AMER,MSG-API,Namilio Messaging API,Usage,message,32690196,33270419,580223,101.8,On track,17738.05,385,false
2025-08,2025-08-31,ACC-1116,Tundra Digital,Enterprise,AMER,MSG-API,Namilio Messaging API,Usage,message,32690196,34546092,1855896,105.7,In overage,18584.51,1231.46,false
2025-09,2025-09-30,ACC-1116,Tundra Digital,Enterprise,AMER,MSG-API,Namilio Messaging API,Usage,message,32690196,35344010,2653814,108.1,In overage,19113.96,1760.92,false
2025-10,2025-10-31,ACC-1116,Tundra Digital,Enterprise,AMER,MSG-API,Namilio Messaging API,Usage,message,32690196,37406821,4716625,114.4,In overage,20482.72,3129.68,false
2025-11,2025-11-30,ACC-1116,Tundra Digital,Enterprise,AMER,MSG-API,Namilio Messaging API,Usage,message,32690196,35631097,2940901,109,In overage,19304.46,1951.41,false
2025-12,2025-12-31,ACC-1116,Tundra Digital,Enterprise,AMER,MSG-API,Namilio Messaging API,Usage,message,32690196,37775734,5085538,115.6,In overage,20727.51,3374.47,false
2026-01,2026-01-31,ACC-1116,Tundra Digital,Enterprise,AMER,MSG-API,Namilio Messaging API,Usage,message,32690196,38511799,5821603,117.8,In overage,21215.92,3862.88,false
2026-02,2026-02-28,ACC-1116,Tundra Digital,Enterprise,AMER,MSG-API,Namilio Messaging API,Usage,message,32690196,38253799,5563603,117,In overage,21044.73,3691.68,false
2026-03,2026-03-31,ACC-1116,Tundra Digital,Enterprise,AMER,MSG-API,Namilio Messaging API,Usage,message,32690196,43063174,10372978,131.7,In overage,24235.95,6882.9,false
2026-04,2026-04-30,ACC-1116,Tundra Digital,Enterprise,AMER,MSG-API,Namilio Messaging API,Usage,message,32690196,45768735,13078539,140,In overage,26031.2,8678.16,false
2026-05,2026-05-31,ACC-1116,Tundra Digital,Enterprise,AMER,MSG-API,Namilio Messaging API,Usage,message,32690196,46717609,14027413,142.9,In overage,26660.82,9307.77,false
2026-06,2026-06-30,ACC-1116,Tundra Digital,Enterprise,AMER,MSG-API,Namilio Messaging API,Usage,message,32690196,51968758,19278562,159,In overage,30145.17,12792.13,false
2026-07,2026-07-31,ACC-1116,Tundra Digital,Enterprise,AMER,MSG-API,Namilio Messaging API,Usage,message,32690196,56384402,23694206,172.5,In overage,33075.14,15722.09,false
2026-08,2026-08-31,ACC-1116,Tundra Digital,Enterprise,AMER,MSG-API,Namilio Messaging API,Usage,message,32690196,58853150,26162954,180,In overage,34713.26,17360.21,false
2026-09,2026-09-30,ACC-1116,Tundra Digital,Enterprise,AMER,MSG-API,Namilio Messaging API,Usage,message,32690196,59632361,26942165,182.4,In overage,35230.29,17877.25,false
2025-05,2025-05-31,ACC-1116,Tundra Digital,Enterprise,AMER,STUDIO,Namilio Studio,Seat,seat/year,586,608,22,103.8,On track,27607.5,1237.5,false
2025-06,2025-06-30,ACC-1116,Tundra Digital,Enterprise,AMER,STUDIO,Namilio Studio,Seat,seat/year,586,663,77,113.2,In overage,30701.25,4331.25,false
2025-07,2025-07-31,ACC-1116,Tundra Digital,Enterprise,AMER,STUDIO,Namilio Studio,Seat,seat/year,586,726,140,123.9,In overage,34245,7875,false
2025-08,2025-08-31,ACC-1116,Tundra Digital,Enterprise,AMER,STUDIO,Namilio Studio,Seat,seat/year,586,825,239,140.9,In overage,39813.75,13443.75,false
2025-09,2025-09-30,ACC-1116,Tundra Digital,Enterprise,AMER,STUDIO,Namilio Studio,Seat,seat/year,586,911,325,155.4,In overage,44651.25,18281.25,false
2025-10,2025-10-31,ACC-1116,Tundra Digital,Enterprise,AMER,STUDIO,Namilio Studio,Seat,seat/year,586,922,336,157.4,In overage,45270,18900,false
2025-11,2025-11-30,ACC-1116,Tundra Digital,Enterprise,AMER,STUDIO,Namilio Studio,Seat,seat/year,586,950,364,162.2,In overage,46845,20475,false
2025-12,2025-12-31,ACC-1116,Tundra Digital,Enterprise,AMER,STUDIO,Namilio Studio,Seat,seat/year,586,990,404,169,In overage,49095,22725,false
2026-01,2026-01-31,ACC-1116,Tundra Digital,Enterprise,AMER,STUDIO,Namilio Studio,Seat,seat/year,586,1084,498,185,In overage,54382.5,28012.5,false
2026-02,2026-02-28,ACC-1116,Tundra Digital,Enterprise,AMER,STUDIO,Namilio Studio,Seat,seat/year,586,1111,525,189.6,In overage,55901.25,29531.25,false
2026-03,2026-03-31,ACC-1116,Tundra Digital,Enterprise,AMER,STUDIO,Namilio Studio,Seat,seat/year,586,1195,609,204,In overage,60626.25,34256.25,false
2026-04,2026-04-30,ACC-1116,Tundra Digital,Enterprise,AMER,STUDIO,Namilio Studio,Seat,seat/year,586,1308,722,223.2,In overage,66982.5,40612.5,false
2026-05,2026-05-31,ACC-1116,Tundra Digital,Enterprise,AMER,STUDIO,Namilio Studio,Seat,seat/year,586,1392,806,237.5,In overage,71707.5,45337.5,false
2026-06,2026-06-30,ACC-1116,Tundra Digital,Enterprise,AMER,STUDIO,Namilio Studio,Seat,seat/year,586,1468,882,250.5,In overage,75982.5,49612.5,false
2026-07,2026-07-31,ACC-1116,Tundra Digital,Enterprise,AMER,STUDIO,Namilio Studio,Seat,seat/year,586,1520,934,259.4,In overage,78907.5,52537.5,false
2026-08,2026-08-31,ACC-1116,Tundra Digital,Enterprise,AMER,STUDIO,Namilio Studio,Seat,seat/year,586,1634,1048,278.8,In overage,85320,58950,false
2026-09,2026-09-30,ACC-1116,Tundra Digital,Enterprise,AMER,STUDIO,Namilio Studio,Seat,seat/year,586,1713,1127,292.3,In overage,89763.75,63393.75,false
2025-12,2025-12-31,ACC-1035,Sable Digital,SMB,EMEA,VERIFY,Namilio Verify,Usage,verification,913684,621434,0,68,On track,2459.84,0,false
2026-01,2026-01-31,ACC-1035,Sable Digital,SMB,EMEA,VERIFY,Namilio Verify,Usage,verification,913684,587439,0,64.3,On track,2325.28,0,false
2026-02,2026-02-28,ACC-1035,Sable Digital,SMB,EMEA,VERIFY,Namilio Verify,Usage,verification,913684,618566,0,67.7,On track,2448.49,0,false
2026-03,2026-03-31,ACC-1035,Sable Digital,SMB,EMEA,VERIFY,Namilio Verify,Usage,verification,913684,739198,0,80.9,On track,2925.99,0,false
2026-04,2026-04-30,ACC-1035,Sable Digital,SMB,EMEA,VERIFY,Namilio Verify,Usage,verification,913684,771094,0,84.4,On track,3052.25,0,false
2026-05,2026-05-31,ACC-1035,Sable Digital,SMB,EMEA,VERIFY,Namilio Verify,Usage,verification,913684,798860,0,87.4,On track,3162.15,0,false
2026-06,2026-06-30,ACC-1035,Sable Digital,SMB,EMEA,VERIFY,Namilio Verify,Usage,verification,913684,874929,0,95.8,On track,3463.26,0,false
2026-07,2026-07-31,ACC-1035,Sable Digital,SMB,EMEA,VERIFY,Namilio Verify,Usage,verification,913684,890831,0,97.5,On track,3526.21,0,false
2026-08,2026-08-31,ACC-1035,Sable Digital,SMB,EMEA,VERIFY,Namilio Verify,Usage,verification,913684,912057,0,99.8,On track,3610.23,0,false
2026-09,2026-09-30,ACC-1035,Sable Digital,SMB,EMEA,VERIFY,Namilio Verify,Usage,verification,913684,985382,71698,107.8,In overage,3971.42,354.76,false
2025-11,2025-11-30,ACC-1035,Sable Digital,SMB,EMEA,STUDIO,Namilio Studio,Seat,seat/year,72,59,0,81.4,On track,1725.75,0,false
2025-12,2025-12-31,ACC-1035,Sable Digital,SMB,EMEA,STUDIO,Namilio Studio,Seat,seat/year,72,68,0,93.8,On track,1989,0,false
2026-01,2026-01-31,ACC-1035,Sable Digital,SMB,EMEA,STUDIO,Namilio Studio,Seat,seat/year,72,65,0,90.9,On track,1901.25,0,false
2026-02,2026-02-28,ACC-1035,Sable Digital,SMB,EMEA,STUDIO,Namilio Studio,Seat,seat/year,72,72,0,99.5,On track,2106,0,false
2026-03,2026-03-31,ACC-1035,Sable Digital,SMB,EMEA,STUDIO,Namilio Studio,Seat,seat/year,72,73,1,101.1,On track,2142.56,36.56,false
2026-04,2026-04-30,ACC-1035,Sable Digital,SMB,EMEA,STUDIO,Namilio Studio,Seat,seat/year,72,77,5,106.8,In overage,2288.81,182.81,false
2026-05,2026-05-31,ACC-1035,Sable Digital,SMB,EMEA,STUDIO,Namilio Studio,Seat,seat/year,72,79,7,110,In overage,2361.94,255.94,false
2026-06,2026-06-30,ACC-1035,Sable Digital,SMB,EMEA,STUDIO,Namilio Studio,Seat,seat/year,72,74,2,102.3,On track,2179.13,73.13,false
2026-07,2026-07-31,ACC-1035,Sable Digital,SMB,EMEA,STUDIO,Namilio Studio,Seat,seat/year,72,75,3,104.6,On track,2215.69,109.69,false
2026-08,2026-08-31,ACC-1035,Sable Digital,SMB,EMEA,STUDIO,Namilio Studio,Seat,seat/year,72,78,6,108.7,In overage,2325.38,219.38,false
2026-09,2026-09-30,ACC-1035,Sable Digital,SMB,EMEA,STUDIO,Namilio Studio,Seat,seat/year,72,85,13,118.2,In overage,2581.31,475.31,false
2026-05,2026-05-31,ACC-1035,Sable Digital,SMB,EMEA,STUDIO,Namilio Studio,Seat,seat/year,34,34,0,99.3,On track,1224,0,false
2026-06,2026-06-30,ACC-1035,Sable Digital,SMB,EMEA,STUDIO,Namilio Studio,Seat,seat/year,34,38,4,110.8,In overage,1404,180,false
2026-07,2026-07-31,ACC-1035,Sable Digital,SMB,EMEA,STUDIO,Namilio Studio,Seat,seat/year,34,37,3,109.3,In overage,1359,135,false
2026-08,2026-08-31,ACC-1035,Sable Digital,SMB,EMEA,STUDIO,Namilio Studio,Seat,seat/year,34,38,4,110.6,In overage,1404,180,false
2026-09,2026-09-30,ACC-1035,Sable Digital,SMB,EMEA,STUDIO,Namilio Studio,Seat,seat/year,34,38,4,113.1,In overage,1404,180,false
2026-05,2026-05-31,ACC-1035,Sable Digital,SMB,EMEA,VOICE-AGENT,Namilio Voice Agents,Usage,minute,231373,245768,14395,106.2,In overage,1589.71,114.71,false
2026-06,2026-06-30,ACC-1035,Sable Digital,SMB,EMEA,VOICE-AGENT,Namilio Voice Agents,Usage,minute,231373,259413,28040,112.1,In overage,1698.45,223.44,false
2026-07,2026-07-31,ACC-1035,Sable Digital,SMB,EMEA,VOICE-AGENT,Namilio Voice Agents,Usage,minute,231373,249370,17997,107.8,In overage,1618.42,143.41,false
2026-08,2026-08-31,ACC-1035,Sable Digital,SMB,EMEA,VOICE-AGENT,Namilio Voice Agents,Usage,minute,231373,244005,12632,105.5,In overage,1575.66,100.66,false
2026-09,2026-09-30,ACC-1035,Sable Digital,SMB,EMEA,VOICE-AGENT,Namilio Voice Agents,Usage,minute,231373,250622,19249,108.3,In overage,1628.39,153.39,false
2025-07,2025-07-31,ACC-1035,Sable Digital,SMB,EMEA,VOICE-AGENT,Namilio Voice Agents,Usage,minute,99346,61230,0,61.6,On track,390.34,0,false
2025-08,2025-08-31,ACC-1035,Sable Digital,SMB,EMEA,VOICE-AGENT,Namilio Voice Agents,Usage,minute,99346,66074,0,66.5,On track,421.22,0,false
2025-09,2025-09-30,ACC-1035,Sable Digital,SMB,EMEA,VOICE-AGENT,Namilio Voice Agents,Usage,minute,99346,65864,0,66.3,On track,419.88,0,false
2025-10,2025-10-31,ACC-1035,Sable Digital,SMB,EMEA,VOICE-AGENT,Namilio Voice Agents,Usage,minute,99346,72744,0,73.2,On track,463.74,0,false
2025-11,2025-11-30,ACC-1035,Sable Digital,SMB,EMEA,VOICE-AGENT,Namilio Voice Agents,Usage,minute,99346,67571,0,68,On track,430.77,0,false
2025-12,2025-12-31,ACC-1035,Sable Digital,SMB,EMEA,VOICE-AGENT,Namilio Voice Agents,Usage,minute,99346,75778,0,76.3,On track,483.08,0,false
2026-01,2026-01-31,ACC-1035,Sable Digital,SMB,EMEA,VOICE-AGENT,Namilio Voice Agents,Usage,minute,99346,85799,0,86.4,On track,546.97,0,false
2026-02,2026-02-28,ACC-1035,Sable Digital,SMB,EMEA,VOICE-AGENT,Namilio Voice Agents,Usage,minute,99346,93206,0,93.8,On track,594.19,0,false
2026-03,2026-03-31,ACC-1035,Sable Digital,SMB,EMEA,VOICE-AGENT,Namilio Voice Agents,Usage,minute,99346,101255,1909,101.9,On track,648.54,15.21,false
2026-04,2026-04-30,ACC-1035,Sable Digital,SMB,EMEA,VOICE-AGENT,Namilio Voice Agents,Usage,minute,99346,101814,2468,102.5,On track,653,19.67,false
2026-05,2026-05-31,ACC-1035,Sable Digital,SMB,EMEA,VOICE-AGENT,Namilio Voice Agents,Usage,minute,99346,112882,13536,113.6,In overage,741.2,107.86,false
2026-06,2026-06-30,ACC-1035,Sable Digital,SMB,EMEA,VOICE-AGENT,Namilio Voice Agents,Usage,minute,99346,114910,15564,115.7,In overage,757.36,124.03,false
2026-07,2026-07-31,ACC-1035,Sable Digital,SMB,EMEA,VOICE-AGENT,Namilio Voice Agents,Usage,minute,99346,122819,23473,123.6,In overage,820.38,187.05,false
2026-08,2026-08-31,ACC-1035,Sable Digital,SMB,EMEA,VOICE-AGENT,Namilio Voice Agents,Usage,minute,99346,124040,24694,124.9,In overage,830.11,196.78,false
2026-09,2026-09-30,ACC-1035,Sable Digital,SMB,EMEA,VOICE-AGENT,Namilio Voice Agents,Usage,minute,99346,130417,31071,131.3,In overage,880.93,247.6,false
2025-07,2025-07-31,ACC-1035,Sable Digital,SMB,EMEA,MSG-API,Namilio Messaging API,Usage,message,1046154,564955,0,54,Under-consuming,229.28,0,true
2025-08,2025-08-31,ACC-1035,Sable Digital,SMB,EMEA,MSG-API,Namilio Messaging API,Usage,message,1046154,562566,0,53.8,Under-consuming,228.31,0,true
2025-09,2025-09-30,ACC-1035,Sable Digital,SMB,EMEA,MSG-API,Namilio Messaging API,Usage,message,1046154,599018,0,57.3,Under-consuming,243.1,0,false
2025-10,2025-10-31,ACC-1035,Sable Digital,SMB,EMEA,MSG-API,Namilio Messaging API,Usage,message,1046154,730027,0,69.8,On track,296.27,0,false
2025-11,2025-11-30,ACC-1035,Sable Digital,SMB,EMEA,MSG-API,Namilio Messaging API,Usage,message,1046154,836785,0,80,On track,339.6,0,false
2025-12,2025-12-31,ACC-1035,Sable Digital,SMB,EMEA,MSG-API,Namilio Messaging API,Usage,message,1046154,921702,0,88.1,On track,374.06,0,false
2026-01,2026-01-31,ACC-1035,Sable Digital,SMB,EMEA,MSG-API,Namilio Messaging API,Usage,message,1046154,925225,0,88.4,On track,375.49,0,false
2026-02,2026-02-28,ACC-1035,Sable Digital,SMB,EMEA,MSG-API,Namilio Messaging API,Usage,message,1046154,966914,0,92.4,On track,392.41,0,false
2026-03,2026-03-31,ACC-1035,Sable Digital,SMB,EMEA,MSG-API,Namilio Messaging API,Usage,message,1046154,1073526,27372,102.6,On track,438.45,13.89,false
2026-04,2026-04-30,ACC-1035,Sable Digital,SMB,EMEA,MSG-API,Namilio Messaging API,Usage,message,1046154,1211365,165211,115.8,In overage,508.37,83.81,false
2026-05,2026-05-31,ACC-1035,Sable Digital,SMB,EMEA,MSG-API,Namilio Messaging API,Usage,message,1046154,1299571,253417,124.2,In overage,553.12,128.56,false
2026-06,2026-06-30,ACC-1035,Sable Digital,SMB,EMEA,MSG-API,Namilio Messaging API,Usage,message,1046154,1492616,446462,142.7,In overage,651.05,226.49,false
2026-07,2026-07-31,ACC-1035,Sable Digital,SMB,EMEA,MSG-API,Namilio Messaging API,Usage,message,1046154,1613094,566940,154.2,In overage,712.17,287.6,false
2026-08,2026-08-31,ACC-1035,Sable Digital,SMB,EMEA,MSG-API,Namilio Messaging API,Usage,message,1046154,1754971,708817,167.8,In overage,784.14,359.58,false
2026-09,2026-09-30,ACC-1035,Sable Digital,SMB,EMEA,MSG-API,Namilio Messaging API,Usage,message,1046154,1877783,831629,179.5,In overage,846.44,421.88,false
2026-09,2026-09-30,ACC-1102,Cinder Pay,Mid-Market,EMEA,COPILOT-API,Namilio Copilot API,Usage,1K tokens,5655502,3958030,0,70,On track,3446.78,0,false
2026-09,2026-09-30,ACC-1102,Cinder Pay,Mid-Market,EMEA,VERIFY,Namilio Verify,Usage,verification,600000,375224,0,62.5,On track,1563.43,0,false
2026-09,2026-09-30,ACC-1102,Cinder Pay,Mid-Market,EMEA,VOICE-AGENT,Namilio Voice Agents,Usage,minute,422222,356551,0,84.4,On track,2674.13,0,false
2026-07,2026-07-31,ACC-1102,Cinder Pay,Mid-Market,EMEA,STUDIO,Namilio Studio,Seat,seat/year,112,99,0,88.5,On track,4455,0,false
2026-08,2026-08-31,ACC-1102,Cinder Pay,Mid-Market,EMEA,STUDIO,Namilio Studio,Seat,seat/year,112,103,0,92.2,On track,4635,0,false
2026-09,2026-09-30,ACC-1102,Cinder Pay,Mid-Market,EMEA,STUDIO,Namilio Studio,Seat,seat/year,112,95,0,85,On track,4275,0,false
2026-04,2026-04-30,ACC-1129,Vertex Pay,Self-Serve,APAC,VOICE-AGENT,Namilio Voice Agents,Usage,minute,33333,24073,0,72.2,On track,180.55,0,false
2026-05,2026-05-31,ACC-1129,Vertex Pay,Self-Serve,APAC,VOICE-AGENT,Namilio Voice Agents,Usage,minute,33333,22657,0,68,On track,169.93,0,false
2026-06,2026-06-30,ACC-1129,Vertex Pay,Self-Serve,APAC,VOICE-AGENT,Namilio Voice Agents,Usage,minute,33333,23521,0,70.6,On track,176.41,0,false
2026-07,2026-07-31,ACC-1129,Vertex Pay,Self-Serve,APAC,VOICE-AGENT,Namilio Voice Agents,Usage,minute,33333,26830,0,80.5,On track,201.22,0,false
2026-08,2026-08-31,ACC-1129,Vertex Pay,Self-Serve,APAC,VOICE-AGENT,Namilio Voice Agents,Usage,minute,33333,27028,0,81.1,On track,202.71,0,false
2026-09,2026-09-30,ACC-1129,Vertex Pay,Self-Serve,APAC,VOICE-AGENT,Namilio Voice Agents,Usage,minute,33333,23650,0,71,On track,177.38,0,false
2025-07,2025-07-31,ACC-1129,Vertex Pay,Self-Serve,APAC,MSG-API,Namilio Messaging API,Usage,message,1733333,1732711,0,100,On track,1082.94,0,false
2025-08,2025-08-31,ACC-1129,Vertex Pay,Self-Serve,APAC,MSG-API,Namilio Messaging API,Usage,message,1733333,1798669,65336,103.8,On track,1134.38,51.04,false
2025-09,2025-09-30,ACC-1129,Vertex Pay,Self-Serve,APAC,MSG-API,Namilio Messaging API,Usage,message,1733333,1925580,192247,111.1,In overage,1233.53,150.19,false
2025-10,2025-10-31,ACC-1129,Vertex Pay,Self-Serve,APAC,MSG-API,Namilio Messaging API,Usage,message,1733333,2004948,271615,115.7,In overage,1295.53,212.2,false
2025-11,2025-11-30,ACC-1129,Vertex Pay,Self-Serve,APAC,MSG-API,Namilio Messaging API,Usage,message,1733333,2132153,398820,123,In overage,1394.91,311.58,false
2025-12,2025-12-31,ACC-1129,Vertex Pay,Self-Serve,APAC,MSG-API,Namilio Messaging API,Usage,message,1733333,2159163,425830,124.6,In overage,1416.01,332.68,false
2026-01,2026-01-31,ACC-1129,Vertex Pay,Self-Serve,APAC,MSG-API,Namilio Messaging API,Usage,message,1733333,2149063,415730,124,In overage,1408.12,324.79,false
2026-02,2026-02-28,ACC-1129,Vertex Pay,Self-Serve,APAC,MSG-API,Namilio Messaging API,Usage,message,1733333,2134644,401311,123.2,In overage,1396.86,313.52,false
2026-03,2026-03-31,ACC-1129,Vertex Pay,Self-Serve,APAC,MSG-API,Namilio Messaging API,Usage,message,1733333,2254509,521176,130.1,In overage,1490.5,407.17,false
2026-04,2026-04-30,ACC-1129,Vertex Pay,Self-Serve,APAC,MSG-API,Namilio Messaging API,Usage,message,1733333,2332279,598946,134.6,In overage,1551.26,467.93,false
2026-05,2026-05-31,ACC-1129,Vertex Pay,Self-Serve,APAC,MSG-API,Namilio Messaging API,Usage,message,1733333,2414325,680992,139.3,In overage,1615.36,532.02,false
2026-06,2026-06-30,ACC-1129,Vertex Pay,Self-Serve,APAC,MSG-API,Namilio Messaging API,Usage,message,1733333,2372916,639583,136.9,In overage,1583.01,499.67,false
2026-07,2026-07-31,ACC-1129,Vertex Pay,Self-Serve,APAC,MSG-API,Namilio Messaging API,Usage,message,1733333,2410354,677021,139.1,In overage,1612.26,528.92,false
2026-08,2026-08-31,ACC-1129,Vertex Pay,Self-Serve,APAC,MSG-API,Namilio Messaging API,Usage,message,1733333,2467840,734507,142.4,In overage,1657.17,573.83,false
2026-09,2026-09-30,ACC-1129,Vertex Pay,Self-Serve,APAC,MSG-API,Namilio Messaging API,Usage,message,1733333,2419246,685913,139.6,In overage,1619.2,535.87,false
2026-06,2026-06-30,ACC-1129,Vertex Pay,Self-Serve,APAC,VOICE-AGENT,Namilio Voice Agents,Usage,minute,51462,39230,0,76.2,On track,279.51,0,false
2026-07,2026-07-31,ACC-1129,Vertex Pay,Self-Serve,APAC,VOICE-AGENT,Namilio Voice Agents,Usage,minute,51462,34564,0,67.2,On track,246.27,0,false
2026-08,2026-08-31,ACC-1129,Vertex Pay,Self-Serve,APAC,VOICE-AGENT,Namilio Voice Agents,Usage,minute,51462,36516,0,71,On track,260.18,0,false
2026-09,2026-09-30,ACC-1129,Vertex Pay,Self-Serve,APAC,VOICE-AGENT,Namilio Voice Agents,Usage,minute,51462,35169,0,68.3,On track,250.58,0,false
2026-02,2026-02-28,ACC-1129,Vertex Pay,Self-Serve,APAC,VERIFY,Namilio Verify,Usage,verification,37333,34106,0,91.4,On track,106.58,0,false
2026-03,2026-03-31,ACC-1129,Vertex Pay,Self-Serve,APAC,VERIFY,Namilio Verify,Usage,verification,37333,34383,0,92.1,On track,107.45,0,false
2026-04,2026-04-30,ACC-1129,Vertex Pay,Self-Serve,APAC,VERIFY,Namilio Verify,Usage,verification,37333,35441,0,94.9,On track,110.75,0,false
2026-05,2026-05-31,ACC-1129,Vertex Pay,Self-Serve,APAC,VERIFY,Namilio Verify,Usage,verification,37333,35756,0,95.8,On track,111.74,0,false
2026-06,2026-06-30,ACC-1129,Vertex Pay,Self-Serve,APAC,VERIFY,Namilio Verify,Usage,verification,37333,40075,2742,107.3,In overage,127.38,10.71,false
2026-07,2026-07-31,ACC-1129,Vertex Pay,Self-Serve,APAC,VERIFY,Namilio Verify,Usage,verification,37333,37993,660,101.8,On track,119.24,2.58,false
2026-08,2026-08-31,ACC-1129,Vertex Pay,Self-Serve,APAC,VERIFY,Namilio Verify,Usage,verification,37333,40699,3366,109,In overage,129.81,13.15,false
2026-09,2026-09-30,ACC-1129,Vertex Pay,Self-Serve,APAC,VERIFY,Namilio Verify,Usage,verification,37333,40395,3062,108.2,In overage,128.63,11.96,false
2026-06,2026-06-30,ACC-1129,Vertex Pay,Self-Serve,APAC,STUDIO,Namilio Studio,Seat,seat/year,19,16,0,83.7,On track,684,0,false
2026-07,2026-07-31,ACC-1129,Vertex Pay,Self-Serve,APAC,STUDIO,Namilio Studio,Seat,seat/year,19,16,0,84.4,On track,684,0,false
2026-08,2026-08-31,ACC-1129,Vertex Pay,Self-Serve,APAC,STUDIO,Namilio Studio,Seat,seat/year,19,18,0,95.2,On track,769.5,0,false
2026-09,2026-09-30,ACC-1129,Vertex Pay,Self-Serve,APAC,STUDIO,Namilio Studio,Seat,seat/year,19,18,0,94.1,On track,769.5,0,false
2026-02,2026-02-28,ACC-1017,Dovetail Gaming,Mid-Market,AMER,VOICE-AGENT,Namilio Voice Agents,Usage,minute,694017,604405,0,87.1,On track,2946.47,0,false
2026-03,2026-03-31,ACC-1017,Dovetail Gaming,Mid-Market,AMER,VOICE-AGENT,Namilio Voice Agents,Usage,minute,694017,602782,0,86.9,On track,2938.56,0,false
2026-04,2026-04-30,ACC-1017,Dovetail Gaming,Mid-Market,AMER,VOICE-AGENT,Namilio Voice Agents,Usage,minute,694017,632974,0,91.2,On track,3085.75,0,false
2026-05,2026-05-31,ACC-1017,Dovetail Gaming,Mid-Market,AMER,VOICE-AGENT,Namilio Voice Agents,Usage,minute,694017,647393,0,93.3,On track,3156.04,0,false
2026-06,2026-06-30,ACC-1017,Dovetail Gaming,Mid-Market,AMER,VOICE-AGENT,Namilio Voice Agents,Usage,minute,694017,715499,21482,103.1,On track,3514.24,130.91,false
2026-07,2026-07-31,ACC-1017,Dovetail Gaming,Mid-Market,AMER,VOICE-AGENT,Namilio Voice Agents,Usage,minute,694017,779236,85219,112.3,In overage,3902.64,519.3,false
2026-08,2026-08-31,ACC-1017,Dovetail Gaming,Mid-Market,AMER,VOICE-AGENT,Namilio Voice Agents,Usage,minute,694017,801159,107142,115.4,In overage,4036.23,652.9,false
2026-09,2026-09-30,ACC-1017,Dovetail Gaming,Mid-Market,AMER,VOICE-AGENT,Namilio Voice Agents,Usage,minute,694017,842939,148922,121.5,In overage,4290.83,907.49,false
2026-02,2026-02-28,ACC-1017,Dovetail Gaming,Mid-Market,AMER,COPILOT-API,Namilio Copilot API,Usage,1K tokens,5122995,4065361,0,79.4,On track,3167.59,0,false
2026-03,2026-03-31,ACC-1017,Dovetail Gaming,Mid-Market,AMER,COPILOT-API,Namilio Copilot API,Usage,1K tokens,5122995,4385491,0,85.6,On track,3417.03,0,false
2026-04,2026-04-30,ACC-1017,Dovetail Gaming,Mid-Market,AMER,COPILOT-API,Namilio Copilot API,Usage,1K tokens,5122995,4582604,0,89.5,On track,3570.61,0,false
2026-05,2026-05-31,ACC-1017,Dovetail Gaming,Mid-Market,AMER,COPILOT-API,Namilio Copilot API,Usage,1K tokens,5122995,4645584,0,90.7,On track,3619.68,0,false
2026-06,2026-06-30,ACC-1017,Dovetail Gaming,Mid-Market,AMER,COPILOT-API,Namilio Copilot API,Usage,1K tokens,5122995,4831164,0,94.3,On track,3764.28,0,false
2026-07,2026-07-31,ACC-1017,Dovetail Gaming,Mid-Market,AMER,COPILOT-API,Namilio Copilot API,Usage,1K tokens,5122995,5707891,584896,111.4,In overage,4561.33,569.66,false
2026-08,2026-08-31,ACC-1017,Dovetail Gaming,Mid-Market,AMER,COPILOT-API,Namilio Copilot API,Usage,1K tokens,5122995,5916813,793818,115.5,In overage,4764.81,773.15,false
2026-09,2026-09-30,ACC-1017,Dovetail Gaming,Mid-Market,AMER,COPILOT-API,Namilio Copilot API,Usage,1K tokens,5122995,5702919,579924,111.3,In overage,4556.49,564.82,false
2026-06,2026-06-30,ACC-1017,Dovetail Gaming,Mid-Market,AMER,STUDIO,Namilio Studio,Seat,seat/year,65,46,0,71.4,On track,1966.5,0,false
2026-07,2026-07-31,ACC-1017,Dovetail Gaming,Mid-Market,AMER,STUDIO,Namilio Studio,Seat,seat/year,65,47,0,71.7,On track,2009.25,0,false
2026-08,2026-08-31,ACC-1017,Dovetail Gaming,Mid-Market,AMER,STUDIO,Namilio Studio,Seat,seat/year,65,53,0,81.8,On track,2265.75,0,false
2026-09,2026-09-30,ACC-1017,Dovetail Gaming,Mid-Market,AMER,STUDIO,Namilio Studio,Seat,seat/year,65,61,0,93.7,On track,2607.75,0,false
2026-06,2026-06-30,ACC-1017,Dovetail Gaming,Mid-Market,AMER,MSG-API,Namilio Messaging API,Usage,message,3986667,2455468,0,61.6,On track,1534.67,0,false
2026-07,2026-07-31,ACC-1017,Dovetail Gaming,Mid-Market,AMER,MSG-API,Namilio Messaging API,Usage,message,3986667,2403357,0,60.3,On track,1502.1,0,false
2026-08,2026-08-31,ACC-1017,Dovetail Gaming,Mid-Market,AMER,MSG-API,Namilio Messaging API,Usage,message,3986667,2939996,0,73.7,On track,1837.5,0,false
2026-09,2026-09-30,ACC-1017,Dovetail Gaming,Mid-Market,AMER,MSG-API,Namilio Messaging API,Usage,message,3986667,3048474,0,76.5,On track,1905.3,0,false
2025-11,2025-11-30,ACC-1006,Lattice Works,Self-Serve,AMER,STUDIO,Namilio Studio,Seat,seat/year,31,25,0,82.2,On track,843.75,0,false
2025-12,2025-12-31,ACC-1006,Lattice Works,Self-Serve,AMER,STUDIO,Namilio Studio,Seat,seat/year,31,24,0,77.9,On track,810,0,false
2026-01,2026-01-31,ACC-1006,Lattice Works,Self-Serve,AMER,STUDIO,Namilio Studio,Seat,seat/year,31,24,0,78,On track,810,0,false
2026-02,2026-02-28,ACC-1006,Lattice Works,Self-Serve,AMER,STUDIO,Namilio Studio,Seat,seat/year,31,26,0,82.8,On track,877.5,0,false
2026-03,2026-03-31,ACC-1006,Lattice Works,Self-Serve,AMER,STUDIO,Namilio Studio,Seat,seat/year,31,23,0,75.8,On track,776.25,0,false
2026-04,2026-04-30,ACC-1006,Lattice Works,Self-Serve,AMER,STUDIO,Namilio Studio,Seat,seat/year,31,24,0,78.3,On track,810,0,false
2026-05,2026-05-31,ACC-1006,Lattice Works,Self-Serve,AMER,STUDIO,Namilio Studio,Seat,seat/year,31,24,0,77.4,On track,810,0,false
2026-06,2026-06-30,ACC-1006,Lattice Works,Self-Serve,AMER,STUDIO,Namilio Studio,Seat,seat/year,31,23,0,73.5,On track,776.25,0,false
2026-07,2026-07-31,ACC-1006,Lattice Works,Self-Serve,AMER,STUDIO,Namilio Studio,Seat,seat/year,31,24,0,77.2,On track,810,0,false
2026-08,2026-08-31,ACC-1006,Lattice Works,Self-Serve,AMER,STUDIO,Namilio Studio,Seat,seat/year,31,23,0,73.5,On track,776.25,0,false
2026-09,2026-09-30,ACC-1006,Lattice Works,Self-Serve,AMER,STUDIO,Namilio Studio,Seat,seat/year,31,22,0,72.2,On track,742.5,0,false
2026-03,2026-03-31,ACC-1057,Ember Group,SMB,AMER,MSG-API,Namilio Messaging API,Usage,message,617544,550845,0,89.2,On track,326.83,0,false
2026-04,2026-04-30,ACC-1057,Ember Group,SMB,AMER,MSG-API,Namilio Messaging API,Usage,message,617544,630153,12609,102,On track,375.76,9.35,false
2026-05,2026-05-31,ACC-1057,Ember Group,SMB,AMER,MSG-API,Namilio Messaging API,Usage,message,617544,647498,29954,104.9,On track,388.63,22.22,false
2026-06,2026-06-30,ACC-1057,Ember Group,SMB,AMER,MSG-API,Namilio Messaging API,Usage,message,617544,674164,56620,109.2,In overage,408.4,41.99,false
2026-07,2026-07-31,ACC-1057,Ember Group,SMB,AMER,MSG-API,Namilio Messaging API,Usage,message,617544,678377,60833,109.9,In overage,411.53,45.12,false
2026-08,2026-08-31,ACC-1057,Ember Group,SMB,AMER,MSG-API,Namilio Messaging API,Usage,message,617544,692526,74982,112.1,In overage,422.02,55.61,false
2026-09,2026-09-30,ACC-1057,Ember Group,SMB,AMER,MSG-API,Namilio Messaging API,Usage,message,617544,714740,97196,115.7,In overage,438.5,72.09,false
2026-01,2026-01-31,ACC-1057,Ember Group,SMB,AMER,VOICE-AGENT,Namilio Voice Agents,Usage,minute,486667,307505,0,63.2,On track,2306.29,0,false
2026-02,2026-02-28,ACC-1057,Ember Group,SMB,AMER,VOICE-AGENT,Namilio Voice Agents,Usage,minute,486667,297287,0,61.1,On track,2229.65,0,false
2026-03,2026-03-31,ACC-1057,Ember Group,SMB,AMER,VOICE-AGENT,Namilio Voice Agents,Usage,minute,486667,314712,0,64.7,On track,2360.34,0,false
2026-04,2026-04-30,ACC-1057,Ember Group,SMB,AMER,VOICE-AGENT,Namilio Voice Agents,Usage,minute,486667,275467,0,56.6,Under-consuming,2066,0,false
2026-05,2026-05-31,ACC-1057,Ember Group,SMB,AMER,VOICE-AGENT,Namilio Voice Agents,Usage,minute,486667,268775,0,55.2,Under-consuming,2015.81,0,false
2026-06,2026-06-30,ACC-1057,Ember Group,SMB,AMER,VOICE-AGENT,Namilio Voice Agents,Usage,minute,486667,251859,0,51.8,Under-consuming,1888.94,0,true
2026-07,2026-07-31,ACC-1057,Ember Group,SMB,AMER,VOICE-AGENT,Namilio Voice Agents,Usage,minute,486667,247432,0,50.8,Under-consuming,1855.74,0,true
2026-08,2026-08-31,ACC-1057,Ember Group,SMB,AMER,VOICE-AGENT,Namilio Voice Agents,Usage,minute,486667,247618,0,50.9,Under-consuming,1857.13,0,true
2026-09,2026-09-30,ACC-1057,Ember Group,SMB,AMER,VOICE-AGENT,Namilio Voice Agents,Usage,minute,486667,218871,0,45,Under-consuming,1641.53,0,true
2025-12,2025-12-31,ACC-1057,Ember Group,SMB,AMER,VOICE-AGENT,Namilio Voice Agents,Usage,minute,95833,90965,0,94.9,On track,545.79,0,false
2026-01,2026-01-31,ACC-1057,Ember Group,SMB,AMER,VOICE-AGENT,Namilio Voice Agents,Usage,minute,95833,88464,0,92.3,On track,530.78,0,false
2026-02,2026-02-28,ACC-1057,Ember Group,SMB,AMER,VOICE-AGENT,Namilio Voice Agents,Usage,minute,95833,78477,0,81.9,On track,470.86,0,false
2026-03,2026-03-31,ACC-1057,Ember Group,SMB,AMER,VOICE-AGENT,Namilio Voice Agents,Usage,minute,95833,77543,0,80.9,On track,465.26,0,false
2026-04,2026-04-30,ACC-1057,Ember Group,SMB,AMER,VOICE-AGENT,Namilio Voice Agents,Usage,minute,95833,79208,0,82.7,On track,475.25,0,false
2026-05,2026-05-31,ACC-1057,Ember Group,SMB,AMER,VOICE-AGENT,Namilio Voice Agents,Usage,minute,95833,86006,0,89.7,On track,516.04,0,false
2026-06,2026-06-30,ACC-1057,Ember Group,SMB,AMER,VOICE-AGENT,Namilio Voice Agents,Usage,minute,95833,87576,0,91.4,On track,525.46,0,false
2026-07,2026-07-31,ACC-1057,Ember Group,SMB,AMER,VOICE-AGENT,Namilio Voice Agents,Usage,minute,95833,87535,0,91.3,On track,525.21,0,false
2026-08,2026-08-31,ACC-1057,Ember Group,SMB,AMER,VOICE-AGENT,Namilio Voice Agents,Usage,minute,95833,88698,0,92.6,On track,532.19,0,false
2026-09,2026-09-30,ACC-1057,Ember Group,SMB,AMER,VOICE-AGENT,Namilio Voice Agents,Usage,minute,95833,80434,0,83.9,On track,482.6,0,false
2025-12,2025-12-31,ACC-1057,Ember Group,SMB,AMER,STUDIO,Namilio Studio,Seat,seat/year,24,22,0,91.2,On track,940.5,0,false
2026-01,2026-01-31,ACC-1057,Ember Group,SMB,AMER,STUDIO,Namilio Studio,Seat,seat/year,24,22,0,91.3,On track,940.5,0,false
2026-02,2026-02-28,ACC-1057,Ember Group,SMB,AMER,STUDIO,Namilio Studio,Seat,seat/year,24,22,0,90.6,On track,940.5,0,false
2026-03,2026-03-31,ACC-1057,Ember Group,SMB,AMER,STUDIO,Namilio Studio,Seat,seat/year,24,21,0,87,On track,897.75,0,false
2026-04,2026-04-30,ACC-1057,Ember Group,SMB,AMER,STUDIO,Namilio Studio,Seat,seat/year,24,22,0,93,On track,940.5,0,false
2026-05,2026-05-31,ACC-1057,Ember Group,SMB,AMER,STUDIO,Namilio Studio,Seat,seat/year,24,22,0,91.1,On track,940.5,0,false
2026-06,2026-06-30,ACC-1057,Ember Group,SMB,AMER,STUDIO,Namilio Studio,Seat,seat/year,24,21,0,88.3,On track,897.75,0,false
2026-07,2026-07-31,ACC-1057,Ember Group,SMB,AMER,STUDIO,Namilio Studio,Seat,seat/year,24,22,0,93,On track,940.5,0,false
2026-08,2026-08-31,ACC-1057,Ember Group,SMB,AMER,STUDIO,Namilio Studio,Seat,seat/year,24,23,0,94.5,On track,983.25,0,false
2026-09,2026-09-30,ACC-1057,Ember Group,SMB,AMER,STUDIO,Namilio Studio,Seat,seat/year,24,24,0,100.3,On track,1026,0,false
2026-01,2026-01-31,ACC-1041,Lumen Labs,Mid-Market,APAC,MSG-API,Namilio Messaging API,Usage,message,8000000,6117251,0,76.5,On track,3823.28,0,false
2026-02,2026-02-28,ACC-1041,Lumen Labs,Mid-Market,APAC,MSG-API,Namilio Messaging API,Usage,message,8000000,6337635,0,79.2,On track,3961.02,0,false
2026-03,2026-03-31,ACC-1041,Lumen Labs,Mid-Market,APAC,MSG-API,Namilio Messaging API,Usage,message,8000000,6745558,0,84.3,On track,4215.97,0,false
2026-04,2026-04-30,ACC-1041,Lumen Labs,Mid-Market,APAC,MSG-API,Namilio Messaging API,Usage,message,8000000,7216002,0,90.2,On track,4510,0,false
2026-05,2026-05-31,ACC-1041,Lumen Labs,Mid-Market,APAC,MSG-API,Namilio Messaging API,Usage,message,8000000,8145359,145359,101.8,On track,5113.56,113.56,false
2026-06,2026-06-30,ACC-1041,Lumen Labs,Mid-Market,APAC,MSG-API,Namilio Messaging API,Usage,message,8000000,8748155,748155,109.4,In overage,5584.5,584.5,false
2026-07,2026-07-31,ACC-1041,Lumen Labs,Mid-Market,APAC,MSG-API,Namilio Messaging API,Usage,message,8000000,8419874,419874,105.2,In overage,5328.03,328.03,false
2026-08,2026-08-31,ACC-1041,Lumen Labs,Mid-Market,APAC,MSG-API,Namilio Messaging API,Usage,message,8000000,8761849,761849,109.5,In overage,5595.19,595.19,false
2026-09,2026-09-30,ACC-1041,Lumen Labs,Mid-Market,APAC,MSG-API,Namilio Messaging API,Usage,message,8000000,9615041,1615041,120.2,In overage,6261.75,1261.75,false
2026-01,2026-01-31,ACC-1041,Lumen Labs,Mid-Market,APAC,STUDIO,Namilio Studio,Seat,seat/year,64,64,0,100.4,On track,2448,0,false
2026-02,2026-02-28,ACC-1041,Lumen Labs,Mid-Market,APAC,STUDIO,Namilio Studio,Seat,seat/year,64,65,1,101.5,On track,2495.81,47.81,false
2026-03,2026-03-31,ACC-1041,Lumen Labs,Mid-Market,APAC,STUDIO,Namilio Studio,Seat,seat/year,64,64,0,100.5,On track,2448,0,false
2026-04,2026-04-30,ACC-1041,Lumen Labs,Mid-Market,APAC,STUDIO,Namilio Studio,Seat,seat/year,64,61,0,95.9,On track,2333.25,0,false
2026-05,2026-05-31,ACC-1041,Lumen Labs,Mid-Market,APAC,STUDIO,Namilio Studio,Seat,seat/year,64,62,0,97.1,On track,2371.5,0,false
2026-06,2026-06-30,ACC-1041,Lumen Labs,Mid-Market,APAC,STUDIO,Namilio Studio,Seat,seat/year,64,67,3,105.3,In overage,2591.44,143.44,false
2026-07,2026-07-31,ACC-1041,Lumen Labs,Mid-Market,APAC,STUDIO,Namilio Studio,Seat,seat/year,64,71,7,110.7,In overage,2782.69,334.69,false
2026-08,2026-08-31,ACC-1041,Lumen Labs,Mid-Market,APAC,STUDIO,Namilio Studio,Seat,seat/year,64,71,7,110.3,In overage,2782.69,334.69,false
2026-09,2026-09-30,ACC-1041,Lumen Labs,Mid-Market,APAC,STUDIO,Namilio Studio,Seat,seat/year,64,76,12,119.2,In overage,3021.75,573.75,false
2026-06,2026-06-30,ACC-1041,Lumen Labs,Mid-Market,APAC,MSG-API,Namilio Messaging API,Usage,message,7051852,5889648,0,83.5,On track,3312.93,0,false
2026-07,2026-07-31,ACC-1041,Lumen Labs,Mid-Market,APAC,MSG-API,Namilio Messaging API,Usage,message,7051852,5982566,0,84.8,On track,3365.19,0,false
2026-08,2026-08-31,ACC-1041,Lumen Labs,Mid-Market,APAC,MSG-API,Namilio Messaging API,Usage,message,7051852,5315420,0,75.4,On track,2989.92,0,false
2026-09,2026-09-30,ACC-1041,Lumen Labs,Mid-Market,APAC,MSG-API,Namilio Messaging API,Usage,message,7051852,5490655,0,77.9,On track,3088.49,0,false
2026-06,2026-06-30,ACC-1041,Lumen Labs,Mid-Market,APAC,COPILOT-API,Namilio Copilot API,Usage,1K tokens,5146853,3606404,0,70.1,On track,2148.82,0,false
2026-07,2026-07-31,ACC-1041,Lumen Labs,Mid-Market,APAC,COPILOT-API,Namilio Copilot API,Usage,1K tokens,5146853,3539389,0,68.8,On track,2108.89,0,false
2026-08,2026-08-31,ACC-1041,Lumen Labs,Mid-Market,APAC,COPILOT-API,Namilio Copilot API,Usage,1K tokens,5146853,3302968,0,64.2,On track,1968.02,0,false
2026-09,2026-09-30,ACC-1041,Lumen Labs,Mid-Market,APAC,COPILOT-API,Namilio Copilot API,Usage,1K tokens,5146853,3316773,0,64.4,On track,1976.24,0,false
2026-04,2026-04-30,ACC-1072,Dovetail Works,SMB,APAC,STUDIO,Namilio Studio,Seat,seat/year,17,14,0,80,On track,504,0,false
2026-05,2026-05-31,ACC-1072,Dovetail Works,SMB,APAC,STUDIO,Namilio Studio,Seat,seat/year,17,12,0,70.3,On track,432,0,false
2026-06,2026-06-30,ACC-1072,Dovetail Works,SMB,APAC,STUDIO,Namilio Studio,Seat,seat/year,17,11,0,64,On track,396,0,false
2026-07,2026-07-31,ACC-1072,Dovetail Works,SMB,APAC,STUDIO,Namilio Studio,Seat,seat/year,17,11,0,63.1,On track,396,0,false
2026-08,2026-08-31,ACC-1072,Dovetail Works,SMB,APAC,STUDIO,Namilio Studio,Seat,seat/year,17,12,0,69,On track,432,0,false
2026-09,2026-09-30,ACC-1072,Dovetail Works,SMB,APAC,STUDIO,Namilio Studio,Seat,seat/year,17,10,0,60.4,On track,360,0,false
2026-04,2026-04-30,ACC-1072,Dovetail Works,SMB,APAC,MSG-API,Namilio Messaging API,Usage,message,1417544,1318769,0,93,On track,782.47,0,false
2026-05,2026-05-31,ACC-1072,Dovetail Works,SMB,APAC,MSG-API,Namilio Messaging API,Usage,message,1417544,1234831,0,87.1,On track,732.67,0,false
2026-06,2026-06-30,ACC-1072,Dovetail Works,SMB,APAC,MSG-API,Namilio Messaging API,Usage,message,1417544,1176720,0,83,On track,698.19,0,false
2026-07,2026-07-31,ACC-1072,Dovetail Works,SMB,APAC,MSG-API,Namilio Messaging API,Usage,message,1417544,1040652,0,73.4,On track,617.45,0,false
2026-08,2026-08-31,ACC-1072,Dovetail Works,SMB,APAC,MSG-API,Namilio Messaging API,Usage,message,1417544,970763,0,68.5,On track,575.99,0,false
2026-09,2026-09-30,ACC-1072,Dovetail Works,SMB,APAC,MSG-API,Namilio Messaging API,Usage,message,1417544,920830,0,65,On track,546.36,0,false
2025-11,2025-11-30,ACC-1072,Dovetail Works,SMB,APAC,VERIFY,Namilio Verify,Usage,verification,210000,118534,0,56.4,Under-consuming,493.89,0,false
2025-12,2025-12-31,ACC-1072,Dovetail Works,SMB,APAC,VERIFY,Namilio Verify,Usage,verification,210000,121298,0,57.8,Under-consuming,505.41,0,false
2026-01,2026-01-31,ACC-1072,Dovetail Works,SMB,APAC,VERIFY,Namilio Verify,Usage,verification,210000,108456,0,51.6,Under-consuming,451.9,0,true
2026-02,2026-02-28,ACC-1072,Dovetail Works,SMB,APAC,VERIFY,Namilio Verify,Usage,verification,210000,117545,0,56,Under-consuming,489.77,0,false
2026-03,2026-03-31,ACC-1072,Dovetail Works,SMB,APAC,VERIFY,Namilio Verify,Usage,verification,210000,123162,0,58.6,Under-consuming,513.18,0,false
2026-04,2026-04-30,ACC-1072,Dovetail Works,SMB,APAC,VERIFY,Namilio Verify,Usage,verification,210000,131204,0,62.5,On track,546.68,0,false
2026-05,2026-05-31,ACC-1072,Dovetail Works,SMB,APAC,VERIFY,Namilio Verify,Usage,verification,210000,129417,0,61.6,On track,539.24,0,false
2026-06,2026-06-30,ACC-1072,Dovetail Works,SMB,APAC,VERIFY,Namilio Verify,Usage,verification,210000,120817,0,57.5,Under-consuming,503.4,0,false
2026-07,2026-07-31,ACC-1072,Dovetail Works,SMB,APAC,VERIFY,Namilio Verify,Usage,verification,210000,102339,0,48.7,Under-consuming,426.41,0,true
2026-08,2026-08-31,ACC-1072,Dovetail Works,SMB,APAC,VERIFY,Namilio Verify,Usage,verification,210000,99331,0,47.3,Under-consuming,413.88,0,true
2026-09,2026-09-30,ACC-1072,Dovetail Works,SMB,APAC,VERIFY,Namilio Verify,Usage,verification,210000,84710,0,40.3,Under-consuming,352.96,0,true
2025-08,2025-08-31,ACC-1126,Solstice Labs,Self-Serve,APAC,VERIFY,Namilio Verify,Usage,verification,173333,112205,0,64.7,On track,420.77,0,false
2025-09,2025-09-30,ACC-1126,Solstice Labs,Self-Serve,APAC,VERIFY,Namilio Verify,Usage,verification,173333,119358,0,68.9,On track,447.59,0,false
2025-10,2025-10-31,ACC-1126,Solstice Labs,Self-Serve,APAC,VERIFY,Namilio Verify,Usage,verification,173333,128454,0,74.1,On track,481.7,0,false
2025-11,2025-11-30,ACC-1126,Solstice Labs,Self-Serve,APAC,VERIFY,Namilio Verify,Usage,verification,173333,134033,0,77.3,On track,502.62,0,false
2025-12,2025-12-31,ACC-1126,Solstice Labs,Self-Serve,APAC,VERIFY,Namilio Verify,Usage,verification,173333,140460,0,81,On track,526.73,0,false
2026-01,2026-01-31,ACC-1126,Solstice Labs,Self-Serve,APAC,VERIFY,Namilio Verify,Usage,verification,173333,140740,0,81.2,On track,527.77,0,false
2026-02,2026-02-28,ACC-1126,Solstice Labs,Self-Serve,APAC,VERIFY,Namilio Verify,Usage,verification,173333,155850,0,89.9,On track,584.44,0,false
2026-03,2026-03-31,ACC-1126,Solstice Labs,Self-Serve,APAC,VERIFY,Namilio Verify,Usage,verification,173333,159525,0,92,On track,598.22,0,false
2026-04,2026-04-30,ACC-1126,Solstice Labs,Self-Serve,APAC,VERIFY,Namilio Verify,Usage,verification,173333,181168,7835,104.5,On track,686.73,36.73,false
2026-05,2026-05-31,ACC-1126,Solstice Labs,Self-Serve,APAC,VERIFY,Namilio Verify,Usage,verification,173333,188859,15526,109,In overage,722.78,72.78,false
2026-06,2026-06-30,ACC-1126,Solstice Labs,Self-Serve,APAC,VERIFY,Namilio Verify,Usage,verification,173333,200781,27448,115.8,In overage,778.66,128.66,false
2026-07,2026-07-31,ACC-1126,Solstice Labs,Self-Serve,APAC,VERIFY,Namilio Verify,Usage,verification,173333,200105,26772,115.4,In overage,775.49,125.49,false
2026-08,2026-08-31,ACC-1126,Solstice Labs,Self-Serve,APAC,VERIFY,Namilio Verify,Usage,verification,173333,220330,46997,127.1,In overage,870.3,220.3,false
2026-09,2026-09-30,ACC-1126,Solstice Labs,Self-Serve,APAC,VERIFY,Namilio Verify,Usage,verification,173333,236091,62758,136.2,In overage,944.18,294.18,false
2025-08,2025-08-31,ACC-1126,Solstice Labs,Self-Serve,APAC,MSG-API,Namilio Messaging API,Usage,message,2453333,1356808,0,55.3,Under-consuming,635.44,0,false
2025-09,2025-09-30,ACC-1126,Solstice Labs,Self-Serve,APAC,MSG-API,Namilio Messaging API,Usage,message,2453333,1237854,0,50.5,Under-consuming,579.73,0,true
2025-10,2025-10-31,ACC-1126,Solstice Labs,Self-Serve,APAC,MSG-API,Namilio Messaging API,Usage,message,2453333,1351656,0,55.1,Under-consuming,633.03,0,false
2025-11,2025-11-30,ACC-1126,Solstice Labs,Self-Serve,APAC,MSG-API,Namilio Messaging API,Usage,message,2453333,1362738,0,55.5,Under-consuming,638.22,0,false
2025-12,2025-12-31,ACC-1126,Solstice Labs,Self-Serve,APAC,MSG-API,Namilio Messaging API,Usage,message,2453333,1741906,0,71,On track,815.79,0,false
2026-01,2026-01-31,ACC-1126,Solstice Labs,Self-Serve,APAC,MSG-API,Namilio Messaging API,Usage,message,2453333,1676905,0,68.4,On track,785.35,0,false
2026-02,2026-02-28,ACC-1126,Solstice Labs,Self-Serve,APAC,MSG-API,Namilio Messaging API,Usage,message,2453333,1637903,0,66.8,On track,767.08,0,false
2026-03,2026-03-31,ACC-1126,Solstice Labs,Self-Serve,APAC,MSG-API,Namilio Messaging API,Usage,message,2453333,1648690,0,67.2,On track,772.14,0,false
2026-04,2026-04-30,ACC-1126,Solstice Labs,Self-Serve,APAC,MSG-API,Namilio Messaging API,Usage,message,2453333,1779216,0,72.5,On track,833.27,0,false
2026-05,2026-05-31,ACC-1126,Solstice Labs,Self-Serve,APAC,MSG-API,Namilio Messaging API,Usage,message,2453333,1793265,0,73.1,On track,839.85,0,false
2026-06,2026-06-30,ACC-1126,Solstice Labs,Self-Serve,APAC,MSG-API,Namilio Messaging API,Usage,message,2453333,1564241,0,63.8,On track,732.59,0,false
2026-07,2026-07-31,ACC-1126,Solstice Labs,Self-Serve,APAC,MSG-API,Namilio Messaging API,Usage,message,2453333,1624256,0,66.2,On track,760.69,0,false
2026-08,2026-08-31,ACC-1126,Solstice Labs,Self-Serve,APAC,MSG-API,Namilio Messaging API,Usage,message,2453333,1425358,0,58.1,Under-consuming,667.54,0,false
2026-09,2026-09-30,ACC-1126,Solstice Labs,Self-Serve,APAC,MSG-API,Namilio Messaging API,Usage,message,2453333,1358136,0,55.4,Under-consuming,636.06,0,false
2025-12,2025-12-31,ACC-1134,Umbra Learning,SMB,EMEA,COPILOT-API,Namilio Copilot API,Usage,1K tokens,1034965,670621,0,64.8,On track,399.58,0,false
2026-01,2026-01-31,ACC-1134,Umbra Learning,SMB,EMEA,COPILOT-API,Namilio Copilot API,Usage,1K tokens,1034965,674841,0,65.2,On track,402.09,0,false
2026-02,2026-02-28,ACC-1134,Umbra Learning,SMB,EMEA,COPILOT-API,Namilio Copilot API,Usage,1K tokens,1034965,709271,0,68.5,On track,422.61,0,false
2026-03,2026-03-31,ACC-1134,Umbra Learning,SMB,EMEA,COPILOT-API,Namilio Copilot API,Usage,1K tokens,1034965,666836,0,64.4,On track,397.32,0,false
2026-04,2026-04-30,ACC-1134,Umbra Learning,SMB,EMEA,COPILOT-API,Namilio Copilot API,Usage,1K tokens,1034965,672263,0,65,On track,400.56,0,false
2026-05,2026-05-31,ACC-1134,Umbra Learning,SMB,EMEA,COPILOT-API,Namilio Copilot API,Usage,1K tokens,1034965,665078,0,64.3,On track,396.28,0,false
2026-06,2026-06-30,ACC-1134,Umbra Learning,SMB,EMEA,COPILOT-API,Namilio Copilot API,Usage,1K tokens,1034965,606849,0,58.6,Under-consuming,361.58,0,false
2026-07,2026-07-31,ACC-1134,Umbra Learning,SMB,EMEA,COPILOT-API,Namilio Copilot API,Usage,1K tokens,1034965,613276,0,59.3,Under-consuming,365.41,0,false
2026-08,2026-08-31,ACC-1134,Umbra Learning,SMB,EMEA,COPILOT-API,Namilio Copilot API,Usage,1K tokens,1034965,775221,0,74.9,On track,461.9,0,false
2026-09,2026-09-30,ACC-1134,Umbra Learning,SMB,EMEA,COPILOT-API,Namilio Copilot API,Usage,1K tokens,1034965,765073,0,73.9,On track,455.86,0,false
2025-12,2025-12-31,ACC-1134,Umbra Learning,SMB,EMEA,MSG-API,Namilio Messaging API,Usage,message,3529412,2086317,0,59.1,Under-consuming,1107.49,0,false
2026-01,2026-01-31,ACC-1134,Umbra Learning,SMB,EMEA,MSG-API,Namilio Messaging API,Usage,message,3529412,2172004,0,61.5,On track,1152.97,0,false
2026-02,2026-02-28,ACC-1134,Umbra Learning,SMB,EMEA,MSG-API,Namilio Messaging API,Usage,message,3529412,2491347,0,70.6,On track,1322.49,0,false
2026-03,2026-03-31,ACC-1134,Umbra Learning,SMB,EMEA,MSG-API,Namilio Messaging API,Usage,message,3529412,2592719,0,73.5,On track,1376.3,0,false
2026-04,2026-04-30,ACC-1134,Umbra Learning,SMB,EMEA,MSG-API,Namilio Messaging API,Usage,message,3529412,2943196,0,83.4,On track,1562.35,0,false
2026-05,2026-05-31,ACC-1134,Umbra Learning,SMB,EMEA,MSG-API,Namilio Messaging API,Usage,message,3529412,3168738,0,89.8,On track,1682.07,0,false
2026-06,2026-06-30,ACC-1134,Umbra Learning,SMB,EMEA,MSG-API,Namilio Messaging API,Usage,message,3529412,3245197,0,91.9,On track,1722.66,0,false
2026-07,2026-07-31,ACC-1134,Umbra Learning,SMB,EMEA,MSG-API,Namilio Messaging API,Usage,message,3529412,3298634,0,93.5,On track,1751.02,0,false
2026-08,2026-08-31,ACC-1134,Umbra Learning,SMB,EMEA,MSG-API,Namilio Messaging API,Usage,message,3529412,3400939,0,96.4,On track,1805.33,0,false
2026-09,2026-09-30,ACC-1134,Umbra Learning,SMB,EMEA,MSG-API,Namilio Messaging API,Usage,message,3529412,3555085,25673,100.7,On track,1890.56,17.04,false
2025-12,2025-12-31,ACC-1134,Umbra Learning,SMB,EMEA,VERIFY,Namilio Verify,Usage,verification,346667,242080,0,69.8,On track,756.5,0,false
2026-01,2026-01-31,ACC-1134,Umbra Learning,SMB,EMEA,VERIFY,Namilio Verify,Usage,verification,346667,240918,0,69.5,On track,752.87,0,false
2026-02,2026-02-28,ACC-1134,Umbra Learning,SMB,EMEA,VERIFY,Namilio Verify,Usage,verification,346667,247281,0,71.3,On track,772.75,0,false
2026-03,2026-03-31,ACC-1134,Umbra Learning,SMB,EMEA,VERIFY,Namilio Verify,Usage,verification,346667,245348,0,70.8,On track,766.71,0,false
2026-04,2026-04-30,ACC-1134,Umbra Learning,SMB,EMEA,VERIFY,Namilio Verify,Usage,verification,346667,224360,0,64.7,On track,701.13,0,false
2026-05,2026-05-31,ACC-1134,Umbra Learning,SMB,EMEA,VERIFY,Namilio Verify,Usage,verification,346667,229782,0,66.3,On track,718.07,0,false
2026-06,2026-06-30,ACC-1134,Umbra Learning,SMB,EMEA,VERIFY,Namilio Verify,Usage,verification,346667,172195,0,49.7,Under-consuming,538.11,0,true
2026-07,2026-07-31,ACC-1134,Umbra Learning,SMB,EMEA,VERIFY,Namilio Verify,Usage,verification,346667,176809,0,51,Under-consuming,552.53,0,true
2026-08,2026-08-31,ACC-1134,Umbra Learning,SMB,EMEA,VERIFY,Namilio Verify,Usage,verification,346667,179597,0,51.8,Under-consuming,561.24,0,true
2026-09,2026-09-30,ACC-1134,Umbra Learning,SMB,EMEA,VERIFY,Namilio Verify,Usage,verification,346667,135342,0,39,Under-consuming,422.94,0,true
2026-08,2026-08-31,ACC-1134,Umbra Learning,SMB,EMEA,VERIFY,Namilio Verify,Usage,verification,86000,63344,0,73.7,On track,263.93,0,false
2026-09,2026-09-30,ACC-1134,Umbra Learning,SMB,EMEA,VERIFY,Namilio Verify,Usage,verification,86000,64649,0,75.2,On track,269.37,0,false
2026-08,2026-08-31,ACC-1134,Umbra Learning,SMB,EMEA,VOICE-AGENT,Namilio Voice Agents,Usage,minute,73333,68680,0,93.7,On track,515.1,0,false
2026-09,2026-09-30,ACC-1134,Umbra Learning,SMB,EMEA,VOICE-AGENT,Namilio Voice Agents,Usage,minute,73333,68045,0,92.8,On track,510.34,0,false
2026-01,2026-01-31,ACC-1047,Foundry Works,SMB,APAC,STUDIO,Namilio Studio,Seat,seat/year,31,32,1,104.6,On track,1161,45,false
2026-02,2026-02-28,ACC-1047,Foundry Works,SMB,APAC,STUDIO,Namilio Studio,Seat,seat/year,31,30,0,95.8,On track,1080,0,false
2026-03,2026-03-31,ACC-1047,Foundry Works,SMB,APAC,STUDIO,Namilio Studio,Seat,seat/year,31,32,1,102.4,On track,1161,45,false
2026-04,2026-04-30,ACC-1047,Foundry Works,SMB,APAC,STUDIO,Namilio Studio,Seat,seat/year,31,30,0,95.4,On track,1080,0,false
2026-05,2026-05-31,ACC-1047,Foundry Works,SMB,APAC,STUDIO,Namilio Studio,Seat,seat/year,31,30,0,95.5,On track,1080,0,false
2026-06,2026-06-30,ACC-1047,Foundry Works,SMB,APAC,STUDIO,Namilio Studio,Seat,seat/year,31,28,0,89.8,On track,1008,0,false
2026-07,2026-07-31,ACC-1047,Foundry Works,SMB,APAC,STUDIO,Namilio Studio,Seat,seat/year,31,26,0,83.6,On track,936,0,false
2026-08,2026-08-31,ACC-1047,Foundry Works,SMB,APAC,STUDIO,Namilio Studio,Seat,seat/year,31,27,0,87.7,On track,972,0,false
2026-09,2026-09-30,ACC-1047,Foundry Works,SMB,APAC,STUDIO,Namilio Studio,Seat,seat/year,31,28,0,88.9,On track,1008,0,false
2026-01,2026-01-31,ACC-1047,Foundry Works,SMB,APAC,MSG-API,Namilio Messaging API,Usage,message,4306667,2834282,0,65.8,On track,1771.43,0,false
2026-02,2026-02-28,ACC-1047,Foundry Works,SMB,APAC,MSG-API,Namilio Messaging API,Usage,message,4306667,2482179,0,57.6,Under-consuming,1551.36,0,false
2026-03,2026-03-31,ACC-1047,Foundry Works,SMB,APAC,MSG-API,Namilio Messaging API,Usage,message,4306667,2248370,0,52.2,Under-consuming,1405.23,0,true
2026-04,2026-04-30,ACC-1047,Foundry Works,SMB,APAC,MSG-API,Namilio Messaging API,Usage,message,4306667,2420709,0,56.2,Under-consuming,1512.94,0,false
2026-05,2026-05-31,ACC-1047,Foundry Works,SMB,APAC,MSG-API,Namilio Messaging API,Usage,message,4306667,2494811,0,57.9,Under-consuming,1559.26,0,false
2026-06,2026-06-30,ACC-1047,Foundry Works,SMB,APAC,MSG-API,Namilio Messaging API,Usage,message,4306667,2404503,0,55.8,Under-consuming,1502.81,0,false
2026-07,2026-07-31,ACC-1047,Foundry Works,SMB,APAC,MSG-API,Namilio Messaging API,Usage,message,4306667,2332132,0,54.2,Under-consuming,1457.58,0,true
2026-08,2026-08-31,ACC-1047,Foundry Works,SMB,APAC,MSG-API,Namilio Messaging API,Usage,message,4306667,2091331,0,48.6,Under-consuming,1307.08,0,true
2026-09,2026-09-30,ACC-1047,Foundry Works,SMB,APAC,MSG-API,Namilio Messaging API,Usage,message,4306667,1820679,0,42.3,Under-consuming,1137.92,0,true
2025-10,2025-10-31,ACC-1124,Cobalt Technologies,Mid-Market,AMER,STUDIO,Namilio Studio,Seat,seat/year,110,75,0,68.2,On track,3375,0,false
2025-11,2025-11-30,ACC-1124,Cobalt Technologies,Mid-Market,AMER,STUDIO,Namilio Studio,Seat,seat/year,110,69,0,63,On track,3105,0,false
2025-12,2025-12-31,ACC-1124,Cobalt Technologies,Mid-Market,AMER,STUDIO,Namilio Studio,Seat,seat/year,110,59,0,53.5,Under-consuming,2655,0,true
2026-01,2026-01-31,ACC-1124,Cobalt Technologies,Mid-Market,AMER,STUDIO,Namilio Studio,Seat,seat/year,110,49,0,44.3,Under-consuming,2205,0,true
2026-02,2026-02-28,ACC-1124,Cobalt Technologies,Mid-Market,AMER,STUDIO,Namilio Studio,Seat,seat/year,110,48,0,43.3,Under-consuming,2160,0,true
2026-03,2026-03-31,ACC-1124,Cobalt Technologies,Mid-Market,AMER,STUDIO,Namilio Studio,Seat,seat/year,110,56,0,50.7,Under-consuming,2520,0,true
2026-04,2026-04-30,ACC-1124,Cobalt Technologies,Mid-Market,AMER,STUDIO,Namilio Studio,Seat,seat/year,110,60,0,54.1,Under-consuming,2700,0,true
2026-05,2026-05-31,ACC-1124,Cobalt Technologies,Mid-Market,AMER,STUDIO,Namilio Studio,Seat,seat/year,110,57,0,51.7,Under-consuming,2565,0,true
2026-06,2026-06-30,ACC-1124,Cobalt Technologies,Mid-Market,AMER,STUDIO,Namilio Studio,Seat,seat/year,110,59,0,53.5,Under-consuming,2655,0,true
2026-07,2026-07-31,ACC-1124,Cobalt Technologies,Mid-Market,AMER,STUDIO,Namilio Studio,Seat,seat/year,110,60,0,54.6,Under-consuming,2700,0,true
2026-08,2026-08-31,ACC-1124,Cobalt Technologies,Mid-Market,AMER,STUDIO,Namilio Studio,Seat,seat/year,110,54,0,48.8,Under-consuming,2430,0,true
2026-09,2026-09-30,ACC-1124,Cobalt Technologies,Mid-Market,AMER,STUDIO,Namilio Studio,Seat,seat/year,110,51,0,46.7,Under-consuming,2295,0,true
2025-10,2025-10-31,ACC-1124,Cobalt Technologies,Mid-Market,AMER,MSG-API,Namilio Messaging API,Usage,message,8817778,8913697,95919,101.1,On track,4185.81,56.15,false
2025-11,2025-11-30,ACC-1124,Cobalt Technologies,Mid-Market,AMER,MSG-API,Namilio Messaging API,Usage,message,8817778,8358226,0,94.8,On track,3914.44,0,false
2025-12,2025-12-31,ACC-1124,Cobalt Technologies,Mid-Market,AMER,MSG-API,Namilio Messaging API,Usage,message,8817778,9272392,454614,105.2,In overage,4395.8,266.14,false
2026-01,2026-01-31,ACC-1124,Cobalt Technologies,Mid-Market,AMER,MSG-API,Namilio Messaging API,Usage,message,8817778,9609311,791533,109,In overage,4593.04,463.38,false
2026-02,2026-02-28,ACC-1124,Cobalt Technologies,Mid-Market,AMER,MSG-API,Namilio Messaging API,Usage,message,8817778,10446442,1628664,118.5,In overage,5083.11,953.45,false
2026-03,2026-03-31,ACC-1124,Cobalt Technologies,Mid-Market,AMER,MSG-API,Namilio Messaging API,Usage,message,8817778,10370393,1552615,117.6,In overage,5038.59,908.93,false
2026-04,2026-04-30,ACC-1124,Cobalt Technologies,Mid-Market,AMER,MSG-API,Namilio Messaging API,Usage,message,8817778,10616175,1798397,120.4,In overage,5182.47,1052.81,false
2026-05,2026-05-31,ACC-1124,Cobalt Technologies,Mid-Market,AMER,MSG-API,Namilio Messaging API,Usage,message,8817778,12172126,3354348,138,In overage,6093.35,1963.69,false
2026-06,2026-06-30,ACC-1124,Cobalt Technologies,Mid-Market,AMER,MSG-API,Namilio Messaging API,Usage,message,8817778,12857889,4040111,145.8,In overage,6494.81,2365.15,false
2026-07,2026-07-31,ACC-1124,Cobalt Technologies,Mid-Market,AMER,MSG-API,Namilio Messaging API,Usage,message,8817778,13349183,4531405,151.4,In overage,6782.42,2652.76,false
2026-08,2026-08-31,ACC-1124,Cobalt Technologies,Mid-Market,AMER,MSG-API,Namilio Messaging API,Usage,message,8817778,13831382,5013604,156.9,In overage,7064.71,2935.05,false
2026-09,2026-09-30,ACC-1124,Cobalt Technologies,Mid-Market,AMER,MSG-API,Namilio Messaging API,Usage,message,8817778,13949834,5132056,158.2,In overage,7134.05,3004.39,false
2025-07,2025-07-31,ACC-1124,Cobalt Technologies,Mid-Market,AMER,VOICE-AGENT,Namilio Voice Agents,Usage,minute,381699,255832,0,67,On track,1630.93,0,false
2025-08,2025-08-31,ACC-1124,Cobalt Technologies,Mid-Market,AMER,VOICE-AGENT,Namilio Voice Agents,Usage,minute,381699,265015,0,69.4,On track,1689.47,0,false
2025-09,2025-09-30,ACC-1124,Cobalt Technologies,Mid-Market,AMER,VOICE-AGENT,Namilio Voice Agents,Usage,minute,381699,268693,0,70.4,On track,1712.92,0,false
2025-10,2025-10-31,ACC-1124,Cobalt Technologies,Mid-Market,AMER,VOICE-AGENT,Namilio Voice Agents,Usage,minute,381699,257288,0,67.4,On track,1640.21,0,false
2025-11,2025-11-30,ACC-1124,Cobalt Technologies,Mid-Market,AMER,VOICE-AGENT,Namilio Voice Agents,Usage,minute,381699,261582,0,68.5,On track,1667.59,0,false
2025-12,2025-12-31,ACC-1124,Cobalt Technologies,Mid-Market,AMER,VOICE-AGENT,Namilio Voice Agents,Usage,minute,381699,257056,0,67.3,On track,1638.73,0,false
2026-01,2026-01-31,ACC-1124,Cobalt Technologies,Mid-Market,AMER,VOICE-AGENT,Namilio Voice Agents,Usage,minute,381699,259206,0,67.9,On track,1652.44,0,false
2026-02,2026-02-28,ACC-1124,Cobalt Technologies,Mid-Market,AMER,VOICE-AGENT,Namilio Voice Agents,Usage,minute,381699,242836,0,63.6,On track,1548.08,0,false
2026-03,2026-03-31,ACC-1124,Cobalt Technologies,Mid-Market,AMER,VOICE-AGENT,Namilio Voice Agents,Usage,minute,381699,269082,0,70.5,On track,1715.4,0,false
2026-04,2026-04-30,ACC-1124,Cobalt Technologies,Mid-Market,AMER,VOICE-AGENT,Namilio Voice Agents,Usage,minute,381699,238704,0,62.5,On track,1521.74,0,false
2026-05,2026-05-31,ACC-1124,Cobalt Technologies,Mid-Market,AMER,VOICE-AGENT,Namilio Voice Agents,Usage,minute,381699,211530,0,55.4,Under-consuming,1348.5,0,false
2026-06,2026-06-30,ACC-1124,Cobalt Technologies,Mid-Market,AMER,VOICE-AGENT,Namilio Voice Agents,Usage,minute,381699,232769,0,61,On track,1483.9,0,false
2026-07,2026-07-31,ACC-1124,Cobalt Technologies,Mid-Market,AMER,VOICE-AGENT,Namilio Voice Agents,Usage,minute,381699,200730,0,52.6,Under-consuming,1279.65,0,true
2026-08,2026-08-31,ACC-1124,Cobalt Technologies,Mid-Market,AMER,VOICE-AGENT,Namilio Voice Agents,Usage,minute,381699,222272,0,58.2,Under-consuming,1416.98,0,false
2026-09,2026-09-30,ACC-1124,Cobalt Technologies,Mid-Market,AMER,VOICE-AGENT,Namilio Voice Agents,Usage,minute,381699,229866,0,60.2,On track,1465.4,0,false
2025-07,2025-07-31,ACC-1124,Cobalt Technologies,Mid-Market,AMER,STUDIO,Namilio Studio,Seat,seat/year,76,77,1,101.9,On track,2954.81,47.81,false
2025-08,2025-08-31,ACC-1124,Cobalt Technologies,Mid-Market,AMER,STUDIO,Namilio Studio,Seat,seat/year,76,81,5,106,In overage,3146.06,239.06,false
2025-09,2025-09-30,ACC-1124,Cobalt Technologies,Mid-Market,AMER,STUDIO,Namilio Studio,Seat,seat/year,76,84,8,110.9,In overage,3289.5,382.5,false
2025-10,2025-10-31,ACC-1124,Cobalt Technologies,Mid-Market,AMER,STUDIO,Namilio Studio,Seat,seat/year,76,92,16,121,In overage,3672,765,false
2025-11,2025-11-30,ACC-1124,Cobalt Technologies,Mid-Market,AMER,STUDIO,Namilio Studio,Seat,seat/year,76,93,17,121.9,In overage,3719.81,812.81,false
2025-12,2025-12-31,ACC-1124,Cobalt Technologies,Mid-Market,AMER,STUDIO,Namilio Studio,Seat,seat/year,76,98,22,129.1,In overage,3958.88,1051.88,false
2026-01,2026-01-31,ACC-1124,Cobalt Technologies,Mid-Market,AMER,STUDIO,Namilio Studio,Seat,seat/year,76,101,25,133.5,In overage,4102.31,1195.31,false
2026-02,2026-02-28,ACC-1124,Cobalt Technologies,Mid-Market,AMER,STUDIO,Namilio Studio,Seat,seat/year,76,105,29,138.5,In overage,4293.56,1386.56,false
2026-03,2026-03-31,ACC-1124,Cobalt Technologies,Mid-Market,AMER,STUDIO,Namilio Studio,Seat,seat/year,76,112,36,148,In overage,4628.25,1721.25,false
2026-04,2026-04-30,ACC-1124,Cobalt Technologies,Mid-Market,AMER,STUDIO,Namilio Studio,Seat,seat/year,76,120,44,158.4,In overage,5010.75,2103.75,false
2026-05,2026-05-31,ACC-1124,Cobalt Technologies,Mid-Market,AMER,STUDIO,Namilio Studio,Seat,seat/year,76,126,50,165.5,In overage,5297.63,2390.63,false
2026-06,2026-06-30,ACC-1124,Cobalt Technologies,Mid-Market,AMER,STUDIO,Namilio Studio,Seat,seat/year,76,135,59,178.2,In overage,5727.94,2820.94,false
2026-07,2026-07-31,ACC-1124,Cobalt Technologies,Mid-Market,AMER,STUDIO,Namilio Studio,Seat,seat/year,76,147,71,193.4,In overage,6301.69,3394.69,false
2026-08,2026-08-31,ACC-1124,Cobalt Technologies,Mid-Market,AMER,STUDIO,Namilio Studio,Seat,seat/year,76,145,69,191.1,In overage,6206.06,3299.06,false
2026-09,2026-09-30,ACC-1124,Cobalt Technologies,Mid-Market,AMER,STUDIO,Namilio Studio,Seat,seat/year,76,157,81,206.3,In overage,6779.81,3872.81,false
2025-07,2025-07-31,ACC-1124,Cobalt Technologies,Mid-Market,AMER,MSG-API,Namilio Messaging API,Usage,message,3259259,2037757,0,62.5,On track,1146.24,0,false
2025-08,2025-08-31,ACC-1124,Cobalt Technologies,Mid-Market,AMER,MSG-API,Namilio Messaging API,Usage,message,3259259,2093142,0,64.2,On track,1177.39,0,false
2025-09,2025-09-30,ACC-1124,Cobalt Technologies,Mid-Market,AMER,MSG-API,Namilio Messaging API,Usage,message,3259259,2121735,0,65.1,On track,1193.48,0,false
2025-10,2025-10-31,ACC-1124,Cobalt Technologies,Mid-Market,AMER,MSG-API,Namilio Messaging API,Usage,message,3259259,2161373,0,66.3,On track,1215.77,0,false
2025-11,2025-11-30,ACC-1124,Cobalt Technologies,Mid-Market,AMER,MSG-API,Namilio Messaging API,Usage,message,3259259,2372544,0,72.8,On track,1334.56,0,false
2025-12,2025-12-31,ACC-1124,Cobalt Technologies,Mid-Market,AMER,MSG-API,Namilio Messaging API,Usage,message,3259259,2544749,0,78.1,On track,1431.42,0,false
2026-01,2026-01-31,ACC-1124,Cobalt Technologies,Mid-Market,AMER,MSG-API,Namilio Messaging API,Usage,message,3259259,2614499,0,80.2,On track,1470.66,0,false
2026-02,2026-02-28,ACC-1124,Cobalt Technologies,Mid-Market,AMER,MSG-API,Namilio Messaging API,Usage,message,3259259,2776519,0,85.2,On track,1561.79,0,false
2026-03,2026-03-31,ACC-1124,Cobalt Technologies,Mid-Market,AMER,MSG-API,Namilio Messaging API,Usage,message,3259259,2841165,0,87.2,On track,1598.16,0,false
2026-04,2026-04-30,ACC-1124,Cobalt Technologies,Mid-Market,AMER,MSG-API,Namilio Messaging API,Usage,message,3259259,3008373,0,92.3,On track,1692.21,0,false
2026-05,2026-05-31,ACC-1124,Cobalt Technologies,Mid-Market,AMER,MSG-API,Namilio Messaging API,Usage,message,3259259,3079150,0,94.5,On track,1732.02,0,false
2026-06,2026-06-30,ACC-1124,Cobalt Technologies,Mid-Market,AMER,MSG-API,Namilio Messaging API,Usage,message,3259259,3030962,0,93,On track,1704.92,0,false
2026-07,2026-07-31,ACC-1124,Cobalt Technologies,Mid-Market,AMER,MSG-API,Namilio Messaging API,Usage,message,3259259,3204350,0,98.3,On track,1802.45,0,false
2026-08,2026-08-31,ACC-1124,Cobalt Technologies,Mid-Market,AMER,MSG-API,Namilio Messaging API,Usage,message,3259259,3213385,0,98.6,On track,1807.53,0,false
2026-09,2026-09-30,ACC-1124,Cobalt Technologies,Mid-Market,AMER,MSG-API,Namilio Messaging API,Usage,message,3259259,3066953,0,94.1,On track,1725.16,0,false
2025-06,2025-06-30,ACC-1051,Cobalt Gaming,Self-Serve,AMER,COPILOT-API,Namilio Copilot API,Usage,1K tokens,1263636,1188006,0,94,On track,1089.01,0,false
2025-07,2025-07-31,ACC-1051,Cobalt Gaming,Self-Serve,AMER,COPILOT-API,Namilio Copilot API,Usage,1K tokens,1263636,1195144,0,94.6,On track,1095.55,0,false
2025-08,2025-08-31,ACC-1051,Cobalt Gaming,Self-Serve,AMER,COPILOT-API,Namilio Copilot API,Usage,1K tokens,1263636,1279572,15936,101.3,On track,1176.59,18.26,false
2025-09,2025-09-30,ACC-1051,Cobalt Gaming,Self-Serve,AMER,COPILOT-API,Namilio Copilot API,Usage,1K tokens,1263636,1459967,196331,115.5,In overage,1383.3,224.96,false
2025-10,2025-10-31,ACC-1051,Cobalt Gaming,Self-Serve,AMER,COPILOT-API,Namilio Copilot API,Usage,1K tokens,1263636,1524922,261286,120.7,In overage,1457.72,299.39,false
2025-11,2025-11-30,ACC-1051,Cobalt Gaming,Self-Serve,AMER,COPILOT-API,Namilio Copilot API,Usage,1K tokens,1263636,1751183,487547,138.6,In overage,1716.98,558.65,false
2025-12,2025-12-31,ACC-1051,Cobalt Gaming,Self-Serve,AMER,COPILOT-API,Namilio Copilot API,Usage,1K tokens,1263636,1813460,549824,143.5,In overage,1788.34,630.01,false
2026-01,2026-01-31,ACC-1051,Cobalt Gaming,Self-Serve,AMER,COPILOT-API,Namilio Copilot API,Usage,1K tokens,1263636,1993083,729447,157.7,In overage,1994.16,835.82,false
2026-02,2026-02-28,ACC-1051,Cobalt Gaming,Self-Serve,AMER,COPILOT-API,Namilio Copilot API,Usage,1K tokens,1263636,2125199,861563,168.2,In overage,2145.54,987.21,false
2026-03,2026-03-31,ACC-1051,Cobalt Gaming,Self-Serve,AMER,COPILOT-API,Namilio Copilot API,Usage,1K tokens,1263636,2234978,971342,176.9,In overage,2271.33,1113,false
2026-04,2026-04-30,ACC-1051,Cobalt Gaming,Self-Serve,AMER,COPILOT-API,Namilio Copilot API,Usage,1K tokens,1263636,2414156,1150520,191,In overage,2476.64,1318.3,false
2026-05,2026-05-31,ACC-1051,Cobalt Gaming,Self-Serve,AMER,COPILOT-API,Namilio Copilot API,Usage,1K tokens,1263636,2579852,1316216,204.2,In overage,2666.5,1508.16,false
2026-06,2026-06-30,ACC-1051,Cobalt Gaming,Self-Serve,AMER,COPILOT-API,Namilio Copilot API,Usage,1K tokens,1263636,2740392,1476756,216.9,In overage,2850.45,1692.12,false
2026-07,2026-07-31,ACC-1051,Cobalt Gaming,Self-Serve,AMER,COPILOT-API,Namilio Copilot API,Usage,1K tokens,1263636,2863367,1599731,226.6,In overage,2991.36,1833.03,false
2026-08,2026-08-31,ACC-1051,Cobalt Gaming,Self-Serve,AMER,COPILOT-API,Namilio Copilot API,Usage,1K tokens,1263636,3002145,1738509,237.6,In overage,3150.37,1992.04,false
2026-09,2026-09-30,ACC-1051,Cobalt Gaming,Self-Serve,AMER,COPILOT-API,Namilio Copilot API,Usage,1K tokens,1263636,3161949,1898313,250.2,In overage,3333.48,2175.15,false
2025-11,2025-11-30,ACC-1051,Cobalt Gaming,Self-Serve,AMER,COPILOT-API,Namilio Copilot API,Usage,1K tokens,161616,143223,0,88.6,On track,118.16,0,false
2025-12,2025-12-31,ACC-1051,Cobalt Gaming,Self-Serve,AMER,COPILOT-API,Namilio Copilot API,Usage,1K tokens,161616,163325,1709,101.1,On track,135.1,1.76,false
2026-01,2026-01-31,ACC-1051,Cobalt Gaming,Self-Serve,AMER,COPILOT-API,Namilio Copilot API,Usage,1K tokens,161616,168089,6473,104,On track,140.01,6.68,false
2026-02,2026-02-28,ACC-1051,Cobalt Gaming,Self-Serve,AMER,COPILOT-API,Namilio Copilot API,Usage,1K tokens,161616,165355,3739,102.3,On track,137.19,3.86,false
2026-03,2026-03-31,ACC-1051,Cobalt Gaming,Self-Serve,AMER,COPILOT-API,Namilio Copilot API,Usage,1K tokens,161616,169592,7976,104.9,On track,141.56,8.23,false
2026-04,2026-04-30,ACC-1051,Cobalt Gaming,Self-Serve,AMER,COPILOT-API,Namilio Copilot API,Usage,1K tokens,161616,175767,14151,108.8,In overage,147.93,14.59,false
2026-05,2026-05-31,ACC-1051,Cobalt Gaming,Self-Serve,AMER,COPILOT-API,Namilio Copilot API,Usage,1K tokens,161616,174197,12581,107.8,In overage,146.31,12.97,false
2026-06,2026-06-30,ACC-1051,Cobalt Gaming,Self-Serve,AMER,COPILOT-API,Namilio Copilot API,Usage,1K tokens,161616,184346,22730,114.1,In overage,156.77,23.44,false
2026-07,2026-07-31,ACC-1051,Cobalt Gaming,Self-Serve,AMER,COPILOT-API,Namilio Copilot API,Usage,1K tokens,161616,208906,47290,129.3,In overage,182.1,48.77,false
2026-08,2026-08-31,ACC-1051,Cobalt Gaming,Self-Serve,AMER,COPILOT-API,Namilio Copilot API,Usage,1K tokens,161616,210455,48839,130.2,In overage,183.7,50.37,false
2026-09,2026-09-30,ACC-1051,Cobalt Gaming,Self-Serve,AMER,COPILOT-API,Namilio Copilot API,Usage,1K tokens,161616,211106,49490,130.6,In overage,184.37,51.04,false
2025-11,2025-11-30,ACC-1051,Cobalt Gaming,Self-Serve,AMER,MSG-API,Namilio Messaging API,Usage,message,706667,603632,0,85.4,On track,377.27,0,false
2025-12,2025-12-31,ACC-1051,Cobalt Gaming,Self-Serve,AMER,MSG-API,Namilio Messaging API,Usage,message,706667,582040,0,82.4,On track,363.78,0,false
2026-01,2026-01-31,ACC-1051,Cobalt Gaming,Self-Serve,AMER,MSG-API,Namilio Messaging API,Usage,message,706667,608177,0,86.1,On track,380.11,0,false
2026-02,2026-02-28,ACC-1051,Cobalt Gaming,Self-Serve,AMER,MSG-API,Namilio Messaging API,Usage,message,706667,604619,0,85.6,On track,377.89,0,false
2026-03,2026-03-31,ACC-1051,Cobalt Gaming,Self-Serve,AMER,MSG-API,Namilio Messaging API,Usage,message,706667,595081,0,84.2,On track,371.93,0,false
2026-04,2026-04-30,ACC-1051,Cobalt Gaming,Self-Serve,AMER,MSG-API,Namilio Messaging API,Usage,message,706667,602353,0,85.2,On track,376.47,0,false
2026-05,2026-05-31,ACC-1051,Cobalt Gaming,Self-Serve,AMER,MSG-API,Namilio Messaging API,Usage,message,706667,663354,0,93.9,On track,414.6,0,false
2026-06,2026-06-30,ACC-1051,Cobalt Gaming,Self-Serve,AMER,MSG-API,Namilio Messaging API,Usage,message,706667,663591,0,93.9,On track,414.74,0,false
2026-07,2026-07-31,ACC-1051,Cobalt Gaming,Self-Serve,AMER,MSG-API,Namilio Messaging API,Usage,message,706667,662976,0,93.8,On track,414.36,0,false
2026-08,2026-08-31,ACC-1051,Cobalt Gaming,Self-Serve,AMER,MSG-API,Namilio Messaging API,Usage,message,706667,711277,4610,100.7,On track,445.27,3.6,false
2026-09,2026-09-30,ACC-1051,Cobalt Gaming,Self-Serve,AMER,MSG-API,Namilio Messaging API,Usage,message,706667,664282,0,94,On track,415.18,0,false
2026-09,2026-09-30,ACC-1051,Cobalt Gaming,Self-Serve,AMER,COPILOT-API,Namilio Copilot API,Usage,1K tokens,157576,104149,0,66.1,On track,71.6,0,false
2026-01,2026-01-31,ACC-1032,Tundra Retail,Self-Serve,EMEA,VOICE-AGENT,Namilio Voice Agents,Usage,minute,179085,153118,0,85.5,On track,976.13,0,false
2026-02,2026-02-28,ACC-1032,Tundra Retail,Self-Serve,EMEA,VOICE-AGENT,Namilio Voice Agents,Usage,minute,179085,144624,0,80.8,On track,921.98,0,false
2026-03,2026-03-31,ACC-1032,Tundra Retail,Self-Serve,EMEA,VOICE-AGENT,Namilio Voice Agents,Usage,minute,179085,156420,0,87.3,On track,997.18,0,false
2026-04,2026-04-30,ACC-1032,Tundra Retail,Self-Serve,EMEA,VOICE-AGENT,Namilio Voice Agents,Usage,minute,179085,157252,0,87.8,On track,1002.48,0,false
2026-05,2026-05-31,ACC-1032,Tundra Retail,Self-Serve,EMEA,VOICE-AGENT,Namilio Voice Agents,Usage,minute,179085,160676,0,89.7,On track,1024.31,0,false
2026-06,2026-06-30,ACC-1032,Tundra Retail,Self-Serve,EMEA,VOICE-AGENT,Namilio Voice Agents,Usage,minute,179085,142255,0,79.4,On track,906.88,0,false
2026-07,2026-07-31,ACC-1032,Tundra Retail,Self-Serve,EMEA,VOICE-AGENT,Namilio Voice Agents,Usage,minute,179085,149064,0,83.2,On track,950.28,0,false
2026-08,2026-08-31,ACC-1032,Tundra Retail,Self-Serve,EMEA,VOICE-AGENT,Namilio Voice Agents,Usage,minute,179085,144742,0,80.8,On track,922.73,0,false
2026-09,2026-09-30,ACC-1032,Tundra Retail,Self-Serve,EMEA,VOICE-AGENT,Namilio Voice Agents,Usage,minute,179085,157454,0,87.9,On track,1003.77,0,false
2026-08,2026-08-31,ACC-1032,Tundra Retail,Self-Serve,EMEA,COPILOT-API,Namilio Copilot API,Usage,1K tokens,1454545,1247981,0,85.8,On track,972.39,0,false
2026-09,2026-09-30,ACC-1032,Tundra Retail,Self-Serve,EMEA,COPILOT-API,Namilio Copilot API,Usage,1K tokens,1454545,1186229,0,81.6,On track,924.27,0,false
2026-06,2026-06-30,ACC-1032,Tundra Retail,Self-Serve,EMEA,VERIFY,Namilio Verify,Usage,verification,190000,136454,0,71.8,On track,454.85,0,false
2026-07,2026-07-31,ACC-1032,Tundra Retail,Self-Serve,EMEA,VERIFY,Namilio Verify,Usage,verification,190000,135577,0,71.4,On track,451.92,0,false
2026-08,2026-08-31,ACC-1032,Tundra Retail,Self-Serve,EMEA,VERIFY,Namilio Verify,Usage,verification,190000,132770,0,69.9,On track,442.57,0,false
2026-09,2026-09-30,ACC-1032,Tundra Retail,Self-Serve,EMEA,VERIFY,Namilio Verify,Usage,verification,190000,128307,0,67.5,On track,427.69,0,false
2026-09,2026-09-30,ACC-1032,Tundra Retail,Self-Serve,EMEA,STUDIO,Namilio Studio,Seat,seat/year,9,6,0,65.2,On track,270,0,false
2026-02,2026-02-28,ACC-1123,Halcyon Learning,Self-Serve,LATAM,VERIFY,Namilio Verify,Usage,verification,80000,68027,0,85,On track,226.76,0,false
2026-03,2026-03-31,ACC-1123,Halcyon Learning,Self-Serve,LATAM,VERIFY,Namilio Verify,Usage,verification,80000,63922,0,79.9,On track,213.07,0,false
2026-04,2026-04-30,ACC-1123,Halcyon Learning,Self-Serve,LATAM,VERIFY,Namilio Verify,Usage,verification,80000,65210,0,81.5,On track,217.37,0,false
2026-05,2026-05-31,ACC-1123,Halcyon Learning,Self-Serve,LATAM,VERIFY,Namilio Verify,Usage,verification,80000,65713,0,82.1,On track,219.04,0,false
2026-06,2026-06-30,ACC-1123,Halcyon Learning,Self-Serve,LATAM,VERIFY,Namilio Verify,Usage,verification,80000,68579,0,85.7,On track,228.6,0,false
2026-07,2026-07-31,ACC-1123,Halcyon Learning,Self-Serve,LATAM,VERIFY,Namilio Verify,Usage,verification,80000,69079,0,86.3,On track,230.26,0,false
2026-08,2026-08-31,ACC-1123,Halcyon Learning,Self-Serve,LATAM,VERIFY,Namilio Verify,Usage,verification,80000,66906,0,83.6,On track,223.02,0,false
2026-09,2026-09-30,ACC-1123,Halcyon Learning,Self-Serve,LATAM,VERIFY,Namilio Verify,Usage,verification,80000,64554,0,80.7,On track,215.18,0,false
2026-03,2026-03-31,ACC-1123,Halcyon Learning,Self-Serve,LATAM,STUDIO,Namilio Studio,Seat,seat/year,18,15,0,82.1,On track,675,0,false
2026-04,2026-04-30,ACC-1123,Halcyon Learning,Self-Serve,LATAM,STUDIO,Namilio Studio,Seat,seat/year,18,14,0,78.9,On track,630,0,false
2026-05,2026-05-31,ACC-1123,Halcyon Learning,Self-Serve,LATAM,STUDIO,Namilio Studio,Seat,seat/year,18,13,0,73.9,On track,585,0,false
2026-06,2026-06-30,ACC-1123,Halcyon Learning,Self-Serve,LATAM,STUDIO,Namilio Studio,Seat,seat/year,18,15,0,82.2,On track,675,0,false
2026-07,2026-07-31,ACC-1123,Halcyon Learning,Self-Serve,LATAM,STUDIO,Namilio Studio,Seat,seat/year,18,16,0,89,On track,720,0,false
2026-08,2026-08-31,ACC-1123,Halcyon Learning,Self-Serve,LATAM,STUDIO,Namilio Studio,Seat,seat/year,18,17,0,94.4,On track,765,0,false
2026-09,2026-09-30,ACC-1123,Halcyon Learning,Self-Serve,LATAM,STUDIO,Namilio Studio,Seat,seat/year,18,18,0,98.2,On track,810,0,false
2026-07,2026-07-31,ACC-1049,Solstice Retail,Self-Serve,EMEA,VOICE-AGENT,Namilio Voice Agents,Usage,minute,127485,98013,0,76.9,On track,698.34,0,false
2026-08,2026-08-31,ACC-1049,Solstice Retail,Self-Serve,EMEA,VOICE-AGENT,Namilio Voice Agents,Usage,minute,127485,88121,0,69.1,On track,627.86,0,false
2026-09,2026-09-30,ACC-1049,Solstice Retail,Self-Serve,EMEA,VOICE-AGENT,Namilio Voice Agents,Usage,minute,127485,83852,0,65.8,On track,597.45,0,false
2026-02,2026-02-28,ACC-1028,Tundra Care,Mid-Market,EMEA,MSG-API,Namilio Messaging API,Usage,message,10428070,9742382,0,93.4,On track,5780.48,0,false
2026-03,2026-03-31,ACC-1028,Tundra Care,Mid-Market,EMEA,MSG-API,Namilio Messaging API,Usage,message,10428070,8898690,0,85.3,On track,5279.89,0,false
2026-04,2026-04-30,ACC-1028,Tundra Care,Mid-Market,EMEA,MSG-API,Namilio Messaging API,Usage,message,10428070,10071082,0,96.6,On track,5975.51,0,false
2026-05,2026-05-31,ACC-1028,Tundra Care,Mid-Market,EMEA,MSG-API,Namilio Messaging API,Usage,message,10428070,9725646,0,93.3,On track,5770.55,0,false
2026-06,2026-06-30,ACC-1028,Tundra Care,Mid-Market,EMEA,MSG-API,Namilio Messaging API,Usage,message,10428070,10219216,0,98,On track,6063.4,0,false
2026-07,2026-07-31,ACC-1028,Tundra Care,Mid-Market,EMEA,MSG-API,Namilio Messaging API,Usage,message,10428070,9908280,0,95,On track,5878.91,0,false
2026-08,2026-08-31,ACC-1028,Tundra Care,Mid-Market,EMEA,MSG-API,Namilio Messaging API,Usage,message,10428070,9539915,0,91.5,On track,5660.35,0,false
2026-09,2026-09-30,ACC-1028,Tundra Care,Mid-Market,EMEA,MSG-API,Namilio Messaging API,Usage,message,10428070,8907890,0,85.4,On track,5285.35,0,false
2025-11,2025-11-30,ACC-1028,Tundra Care,Mid-Market,EMEA,STUDIO,Namilio Studio,Seat,seat/year,122,104,0,85.3,On track,4212,0,false
2025-12,2025-12-31,ACC-1028,Tundra Care,Mid-Market,EMEA,STUDIO,Namilio Studio,Seat,seat/year,122,101,0,82.8,On track,4090.5,0,false
2026-01,2026-01-31,ACC-1028,Tundra Care,Mid-Market,EMEA,STUDIO,Namilio Studio,Seat,seat/year,122,99,0,81,On track,4009.5,0,false
2026-02,2026-02-28,ACC-1028,Tundra Care,Mid-Market,EMEA,STUDIO,Namilio Studio,Seat,seat/year,122,106,0,86.8,On track,4293,0,false
2026-03,2026-03-31,ACC-1028,Tundra Care,Mid-Market,EMEA,STUDIO,Namilio Studio,Seat,seat/year,122,108,0,88.3,On track,4374,0,false
2026-04,2026-04-30,ACC-1028,Tundra Care,Mid-Market,EMEA,STUDIO,Namilio Studio,Seat,seat/year,122,105,0,86.3,On track,4252.5,0,false
2026-05,2026-05-31,ACC-1028,Tundra Care,Mid-Market,EMEA,STUDIO,Namilio Studio,Seat,seat/year,122,110,0,90.5,On track,4455,0,false
2026-06,2026-06-30,ACC-1028,Tundra Care,Mid-Market,EMEA,STUDIO,Namilio Studio,Seat,seat/year,122,98,0,80.6,On track,3969,0,false
2026-07,2026-07-31,ACC-1028,Tundra Care,Mid-Market,EMEA,STUDIO,Namilio Studio,Seat,seat/year,122,99,0,80.9,On track,4009.5,0,false
2026-08,2026-08-31,ACC-1028,Tundra Care,Mid-Market,EMEA,STUDIO,Namilio Studio,Seat,seat/year,122,104,0,85.3,On track,4212,0,false
2026-09,2026-09-30,ACC-1028,Tundra Care,Mid-Market,EMEA,STUDIO,Namilio Studio,Seat,seat/year,122,111,0,91.2,On track,4495.5,0,false
2025-11,2025-11-30,ACC-1028,Tundra Care,Mid-Market,EMEA,COPILOT-API,Namilio Copilot API,Usage,1K tokens,5042424,5282405,239981,104.8,On track,3672.9,206.23,false
2025-12,2025-12-31,ACC-1028,Tundra Care,Mid-Market,EMEA,COPILOT-API,Namilio Copilot API,Usage,1K tokens,5042424,6174218,1131794,122.4,In overage,4439.3,972.64,false
2026-01,2026-01-31,ACC-1028,Tundra Care,Mid-Market,EMEA,COPILOT-API,Namilio Copilot API,Usage,1K tokens,5042424,6834195,1791771,135.5,In overage,5006.47,1539.8,false
2026-02,2026-02-28,ACC-1028,Tundra Care,Mid-Market,EMEA,COPILOT-API,Namilio Copilot API,Usage,1K tokens,5042424,7011809,1969385,139.1,In overage,5159.11,1692.44,false
2026-03,2026-03-31,ACC-1028,Tundra Care,Mid-Market,EMEA,COPILOT-API,Namilio Copilot API,Usage,1K tokens,5042424,7574490,2532066,150.2,In overage,5642.66,2175.99,false
2026-04,2026-04-30,ACC-1028,Tundra Care,Mid-Market,EMEA,COPILOT-API,Namilio Copilot API,Usage,1K tokens,5042424,8095300,3052876,160.5,In overage,6090.23,2623.57,false
2026-05,2026-05-31,ACC-1028,Tundra Care,Mid-Market,EMEA,COPILOT-API,Namilio Copilot API,Usage,1K tokens,5042424,8918268,3875844,176.9,In overage,6797.47,3330.8,false
2026-06,2026-06-30,ACC-1028,Tundra Care,Mid-Market,EMEA,COPILOT-API,Namilio Copilot API,Usage,1K tokens,5042424,9638166,4595742,191.1,In overage,7416.13,3949.47,false
2026-07,2026-07-31,ACC-1028,Tundra Care,Mid-Market,EMEA,COPILOT-API,Namilio Copilot API,Usage,1K tokens,5042424,10614439,5572015,210.5,In overage,8255.12,4788.45,false
2026-08,2026-08-31,ACC-1028,Tundra Care,Mid-Market,EMEA,COPILOT-API,Namilio Copilot API,Usage,1K tokens,5042424,11758104,6715680,233.2,In overage,9237.95,5771.29,false
2026-09,2026-09-30,ACC-1028,Tundra Care,Mid-Market,EMEA,COPILOT-API,Namilio Copilot API,Usage,1K tokens,5042424,12719896,7677472,252.3,In overage,10064.49,6597.83,false
2026-03,2026-03-31,ACC-1122,Halcyon Freight,Strategic,EMEA,STUDIO,Namilio Studio,Seat,seat/year,1838,1486,0,80.8,On track,56839.5,0,false
2026-04,2026-04-30,ACC-1122,Halcyon Freight,Strategic,EMEA,STUDIO,Namilio Studio,Seat,seat/year,1838,1249,0,68,On track,47774.25,0,false
2026-05,2026-05-31,ACC-1122,Halcyon Freight,Strategic,EMEA,STUDIO,Namilio Studio,Seat,seat/year,1838,1420,0,77.3,On track,54315,0,false
2026-06,2026-06-30,ACC-1122,Halcyon Freight,Strategic,EMEA,STUDIO,Namilio Studio,Seat,seat/year,1838,1469,0,79.9,On track,56189.25,0,false
2026-07,2026-07-31,ACC-1122,Halcyon Freight,Strategic,EMEA,STUDIO,Namilio Studio,Seat,seat/year,1838,1507,0,82,On track,57642.75,0,false
2026-08,2026-08-31,ACC-1122,Halcyon Freight,Strategic,EMEA,STUDIO,Namilio Studio,Seat,seat/year,1838,1637,0,89.1,On track,62615.25,0,false
2026-09,2026-09-30,ACC-1122,Halcyon Freight,Strategic,EMEA,STUDIO,Namilio Studio,Seat,seat/year,1838,1817,0,98.9,On track,69500.25,0,false
2026-03,2026-03-31,ACC-1122,Halcyon Freight,Strategic,EMEA,MSG-API,Namilio Messaging API,Usage,message,129155556,128513023,0,99.5,On track,72288.58,0,false
2026-04,2026-04-30,ACC-1122,Halcyon Freight,Strategic,EMEA,MSG-API,Namilio Messaging API,Usage,message,129155556,137813381,8657825,106.7,In overage,78737.53,6087.53,false
2026-05,2026-05-31,ACC-1122,Halcyon Freight,Strategic,EMEA,MSG-API,Namilio Messaging API,Usage,message,129155556,136118039,6962483,105.4,In overage,77545.5,4895.5,false
2026-06,2026-06-30,ACC-1122,Halcyon Freight,Strategic,EMEA,MSG-API,Namilio Messaging API,Usage,message,129155556,121800782,0,94.3,On track,68512.94,0,false
2026-07,2026-07-31,ACC-1122,Halcyon Freight,Strategic,EMEA,MSG-API,Namilio Messaging API,Usage,message,129155556,127428207,0,98.7,On track,71678.37,0,false
2026-08,2026-08-31,ACC-1122,Halcyon Freight,Strategic,EMEA,MSG-API,Namilio Messaging API,Usage,message,129155556,127281687,0,98.5,On track,71595.95,0,false
2026-09,2026-09-30,ACC-1122,Halcyon Freight,Strategic,EMEA,MSG-API,Namilio Messaging API,Usage,message,129155556,120277606,0,93.1,On track,67656.15,0,false
2026-03,2026-03-31,ACC-1122,Halcyon Freight,Strategic,EMEA,VERIFY,Namilio Verify,Usage,verification,9162500,7673829,0,83.8,On track,25579.43,0,false
2026-04,2026-04-30,ACC-1122,Halcyon Freight,Strategic,EMEA,VERIFY,Namilio Verify,Usage,verification,9162500,8596378,0,93.8,On track,28654.59,0,false
2026-05,2026-05-31,ACC-1122,Halcyon Freight,Strategic,EMEA,VERIFY,Namilio Verify,Usage,verification,9162500,9364324,201824,102.2,On track,31382.6,840.93,false
2026-06,2026-06-30,ACC-1122,Halcyon Freight,Strategic,EMEA,VERIFY,Namilio Verify,Usage,verification,9162500,9118499,0,99.5,On track,30395,0,false
2026-07,2026-07-31,ACC-1122,Halcyon Freight,Strategic,EMEA,VERIFY,Namilio Verify,Usage,verification,9162500,9697798,535298,105.8,In overage,32772.08,2230.41,false
2026-08,2026-08-31,ACC-1122,Halcyon Freight,Strategic,EMEA,VERIFY,Namilio Verify,Usage,verification,9162500,9377199,214699,102.3,On track,31436.25,894.58,false
2026-09,2026-09-30,ACC-1122,Halcyon Freight,Strategic,EMEA,VERIFY,Namilio Verify,Usage,verification,9162500,9928208,765708,108.4,In overage,33732.12,3190.45,false
2026-04,2026-04-30,ACC-1037,Sable Retail,Self-Serve,AMER,MSG-API,Namilio Messaging API,Usage,message,333333,232092,0,69.6,On track,116.05,0,false
2026-05,2026-05-31,ACC-1037,Sable Retail,Self-Serve,AMER,MSG-API,Namilio Messaging API,Usage,message,333333,246381,0,73.9,On track,123.19,0,false
2026-06,2026-06-30,ACC-1037,Sable Retail,Self-Serve,AMER,MSG-API,Namilio Messaging API,Usage,message,333333,247810,0,74.3,On track,123.91,0,false
2026-07,2026-07-31,ACC-1037,Sable Retail,Self-Serve,AMER,MSG-API,Namilio Messaging API,Usage,message,333333,252989,0,75.9,On track,126.49,0,false
2026-08,2026-08-31,ACC-1037,Sable Retail,Self-Serve,AMER,MSG-API,Namilio Messaging API,Usage,message,333333,290485,0,87.1,On track,145.24,0,false
2026-09,2026-09-30,ACC-1037,Sable Retail,Self-Serve,AMER,MSG-API,Namilio Messaging API,Usage,message,333333,302735,0,90.8,On track,151.37,0,false
2026-06,2026-06-30,ACC-1037,Sable Retail,Self-Serve,AMER,STUDIO,Namilio Studio,Seat,seat/year,5,5,0,90.8,On track,225,0,false
2026-07,2026-07-31,ACC-1037,Sable Retail,Self-Serve,AMER,STUDIO,Namilio Studio,Seat,seat/year,5,5,0,92.3,On track,225,0,false
2026-08,2026-08-31,ACC-1037,Sable Retail,Self-Serve,AMER,STUDIO,Namilio Studio,Seat,seat/year,5,4,0,81.3,On track,180,0,false
2026-09,2026-09-30,ACC-1037,Sable Retail,Self-Serve,AMER,STUDIO,Namilio Studio,Seat,seat/year,5,4,0,81.5,On track,180,0,false
2025-12,2025-12-31,ACC-1037,Sable Retail,Self-Serve,AMER,VOICE-AGENT,Namilio Voice Agents,Usage,minute,132026,135217,3191,102.4,On track,867.09,25.43,false
2026-01,2026-01-31,ACC-1037,Sable Retail,Self-Serve,AMER,VOICE-AGENT,Namilio Voice Agents,Usage,minute,132026,137479,5453,104.1,On track,885.12,43.45,false
2026-02,2026-02-28,ACC-1037,Sable Retail,Self-Serve,AMER,VOICE-AGENT,Namilio Voice Agents,Usage,minute,132026,141949,9923,107.5,In overage,920.74,79.07,false
2026-03,2026-03-31,ACC-1037,Sable Retail,Self-Serve,AMER,VOICE-AGENT,Namilio Voice Agents,Usage,minute,132026,132146,120,100.1,On track,842.62,0.96,false
2026-04,2026-04-30,ACC-1037,Sable Retail,Self-Serve,AMER,VOICE-AGENT,Namilio Voice Agents,Usage,minute,132026,121850,0,92.3,On track,776.79,0,false
2026-05,2026-05-31,ACC-1037,Sable Retail,Self-Serve,AMER,VOICE-AGENT,Namilio Voice Agents,Usage,minute,132026,130799,0,99.1,On track,833.84,0,false
2026-06,2026-06-30,ACC-1037,Sable Retail,Self-Serve,AMER,VOICE-AGENT,Namilio Voice Agents,Usage,minute,132026,124069,0,94,On track,790.94,0,false
2026-07,2026-07-31,ACC-1037,Sable Retail,Self-Serve,AMER,VOICE-AGENT,Namilio Voice Agents,Usage,minute,132026,123944,0,93.9,On track,790.14,0,false
2026-08,2026-08-31,ACC-1037,Sable Retail,Self-Serve,AMER,VOICE-AGENT,Namilio Voice Agents,Usage,minute,132026,126743,0,96,On track,807.99,0,false
2026-09,2026-09-30,ACC-1037,Sable Retail,Self-Serve,AMER,VOICE-AGENT,Namilio Voice Agents,Usage,minute,132026,129817,0,98.3,On track,827.58,0,false
2026-05,2026-05-31,ACC-1004,Kestrel Gaming,SMB,EMEA,VOICE-AGENT,Namilio Voice Agents,Usage,minute,201170,195249,0,97.1,On track,1391.15,0,false
2026-06,2026-06-30,ACC-1004,Kestrel Gaming,SMB,EMEA,VOICE-AGENT,Namilio Voice Agents,Usage,minute,201170,184550,0,91.7,On track,1314.92,0,false
2026-07,2026-07-31,ACC-1004,Kestrel Gaming,SMB,EMEA,VOICE-AGENT,Namilio Voice Agents,Usage,minute,201170,177285,0,88.1,On track,1263.16,0,false
2026-08,2026-08-31,ACC-1004,Kestrel Gaming,SMB,EMEA,VOICE-AGENT,Namilio Voice Agents,Usage,minute,201170,182060,0,90.5,On track,1297.18,0,false
2026-09,2026-09-30,ACC-1004,Kestrel Gaming,SMB,EMEA,VOICE-AGENT,Namilio Voice Agents,Usage,minute,201170,168321,0,83.7,On track,1199.29,0,false
2025-10,2025-10-31,ACC-1004,Kestrel Gaming,SMB,EMEA,COPILOT-API,Namilio Copilot API,Usage,1K tokens,1175758,619388,0,52.7,Under-consuming,425.83,0,true
2025-11,2025-11-30,ACC-1004,Kestrel Gaming,SMB,EMEA,COPILOT-API,Namilio Copilot API,Usage,1K tokens,1175758,493596,0,42,Under-consuming,339.35,0,true
2025-12,2025-12-31,ACC-1004,Kestrel Gaming,SMB,EMEA,COPILOT-API,Namilio Copilot API,Usage,1K tokens,1175758,423496,0,36,Under-consuming,291.15,0,true
2026-01,2026-01-31,ACC-1004,Kestrel Gaming,SMB,EMEA,COPILOT-API,Namilio Copilot API,Usage,1K tokens,1175758,343037,0,29.2,Under-consuming,235.84,0,true
2026-02,2026-02-28,ACC-1004,Kestrel Gaming,SMB,EMEA,COPILOT-API,Namilio Copilot API,Usage,1K tokens,1175758,328788,0,28,Under-consuming,226.04,0,true
2026-03,2026-03-31,ACC-1004,Kestrel Gaming,SMB,EMEA,COPILOT-API,Namilio Copilot API,Usage,1K tokens,1175758,273830,0,23.3,Under-consuming,188.26,0,true
2026-04,2026-04-30,ACC-1004,Kestrel Gaming,SMB,EMEA,COPILOT-API,Namilio Copilot API,Usage,1K tokens,1175758,186770,0,15.9,Under-consuming,128.4,0,true
2026-05,2026-05-31,ACC-1004,Kestrel Gaming,SMB,EMEA,COPILOT-API,Namilio Copilot API,Usage,1K tokens,1175758,58788,0,5,Under-consuming,40.42,0,true
2026-06,2026-06-30,ACC-1004,Kestrel Gaming,SMB,EMEA,COPILOT-API,Namilio Copilot API,Usage,1K tokens,1175758,58788,0,5,Under-consuming,40.42,0,true
2026-07,2026-07-31,ACC-1004,Kestrel Gaming,SMB,EMEA,COPILOT-API,Namilio Copilot API,Usage,1K tokens,1175758,169315,0,14.4,Under-consuming,116.4,0,true
2026-08,2026-08-31,ACC-1004,Kestrel Gaming,SMB,EMEA,COPILOT-API,Namilio Copilot API,Usage,1K tokens,1175758,161893,0,13.8,Under-consuming,111.3,0,true
2026-09,2026-09-30,ACC-1004,Kestrel Gaming,SMB,EMEA,COPILOT-API,Namilio Copilot API,Usage,1K tokens,1175758,105237,0,9,Under-consuming,72.35,0,true
2025-10,2025-10-31,ACC-1004,Kestrel Gaming,SMB,EMEA,VERIFY,Namilio Verify,Usage,verification,196000,152088,0,77.6,On track,633.7,0,false
2025-11,2025-11-30,ACC-1004,Kestrel Gaming,SMB,EMEA,VERIFY,Namilio Verify,Usage,verification,196000,149976,0,76.5,On track,624.9,0,false
2025-12,2025-12-31,ACC-1004,Kestrel Gaming,SMB,EMEA,VERIFY,Namilio Verify,Usage,verification,196000,152612,0,77.9,On track,635.88,0,false
2026-01,2026-01-31,ACC-1004,Kestrel Gaming,SMB,EMEA,VERIFY,Namilio Verify,Usage,verification,196000,146528,0,74.8,On track,610.53,0,false
2026-02,2026-02-28,ACC-1004,Kestrel Gaming,SMB,EMEA,VERIFY,Namilio Verify,Usage,verification,196000,132378,0,67.5,On track,551.58,0,false
2026-03,2026-03-31,ACC-1004,Kestrel Gaming,SMB,EMEA,VERIFY,Namilio Verify,Usage,verification,196000,127295,0,64.9,On track,530.4,0,false
2026-04,2026-04-30,ACC-1004,Kestrel Gaming,SMB,EMEA,VERIFY,Namilio Verify,Usage,verification,196000,124632,0,63.6,On track,519.3,0,false
2026-05,2026-05-31,ACC-1004,Kestrel Gaming,SMB,EMEA,VERIFY,Namilio Verify,Usage,verification,196000,126384,0,64.5,On track,526.6,0,false
2026-06,2026-06-30,ACC-1004,Kestrel Gaming,SMB,EMEA,VERIFY,Namilio Verify,Usage,verification,196000,119222,0,60.8,On track,496.76,0,false
2026-07,2026-07-31,ACC-1004,Kestrel Gaming,SMB,EMEA,VERIFY,Namilio Verify,Usage,verification,196000,110110,0,56.2,Under-consuming,458.79,0,false
2026-08,2026-08-31,ACC-1004,Kestrel Gaming,SMB,EMEA,VERIFY,Namilio Verify,Usage,verification,196000,130009,0,66.3,On track,541.7,0,false
2026-09,2026-09-30,ACC-1004,Kestrel Gaming,SMB,EMEA,VERIFY,Namilio Verify,Usage,verification,196000,137876,0,70.3,On track,574.48,0,false
2025-10,2025-10-31,ACC-1004,Kestrel Gaming,SMB,EMEA,STUDIO,Namilio Studio,Seat,seat/year,15,11,0,71.1,On track,495,0,false
2025-11,2025-11-30,ACC-1004,Kestrel Gaming,SMB,EMEA,STUDIO,Namilio Studio,Seat,seat/year,15,10,0,65.6,On track,450,0,false
2025-12,2025-12-31,ACC-1004,Kestrel Gaming,SMB,EMEA,STUDIO,Namilio Studio,Seat,seat/year,15,9,0,60.6,On track,405,0,false
2026-01,2026-01-31,ACC-1004,Kestrel Gaming,SMB,EMEA,STUDIO,Namilio Studio,Seat,seat/year,15,8,0,53.7,Under-consuming,360,0,true
2026-02,2026-02-28,ACC-1004,Kestrel Gaming,SMB,EMEA,STUDIO,Namilio Studio,Seat,seat/year,15,7,0,49,Under-consuming,315,0,true
2026-03,2026-03-31,ACC-1004,Kestrel Gaming,SMB,EMEA,STUDIO,Namilio Studio,Seat,seat/year,15,6,0,42.3,Under-consuming,270,0,true
2026-04,2026-04-30,ACC-1004,Kestrel Gaming,SMB,EMEA,STUDIO,Namilio Studio,Seat,seat/year,15,6,0,42,Under-consuming,270,0,true
2026-05,2026-05-31,ACC-1004,Kestrel Gaming,SMB,EMEA,STUDIO,Namilio Studio,Seat,seat/year,15,8,0,51.6,Under-consuming,360,0,true
2026-06,2026-06-30,ACC-1004,Kestrel Gaming,SMB,EMEA,STUDIO,Namilio Studio,Seat,seat/year,15,9,0,62.1,On track,405,0,false
2026-07,2026-07-31,ACC-1004,Kestrel Gaming,SMB,EMEA,STUDIO,Namilio Studio,Seat,seat/year,15,9,0,60.8,On track,405,0,false
2026-08,2026-08-31,ACC-1004,Kestrel Gaming,SMB,EMEA,STUDIO,Namilio Studio,Seat,seat/year,15,9,0,59.9,Under-consuming,405,0,false
2026-09,2026-09-30,ACC-1004,Kestrel Gaming,SMB,EMEA,STUDIO,Namilio Studio,Seat,seat/year,15,9,0,60.3,On track,405,0,false
2026-09,2026-09-30,ACC-1004,Kestrel Gaming,SMB,EMEA,VOICE-AGENT,Namilio Voice Agents,Usage,minute,53595,29542,0,55.1,Under-consuming,188.33,0,false
2026-09,2026-09-30,ACC-1004,Kestrel Gaming,SMB,EMEA,VERIFY,Namilio Verify,Usage,verification,124444,121265,0,97.4,On track,454.74,0,false
2025-12,2025-12-31,ACC-1096,Vertex Group,Mid-Market,EMEA,VOICE-AGENT,Namilio Voice Agents,Usage,minute,805556,536038,0,66.5,On track,4020.28,0,false
2026-01,2026-01-31,ACC-1096,Vertex Group,Mid-Market,EMEA,VOICE-AGENT,Namilio Voice Agents,Usage,minute,805556,632213,0,78.5,On track,4741.6,0,false
2026-02,2026-02-28,ACC-1096,Vertex Group,Mid-Market,EMEA,VOICE-AGENT,Namilio Voice Agents,Usage,minute,805556,694602,0,86.2,On track,5209.52,0,false
2026-03,2026-03-31,ACC-1096,Vertex Group,Mid-Market,EMEA,VOICE-AGENT,Namilio Voice Agents,Usage,minute,805556,701133,0,87,On track,5258.5,0,false
2026-04,2026-04-30,ACC-1096,Vertex Group,Mid-Market,EMEA,VOICE-AGENT,Namilio Voice Agents,Usage,minute,805556,659099,0,81.8,On track,4943.24,0,false
2026-05,2026-05-31,ACC-1096,Vertex Group,Mid-Market,EMEA,VOICE-AGENT,Namilio Voice Agents,Usage,minute,805556,739557,0,91.8,On track,5546.68,0,false
2026-06,2026-06-30,ACC-1096,Vertex Group,Mid-Market,EMEA,VOICE-AGENT,Namilio Voice Agents,Usage,minute,805556,769928,0,95.6,On track,5774.46,0,false
2026-07,2026-07-31,ACC-1096,Vertex Group,Mid-Market,EMEA,VOICE-AGENT,Namilio Voice Agents,Usage,minute,805556,701804,0,87.1,On track,5263.53,0,false
2026-08,2026-08-31,ACC-1096,Vertex Group,Mid-Market,EMEA,VOICE-AGENT,Namilio Voice Agents,Usage,minute,805556,601750,0,74.7,On track,4513.13,0,false
2026-09,2026-09-30,ACC-1096,Vertex Group,Mid-Market,EMEA,VOICE-AGENT,Namilio Voice Agents,Usage,minute,805556,608367,0,75.5,On track,4562.75,0,false
2026-09,2026-09-30,ACC-1062,Halcyon Works,SMB,EMEA,STUDIO,Namilio Studio,Seat,seat/year,15,13,0,88.4,On track,585,0,false
2026-04,2026-04-30,ACC-1062,Halcyon Works,SMB,EMEA,VERIFY,Namilio Verify,Usage,verification,712000,551881,0,77.5,On track,2299.5,0,false
2026-05,2026-05-31,ACC-1062,Halcyon Works,SMB,EMEA,VERIFY,Namilio Verify,Usage,verification,712000,525034,0,73.7,On track,2187.64,0,false
2026-06,2026-06-30,ACC-1062,Halcyon Works,SMB,EMEA,VERIFY,Namilio Verify,Usage,verification,712000,515785,0,72.4,On track,2149.1,0,false
2026-07,2026-07-31,ACC-1062,Halcyon Works,SMB,EMEA,VERIFY,Namilio Verify,Usage,verification,712000,597568,0,83.9,On track,2489.87,0,false
2026-08,2026-08-31,ACC-1062,Halcyon Works,SMB,EMEA,VERIFY,Namilio Verify,Usage,verification,712000,609692,0,85.6,On track,2540.38,0,false
2026-09,2026-09-30,ACC-1062,Halcyon Works,SMB,EMEA,VERIFY,Namilio Verify,Usage,verification,712000,611247,0,85.8,On track,2546.86,0,false
2025-11,2025-11-30,ACC-1062,Halcyon Works,SMB,EMEA,STUDIO,Namilio Studio,Seat,seat/year,9,6,0,67.9,On track,229.5,0,false
2025-12,2025-12-31,ACC-1062,Halcyon Works,SMB,EMEA,STUDIO,Namilio Studio,Seat,seat/year,9,6,0,70.5,On track,229.5,0,false
2026-01,2026-01-31,ACC-1062,Halcyon Works,SMB,EMEA,STUDIO,Namilio Studio,Seat,seat/year,9,7,0,81.4,On track,267.75,0,false
2026-02,2026-02-28,ACC-1062,Halcyon Works,SMB,EMEA,STUDIO,Namilio Studio,Seat,seat/year,9,7,0,78.1,On track,267.75,0,false
2026-03,2026-03-31,ACC-1062,Halcyon Works,SMB,EMEA,STUDIO,Namilio Studio,Seat,seat/year,9,7,0,79.5,On track,267.75,0,false
2026-04,2026-04-30,ACC-1062,Halcyon Works,SMB,EMEA,STUDIO,Namilio Studio,Seat,seat/year,9,7,0,80,On track,267.75,0,false
2026-05,2026-05-31,ACC-1062,Halcyon Works,SMB,EMEA,STUDIO,Namilio Studio,Seat,seat/year,9,7,0,76.9,On track,267.75,0,false
2026-06,2026-06-30,ACC-1062,Halcyon Works,SMB,EMEA,STUDIO,Namilio Studio,Seat,seat/year,9,6,0,70.7,On track,229.5,0,false
2026-07,2026-07-31,ACC-1062,Halcyon Works,SMB,EMEA,STUDIO,Namilio Studio,Seat,seat/year,9,6,0,67,On track,229.5,0,false
2026-08,2026-08-31,ACC-1062,Halcyon Works,SMB,EMEA,STUDIO,Namilio Studio,Seat,seat/year,9,7,0,77.6,On track,267.75,0,false
2026-09,2026-09-30,ACC-1062,Halcyon Works,SMB,EMEA,STUDIO,Namilio Studio,Seat,seat/year,9,7,0,82.7,On track,267.75,0,false
2025-11,2025-11-30,ACC-1062,Halcyon Works,SMB,EMEA,MSG-API,Namilio Messaging API,Usage,message,426667,312714,0,73.3,On track,195.45,0,false
2025-12,2025-12-31,ACC-1062,Halcyon Works,SMB,EMEA,MSG-API,Namilio Messaging API,Usage,message,426667,299702,0,70.2,On track,187.31,0,false
2026-01,2026-01-31,ACC-1062,Halcyon Works,SMB,EMEA,MSG-API,Namilio Messaging API,Usage,message,426667,286485,0,67.1,On track,179.05,0,false
2026-02,2026-02-28,ACC-1062,Halcyon Works,SMB,EMEA,MSG-API,Namilio Messaging API,Usage,message,426667,269687,0,63.2,On track,168.55,0,false
2026-03,2026-03-31,ACC-1062,Halcyon Works,SMB,EMEA,MSG-API,Namilio Messaging API,Usage,message,426667,265534,0,62.2,On track,165.96,0,false
2026-04,2026-04-30,ACC-1062,Halcyon Works,SMB,EMEA,MSG-API,Namilio Messaging API,Usage,message,426667,258380,0,60.6,On track,161.49,0,false
2026-05,2026-05-31,ACC-1062,Halcyon Works,SMB,EMEA,MSG-API,Namilio Messaging API,Usage,message,426667,260887,0,61.1,On track,163.05,0,false
2026-06,2026-06-30,ACC-1062,Halcyon Works,SMB,EMEA,MSG-API,Namilio Messaging API,Usage,message,426667,290143,0,68,On track,181.34,0,false
2026-07,2026-07-31,ACC-1062,Halcyon Works,SMB,EMEA,MSG-API,Namilio Messaging API,Usage,message,426667,335298,0,78.6,On track,209.56,0,false
2026-08,2026-08-31,ACC-1062,Halcyon Works,SMB,EMEA,MSG-API,Namilio Messaging API,Usage,message,426667,335788,0,78.7,On track,209.87,0,false
2026-09,2026-09-30,ACC-1062,Halcyon Works,SMB,EMEA,MSG-API,Namilio Messaging API,Usage,message,426667,346087,0,81.1,On track,216.3,0,false
2025-11,2025-11-30,ACC-1062,Halcyon Works,SMB,EMEA,COPILOT-API,Namilio Copilot API,Usage,1K tokens,248804,161103,0,64.8,On track,140.29,0,false
2025-12,2025-12-31,ACC-1062,Halcyon Works,SMB,EMEA,COPILOT-API,Namilio Copilot API,Usage,1K tokens,248804,159824,0,64.2,On track,139.18,0,false
2026-01,2026-01-31,ACC-1062,Halcyon Works,SMB,EMEA,COPILOT-API,Namilio Copilot API,Usage,1K tokens,248804,167024,0,67.1,On track,145.45,0,false
2026-02,2026-02-28,ACC-1062,Halcyon Works,SMB,EMEA,COPILOT-API,Namilio Copilot API,Usage,1K tokens,248804,162814,0,65.4,On track,141.78,0,false
2026-03,2026-03-31,ACC-1062,Halcyon Works,SMB,EMEA,COPILOT-API,Namilio Copilot API,Usage,1K tokens,248804,170374,0,68.5,On track,148.37,0,false
2026-04,2026-04-30,ACC-1062,Halcyon Works,SMB,EMEA,COPILOT-API,Namilio Copilot API,Usage,1K tokens,248804,168391,0,67.7,On track,146.64,0,false
2026-05,2026-05-31,ACC-1062,Halcyon Works,SMB,EMEA,COPILOT-API,Namilio Copilot API,Usage,1K tokens,248804,169105,0,68,On track,147.26,0,false
2026-06,2026-06-30,ACC-1062,Halcyon Works,SMB,EMEA,COPILOT-API,Namilio Copilot API,Usage,1K tokens,248804,153002,0,61.5,On track,133.24,0,false
2026-07,2026-07-31,ACC-1062,Halcyon Works,SMB,EMEA,COPILOT-API,Namilio Copilot API,Usage,1K tokens,248804,149185,0,60,Under-consuming,129.92,0,false
2026-08,2026-08-31,ACC-1062,Halcyon Works,SMB,EMEA,COPILOT-API,Namilio Copilot API,Usage,1K tokens,248804,166598,0,67,On track,145.08,0,false
2026-09,2026-09-30,ACC-1062,Halcyon Works,SMB,EMEA,COPILOT-API,Namilio Copilot API,Usage,1K tokens,248804,178383,0,71.7,On track,155.34,0,false
2025-12,2025-12-31,ACC-1091,Vertex Technologies,Self-Serve,APAC,VERIFY,Namilio Verify,Usage,verification,176000,186007,10007,105.7,In overage,785.45,52.12,false
2026-01,2026-01-31,ACC-1091,Vertex Technologies,Self-Serve,APAC,VERIFY,Namilio Verify,Usage,verification,176000,187156,11156,106.3,In overage,791.44,58.1,false
2026-02,2026-02-28,ACC-1091,Vertex Technologies,Self-Serve,APAC,VERIFY,Namilio Verify,Usage,verification,176000,195934,19934,111.3,In overage,837.16,103.82,false
2026-03,2026-03-31,ACC-1091,Vertex Technologies,Self-Serve,APAC,VERIFY,Namilio Verify,Usage,verification,176000,190319,14319,108.1,In overage,807.91,74.58,false
2026-04,2026-04-30,ACC-1091,Vertex Technologies,Self-Serve,APAC,VERIFY,Namilio Verify,Usage,verification,176000,182849,6849,103.9,On track,769.01,35.67,false
2026-05,2026-05-31,ACC-1091,Vertex Technologies,Self-Serve,APAC,VERIFY,Namilio Verify,Usage,verification,176000,177789,1789,101,On track,742.65,9.32,false
2026-06,2026-06-30,ACC-1091,Vertex Technologies,Self-Serve,APAC,VERIFY,Namilio Verify,Usage,verification,176000,182113,6113,103.5,On track,765.17,31.84,false
2026-07,2026-07-31,ACC-1091,Vertex Technologies,Self-Serve,APAC,VERIFY,Namilio Verify,Usage,verification,176000,183977,7977,104.5,On track,774.88,41.55,false
2026-08,2026-08-31,ACC-1091,Vertex Technologies,Self-Serve,APAC,VERIFY,Namilio Verify,Usage,verification,176000,195417,19417,111,In overage,834.46,101.13,false
2026-09,2026-09-30,ACC-1091,Vertex Technologies,Self-Serve,APAC,VERIFY,Namilio Verify,Usage,verification,176000,192036,16036,109.1,In overage,816.85,83.52,false
2026-03,2026-03-31,ACC-1091,Vertex Technologies,Self-Serve,APAC,VOICE-AGENT,Namilio Voice Agents,Usage,minute,36667,25444,0,69.4,On track,190.83,0,false
2026-04,2026-04-30,ACC-1091,Vertex Technologies,Self-Serve,APAC,VOICE-AGENT,Namilio Voice Agents,Usage,minute,36667,20980,0,57.2,Under-consuming,157.35,0,false
2026-05,2026-05-31,ACC-1091,Vertex Technologies,Self-Serve,APAC,VOICE-AGENT,Namilio Voice Agents,Usage,minute,36667,21765,0,59.4,Under-consuming,163.24,0,false
2026-06,2026-06-30,ACC-1091,Vertex Technologies,Self-Serve,APAC,VOICE-AGENT,Namilio Voice Agents,Usage,minute,36667,21869,0,59.6,Under-consuming,164.02,0,false
2026-07,2026-07-31,ACC-1091,Vertex Technologies,Self-Serve,APAC,VOICE-AGENT,Namilio Voice Agents,Usage,minute,36667,20719,0,56.5,Under-consuming,155.39,0,false
2026-08,2026-08-31,ACC-1091,Vertex Technologies,Self-Serve,APAC,VOICE-AGENT,Namilio Voice Agents,Usage,minute,36667,22021,0,60.1,On track,165.16,0,false
2026-09,2026-09-30,ACC-1091,Vertex Technologies,Self-Serve,APAC,VOICE-AGENT,Namilio Voice Agents,Usage,minute,36667,20682,0,56.4,Under-consuming,155.11,0,false
2026-04,2026-04-30,ACC-1136,Cobalt Retail,Self-Serve,EMEA,STUDIO,Namilio Studio,Seat,seat/year,32,31,0,97.5,On track,906.75,0,false
2026-05,2026-05-31,ACC-1136,Cobalt Retail,Self-Serve,EMEA,STUDIO,Namilio Studio,Seat,seat/year,32,32,0,100,On track,936,0,false
2026-06,2026-06-30,ACC-1136,Cobalt Retail,Self-Serve,EMEA,STUDIO,Namilio Studio,Seat,seat/year,32,32,0,100.4,On track,936,0,false
2026-07,2026-07-31,ACC-1136,Cobalt Retail,Self-Serve,EMEA,STUDIO,Namilio Studio,Seat,seat/year,32,34,2,104.9,On track,1009.13,73.13,false
2026-08,2026-08-31,ACC-1136,Cobalt Retail,Self-Serve,EMEA,STUDIO,Namilio Studio,Seat,seat/year,32,35,3,109.7,In overage,1045.69,109.69,false
2026-09,2026-09-30,ACC-1136,Cobalt Retail,Self-Serve,EMEA,STUDIO,Namilio Studio,Seat,seat/year,32,34,2,107.1,In overage,1009.13,73.13,false
2025-11,2025-11-30,ACC-1136,Cobalt Retail,Self-Serve,EMEA,VOICE-AGENT,Namilio Voice Agents,Usage,minute,80342,67056,0,83.5,On track,326.9,0,false
2025-12,2025-12-31,ACC-1136,Cobalt Retail,Self-Serve,EMEA,VOICE-AGENT,Namilio Voice Agents,Usage,minute,80342,66480,0,82.7,On track,324.09,0,false
2026-01,2026-01-31,ACC-1136,Cobalt Retail,Self-Serve,EMEA,VOICE-AGENT,Namilio Voice Agents,Usage,minute,80342,66661,0,83,On track,324.97,0,false
2026-02,2026-02-28,ACC-1136,Cobalt Retail,Self-Serve,EMEA,VOICE-AGENT,Namilio Voice Agents,Usage,minute,80342,66046,0,82.2,On track,321.97,0,false
2026-03,2026-03-31,ACC-1136,Cobalt Retail,Self-Serve,EMEA,VOICE-AGENT,Namilio Voice Agents,Usage,minute,80342,65220,0,81.2,On track,317.95,0,false
2026-04,2026-04-30,ACC-1136,Cobalt Retail,Self-Serve,EMEA,VOICE-AGENT,Namilio Voice Agents,Usage,minute,80342,62149,0,77.4,On track,302.98,0,false
2026-05,2026-05-31,ACC-1136,Cobalt Retail,Self-Serve,EMEA,VOICE-AGENT,Namilio Voice Agents,Usage,minute,80342,60109,0,74.8,On track,293.03,0,false
2026-06,2026-06-30,ACC-1136,Cobalt Retail,Self-Serve,EMEA,VOICE-AGENT,Namilio Voice Agents,Usage,minute,80342,53086,0,66.1,On track,258.79,0,false
2026-07,2026-07-31,ACC-1136,Cobalt Retail,Self-Serve,EMEA,VOICE-AGENT,Namilio Voice Agents,Usage,minute,80342,54022,0,67.2,On track,263.36,0,false
2026-08,2026-08-31,ACC-1136,Cobalt Retail,Self-Serve,EMEA,VOICE-AGENT,Namilio Voice Agents,Usage,minute,80342,58479,0,72.8,On track,285.09,0,false
2026-09,2026-09-30,ACC-1136,Cobalt Retail,Self-Serve,EMEA,VOICE-AGENT,Namilio Voice Agents,Usage,minute,80342,52187,0,65,On track,254.41,0,false
2026-07,2026-07-31,ACC-1136,Cobalt Retail,Self-Serve,EMEA,STUDIO,Namilio Studio,Seat,seat/year,30,19,0,64.2,On track,555.75,0,false
2026-08,2026-08-31,ACC-1136,Cobalt Retail,Self-Serve,EMEA,STUDIO,Namilio Studio,Seat,seat/year,30,17,0,57.2,Under-consuming,497.25,0,false
2026-09,2026-09-30,ACC-1136,Cobalt Retail,Self-Serve,EMEA,STUDIO,Namilio Studio,Seat,seat/year,30,18,0,59.9,Under-consuming,526.5,0,false
2026-06,2026-06-30,ACC-1095,Halcyon Labs,Enterprise,APAC,VOICE-AGENT,Namilio Voice Agents,Usage,minute,4069281,2791754,0,68.6,On track,17797.43,0,false
2026-07,2026-07-31,ACC-1095,Halcyon Labs,Enterprise,APAC,VOICE-AGENT,Namilio Voice Agents,Usage,minute,4069281,2786404,0,68.5,On track,17763.33,0,false
2026-08,2026-08-31,ACC-1095,Halcyon Labs,Enterprise,APAC,VOICE-AGENT,Namilio Voice Agents,Usage,minute,4069281,3147784,0,77.4,On track,20067.12,0,false
2026-09,2026-09-30,ACC-1095,Halcyon Labs,Enterprise,APAC,VOICE-AGENT,Namilio Voice Agents,Usage,minute,4069281,3235375,0,79.5,On track,20625.52,0,false
2026-06,2026-06-30,ACC-1095,Halcyon Labs,Enterprise,APAC,STUDIO,Namilio Studio,Seat,seat/year,662,621,0,93.8,On track,22356,0,false
2026-07,2026-07-31,ACC-1095,Halcyon Labs,Enterprise,APAC,STUDIO,Namilio Studio,Seat,seat/year,662,652,0,98.4,On track,23472,0,false
2026-08,2026-08-31,ACC-1095,Halcyon Labs,Enterprise,APAC,STUDIO,Namilio Studio,Seat,seat/year,662,673,11,101.7,On track,24327,495,false
2026-09,2026-09-30,ACC-1095,Halcyon Labs,Enterprise,APAC,STUDIO,Namilio Studio,Seat,seat/year,662,694,32,104.9,On track,25272,1440,false
2025-12,2025-12-31,ACC-1095,Halcyon Labs,Enterprise,APAC,MSG-API,Namilio Messaging API,Usage,message,39706667,36274048,0,91.4,On track,22671.28,0,false
2026-01,2026-01-31,ACC-1095,Halcyon Labs,Enterprise,APAC,MSG-API,Namilio Messaging API,Usage,message,39706667,38478009,0,96.9,On track,24048.76,0,false
2026-02,2026-02-28,ACC-1095,Halcyon Labs,Enterprise,APAC,MSG-API,Namilio Messaging API,Usage,message,39706667,40154183,447516,101.1,On track,25166.29,349.62,false
2026-03,2026-03-31,ACC-1095,Halcyon Labs,Enterprise,APAC,MSG-API,Namilio Messaging API,Usage,message,39706667,41565442,1858775,104.7,On track,26268.83,1452.17,false
2026-04,2026-04-30,ACC-1095,Halcyon Labs,Enterprise,APAC,MSG-API,Namilio Messaging API,Usage,message,39706667,43863300,4156633,110.5,In overage,28064.04,3247.37,false
2026-05,2026-05-31,ACC-1095,Halcyon Labs,Enterprise,APAC,MSG-API,Namilio Messaging API,Usage,message,39706667,44039019,4332352,110.9,In overage,28201.32,3384.65,false
2026-06,2026-06-30,ACC-1095,Halcyon Labs,Enterprise,APAC,MSG-API,Namilio Messaging API,Usage,message,39706667,42523449,2816782,107.1,In overage,27017.28,2200.61,false
2026-07,2026-07-31,ACC-1095,Halcyon Labs,Enterprise,APAC,MSG-API,Namilio Messaging API,Usage,message,39706667,45054407,5347740,113.5,In overage,28994.59,4177.92,false
2026-08,2026-08-31,ACC-1095,Halcyon Labs,Enterprise,APAC,MSG-API,Namilio Messaging API,Usage,message,39706667,48556223,8849556,122.3,In overage,31730.38,6913.72,false
2026-09,2026-09-30,ACC-1095,Halcyon Labs,Enterprise,APAC,MSG-API,Namilio Messaging API,Usage,message,39706667,50332254,10625587,126.8,In overage,33117.91,8301.24,false
2025-07,2025-07-31,ACC-1095,Halcyon Labs,Enterprise,APAC,VOICE-AGENT,Namilio Voice Agents,Usage,minute,6449123,3610753,0,56,Under-consuming,25726.62,0,false
2025-08,2025-08-31,ACC-1095,Halcyon Labs,Enterprise,APAC,VOICE-AGENT,Namilio Voice Agents,Usage,minute,6449123,3631615,0,56.3,Under-consuming,25875.26,0,false
2025-09,2025-09-30,ACC-1095,Halcyon Labs,Enterprise,APAC,VOICE-AGENT,Namilio Voice Agents,Usage,minute,6449123,3778619,0,58.6,Under-consuming,26922.66,0,false
2025-10,2025-10-31,ACC-1095,Halcyon Labs,Enterprise,APAC,VOICE-AGENT,Namilio Voice Agents,Usage,minute,6449123,3778436,0,58.6,Under-consuming,26921.36,0,false
2025-11,2025-11-30,ACC-1095,Halcyon Labs,Enterprise,APAC,VOICE-AGENT,Namilio Voice Agents,Usage,minute,6449123,3936609,0,61,On track,28048.34,0,false
2025-12,2025-12-31,ACC-1095,Halcyon Labs,Enterprise,APAC,VOICE-AGENT,Namilio Voice Agents,Usage,minute,6449123,3830862,0,59.4,Under-consuming,27294.89,0,false
2026-01,2026-01-31,ACC-1095,Halcyon Labs,Enterprise,APAC,VOICE-AGENT,Namilio Voice Agents,Usage,minute,6449123,3929485,0,60.9,On track,27997.58,0,false
2026-02,2026-02-28,ACC-1095,Halcyon Labs,Enterprise,APAC,VOICE-AGENT,Namilio Voice Agents,Usage,minute,6449123,3906459,0,60.6,On track,27833.52,0,false
2026-03,2026-03-31,ACC-1095,Halcyon Labs,Enterprise,APAC,VOICE-AGENT,Namilio Voice Agents,Usage,minute,6449123,3151963,0,48.9,Under-consuming,22457.74,0,true
2026-04,2026-04-30,ACC-1095,Halcyon Labs,Enterprise,APAC,VOICE-AGENT,Namilio Voice Agents,Usage,minute,6449123,3278553,0,50.8,Under-consuming,23359.69,0,true
2026-05,2026-05-31,ACC-1095,Halcyon Labs,Enterprise,APAC,VOICE-AGENT,Namilio Voice Agents,Usage,minute,6449123,3538757,0,54.9,Under-consuming,25213.64,0,true
2026-06,2026-06-30,ACC-1095,Halcyon Labs,Enterprise,APAC,VOICE-AGENT,Namilio Voice Agents,Usage,minute,6449123,3836172,0,59.5,Under-consuming,27332.73,0,false
2026-07,2026-07-31,ACC-1095,Halcyon Labs,Enterprise,APAC,VOICE-AGENT,Namilio Voice Agents,Usage,minute,6449123,3583956,0,55.6,Under-consuming,25535.69,0,false
2026-08,2026-08-31,ACC-1095,Halcyon Labs,Enterprise,APAC,VOICE-AGENT,Namilio Voice Agents,Usage,minute,6449123,3931769,0,61,On track,28013.85,0,false
2026-09,2026-09-30,ACC-1095,Halcyon Labs,Enterprise,APAC,VOICE-AGENT,Namilio Voice Agents,Usage,minute,6449123,3882891,0,60.2,On track,27665.6,0,false
2026-05,2026-05-31,ACC-1095,Halcyon Labs,Enterprise,APAC,MSG-API,Namilio Messaging API,Usage,message,63680000,36236415,0,56.9,Under-consuming,22647.76,0,false
2026-06,2026-06-30,ACC-1095,Halcyon Labs,Enterprise,APAC,MSG-API,Namilio Messaging API,Usage,message,63680000,40929922,0,64.3,On track,25581.2,0,false
2026-07,2026-07-31,ACC-1095,Halcyon Labs,Enterprise,APAC,MSG-API,Namilio Messaging API,Usage,message,63680000,39542477,0,62.1,On track,24714.05,0,false
2026-08,2026-08-31,ACC-1095,Halcyon Labs,Enterprise,APAC,MSG-API,Namilio Messaging API,Usage,message,63680000,41003562,0,64.4,On track,25627.23,0,false
2026-09,2026-09-30,ACC-1095,Halcyon Labs,Enterprise,APAC,MSG-API,Namilio Messaging API,Usage,message,63680000,41752800,0,65.6,On track,26095.5,0,false
2026-05,2026-05-31,ACC-1095,Halcyon Labs,Enterprise,APAC,VERIFY,Namilio Verify,Usage,verification,4397895,4687024,289129,106.6,In overage,18838.92,1430.59,false
2026-06,2026-06-30,ACC-1095,Halcyon Labs,Enterprise,APAC,VERIFY,Namilio Verify,Usage,verification,4397895,4601956,204061,104.6,On track,18418.01,1009.68,false
2026-07,2026-07-31,ACC-1095,Halcyon Labs,Enterprise,APAC,VERIFY,Namilio Verify,Usage,verification,4397895,4980353,582458,113.2,In overage,20290.29,2881.95,false
2026-08,2026-08-31,ACC-1095,Halcyon Labs,Enterprise,APAC,VERIFY,Namilio Verify,Usage,verification,4397895,5069670,671775,115.3,In overage,20732.22,3323.89,false
2026-09,2026-09-30,ACC-1095,Halcyon Labs,Enterprise,APAC,VERIFY,Namilio Verify,Usage,verification,4397895,5470795,1072900,124.4,In overage,22716.95,5308.62,false
2026-05,2026-05-31,ACC-1095,Halcyon Labs,Enterprise,APAC,VOICE-AGENT,Namilio Voice Agents,Usage,minute,2004444,2122864,118420,105.9,In overage,16143.52,1110.19,false
2026-06,2026-06-30,ACC-1095,Halcyon Labs,Enterprise,APAC,VOICE-AGENT,Namilio Voice Agents,Usage,minute,2004444,1951845,0,97.4,On track,14638.84,0,false
2026-07,2026-07-31,ACC-1095,Halcyon Labs,Enterprise,APAC,VOICE-AGENT,Namilio Voice Agents,Usage,minute,2004444,2012416,7972,100.4,On track,15108.07,74.74,false
2026-08,2026-08-31,ACC-1095,Halcyon Labs,Enterprise,APAC,VOICE-AGENT,Namilio Voice Agents,Usage,minute,2004444,1721520,0,85.9,On track,12911.4,0,false
2026-09,2026-09-30,ACC-1095,Halcyon Labs,Enterprise,APAC,VOICE-AGENT,Namilio Voice Agents,Usage,minute,2004444,1765175,0,88.1,On track,13238.81,0,false
2026-05,2026-05-31,ACC-1095,Halcyon Labs,Enterprise,APAC,STUDIO,Namilio Studio,Seat,seat/year,574,686,112,119.5,In overage,32130,6300,false
2026-06,2026-06-30,ACC-1095,Halcyon Labs,Enterprise,APAC,STUDIO,Namilio Studio,Seat,seat/year,574,732,158,127.6,In overage,34717.5,8887.5,false
2026-07,2026-07-31,ACC-1095,Halcyon Labs,Enterprise,APAC,STUDIO,Namilio Studio,Seat,seat/year,574,798,224,139,In overage,38430,12600,false
2026-08,2026-08-31,ACC-1095,Halcyon Labs,Enterprise,APAC,STUDIO,Namilio Studio,Seat,seat/year,574,842,268,146.7,In overage,40905,15075,false
2026-09,2026-09-30,ACC-1095,Halcyon Labs,Enterprise,APAC,STUDIO,Namilio Studio,Seat,seat/year,574,919,345,160.1,In overage,45236.25,19406.25,false
2025-11,2025-11-30,ACC-1073,Onyx Works,Enterprise,EMEA,VOICE-AGENT,Namilio Voice Agents,Usage,minute,2299415,2111737,0,91.8,On track,15046.13,0,false
2025-12,2025-12-31,ACC-1073,Onyx Works,Enterprise,EMEA,VOICE-AGENT,Namilio Voice Agents,Usage,minute,2299415,1975745,0,85.9,On track,14077.18,0,false
2026-01,2026-01-31,ACC-1073,Onyx Works,Enterprise,EMEA,VOICE-AGENT,Namilio Voice Agents,Usage,minute,2299415,1844780,0,80.2,On track,13144.06,0,false
2026-02,2026-02-28,ACC-1073,Onyx Works,Enterprise,EMEA,VOICE-AGENT,Namilio Voice Agents,Usage,minute,2299415,1750629,0,76.1,On track,12473.23,0,false
2026-03,2026-03-31,ACC-1073,Onyx Works,Enterprise,EMEA,VOICE-AGENT,Namilio Voice Agents,Usage,minute,2299415,1840863,0,80.1,On track,13116.15,0,false
2026-04,2026-04-30,ACC-1073,Onyx Works,Enterprise,EMEA,VOICE-AGENT,Namilio Voice Agents,Usage,minute,2299415,1712881,0,74.5,On track,12204.28,0,false
2026-05,2026-05-31,ACC-1073,Onyx Works,Enterprise,EMEA,VOICE-AGENT,Namilio Voice Agents,Usage,minute,2299415,1678885,0,73,On track,11962.06,0,false
2026-06,2026-06-30,ACC-1073,Onyx Works,Enterprise,EMEA,VOICE-AGENT,Namilio Voice Agents,Usage,minute,2299415,1688581,0,73.4,On track,12031.14,0,false
2026-07,2026-07-31,ACC-1073,Onyx Works,Enterprise,EMEA,VOICE-AGENT,Namilio Voice Agents,Usage,minute,2299415,1591568,0,69.2,On track,11339.92,0,false
2026-08,2026-08-31,ACC-1073,Onyx Works,Enterprise,EMEA,VOICE-AGENT,Namilio Voice Agents,Usage,minute,2299415,1369074,0,59.5,Under-consuming,9754.65,0,false
2026-09,2026-09-30,ACC-1073,Onyx Works,Enterprise,EMEA,VOICE-AGENT,Namilio Voice Agents,Usage,minute,2299415,1395593,0,60.7,On track,9943.6,0,false
2025-11,2025-11-30,ACC-1073,Onyx Works,Enterprise,EMEA,MSG-API,Namilio Messaging API,Usage,message,58800000,59713645,913645,101.6,On track,37463.79,713.79,false
2025-12,2025-12-31,ACC-1073,Onyx Works,Enterprise,EMEA,MSG-API,Namilio Messaging API,Usage,message,58800000,58909497,109497,100.2,On track,36835.54,85.54,false
2026-01,2026-01-31,ACC-1073,Onyx Works,Enterprise,EMEA,MSG-API,Namilio Messaging API,Usage,message,58800000,56833458,0,96.7,On track,35520.91,0,false
2026-02,2026-02-28,ACC-1073,Onyx Works,Enterprise,EMEA,MSG-API,Namilio Messaging API,Usage,message,58800000,52524706,0,89.3,On track,32827.94,0,false
2026-03,2026-03-31,ACC-1073,Onyx Works,Enterprise,EMEA,MSG-API,Namilio Messaging API,Usage,message,58800000,52903033,0,90,On track,33064.4,0,false
2026-04,2026-04-30,ACC-1073,Onyx Works,Enterprise,EMEA,MSG-API,Namilio Messaging API,Usage,message,58800000,52815835,0,89.8,On track,33009.9,0,false
2026-05,2026-05-31,ACC-1073,Onyx Works,Enterprise,EMEA,MSG-API,Namilio Messaging API,Usage,message,58800000,52519205,0,89.3,On track,32824.5,0,false
2026-06,2026-06-30,ACC-1073,Onyx Works,Enterprise,EMEA,MSG-API,Namilio Messaging API,Usage,message,58800000,52561530,0,89.4,On track,32850.96,0,false
2026-07,2026-07-31,ACC-1073,Onyx Works,Enterprise,EMEA,MSG-API,Namilio Messaging API,Usage,message,58800000,52326282,0,89,On track,32703.93,0,false
2026-08,2026-08-31,ACC-1073,Onyx Works,Enterprise,EMEA,MSG-API,Namilio Messaging API,Usage,message,58800000,48776257,0,83,On track,30485.16,0,false
2026-09,2026-09-30,ACC-1073,Onyx Works,Enterprise,EMEA,MSG-API,Namilio Messaging API,Usage,message,58800000,45886925,0,78,On track,28679.33,0,false
2026-03,2026-03-31,ACC-1073,Onyx Works,Enterprise,EMEA,STUDIO,Namilio Studio,Seat,seat/year,303,192,0,63.5,On track,8640,0,false
2026-04,2026-04-30,ACC-1073,Onyx Works,Enterprise,EMEA,STUDIO,Namilio Studio,Seat,seat/year,303,185,0,61.1,On track,8325,0,false
2026-05,2026-05-31,ACC-1073,Onyx Works,Enterprise,EMEA,STUDIO,Namilio Studio,Seat,seat/year,303,175,0,57.8,Under-consuming,7875,0,false
2026-06,2026-06-30,ACC-1073,Onyx Works,Enterprise,EMEA,STUDIO,Namilio Studio,Seat,seat/year,303,189,0,62.4,On track,8505,0,false
2026-07,2026-07-31,ACC-1073,Onyx Works,Enterprise,EMEA,STUDIO,Namilio Studio,Seat,seat/year,303,217,0,71.5,On track,9765,0,false
2026-08,2026-08-31,ACC-1073,Onyx Works,Enterprise,EMEA,STUDIO,Namilio Studio,Seat,seat/year,303,198,0,65.5,On track,8910,0,false
2026-09,2026-09-30,ACC-1073,Onyx Works,Enterprise,EMEA,STUDIO,Namilio Studio,Seat,seat/year,303,168,0,55.4,Under-consuming,7560,0,false
2026-03,2026-03-31,ACC-1073,Onyx Works,Enterprise,EMEA,VOICE-AGENT,Namilio Voice Agents,Usage,minute,3539506,2901751,0,82,On track,19586.82,0,false
2026-04,2026-04-30,ACC-1073,Onyx Works,Enterprise,EMEA,VOICE-AGENT,Namilio Voice Agents,Usage,minute,3539506,2850377,0,80.5,On track,19240.04,0,false
2026-05,2026-05-31,ACC-1073,Onyx Works,Enterprise,EMEA,VOICE-AGENT,Namilio Voice Agents,Usage,minute,3539506,2458698,0,69.5,On track,16596.21,0,false
2026-06,2026-06-30,ACC-1073,Onyx Works,Enterprise,EMEA,VOICE-AGENT,Namilio Voice Agents,Usage,minute,3539506,2381688,0,67.3,On track,16076.39,0,false
2026-07,2026-07-31,ACC-1073,Onyx Works,Enterprise,EMEA,VOICE-AGENT,Namilio Voice Agents,Usage,minute,3539506,2381695,0,67.3,On track,16076.44,0,false
2026-08,2026-08-31,ACC-1073,Onyx Works,Enterprise,EMEA,VOICE-AGENT,Namilio Voice Agents,Usage,minute,3539506,2197084,0,62.1,On track,14830.32,0,false
2026-09,2026-09-30,ACC-1073,Onyx Works,Enterprise,EMEA,VOICE-AGENT,Namilio Voice Agents,Usage,minute,3539506,2116110,0,59.8,Under-consuming,14283.74,0,false
2026-07,2026-07-31,ACC-1073,Onyx Works,Enterprise,EMEA,MSG-API,Namilio Messaging API,Usage,message,90066667,90082920,16253,100,On track,56304.36,12.7,false
2026-08,2026-08-31,ACC-1073,Onyx Works,Enterprise,EMEA,MSG-API,Namilio Messaging API,Usage,message,90066667,84919959,0,94.3,On track,53074.97,0,false
2026-09,2026-09-30,ACC-1073,Onyx Works,Enterprise,EMEA,MSG-API,Namilio Messaging API,Usage,message,90066667,78554538,0,87.2,On track,49096.59,0,false
2026-06,2026-06-30,ACC-1007,Onyx Retail,Enterprise,APAC,MSG-API,Namilio Messaging API,Usage,message,11925926,11953149,27223,100.2,On track,6727.47,19.14,false
2026-07,2026-07-31,ACC-1007,Onyx Retail,Enterprise,APAC,MSG-API,Namilio Messaging API,Usage,message,11925926,12492820,566894,104.8,On track,7106.93,398.6,false
2026-08,2026-08-31,ACC-1007,Onyx Retail,Enterprise,APAC,MSG-API,Namilio Messaging API,Usage,message,11925926,11396192,0,95.6,On track,6410.36,0,false
2026-09,2026-09-30,ACC-1007,Onyx Retail,Enterprise,APAC,MSG-API,Namilio Messaging API,Usage,message,11925926,12036866,110940,100.9,On track,6786.34,78,false
2026-04,2026-04-30,ACC-1007,Onyx Retail,Enterprise,APAC,MSG-API,Namilio Messaging API,Usage,message,64366667,38407266,0,59.7,Under-consuming,19203.63,0,false
2026-05,2026-05-31,ACC-1007,Onyx Retail,Enterprise,APAC,MSG-API,Namilio Messaging API,Usage,message,64366667,38861893,0,60.4,On track,19430.95,0,false
2026-06,2026-06-30,ACC-1007,Onyx Retail,Enterprise,APAC,MSG-API,Namilio Messaging API,Usage,message,64366667,38358369,0,59.6,Under-consuming,19179.18,0,false
2026-07,2026-07-31,ACC-1007,Onyx Retail,Enterprise,APAC,MSG-API,Namilio Messaging API,Usage,message,64366667,39091319,0,60.7,On track,19545.66,0,false
2026-08,2026-08-31,ACC-1007,Onyx Retail,Enterprise,APAC,MSG-API,Namilio Messaging API,Usage,message,64366667,40063243,0,62.2,On track,20031.62,0,false
2026-09,2026-09-30,ACC-1007,Onyx Retail,Enterprise,APAC,MSG-API,Namilio Messaging API,Usage,message,64366667,41903447,0,65.1,On track,20951.72,0,false
2026-01,2026-01-31,ACC-1007,Onyx Retail,Enterprise,APAC,MSG-API,Namilio Messaging API,Usage,message,29443137,27116981,0,92.1,On track,14394.6,0,false
2026-02,2026-02-28,ACC-1007,Onyx Retail,Enterprise,APAC,MSG-API,Namilio Messaging API,Usage,message,29443137,29708702,265565,100.9,On track,15805.61,176.21,false
2026-03,2026-03-31,ACC-1007,Onyx Retail,Enterprise,APAC,MSG-API,Namilio Messaging API,Usage,message,29443137,30507749,1064612,103.6,On track,16335.81,706.41,false
2026-04,2026-04-30,ACC-1007,Onyx Retail,Enterprise,APAC,MSG-API,Namilio Messaging API,Usage,message,29443137,30788776,1345639,104.6,On track,16522.29,892.89,false
2026-05,2026-05-31,ACC-1007,Onyx Retail,Enterprise,APAC,MSG-API,Namilio Messaging API,Usage,message,29443137,30168682,725545,102.5,On track,16110.83,481.43,false
2026-06,2026-06-30,ACC-1007,Onyx Retail,Enterprise,APAC,MSG-API,Namilio Messaging API,Usage,message,29443137,32804964,3361827,111.4,In overage,17860.11,2230.71,false
2026-07,2026-07-31,ACC-1007,Onyx Retail,Enterprise,APAC,MSG-API,Namilio Messaging API,Usage,message,29443137,31961246,2518109,108.6,In overage,17300.27,1670.87,false
2026-08,2026-08-31,ACC-1007,Onyx Retail,Enterprise,APAC,MSG-API,Namilio Messaging API,Usage,message,29443137,32640703,3197566,110.9,In overage,17751.12,2121.72,false
2026-09,2026-09-30,ACC-1007,Onyx Retail,Enterprise,APAC,MSG-API,Namilio Messaging API,Usage,message,29443137,29707893,264756,100.9,On track,15805.08,175.68,false
2026-01,2026-01-31,ACC-1007,Onyx Retail,Enterprise,APAC,VERIFY,Namilio Verify,Usage,verification,9615385,7192883,0,74.8,On track,19480.72,0,false
2026-02,2026-02-28,ACC-1007,Onyx Retail,Enterprise,APAC,VERIFY,Namilio Verify,Usage,verification,9615385,8008927,0,83.3,On track,21690.84,0,false
2026-03,2026-03-31,ACC-1007,Onyx Retail,Enterprise,APAC,VERIFY,Namilio Verify,Usage,verification,9615385,7820052,0,81.3,On track,21179.31,0,false
2026-04,2026-04-30,ACC-1007,Onyx Retail,Enterprise,APAC,VERIFY,Namilio Verify,Usage,verification,9615385,7332219,0,76.3,On track,19858.09,0,false
2026-05,2026-05-31,ACC-1007,Onyx Retail,Enterprise,APAC,VERIFY,Namilio Verify,Usage,verification,9615385,6672841,0,69.4,On track,18072.28,0,false
2026-06,2026-06-30,ACC-1007,Onyx Retail,Enterprise,APAC,VERIFY,Namilio Verify,Usage,verification,9615385,5980259,0,62.2,On track,16196.53,0,false
2026-07,2026-07-31,ACC-1007,Onyx Retail,Enterprise,APAC,VERIFY,Namilio Verify,Usage,verification,9615385,5335118,0,55.5,Under-consuming,14449.28,0,false
2026-08,2026-08-31,ACC-1007,Onyx Retail,Enterprise,APAC,VERIFY,Namilio Verify,Usage,verification,9615385,4838398,0,50.3,Under-consuming,13103.99,0,true
2026-09,2026-09-30,ACC-1007,Onyx Retail,Enterprise,APAC,VERIFY,Namilio Verify,Usage,verification,9615385,5803789,0,60.4,On track,15718.6,0,false
2025-11,2025-11-30,ACC-1139,Meridian Gaming,Enterprise,AMER,VERIFY,Namilio Verify,Usage,verification,11518000,7383153,0,64.1,On track,30763.14,0,false
2025-12,2025-12-31,ACC-1139,Meridian Gaming,Enterprise,AMER,VERIFY,Namilio Verify,Usage,verification,11518000,7872061,0,68.3,On track,32800.25,0,false
2026-01,2026-01-31,ACC-1139,Meridian Gaming,Enterprise,AMER,VERIFY,Namilio Verify,Usage,verification,11518000,8269415,0,71.8,On track,34455.9,0,false
2026-02,2026-02-28,ACC-1139,Meridian Gaming,Enterprise,AMER,VERIFY,Namilio Verify,Usage,verification,11518000,8157658,0,70.8,On track,33990.24,0,false
2026-03,2026-03-31,ACC-1139,Meridian Gaming,Enterprise,AMER,VERIFY,Namilio Verify,Usage,verification,11518000,8907422,0,77.3,On track,37114.26,0,false
2026-04,2026-04-30,ACC-1139,Meridian Gaming,Enterprise,AMER,VERIFY,Namilio Verify,Usage,verification,11518000,8207241,0,71.3,On track,34196.84,0,false
2026-05,2026-05-31,ACC-1139,Meridian Gaming,Enterprise,AMER,VERIFY,Namilio Verify,Usage,verification,11518000,8880350,0,77.1,On track,37001.46,0,false
2026-06,2026-06-30,ACC-1139,Meridian Gaming,Enterprise,AMER,VERIFY,Namilio Verify,Usage,verification,11518000,9732842,0,84.5,On track,40553.51,0,false
2026-07,2026-07-31,ACC-1139,Meridian Gaming,Enterprise,AMER,VERIFY,Namilio Verify,Usage,verification,11518000,9401993,0,81.6,On track,39174.97,0,false
2026-08,2026-08-31,ACC-1139,Meridian Gaming,Enterprise,AMER,VERIFY,Namilio Verify,Usage,verification,11518000,9683914,0,84.1,On track,40349.64,0,false
2026-09,2026-09-30,ACC-1139,Meridian Gaming,Enterprise,AMER,VERIFY,Namilio Verify,Usage,verification,11518000,8770210,0,76.1,On track,36542.54,0,false
2026-07,2026-07-31,ACC-1139,Meridian Gaming,Enterprise,AMER,STUDIO,Namilio Studio,Seat,seat/year,128,98,0,76.6,On track,3969,0,false
2026-08,2026-08-31,ACC-1139,Meridian Gaming,Enterprise,AMER,STUDIO,Namilio Studio,Seat,seat/year,128,99,0,77.2,On track,4009.5,0,false
2026-09,2026-09-30,ACC-1139,Meridian Gaming,Enterprise,AMER,STUDIO,Namilio Studio,Seat,seat/year,128,114,0,88.7,On track,4617,0,false
2026-07,2026-07-31,ACC-1139,Meridian Gaming,Enterprise,AMER,VERIFY,Namilio Verify,Usage,verification,2172000,1669292,0,76.9,On track,6955.38,0,false
2026-08,2026-08-31,ACC-1139,Meridian Gaming,Enterprise,AMER,VERIFY,Namilio Verify,Usage,verification,2172000,1900911,0,87.5,On track,7920.46,0,false
2026-09,2026-09-30,ACC-1139,Meridian Gaming,Enterprise,AMER,VERIFY,Namilio Verify,Usage,verification,2172000,2032303,0,93.6,On track,8467.93,0,false
2026-07,2026-07-31,ACC-1139,Meridian Gaming,Enterprise,AMER,MSG-API,Namilio Messaging API,Usage,message,23284211,16678086,0,71.6,On track,9895.66,0,false
2026-08,2026-08-31,ACC-1139,Meridian Gaming,Enterprise,AMER,MSG-API,Namilio Messaging API,Usage,message,23284211,18872309,0,81.1,On track,11197.57,0,false
2026-09,2026-09-30,ACC-1139,Meridian Gaming,Enterprise,AMER,MSG-API,Namilio Messaging API,Usage,message,23284211,18310859,0,78.6,On track,10864.44,0,false
2025-11,2025-11-30,ACC-1117,Halcyon Care,Self-Serve,AMER,VOICE-AGENT,Namilio Voice Agents,Usage,minute,141975,125323,0,88.3,On track,845.93,0,false
2025-12,2025-12-31,ACC-1117,Halcyon Care,Self-Serve,AMER,VOICE-AGENT,Namilio Voice Agents,Usage,minute,141975,123223,0,86.8,On track,831.76,0,false
2026-01,2026-01-31,ACC-1117,Halcyon Care,Self-Serve,AMER,VOICE-AGENT,Namilio Voice Agents,Usage,minute,141975,127726,0,90,On track,862.15,0,false
2026-02,2026-02-28,ACC-1117,Halcyon Care,Self-Serve,AMER,VOICE-AGENT,Namilio Voice Agents,Usage,minute,141975,113542,0,80,On track,766.41,0,false
2026-03,2026-03-31,ACC-1117,Halcyon Care,Self-Serve,AMER,VOICE-AGENT,Namilio Voice Agents,Usage,minute,141975,119324,0,84,On track,805.44,0,false
2026-04,2026-04-30,ACC-1117,Halcyon Care,Self-Serve,AMER,VOICE-AGENT,Namilio Voice Agents,Usage,minute,141975,111964,0,78.9,On track,755.76,0,false
2026-05,2026-05-31,ACC-1117,Halcyon Care,Self-Serve,AMER,VOICE-AGENT,Namilio Voice Agents,Usage,minute,141975,100737,0,71,On track,679.97,0,false
2026-06,2026-06-30,ACC-1117,Halcyon Care,Self-Serve,AMER,VOICE-AGENT,Namilio Voice Agents,Usage,minute,141975,99772,0,70.3,On track,673.46,0,false
2026-07,2026-07-31,ACC-1117,Halcyon Care,Self-Serve,AMER,VOICE-AGENT,Namilio Voice Agents,Usage,minute,141975,90022,0,63.4,On track,607.65,0,false
2026-08,2026-08-31,ACC-1117,Halcyon Care,Self-Serve,AMER,VOICE-AGENT,Namilio Voice Agents,Usage,minute,141975,97166,0,68.4,On track,655.87,0,false
2026-09,2026-09-30,ACC-1117,Halcyon Care,Self-Serve,AMER,VOICE-AGENT,Namilio Voice Agents,Usage,minute,141975,94036,0,66.2,On track,634.74,0,false
2025-11,2025-11-30,ACC-1031,Cobalt Learning,SMB,AMER,VOICE-AGENT,Namilio Voice Agents,Usage,minute,114444,119380,4936,104.3,On track,904.6,46.27,false
2025-12,2025-12-31,ACC-1031,Cobalt Learning,SMB,AMER,VOICE-AGENT,Namilio Voice Agents,Usage,minute,114444,135573,21129,118.5,In overage,1056.41,198.08,false
2026-01,2026-01-31,ACC-1031,Cobalt Learning,SMB,AMER,VOICE-AGENT,Namilio Voice Agents,Usage,minute,114444,142150,27706,124.2,In overage,1118.07,259.74,false
2026-02,2026-02-28,ACC-1031,Cobalt Learning,SMB,AMER,VOICE-AGENT,Namilio Voice Agents,Usage,minute,114444,155579,41135,135.9,In overage,1243.97,385.64,false
2026-03,2026-03-31,ACC-1031,Cobalt Learning,SMB,AMER,VOICE-AGENT,Namilio Voice Agents,Usage,minute,114444,162036,47592,141.6,In overage,1304.5,446.17,false
2026-04,2026-04-30,ACC-1031,Cobalt Learning,SMB,AMER,VOICE-AGENT,Namilio Voice Agents,Usage,minute,114444,161464,47020,141.1,In overage,1299.14,440.81,false
2026-05,2026-05-31,ACC-1031,Cobalt Learning,SMB,AMER,VOICE-AGENT,Namilio Voice Agents,Usage,minute,114444,167668,53224,146.5,In overage,1357.31,498.97,false
2026-06,2026-06-30,ACC-1031,Cobalt Learning,SMB,AMER,VOICE-AGENT,Namilio Voice Agents,Usage,minute,114444,170113,55669,148.6,In overage,1380.23,521.9,false
2026-07,2026-07-31,ACC-1031,Cobalt Learning,SMB,AMER,VOICE-AGENT,Namilio Voice Agents,Usage,minute,114444,183451,69007,160.3,In overage,1505.27,646.94,false
2026-08,2026-08-31,ACC-1031,Cobalt Learning,SMB,AMER,VOICE-AGENT,Namilio Voice Agents,Usage,minute,114444,192022,77578,167.8,In overage,1585.62,727.29,false
2026-09,2026-09-30,ACC-1031,Cobalt Learning,SMB,AMER,VOICE-AGENT,Namilio Voice Agents,Usage,minute,114444,196445,82001,171.7,In overage,1627.09,768.76,false
2025-11,2025-11-30,ACC-1031,Cobalt Learning,SMB,AMER,STUDIO,Namilio Studio,Seat,seat/year,14,9,0,62.9,On track,405,0,false
2025-12,2025-12-31,ACC-1031,Cobalt Learning,SMB,AMER,STUDIO,Namilio Studio,Seat,seat/year,14,10,0,71.2,On track,450,0,false
2026-01,2026-01-31,ACC-1031,Cobalt Learning,SMB,AMER,STUDIO,Namilio Studio,Seat,seat/year,14,11,0,82,On track,495,0,false
2026-02,2026-02-28,ACC-1031,Cobalt Learning,SMB,AMER,STUDIO,Namilio Studio,Seat,seat/year,14,12,0,85.8,On track,540,0,false
2026-03,2026-03-31,ACC-1031,Cobalt Learning,SMB,AMER,STUDIO,Namilio Studio,Seat,seat/year,14,12,0,86.3,On track,540,0,false
2026-04,2026-04-30,ACC-1031,Cobalt Learning,SMB,AMER,STUDIO,Namilio Studio,Seat,seat/year,14,13,0,92.8,On track,585,0,false
2026-05,2026-05-31,ACC-1031,Cobalt Learning,SMB,AMER,STUDIO,Namilio Studio,Seat,seat/year,14,14,0,102.2,On track,630,0,false
2026-06,2026-06-30,ACC-1031,Cobalt Learning,SMB,AMER,STUDIO,Namilio Studio,Seat,seat/year,14,15,1,106.8,In overage,686.25,56.25,false
2026-07,2026-07-31,ACC-1031,Cobalt Learning,SMB,AMER,STUDIO,Namilio Studio,Seat,seat/year,14,16,2,115.6,In overage,742.5,112.5,false
2026-08,2026-08-31,ACC-1031,Cobalt Learning,SMB,AMER,STUDIO,Namilio Studio,Seat,seat/year,14,18,4,128.1,In overage,855,225,false
2026-09,2026-09-30,ACC-1031,Cobalt Learning,SMB,AMER,STUDIO,Namilio Studio,Seat,seat/year,14,18,4,130.4,In overage,855,225,false
2025-04,2025-04-30,ACC-1031,Cobalt Learning,SMB,AMER,MSG-API,Namilio Messaging API,Usage,message,3342222,3101696,0,92.8,On track,1452.63,0,false
2025-05,2025-05-31,ACC-1031,Cobalt Learning,SMB,AMER,MSG-API,Namilio Messaging API,Usage,message,3342222,3276440,0,98,On track,1534.47,0,false
2025-06,2025-06-30,ACC-1031,Cobalt Learning,SMB,AMER,MSG-API,Namilio Messaging API,Usage,message,3342222,3395703,53481,101.6,On track,1596.58,31.31,false
2025-07,2025-07-31,ACC-1031,Cobalt Learning,SMB,AMER,MSG-API,Namilio Messaging API,Usage,message,3342222,3614636,272414,108.2,In overage,1724.75,159.48,false
2025-08,2025-08-31,ACC-1031,Cobalt Learning,SMB,AMER,MSG-API,Namilio Messaging API,Usage,message,3342222,3765437,423215,112.7,In overage,1813.03,247.76,false
2025-09,2025-09-30,ACC-1031,Cobalt Learning,SMB,AMER,MSG-API,Namilio Messaging API,Usage,message,3342222,4094268,752046,122.5,In overage,2005.53,440.26,false
2025-10,2025-10-31,ACC-1031,Cobalt Learning,SMB,AMER,MSG-API,Namilio Messaging API,Usage,message,3342222,4263374,921152,127.6,In overage,2104.53,539.26,false
2025-11,2025-11-30,ACC-1031,Cobalt Learning,SMB,AMER,MSG-API,Namilio Messaging API,Usage,message,3342222,4924867,1582645,147.4,In overage,2491.78,926.51,false
2025-12,2025-12-31,ACC-1031,Cobalt Learning,SMB,AMER,MSG-API,Namilio Messaging API,Usage,message,3342222,5113390,1771168,153,In overage,2602.15,1036.87,false
2026-01,2026-01-31,ACC-1031,Cobalt Learning,SMB,AMER,MSG-API,Namilio Messaging API,Usage,message,3342222,5602371,2260149,167.6,In overage,2888.4,1323.13,false
2026-02,2026-02-28,ACC-1031,Cobalt Learning,SMB,AMER,MSG-API,Namilio Messaging API,Usage,message,3342222,5897176,2554954,176.4,In overage,3060.99,1495.71,false
2026-03,2026-03-31,ACC-1031,Cobalt Learning,SMB,AMER,MSG-API,Namilio Messaging API,Usage,message,3342222,6419229,3077007,192.1,In overage,3366.61,1801.33,false
2026-04,2026-04-30,ACC-1031,Cobalt Learning,SMB,AMER,MSG-API,Namilio Messaging API,Usage,message,3342222,6567147,3224925,196.5,In overage,3453.2,1887.92,false
2026-05,2026-05-31,ACC-1031,Cobalt Learning,SMB,AMER,MSG-API,Namilio Messaging API,Usage,message,3342222,6906441,3564219,206.6,In overage,3651.83,2086.55,false
2026-06,2026-06-30,ACC-1031,Cobalt Learning,SMB,AMER,MSG-API,Namilio Messaging API,Usage,message,3342222,7450070,4107848,222.9,In overage,3970.08,2404.8,false
2026-07,2026-07-31,ACC-1031,Cobalt Learning,SMB,AMER,MSG-API,Namilio Messaging API,Usage,message,3342222,8049098,4706876,240.8,In overage,4320.76,2755.48,false
2026-08,2026-08-31,ACC-1031,Cobalt Learning,SMB,AMER,MSG-API,Namilio Messaging API,Usage,message,3342222,8530210,5187988,255.2,In overage,4602.41,3037.13,false
2026-09,2026-09-30,ACC-1031,Cobalt Learning,SMB,AMER,MSG-API,Namilio Messaging API,Usage,message,3342222,8895317,5553095,266.1,In overage,4816.15,3250.87,false
2025-04,2025-04-30,ACC-1031,Cobalt Learning,SMB,AMER,COPILOT-API,Namilio Copilot API,Usage,1K tokens,898990,630450,0,70.1,On track,520.12,0,false
2025-05,2025-05-31,ACC-1031,Cobalt Learning,SMB,AMER,COPILOT-API,Namilio Copilot API,Usage,1K tokens,898990,633834,0,70.5,On track,522.91,0,false
2025-06,2025-06-30,ACC-1031,Cobalt Learning,SMB,AMER,COPILOT-API,Namilio Copilot API,Usage,1K tokens,898990,617371,0,68.7,On track,509.33,0,false
2025-07,2025-07-31,ACC-1031,Cobalt Learning,SMB,AMER,COPILOT-API,Namilio Copilot API,Usage,1K tokens,898990,630807,0,70.2,On track,520.42,0,false
2025-08,2025-08-31,ACC-1031,Cobalt Learning,SMB,AMER,COPILOT-API,Namilio Copilot API,Usage,1K tokens,898990,713571,0,79.4,On track,588.7,0,false
2025-09,2025-09-30,ACC-1031,Cobalt Learning,SMB,AMER,COPILOT-API,Namilio Copilot API,Usage,1K tokens,898990,747454,0,83.1,On track,616.65,0,false
2025-10,2025-10-31,ACC-1031,Cobalt Learning,SMB,AMER,COPILOT-API,Namilio Copilot API,Usage,1K tokens,898990,810252,0,90.1,On track,668.46,0,false
2025-11,2025-11-30,ACC-1031,Cobalt Learning,SMB,AMER,COPILOT-API,Namilio Copilot API,Usage,1K tokens,898990,851330,0,94.7,On track,702.35,0,false
2025-12,2025-12-31,ACC-1031,Cobalt Learning,SMB,AMER,COPILOT-API,Namilio Copilot API,Usage,1K tokens,898990,901115,2125,100.2,On track,743.86,2.19,false
2026-01,2026-01-31,ACC-1031,Cobalt Learning,SMB,AMER,COPILOT-API,Namilio Copilot API,Usage,1K tokens,898990,873719,0,97.2,On track,720.82,0,false
2026-02,2026-02-28,ACC-1031,Cobalt Learning,SMB,AMER,COPILOT-API,Namilio Copilot API,Usage,1K tokens,898990,812773,0,90.4,On track,670.54,0,false
2026-03,2026-03-31,ACC-1031,Cobalt Learning,SMB,AMER,COPILOT-API,Namilio Copilot API,Usage,1K tokens,898990,782177,0,87,On track,645.3,0,false
2026-04,2026-04-30,ACC-1031,Cobalt Learning,SMB,AMER,COPILOT-API,Namilio Copilot API,Usage,1K tokens,898990,786069,0,87.4,On track,648.51,0,false
2026-05,2026-05-31,ACC-1031,Cobalt Learning,SMB,AMER,COPILOT-API,Namilio Copilot API,Usage,1K tokens,898990,811961,0,90.3,On track,669.87,0,false
2026-06,2026-06-30,ACC-1031,Cobalt Learning,SMB,AMER,COPILOT-API,Namilio Copilot API,Usage,1K tokens,898990,817993,0,91,On track,674.84,0,false
2026-07,2026-07-31,ACC-1031,Cobalt Learning,SMB,AMER,COPILOT-API,Namilio Copilot API,Usage,1K tokens,898990,812604,0,90.4,On track,670.4,0,false
2026-08,2026-08-31,ACC-1031,Cobalt Learning,SMB,AMER,COPILOT-API,Namilio Copilot API,Usage,1K tokens,898990,792321,0,88.1,On track,653.66,0,false
2026-09,2026-09-30,ACC-1031,Cobalt Learning,SMB,AMER,COPILOT-API,Namilio Copilot API,Usage,1K tokens,898990,805613,0,89.6,On track,664.63,0,false
2025-12,2025-12-31,ACC-1086,Lumen Travel,Strategic,AMER,VERIFY,Namilio Verify,Usage,verification,9218000,5152303,0,55.9,Under-consuming,21467.93,0,false
2026-01,2026-01-31,ACC-1086,Lumen Travel,Strategic,AMER,VERIFY,Namilio Verify,Usage,verification,9218000,4966600,0,53.9,Under-consuming,20694.17,0,true
2026-02,2026-02-28,ACC-1086,Lumen Travel,Strategic,AMER,VERIFY,Namilio Verify,Usage,verification,9218000,4812542,0,52.2,Under-consuming,20052.26,0,true
2026-03,2026-03-31,ACC-1086,Lumen Travel,Strategic,AMER,VERIFY,Namilio Verify,Usage,verification,9218000,3635000,0,39.4,Under-consuming,15145.83,0,true
2026-04,2026-04-30,ACC-1086,Lumen Travel,Strategic,AMER,VERIFY,Namilio Verify,Usage,verification,9218000,3257172,0,35.3,Under-consuming,13571.55,0,true
2026-05,2026-05-31,ACC-1086,Lumen Travel,Strategic,AMER,VERIFY,Namilio Verify,Usage,verification,9218000,3421336,0,37.1,Under-consuming,14255.57,0,true
2026-06,2026-06-30,ACC-1086,Lumen Travel,Strategic,AMER,VERIFY,Namilio Verify,Usage,verification,9218000,4009852,0,43.5,Under-consuming,16707.72,0,true
2026-07,2026-07-31,ACC-1086,Lumen Travel,Strategic,AMER,VERIFY,Namilio Verify,Usage,verification,9218000,3724109,0,40.4,Under-consuming,15517.12,0,true
2026-08,2026-08-31,ACC-1086,Lumen Travel,Strategic,AMER,VERIFY,Namilio Verify,Usage,verification,9218000,4073140,0,44.2,Under-consuming,16971.42,0,true
2026-09,2026-09-30,ACC-1086,Lumen Travel,Strategic,AMER,VERIFY,Namilio Verify,Usage,verification,9218000,3880849,0,42.1,Under-consuming,16170.2,0,true
2025-12,2025-12-31,ACC-1086,Lumen Travel,Strategic,AMER,VOICE-AGENT,Namilio Voice Agents,Usage,minute,8177778,8600381,422603,105.2,In overage,65295.24,3961.9,false
2026-01,2026-01-31,ACC-1086,Lumen Travel,Strategic,AMER,VOICE-AGENT,Namilio Voice Agents,Usage,minute,8177778,8819043,641265,107.8,In overage,67345.19,6011.86,false
2026-02,2026-02-28,ACC-1086,Lumen Travel,Strategic,AMER,VOICE-AGENT,Namilio Voice Agents,Usage,minute,8177778,9058342,880564,110.8,In overage,69588.62,8255.29,false
2026-03,2026-03-31,ACC-1086,Lumen Travel,Strategic,AMER,VOICE-AGENT,Namilio Voice Agents,Usage,minute,8177778,9387828,1210050,114.8,In overage,72677.55,11344.22,false
2026-04,2026-04-30,ACC-1086,Lumen Travel,Strategic,AMER,VOICE-AGENT,Namilio Voice Agents,Usage,minute,8177778,9303846,1126068,113.8,In overage,71890.22,10556.89,false
2026-05,2026-05-31,ACC-1086,Lumen Travel,Strategic,AMER,VOICE-AGENT,Namilio Voice Agents,Usage,minute,8177778,9035191,857413,110.5,In overage,69371.58,8038.25,false
2026-06,2026-06-30,ACC-1086,Lumen Travel,Strategic,AMER,VOICE-AGENT,Namilio Voice Agents,Usage,minute,8177778,9189852,1012074,112.4,In overage,70821.53,9488.19,false
2026-07,2026-07-31,ACC-1086,Lumen Travel,Strategic,AMER,VOICE-AGENT,Namilio Voice Agents,Usage,minute,8177778,9005685,827907,110.1,In overage,69094.96,7761.63,false
2026-08,2026-08-31,ACC-1086,Lumen Travel,Strategic,AMER,VOICE-AGENT,Namilio Voice Agents,Usage,minute,8177778,9781975,1604197,119.6,In overage,76372.68,15039.35,false
2026-09,2026-09-30,ACC-1086,Lumen Travel,Strategic,AMER,VOICE-AGENT,Namilio Voice Agents,Usage,minute,8177778,9760493,1582715,119.4,In overage,76171.29,14837.95,false
2025-12,2025-12-31,ACC-1086,Lumen Travel,Strategic,AMER,STUDIO,Namilio Studio,Seat,seat/year,1413,823,0,58.2,Under-consuming,35183.25,0,false
2026-01,2026-01-31,ACC-1086,Lumen Travel,Strategic,AMER,STUDIO,Namilio Studio,Seat,seat/year,1413,827,0,58.5,Under-consuming,35354.25,0,false
2026-02,2026-02-28,ACC-1086,Lumen Travel,Strategic,AMER,STUDIO,Namilio Studio,Seat,seat/year,1413,638,0,45.2,Under-consuming,27274.5,0,true
2026-03,2026-03-31,ACC-1086,Lumen Travel,Strategic,AMER,STUDIO,Namilio Studio,Seat,seat/year,1413,614,0,43.4,Under-consuming,26248.5,0,true
2026-04,2026-04-30,ACC-1086,Lumen Travel,Strategic,AMER,STUDIO,Namilio Studio,Seat,seat/year,1413,681,0,48.2,Under-consuming,29112.75,0,true
2026-05,2026-05-31,ACC-1086,Lumen Travel,Strategic,AMER,STUDIO,Namilio Studio,Seat,seat/year,1413,804,0,56.9,Under-consuming,34371,0,false
2026-06,2026-06-30,ACC-1086,Lumen Travel,Strategic,AMER,STUDIO,Namilio Studio,Seat,seat/year,1413,766,0,54.2,Under-consuming,32746.5,0,true
2026-07,2026-07-31,ACC-1086,Lumen Travel,Strategic,AMER,STUDIO,Namilio Studio,Seat,seat/year,1413,837,0,59.3,Under-consuming,35781.75,0,false
2026-08,2026-08-31,ACC-1086,Lumen Travel,Strategic,AMER,STUDIO,Namilio Studio,Seat,seat/year,1413,858,0,60.7,On track,36679.5,0,false
2026-09,2026-09-30,ACC-1086,Lumen Travel,Strategic,AMER,STUDIO,Namilio Studio,Seat,seat/year,1413,955,0,67.6,On track,40826.25,0,false
2025-12,2025-12-31,ACC-1086,Lumen Travel,Strategic,AMER,COPILOT-API,Namilio Copilot API,Usage,1K tokens,37490909,34462048,0,91.9,On track,31590.21,0,false
2026-01,2026-01-31,ACC-1086,Lumen Travel,Strategic,AMER,COPILOT-API,Namilio Copilot API,Usage,1K tokens,37490909,37133326,0,99,On track,34038.88,0,false
2026-02,2026-02-28,ACC-1086,Lumen Travel,Strategic,AMER,COPILOT-API,Namilio Copilot API,Usage,1K tokens,37490909,39443948,1953039,105.2,In overage,36604.52,2237.86,false
2026-03,2026-03-31,ACC-1086,Lumen Travel,Strategic,AMER,COPILOT-API,Namilio Copilot API,Usage,1K tokens,37490909,40413230,2922321,107.8,In overage,37715.16,3348.49,false
2026-04,2026-04-30,ACC-1086,Lumen Travel,Strategic,AMER,COPILOT-API,Namilio Copilot API,Usage,1K tokens,37490909,38460737,969828,102.6,On track,35477.93,1111.26,false
2026-05,2026-05-31,ACC-1086,Lumen Travel,Strategic,AMER,COPILOT-API,Namilio Copilot API,Usage,1K tokens,37490909,41240974,3750065,110,In overage,38663.62,4296.95,false
2026-06,2026-06-30,ACC-1086,Lumen Travel,Strategic,AMER,COPILOT-API,Namilio Copilot API,Usage,1K tokens,37490909,40991410,3500501,109.3,In overage,38377.66,4010.99,false
2026-07,2026-07-31,ACC-1086,Lumen Travel,Strategic,AMER,COPILOT-API,Namilio Copilot API,Usage,1K tokens,37490909,40589931,3099022,108.3,In overage,37917.63,3550.96,false
2026-08,2026-08-31,ACC-1086,Lumen Travel,Strategic,AMER,COPILOT-API,Namilio Copilot API,Usage,1K tokens,37490909,41052153,3561244,109.5,In overage,38447.26,4080.59,false
2026-09,2026-09-30,ACC-1086,Lumen Travel,Strategic,AMER,COPILOT-API,Namilio Copilot API,Usage,1K tokens,37490909,43934768,6443859,117.2,In overage,41750.26,7383.59,false
2025-12,2025-12-31,ACC-1086,Lumen Travel,Strategic,AMER,VERIFY,Namilio Verify,Usage,verification,7274000,6507734,0,89.5,On track,27115.56,0,false
2026-01,2026-01-31,ACC-1086,Lumen Travel,Strategic,AMER,VERIFY,Namilio Verify,Usage,verification,7274000,6776061,0,93.2,On track,28233.59,0,false
2026-02,2026-02-28,ACC-1086,Lumen Travel,Strategic,AMER,VERIFY,Namilio Verify,Usage,verification,7274000,6910056,0,95,On track,28791.9,0,false
2026-03,2026-03-31,ACC-1086,Lumen Travel,Strategic,AMER,VERIFY,Namilio Verify,Usage,verification,7274000,7252321,0,99.7,On track,30218,0,false
2026-04,2026-04-30,ACC-1086,Lumen Travel,Strategic,AMER,VERIFY,Namilio Verify,Usage,verification,7274000,7663745,389745,105.4,In overage,32338.26,2029.92,false
2026-05,2026-05-31,ACC-1086,Lumen Travel,Strategic,AMER,VERIFY,Namilio Verify,Usage,verification,7274000,8267529,993529,113.7,In overage,35482.96,5174.63,false
2026-06,2026-06-30,ACC-1086,Lumen Travel,Strategic,AMER,VERIFY,Namilio Verify,Usage,verification,7274000,8458424,1184424,116.3,In overage,36477.21,6168.88,false
2026-07,2026-07-31,ACC-1086,Lumen Travel,Strategic,AMER,VERIFY,Namilio Verify,Usage,verification,7274000,8861400,1587400,121.8,In overage,38576.04,8267.71,false
2026-08,2026-08-31,ACC-1086,Lumen Travel,Strategic,AMER,VERIFY,Namilio Verify,Usage,verification,7274000,8945782,1671782,123,In overage,39015.53,8707.2,false
2026-09,2026-09-30,ACC-1086,Lumen Travel,Strategic,AMER,VERIFY,Namilio Verify,Usage,verification,7274000,8983715,1709715,123.5,In overage,39213.1,8904.77,false
2026-04,2026-04-30,ACC-1086,Lumen Travel,Strategic,AMER,STUDIO,Namilio Studio,Seat,seat/year,718,521,0,72.6,On track,19928.25,0,false
2026-05,2026-05-31,ACC-1086,Lumen Travel,Strategic,AMER,STUDIO,Namilio Studio,Seat,seat/year,718,531,0,73.9,On track,20310.75,0,false
2026-06,2026-06-30,ACC-1086,Lumen Travel,Strategic,AMER,STUDIO,Namilio Studio,Seat,seat/year,718,546,0,76,On track,20884.5,0,false
2026-07,2026-07-31,ACC-1086,Lumen Travel,Strategic,AMER,STUDIO,Namilio Studio,Seat,seat/year,718,551,0,76.8,On track,21075.75,0,false
2026-08,2026-08-31,ACC-1086,Lumen Travel,Strategic,AMER,STUDIO,Namilio Studio,Seat,seat/year,718,584,0,81.3,On track,22338,0,false
2026-09,2026-09-30,ACC-1086,Lumen Travel,Strategic,AMER,STUDIO,Namilio Studio,Seat,seat/year,718,583,0,81.1,On track,22299.75,0,false
2026-04,2026-04-30,ACC-1086,Lumen Travel,Strategic,AMER,VOICE-AGENT,Namilio Voice Agents,Usage,minute,3810370,2334535,0,61.3,On track,13131.76,0,false
2026-05,2026-05-31,ACC-1086,Lumen Travel,Strategic,AMER,VOICE-AGENT,Namilio Voice Agents,Usage,minute,3810370,2414933,0,63.4,On track,13584,0,false
2026-06,2026-06-30,ACC-1086,Lumen Travel,Strategic,AMER,VOICE-AGENT,Namilio Voice Agents,Usage,minute,3810370,2358354,0,61.9,On track,13265.74,0,false
2026-07,2026-07-31,ACC-1086,Lumen Travel,Strategic,AMER,VOICE-AGENT,Namilio Voice Agents,Usage,minute,3810370,2585333,0,67.8,On track,14542.5,0,false
2026-08,2026-08-31,ACC-1086,Lumen Travel,Strategic,AMER,VOICE-AGENT,Namilio Voice Agents,Usage,minute,3810370,2446272,0,64.2,On track,13760.28,0,false
2026-09,2026-09-30,ACC-1086,Lumen Travel,Strategic,AMER,VOICE-AGENT,Namilio Voice Agents,Usage,minute,3810370,2338316,0,61.4,On track,13153.03,0,false
2025-12,2025-12-31,ACC-1086,Lumen Travel,Strategic,AMER,VERIFY,Namilio Verify,Usage,verification,12175385,9154985,0,75.2,On track,24794.75,0,false
2026-01,2026-01-31,ACC-1086,Lumen Travel,Strategic,AMER,VERIFY,Namilio Verify,Usage,verification,12175385,10229151,0,84,On track,27703.95,0,false
2026-02,2026-02-28,ACC-1086,Lumen Travel,Strategic,AMER,VERIFY,Namilio Verify,Usage,verification,12175385,10354064,0,85,On track,28042.26,0,false
2026-03,2026-03-31,ACC-1086,Lumen Travel,Strategic,AMER,VERIFY,Namilio Verify,Usage,verification,12175385,9998677,0,82.1,On track,27079.75,0,false
2026-04,2026-04-30,ACC-1086,Lumen Travel,Strategic,AMER,VERIFY,Namilio Verify,Usage,verification,12175385,10837849,0,89,On track,29352.51,0,false
2026-05,2026-05-31,ACC-1086,Lumen Travel,Strategic,AMER,VERIFY,Namilio Verify,Usage,verification,12175385,10418087,0,85.6,On track,28215.65,0,false
2026-06,2026-06-30,ACC-1086,Lumen Travel,Strategic,AMER,VERIFY,Namilio Verify,Usage,verification,12175385,8838957,0,72.6,On track,23938.84,0,false
2026-07,2026-07-31,ACC-1086,Lumen Travel,Strategic,AMER,VERIFY,Namilio Verify,Usage,verification,12175385,9330417,0,76.6,On track,25269.88,0,false
2026-08,2026-08-31,ACC-1086,Lumen Travel,Strategic,AMER,VERIFY,Namilio Verify,Usage,verification,12175385,9548407,0,78.4,On track,25860.27,0,false
2026-09,2026-09-30,ACC-1086,Lumen Travel,Strategic,AMER,VERIFY,Namilio Verify,Usage,verification,12175385,8615836,0,70.8,On track,23334.56,0,false
2025-12,2025-12-31,ACC-1086,Lumen Travel,Strategic,AMER,COPILOT-API,Namilio Copilot API,Usage,1K tokens,45646465,30062767,0,65.9,On track,24801.78,0,false
2026-01,2026-01-31,ACC-1086,Lumen Travel,Strategic,AMER,COPILOT-API,Namilio Copilot API,Usage,1K tokens,45646465,34604482,0,75.8,On track,28548.7,0,false
2026-02,2026-02-28,ACC-1086,Lumen Travel,Strategic,AMER,COPILOT-API,Namilio Copilot API,Usage,1K tokens,45646465,36753507,0,80.5,On track,30321.64,0,false
2026-03,2026-03-31,ACC-1086,Lumen Travel,Strategic,AMER,COPILOT-API,Namilio Copilot API,Usage,1K tokens,45646465,39070426,0,85.6,On track,32233.1,0,false
2026-04,2026-04-30,ACC-1086,Lumen Travel,Strategic,AMER,COPILOT-API,Namilio Copilot API,Usage,1K tokens,45646465,38670243,0,84.7,On track,31902.95,0,false
2026-05,2026-05-31,ACC-1086,Lumen Travel,Strategic,AMER,COPILOT-API,Namilio Copilot API,Usage,1K tokens,45646465,40790936,0,89.4,On track,33652.52,0,false
2026-06,2026-06-30,ACC-1086,Lumen Travel,Strategic,AMER,COPILOT-API,Namilio Copilot API,Usage,1K tokens,45646465,40999523,0,89.8,On track,33824.61,0,false
2026-07,2026-07-31,ACC-1086,Lumen Travel,Strategic,AMER,COPILOT-API,Namilio Copilot API,Usage,1K tokens,45646465,40256988,0,88.2,On track,33212.02,0,false
2026-08,2026-08-31,ACC-1086,Lumen Travel,Strategic,AMER,COPILOT-API,Namilio Copilot API,Usage,1K tokens,45646465,39329937,0,86.2,On track,32447.2,0,false
2026-09,2026-09-30,ACC-1086,Lumen Travel,Strategic,AMER,COPILOT-API,Namilio Copilot API,Usage,1K tokens,45646465,33474836,0,73.3,On track,27616.74,0,false
2025-12,2025-12-31,ACC-1086,Lumen Travel,Strategic,AMER,MSG-API,Namilio Messaging API,Usage,message,27683333,18107422,0,65.4,On track,9053.71,0,false
2026-01,2026-01-31,ACC-1086,Lumen Travel,Strategic,AMER,MSG-API,Namilio Messaging API,Usage,message,27683333,14546210,0,52.5,Under-consuming,7273.1,0,true
2026-02,2026-02-28,ACC-1086,Lumen Travel,Strategic,AMER,MSG-API,Namilio Messaging API,Usage,message,27683333,16638819,0,60.1,On track,8319.41,0,false
2026-03,2026-03-31,ACC-1086,Lumen Travel,Strategic,AMER,MSG-API,Namilio Messaging API,Usage,message,27683333,17783638,0,64.2,On track,8891.82,0,false
2026-04,2026-04-30,ACC-1086,Lumen Travel,Strategic,AMER,MSG-API,Namilio Messaging API,Usage,message,27683333,17519332,0,63.3,On track,8759.67,0,false
2026-05,2026-05-31,ACC-1086,Lumen Travel,Strategic,AMER,MSG-API,Namilio Messaging API,Usage,message,27683333,17731191,0,64.1,On track,8865.6,0,false
2026-06,2026-06-30,ACC-1086,Lumen Travel,Strategic,AMER,MSG-API,Namilio Messaging API,Usage,message,27683333,18059584,0,65.2,On track,9029.79,0,false
2026-07,2026-07-31,ACC-1086,Lumen Travel,Strategic,AMER,MSG-API,Namilio Messaging API,Usage,message,27683333,19724614,0,71.3,On track,9862.31,0,false
2026-08,2026-08-31,ACC-1086,Lumen Travel,Strategic,AMER,MSG-API,Namilio Messaging API,Usage,message,27683333,19996769,0,72.2,On track,9998.38,0,false
2026-09,2026-09-30,ACC-1086,Lumen Travel,Strategic,AMER,MSG-API,Namilio Messaging API,Usage,message,27683333,22123900,0,79.9,On track,11061.95,0,false
2025-12,2025-12-31,ACC-1086,Lumen Travel,Strategic,AMER,STUDIO,Namilio Studio,Seat,seat/year,780,453,0,58.1,Under-consuming,16308,0,false
2026-01,2026-01-31,ACC-1086,Lumen Travel,Strategic,AMER,STUDIO,Namilio Studio,Seat,seat/year,780,458,0,58.8,Under-consuming,16488,0,false
2026-02,2026-02-28,ACC-1086,Lumen Travel,Strategic,AMER,STUDIO,Namilio Studio,Seat,seat/year,780,420,0,53.9,Under-consuming,15120,0,true
2026-03,2026-03-31,ACC-1086,Lumen Travel,Strategic,AMER,STUDIO,Namilio Studio,Seat,seat/year,780,423,0,54.3,Under-consuming,15228,0,true
2026-04,2026-04-30,ACC-1086,Lumen Travel,Strategic,AMER,STUDIO,Namilio Studio,Seat,seat/year,780,423,0,54.2,Under-consuming,15228,0,true
2026-05,2026-05-31,ACC-1086,Lumen Travel,Strategic,AMER,STUDIO,Namilio Studio,Seat,seat/year,780,535,0,68.6,On track,19260,0,false
2026-06,2026-06-30,ACC-1086,Lumen Travel,Strategic,AMER,STUDIO,Namilio Studio,Seat,seat/year,780,531,0,68.1,On track,19116,0,false
2026-07,2026-07-31,ACC-1086,Lumen Travel,Strategic,AMER,STUDIO,Namilio Studio,Seat,seat/year,780,436,0,55.9,Under-consuming,15696,0,false
2026-08,2026-08-31,ACC-1086,Lumen Travel,Strategic,AMER,STUDIO,Namilio Studio,Seat,seat/year,780,413,0,53,Under-consuming,14868,0,true
2026-09,2026-09-30,ACC-1086,Lumen Travel,Strategic,AMER,STUDIO,Namilio Studio,Seat,seat/year,780,330,0,42.3,Under-consuming,11880,0,true
2026-03,2026-03-31,ACC-1063,Vertex Gaming,Self-Serve,AMER,VERIFY,Namilio Verify,Usage,verification,181053,150572,0,83.2,On track,596.01,0,false
2026-04,2026-04-30,ACC-1063,Vertex Gaming,Self-Serve,AMER,VERIFY,Namilio Verify,Usage,verification,181053,148617,0,82.1,On track,588.28,0,false
2026-05,2026-05-31,ACC-1063,Vertex Gaming,Self-Serve,AMER,VERIFY,Namilio Verify,Usage,verification,181053,152942,0,84.5,On track,605.4,0,false
2026-06,2026-06-30,ACC-1063,Vertex Gaming,Self-Serve,AMER,VERIFY,Namilio Verify,Usage,verification,181053,170802,0,94.3,On track,676.09,0,false
2026-07,2026-07-31,ACC-1063,Vertex Gaming,Self-Serve,AMER,VERIFY,Namilio Verify,Usage,verification,181053,170079,0,93.9,On track,673.23,0,false
2026-08,2026-08-31,ACC-1063,Vertex Gaming,Self-Serve,AMER,VERIFY,Namilio Verify,Usage,verification,181053,176865,0,97.7,On track,700.09,0,false
2026-09,2026-09-30,ACC-1063,Vertex Gaming,Self-Serve,AMER,VERIFY,Namilio Verify,Usage,verification,181053,173326,0,95.7,On track,686.08,0,false
2026-05,2026-05-31,ACC-1063,Vertex Gaming,Self-Serve,AMER,VOICE-AGENT,Namilio Voice Agents,Usage,minute,150327,131153,0,87.2,On track,836.1,0,false
2026-06,2026-06-30,ACC-1063,Vertex Gaming,Self-Serve,AMER,VOICE-AGENT,Namilio Voice Agents,Usage,minute,150327,151962,1635,101.1,On track,971.36,13.03,false
2026-07,2026-07-31,ACC-1063,Vertex Gaming,Self-Serve,AMER,VOICE-AGENT,Namilio Voice Agents,Usage,minute,150327,161403,11076,107.4,In overage,1046.6,88.26,false
2026-08,2026-08-31,ACC-1063,Vertex Gaming,Self-Serve,AMER,VOICE-AGENT,Namilio Voice Agents,Usage,minute,150327,169491,19164,112.7,In overage,1111.05,152.71,false
2026-09,2026-09-30,ACC-1063,Vertex Gaming,Self-Serve,AMER,VOICE-AGENT,Namilio Voice Agents,Usage,minute,150327,177197,26870,117.9,In overage,1172.45,214.12,false
2025-11,2025-11-30,ACC-1107,Beacon Logistics,Mid-Market,AMER,STUDIO,Namilio Studio,Seat,seat/year,88,80,0,91,On track,2880,0,false
2025-12,2025-12-31,ACC-1107,Beacon Logistics,Mid-Market,AMER,STUDIO,Namilio Studio,Seat,seat/year,88,84,0,95,On track,3024,0,false
2026-01,2026-01-31,ACC-1107,Beacon Logistics,Mid-Market,AMER,STUDIO,Namilio Studio,Seat,seat/year,88,88,0,100,On track,3168,0,false
2026-02,2026-02-28,ACC-1107,Beacon Logistics,Mid-Market,AMER,STUDIO,Namilio Studio,Seat,seat/year,88,92,4,104,On track,3348,180,false
2026-03,2026-03-31,ACC-1107,Beacon Logistics,Mid-Market,AMER,STUDIO,Namilio Studio,Seat,seat/year,88,91,3,103.2,On track,3303,135,false
2026-04,2026-04-30,ACC-1107,Beacon Logistics,Mid-Market,AMER,STUDIO,Namilio Studio,Seat,seat/year,88,97,9,110.1,In overage,3573,405,false
2026-05,2026-05-31,ACC-1107,Beacon Logistics,Mid-Market,AMER,STUDIO,Namilio Studio,Seat,seat/year,88,100,12,113.7,In overage,3708,540,false
2026-06,2026-06-30,ACC-1107,Beacon Logistics,Mid-Market,AMER,STUDIO,Namilio Studio,Seat,seat/year,88,104,16,118.1,In overage,3888,720,false
2026-07,2026-07-31,ACC-1107,Beacon Logistics,Mid-Market,AMER,STUDIO,Namilio Studio,Seat,seat/year,88,110,22,125,In overage,4158,990,false
2026-08,2026-08-31,ACC-1107,Beacon Logistics,Mid-Market,AMER,STUDIO,Namilio Studio,Seat,seat/year,88,121,33,137.1,In overage,4653,1485,false
2026-09,2026-09-30,ACC-1107,Beacon Logistics,Mid-Market,AMER,STUDIO,Namilio Studio,Seat,seat/year,88,129,41,146.5,In overage,5013,1845,false
2025-11,2025-11-30,ACC-1107,Beacon Logistics,Mid-Market,AMER,VERIFY,Namilio Verify,Usage,verification,994000,1062618,68618,106.9,In overage,4499.05,357.39,false
2025-12,2025-12-31,ACC-1107,Beacon Logistics,Mid-Market,AMER,VERIFY,Namilio Verify,Usage,verification,994000,1188011,194011,119.5,In overage,5152.14,1010.47,false
2026-01,2026-01-31,ACC-1107,Beacon Logistics,Mid-Market,AMER,VERIFY,Namilio Verify,Usage,verification,994000,1254970,260970,126.3,In overage,5500.89,1359.22,false
2026-02,2026-02-28,ACC-1107,Beacon Logistics,Mid-Market,AMER,VERIFY,Namilio Verify,Usage,verification,994000,1256551,262551,126.4,In overage,5509.12,1367.45,false
2026-03,2026-03-31,ACC-1107,Beacon Logistics,Mid-Market,AMER,VERIFY,Namilio Verify,Usage,verification,994000,1242790,248790,125,In overage,5437.45,1295.78,false
2026-04,2026-04-30,ACC-1107,Beacon Logistics,Mid-Market,AMER,VERIFY,Namilio Verify,Usage,verification,994000,1285148,291148,129.3,In overage,5658.06,1516.4,false
2026-05,2026-05-31,ACC-1107,Beacon Logistics,Mid-Market,AMER,VERIFY,Namilio Verify,Usage,verification,994000,1364221,370221,137.2,In overage,6069.9,1928.23,false
2026-06,2026-06-30,ACC-1107,Beacon Logistics,Mid-Market,AMER,VERIFY,Namilio Verify,Usage,verification,994000,1431492,437492,144,In overage,6420.27,2278.6,false
2026-07,2026-07-31,ACC-1107,Beacon Logistics,Mid-Market,AMER,VERIFY,Namilio Verify,Usage,verification,994000,1528764,534764,153.8,In overage,6926.9,2785.23,false
2026-08,2026-08-31,ACC-1107,Beacon Logistics,Mid-Market,AMER,VERIFY,Namilio Verify,Usage,verification,994000,1676588,682588,168.7,In overage,7696.81,3555.15,false
2026-09,2026-09-30,ACC-1107,Beacon Logistics,Mid-Market,AMER,VERIFY,Namilio Verify,Usage,verification,994000,1721877,727877,173.2,In overage,7932.69,3791.03,false
2026-04,2026-04-30,ACC-1107,Beacon Logistics,Mid-Market,AMER,STUDIO,Namilio Studio,Seat,seat/year,46,38,0,83.6,On track,1539,0,false
2026-05,2026-05-31,ACC-1107,Beacon Logistics,Mid-Market,AMER,STUDIO,Namilio Studio,Seat,seat/year,46,44,0,96,On track,1782,0,false
2026-06,2026-06-30,ACC-1107,Beacon Logistics,Mid-Market,AMER,STUDIO,Namilio Studio,Seat,seat/year,46,46,0,100.1,On track,1863,0,false
2026-07,2026-07-31,ACC-1107,Beacon Logistics,Mid-Market,AMER,STUDIO,Namilio Studio,Seat,seat/year,46,46,0,99.4,On track,1863,0,false
2026-08,2026-08-31,ACC-1107,Beacon Logistics,Mid-Market,AMER,STUDIO,Namilio Studio,Seat,seat/year,46,48,2,105.3,In overage,1964.25,101.25,false
2026-09,2026-09-30,ACC-1107,Beacon Logistics,Mid-Market,AMER,STUDIO,Namilio Studio,Seat,seat/year,46,50,4,109.7,In overage,2065.5,202.5,false
2026-04,2026-04-30,ACC-1107,Beacon Logistics,Mid-Market,AMER,COPILOT-API,Namilio Copilot API,Usage,1K tokens,3949495,3156160,0,79.9,On track,2603.83,0,false
2026-05,2026-05-31,ACC-1107,Beacon Logistics,Mid-Market,AMER,COPILOT-API,Namilio Copilot API,Usage,1K tokens,3949495,2886347,0,73.1,On track,2381.24,0,false
2026-06,2026-06-30,ACC-1107,Beacon Logistics,Mid-Market,AMER,COPILOT-API,Namilio Copilot API,Usage,1K tokens,3949495,3105840,0,78.6,On track,2562.32,0,false
2026-07,2026-07-31,ACC-1107,Beacon Logistics,Mid-Market,AMER,COPILOT-API,Namilio Copilot API,Usage,1K tokens,3949495,3053674,0,77.3,On track,2519.28,0,false
2026-08,2026-08-31,ACC-1107,Beacon Logistics,Mid-Market,AMER,COPILOT-API,Namilio Copilot API,Usage,1K tokens,3949495,3178428,0,80.5,On track,2622.2,0,false
2026-09,2026-09-30,ACC-1107,Beacon Logistics,Mid-Market,AMER,COPILOT-API,Namilio Copilot API,Usage,1K tokens,3949495,3157573,0,79.9,On track,2605,0,false
2026-04,2026-04-30,ACC-1107,Beacon Logistics,Mid-Market,AMER,MSG-API,Namilio Messaging API,Usage,message,4640000,4450339,0,95.9,On track,2781.46,0,false
2026-05,2026-05-31,ACC-1107,Beacon Logistics,Mid-Market,AMER,MSG-API,Namilio Messaging API,Usage,message,4640000,4506222,0,97.1,On track,2816.39,0,false
2026-06,2026-06-30,ACC-1107,Beacon Logistics,Mid-Market,AMER,MSG-API,Namilio Messaging API,Usage,message,4640000,4197875,0,90.5,On track,2623.67,0,false
2026-07,2026-07-31,ACC-1107,Beacon Logistics,Mid-Market,AMER,MSG-API,Namilio Messaging API,Usage,message,4640000,4314314,0,93,On track,2696.45,0,false
2026-08,2026-08-31,ACC-1107,Beacon Logistics,Mid-Market,AMER,MSG-API,Namilio Messaging API,Usage,message,4640000,4406935,0,95,On track,2754.33,0,false
2026-09,2026-09-30,ACC-1107,Beacon Logistics,Mid-Market,AMER,MSG-API,Namilio Messaging API,Usage,message,4640000,4390201,0,94.6,On track,2743.88,0,false
2026-03,2026-03-31,ACC-1107,Beacon Logistics,Mid-Market,AMER,STUDIO,Namilio Studio,Seat,seat/year,90,83,0,92.2,On track,3361.5,0,false
2026-04,2026-04-30,ACC-1107,Beacon Logistics,Mid-Market,AMER,STUDIO,Namilio Studio,Seat,seat/year,90,82,0,91.4,On track,3321,0,false
2026-05,2026-05-31,ACC-1107,Beacon Logistics,Mid-Market,AMER,STUDIO,Namilio Studio,Seat,seat/year,90,86,0,95,On track,3483,0,false
2026-06,2026-06-30,ACC-1107,Beacon Logistics,Mid-Market,AMER,STUDIO,Namilio Studio,Seat,seat/year,90,88,0,98.2,On track,3564,0,false
2026-07,2026-07-31,ACC-1107,Beacon Logistics,Mid-Market,AMER,STUDIO,Namilio Studio,Seat,seat/year,90,98,8,109.1,In overage,4050,405,false
2026-08,2026-08-31,ACC-1107,Beacon Logistics,Mid-Market,AMER,STUDIO,Namilio Studio,Seat,seat/year,90,103,13,114.9,In overage,4303.13,658.13,false
2026-09,2026-09-30,ACC-1107,Beacon Logistics,Mid-Market,AMER,STUDIO,Namilio Studio,Seat,seat/year,90,112,22,123.9,In overage,4758.75,1113.75,false
2026-03,2026-03-31,ACC-1107,Beacon Logistics,Mid-Market,AMER,COPILOT-API,Namilio Copilot API,Usage,1K tokens,3674641,2502859,0,68.1,On track,2179.57,0,false
2026-04,2026-04-30,ACC-1107,Beacon Logistics,Mid-Market,AMER,COPILOT-API,Namilio Copilot API,Usage,1K tokens,3674641,2881234,0,78.4,On track,2509.07,0,false
2026-05,2026-05-31,ACC-1107,Beacon Logistics,Mid-Market,AMER,COPILOT-API,Namilio Copilot API,Usage,1K tokens,3674641,2631207,0,71.6,On track,2291.34,0,false
2026-06,2026-06-30,ACC-1107,Beacon Logistics,Mid-Market,AMER,COPILOT-API,Namilio Copilot API,Usage,1K tokens,3674641,2636244,0,71.7,On track,2295.73,0,false
2026-07,2026-07-31,ACC-1107,Beacon Logistics,Mid-Market,AMER,COPILOT-API,Namilio Copilot API,Usage,1K tokens,3674641,2634191,0,71.7,On track,2293.94,0,false
2026-08,2026-08-31,ACC-1107,Beacon Logistics,Mid-Market,AMER,COPILOT-API,Namilio Copilot API,Usage,1K tokens,3674641,2680221,0,72.9,On track,2334.03,0,false
2026-09,2026-09-30,ACC-1107,Beacon Logistics,Mid-Market,AMER,COPILOT-API,Namilio Copilot API,Usage,1K tokens,3674641,2892604,0,78.7,On track,2518.98,0,false
2025-04,2025-04-30,ACC-1107,Beacon Logistics,Mid-Market,AMER,VOICE-AGENT,Namilio Voice Agents,Usage,minute,332222,272087,0,81.9,On track,2040.65,0,false
2025-05,2025-05-31,ACC-1107,Beacon Logistics,Mid-Market,AMER,VOICE-AGENT,Namilio Voice Agents,Usage,minute,332222,243360,0,73.3,On track,1825.2,0,false
2025-06,2025-06-30,ACC-1107,Beacon Logistics,Mid-Market,AMER,VOICE-AGENT,Namilio Voice Agents,Usage,minute,332222,269380,0,81.1,On track,2020.35,0,false
2025-07,2025-07-31,ACC-1107,Beacon Logistics,Mid-Market,AMER,VOICE-AGENT,Namilio Voice Agents,Usage,minute,332222,249158,0,75,On track,1868.68,0,false
2025-08,2025-08-31,ACC-1107,Beacon Logistics,Mid-Market,AMER,VOICE-AGENT,Namilio Voice Agents,Usage,minute,332222,255568,0,76.9,On track,1916.76,0,false
2025-09,2025-09-30,ACC-1107,Beacon Logistics,Mid-Market,AMER,VOICE-AGENT,Namilio Voice Agents,Usage,minute,332222,258069,0,77.7,On track,1935.52,0,false
2025-10,2025-10-31,ACC-1107,Beacon Logistics,Mid-Market,AMER,VOICE-AGENT,Namilio Voice Agents,Usage,minute,332222,263699,0,79.4,On track,1977.74,0,false
2025-11,2025-11-30,ACC-1107,Beacon Logistics,Mid-Market,AMER,VOICE-AGENT,Namilio Voice Agents,Usage,minute,332222,285115,0,85.8,On track,2138.36,0,false
2025-12,2025-12-31,ACC-1107,Beacon Logistics,Mid-Market,AMER,VOICE-AGENT,Namilio Voice Agents,Usage,minute,332222,287145,0,86.4,On track,2153.59,0,false
2026-01,2026-01-31,ACC-1107,Beacon Logistics,Mid-Market,AMER,VOICE-AGENT,Namilio Voice Agents,Usage,minute,332222,301359,0,90.7,On track,2260.19,0,false
2026-02,2026-02-28,ACC-1107,Beacon Logistics,Mid-Market,AMER,VOICE-AGENT,Namilio Voice Agents,Usage,minute,332222,292295,0,88,On track,2192.21,0,false
2026-03,2026-03-31,ACC-1107,Beacon Logistics,Mid-Market,AMER,VOICE-AGENT,Namilio Voice Agents,Usage,minute,332222,274708,0,82.7,On track,2060.31,0,false
2026-04,2026-04-30,ACC-1107,Beacon Logistics,Mid-Market,AMER,VOICE-AGENT,Namilio Voice Agents,Usage,minute,332222,255020,0,76.8,On track,1912.65,0,false
2026-05,2026-05-31,ACC-1107,Beacon Logistics,Mid-Market,AMER,VOICE-AGENT,Namilio Voice Agents,Usage,minute,332222,253802,0,76.4,On track,1903.52,0,false
2026-06,2026-06-30,ACC-1107,Beacon Logistics,Mid-Market,AMER,VOICE-AGENT,Namilio Voice Agents,Usage,minute,332222,271354,0,81.7,On track,2035.15,0,false
2026-07,2026-07-31,ACC-1107,Beacon Logistics,Mid-Market,AMER,VOICE-AGENT,Namilio Voice Agents,Usage,minute,332222,284047,0,85.5,On track,2130.35,0,false
2026-08,2026-08-31,ACC-1107,Beacon Logistics,Mid-Market,AMER,VOICE-AGENT,Namilio Voice Agents,Usage,minute,332222,309343,0,93.1,On track,2320.07,0,false
2026-09,2026-09-30,ACC-1107,Beacon Logistics,Mid-Market,AMER,VOICE-AGENT,Namilio Voice Agents,Usage,minute,332222,289732,0,87.2,On track,2172.99,0,false
2025-04,2025-04-30,ACC-1107,Beacon Logistics,Mid-Market,AMER,MSG-API,Namilio Messaging API,Usage,message,3843137,2682463,0,69.8,On track,1423.94,0,false
2025-05,2025-05-31,ACC-1107,Beacon Logistics,Mid-Market,AMER,MSG-API,Namilio Messaging API,Usage,message,3843137,2592427,0,67.5,On track,1376.15,0,false
2025-06,2025-06-30,ACC-1107,Beacon Logistics,Mid-Market,AMER,MSG-API,Namilio Messaging API,Usage,message,3843137,2493696,0,64.9,On track,1323.74,0,false
2025-07,2025-07-31,ACC-1107,Beacon Logistics,Mid-Market,AMER,MSG-API,Namilio Messaging API,Usage,message,3843137,2877036,0,74.9,On track,1527.23,0,false
2025-08,2025-08-31,ACC-1107,Beacon Logistics,Mid-Market,AMER,MSG-API,Namilio Messaging API,Usage,message,3843137,2864605,0,74.5,On track,1520.63,0,false
2025-09,2025-09-30,ACC-1107,Beacon Logistics,Mid-Market,AMER,MSG-API,Namilio Messaging API,Usage,message,3843137,3159476,0,82.2,On track,1677.16,0,false
2025-10,2025-10-31,ACC-1107,Beacon Logistics,Mid-Market,AMER,MSG-API,Namilio Messaging API,Usage,message,3843137,3483076,0,90.6,On track,1848.93,0,false
2025-11,2025-11-30,ACC-1107,Beacon Logistics,Mid-Market,AMER,MSG-API,Namilio Messaging API,Usage,message,3843137,3582470,0,93.2,On track,1901.69,0,false
2025-12,2025-12-31,ACC-1107,Beacon Logistics,Mid-Market,AMER,MSG-API,Namilio Messaging API,Usage,message,3843137,3742366,0,97.4,On track,1986.57,0,false
2026-01,2026-01-31,ACC-1107,Beacon Logistics,Mid-Market,AMER,MSG-API,Namilio Messaging API,Usage,message,3843137,3653811,0,95.1,On track,1939.56,0,false
2026-02,2026-02-28,ACC-1107,Beacon Logistics,Mid-Market,AMER,MSG-API,Namilio Messaging API,Usage,message,3843137,3437016,0,89.4,On track,1824.48,0,false
2026-03,2026-03-31,ACC-1107,Beacon Logistics,Mid-Market,AMER,MSG-API,Namilio Messaging API,Usage,message,3843137,3357564,0,87.4,On track,1782.31,0,false
2026-04,2026-04-30,ACC-1107,Beacon Logistics,Mid-Market,AMER,MSG-API,Namilio Messaging API,Usage,message,3843137,3762681,0,97.9,On track,1997.36,0,false
2026-05,2026-05-31,ACC-1107,Beacon Logistics,Mid-Market,AMER,MSG-API,Namilio Messaging API,Usage,message,3843137,4331985,488848,112.7,In overage,2364.44,324.37,false
2026-06,2026-06-30,ACC-1107,Beacon Logistics,Mid-Market,AMER,MSG-API,Namilio Messaging API,Usage,message,3843137,4528226,685089,117.8,In overage,2494.65,454.59,false
2026-07,2026-07-31,ACC-1107,Beacon Logistics,Mid-Market,AMER,MSG-API,Namilio Messaging API,Usage,message,3843137,4741898,898761,123.4,In overage,2636.43,596.37,false
2026-08,2026-08-31,ACC-1107,Beacon Logistics,Mid-Market,AMER,MSG-API,Namilio Messaging API,Usage,message,3843137,4875343,1032206,126.9,In overage,2724.98,684.91,false
2026-09,2026-09-30,ACC-1107,Beacon Logistics,Mid-Market,AMER,MSG-API,Namilio Messaging API,Usage,message,3843137,4923013,1079876,128.1,In overage,2756.61,716.54,false
2026-02,2026-02-28,ACC-1131,Halcyon Insure,Self-Serve,APAC,VOICE-AGENT,Namilio Voice Agents,Usage,minute,63158,42506,0,67.3,On track,302.86,0,false
2026-03,2026-03-31,ACC-1131,Halcyon Insure,Self-Serve,APAC,VOICE-AGENT,Namilio Voice Agents,Usage,minute,63158,43566,0,69,On track,310.41,0,false
2026-04,2026-04-30,ACC-1131,Halcyon Insure,Self-Serve,APAC,VOICE-AGENT,Namilio Voice Agents,Usage,minute,63158,46375,0,73.4,On track,330.42,0,false
2026-05,2026-05-31,ACC-1131,Halcyon Insure,Self-Serve,APAC,VOICE-AGENT,Namilio Voice Agents,Usage,minute,63158,45124,0,71.4,On track,321.51,0,false
2026-06,2026-06-30,ACC-1131,Halcyon Insure,Self-Serve,APAC,VOICE-AGENT,Namilio Voice Agents,Usage,minute,63158,50034,0,79.2,On track,356.49,0,false
2026-07,2026-07-31,ACC-1131,Halcyon Insure,Self-Serve,APAC,VOICE-AGENT,Namilio Voice Agents,Usage,minute,63158,51430,0,81.4,On track,366.44,0,false
2026-08,2026-08-31,ACC-1131,Halcyon Insure,Self-Serve,APAC,VOICE-AGENT,Namilio Voice Agents,Usage,minute,63158,56556,0,89.5,On track,402.96,0,false
2026-09,2026-09-30,ACC-1131,Halcyon Insure,Self-Serve,APAC,VOICE-AGENT,Namilio Voice Agents,Usage,minute,63158,63099,0,99.9,On track,449.58,0,false
2026-01,2026-01-31,ACC-1016,Tundra Freight,Self-Serve,AMER,STUDIO,Namilio Studio,Seat,seat/year,28,21,0,75,On track,803.25,0,false
2026-02,2026-02-28,ACC-1016,Tundra Freight,Self-Serve,AMER,STUDIO,Namilio Studio,Seat,seat/year,28,22,0,80.1,On track,841.5,0,false
2026-03,2026-03-31,ACC-1016,Tundra Freight,Self-Serve,AMER,STUDIO,Namilio Studio,Seat,seat/year,28,26,0,91.9,On track,994.5,0,false
2026-04,2026-04-30,ACC-1016,Tundra Freight,Self-Serve,AMER,STUDIO,Namilio Studio,Seat,seat/year,28,28,0,100.5,On track,1071,0,false
2026-05,2026-05-31,ACC-1016,Tundra Freight,Self-Serve,AMER,STUDIO,Namilio Studio,Seat,seat/year,28,29,1,102.3,On track,1118.81,47.81,false
2026-06,2026-06-30,ACC-1016,Tundra Freight,Self-Serve,AMER,STUDIO,Namilio Studio,Seat,seat/year,28,33,5,117.3,In overage,1310.06,239.06,false
2026-07,2026-07-31,ACC-1016,Tundra Freight,Self-Serve,AMER,STUDIO,Namilio Studio,Seat,seat/year,28,34,6,121.3,In overage,1357.88,286.88,false
2026-08,2026-08-31,ACC-1016,Tundra Freight,Self-Serve,AMER,STUDIO,Namilio Studio,Seat,seat/year,28,37,9,130.7,In overage,1501.31,430.31,false
2026-09,2026-09-30,ACC-1016,Tundra Freight,Self-Serve,AMER,STUDIO,Namilio Studio,Seat,seat/year,28,39,11,141,In overage,1596.94,525.94,false
2026-02,2026-02-28,ACC-1025,Ember Labs,Self-Serve,APAC,STUDIO,Namilio Studio,Seat,seat/year,13,12,0,92.9,On track,540,0,false
2026-03,2026-03-31,ACC-1025,Ember Labs,Self-Serve,APAC,STUDIO,Namilio Studio,Seat,seat/year,13,11,0,83,On track,495,0,false
2026-04,2026-04-30,ACC-1025,Ember Labs,Self-Serve,APAC,STUDIO,Namilio Studio,Seat,seat/year,13,10,0,74.3,On track,450,0,false
2026-05,2026-05-31,ACC-1025,Ember Labs,Self-Serve,APAC,STUDIO,Namilio Studio,Seat,seat/year,13,10,0,76.7,On track,450,0,false
2026-06,2026-06-30,ACC-1025,Ember Labs,Self-Serve,APAC,STUDIO,Namilio Studio,Seat,seat/year,13,9,0,72.9,On track,405,0,false
2026-07,2026-07-31,ACC-1025,Ember Labs,Self-Serve,APAC,STUDIO,Namilio Studio,Seat,seat/year,13,8,0,63.3,On track,360,0,false
2026-08,2026-08-31,ACC-1025,Ember Labs,Self-Serve,APAC,STUDIO,Namilio Studio,Seat,seat/year,13,9,0,66,On track,405,0,false
2026-09,2026-09-30,ACC-1025,Ember Labs,Self-Serve,APAC,STUDIO,Namilio Studio,Seat,seat/year,13,9,0,66.2,On track,405,0,false
2026-06,2026-06-30,ACC-1042,Lumen Freight,Strategic,EMEA,VOICE-AGENT,Namilio Voice Agents,Usage,minute,14552047,12598493,0,86.6,On track,89764.26,0,false
2026-07,2026-07-31,ACC-1042,Lumen Freight,Strategic,EMEA,VOICE-AGENT,Namilio Voice Agents,Usage,minute,14552047,11379352,0,78.2,On track,81077.88,0,false
2026-08,2026-08-31,ACC-1042,Lumen Freight,Strategic,EMEA,VOICE-AGENT,Namilio Voice Agents,Usage,minute,14552047,10611303,0,72.9,On track,75605.53,0,false
2026-09,2026-09-30,ACC-1042,Lumen Freight,Strategic,EMEA,VOICE-AGENT,Namilio Voice Agents,Usage,minute,14552047,10055846,0,69.1,On track,71647.9,0,false
2026-06,2026-06-30,ACC-1042,Lumen Freight,Strategic,EMEA,VERIFY,Namilio Verify,Usage,verification,12400000,12315550,0,99.3,On track,48749.05,0,false
2026-07,2026-07-31,ACC-1042,Lumen Freight,Strategic,EMEA,VERIFY,Namilio Verify,Usage,verification,12400000,12154808,0,98,On track,48112.78,0,false
2026-08,2026-08-31,ACC-1042,Lumen Freight,Strategic,EMEA,VERIFY,Namilio Verify,Usage,verification,12400000,12574951,174951,101.4,On track,49948.98,865.64,false
2026-09,2026-09-30,ACC-1042,Lumen Freight,Strategic,EMEA,VERIFY,Namilio Verify,Usage,verification,12400000,12731612,331612,102.7,On track,50724.12,1640.79,false
2025-09,2025-09-30,ACC-1115,Onyx Group,SMB,AMER,VERIFY,Namilio Verify,Usage,verification,261053,203160,0,77.8,On track,804.18,0,false
2025-10,2025-10-31,ACC-1115,Onyx Group,SMB,AMER,VERIFY,Namilio Verify,Usage,verification,261053,204070,0,78.2,On track,807.78,0,false
2025-11,2025-11-30,ACC-1115,Onyx Group,SMB,AMER,VERIFY,Namilio Verify,Usage,verification,261053,212982,0,81.6,On track,843.05,0,false
2025-12,2025-12-31,ACC-1115,Onyx Group,SMB,AMER,VERIFY,Namilio Verify,Usage,verification,261053,218633,0,83.8,On track,865.42,0,false
2026-01,2026-01-31,ACC-1115,Onyx Group,SMB,AMER,VERIFY,Namilio Verify,Usage,verification,261053,201689,0,77.3,On track,798.35,0,false
2026-02,2026-02-28,ACC-1115,Onyx Group,SMB,AMER,VERIFY,Namilio Verify,Usage,verification,261053,232162,0,88.9,On track,918.97,0,false
2026-03,2026-03-31,ACC-1115,Onyx Group,SMB,AMER,VERIFY,Namilio Verify,Usage,verification,261053,251571,0,96.4,On track,995.8,0,false
2026-04,2026-04-30,ACC-1115,Onyx Group,SMB,AMER,VERIFY,Namilio Verify,Usage,verification,261053,250807,0,96.1,On track,992.78,0,false
2026-05,2026-05-31,ACC-1115,Onyx Group,SMB,AMER,VERIFY,Namilio Verify,Usage,verification,261053,252952,0,96.9,On track,1001.27,0,false
2026-06,2026-06-30,ACC-1115,Onyx Group,SMB,AMER,VERIFY,Namilio Verify,Usage,verification,261053,273990,12937,105,On track,1097.35,64.01,false
2026-07,2026-07-31,ACC-1115,Onyx Group,SMB,AMER,VERIFY,Namilio Verify,Usage,verification,261053,277724,16671,106.4,In overage,1115.82,82.49,false
2026-08,2026-08-31,ACC-1115,Onyx Group,SMB,AMER,VERIFY,Namilio Verify,Usage,verification,261053,284973,23920,109.2,In overage,1151.69,118.35,false
2026-09,2026-09-30,ACC-1115,Onyx Group,SMB,AMER,VERIFY,Namilio Verify,Usage,verification,261053,282220,21167,108.1,In overage,1138.07,104.73,false
2025-09,2025-09-30,ACC-1115,Onyx Group,SMB,AMER,STUDIO,Namilio Studio,Seat,seat/year,66,62,0,94.2,On track,2371.5,0,false
2025-10,2025-10-31,ACC-1115,Onyx Group,SMB,AMER,STUDIO,Namilio Studio,Seat,seat/year,66,67,1,102.2,On track,2572.31,47.81,false
2025-11,2025-11-30,ACC-1115,Onyx Group,SMB,AMER,STUDIO,Namilio Studio,Seat,seat/year,66,71,5,107.7,In overage,2763.56,239.06,false
2025-12,2025-12-31,ACC-1115,Onyx Group,SMB,AMER,STUDIO,Namilio Studio,Seat,seat/year,66,70,4,106.1,In overage,2715.75,191.25,false
2026-01,2026-01-31,ACC-1115,Onyx Group,SMB,AMER,STUDIO,Namilio Studio,Seat,seat/year,66,70,4,105.6,In overage,2715.75,191.25,false
2026-02,2026-02-28,ACC-1115,Onyx Group,SMB,AMER,STUDIO,Namilio Studio,Seat,seat/year,66,69,3,105.1,In overage,2667.94,143.44,false
2026-03,2026-03-31,ACC-1115,Onyx Group,SMB,AMER,STUDIO,Namilio Studio,Seat,seat/year,66,67,1,101.9,On track,2572.31,47.81,false
2026-04,2026-04-30,ACC-1115,Onyx Group,SMB,AMER,STUDIO,Namilio Studio,Seat,seat/year,66,74,8,112.4,In overage,2907,382.5,false
2026-05,2026-05-31,ACC-1115,Onyx Group,SMB,AMER,STUDIO,Namilio Studio,Seat,seat/year,66,70,4,105.8,In overage,2715.75,191.25,false
2026-06,2026-06-30,ACC-1115,Onyx Group,SMB,AMER,STUDIO,Namilio Studio,Seat,seat/year,66,77,11,117.1,In overage,3050.44,525.94,false
2026-07,2026-07-31,ACC-1115,Onyx Group,SMB,AMER,STUDIO,Namilio Studio,Seat,seat/year,66,81,15,122.6,In overage,3241.69,717.19,false
2026-08,2026-08-31,ACC-1115,Onyx Group,SMB,AMER,STUDIO,Namilio Studio,Seat,seat/year,66,87,21,131.8,In overage,3528.56,1004.06,false
2026-09,2026-09-30,ACC-1115,Onyx Group,SMB,AMER,STUDIO,Namilio Studio,Seat,seat/year,66,88,22,133.1,In overage,3576.38,1051.88,false
2026-06,2026-06-30,ACC-1115,Onyx Group,SMB,AMER,COPILOT-API,Namilio Copilot API,Usage,1K tokens,434343,383459,0,88.3,On track,316.35,0,false
2026-07,2026-07-31,ACC-1115,Onyx Group,SMB,AMER,COPILOT-API,Namilio Copilot API,Usage,1K tokens,434343,344998,0,79.4,On track,284.62,0,false
2026-08,2026-08-31,ACC-1115,Onyx Group,SMB,AMER,COPILOT-API,Namilio Copilot API,Usage,1K tokens,434343,351035,0,80.8,On track,289.6,0,false
2026-09,2026-09-30,ACC-1115,Onyx Group,SMB,AMER,COPILOT-API,Namilio Copilot API,Usage,1K tokens,434343,339729,0,78.2,On track,280.28,0,false
2026-06,2026-06-30,ACC-1115,Onyx Group,SMB,AMER,STUDIO,Namilio Studio,Seat,seat/year,13,12,0,96,On track,486,0,false
2026-07,2026-07-31,ACC-1115,Onyx Group,SMB,AMER,STUDIO,Namilio Studio,Seat,seat/year,13,12,0,91.6,On track,486,0,false
2026-08,2026-08-31,ACC-1115,Onyx Group,SMB,AMER,STUDIO,Namilio Studio,Seat,seat/year,13,12,0,91.9,On track,486,0,false
2026-09,2026-09-30,ACC-1115,Onyx Group,SMB,AMER,STUDIO,Namilio Studio,Seat,seat/year,13,14,1,105,In overage,577.13,50.63,false
2026-06,2026-06-30,ACC-1115,Onyx Group,SMB,AMER,VERIFY,Namilio Verify,Usage,verification,134000,104089,0,77.7,On track,433.7,0,false
2026-07,2026-07-31,ACC-1115,Onyx Group,SMB,AMER,VERIFY,Namilio Verify,Usage,verification,134000,106928,0,79.8,On track,445.53,0,false
2026-08,2026-08-31,ACC-1115,Onyx Group,SMB,AMER,VERIFY,Namilio Verify,Usage,verification,134000,104683,0,78.1,On track,436.18,0,false
2026-09,2026-09-30,ACC-1115,Onyx Group,SMB,AMER,VERIFY,Namilio Verify,Usage,verification,134000,104255,0,77.8,On track,434.4,0,false
2026-02,2026-02-28,ACC-1115,Onyx Group,SMB,AMER,VERIFY,Namilio Verify,Usage,verification,140000,121058,0,86.5,On track,403.53,0,false
2026-03,2026-03-31,ACC-1115,Onyx Group,SMB,AMER,VERIFY,Namilio Verify,Usage,verification,140000,114973,0,82.1,On track,383.24,0,false
2026-04,2026-04-30,ACC-1115,Onyx Group,SMB,AMER,VERIFY,Namilio Verify,Usage,verification,140000,105475,0,75.3,On track,351.58,0,false
2026-05,2026-05-31,ACC-1115,Onyx Group,SMB,AMER,VERIFY,Namilio Verify,Usage,verification,140000,93938,0,67.1,On track,313.13,0,false
2026-06,2026-06-30,ACC-1115,Onyx Group,SMB,AMER,VERIFY,Namilio Verify,Usage,verification,140000,94725,0,67.7,On track,315.75,0,false
2026-07,2026-07-31,ACC-1115,Onyx Group,SMB,AMER,VERIFY,Namilio Verify,Usage,verification,140000,90293,0,64.5,On track,300.98,0,false
2026-08,2026-08-31,ACC-1115,Onyx Group,SMB,AMER,VERIFY,Namilio Verify,Usage,verification,140000,88717,0,63.4,On track,295.72,0,false
2026-09,2026-09-30,ACC-1115,Onyx Group,SMB,AMER,VERIFY,Namilio Verify,Usage,verification,140000,81519,0,58.2,Under-consuming,271.73,0,false
2026-02,2026-02-28,ACC-1115,Onyx Group,SMB,AMER,MSG-API,Namilio Messaging API,Usage,message,2707692,2367088,0,87.4,On track,960.64,0,false
2026-03,2026-03-31,ACC-1115,Onyx Group,SMB,AMER,MSG-API,Namilio Messaging API,Usage,message,2707692,2549137,0,94.1,On track,1034.52,0,false
2026-04,2026-04-30,ACC-1115,Onyx Group,SMB,AMER,MSG-API,Namilio Messaging API,Usage,message,2707692,2709881,2189,100.1,On track,1099.98,1.11,false
2026-05,2026-05-31,ACC-1115,Onyx Group,SMB,AMER,MSG-API,Namilio Messaging API,Usage,message,2707692,2732069,24377,100.9,On track,1111.24,12.37,false
2026-06,2026-06-30,ACC-1115,Onyx Group,SMB,AMER,MSG-API,Namilio Messaging API,Usage,message,2707692,2618717,0,96.7,On track,1062.76,0,false
2026-07,2026-07-31,ACC-1115,Onyx Group,SMB,AMER,MSG-API,Namilio Messaging API,Usage,message,2707692,2782991,75299,102.8,On track,1137.07,38.2,false
2026-08,2026-08-31,ACC-1115,Onyx Group,SMB,AMER,MSG-API,Namilio Messaging API,Usage,message,2707692,2680775,0,99,On track,1087.95,0,false
2026-09,2026-09-30,ACC-1115,Onyx Group,SMB,AMER,MSG-API,Namilio Messaging API,Usage,message,2707692,2461734,0,90.9,On track,999.05,0,false
2026-02,2026-02-28,ACC-1115,Onyx Group,SMB,AMER,MSG-API,Namilio Messaging API,Usage,message,378947,328199,0,86.6,On track,194.73,0,false
2026-03,2026-03-31,ACC-1115,Onyx Group,SMB,AMER,MSG-API,Namilio Messaging API,Usage,message,378947,326936,0,86.3,On track,193.98,0,false
2026-04,2026-04-30,ACC-1115,Onyx Group,SMB,AMER,MSG-API,Namilio Messaging API,Usage,message,378947,333912,0,88.1,On track,198.12,0,false
2026-05,2026-05-31,ACC-1115,Onyx Group,SMB,AMER,MSG-API,Namilio Messaging API,Usage,message,378947,284172,0,75,On track,168.61,0,false
2026-06,2026-06-30,ACC-1115,Onyx Group,SMB,AMER,MSG-API,Namilio Messaging API,Usage,message,378947,285634,0,75.4,On track,169.48,0,false
2026-07,2026-07-31,ACC-1115,Onyx Group,SMB,AMER,MSG-API,Namilio Messaging API,Usage,message,378947,282051,0,74.4,On track,167.35,0,false
2026-08,2026-08-31,ACC-1115,Onyx Group,SMB,AMER,MSG-API,Namilio Messaging API,Usage,message,378947,258027,0,68.1,On track,153.1,0,false
2026-09,2026-09-30,ACC-1115,Onyx Group,SMB,AMER,MSG-API,Namilio Messaging API,Usage,message,378947,276553,0,73,On track,164.09,0,false
2026-02,2026-02-28,ACC-1115,Onyx Group,SMB,AMER,VERIFY,Namilio Verify,Usage,verification,22000,12893,0,58.6,Under-consuming,53.72,0,false
2026-03,2026-03-31,ACC-1115,Onyx Group,SMB,AMER,VERIFY,Namilio Verify,Usage,verification,22000,13519,0,61.4,On track,56.33,0,false
2026-04,2026-04-30,ACC-1115,Onyx Group,SMB,AMER,VERIFY,Namilio Verify,Usage,verification,22000,13919,0,63.3,On track,58,0,false
2026-05,2026-05-31,ACC-1115,Onyx Group,SMB,AMER,VERIFY,Namilio Verify,Usage,verification,22000,12773,0,58.1,Under-consuming,53.22,0,false
2026-06,2026-06-30,ACC-1115,Onyx Group,SMB,AMER,VERIFY,Namilio Verify,Usage,verification,22000,12852,0,58.4,Under-consuming,53.55,0,false
2026-07,2026-07-31,ACC-1115,Onyx Group,SMB,AMER,VERIFY,Namilio Verify,Usage,verification,22000,14049,0,63.9,On track,58.54,0,false
2026-08,2026-08-31,ACC-1115,Onyx Group,SMB,AMER,VERIFY,Namilio Verify,Usage,verification,22000,12558,0,57.1,Under-consuming,52.33,0,false
2026-09,2026-09-30,ACC-1115,Onyx Group,SMB,AMER,VERIFY,Namilio Verify,Usage,verification,22000,14064,0,63.9,On track,58.6,0,false
2025-11,2025-11-30,ACC-1084,Zephyr Care,SMB,AMER,VOICE-AGENT,Namilio Voice Agents,Usage,minute,118519,68770,0,58,Under-consuming,386.83,0,false
2025-12,2025-12-31,ACC-1084,Zephyr Care,SMB,AMER,VOICE-AGENT,Namilio Voice Agents,Usage,minute,118519,72312,0,61,On track,406.76,0,false
2026-01,2026-01-31,ACC-1084,Zephyr Care,SMB,AMER,VOICE-AGENT,Namilio Voice Agents,Usage,minute,118519,73638,0,62.1,On track,414.21,0,false
2026-02,2026-02-28,ACC-1084,Zephyr Care,SMB,AMER,VOICE-AGENT,Namilio Voice Agents,Usage,minute,118519,74623,0,63,On track,419.75,0,false
2026-03,2026-03-31,ACC-1084,Zephyr Care,SMB,AMER,VOICE-AGENT,Namilio Voice Agents,Usage,minute,118519,79504,0,67.1,On track,447.21,0,false
2026-04,2026-04-30,ACC-1084,Zephyr Care,SMB,AMER,VOICE-AGENT,Namilio Voice Agents,Usage,minute,118519,77497,0,65.4,On track,435.92,0,false
2026-05,2026-05-31,ACC-1084,Zephyr Care,SMB,AMER,VOICE-AGENT,Namilio Voice Agents,Usage,minute,118519,75091,0,63.4,On track,422.39,0,false
2026-06,2026-06-30,ACC-1084,Zephyr Care,SMB,AMER,VOICE-AGENT,Namilio Voice Agents,Usage,minute,118519,75531,0,63.7,On track,424.86,0,false
2026-07,2026-07-31,ACC-1084,Zephyr Care,SMB,AMER,VOICE-AGENT,Namilio Voice Agents,Usage,minute,118519,69085,0,58.3,Under-consuming,388.6,0,false
2026-08,2026-08-31,ACC-1084,Zephyr Care,SMB,AMER,VOICE-AGENT,Namilio Voice Agents,Usage,minute,118519,56316,0,47.5,Under-consuming,316.78,0,true
2026-09,2026-09-30,ACC-1084,Zephyr Care,SMB,AMER,VOICE-AGENT,Namilio Voice Agents,Usage,minute,118519,65559,0,55.3,Under-consuming,368.77,0,false
2025-11,2025-11-30,ACC-1084,Zephyr Care,SMB,AMER,COPILOT-API,Namilio Copilot API,Usage,1K tokens,411483,256464,0,62.3,On track,223.34,0,false
2025-12,2025-12-31,ACC-1084,Zephyr Care,SMB,AMER,COPILOT-API,Namilio Copilot API,Usage,1K tokens,411483,272714,0,66.3,On track,237.49,0,false
2026-01,2026-01-31,ACC-1084,Zephyr Care,SMB,AMER,COPILOT-API,Namilio Copilot API,Usage,1K tokens,411483,271537,0,66,On track,236.46,0,false
2026-02,2026-02-28,ACC-1084,Zephyr Care,SMB,AMER,COPILOT-API,Namilio Copilot API,Usage,1K tokens,411483,286521,0,69.6,On track,249.51,0,false
2026-03,2026-03-31,ACC-1084,Zephyr Care,SMB,AMER,COPILOT-API,Namilio Copilot API,Usage,1K tokens,411483,288605,0,70.1,On track,251.33,0,false
2026-04,2026-04-30,ACC-1084,Zephyr Care,SMB,AMER,COPILOT-API,Namilio Copilot API,Usage,1K tokens,411483,313925,0,76.3,On track,273.38,0,false
2026-05,2026-05-31,ACC-1084,Zephyr Care,SMB,AMER,COPILOT-API,Namilio Copilot API,Usage,1K tokens,411483,339230,0,82.4,On track,295.41,0,false
2026-06,2026-06-30,ACC-1084,Zephyr Care,SMB,AMER,COPILOT-API,Namilio Copilot API,Usage,1K tokens,411483,340338,0,82.7,On track,296.38,0,false
2026-07,2026-07-31,ACC-1084,Zephyr Care,SMB,AMER,COPILOT-API,Namilio Copilot API,Usage,1K tokens,411483,342888,0,83.3,On track,298.6,0,false
2026-08,2026-08-31,ACC-1084,Zephyr Care,SMB,AMER,COPILOT-API,Namilio Copilot API,Usage,1K tokens,411483,339156,0,82.4,On track,295.35,0,false
2026-09,2026-09-30,ACC-1084,Zephyr Care,SMB,AMER,COPILOT-API,Namilio Copilot API,Usage,1K tokens,411483,359720,0,87.4,On track,313.26,0,false
2025-11,2025-11-30,ACC-1084,Zephyr Care,SMB,AMER,MSG-API,Namilio Messaging API,Usage,message,426667,443620,16953,104,On track,279.91,13.24,false
2025-12,2025-12-31,ACC-1084,Zephyr Care,SMB,AMER,MSG-API,Namilio Messaging API,Usage,message,426667,422369,0,99,On track,263.98,0,false
2026-01,2026-01-31,ACC-1084,Zephyr Care,SMB,AMER,MSG-API,Namilio Messaging API,Usage,message,426667,377039,0,88.4,On track,235.65,0,false
2026-02,2026-02-28,ACC-1084,Zephyr Care,SMB,AMER,MSG-API,Namilio Messaging API,Usage,message,426667,403894,0,94.7,On track,252.43,0,false
2026-03,2026-03-31,ACC-1084,Zephyr Care,SMB,AMER,MSG-API,Namilio Messaging API,Usage,message,426667,404520,0,94.8,On track,252.83,0,false
2026-04,2026-04-30,ACC-1084,Zephyr Care,SMB,AMER,MSG-API,Namilio Messaging API,Usage,message,426667,413929,0,97,On track,258.71,0,false
2026-05,2026-05-31,ACC-1084,Zephyr Care,SMB,AMER,MSG-API,Namilio Messaging API,Usage,message,426667,376561,0,88.3,On track,235.35,0,false
2026-06,2026-06-30,ACC-1084,Zephyr Care,SMB,AMER,MSG-API,Namilio Messaging API,Usage,message,426667,409736,0,96,On track,256.08,0,false
2026-07,2026-07-31,ACC-1084,Zephyr Care,SMB,AMER,MSG-API,Namilio Messaging API,Usage,message,426667,436476,9809,102.3,On track,274.33,7.66,false
2026-08,2026-08-31,ACC-1084,Zephyr Care,SMB,AMER,MSG-API,Namilio Messaging API,Usage,message,426667,416458,0,97.6,On track,260.29,0,false
2026-09,2026-09-30,ACC-1084,Zephyr Care,SMB,AMER,MSG-API,Namilio Messaging API,Usage,message,426667,392302,0,91.9,On track,245.19,0,false
2026-09,2026-09-30,ACC-1084,Zephyr Care,SMB,AMER,STUDIO,Namilio Studio,Seat,seat/year,76,75,0,99.2,On track,2868.75,0,false
2025-09,2025-09-30,ACC-1137,Pallas Health,Mid-Market,APAC,VERIFY,Namilio Verify,Usage,verification,940000,675044,0,71.8,On track,2812.68,0,false
2025-10,2025-10-31,ACC-1137,Pallas Health,Mid-Market,APAC,VERIFY,Namilio Verify,Usage,verification,940000,781833,0,83.2,On track,3257.64,0,false
2025-11,2025-11-30,ACC-1137,Pallas Health,Mid-Market,APAC,VERIFY,Namilio Verify,Usage,verification,940000,874564,0,93,On track,3644.02,0,false
2025-12,2025-12-31,ACC-1137,Pallas Health,Mid-Market,APAC,VERIFY,Namilio Verify,Usage,verification,940000,896476,0,95.4,On track,3735.32,0,false
2026-01,2026-01-31,ACC-1137,Pallas Health,Mid-Market,APAC,VERIFY,Namilio Verify,Usage,verification,940000,891842,0,94.9,On track,3716.01,0,false
2026-02,2026-02-28,ACC-1137,Pallas Health,Mid-Market,APAC,VERIFY,Namilio Verify,Usage,verification,940000,951000,11000,101.2,On track,3973.96,57.29,false
2026-03,2026-03-31,ACC-1137,Pallas Health,Mid-Market,APAC,VERIFY,Namilio Verify,Usage,verification,940000,1093009,153009,116.3,In overage,4713.59,796.92,false
2026-04,2026-04-30,ACC-1137,Pallas Health,Mid-Market,APAC,VERIFY,Namilio Verify,Usage,verification,940000,1091633,151633,116.1,In overage,4706.42,789.76,false
2026-05,2026-05-31,ACC-1137,Pallas Health,Mid-Market,APAC,VERIFY,Namilio Verify,Usage,verification,940000,1143014,203014,121.6,In overage,4974.03,1057.36,false
2026-06,2026-06-30,ACC-1137,Pallas Health,Mid-Market,APAC,VERIFY,Namilio Verify,Usage,verification,940000,1161661,221661,123.6,In overage,5071.15,1154.48,false
2026-07,2026-07-31,ACC-1137,Pallas Health,Mid-Market,APAC,VERIFY,Namilio Verify,Usage,verification,940000,1206876,266876,128.4,In overage,5306.65,1389.98,false
2026-08,2026-08-31,ACC-1137,Pallas Health,Mid-Market,APAC,VERIFY,Namilio Verify,Usage,verification,940000,1243659,303659,132.3,In overage,5498.22,1581.56,false
2026-09,2026-09-30,ACC-1137,Pallas Health,Mid-Market,APAC,VERIFY,Namilio Verify,Usage,verification,940000,1260854,320854,134.1,In overage,5587.78,1671.11,false
2025-09,2025-09-30,ACC-1137,Pallas Health,Mid-Market,APAC,STUDIO,Namilio Studio,Seat,seat/year,187,114,0,60.9,On track,4104,0,false
2025-10,2025-10-31,ACC-1137,Pallas Health,Mid-Market,APAC,STUDIO,Namilio Studio,Seat,seat/year,187,111,0,59.6,Under-consuming,3996,0,false
2025-11,2025-11-30,ACC-1137,Pallas Health,Mid-Market,APAC,STUDIO,Namilio Studio,Seat,seat/year,187,134,0,71.8,On track,4824,0,false
2025-12,2025-12-31,ACC-1137,Pallas Health,Mid-Market,APAC,STUDIO,Namilio Studio,Seat,seat/year,187,132,0,70.4,On track,4752,0,false
2026-01,2026-01-31,ACC-1137,Pallas Health,Mid-Market,APAC,STUDIO,Namilio Studio,Seat,seat/year,187,129,0,68.7,On track,4644,0,false
2026-02,2026-02-28,ACC-1137,Pallas Health,Mid-Market,APAC,STUDIO,Namilio Studio,Seat,seat/year,187,143,0,76.7,On track,5148,0,false
2026-03,2026-03-31,ACC-1137,Pallas Health,Mid-Market,APAC,STUDIO,Namilio Studio,Seat,seat/year,187,148,0,78.9,On track,5328,0,false
2026-04,2026-04-30,ACC-1137,Pallas Health,Mid-Market,APAC,STUDIO,Namilio Studio,Seat,seat/year,187,158,0,84.7,On track,5688,0,false
2026-05,2026-05-31,ACC-1137,Pallas Health,Mid-Market,APAC,STUDIO,Namilio Studio,Seat,seat/year,187,148,0,79,On track,5328,0,false
2026-06,2026-06-30,ACC-1137,Pallas Health,Mid-Market,APAC,STUDIO,Namilio Studio,Seat,seat/year,187,140,0,75.1,On track,5040,0,false
2026-07,2026-07-31,ACC-1137,Pallas Health,Mid-Market,APAC,STUDIO,Namilio Studio,Seat,seat/year,187,151,0,80.5,On track,5436,0,false
2026-08,2026-08-31,ACC-1137,Pallas Health,Mid-Market,APAC,STUDIO,Namilio Studio,Seat,seat/year,187,145,0,77.7,On track,5220,0,false
2026-09,2026-09-30,ACC-1137,Pallas Health,Mid-Market,APAC,STUDIO,Namilio Studio,Seat,seat/year,187,147,0,78.8,On track,5292,0,false
2025-09,2025-09-30,ACC-1137,Pallas Health,Mid-Market,APAC,VERIFY,Namilio Verify,Usage,verification,884444,742477,0,83.9,On track,2784.29,0,false
2025-10,2025-10-31,ACC-1137,Pallas Health,Mid-Market,APAC,VERIFY,Namilio Verify,Usage,verification,884444,744377,0,84.2,On track,2791.41,0,false
2025-11,2025-11-30,ACC-1137,Pallas Health,Mid-Market,APAC,VERIFY,Namilio Verify,Usage,verification,884444,840216,0,95,On track,3150.81,0,false
2025-12,2025-12-31,ACC-1137,Pallas Health,Mid-Market,APAC,VERIFY,Namilio Verify,Usage,verification,884444,826345,0,93.4,On track,3098.79,0,false
2026-01,2026-01-31,ACC-1137,Pallas Health,Mid-Market,APAC,VERIFY,Namilio Verify,Usage,verification,884444,769364,0,87,On track,2885.11,0,false
2026-02,2026-02-28,ACC-1137,Pallas Health,Mid-Market,APAC,VERIFY,Namilio Verify,Usage,verification,884444,793209,0,89.7,On track,2974.53,0,false
2026-03,2026-03-31,ACC-1137,Pallas Health,Mid-Market,APAC,VERIFY,Namilio Verify,Usage,verification,884444,866952,0,98,On track,3251.07,0,false
2026-04,2026-04-30,ACC-1137,Pallas Health,Mid-Market,APAC,VERIFY,Namilio Verify,Usage,verification,884444,901899,17455,102,On track,3398.49,81.82,false
2026-05,2026-05-31,ACC-1137,Pallas Health,Mid-Market,APAC,VERIFY,Namilio Verify,Usage,verification,884444,987954,103510,111.7,In overage,3801.87,485.2,false
2026-06,2026-06-30,ACC-1137,Pallas Health,Mid-Market,APAC,VERIFY,Namilio Verify,Usage,verification,884444,941679,57235,106.5,In overage,3584.95,268.29,false
2026-07,2026-07-31,ACC-1137,Pallas Health,Mid-Market,APAC,VERIFY,Namilio Verify,Usage,verification,884444,1011629,127185,114.4,In overage,3912.84,596.18,false
2026-08,2026-08-31,ACC-1137,Pallas Health,Mid-Market,APAC,VERIFY,Namilio Verify,Usage,verification,884444,1018787,134343,115.2,In overage,3946.4,629.73,false
2026-09,2026-09-30,ACC-1137,Pallas Health,Mid-Market,APAC,VERIFY,Namilio Verify,Usage,verification,884444,1073617,189173,121.4,In overage,4203.41,886.75,false
2026-09,2026-09-30,ACC-1137,Pallas Health,Mid-Market,APAC,VERIFY,Namilio Verify,Usage,verification,736000,696838,0,94.7,On track,2903.49,0,false
2026-09,2026-09-30,ACC-1137,Pallas Health,Mid-Market,APAC,MSG-API,Namilio Messaging API,Usage,message,12143590,7822094,0,64.4,On track,3174.47,0,false
2026-09,2026-09-30,ACC-1137,Pallas Health,Mid-Market,APAC,VOICE-AGENT,Namilio Voice Agents,Usage,minute,807018,577125,0,71.5,On track,4112.02,0,false
2025-11,2025-11-30,ACC-1038,Kestrel Health,Mid-Market,EMEA,MSG-API,Namilio Messaging API,Usage,message,12383333,8196970,0,66.2,On track,4098.48,0,false
2025-12,2025-12-31,ACC-1038,Kestrel Health,Mid-Market,EMEA,MSG-API,Namilio Messaging API,Usage,message,12383333,8209120,0,66.3,On track,4104.56,0,false
2026-01,2026-01-31,ACC-1038,Kestrel Health,Mid-Market,EMEA,MSG-API,Namilio Messaging API,Usage,message,12383333,8868643,0,71.6,On track,4434.32,0,false
2026-02,2026-02-28,ACC-1038,Kestrel Health,Mid-Market,EMEA,MSG-API,Namilio Messaging API,Usage,message,12383333,9442279,0,76.2,On track,4721.14,0,false
2026-03,2026-03-31,ACC-1038,Kestrel Health,Mid-Market,EMEA,MSG-API,Namilio Messaging API,Usage,message,12383333,10013535,0,80.9,On track,5006.77,0,false
2026-04,2026-04-30,ACC-1038,Kestrel Health,Mid-Market,EMEA,MSG-API,Namilio Messaging API,Usage,message,12383333,10775120,0,87,On track,5387.56,0,false
2026-05,2026-05-31,ACC-1038,Kestrel Health,Mid-Market,EMEA,MSG-API,Namilio Messaging API,Usage,message,12383333,11173207,0,90.2,On track,5586.6,0,false
2026-06,2026-06-30,ACC-1038,Kestrel Health,Mid-Market,EMEA,MSG-API,Namilio Messaging API,Usage,message,12383333,12306699,0,99.4,On track,6153.35,0,false
2026-07,2026-07-31,ACC-1038,Kestrel Health,Mid-Market,EMEA,MSG-API,Namilio Messaging API,Usage,message,12383333,13095449,712116,105.8,In overage,6636.74,445.07,false
2026-08,2026-08-31,ACC-1038,Kestrel Health,Mid-Market,EMEA,MSG-API,Namilio Messaging API,Usage,message,12383333,13478017,1094684,108.8,In overage,6875.84,684.18,false
2026-09,2026-09-30,ACC-1038,Kestrel Health,Mid-Market,EMEA,MSG-API,Namilio Messaging API,Usage,message,12383333,14468812,2085479,116.8,In overage,7495.09,1303.42,false
2025-10,2025-10-31,ACC-1038,Kestrel Health,Mid-Market,EMEA,MSG-API,Namilio Messaging API,Usage,message,9106667,9728449,621782,106.8,In overage,6177.43,485.77,false
2025-11,2025-11-30,ACC-1038,Kestrel Health,Mid-Market,EMEA,MSG-API,Namilio Messaging API,Usage,message,9106667,10169758,1063091,111.7,In overage,6522.21,830.54,false
2025-12,2025-12-31,ACC-1038,Kestrel Health,Mid-Market,EMEA,MSG-API,Namilio Messaging API,Usage,message,9106667,11068466,1961799,121.5,In overage,7224.32,1532.66,false
2026-01,2026-01-31,ACC-1038,Kestrel Health,Mid-Market,EMEA,MSG-API,Namilio Messaging API,Usage,message,9106667,11159837,2053170,122.5,In overage,7295.71,1604.04,false
2026-02,2026-02-28,ACC-1038,Kestrel Health,Mid-Market,EMEA,MSG-API,Namilio Messaging API,Usage,message,9106667,11560789,2454122,126.9,In overage,7608.95,1917.28,false
2026-03,2026-03-31,ACC-1038,Kestrel Health,Mid-Market,EMEA,MSG-API,Namilio Messaging API,Usage,message,9106667,11458431,2351764,125.8,In overage,7528.98,1837.32,false
2026-04,2026-04-30,ACC-1038,Kestrel Health,Mid-Market,EMEA,MSG-API,Namilio Messaging API,Usage,message,9106667,11392811,2286144,125.1,In overage,7477.72,1786.05,false
2026-05,2026-05-31,ACC-1038,Kestrel Health,Mid-Market,EMEA,MSG-API,Namilio Messaging API,Usage,message,9106667,11894415,2787748,130.6,In overage,7869.6,2177.93,false
2026-06,2026-06-30,ACC-1038,Kestrel Health,Mid-Market,EMEA,MSG-API,Namilio Messaging API,Usage,message,9106667,12061169,2954502,132.4,In overage,7999.87,2308.2,false
2026-07,2026-07-31,ACC-1038,Kestrel Health,Mid-Market,EMEA,MSG-API,Namilio Messaging API,Usage,message,9106667,12634980,3528313,138.7,In overage,8448.16,2756.49,false
2026-08,2026-08-31,ACC-1038,Kestrel Health,Mid-Market,EMEA,MSG-API,Namilio Messaging API,Usage,message,9106667,12636605,3529938,138.8,In overage,8449.43,2757.76,false
2026-09,2026-09-30,ACC-1038,Kestrel Health,Mid-Market,EMEA,MSG-API,Namilio Messaging API,Usage,message,9106667,12919501,3812834,141.9,In overage,8670.44,2978.78,false
2026-09,2026-09-30,ACC-1038,Kestrel Health,Mid-Market,EMEA,VOICE-AGENT,Namilio Voice Agents,Usage,minute,322222,331666,9444,102.9,On track,2254.68,79.68,false
2026-09,2026-09-30,ACC-1038,Kestrel Health,Mid-Market,EMEA,VERIFY,Namilio Verify,Usage,verification,826000,549900,0,66.6,On track,2291.25,0,false
2026-09,2026-09-30,ACC-1038,Kestrel Health,Mid-Market,EMEA,COPILOT-API,Namilio Copilot API,Usage,1K tokens,3918182,2534080,0,64.7,On track,2322.91,0,false
2026-04,2026-04-30,ACC-1010,North Learning,Mid-Market,EMEA,STUDIO,Namilio Studio,Seat,seat/year,93,62,0,66.8,On track,2650.5,0,false
2026-05,2026-05-31,ACC-1010,North Learning,Mid-Market,EMEA,STUDIO,Namilio Studio,Seat,seat/year,93,62,0,66.7,On track,2650.5,0,false
2026-06,2026-06-30,ACC-1010,North Learning,Mid-Market,EMEA,STUDIO,Namilio Studio,Seat,seat/year,93,53,0,57,Under-consuming,2265.75,0,false
2026-07,2026-07-31,ACC-1010,North Learning,Mid-Market,EMEA,STUDIO,Namilio Studio,Seat,seat/year,93,50,0,54.2,Under-consuming,2137.5,0,true
2026-08,2026-08-31,ACC-1010,North Learning,Mid-Market,EMEA,STUDIO,Namilio Studio,Seat,seat/year,93,57,0,61.2,On track,2436.75,0,false
2026-09,2026-09-30,ACC-1010,North Learning,Mid-Market,EMEA,STUDIO,Namilio Studio,Seat,seat/year,93,64,0,68.9,On track,2736,0,false
2026-05,2026-05-31,ACC-1011,Harbor Works,SMB,AMER,VOICE-AGENT,Namilio Voice Agents,Usage,minute,165556,101834,0,61.5,On track,763.75,0,false
2026-06,2026-06-30,ACC-1011,Harbor Works,SMB,AMER,VOICE-AGENT,Namilio Voice Agents,Usage,minute,165556,104730,0,63.3,On track,785.47,0,false
2026-07,2026-07-31,ACC-1011,Harbor Works,SMB,AMER,VOICE-AGENT,Namilio Voice Agents,Usage,minute,165556,85437,0,51.6,Under-consuming,640.78,0,true
2026-08,2026-08-31,ACC-1011,Harbor Works,SMB,AMER,VOICE-AGENT,Namilio Voice Agents,Usage,minute,165556,92569,0,55.9,Under-consuming,694.27,0,false
2026-09,2026-09-30,ACC-1011,Harbor Works,SMB,AMER,VOICE-AGENT,Namilio Voice Agents,Usage,minute,165556,100794,0,60.9,On track,755.95,0,false
2026-05,2026-05-31,ACC-1011,Harbor Works,SMB,AMER,MSG-API,Namilio Messaging API,Usage,message,2266667,1235825,0,54.5,Under-consuming,695.15,0,true
2026-06,2026-06-30,ACC-1011,Harbor Works,SMB,AMER,MSG-API,Namilio Messaging API,Usage,message,2266667,1250841,0,55.2,Under-consuming,703.6,0,false
2026-07,2026-07-31,ACC-1011,Harbor Works,SMB,AMER,MSG-API,Namilio Messaging API,Usage,message,2266667,1225261,0,54.1,Under-consuming,689.21,0,true
2026-08,2026-08-31,ACC-1011,Harbor Works,SMB,AMER,MSG-API,Namilio Messaging API,Usage,message,2266667,1209795,0,53.4,Under-consuming,680.51,0,true
2026-09,2026-09-30,ACC-1011,Harbor Works,SMB,AMER,MSG-API,Namilio Messaging API,Usage,message,2266667,1283628,0,56.6,Under-consuming,722.04,0,false
2025-10,2025-10-31,ACC-1036,Tundra Market,Self-Serve,EMEA,VOICE-AGENT,Namilio Voice Agents,Usage,minute,51111,54883,3772,107.4,In overage,418.69,35.36,false
2025-11,2025-11-30,ACC-1036,Tundra Market,Self-Serve,EMEA,VOICE-AGENT,Namilio Voice Agents,Usage,minute,51111,51831,720,101.4,On track,390.08,6.75,false
2025-12,2025-12-31,ACC-1036,Tundra Market,Self-Serve,EMEA,VOICE-AGENT,Namilio Voice Agents,Usage,minute,51111,49543,0,96.9,On track,371.57,0,false
2026-01,2026-01-31,ACC-1036,Tundra Market,Self-Serve,EMEA,VOICE-AGENT,Namilio Voice Agents,Usage,minute,51111,49295,0,96.4,On track,369.71,0,false
2026-02,2026-02-28,ACC-1036,Tundra Market,Self-Serve,EMEA,VOICE-AGENT,Namilio Voice Agents,Usage,minute,51111,52754,1643,103.2,On track,398.74,15.4,false
2026-03,2026-03-31,ACC-1036,Tundra Market,Self-Serve,EMEA,VOICE-AGENT,Namilio Voice Agents,Usage,minute,51111,58799,7688,115,In overage,455.41,72.08,false
2026-04,2026-04-30,ACC-1036,Tundra Market,Self-Serve,EMEA,VOICE-AGENT,Namilio Voice Agents,Usage,minute,51111,56842,5731,111.2,In overage,437.06,53.73,false
2026-05,2026-05-31,ACC-1036,Tundra Market,Self-Serve,EMEA,VOICE-AGENT,Namilio Voice Agents,Usage,minute,51111,57103,5992,111.7,In overage,439.51,56.17,false
2026-06,2026-06-30,ACC-1036,Tundra Market,Self-Serve,EMEA,VOICE-AGENT,Namilio Voice Agents,Usage,minute,51111,53491,2380,104.7,On track,405.64,22.31,false
2026-07,2026-07-31,ACC-1036,Tundra Market,Self-Serve,EMEA,VOICE-AGENT,Namilio Voice Agents,Usage,minute,51111,50033,0,97.9,On track,375.25,0,false
2026-08,2026-08-31,ACC-1036,Tundra Market,Self-Serve,EMEA,VOICE-AGENT,Namilio Voice Agents,Usage,minute,51111,46767,0,91.5,On track,350.75,0,false
2026-09,2026-09-30,ACC-1036,Tundra Market,Self-Serve,EMEA,VOICE-AGENT,Namilio Voice Agents,Usage,minute,51111,47152,0,92.3,On track,353.64,0,false
2026-03,2026-03-31,ACC-1036,Tundra Market,Self-Serve,EMEA,STUDIO,Namilio Studio,Seat,seat/year,24,19,0,77.5,On track,684,0,false
2026-04,2026-04-30,ACC-1036,Tundra Market,Self-Serve,EMEA,STUDIO,Namilio Studio,Seat,seat/year,24,19,0,79.5,On track,684,0,false
2026-05,2026-05-31,ACC-1036,Tundra Market,Self-Serve,EMEA,STUDIO,Namilio Studio,Seat,seat/year,24,19,0,77.7,On track,684,0,false
2026-06,2026-06-30,ACC-1036,Tundra Market,Self-Serve,EMEA,STUDIO,Namilio Studio,Seat,seat/year,24,17,0,69.3,On track,612,0,false
2026-07,2026-07-31,ACC-1036,Tundra Market,Self-Serve,EMEA,STUDIO,Namilio Studio,Seat,seat/year,24,17,0,69.4,On track,612,0,false
2026-08,2026-08-31,ACC-1036,Tundra Market,Self-Serve,EMEA,STUDIO,Namilio Studio,Seat,seat/year,24,15,0,61.2,On track,540,0,false
2026-09,2026-09-30,ACC-1036,Tundra Market,Self-Serve,EMEA,STUDIO,Namilio Studio,Seat,seat/year,24,13,0,53.9,Under-consuming,468,0,true
2026-08,2026-08-31,ACC-1036,Tundra Market,Self-Serve,EMEA,VERIFY,Namilio Verify,Usage,verification,18462,17786,0,96.3,On track,48.17,0,false
2026-09,2026-09-30,ACC-1036,Tundra Market,Self-Serve,EMEA,VERIFY,Namilio Verify,Usage,verification,18462,16797,0,91,On track,45.49,0,false
2025-09,2025-09-30,ACC-1009,Quanta Labs,Enterprise,EMEA,STUDIO,Namilio Studio,Seat,seat/year,641,583,0,90.9,On track,26235,0,false
2025-10,2025-10-31,ACC-1009,Quanta Labs,Enterprise,EMEA,STUDIO,Namilio Studio,Seat,seat/year,641,550,0,85.8,On track,24750,0,false
2025-11,2025-11-30,ACC-1009,Quanta Labs,Enterprise,EMEA,STUDIO,Namilio Studio,Seat,seat/year,641,551,0,86,On track,24795,0,false
2025-12,2025-12-31,ACC-1009,Quanta Labs,Enterprise,EMEA,STUDIO,Namilio Studio,Seat,seat/year,641,556,0,86.7,On track,25020,0,false
2026-01,2026-01-31,ACC-1009,Quanta Labs,Enterprise,EMEA,STUDIO,Namilio Studio,Seat,seat/year,641,537,0,83.8,On track,24165,0,false
2026-02,2026-02-28,ACC-1009,Quanta Labs,Enterprise,EMEA,STUDIO,Namilio Studio,Seat,seat/year,641,582,0,90.8,On track,26190,0,false
2026-03,2026-03-31,ACC-1009,Quanta Labs,Enterprise,EMEA,STUDIO,Namilio Studio,Seat,seat/year,641,642,1,100.2,On track,28901.25,56.25,false
2026-04,2026-04-30,ACC-1009,Quanta Labs,Enterprise,EMEA,STUDIO,Namilio Studio,Seat,seat/year,641,631,0,98.4,On track,28395,0,false
2026-05,2026-05-31,ACC-1009,Quanta Labs,Enterprise,EMEA,STUDIO,Namilio Studio,Seat,seat/year,641,700,59,109.2,In overage,32163.75,3318.75,false
2026-06,2026-06-30,ACC-1009,Quanta Labs,Enterprise,EMEA,STUDIO,Namilio Studio,Seat,seat/year,641,713,72,111.3,In overage,32895,4050,false
2026-07,2026-07-31,ACC-1009,Quanta Labs,Enterprise,EMEA,STUDIO,Namilio Studio,Seat,seat/year,641,716,75,111.7,In overage,33063.75,4218.75,false
2026-08,2026-08-31,ACC-1009,Quanta Labs,Enterprise,EMEA,STUDIO,Namilio Studio,Seat,seat/year,641,755,114,117.7,In overage,35257.5,6412.5,false
2026-09,2026-09-30,ACC-1009,Quanta Labs,Enterprise,EMEA,STUDIO,Namilio Studio,Seat,seat/year,641,702,61,109.6,In overage,32276.25,3431.25,false
2025-09,2025-09-30,ACC-1009,Quanta Labs,Enterprise,EMEA,MSG-API,Namilio Messaging API,Usage,message,49640000,30983443,0,62.4,On track,19364.65,0,false
2025-10,2025-10-31,ACC-1009,Quanta Labs,Enterprise,EMEA,MSG-API,Namilio Messaging API,Usage,message,49640000,34835139,0,70.2,On track,21771.96,0,false
2025-11,2025-11-30,ACC-1009,Quanta Labs,Enterprise,EMEA,MSG-API,Namilio Messaging API,Usage,message,49640000,37034263,0,74.6,On track,23146.41,0,false
2025-12,2025-12-31,ACC-1009,Quanta Labs,Enterprise,EMEA,MSG-API,Namilio Messaging API,Usage,message,49640000,44469558,0,89.6,On track,27793.47,0,false
2026-01,2026-01-31,ACC-1009,Quanta Labs,Enterprise,EMEA,MSG-API,Namilio Messaging API,Usage,message,49640000,45374634,0,91.4,On track,28359.15,0,false
2026-02,2026-02-28,ACC-1009,Quanta Labs,Enterprise,EMEA,MSG-API,Namilio Messaging API,Usage,message,49640000,47873163,0,96.4,On track,29920.73,0,false
2026-03,2026-03-31,ACC-1009,Quanta Labs,Enterprise,EMEA,MSG-API,Namilio Messaging API,Usage,message,49640000,51727077,2087077,104.2,On track,32655.53,1630.53,false
2026-04,2026-04-30,ACC-1009,Quanta Labs,Enterprise,EMEA,MSG-API,Namilio Messaging API,Usage,message,49640000,51018800,1378800,102.8,On track,32102.19,1077.19,false
2026-05,2026-05-31,ACC-1009,Quanta Labs,Enterprise,EMEA,MSG-API,Namilio Messaging API,Usage,message,49640000,52093272,2453272,104.9,On track,32941.62,1916.62,false
2026-06,2026-06-30,ACC-1009,Quanta Labs,Enterprise,EMEA,MSG-API,Namilio Messaging API,Usage,message,49640000,55813324,6173324,112.4,In overage,35847.91,4822.91,false
2026-07,2026-07-31,ACC-1009,Quanta Labs,Enterprise,EMEA,MSG-API,Namilio Messaging API,Usage,message,49640000,57317029,7677029,115.5,In overage,37022.68,5997.68,false
2026-08,2026-08-31,ACC-1009,Quanta Labs,Enterprise,EMEA,MSG-API,Namilio Messaging API,Usage,message,49640000,61384263,11744263,123.7,In overage,40200.21,9175.21,false
2026-09,2026-09-30,ACC-1009,Quanta Labs,Enterprise,EMEA,MSG-API,Namilio Messaging API,Usage,message,49640000,65428261,15788261,131.8,In overage,43359.58,12334.58,false
2025-09,2025-09-30,ACC-1009,Quanta Labs,Enterprise,EMEA,VERIFY,Namilio Verify,Usage,verification,4100000,3102884,0,75.7,On track,12928.68,0,false
2025-10,2025-10-31,ACC-1009,Quanta Labs,Enterprise,EMEA,VERIFY,Namilio Verify,Usage,verification,4100000,3373333,0,82.3,On track,14055.55,0,false
2025-11,2025-11-30,ACC-1009,Quanta Labs,Enterprise,EMEA,VERIFY,Namilio Verify,Usage,verification,4100000,3237611,0,79,On track,13490.05,0,false
2025-12,2025-12-31,ACC-1009,Quanta Labs,Enterprise,EMEA,VERIFY,Namilio Verify,Usage,verification,4100000,3697089,0,90.2,On track,15404.54,0,false
2026-01,2026-01-31,ACC-1009,Quanta Labs,Enterprise,EMEA,VERIFY,Namilio Verify,Usage,verification,4100000,3756313,0,91.6,On track,15651.3,0,false
2026-02,2026-02-28,ACC-1009,Quanta Labs,Enterprise,EMEA,VERIFY,Namilio Verify,Usage,verification,4100000,3859979,0,94.1,On track,16083.25,0,false
2026-03,2026-03-31,ACC-1009,Quanta Labs,Enterprise,EMEA,VERIFY,Namilio Verify,Usage,verification,4100000,4075808,0,99.4,On track,16982.53,0,false
2026-04,2026-04-30,ACC-1009,Quanta Labs,Enterprise,EMEA,VERIFY,Namilio Verify,Usage,verification,4100000,4132396,32396,100.8,On track,17252.06,168.73,false
2026-05,2026-05-31,ACC-1009,Quanta Labs,Enterprise,EMEA,VERIFY,Namilio Verify,Usage,verification,4100000,4124706,24706,100.6,On track,17212.01,128.68,false
2026-06,2026-06-30,ACC-1009,Quanta Labs,Enterprise,EMEA,VERIFY,Namilio Verify,Usage,verification,4100000,4157452,57452,101.4,On track,17382.56,299.23,false
2026-07,2026-07-31,ACC-1009,Quanta Labs,Enterprise,EMEA,VERIFY,Namilio Verify,Usage,verification,4100000,4590476,490476,112,In overage,19637.9,2554.56,false
2026-08,2026-08-31,ACC-1009,Quanta Labs,Enterprise,EMEA,VERIFY,Namilio Verify,Usage,verification,4100000,4491334,391334,109.5,In overage,19121.53,2038.2,false
2026-09,2026-09-30,ACC-1009,Quanta Labs,Enterprise,EMEA,VERIFY,Namilio Verify,Usage,verification,4100000,4672491,572491,114,In overage,20065.06,2981.72,false
2026-02,2026-02-28,ACC-1009,Quanta Labs,Enterprise,EMEA,MSG-API,Namilio Messaging API,Usage,message,7827451,7897931,70480,100.9,On track,4201.84,46.77,false
2026-03,2026-03-31,ACC-1009,Quanta Labs,Enterprise,EMEA,MSG-API,Namilio Messaging API,Usage,message,7827451,7722920,0,98.7,On track,4099.58,0,false
2026-04,2026-04-30,ACC-1009,Quanta Labs,Enterprise,EMEA,MSG-API,Namilio Messaging API,Usage,message,7827451,7586681,0,96.9,On track,4027.26,0,false
2026-05,2026-05-31,ACC-1009,Quanta Labs,Enterprise,EMEA,MSG-API,Namilio Messaging API,Usage,message,7827451,7294515,0,93.2,On track,3872.17,0,false
2026-06,2026-06-30,ACC-1009,Quanta Labs,Enterprise,EMEA,MSG-API,Namilio Messaging API,Usage,message,7827451,6821693,0,87.2,On track,3621.18,0,false
2026-07,2026-07-31,ACC-1009,Quanta Labs,Enterprise,EMEA,MSG-API,Namilio Messaging API,Usage,message,7827451,6746492,0,86.2,On track,3581.26,0,false
2026-08,2026-08-31,ACC-1009,Quanta Labs,Enterprise,EMEA,MSG-API,Namilio Messaging API,Usage,message,7827451,7609016,0,97.2,On track,4039.12,0,false
2026-09,2026-09-30,ACC-1009,Quanta Labs,Enterprise,EMEA,MSG-API,Namilio Messaging API,Usage,message,7827451,8152415,324964,104.2,On track,4370.7,215.63,false
2026-02,2026-02-28,ACC-1009,Quanta Labs,Enterprise,EMEA,STUDIO,Namilio Studio,Seat,seat/year,155,148,0,95.3,On track,6327,0,false
2026-03,2026-03-31,ACC-1009,Quanta Labs,Enterprise,EMEA,STUDIO,Namilio Studio,Seat,seat/year,155,157,2,101.2,On track,6733.13,106.88,false
2026-04,2026-04-30,ACC-1009,Quanta Labs,Enterprise,EMEA,STUDIO,Namilio Studio,Seat,seat/year,155,149,0,96.2,On track,6369.75,0,false
2026-05,2026-05-31,ACC-1009,Quanta Labs,Enterprise,EMEA,STUDIO,Namilio Studio,Seat,seat/year,155,161,6,103.9,On track,6946.88,320.63,false
2026-06,2026-06-30,ACC-1009,Quanta Labs,Enterprise,EMEA,STUDIO,Namilio Studio,Seat,seat/year,155,166,11,106.8,In overage,7214.06,587.81,false
2026-07,2026-07-31,ACC-1009,Quanta Labs,Enterprise,EMEA,STUDIO,Namilio Studio,Seat,seat/year,155,162,7,104.4,On track,7000.31,374.06,false
2026-08,2026-08-31,ACC-1009,Quanta Labs,Enterprise,EMEA,STUDIO,Namilio Studio,Seat,seat/year,155,165,10,106.6,In overage,7160.63,534.38,false
2026-09,2026-09-30,ACC-1009,Quanta Labs,Enterprise,EMEA,STUDIO,Namilio Studio,Seat,seat/year,155,186,31,120.2,In overage,8282.81,1656.56,false
2026-09,2026-09-30,ACC-1012,Tundra Mobility,Mid-Market,AMER,COPILOT-API,Namilio Copilot API,Usage,1K tokens,5927273,5585124,0,94.2,On track,5119.7,0,false
2026-04,2026-04-30,ACC-1012,Tundra Mobility,Mid-Market,AMER,STUDIO,Namilio Studio,Seat,seat/year,327,298,0,91.2,On track,8716.5,0,false
2026-05,2026-05-31,ACC-1012,Tundra Mobility,Mid-Market,AMER,STUDIO,Namilio Studio,Seat,seat/year,327,281,0,85.9,On track,8219.25,0,false
2026-06,2026-06-30,ACC-1012,Tundra Mobility,Mid-Market,AMER,STUDIO,Namilio Studio,Seat,seat/year,327,288,0,88.1,On track,8424,0,false
2026-07,2026-07-31,ACC-1012,Tundra Mobility,Mid-Market,AMER,STUDIO,Namilio Studio,Seat,seat/year,327,284,0,86.9,On track,8307,0,false
2026-08,2026-08-31,ACC-1012,Tundra Mobility,Mid-Market,AMER,STUDIO,Namilio Studio,Seat,seat/year,327,297,0,90.7,On track,8687.25,0,false
2026-09,2026-09-30,ACC-1012,Tundra Mobility,Mid-Market,AMER,STUDIO,Namilio Studio,Seat,seat/year,327,286,0,87.5,On track,8365.5,0,false
2026-04,2026-04-30,ACC-1012,Tundra Mobility,Mid-Market,AMER,COPILOT-API,Namilio Copilot API,Usage,1K tokens,4889952,3453095,0,70.6,On track,3007.07,0,false
2026-05,2026-05-31,ACC-1012,Tundra Mobility,Mid-Market,AMER,COPILOT-API,Namilio Copilot API,Usage,1K tokens,4889952,3914798,0,80.1,On track,3409.14,0,false
2026-06,2026-06-30,ACC-1012,Tundra Mobility,Mid-Market,AMER,COPILOT-API,Namilio Copilot API,Usage,1K tokens,4889952,3774242,0,77.2,On track,3286.74,0,false
2026-07,2026-07-31,ACC-1012,Tundra Mobility,Mid-Market,AMER,COPILOT-API,Namilio Copilot API,Usage,1K tokens,4889952,3555943,0,72.7,On track,3096.63,0,false
2026-08,2026-08-31,ACC-1012,Tundra Mobility,Mid-Market,AMER,COPILOT-API,Namilio Copilot API,Usage,1K tokens,4889952,3657542,0,74.8,On track,3185.11,0,false
2026-09,2026-09-30,ACC-1012,Tundra Mobility,Mid-Market,AMER,COPILOT-API,Namilio Copilot API,Usage,1K tokens,4889952,3501864,0,71.6,On track,3049.54,0,false
2026-08,2026-08-31,ACC-1012,Tundra Mobility,Mid-Market,AMER,STUDIO,Namilio Studio,Seat,seat/year,80,51,0,63.9,On track,1836,0,false
2026-09,2026-09-30,ACC-1012,Tundra Mobility,Mid-Market,AMER,STUDIO,Namilio Studio,Seat,seat/year,80,55,0,69.1,On track,1980,0,false
2026-08,2026-08-31,ACC-1012,Tundra Mobility,Mid-Market,AMER,MSG-API,Namilio Messaging API,Usage,message,3373333,2309381,0,68.5,On track,1443.36,0,false
2026-09,2026-09-30,ACC-1012,Tundra Mobility,Mid-Market,AMER,MSG-API,Namilio Messaging API,Usage,message,3373333,2398838,0,71.1,On track,1499.27,0,false
2026-07,2026-07-31,ACC-1132,Umbra Freight,SMB,AMER,VOICE-AGENT,Namilio Voice Agents,Usage,minute,154444,131496,0,85.1,On track,986.22,0,false
2026-08,2026-08-31,ACC-1132,Umbra Freight,SMB,AMER,VOICE-AGENT,Namilio Voice Agents,Usage,minute,154444,127246,0,82.4,On track,954.34,0,false
2026-09,2026-09-30,ACC-1132,Umbra Freight,SMB,AMER,VOICE-AGENT,Namilio Voice Agents,Usage,minute,154444,124128,0,80.4,On track,930.96,0,false
2026-07,2026-07-31,ACC-1132,Umbra Freight,SMB,AMER,STUDIO,Namilio Studio,Seat,seat/year,30,21,0,70.4,On track,945,0,false
2026-08,2026-08-31,ACC-1132,Umbra Freight,SMB,AMER,STUDIO,Namilio Studio,Seat,seat/year,30,21,0,69.8,On track,945,0,false
2026-09,2026-09-30,ACC-1132,Umbra Freight,SMB,AMER,STUDIO,Namilio Studio,Seat,seat/year,30,24,0,79.1,On track,1080,0,false
2026-09,2026-09-30,ACC-1133,Cinder Travel,Mid-Market,APAC,VOICE-AGENT,Namilio Voice Agents,Usage,minute,2260131,2278481,18350,100.8,On track,14554.56,146.23,false
2026-01,2026-01-31,ACC-1133,Cinder Travel,Mid-Market,APAC,VOICE-AGENT,Namilio Voice Agents,Usage,minute,959477,647567,0,67.5,On track,4128.24,0,false
2026-02,2026-02-28,ACC-1133,Cinder Travel,Mid-Market,APAC,VOICE-AGENT,Namilio Voice Agents,Usage,minute,959477,604565,0,63,On track,3854.1,0,false
2026-03,2026-03-31,ACC-1133,Cinder Travel,Mid-Market,APAC,VOICE-AGENT,Namilio Voice Agents,Usage,minute,959477,575082,0,59.9,Under-consuming,3666.15,0,false
2026-04,2026-04-30,ACC-1133,Cinder Travel,Mid-Market,APAC,VOICE-AGENT,Namilio Voice Agents,Usage,minute,959477,558609,0,58.2,Under-consuming,3561.13,0,false
2026-05,2026-05-31,ACC-1133,Cinder Travel,Mid-Market,APAC,VOICE-AGENT,Namilio Voice Agents,Usage,minute,959477,572581,0,59.7,Under-consuming,3650.2,0,false
2026-06,2026-06-30,ACC-1133,Cinder Travel,Mid-Market,APAC,VOICE-AGENT,Namilio Voice Agents,Usage,minute,959477,573568,0,59.8,Under-consuming,3656.5,0,false
2026-07,2026-07-31,ACC-1133,Cinder Travel,Mid-Market,APAC,VOICE-AGENT,Namilio Voice Agents,Usage,minute,959477,562908,0,58.7,Under-consuming,3588.54,0,false
2026-08,2026-08-31,ACC-1133,Cinder Travel,Mid-Market,APAC,VOICE-AGENT,Namilio Voice Agents,Usage,minute,959477,604987,0,63.1,On track,3856.79,0,false
2026-09,2026-09-30,ACC-1133,Cinder Travel,Mid-Market,APAC,VOICE-AGENT,Namilio Voice Agents,Usage,minute,959477,703338,0,73.3,On track,4483.78,0,false
2025-11,2025-11-30,ACC-1066,Vertex Learning,Self-Serve,EMEA,VOICE-AGENT,Namilio Voice Agents,Usage,minute,69006,42017,0,60.9,On track,299.37,0,false
2025-12,2025-12-31,ACC-1066,Vertex Learning,Self-Serve,EMEA,VOICE-AGENT,Namilio Voice Agents,Usage,minute,69006,45957,0,66.6,On track,327.44,0,false
2026-01,2026-01-31,ACC-1066,Vertex Learning,Self-Serve,EMEA,VOICE-AGENT,Namilio Voice Agents,Usage,minute,69006,43704,0,63.3,On track,311.39,0,false
2026-02,2026-02-28,ACC-1066,Vertex Learning,Self-Serve,EMEA,VOICE-AGENT,Namilio Voice Agents,Usage,minute,69006,41054,0,59.5,Under-consuming,292.51,0,false
2026-03,2026-03-31,ACC-1066,Vertex Learning,Self-Serve,EMEA,VOICE-AGENT,Namilio Voice Agents,Usage,minute,69006,44460,0,64.4,On track,316.78,0,false
2026-04,2026-04-30,ACC-1066,Vertex Learning,Self-Serve,EMEA,VOICE-AGENT,Namilio Voice Agents,Usage,minute,69006,46480,0,67.4,On track,331.17,0,false
2026-05,2026-05-31,ACC-1066,Vertex Learning,Self-Serve,EMEA,VOICE-AGENT,Namilio Voice Agents,Usage,minute,69006,46746,0,67.7,On track,333.07,0,false
2026-06,2026-06-30,ACC-1066,Vertex Learning,Self-Serve,EMEA,VOICE-AGENT,Namilio Voice Agents,Usage,minute,69006,51825,0,75.1,On track,369.25,0,false
2026-07,2026-07-31,ACC-1066,Vertex Learning,Self-Serve,EMEA,VOICE-AGENT,Namilio Voice Agents,Usage,minute,69006,46029,0,66.7,On track,327.96,0,false
2026-08,2026-08-31,ACC-1066,Vertex Learning,Self-Serve,EMEA,VOICE-AGENT,Namilio Voice Agents,Usage,minute,69006,46885,0,67.9,On track,334.06,0,false
2026-09,2026-09-30,ACC-1066,Vertex Learning,Self-Serve,EMEA,VOICE-AGENT,Namilio Voice Agents,Usage,minute,69006,40120,0,58.1,Under-consuming,285.86,0,false
2025-07,2025-07-31,ACC-1020,Wexler Health,Self-Serve,AMER,STUDIO,Namilio Studio,Seat,seat/year,14,13,0,90.7,On track,468,0,false
2025-08,2025-08-31,ACC-1020,Wexler Health,Self-Serve,AMER,STUDIO,Namilio Studio,Seat,seat/year,14,12,0,89.2,On track,432,0,false
2025-09,2025-09-30,ACC-1020,Wexler Health,Self-Serve,AMER,STUDIO,Namilio Studio,Seat,seat/year,14,13,0,94,On track,468,0,false
2025-10,2025-10-31,ACC-1020,Wexler Health,Self-Serve,AMER,STUDIO,Namilio Studio,Seat,seat/year,14,13,0,94.6,On track,468,0,false
2025-11,2025-11-30,ACC-1020,Wexler Health,Self-Serve,AMER,STUDIO,Namilio Studio,Seat,seat/year,14,13,0,94.1,On track,468,0,false
2025-12,2025-12-31,ACC-1020,Wexler Health,Self-Serve,AMER,STUDIO,Namilio Studio,Seat,seat/year,14,12,0,88.2,On track,432,0,false
2026-01,2026-01-31,ACC-1020,Wexler Health,Self-Serve,AMER,STUDIO,Namilio Studio,Seat,seat/year,14,11,0,80.2,On track,396,0,false
2026-02,2026-02-28,ACC-1020,Wexler Health,Self-Serve,AMER,STUDIO,Namilio Studio,Seat,seat/year,14,11,0,80.4,On track,396,0,false
2026-03,2026-03-31,ACC-1020,Wexler Health,Self-Serve,AMER,STUDIO,Namilio Studio,Seat,seat/year,14,12,0,86,On track,432,0,false
2026-04,2026-04-30,ACC-1020,Wexler Health,Self-Serve,AMER,STUDIO,Namilio Studio,Seat,seat/year,14,11,0,80.9,On track,396,0,false
2026-05,2026-05-31,ACC-1020,Wexler Health,Self-Serve,AMER,STUDIO,Namilio Studio,Seat,seat/year,14,11,0,80.5,On track,396,0,false
2026-06,2026-06-30,ACC-1020,Wexler Health,Self-Serve,AMER,STUDIO,Namilio Studio,Seat,seat/year,14,11,0,78,On track,396,0,false
2026-07,2026-07-31,ACC-1020,Wexler Health,Self-Serve,AMER,STUDIO,Namilio Studio,Seat,seat/year,14,10,0,74.8,On track,360,0,false
2026-08,2026-08-31,ACC-1020,Wexler Health,Self-Serve,AMER,STUDIO,Namilio Studio,Seat,seat/year,14,11,0,78.2,On track,396,0,false
2026-09,2026-09-30,ACC-1020,Wexler Health,Self-Serve,AMER,STUDIO,Namilio Studio,Seat,seat/year,14,11,0,75.1,On track,396,0,false
2025-07,2025-07-31,ACC-1105,Wexler Logistics,Self-Serve,APAC,COPILOT-API,Namilio Copilot API,Usage,1K tokens,770053,730898,0,94.9,On track,569.49,0,false
2025-08,2025-08-31,ACC-1105,Wexler Logistics,Self-Serve,APAC,COPILOT-API,Namilio Copilot API,Usage,1K tokens,770053,703882,0,91.4,On track,548.44,0,false
2025-09,2025-09-30,ACC-1105,Wexler Logistics,Self-Serve,APAC,COPILOT-API,Namilio Copilot API,Usage,1K tokens,770053,708732,0,92,On track,552.22,0,false
2025-10,2025-10-31,ACC-1105,Wexler Logistics,Self-Serve,APAC,COPILOT-API,Namilio Copilot API,Usage,1K tokens,770053,678056,0,88.1,On track,528.32,0,false
2025-11,2025-11-30,ACC-1105,Wexler Logistics,Self-Serve,APAC,COPILOT-API,Namilio Copilot API,Usage,1K tokens,770053,637483,0,82.8,On track,496.71,0,false
2025-12,2025-12-31,ACC-1105,Wexler Logistics,Self-Serve,APAC,COPILOT-API,Namilio Copilot API,Usage,1K tokens,770053,643716,0,83.6,On track,501.56,0,false
2026-01,2026-01-31,ACC-1105,Wexler Logistics,Self-Serve,APAC,COPILOT-API,Namilio Copilot API,Usage,1K tokens,770053,653390,0,84.9,On track,509.1,0,false
2026-02,2026-02-28,ACC-1105,Wexler Logistics,Self-Serve,APAC,COPILOT-API,Namilio Copilot API,Usage,1K tokens,770053,622845,0,80.9,On track,485.3,0,false
2026-03,2026-03-31,ACC-1105,Wexler Logistics,Self-Serve,APAC,COPILOT-API,Namilio Copilot API,Usage,1K tokens,770053,634506,0,82.4,On track,494.39,0,false
2026-04,2026-04-30,ACC-1105,Wexler Logistics,Self-Serve,APAC,COPILOT-API,Namilio Copilot API,Usage,1K tokens,770053,685049,0,89,On track,533.77,0,false
2026-05,2026-05-31,ACC-1105,Wexler Logistics,Self-Serve,APAC,COPILOT-API,Namilio Copilot API,Usage,1K tokens,770053,704804,0,91.5,On track,549.16,0,false
2026-06,2026-06-30,ACC-1105,Wexler Logistics,Self-Serve,APAC,COPILOT-API,Namilio Copilot API,Usage,1K tokens,770053,726420,0,94.3,On track,566,0,false
2026-07,2026-07-31,ACC-1105,Wexler Logistics,Self-Serve,APAC,COPILOT-API,Namilio Copilot API,Usage,1K tokens,770053,641094,0,83.3,On track,499.52,0,false
2026-08,2026-08-31,ACC-1105,Wexler Logistics,Self-Serve,APAC,COPILOT-API,Namilio Copilot API,Usage,1K tokens,770053,682534,0,88.6,On track,531.81,0,false
2026-09,2026-09-30,ACC-1105,Wexler Logistics,Self-Serve,APAC,COPILOT-API,Namilio Copilot API,Usage,1K tokens,770053,694085,0,90.1,On track,540.81,0,false
2025-07,2025-07-31,ACC-1105,Wexler Logistics,Self-Serve,APAC,VERIFY,Namilio Verify,Usage,verification,51111,37121,0,72.6,On track,139.2,0,false
2025-08,2025-08-31,ACC-1105,Wexler Logistics,Self-Serve,APAC,VERIFY,Namilio Verify,Usage,verification,51111,37051,0,72.5,On track,138.94,0,false
2025-09,2025-09-30,ACC-1105,Wexler Logistics,Self-Serve,APAC,VERIFY,Namilio Verify,Usage,verification,51111,32022,0,62.7,On track,120.08,0,false
2025-10,2025-10-31,ACC-1105,Wexler Logistics,Self-Serve,APAC,VERIFY,Namilio Verify,Usage,verification,51111,33062,0,64.7,On track,123.98,0,false
2025-11,2025-11-30,ACC-1105,Wexler Logistics,Self-Serve,APAC,VERIFY,Namilio Verify,Usage,verification,51111,32446,0,63.5,On track,121.67,0,false
2025-12,2025-12-31,ACC-1105,Wexler Logistics,Self-Serve,APAC,VERIFY,Namilio Verify,Usage,verification,51111,29516,0,57.7,Under-consuming,110.69,0,false
2026-01,2026-01-31,ACC-1105,Wexler Logistics,Self-Serve,APAC,VERIFY,Namilio Verify,Usage,verification,51111,31103,0,60.9,On track,116.64,0,false
2026-02,2026-02-28,ACC-1105,Wexler Logistics,Self-Serve,APAC,VERIFY,Namilio Verify,Usage,verification,51111,31227,0,61.1,On track,117.1,0,false
2026-03,2026-03-31,ACC-1105,Wexler Logistics,Self-Serve,APAC,VERIFY,Namilio Verify,Usage,verification,51111,29564,0,57.8,Under-consuming,110.86,0,false
2026-04,2026-04-30,ACC-1105,Wexler Logistics,Self-Serve,APAC,VERIFY,Namilio Verify,Usage,verification,51111,26435,0,51.7,Under-consuming,99.13,0,true
2026-05,2026-05-31,ACC-1105,Wexler Logistics,Self-Serve,APAC,VERIFY,Namilio Verify,Usage,verification,51111,30458,0,59.6,Under-consuming,114.22,0,false
2026-06,2026-06-30,ACC-1105,Wexler Logistics,Self-Serve,APAC,VERIFY,Namilio Verify,Usage,verification,51111,30529,0,59.7,Under-consuming,114.48,0,false
2026-07,2026-07-31,ACC-1105,Wexler Logistics,Self-Serve,APAC,VERIFY,Namilio Verify,Usage,verification,51111,30054,0,58.8,Under-consuming,112.7,0,false
2026-08,2026-08-31,ACC-1105,Wexler Logistics,Self-Serve,APAC,VERIFY,Namilio Verify,Usage,verification,51111,27006,0,52.8,Under-consuming,101.27,0,true
2026-09,2026-09-30,ACC-1105,Wexler Logistics,Self-Serve,APAC,VERIFY,Namilio Verify,Usage,verification,51111,25405,0,49.7,Under-consuming,95.27,0,true
2026-05,2026-05-31,ACC-1019,Tundra Systems,SMB,LATAM,MSG-API,Namilio Messaging API,Usage,message,1293333,692954,0,53.6,Under-consuming,433.1,0,true
2026-06,2026-06-30,ACC-1019,Tundra Systems,SMB,LATAM,MSG-API,Namilio Messaging API,Usage,message,1293333,652247,0,50.4,Under-consuming,407.65,0,true
2026-07,2026-07-31,ACC-1019,Tundra Systems,SMB,LATAM,MSG-API,Namilio Messaging API,Usage,message,1293333,633499,0,49,Under-consuming,395.94,0,true
2026-08,2026-08-31,ACC-1019,Tundra Systems,SMB,LATAM,MSG-API,Namilio Messaging API,Usage,message,1293333,615220,0,47.6,Under-consuming,384.51,0,true
2026-09,2026-09-30,ACC-1019,Tundra Systems,SMB,LATAM,MSG-API,Namilio Messaging API,Usage,message,1293333,828050,0,64,On track,517.53,0,false
2026-05,2026-05-31,ACC-1019,Tundra Systems,SMB,LATAM,COPILOT-API,Namilio Copilot API,Usage,1K tokens,654545,702849,48304,107.4,In overage,655.35,55.35,false
2026-06,2026-06-30,ACC-1019,Tundra Systems,SMB,LATAM,COPILOT-API,Namilio Copilot API,Usage,1K tokens,654545,666452,11907,101.8,On track,613.64,13.64,false
2026-07,2026-07-31,ACC-1019,Tundra Systems,SMB,LATAM,COPILOT-API,Namilio Copilot API,Usage,1K tokens,654545,639006,0,97.6,On track,585.76,0,false
2026-08,2026-08-31,ACC-1019,Tundra Systems,SMB,LATAM,COPILOT-API,Namilio Copilot API,Usage,1K tokens,654545,675121,20576,103.1,On track,623.58,23.58,false
2026-09,2026-09-30,ACC-1019,Tundra Systems,SMB,LATAM,COPILOT-API,Namilio Copilot API,Usage,1K tokens,654545,631444,0,96.5,On track,578.82,0,false
2026-05,2026-05-31,ACC-1019,Tundra Systems,SMB,LATAM,STUDIO,Namilio Studio,Seat,seat/year,27,22,0,82.3,On track,891,0,false
2026-06,2026-06-30,ACC-1019,Tundra Systems,SMB,LATAM,STUDIO,Namilio Studio,Seat,seat/year,27,26,0,94.6,On track,1053,0,false
2026-07,2026-07-31,ACC-1019,Tundra Systems,SMB,LATAM,STUDIO,Namilio Studio,Seat,seat/year,27,28,1,103.4,On track,1144.13,50.63,false
2026-08,2026-08-31,ACC-1019,Tundra Systems,SMB,LATAM,STUDIO,Namilio Studio,Seat,seat/year,27,32,5,117.2,In overage,1346.63,253.13,false
2026-09,2026-09-30,ACC-1019,Tundra Systems,SMB,LATAM,STUDIO,Namilio Studio,Seat,seat/year,27,35,8,128.8,In overage,1498.5,405,false
2026-06,2026-06-30,ACC-1087,Harbor Retail,SMB,APAC,COPILOT-API,Namilio Copilot API,Usage,1K tokens,315152,293733,0,93.2,On track,201.94,0,false
2026-07,2026-07-31,ACC-1087,Harbor Retail,SMB,APAC,COPILOT-API,Namilio Copilot API,Usage,1K tokens,315152,285226,0,90.5,On track,196.09,0,false
2026-08,2026-08-31,ACC-1087,Harbor Retail,SMB,APAC,COPILOT-API,Namilio Copilot API,Usage,1K tokens,315152,305033,0,96.8,On track,209.71,0,false
2026-09,2026-09-30,ACC-1087,Harbor Retail,SMB,APAC,COPILOT-API,Namilio Copilot API,Usage,1K tokens,315152,306162,0,97.1,On track,210.49,0,false
2026-06,2026-06-30,ACC-1087,Harbor Retail,SMB,APAC,VOICE-AGENT,Namilio Voice Agents,Usage,minute,80247,51925,0,64.7,On track,350.49,0,false
2026-07,2026-07-31,ACC-1087,Harbor Retail,SMB,APAC,VOICE-AGENT,Namilio Voice Agents,Usage,minute,80247,52499,0,65.4,On track,354.37,0,false
2026-08,2026-08-31,ACC-1087,Harbor Retail,SMB,APAC,VOICE-AGENT,Namilio Voice Agents,Usage,minute,80247,53826,0,67.1,On track,363.33,0,false
2026-09,2026-09-30,ACC-1087,Harbor Retail,SMB,APAC,VOICE-AGENT,Namilio Voice Agents,Usage,minute,80247,59073,0,73.6,On track,398.74,0,false
2025-12,2025-12-31,ACC-1087,Harbor Retail,SMB,APAC,MSG-API,Namilio Messaging API,Usage,message,5723077,3470630,0,60.6,On track,1408.5,0,false
2026-01,2026-01-31,ACC-1087,Harbor Retail,SMB,APAC,MSG-API,Namilio Messaging API,Usage,message,5723077,3750567,0,65.5,On track,1522.11,0,false
2026-02,2026-02-28,ACC-1087,Harbor Retail,SMB,APAC,MSG-API,Namilio Messaging API,Usage,message,5723077,4065612,0,71,On track,1649.96,0,false
2026-03,2026-03-31,ACC-1087,Harbor Retail,SMB,APAC,MSG-API,Namilio Messaging API,Usage,message,5723077,4054846,0,70.9,On track,1645.59,0,false
2026-04,2026-04-30,ACC-1087,Harbor Retail,SMB,APAC,MSG-API,Namilio Messaging API,Usage,message,5723077,3720645,0,65,On track,1509.96,0,false
2026-05,2026-05-31,ACC-1087,Harbor Retail,SMB,APAC,MSG-API,Namilio Messaging API,Usage,message,5723077,3756711,0,65.6,On track,1524.6,0,false
2026-06,2026-06-30,ACC-1087,Harbor Retail,SMB,APAC,MSG-API,Namilio Messaging API,Usage,message,5723077,4120763,0,72,On track,1672.34,0,false
2026-07,2026-07-31,ACC-1087,Harbor Retail,SMB,APAC,MSG-API,Namilio Messaging API,Usage,message,5723077,4554700,0,79.6,On track,1848.45,0,false
2026-08,2026-08-31,ACC-1087,Harbor Retail,SMB,APAC,MSG-API,Namilio Messaging API,Usage,message,5723077,4657600,0,81.4,On track,1890.21,0,false
2026-09,2026-09-30,ACC-1087,Harbor Retail,SMB,APAC,MSG-API,Namilio Messaging API,Usage,message,5723077,5317048,0,92.9,On track,2157.84,0,false
2026-03,2026-03-31,ACC-1075,Onyx Logistics,Strategic,EMEA,COPILOT-API,Namilio Copilot API,Usage,1K tokens,43291866,32542086,0,75.2,On track,28338.73,0,false
2026-04,2026-04-30,ACC-1075,Onyx Logistics,Strategic,EMEA,COPILOT-API,Namilio Copilot API,Usage,1K tokens,43291866,31142541,0,71.9,On track,27119.96,0,false
2026-05,2026-05-31,ACC-1075,Onyx Logistics,Strategic,EMEA,COPILOT-API,Namilio Copilot API,Usage,1K tokens,43291866,31744289,0,73.3,On track,27643.99,0,false
2026-06,2026-06-30,ACC-1075,Onyx Logistics,Strategic,EMEA,COPILOT-API,Namilio Copilot API,Usage,1K tokens,43291866,29861076,0,69,On track,26004.02,0,false
2026-07,2026-07-31,ACC-1075,Onyx Logistics,Strategic,EMEA,COPILOT-API,Namilio Copilot API,Usage,1K tokens,43291866,28043600,0,64.8,On track,24421.3,0,false
2026-08,2026-08-31,ACC-1075,Onyx Logistics,Strategic,EMEA,COPILOT-API,Namilio Copilot API,Usage,1K tokens,43291866,27101837,0,62.6,On track,23601.18,0,false
2026-09,2026-09-30,ACC-1075,Onyx Logistics,Strategic,EMEA,COPILOT-API,Namilio Copilot API,Usage,1K tokens,43291866,23415345,0,54.1,Under-consuming,20390.86,0,true
2026-03,2026-03-31,ACC-1075,Onyx Logistics,Strategic,EMEA,VERIFY,Namilio Verify,Usage,verification,19329412,13508131,0,69.9,On track,47841.3,0,false
2026-04,2026-04-30,ACC-1075,Onyx Logistics,Strategic,EMEA,VERIFY,Namilio Verify,Usage,verification,19329412,13213714,0,68.4,On track,46798.57,0,false
2026-05,2026-05-31,ACC-1075,Onyx Logistics,Strategic,EMEA,VERIFY,Namilio Verify,Usage,verification,19329412,13226954,0,68.4,On track,46845.46,0,false
2026-06,2026-06-30,ACC-1075,Onyx Logistics,Strategic,EMEA,VERIFY,Namilio Verify,Usage,verification,19329412,12523943,0,64.8,On track,44355.63,0,false
2026-07,2026-07-31,ACC-1075,Onyx Logistics,Strategic,EMEA,VERIFY,Namilio Verify,Usage,verification,19329412,12446998,0,64.4,On track,44083.12,0,false
2026-08,2026-08-31,ACC-1075,Onyx Logistics,Strategic,EMEA,VERIFY,Namilio Verify,Usage,verification,19329412,10621762,0,55,Under-consuming,37618.74,0,true
2026-09,2026-09-30,ACC-1075,Onyx Logistics,Strategic,EMEA,VERIFY,Namilio Verify,Usage,verification,19329412,11239741,0,58.1,Under-consuming,39807.42,0,false
2026-03,2026-03-31,ACC-1075,Onyx Logistics,Strategic,EMEA,MSG-API,Namilio Messaging API,Usage,message,50706667,39994949,0,78.9,On track,24996.84,0,false
2026-04,2026-04-30,ACC-1075,Onyx Logistics,Strategic,EMEA,MSG-API,Namilio Messaging API,Usage,message,50706667,35574494,0,70.2,On track,22234.06,0,false
2026-05,2026-05-31,ACC-1075,Onyx Logistics,Strategic,EMEA,MSG-API,Namilio Messaging API,Usage,message,50706667,33139648,0,65.4,On track,20712.28,0,false
2026-06,2026-06-30,ACC-1075,Onyx Logistics,Strategic,EMEA,MSG-API,Namilio Messaging API,Usage,message,50706667,30303270,0,59.8,Under-consuming,18939.54,0,false
2026-07,2026-07-31,ACC-1075,Onyx Logistics,Strategic,EMEA,MSG-API,Namilio Messaging API,Usage,message,50706667,27722614,0,54.7,Under-consuming,17326.63,0,true
2026-08,2026-08-31,ACC-1075,Onyx Logistics,Strategic,EMEA,MSG-API,Namilio Messaging API,Usage,message,50706667,26539236,0,52.3,Under-consuming,16587.02,0,true
2026-09,2026-09-30,ACC-1075,Onyx Logistics,Strategic,EMEA,MSG-API,Namilio Messaging API,Usage,message,50706667,22261792,0,43.9,Under-consuming,13913.62,0,true
2026-03,2026-03-31,ACC-1075,Onyx Logistics,Strategic,EMEA,VOICE-AGENT,Namilio Voice Agents,Usage,minute,7935556,4529207,0,57.1,Under-consuming,33969.05,0,false
2026-04,2026-04-30,ACC-1075,Onyx Logistics,Strategic,EMEA,VOICE-AGENT,Namilio Voice Agents,Usage,minute,7935556,4398461,0,55.4,Under-consuming,32988.46,0,false
2026-05,2026-05-31,ACC-1075,Onyx Logistics,Strategic,EMEA,VOICE-AGENT,Namilio Voice Agents,Usage,minute,7935556,3953983,0,49.8,Under-consuming,29654.87,0,true
2026-06,2026-06-30,ACC-1075,Onyx Logistics,Strategic,EMEA,VOICE-AGENT,Namilio Voice Agents,Usage,minute,7935556,3600225,0,45.4,Under-consuming,27001.69,0,true
2026-07,2026-07-31,ACC-1075,Onyx Logistics,Strategic,EMEA,VOICE-AGENT,Namilio Voice Agents,Usage,minute,7935556,2565946,0,32.3,Under-consuming,19244.59,0,true
2026-08,2026-08-31,ACC-1075,Onyx Logistics,Strategic,EMEA,VOICE-AGENT,Namilio Voice Agents,Usage,minute,7935556,2703704,0,34.1,Under-consuming,20277.78,0,true
2026-09,2026-09-30,ACC-1075,Onyx Logistics,Strategic,EMEA,VOICE-AGENT,Namilio Voice Agents,Usage,minute,7935556,2867805,0,36.1,Under-consuming,21508.54,0,true
2026-03,2026-03-31,ACC-1075,Onyx Logistics,Strategic,EMEA,STUDIO,Namilio Studio,Seat,seat/year,1498,1176,0,78.5,On track,44982,0,false
2026-04,2026-04-30,ACC-1075,Onyx Logistics,Strategic,EMEA,STUDIO,Namilio Studio,Seat,seat/year,1498,1094,0,73.1,On track,41845.5,0,false
2026-05,2026-05-31,ACC-1075,Onyx Logistics,Strategic,EMEA,STUDIO,Namilio Studio,Seat,seat/year,1498,1042,0,69.6,On track,39856.5,0,false
2026-06,2026-06-30,ACC-1075,Onyx Logistics,Strategic,EMEA,STUDIO,Namilio Studio,Seat,seat/year,1498,1041,0,69.5,On track,39818.25,0,false
2026-07,2026-07-31,ACC-1075,Onyx Logistics,Strategic,EMEA,STUDIO,Namilio Studio,Seat,seat/year,1498,1064,0,71,On track,40698,0,false
2026-08,2026-08-31,ACC-1075,Onyx Logistics,Strategic,EMEA,STUDIO,Namilio Studio,Seat,seat/year,1498,1047,0,69.9,On track,40047.75,0,false
2026-09,2026-09-30,ACC-1075,Onyx Logistics,Strategic,EMEA,STUDIO,Namilio Studio,Seat,seat/year,1498,919,0,61.3,On track,35151.75,0,false
2026-03,2026-03-31,ACC-1075,Onyx Logistics,Strategic,EMEA,COPILOT-API,Namilio Copilot API,Usage,1K tokens,59240642,50938364,0,86,On track,39689.48,0,false
2026-04,2026-04-30,ACC-1075,Onyx Logistics,Strategic,EMEA,COPILOT-API,Namilio Copilot API,Usage,1K tokens,59240642,51875483,0,87.6,On track,40419.65,0,false
2026-05,2026-05-31,ACC-1075,Onyx Logistics,Strategic,EMEA,COPILOT-API,Namilio Copilot API,Usage,1K tokens,59240642,47842336,0,80.8,On track,37277.15,0,false
2026-06,2026-06-30,ACC-1075,Onyx Logistics,Strategic,EMEA,COPILOT-API,Namilio Copilot API,Usage,1K tokens,59240642,47351916,0,79.9,On track,36895.03,0,false
2026-07,2026-07-31,ACC-1075,Onyx Logistics,Strategic,EMEA,COPILOT-API,Namilio Copilot API,Usage,1K tokens,59240642,50335423,0,85,On track,39219.68,0,false
2026-08,2026-08-31,ACC-1075,Onyx Logistics,Strategic,EMEA,COPILOT-API,Namilio Copilot API,Usage,1K tokens,59240642,50054502,0,84.5,On track,39000.8,0,false
2026-09,2026-09-30,ACC-1075,Onyx Logistics,Strategic,EMEA,COPILOT-API,Namilio Copilot API,Usage,1K tokens,59240642,48362353,0,81.6,On track,37682.33,0,false
2026-03,2026-03-31,ACC-1075,Onyx Logistics,Strategic,EMEA,MSG-API,Namilio Messaging API,Usage,message,44444444,41459010,0,93.3,On track,19416.64,0,false
2026-04,2026-04-30,ACC-1075,Onyx Logistics,Strategic,EMEA,MSG-API,Namilio Messaging API,Usage,message,44444444,37993783,0,85.5,On track,17793.76,0,false
2026-05,2026-05-31,ACC-1075,Onyx Logistics,Strategic,EMEA,MSG-API,Namilio Messaging API,Usage,message,44444444,41242532,0,92.8,On track,19315.25,0,false
2026-06,2026-06-30,ACC-1075,Onyx Logistics,Strategic,EMEA,MSG-API,Namilio Messaging API,Usage,message,44444444,42562973,0,95.8,On track,19933.66,0,false
2026-07,2026-07-31,ACC-1075,Onyx Logistics,Strategic,EMEA,MSG-API,Namilio Messaging API,Usage,message,44444444,42538143,0,95.7,On track,19922.03,0,false
2026-08,2026-08-31,ACC-1075,Onyx Logistics,Strategic,EMEA,MSG-API,Namilio Messaging API,Usage,message,44444444,46521373,2076929,104.7,On track,22030.68,1215.87,false
2026-09,2026-09-30,ACC-1075,Onyx Logistics,Strategic,EMEA,MSG-API,Namilio Messaging API,Usage,message,44444444,47179188,2734744,106.2,In overage,22415.78,1600.96,false
2025-12,2025-12-31,ACC-1075,Onyx Logistics,Strategic,EMEA,VERIFY,Namilio Verify,Usage,verification,19867368,20225824,358456,101.8,On track,80415.28,1773.61,false
2026-01,2026-01-31,ACC-1075,Onyx Logistics,Strategic,EMEA,VERIFY,Namilio Verify,Usage,verification,19867368,20598943,731575,103.7,On track,82261.44,3619.77,false
2026-02,2026-02-28,ACC-1075,Onyx Logistics,Strategic,EMEA,VERIFY,Namilio Verify,Usage,verification,19867368,18834563,0,94.8,On track,74553.48,0,false
2026-03,2026-03-31,ACC-1075,Onyx Logistics,Strategic,EMEA,VERIFY,Namilio Verify,Usage,verification,19867368,19252570,0,96.9,On track,76208.09,0,false
2026-04,2026-04-30,ACC-1075,Onyx Logistics,Strategic,EMEA,VERIFY,Namilio Verify,Usage,verification,19867368,19435238,0,97.8,On track,76931.15,0,false
2026-05,2026-05-31,ACC-1075,Onyx Logistics,Strategic,EMEA,VERIFY,Namilio Verify,Usage,verification,19867368,18480009,0,93,On track,73150.04,0,false
2026-06,2026-06-30,ACC-1075,Onyx Logistics,Strategic,EMEA,VERIFY,Namilio Verify,Usage,verification,19867368,19511893,0,98.2,On track,77234.58,0,false
2026-07,2026-07-31,ACC-1075,Onyx Logistics,Strategic,EMEA,VERIFY,Namilio Verify,Usage,verification,19867368,21061138,1193770,106,In overage,84548.34,5906.67,false
2026-08,2026-08-31,ACC-1075,Onyx Logistics,Strategic,EMEA,VERIFY,Namilio Verify,Usage,verification,19867368,22055440,2188072,111,In overage,89468.06,10826.4,false
2026-09,2026-09-30,ACC-1075,Onyx Logistics,Strategic,EMEA,VERIFY,Namilio Verify,Usage,verification,19867368,22755775,2888407,114.5,In overage,92933.26,14291.6,false
2025-12,2025-12-31,ACC-1075,Onyx Logistics,Strategic,EMEA,STUDIO,Namilio Studio,Seat,seat/year,1618,1212,0,74.9,On track,46359,0,false
2026-01,2026-01-31,ACC-1075,Onyx Logistics,Strategic,EMEA,STUDIO,Namilio Studio,Seat,seat/year,1618,1324,0,81.8,On track,50643,0,false
2026-02,2026-02-28,ACC-1075,Onyx Logistics,Strategic,EMEA,STUDIO,Namilio Studio,Seat,seat/year,1618,1268,0,78.3,On track,48501,0,false
2026-03,2026-03-31,ACC-1075,Onyx Logistics,Strategic,EMEA,STUDIO,Namilio Studio,Seat,seat/year,1618,1304,0,80.6,On track,49878,0,false
2026-04,2026-04-30,ACC-1075,Onyx Logistics,Strategic,EMEA,STUDIO,Namilio Studio,Seat,seat/year,1618,1305,0,80.6,On track,49916.25,0,false
2026-05,2026-05-31,ACC-1075,Onyx Logistics,Strategic,EMEA,STUDIO,Namilio Studio,Seat,seat/year,1618,1360,0,84.1,On track,52020,0,false
2026-06,2026-06-30,ACC-1075,Onyx Logistics,Strategic,EMEA,STUDIO,Namilio Studio,Seat,seat/year,1618,1363,0,84.2,On track,52134.75,0,false
2026-07,2026-07-31,ACC-1075,Onyx Logistics,Strategic,EMEA,STUDIO,Namilio Studio,Seat,seat/year,1618,1356,0,83.8,On track,51867,0,false
2026-08,2026-08-31,ACC-1075,Onyx Logistics,Strategic,EMEA,STUDIO,Namilio Studio,Seat,seat/year,1618,1186,0,73.3,On track,45364.5,0,false
2026-09,2026-09-30,ACC-1075,Onyx Logistics,Strategic,EMEA,STUDIO,Namilio Studio,Seat,seat/year,1618,1329,0,82.1,On track,50834.25,0,false
2025-12,2025-12-31,ACC-1075,Onyx Logistics,Strategic,EMEA,MSG-API,Namilio Messaging API,Usage,message,139600000,99922558,0,71.6,On track,56206.44,0,false
2026-01,2026-01-31,ACC-1075,Onyx Logistics,Strategic,EMEA,MSG-API,Namilio Messaging API,Usage,message,139600000,105408979,0,75.5,On track,59292.55,0,false
2026-02,2026-02-28,ACC-1075,Onyx Logistics,Strategic,EMEA,MSG-API,Namilio Messaging API,Usage,message,139600000,110195104,0,78.9,On track,61984.75,0,false
2026-03,2026-03-31,ACC-1075,Onyx Logistics,Strategic,EMEA,MSG-API,Namilio Messaging API,Usage,message,139600000,106391000,0,76.2,On track,59844.94,0,false
2026-04,2026-04-30,ACC-1075,Onyx Logistics,Strategic,EMEA,MSG-API,Namilio Messaging API,Usage,message,139600000,112817944,0,80.8,On track,63460.09,0,false
2026-05,2026-05-31,ACC-1075,Onyx Logistics,Strategic,EMEA,MSG-API,Namilio Messaging API,Usage,message,139600000,105667100,0,75.7,On track,59437.74,0,false
2026-06,2026-06-30,ACC-1075,Onyx Logistics,Strategic,EMEA,MSG-API,Namilio Messaging API,Usage,message,139600000,110054562,0,78.8,On track,61905.69,0,false
2026-07,2026-07-31,ACC-1075,Onyx Logistics,Strategic,EMEA,MSG-API,Namilio Messaging API,Usage,message,139600000,96168905,0,68.9,On track,54095.01,0,false
2026-08,2026-08-31,ACC-1075,Onyx Logistics,Strategic,EMEA,MSG-API,Namilio Messaging API,Usage,message,139600000,97825704,0,70.1,On track,55026.96,0,false
2026-09,2026-09-30,ACC-1075,Onyx Logistics,Strategic,EMEA,MSG-API,Namilio Messaging API,Usage,message,139600000,100574528,0,72,On track,56573.17,0,false
2026-05,2026-05-31,ACC-1075,Onyx Logistics,Strategic,EMEA,MSG-API,Namilio Messaging API,Usage,message,41991111,23802239,0,56.7,Under-consuming,11147.38,0,false
2026-06,2026-06-30,ACC-1075,Onyx Logistics,Strategic,EMEA,MSG-API,Namilio Messaging API,Usage,message,41991111,23479403,0,55.9,Under-consuming,10996.19,0,false
2026-07,2026-07-31,ACC-1075,Onyx Logistics,Strategic,EMEA,MSG-API,Namilio Messaging API,Usage,message,41991111,18731086,0,44.6,Under-consuming,8772.39,0,true
2026-08,2026-08-31,ACC-1075,Onyx Logistics,Strategic,EMEA,MSG-API,Namilio Messaging API,Usage,message,41991111,18236753,0,43.4,Under-consuming,8540.88,0,true
2026-09,2026-09-30,ACC-1075,Onyx Logistics,Strategic,EMEA,MSG-API,Namilio Messaging API,Usage,message,41991111,16649464,0,39.6,Under-consuming,7797.5,0,true
2026-05,2026-05-31,ACC-1075,Onyx Logistics,Strategic,EMEA,STUDIO,Namilio Studio,Seat,seat/year,233,173,0,74.1,On track,7785,0,false
2026-06,2026-06-30,ACC-1075,Onyx Logistics,Strategic,EMEA,STUDIO,Namilio Studio,Seat,seat/year,233,171,0,73.5,On track,7695,0,false
2026-07,2026-07-31,ACC-1075,Onyx Logistics,Strategic,EMEA,STUDIO,Namilio Studio,Seat,seat/year,233,147,0,63,On track,6615,0,false
2026-08,2026-08-31,ACC-1075,Onyx Logistics,Strategic,EMEA,STUDIO,Namilio Studio,Seat,seat/year,233,128,0,55.1,Under-consuming,5760,0,false
2026-09,2026-09-30,ACC-1075,Onyx Logistics,Strategic,EMEA,STUDIO,Namilio Studio,Seat,seat/year,233,108,0,46.3,Under-consuming,4860,0,true
2026-05,2026-05-31,ACC-1075,Onyx Logistics,Strategic,EMEA,VERIFY,Namilio Verify,Usage,verification,7527500,6559478,0,87.1,On track,21864.93,0,false
2026-06,2026-06-30,ACC-1075,Onyx Logistics,Strategic,EMEA,VERIFY,Namilio Verify,Usage,verification,7527500,6612093,0,87.8,On track,22040.31,0,false
2026-07,2026-07-31,ACC-1075,Onyx Logistics,Strategic,EMEA,VERIFY,Namilio Verify,Usage,verification,7527500,6418004,0,85.3,On track,21393.35,0,false
2026-08,2026-08-31,ACC-1075,Onyx Logistics,Strategic,EMEA,VERIFY,Namilio Verify,Usage,verification,7527500,6134414,0,81.5,On track,20448.05,0,false
2026-09,2026-09-30,ACC-1075,Onyx Logistics,Strategic,EMEA,VERIFY,Namilio Verify,Usage,verification,7527500,6009025,0,79.8,On track,20030.08,0,false
2026-05,2026-05-31,ACC-1075,Onyx Logistics,Strategic,EMEA,VOICE-AGENT,Namilio Voice Agents,Usage,minute,1606667,1003590,0,62.5,On track,7526.92,0,false
2026-06,2026-06-30,ACC-1075,Onyx Logistics,Strategic,EMEA,VOICE-AGENT,Namilio Voice Agents,Usage,minute,1606667,916933,0,57.1,Under-consuming,6877,0,false
2026-07,2026-07-31,ACC-1075,Onyx Logistics,Strategic,EMEA,VOICE-AGENT,Namilio Voice Agents,Usage,minute,1606667,841025,0,52.3,Under-consuming,6307.69,0,true
2026-08,2026-08-31,ACC-1075,Onyx Logistics,Strategic,EMEA,VOICE-AGENT,Namilio Voice Agents,Usage,minute,1606667,798157,0,49.7,Under-consuming,5986.18,0,true
2026-09,2026-09-30,ACC-1075,Onyx Logistics,Strategic,EMEA,VOICE-AGENT,Namilio Voice Agents,Usage,minute,1606667,849188,0,52.9,Under-consuming,6368.91,0,true
2026-05,2026-05-31,ACC-1024,Dovetail Health,SMB,EMEA,COPILOT-API,Namilio Copilot API,Usage,1K tokens,2481283,2095137,0,84.4,On track,1632.46,0,false
2026-06,2026-06-30,ACC-1024,Dovetail Health,SMB,EMEA,COPILOT-API,Namilio Copilot API,Usage,1K tokens,2481283,2055060,0,82.8,On track,1601.23,0,false
2026-07,2026-07-31,ACC-1024,Dovetail Health,SMB,EMEA,COPILOT-API,Namilio Copilot API,Usage,1K tokens,2481283,2004856,0,80.8,On track,1562.12,0,false
2026-08,2026-08-31,ACC-1024,Dovetail Health,SMB,EMEA,COPILOT-API,Namilio Copilot API,Usage,1K tokens,2481283,2112238,0,85.1,On track,1645.79,0,false
2026-09,2026-09-30,ACC-1024,Dovetail Health,SMB,EMEA,COPILOT-API,Namilio Copilot API,Usage,1K tokens,2481283,2157121,0,86.9,On track,1680.76,0,false
2026-05,2026-05-31,ACC-1024,Dovetail Health,SMB,EMEA,MSG-API,Namilio Messaging API,Usage,message,1249123,1248695,0,100,On track,740.89,0,false
2026-06,2026-06-30,ACC-1024,Dovetail Health,SMB,EMEA,MSG-API,Namilio Messaging API,Usage,message,1249123,1219710,0,97.6,On track,723.69,0,false
2026-07,2026-07-31,ACC-1024,Dovetail Health,SMB,EMEA,MSG-API,Namilio Messaging API,Usage,message,1249123,1379291,130168,110.4,In overage,837.69,96.54,false
2026-08,2026-08-31,ACC-1024,Dovetail Health,SMB,EMEA,MSG-API,Namilio Messaging API,Usage,message,1249123,1397049,147926,111.8,In overage,850.86,109.71,false
2026-09,2026-09-30,ACC-1024,Dovetail Health,SMB,EMEA,MSG-API,Namilio Messaging API,Usage,message,1249123,1407197,158074,112.7,In overage,858.38,117.24,false
2025-08,2025-08-31,ACC-1024,Dovetail Health,SMB,EMEA,VOICE-AGENT,Namilio Voice Agents,Usage,minute,49123,36727,0,74.8,On track,261.68,0,false
2025-09,2025-09-30,ACC-1024,Dovetail Health,SMB,EMEA,VOICE-AGENT,Namilio Voice Agents,Usage,minute,49123,37191,0,75.7,On track,264.99,0,false
2025-10,2025-10-31,ACC-1024,Dovetail Health,SMB,EMEA,VOICE-AGENT,Namilio Voice Agents,Usage,minute,49123,36279,0,73.9,On track,258.49,0,false
2025-11,2025-11-30,ACC-1024,Dovetail Health,SMB,EMEA,VOICE-AGENT,Namilio Voice Agents,Usage,minute,49123,31849,0,64.8,On track,226.92,0,false
2025-12,2025-12-31,ACC-1024,Dovetail Health,SMB,EMEA,VOICE-AGENT,Namilio Voice Agents,Usage,minute,49123,30242,0,61.6,On track,215.47,0,false
2026-01,2026-01-31,ACC-1024,Dovetail Health,SMB,EMEA,VOICE-AGENT,Namilio Voice Agents,Usage,minute,49123,33442,0,68.1,On track,238.27,0,false
2026-02,2026-02-28,ACC-1024,Dovetail Health,SMB,EMEA,VOICE-AGENT,Namilio Voice Agents,Usage,minute,49123,35456,0,72.2,On track,252.62,0,false
2026-03,2026-03-31,ACC-1024,Dovetail Health,SMB,EMEA,VOICE-AGENT,Namilio Voice Agents,Usage,minute,49123,35551,0,72.4,On track,253.3,0,false
2026-04,2026-04-30,ACC-1024,Dovetail Health,SMB,EMEA,VOICE-AGENT,Namilio Voice Agents,Usage,minute,49123,36542,0,74.4,On track,260.36,0,false
2026-05,2026-05-31,ACC-1024,Dovetail Health,SMB,EMEA,VOICE-AGENT,Namilio Voice Agents,Usage,minute,49123,35168,0,71.6,On track,250.57,0,false
2026-06,2026-06-30,ACC-1024,Dovetail Health,SMB,EMEA,VOICE-AGENT,Namilio Voice Agents,Usage,minute,49123,38221,0,77.8,On track,272.32,0,false
2026-07,2026-07-31,ACC-1024,Dovetail Health,SMB,EMEA,VOICE-AGENT,Namilio Voice Agents,Usage,minute,49123,41102,0,83.7,On track,292.85,0,false
2026-08,2026-08-31,ACC-1024,Dovetail Health,SMB,EMEA,VOICE-AGENT,Namilio Voice Agents,Usage,minute,49123,46547,0,94.8,On track,331.65,0,false
2026-09,2026-09-30,ACC-1024,Dovetail Health,SMB,EMEA,VOICE-AGENT,Namilio Voice Agents,Usage,minute,49123,48630,0,99,On track,346.49,0,false
2026-05,2026-05-31,ACC-1112,Cobalt Labs,Mid-Market,LATAM,COPILOT-API,Namilio Copilot API,Usage,1K tokens,6076555,5891591,0,97,On track,5130.59,0,false
2026-06,2026-06-30,ACC-1112,Cobalt Labs,Mid-Market,LATAM,COPILOT-API,Namilio Copilot API,Usage,1K tokens,6076555,6290004,213449,103.5,On track,5524.01,232.35,false
2026-07,2026-07-31,ACC-1112,Cobalt Labs,Mid-Market,LATAM,COPILOT-API,Namilio Copilot API,Usage,1K tokens,6076555,6183770,107215,101.8,On track,5408.37,116.71,false
2026-08,2026-08-31,ACC-1112,Cobalt Labs,Mid-Market,LATAM,COPILOT-API,Namilio Copilot API,Usage,1K tokens,6076555,6124936,48381,100.8,On track,5344.33,52.66,false
2026-09,2026-09-30,ACC-1112,Cobalt Labs,Mid-Market,LATAM,COPILOT-API,Namilio Copilot API,Usage,1K tokens,6076555,6553107,476552,107.8,In overage,5810.41,518.75,false
2026-05,2026-05-31,ACC-1112,Cobalt Labs,Mid-Market,LATAM,STUDIO,Namilio Studio,Seat,seat/year,92,69,0,74.9,On track,3105,0,false
2026-06,2026-06-30,ACC-1112,Cobalt Labs,Mid-Market,LATAM,STUDIO,Namilio Studio,Seat,seat/year,92,64,0,69.9,On track,2880,0,false
2026-07,2026-07-31,ACC-1112,Cobalt Labs,Mid-Market,LATAM,STUDIO,Namilio Studio,Seat,seat/year,92,59,0,64.5,On track,2655,0,false
2026-08,2026-08-31,ACC-1112,Cobalt Labs,Mid-Market,LATAM,STUDIO,Namilio Studio,Seat,seat/year,92,58,0,63.1,On track,2610,0,false
2026-09,2026-09-30,ACC-1112,Cobalt Labs,Mid-Market,LATAM,STUDIO,Namilio Studio,Seat,seat/year,92,52,0,56.9,Under-consuming,2340,0,false
2026-05,2026-05-31,ACC-1112,Cobalt Labs,Mid-Market,LATAM,MSG-API,Namilio Messaging API,Usage,message,7966667,7652809,0,96.1,On track,3826.4,0,false
2026-06,2026-06-30,ACC-1112,Cobalt Labs,Mid-Market,LATAM,MSG-API,Namilio Messaging API,Usage,message,7966667,7883254,0,99,On track,3941.63,0,false
2026-07,2026-07-31,ACC-1112,Cobalt Labs,Mid-Market,LATAM,MSG-API,Namilio Messaging API,Usage,message,7966667,6869814,0,86.2,On track,3434.91,0,false
2026-08,2026-08-31,ACC-1112,Cobalt Labs,Mid-Market,LATAM,MSG-API,Namilio Messaging API,Usage,message,7966667,7085505,0,88.9,On track,3542.75,0,false
2026-09,2026-09-30,ACC-1112,Cobalt Labs,Mid-Market,LATAM,MSG-API,Namilio Messaging API,Usage,message,7966667,6252824,0,78.5,On track,3126.41,0,false
2026-03,2026-03-31,ACC-1112,Cobalt Labs,Mid-Market,LATAM,VOICE-AGENT,Namilio Voice Agents,Usage,minute,1726667,1393195,0,80.7,On track,10448.96,0,false
2026-04,2026-04-30,ACC-1112,Cobalt Labs,Mid-Market,LATAM,VOICE-AGENT,Namilio Voice Agents,Usage,minute,1726667,1239515,0,71.8,On track,9296.36,0,false
2026-05,2026-05-31,ACC-1112,Cobalt Labs,Mid-Market,LATAM,VOICE-AGENT,Namilio Voice Agents,Usage,minute,1726667,1177838,0,68.2,On track,8833.78,0,false
2026-06,2026-06-30,ACC-1112,Cobalt Labs,Mid-Market,LATAM,VOICE-AGENT,Namilio Voice Agents,Usage,minute,1726667,1297082,0,75.1,On track,9728.11,0,false
2026-07,2026-07-31,ACC-1112,Cobalt Labs,Mid-Market,LATAM,VOICE-AGENT,Namilio Voice Agents,Usage,minute,1726667,1376195,0,79.7,On track,10321.46,0,false
2026-08,2026-08-31,ACC-1112,Cobalt Labs,Mid-Market,LATAM,VOICE-AGENT,Namilio Voice Agents,Usage,minute,1726667,1308907,0,75.8,On track,9816.8,0,false
2026-09,2026-09-30,ACC-1112,Cobalt Labs,Mid-Market,LATAM,VOICE-AGENT,Namilio Voice Agents,Usage,minute,1726667,1264404,0,73.2,On track,9483.03,0,false
2026-06,2026-06-30,ACC-1110,Meridian Health,Enterprise,EMEA,VOICE-AGENT,Namilio Voice Agents,Usage,minute,4233333,3127283,0,73.9,On track,21109.16,0,false
2026-07,2026-07-31,ACC-1110,Meridian Health,Enterprise,EMEA,VOICE-AGENT,Namilio Voice Agents,Usage,minute,4233333,3180238,0,75.1,On track,21466.61,0,false
2026-08,2026-08-31,ACC-1110,Meridian Health,Enterprise,EMEA,VOICE-AGENT,Namilio Voice Agents,Usage,minute,4233333,3299677,0,77.9,On track,22272.82,0,false
2026-09,2026-09-30,ACC-1110,Meridian Health,Enterprise,EMEA,VOICE-AGENT,Namilio Voice Agents,Usage,minute,4233333,3149412,0,74.4,On track,21258.53,0,false
2026-09,2026-09-30,ACC-1110,Meridian Health,Enterprise,EMEA,VOICE-AGENT,Namilio Voice Agents,Usage,minute,4060000,4017755,0,99,On track,30133.16,0,false
2025-12,2025-12-31,ACC-1044,Umbra Pay,Self-Serve,AMER,VERIFY,Namilio Verify,Usage,verification,154000,136260,0,88.5,On track,567.75,0,false
2026-01,2026-01-31,ACC-1044,Umbra Pay,Self-Serve,AMER,VERIFY,Namilio Verify,Usage,verification,154000,137793,0,89.5,On track,574.14,0,false
2026-02,2026-02-28,ACC-1044,Umbra Pay,Self-Serve,AMER,VERIFY,Namilio Verify,Usage,verification,154000,132373,0,86,On track,551.55,0,false
2026-03,2026-03-31,ACC-1044,Umbra Pay,Self-Serve,AMER,VERIFY,Namilio Verify,Usage,verification,154000,128033,0,83.1,On track,533.47,0,false
2026-04,2026-04-30,ACC-1044,Umbra Pay,Self-Serve,AMER,VERIFY,Namilio Verify,Usage,verification,154000,130889,0,85,On track,545.37,0,false
2026-05,2026-05-31,ACC-1044,Umbra Pay,Self-Serve,AMER,VERIFY,Namilio Verify,Usage,verification,154000,132217,0,85.9,On track,550.9,0,false
2026-06,2026-06-30,ACC-1044,Umbra Pay,Self-Serve,AMER,VERIFY,Namilio Verify,Usage,verification,154000,128028,0,83.1,On track,533.45,0,false
2026-07,2026-07-31,ACC-1044,Umbra Pay,Self-Serve,AMER,VERIFY,Namilio Verify,Usage,verification,154000,131260,0,85.2,On track,546.92,0,false
2026-08,2026-08-31,ACC-1044,Umbra Pay,Self-Serve,AMER,VERIFY,Namilio Verify,Usage,verification,154000,129234,0,83.9,On track,538.48,0,false
2026-09,2026-09-30,ACC-1044,Umbra Pay,Self-Serve,AMER,VERIFY,Namilio Verify,Usage,verification,154000,129216,0,83.9,On track,538.4,0,false
2026-08,2026-08-31,ACC-1058,Wexler Gaming,SMB,AMER,COPILOT-API,Namilio Copilot API,Usage,1K tokens,3486631,2382998,0,68.3,On track,1856.75,0,false
2026-09,2026-09-30,ACC-1058,Wexler Gaming,SMB,AMER,COPILOT-API,Namilio Copilot API,Usage,1K tokens,3486631,2647167,0,75.9,On track,2062.58,0,false
2026-05,2026-05-31,ACC-1055,Foundry Bank,SMB,EMEA,VOICE-AGENT,Namilio Voice Agents,Usage,minute,128395,117089,0,91.2,On track,790.35,0,false
2026-06,2026-06-30,ACC-1055,Foundry Bank,SMB,EMEA,VOICE-AGENT,Namilio Voice Agents,Usage,minute,128395,106779,0,83.2,On track,720.76,0,false
2026-07,2026-07-31,ACC-1055,Foundry Bank,SMB,EMEA,VOICE-AGENT,Namilio Voice Agents,Usage,minute,128395,109661,0,85.4,On track,740.21,0,false
2026-08,2026-08-31,ACC-1055,Foundry Bank,SMB,EMEA,VOICE-AGENT,Namilio Voice Agents,Usage,minute,128395,115318,0,89.8,On track,778.4,0,false
2026-09,2026-09-30,ACC-1055,Foundry Bank,SMB,EMEA,VOICE-AGENT,Namilio Voice Agents,Usage,minute,128395,112513,0,87.6,On track,759.46,0,false
2026-06,2026-06-30,ACC-1097,Aster Pay,SMB,EMEA,STUDIO,Namilio Studio,Seat,seat/year,29,22,0,77.3,On track,643.5,0,false
2026-07,2026-07-31,ACC-1097,Aster Pay,SMB,EMEA,STUDIO,Namilio Studio,Seat,seat/year,29,21,0,74,On track,614.25,0,false
2026-08,2026-08-31,ACC-1097,Aster Pay,SMB,EMEA,STUDIO,Namilio Studio,Seat,seat/year,29,25,0,86.3,On track,731.25,0,false
2026-09,2026-09-30,ACC-1097,Aster Pay,SMB,EMEA,STUDIO,Namilio Studio,Seat,seat/year,29,24,0,84.1,On track,702,0,false
2026-03,2026-03-31,ACC-1097,Aster Pay,SMB,EMEA,MSG-API,Namilio Messaging API,Usage,message,711111,516699,0,72.7,On track,290.64,0,false
2026-04,2026-04-30,ACC-1097,Aster Pay,SMB,EMEA,MSG-API,Namilio Messaging API,Usage,message,711111,521100,0,73.3,On track,293.12,0,false
2026-05,2026-05-31,ACC-1097,Aster Pay,SMB,EMEA,MSG-API,Namilio Messaging API,Usage,message,711111,496941,0,69.9,On track,279.53,0,false
2026-06,2026-06-30,ACC-1097,Aster Pay,SMB,EMEA,MSG-API,Namilio Messaging API,Usage,message,711111,486855,0,68.5,On track,273.86,0,false
2026-07,2026-07-31,ACC-1097,Aster Pay,SMB,EMEA,MSG-API,Namilio Messaging API,Usage,message,711111,447138,0,62.9,On track,251.52,0,false
2026-08,2026-08-31,ACC-1097,Aster Pay,SMB,EMEA,MSG-API,Namilio Messaging API,Usage,message,711111,506480,0,71.2,On track,284.89,0,false
2026-09,2026-09-30,ACC-1097,Aster Pay,SMB,EMEA,MSG-API,Namilio Messaging API,Usage,message,711111,480102,0,67.5,On track,270.06,0,false
2026-03,2026-03-31,ACC-1097,Aster Pay,SMB,EMEA,STUDIO,Namilio Studio,Seat,seat/year,10,9,0,87.3,On track,384.75,0,false
2026-04,2026-04-30,ACC-1097,Aster Pay,SMB,EMEA,STUDIO,Namilio Studio,Seat,seat/year,10,9,0,89.6,On track,384.75,0,false
2026-05,2026-05-31,ACC-1097,Aster Pay,SMB,EMEA,STUDIO,Namilio Studio,Seat,seat/year,10,8,0,82,On track,342,0,false
2026-06,2026-06-30,ACC-1097,Aster Pay,SMB,EMEA,STUDIO,Namilio Studio,Seat,seat/year,10,8,0,80.9,On track,342,0,false
2026-07,2026-07-31,ACC-1097,Aster Pay,SMB,EMEA,STUDIO,Namilio Studio,Seat,seat/year,10,8,0,77.3,On track,342,0,false
2026-08,2026-08-31,ACC-1097,Aster Pay,SMB,EMEA,STUDIO,Namilio Studio,Seat,seat/year,10,8,0,77.4,On track,342,0,false
2026-09,2026-09-30,ACC-1097,Aster Pay,SMB,EMEA,STUDIO,Namilio Studio,Seat,seat/year,10,8,0,79.6,On track,342,0,false
2026-03,2026-03-31,ACC-1097,Aster Pay,SMB,EMEA,VERIFY,Namilio Verify,Usage,verification,85000,51078,0,60.1,On track,170.26,0,false
2026-04,2026-04-30,ACC-1097,Aster Pay,SMB,EMEA,VERIFY,Namilio Verify,Usage,verification,85000,56981,0,67,On track,189.94,0,false
2026-05,2026-05-31,ACC-1097,Aster Pay,SMB,EMEA,VERIFY,Namilio Verify,Usage,verification,85000,57473,0,67.6,On track,191.58,0,false
2026-06,2026-06-30,ACC-1097,Aster Pay,SMB,EMEA,VERIFY,Namilio Verify,Usage,verification,85000,64797,0,76.2,On track,215.99,0,false
2026-07,2026-07-31,ACC-1097,Aster Pay,SMB,EMEA,VERIFY,Namilio Verify,Usage,verification,85000,73269,0,86.2,On track,244.23,0,false
2026-08,2026-08-31,ACC-1097,Aster Pay,SMB,EMEA,VERIFY,Namilio Verify,Usage,verification,85000,77978,0,91.7,On track,259.93,0,false
2026-09,2026-09-30,ACC-1097,Aster Pay,SMB,EMEA,VERIFY,Namilio Verify,Usage,verification,85000,76147,0,89.6,On track,253.82,0,false
2025-08,2025-08-31,ACC-1008,Wexler Learning,SMB,AMER,COPILOT-API,Namilio Copilot API,Usage,1K tokens,2100000,1357477,0,64.6,On track,1244.35,0,false
2025-09,2025-09-30,ACC-1008,Wexler Learning,SMB,AMER,COPILOT-API,Namilio Copilot API,Usage,1K tokens,2100000,1306809,0,62.2,On track,1197.91,0,false
2025-10,2025-10-31,ACC-1008,Wexler Learning,SMB,AMER,COPILOT-API,Namilio Copilot API,Usage,1K tokens,2100000,1367925,0,65.1,On track,1253.93,0,false
2025-11,2025-11-30,ACC-1008,Wexler Learning,SMB,AMER,COPILOT-API,Namilio Copilot API,Usage,1K tokens,2100000,1557122,0,74.1,On track,1427.36,0,false
2025-12,2025-12-31,ACC-1008,Wexler Learning,SMB,AMER,COPILOT-API,Namilio Copilot API,Usage,1K tokens,2100000,1466809,0,69.8,On track,1344.57,0,false
2026-01,2026-01-31,ACC-1008,Wexler Learning,SMB,AMER,COPILOT-API,Namilio Copilot API,Usage,1K tokens,2100000,1554154,0,74,On track,1424.64,0,false
2026-02,2026-02-28,ACC-1008,Wexler Learning,SMB,AMER,COPILOT-API,Namilio Copilot API,Usage,1K tokens,2100000,1646142,0,78.4,On track,1508.96,0,false
2026-03,2026-03-31,ACC-1008,Wexler Learning,SMB,AMER,COPILOT-API,Namilio Copilot API,Usage,1K tokens,2100000,1508782,0,71.8,On track,1383.05,0,false
2026-04,2026-04-30,ACC-1008,Wexler Learning,SMB,AMER,COPILOT-API,Namilio Copilot API,Usage,1K tokens,2100000,1497650,0,71.3,On track,1372.85,0,false
2026-05,2026-05-31,ACC-1008,Wexler Learning,SMB,AMER,COPILOT-API,Namilio Copilot API,Usage,1K tokens,2100000,1358985,0,64.7,On track,1245.74,0,false
2026-06,2026-06-30,ACC-1008,Wexler Learning,SMB,AMER,COPILOT-API,Namilio Copilot API,Usage,1K tokens,2100000,1314258,0,62.6,On track,1204.74,0,false
2026-07,2026-07-31,ACC-1008,Wexler Learning,SMB,AMER,COPILOT-API,Namilio Copilot API,Usage,1K tokens,2100000,1340481,0,63.8,On track,1228.77,0,false
2026-08,2026-08-31,ACC-1008,Wexler Learning,SMB,AMER,COPILOT-API,Namilio Copilot API,Usage,1K tokens,2100000,1172336,0,55.8,Under-consuming,1074.64,0,false
2026-09,2026-09-30,ACC-1008,Wexler Learning,SMB,AMER,COPILOT-API,Namilio Copilot API,Usage,1K tokens,2100000,1092959,0,52,Under-consuming,1001.88,0,true
2025-08,2025-08-31,ACC-1008,Wexler Learning,SMB,AMER,VERIFY,Namilio Verify,Usage,verification,429474,426046,0,99.2,On track,1686.43,0,false
2025-09,2025-09-30,ACC-1008,Wexler Learning,SMB,AMER,VERIFY,Namilio Verify,Usage,verification,429474,442330,12856,103,On track,1763.61,63.61,false
2025-10,2025-10-31,ACC-1008,Wexler Learning,SMB,AMER,VERIFY,Namilio Verify,Usage,verification,429474,471850,42376,109.9,In overage,1909.67,209.67,false
2025-11,2025-11-30,ACC-1008,Wexler Learning,SMB,AMER,VERIFY,Namilio Verify,Usage,verification,429474,504695,75221,117.5,In overage,2072.19,372.19,false
2025-12,2025-12-31,ACC-1008,Wexler Learning,SMB,AMER,VERIFY,Namilio Verify,Usage,verification,429474,540121,110647,125.8,In overage,2247.47,547.47,false
2026-01,2026-01-31,ACC-1008,Wexler Learning,SMB,AMER,VERIFY,Namilio Verify,Usage,verification,429474,573839,144365,133.6,In overage,2414.31,714.31,false
2026-02,2026-02-28,ACC-1008,Wexler Learning,SMB,AMER,VERIFY,Namilio Verify,Usage,verification,429474,593275,163801,138.1,In overage,2510.47,810.47,false
2026-03,2026-03-31,ACC-1008,Wexler Learning,SMB,AMER,VERIFY,Namilio Verify,Usage,verification,429474,616271,186797,143.5,In overage,2624.26,924.26,false
2026-04,2026-04-30,ACC-1008,Wexler Learning,SMB,AMER,VERIFY,Namilio Verify,Usage,verification,429474,653028,223554,152.1,In overage,2806.13,1106.13,false
2026-05,2026-05-31,ACC-1008,Wexler Learning,SMB,AMER,VERIFY,Namilio Verify,Usage,verification,429474,656277,226803,152.8,In overage,2822.2,1122.2,false
2026-06,2026-06-30,ACC-1008,Wexler Learning,SMB,AMER,VERIFY,Namilio Verify,Usage,verification,429474,683905,254431,159.2,In overage,2958.9,1258.9,false
2026-07,2026-07-31,ACC-1008,Wexler Learning,SMB,AMER,VERIFY,Namilio Verify,Usage,verification,429474,722272,292798,168.2,In overage,3148.74,1448.74,false
2026-08,2026-08-31,ACC-1008,Wexler Learning,SMB,AMER,VERIFY,Namilio Verify,Usage,verification,429474,760240,330766,177,In overage,3336.6,1636.6,false
2026-09,2026-09-30,ACC-1008,Wexler Learning,SMB,AMER,VERIFY,Namilio Verify,Usage,verification,429474,776958,347484,180.9,In overage,3419.32,1719.32,false
2025-10,2025-10-31,ACC-1008,Wexler Learning,SMB,AMER,VERIFY,Namilio Verify,Usage,verification,88421,70390,0,79.6,On track,278.63,0,false
2025-11,2025-11-30,ACC-1008,Wexler Learning,SMB,AMER,VERIFY,Namilio Verify,Usage,verification,88421,74953,0,84.8,On track,296.69,0,false
2025-12,2025-12-31,ACC-1008,Wexler Learning,SMB,AMER,VERIFY,Namilio Verify,Usage,verification,88421,79702,0,90.1,On track,315.49,0,false
2026-01,2026-01-31,ACC-1008,Wexler Learning,SMB,AMER,VERIFY,Namilio Verify,Usage,verification,88421,81507,0,92.2,On track,322.63,0,false
2026-02,2026-02-28,ACC-1008,Wexler Learning,SMB,AMER,VERIFY,Namilio Verify,Usage,verification,88421,80755,0,91.3,On track,319.66,0,false
2026-03,2026-03-31,ACC-1008,Wexler Learning,SMB,AMER,VERIFY,Namilio Verify,Usage,verification,88421,78094,0,88.3,On track,309.12,0,false
2026-04,2026-04-30,ACC-1008,Wexler Learning,SMB,AMER,VERIFY,Namilio Verify,Usage,verification,88421,86176,0,97.5,On track,341.11,0,false
2026-05,2026-05-31,ACC-1008,Wexler Learning,SMB,AMER,VERIFY,Namilio Verify,Usage,verification,88421,91814,3393,103.8,On track,366.79,16.79,false
2026-06,2026-06-30,ACC-1008,Wexler Learning,SMB,AMER,VERIFY,Namilio Verify,Usage,verification,88421,92448,4027,104.6,On track,369.93,19.93,false
2026-07,2026-07-31,ACC-1008,Wexler Learning,SMB,AMER,VERIFY,Namilio Verify,Usage,verification,88421,101944,13523,115.3,In overage,416.91,66.91,false
2026-08,2026-08-31,ACC-1008,Wexler Learning,SMB,AMER,VERIFY,Namilio Verify,Usage,verification,88421,108553,20132,122.8,In overage,449.61,99.61,false
2026-09,2026-09-30,ACC-1008,Wexler Learning,SMB,AMER,VERIFY,Namilio Verify,Usage,verification,88421,108130,19709,122.3,In overage,447.52,97.52,false
2025-10,2025-10-31,ACC-1008,Wexler Learning,SMB,AMER,VOICE-AGENT,Namilio Voice Agents,Usage,minute,64444,36274,0,56.3,Under-consuming,272.06,0,false
2025-11,2025-11-30,ACC-1008,Wexler Learning,SMB,AMER,VOICE-AGENT,Namilio Voice Agents,Usage,minute,64444,42383,0,65.8,On track,317.87,0,false
2025-12,2025-12-31,ACC-1008,Wexler Learning,SMB,AMER,VOICE-AGENT,Namilio Voice Agents,Usage,minute,64444,41815,0,64.9,On track,313.61,0,false
2026-01,2026-01-31,ACC-1008,Wexler Learning,SMB,AMER,VOICE-AGENT,Namilio Voice Agents,Usage,minute,64444,46535,0,72.2,On track,349.01,0,false
2026-02,2026-02-28,ACC-1008,Wexler Learning,SMB,AMER,VOICE-AGENT,Namilio Voice Agents,Usage,minute,64444,46246,0,71.8,On track,346.84,0,false
2026-03,2026-03-31,ACC-1008,Wexler Learning,SMB,AMER,VOICE-AGENT,Namilio Voice Agents,Usage,minute,64444,48844,0,75.8,On track,366.33,0,false
2026-04,2026-04-30,ACC-1008,Wexler Learning,SMB,AMER,VOICE-AGENT,Namilio Voice Agents,Usage,minute,64444,51737,0,80.3,On track,388.03,0,false
2026-05,2026-05-31,ACC-1008,Wexler Learning,SMB,AMER,VOICE-AGENT,Namilio Voice Agents,Usage,minute,64444,49546,0,76.9,On track,371.59,0,false
2026-06,2026-06-30,ACC-1008,Wexler Learning,SMB,AMER,VOICE-AGENT,Namilio Voice Agents,Usage,minute,64444,56929,0,88.3,On track,426.97,0,false
2026-07,2026-07-31,ACC-1008,Wexler Learning,SMB,AMER,VOICE-AGENT,Namilio Voice Agents,Usage,minute,64444,57454,0,89.2,On track,430.9,0,false
2026-08,2026-08-31,ACC-1008,Wexler Learning,SMB,AMER,VOICE-AGENT,Namilio Voice Agents,Usage,minute,64444,62734,0,97.3,On track,470.5,0,false
2026-09,2026-09-30,ACC-1008,Wexler Learning,SMB,AMER,VOICE-AGENT,Namilio Voice Agents,Usage,minute,64444,70244,5800,109,In overage,537.71,54.38,false
2025-12,2025-12-31,ACC-1027,Quanta Digital,Enterprise,EMEA,VOICE-AGENT,Namilio Voice Agents,Usage,minute,2040936,1977300,0,96.9,On track,14088.26,0,false
2026-01,2026-01-31,ACC-1027,Quanta Digital,Enterprise,EMEA,VOICE-AGENT,Namilio Voice Agents,Usage,minute,2040936,2099464,58528,102.9,On track,15062.93,521.26,false
2026-02,2026-02-28,ACC-1027,Quanta Digital,Enterprise,EMEA,VOICE-AGENT,Namilio Voice Agents,Usage,minute,2040936,2115601,74665,103.7,On track,15206.65,664.99,false
2026-03,2026-03-31,ACC-1027,Quanta Digital,Enterprise,EMEA,VOICE-AGENT,Namilio Voice Agents,Usage,minute,2040936,2122640,81704,104,On track,15269.35,727.68,false
2026-04,2026-04-30,ACC-1027,Quanta Digital,Enterprise,EMEA,VOICE-AGENT,Namilio Voice Agents,Usage,minute,2040936,2136923,95987,104.7,On track,15396.55,854.88,false
2026-05,2026-05-31,ACC-1027,Quanta Digital,Enterprise,EMEA,VOICE-AGENT,Namilio Voice Agents,Usage,minute,2040936,2404190,363254,117.8,In overage,17776.9,3235.23,false
2026-06,2026-06-30,ACC-1027,Quanta Digital,Enterprise,EMEA,VOICE-AGENT,Namilio Voice Agents,Usage,minute,2040936,2546989,506053,124.8,In overage,19048.7,4507.03,false
2026-07,2026-07-31,ACC-1027,Quanta Digital,Enterprise,EMEA,VOICE-AGENT,Namilio Voice Agents,Usage,minute,2040936,2645322,604386,129.6,In overage,19924.48,5382.81,false
2026-08,2026-08-31,ACC-1027,Quanta Digital,Enterprise,EMEA,VOICE-AGENT,Namilio Voice Agents,Usage,minute,2040936,2772146,731210,135.8,In overage,21054.01,6512.34,false
2026-09,2026-09-30,ACC-1027,Quanta Digital,Enterprise,EMEA,VOICE-AGENT,Namilio Voice Agents,Usage,minute,2040936,2824444,783508,138.4,In overage,21519.79,6978.12,false
2025-12,2025-12-31,ACC-1027,Quanta Digital,Enterprise,EMEA,VERIFY,Namilio Verify,Usage,verification,5770526,4693399,0,81.3,On track,18578.04,0,false
2026-01,2026-01-31,ACC-1027,Quanta Digital,Enterprise,EMEA,VERIFY,Namilio Verify,Usage,verification,5770526,4426692,0,76.7,On track,17522.32,0,false
2026-02,2026-02-28,ACC-1027,Quanta Digital,Enterprise,EMEA,VERIFY,Namilio Verify,Usage,verification,5770526,4157509,0,72,On track,16456.81,0,false
2026-03,2026-03-31,ACC-1027,Quanta Digital,Enterprise,EMEA,VERIFY,Namilio Verify,Usage,verification,5770526,4593359,0,79.6,On track,18182.05,0,false
2026-04,2026-04-30,ACC-1027,Quanta Digital,Enterprise,EMEA,VERIFY,Namilio Verify,Usage,verification,5770526,4343729,0,75.3,On track,17193.93,0,false
2026-05,2026-05-31,ACC-1027,Quanta Digital,Enterprise,EMEA,VERIFY,Namilio Verify,Usage,verification,5770526,4043882,0,70.1,On track,16007.03,0,false
2026-06,2026-06-30,ACC-1027,Quanta Digital,Enterprise,EMEA,VERIFY,Namilio Verify,Usage,verification,5770526,4232476,0,73.3,On track,16753.55,0,false
2026-07,2026-07-31,ACC-1027,Quanta Digital,Enterprise,EMEA,VERIFY,Namilio Verify,Usage,verification,5770526,4080333,0,70.7,On track,16151.32,0,false
2026-08,2026-08-31,ACC-1027,Quanta Digital,Enterprise,EMEA,VERIFY,Namilio Verify,Usage,verification,5770526,3559096,0,61.7,On track,14088.09,0,false
2026-09,2026-09-30,ACC-1027,Quanta Digital,Enterprise,EMEA,VERIFY,Namilio Verify,Usage,verification,5770526,3123631,0,54.1,Under-consuming,12364.37,0,true
2025-12,2025-12-31,ACC-1027,Quanta Digital,Enterprise,EMEA,STUDIO,Namilio Studio,Seat,seat/year,446,352,0,79,On track,15048,0,false
2026-01,2026-01-31,ACC-1027,Quanta Digital,Enterprise,EMEA,STUDIO,Namilio Studio,Seat,seat/year,446,341,0,76.5,On track,14577.75,0,false
2026-02,2026-02-28,ACC-1027,Quanta Digital,Enterprise,EMEA,STUDIO,Namilio Studio,Seat,seat/year,446,330,0,74,On track,14107.5,0,false
2026-03,2026-03-31,ACC-1027,Quanta Digital,Enterprise,EMEA,STUDIO,Namilio Studio,Seat,seat/year,446,328,0,73.5,On track,14022,0,false
2026-04,2026-04-30,ACC-1027,Quanta Digital,Enterprise,EMEA,STUDIO,Namilio Studio,Seat,seat/year,446,313,0,70.2,On track,13380.75,0,false
2026-05,2026-05-31,ACC-1027,Quanta Digital,Enterprise,EMEA,STUDIO,Namilio Studio,Seat,seat/year,446,287,0,64.3,On track,12269.25,0,false
2026-06,2026-06-30,ACC-1027,Quanta Digital,Enterprise,EMEA,STUDIO,Namilio Studio,Seat,seat/year,446,268,0,60.2,On track,11457,0,false
2026-07,2026-07-31,ACC-1027,Quanta Digital,Enterprise,EMEA,STUDIO,Namilio Studio,Seat,seat/year,446,247,0,55.3,Under-consuming,10559.25,0,false
2026-08,2026-08-31,ACC-1027,Quanta Digital,Enterprise,EMEA,STUDIO,Namilio Studio,Seat,seat/year,446,229,0,51.3,Under-consuming,9789.75,0,true
2026-09,2026-09-30,ACC-1027,Quanta Digital,Enterprise,EMEA,STUDIO,Namilio Studio,Seat,seat/year,446,220,0,49.4,Under-consuming,9405,0,true
2026-09,2026-09-30,ACC-1027,Quanta Digital,Enterprise,EMEA,VOICE-AGENT,Namilio Voice Agents,Usage,minute,9202222,9261997,59775,100.6,On track,69577.06,560.39,false
2025-07,2025-07-31,ACC-1027,Quanta Digital,Enterprise,EMEA,COPILOT-API,Namilio Copilot API,Usage,1K tokens,51309091,45076521,0,87.9,On track,41320.14,0,false
2025-08,2025-08-31,ACC-1027,Quanta Digital,Enterprise,EMEA,COPILOT-API,Namilio Copilot API,Usage,1K tokens,51309091,43689833,0,85.2,On track,40049.01,0,false
2025-09,2025-09-30,ACC-1027,Quanta Digital,Enterprise,EMEA,COPILOT-API,Namilio Copilot API,Usage,1K tokens,51309091,39291405,0,76.6,On track,36017.12,0,false
2025-10,2025-10-31,ACC-1027,Quanta Digital,Enterprise,EMEA,COPILOT-API,Namilio Copilot API,Usage,1K tokens,51309091,37620461,0,73.3,On track,34485.42,0,false
2025-11,2025-11-30,ACC-1027,Quanta Digital,Enterprise,EMEA,COPILOT-API,Namilio Copilot API,Usage,1K tokens,51309091,36247889,0,70.6,On track,33227.23,0,false
2025-12,2025-12-31,ACC-1027,Quanta Digital,Enterprise,EMEA,COPILOT-API,Namilio Copilot API,Usage,1K tokens,51309091,37009843,0,72.1,On track,33925.69,0,false
2026-01,2026-01-31,ACC-1027,Quanta Digital,Enterprise,EMEA,COPILOT-API,Namilio Copilot API,Usage,1K tokens,51309091,37938839,0,73.9,On track,34777.27,0,false
2026-02,2026-02-28,ACC-1027,Quanta Digital,Enterprise,EMEA,COPILOT-API,Namilio Copilot API,Usage,1K tokens,51309091,37790153,0,73.7,On track,34640.97,0,false
2026-03,2026-03-31,ACC-1027,Quanta Digital,Enterprise,EMEA,COPILOT-API,Namilio Copilot API,Usage,1K tokens,51309091,38866266,0,75.7,On track,35627.41,0,false
2026-04,2026-04-30,ACC-1027,Quanta Digital,Enterprise,EMEA,COPILOT-API,Namilio Copilot API,Usage,1K tokens,51309091,40712752,0,79.3,On track,37320.02,0,false
2026-05,2026-05-31,ACC-1027,Quanta Digital,Enterprise,EMEA,COPILOT-API,Namilio Copilot API,Usage,1K tokens,51309091,37940625,0,73.9,On track,34778.91,0,false
2026-06,2026-06-30,ACC-1027,Quanta Digital,Enterprise,EMEA,COPILOT-API,Namilio Copilot API,Usage,1K tokens,51309091,37593677,0,73.3,On track,34460.87,0,false
2026-07,2026-07-31,ACC-1027,Quanta Digital,Enterprise,EMEA,COPILOT-API,Namilio Copilot API,Usage,1K tokens,51309091,39313360,0,76.6,On track,36037.25,0,false
2026-08,2026-08-31,ACC-1027,Quanta Digital,Enterprise,EMEA,COPILOT-API,Namilio Copilot API,Usage,1K tokens,51309091,40892721,0,79.7,On track,37484.99,0,false
2026-09,2026-09-30,ACC-1027,Quanta Digital,Enterprise,EMEA,COPILOT-API,Namilio Copilot API,Usage,1K tokens,51309091,42356078,0,82.6,On track,38826.4,0,false
2026-01,2026-01-31,ACC-1003,Kestrel Travel,Self-Serve,APAC,STUDIO,Namilio Studio,Seat,seat/year,21,14,0,65.9,On track,630,0,false
2026-02,2026-02-28,ACC-1003,Kestrel Travel,Self-Serve,APAC,STUDIO,Namilio Studio,Seat,seat/year,21,15,0,71.5,On track,675,0,false
2026-03,2026-03-31,ACC-1003,Kestrel Travel,Self-Serve,APAC,STUDIO,Namilio Studio,Seat,seat/year,21,15,0,72.8,On track,675,0,false
2026-04,2026-04-30,ACC-1003,Kestrel Travel,Self-Serve,APAC,STUDIO,Namilio Studio,Seat,seat/year,21,15,0,71.8,On track,675,0,false
2026-05,2026-05-31,ACC-1003,Kestrel Travel,Self-Serve,APAC,STUDIO,Namilio Studio,Seat,seat/year,21,15,0,72.4,On track,675,0,false
2026-06,2026-06-30,ACC-1003,Kestrel Travel,Self-Serve,APAC,STUDIO,Namilio Studio,Seat,seat/year,21,16,0,76.4,On track,720,0,false
2026-07,2026-07-31,ACC-1003,Kestrel Travel,Self-Serve,APAC,STUDIO,Namilio Studio,Seat,seat/year,21,16,0,75.7,On track,720,0,false
2026-08,2026-08-31,ACC-1003,Kestrel Travel,Self-Serve,APAC,STUDIO,Namilio Studio,Seat,seat/year,21,17,0,80.7,On track,765,0,false
2026-09,2026-09-30,ACC-1003,Kestrel Travel,Self-Serve,APAC,STUDIO,Namilio Studio,Seat,seat/year,21,19,0,89.7,On track,855,0,false
2026-07,2026-07-31,ACC-1003,Kestrel Travel,Self-Serve,APAC,STUDIO,Namilio Studio,Seat,seat/year,5,5,0,103.3,On track,225,0,false
2026-08,2026-08-31,ACC-1003,Kestrel Travel,Self-Serve,APAC,STUDIO,Namilio Studio,Seat,seat/year,5,5,0,93.6,On track,225,0,false
2026-09,2026-09-30,ACC-1003,Kestrel Travel,Self-Serve,APAC,STUDIO,Namilio Studio,Seat,seat/year,5,5,0,91.9,On track,225,0,false
2026-04,2026-04-30,ACC-1018,Vertex Care,Self-Serve,AMER,VERIFY,Namilio Verify,Usage,verification,212632,209995,0,98.8,On track,831.23,0,false
2026-05,2026-05-31,ACC-1018,Vertex Care,Self-Serve,AMER,VERIFY,Namilio Verify,Usage,verification,212632,205201,0,96.5,On track,812.25,0,false
2026-06,2026-06-30,ACC-1018,Vertex Care,Self-Serve,AMER,VERIFY,Namilio Verify,Usage,verification,212632,225961,13329,106.3,In overage,907.62,65.95,false
2026-07,2026-07-31,ACC-1018,Vertex Care,Self-Serve,AMER,VERIFY,Namilio Verify,Usage,verification,212632,210854,0,99.2,On track,834.63,0,false
2026-08,2026-08-31,ACC-1018,Vertex Care,Self-Serve,AMER,VERIFY,Namilio Verify,Usage,verification,212632,190820,0,89.7,On track,755.33,0,false
2026-09,2026-09-30,ACC-1018,Vertex Care,Self-Serve,AMER,VERIFY,Namilio Verify,Usage,verification,212632,185653,0,87.3,On track,734.88,0,false
2026-08,2026-08-31,ACC-1018,Vertex Care,Self-Serve,AMER,COPILOT-API,Namilio Copilot API,Usage,1K tokens,400000,423100,23100,105.8,In overage,393.14,26.47,false
2026-09,2026-09-30,ACC-1018,Vertex Care,Self-Serve,AMER,COPILOT-API,Namilio Copilot API,Usage,1K tokens,400000,445549,45549,111.4,In overage,418.86,52.19,false
2026-02,2026-02-28,ACC-1098,Juniper Care,Mid-Market,APAC,VERIFY,Namilio Verify,Usage,verification,1202500,806672,0,67.1,On track,2688.91,0,false
2026-03,2026-03-31,ACC-1098,Juniper Care,Mid-Market,APAC,VERIFY,Namilio Verify,Usage,verification,1202500,866291,0,72,On track,2887.64,0,false
2026-04,2026-04-30,ACC-1098,Juniper Care,Mid-Market,APAC,VERIFY,Namilio Verify,Usage,verification,1202500,947185,0,78.8,On track,3157.28,0,false
2026-05,2026-05-31,ACC-1098,Juniper Care,Mid-Market,APAC,VERIFY,Namilio Verify,Usage,verification,1202500,1081357,0,89.9,On track,3604.52,0,false
2026-06,2026-06-30,ACC-1098,Juniper Care,Mid-Market,APAC,VERIFY,Namilio Verify,Usage,verification,1202500,1127585,0,93.8,On track,3758.62,0,false
2026-07,2026-07-31,ACC-1098,Juniper Care,Mid-Market,APAC,VERIFY,Namilio Verify,Usage,verification,1202500,1133483,0,94.3,On track,3778.28,0,false
2026-08,2026-08-31,ACC-1098,Juniper Care,Mid-Market,APAC,VERIFY,Namilio Verify,Usage,verification,1202500,1236667,34167,102.8,On track,4150.7,142.36,false
2026-09,2026-09-30,ACC-1098,Juniper Care,Mid-Market,APAC,VERIFY,Namilio Verify,Usage,verification,1202500,1268165,65665,105.5,In overage,4281.94,273.6,false
2026-02,2026-02-28,ACC-1098,Juniper Care,Mid-Market,APAC,VOICE-AGENT,Namilio Voice Agents,Usage,minute,633987,553492,0,87.3,On track,3528.51,0,false
2026-03,2026-03-31,ACC-1098,Juniper Care,Mid-Market,APAC,VOICE-AGENT,Namilio Voice Agents,Usage,minute,633987,585489,0,92.4,On track,3732.49,0,false
2026-04,2026-04-30,ACC-1098,Juniper Care,Mid-Market,APAC,VOICE-AGENT,Namilio Voice Agents,Usage,minute,633987,521305,0,82.2,On track,3323.32,0,false
2026-05,2026-05-31,ACC-1098,Juniper Care,Mid-Market,APAC,VOICE-AGENT,Namilio Voice Agents,Usage,minute,633987,525206,0,82.8,On track,3348.19,0,false
2026-06,2026-06-30,ACC-1098,Juniper Care,Mid-Market,APAC,VOICE-AGENT,Namilio Voice Agents,Usage,minute,633987,564625,0,89.1,On track,3599.48,0,false
2026-07,2026-07-31,ACC-1098,Juniper Care,Mid-Market,APAC,VOICE-AGENT,Namilio Voice Agents,Usage,minute,633987,534791,0,84.4,On track,3409.29,0,false
2026-08,2026-08-31,ACC-1098,Juniper Care,Mid-Market,APAC,VOICE-AGENT,Namilio Voice Agents,Usage,minute,633987,586532,0,92.5,On track,3739.14,0,false
2026-09,2026-09-30,ACC-1098,Juniper Care,Mid-Market,APAC,VOICE-AGENT,Namilio Voice Agents,Usage,minute,633987,647192,13205,102.1,On track,4146.89,105.23,false
2026-05,2026-05-31,ACC-1098,Juniper Care,Mid-Market,APAC,MSG-API,Namilio Messaging API,Usage,message,12996491,12331936,0,94.9,On track,7316.95,0,false
2026-06,2026-06-30,ACC-1098,Juniper Care,Mid-Market,APAC,MSG-API,Namilio Messaging API,Usage,message,12996491,11953709,0,92,On track,7092.53,0,false
2026-07,2026-07-31,ACC-1098,Juniper Care,Mid-Market,APAC,MSG-API,Namilio Messaging API,Usage,message,12996491,12311066,0,94.7,On track,7304.57,0,false
2026-08,2026-08-31,ACC-1098,Juniper Care,Mid-Market,APAC,MSG-API,Namilio Messaging API,Usage,message,12996491,12690632,0,97.6,On track,7529.77,0,false
2026-09,2026-09-30,ACC-1098,Juniper Care,Mid-Market,APAC,MSG-API,Namilio Messaging API,Usage,message,12996491,11743737,0,90.4,On track,6967.95,0,false
2026-08,2026-08-31,ACC-1078,Ember Gaming,SMB,EMEA,STUDIO,Namilio Studio,Seat,seat/year,41,41,0,100.7,On track,1752.75,0,false
2026-09,2026-09-30,ACC-1078,Ember Gaming,SMB,EMEA,STUDIO,Namilio Studio,Seat,seat/year,41,39,0,95.8,On track,1667.25,0,false
2026-08,2026-08-31,ACC-1078,Ember Gaming,SMB,EMEA,VOICE-AGENT,Namilio Voice Agents,Usage,minute,210000,176914,0,84.2,On track,1326.86,0,false
2026-09,2026-09-30,ACC-1078,Ember Gaming,SMB,EMEA,VOICE-AGENT,Namilio Voice Agents,Usage,minute,210000,186903,0,89,On track,1401.77,0,false
2025-06,2025-06-30,ACC-1078,Ember Gaming,SMB,EMEA,STUDIO,Namilio Studio,Seat,seat/year,78,79,1,101.9,On track,3209.63,50.63,false
2025-07,2025-07-31,ACC-1078,Ember Gaming,SMB,EMEA,STUDIO,Namilio Studio,Seat,seat/year,78,80,2,102.4,On track,3260.25,101.25,false
2025-08,2025-08-31,ACC-1078,Ember Gaming,SMB,EMEA,STUDIO,Namilio Studio,Seat,seat/year,78,85,7,109,In overage,3513.38,354.38,false
2025-09,2025-09-30,ACC-1078,Ember Gaming,SMB,EMEA,STUDIO,Namilio Studio,Seat,seat/year,78,83,5,106.2,In overage,3412.13,253.13,false
2025-10,2025-10-31,ACC-1078,Ember Gaming,SMB,EMEA,STUDIO,Namilio Studio,Seat,seat/year,78,88,10,113.3,In overage,3665.25,506.25,false
2025-11,2025-11-30,ACC-1078,Ember Gaming,SMB,EMEA,STUDIO,Namilio Studio,Seat,seat/year,78,94,16,120,In overage,3969,810,false
2025-12,2025-12-31,ACC-1078,Ember Gaming,SMB,EMEA,STUDIO,Namilio Studio,Seat,seat/year,78,103,25,131.6,In overage,4424.63,1265.63,false
2026-01,2026-01-31,ACC-1078,Ember Gaming,SMB,EMEA,STUDIO,Namilio Studio,Seat,seat/year,78,109,31,139.6,In overage,4728.38,1569.38,false
2026-02,2026-02-28,ACC-1078,Ember Gaming,SMB,EMEA,STUDIO,Namilio Studio,Seat,seat/year,78,112,34,143,In overage,4880.25,1721.25,false
2026-03,2026-03-31,ACC-1078,Ember Gaming,SMB,EMEA,STUDIO,Namilio Studio,Seat,seat/year,78,112,34,143.2,In overage,4880.25,1721.25,false
2026-04,2026-04-30,ACC-1078,Ember Gaming,SMB,EMEA,STUDIO,Namilio Studio,Seat,seat/year,78,118,40,151.1,In overage,5184,2025,false
2026-05,2026-05-31,ACC-1078,Ember Gaming,SMB,EMEA,STUDIO,Namilio Studio,Seat,seat/year,78,118,40,151.8,In overage,5184,2025,false
2026-06,2026-06-30,ACC-1078,Ember Gaming,SMB,EMEA,STUDIO,Namilio Studio,Seat,seat/year,78,116,38,148.1,In overage,5082.75,1923.75,false
2026-07,2026-07-31,ACC-1078,Ember Gaming,SMB,EMEA,STUDIO,Namilio Studio,Seat,seat/year,78,112,34,143.1,In overage,4880.25,1721.25,false
2026-08,2026-08-31,ACC-1078,Ember Gaming,SMB,EMEA,STUDIO,Namilio Studio,Seat,seat/year,78,116,38,148.5,In overage,5082.75,1923.75,false
2026-09,2026-09-30,ACC-1078,Ember Gaming,SMB,EMEA,STUDIO,Namilio Studio,Seat,seat/year,78,120,42,153.8,In overage,5285.25,2126.25,false
2025-11,2025-11-30,ACC-1050,Lattice Digital,SMB,AMER,STUDIO,Namilio Studio,Seat,seat/year,27,27,0,101.7,On track,1154.25,0,false
2025-12,2025-12-31,ACC-1050,Lattice Digital,SMB,AMER,STUDIO,Namilio Studio,Seat,seat/year,27,29,2,105.8,In overage,1261.13,106.88,false
2026-01,2026-01-31,ACC-1050,Lattice Digital,SMB,AMER,STUDIO,Namilio Studio,Seat,seat/year,27,28,1,102,On track,1207.69,53.44,false
2026-02,2026-02-28,ACC-1050,Lattice Digital,SMB,AMER,STUDIO,Namilio Studio,Seat,seat/year,27,27,0,101.1,On track,1154.25,0,false
2026-03,2026-03-31,ACC-1050,Lattice Digital,SMB,AMER,STUDIO,Namilio Studio,Seat,seat/year,27,29,2,107.2,In overage,1261.13,106.88,false
2026-04,2026-04-30,ACC-1050,Lattice Digital,SMB,AMER,STUDIO,Namilio Studio,Seat,seat/year,27,29,2,107.2,In overage,1261.13,106.88,false
2026-05,2026-05-31,ACC-1050,Lattice Digital,SMB,AMER,STUDIO,Namilio Studio,Seat,seat/year,27,33,6,120.6,In overage,1474.88,320.63,false
2026-06,2026-06-30,ACC-1050,Lattice Digital,SMB,AMER,STUDIO,Namilio Studio,Seat,seat/year,27,33,6,123.5,In overage,1474.88,320.63,false
2026-07,2026-07-31,ACC-1050,Lattice Digital,SMB,AMER,STUDIO,Namilio Studio,Seat,seat/year,27,32,5,119.8,In overage,1421.44,267.19,false
2026-08,2026-08-31,ACC-1050,Lattice Digital,SMB,AMER,STUDIO,Namilio Studio,Seat,seat/year,27,31,4,114.4,In overage,1368,213.75,false
2026-09,2026-09-30,ACC-1050,Lattice Digital,SMB,AMER,STUDIO,Namilio Studio,Seat,seat/year,27,30,3,111.8,In overage,1314.56,160.31,false
2025-11,2025-11-30,ACC-1050,Lattice Digital,SMB,AMER,COPILOT-API,Namilio Copilot API,Usage,1K tokens,1464646,1243233,0,84.9,On track,1025.67,0,false
2025-12,2025-12-31,ACC-1050,Lattice Digital,SMB,AMER,COPILOT-API,Namilio Copilot API,Usage,1K tokens,1464646,1168875,0,79.8,On track,964.32,0,false
2026-01,2026-01-31,ACC-1050,Lattice Digital,SMB,AMER,COPILOT-API,Namilio Copilot API,Usage,1K tokens,1464646,1001291,0,68.4,On track,826.07,0,false
2026-02,2026-02-28,ACC-1050,Lattice Digital,SMB,AMER,COPILOT-API,Namilio Copilot API,Usage,1K tokens,1464646,893306,0,61,On track,736.98,0,false
2026-03,2026-03-31,ACC-1050,Lattice Digital,SMB,AMER,COPILOT-API,Namilio Copilot API,Usage,1K tokens,1464646,1045364,0,71.4,On track,862.43,0,false
2026-04,2026-04-30,ACC-1050,Lattice Digital,SMB,AMER,COPILOT-API,Namilio Copilot API,Usage,1K tokens,1464646,1206890,0,82.4,On track,995.68,0,false
2026-05,2026-05-31,ACC-1050,Lattice Digital,SMB,AMER,COPILOT-API,Namilio Copilot API,Usage,1K tokens,1464646,1200693,0,82,On track,990.57,0,false
2026-06,2026-06-30,ACC-1050,Lattice Digital,SMB,AMER,COPILOT-API,Namilio Copilot API,Usage,1K tokens,1464646,1108017,0,75.7,On track,914.11,0,false
2026-07,2026-07-31,ACC-1050,Lattice Digital,SMB,AMER,COPILOT-API,Namilio Copilot API,Usage,1K tokens,1464646,1174323,0,80.2,On track,968.82,0,false
2026-08,2026-08-31,ACC-1050,Lattice Digital,SMB,AMER,COPILOT-API,Namilio Copilot API,Usage,1K tokens,1464646,1237821,0,84.5,On track,1021.2,0,false
2026-09,2026-09-30,ACC-1050,Lattice Digital,SMB,AMER,COPILOT-API,Namilio Copilot API,Usage,1K tokens,1464646,1251949,0,85.5,On track,1032.86,0,false
2026-02,2026-02-28,ACC-1119,Ember Logistics,Enterprise,AMER,COPILOT-API,Namilio Copilot API,Usage,1K tokens,44191919,29339547,0,66.4,On track,24205.13,0,false
2026-03,2026-03-31,ACC-1119,Ember Logistics,Enterprise,AMER,COPILOT-API,Namilio Copilot API,Usage,1K tokens,44191919,26261455,0,59.4,Under-consuming,21665.7,0,false
2026-04,2026-04-30,ACC-1119,Ember Logistics,Enterprise,AMER,COPILOT-API,Namilio Copilot API,Usage,1K tokens,44191919,23630775,0,53.5,Under-consuming,19495.39,0,true
2026-05,2026-05-31,ACC-1119,Ember Logistics,Enterprise,AMER,COPILOT-API,Namilio Copilot API,Usage,1K tokens,44191919,21768978,0,49.3,Under-consuming,17959.41,0,true
2026-06,2026-06-30,ACC-1119,Ember Logistics,Enterprise,AMER,COPILOT-API,Namilio Copilot API,Usage,1K tokens,44191919,22305103,0,50.5,Under-consuming,18401.71,0,true
2026-07,2026-07-31,ACC-1119,Ember Logistics,Enterprise,AMER,COPILOT-API,Namilio Copilot API,Usage,1K tokens,44191919,21147042,0,47.9,Under-consuming,17446.31,0,true
2026-08,2026-08-31,ACC-1119,Ember Logistics,Enterprise,AMER,COPILOT-API,Namilio Copilot API,Usage,1K tokens,44191919,16492370,0,37.3,Under-consuming,13606.21,0,true
2026-09,2026-09-30,ACC-1119,Ember Logistics,Enterprise,AMER,COPILOT-API,Namilio Copilot API,Usage,1K tokens,44191919,14149748,0,32,Under-consuming,11673.54,0,true
2025-09,2025-09-30,ACC-1119,Ember Logistics,Enterprise,AMER,VOICE-AGENT,Namilio Voice Agents,Usage,minute,5125490,4704740,0,91.8,On track,29992.72,0,false
2025-10,2025-10-31,ACC-1119,Ember Logistics,Enterprise,AMER,VOICE-AGENT,Namilio Voice Agents,Usage,minute,5125490,4677800,0,91.3,On track,29820.98,0,false
2025-11,2025-11-30,ACC-1119,Ember Logistics,Enterprise,AMER,VOICE-AGENT,Namilio Voice Agents,Usage,minute,5125490,4655515,0,90.8,On track,29678.91,0,false
2025-12,2025-12-31,ACC-1119,Ember Logistics,Enterprise,AMER,VOICE-AGENT,Namilio Voice Agents,Usage,minute,5125490,4127420,0,80.5,On track,26312.3,0,false
2026-01,2026-01-31,ACC-1119,Ember Logistics,Enterprise,AMER,VOICE-AGENT,Namilio Voice Agents,Usage,minute,5125490,3823465,0,74.6,On track,24374.59,0,false
2026-02,2026-02-28,ACC-1119,Ember Logistics,Enterprise,AMER,VOICE-AGENT,Namilio Voice Agents,Usage,minute,5125490,3611420,0,70.5,On track,23022.8,0,false
2026-03,2026-03-31,ACC-1119,Ember Logistics,Enterprise,AMER,VOICE-AGENT,Namilio Voice Agents,Usage,minute,5125490,3449289,0,67.3,On track,21989.22,0,false
2026-04,2026-04-30,ACC-1119,Ember Logistics,Enterprise,AMER,VOICE-AGENT,Namilio Voice Agents,Usage,minute,5125490,3791776,0,74,On track,24172.57,0,false
2026-05,2026-05-31,ACC-1119,Ember Logistics,Enterprise,AMER,VOICE-AGENT,Namilio Voice Agents,Usage,minute,5125490,3598205,0,70.2,On track,22938.56,0,false
2026-06,2026-06-30,ACC-1119,Ember Logistics,Enterprise,AMER,VOICE-AGENT,Namilio Voice Agents,Usage,minute,5125490,3445383,0,67.2,On track,21964.32,0,false
2026-07,2026-07-31,ACC-1119,Ember Logistics,Enterprise,AMER,VOICE-AGENT,Namilio Voice Agents,Usage,minute,5125490,3188695,0,62.2,On track,20327.93,0,false
2026-08,2026-08-31,ACC-1119,Ember Logistics,Enterprise,AMER,VOICE-AGENT,Namilio Voice Agents,Usage,minute,5125490,3394277,0,66.2,On track,21638.52,0,false
2026-09,2026-09-30,ACC-1119,Ember Logistics,Enterprise,AMER,VOICE-AGENT,Namilio Voice Agents,Usage,minute,5125490,3392714,0,66.2,On track,21628.55,0,false
2025-09,2025-09-30,ACC-1119,Ember Logistics,Enterprise,AMER,COPILOT-API,Namilio Copilot API,Usage,1K tokens,45330144,34882172,0,77,On track,30376.56,0,false
2025-10,2025-10-31,ACC-1119,Ember Logistics,Enterprise,AMER,COPILOT-API,Namilio Copilot API,Usage,1K tokens,45330144,35802184,0,79,On track,31177.74,0,false
2025-11,2025-11-30,ACC-1119,Ember Logistics,Enterprise,AMER,COPILOT-API,Namilio Copilot API,Usage,1K tokens,45330144,35854937,0,79.1,On track,31223.67,0,false
2025-12,2025-12-31,ACC-1119,Ember Logistics,Enterprise,AMER,COPILOT-API,Namilio Copilot API,Usage,1K tokens,45330144,35233822,0,77.7,On track,30682.79,0,false
2026-01,2026-01-31,ACC-1119,Ember Logistics,Enterprise,AMER,COPILOT-API,Namilio Copilot API,Usage,1K tokens,45330144,35564970,0,78.5,On track,30971.16,0,false
2026-02,2026-02-28,ACC-1119,Ember Logistics,Enterprise,AMER,COPILOT-API,Namilio Copilot API,Usage,1K tokens,45330144,34996455,0,77.2,On track,30476.08,0,false
2026-03,2026-03-31,ACC-1119,Ember Logistics,Enterprise,AMER,COPILOT-API,Namilio Copilot API,Usage,1K tokens,45330144,31638713,0,69.8,On track,27552.05,0,false
2026-04,2026-04-30,ACC-1119,Ember Logistics,Enterprise,AMER,COPILOT-API,Namilio Copilot API,Usage,1K tokens,45330144,33772178,0,74.5,On track,29409.94,0,false
2026-05,2026-05-31,ACC-1119,Ember Logistics,Enterprise,AMER,COPILOT-API,Namilio Copilot API,Usage,1K tokens,45330144,34057404,0,75.1,On track,29658.32,0,false
2026-06,2026-06-30,ACC-1119,Ember Logistics,Enterprise,AMER,COPILOT-API,Namilio Copilot API,Usage,1K tokens,45330144,30415248,0,67.1,On track,26486.61,0,false
2026-07,2026-07-31,ACC-1119,Ember Logistics,Enterprise,AMER,COPILOT-API,Namilio Copilot API,Usage,1K tokens,45330144,30908263,0,68.2,On track,26915.95,0,false
2026-08,2026-08-31,ACC-1119,Ember Logistics,Enterprise,AMER,COPILOT-API,Namilio Copilot API,Usage,1K tokens,45330144,28430306,0,62.7,On track,24758.06,0,false
2026-09,2026-09-30,ACC-1119,Ember Logistics,Enterprise,AMER,COPILOT-API,Namilio Copilot API,Usage,1K tokens,45330144,34027410,0,75.1,On track,29632.2,0,false
2026-09,2026-09-30,ACC-1067,Dovetail Mobility,Strategic,EMEA,VERIFY,Namilio Verify,Usage,verification,5808000,3114273,0,53.6,Under-consuming,12976.14,0,true
2026-09,2026-09-30,ACC-1067,Dovetail Mobility,Strategic,EMEA,VOICE-AGENT,Namilio Voice Agents,Usage,minute,3056140,2715540,0,88.9,On track,19348.22,0,false
2026-09,2026-09-30,ACC-1067,Dovetail Mobility,Strategic,EMEA,STUDIO,Namilio Studio,Seat,seat/year,858,550,0,64.2,On track,21037.5,0,false
2026-02,2026-02-28,ACC-1067,Dovetail Mobility,Strategic,EMEA,VOICE-AGENT,Namilio Voice Agents,Usage,minute,6198889,5087580,0,82.1,On track,38156.85,0,false
2026-03,2026-03-31,ACC-1067,Dovetail Mobility,Strategic,EMEA,VOICE-AGENT,Namilio Voice Agents,Usage,minute,6198889,4559895,0,73.6,On track,34199.21,0,false
2026-04,2026-04-30,ACC-1067,Dovetail Mobility,Strategic,EMEA,VOICE-AGENT,Namilio Voice Agents,Usage,minute,6198889,4547325,0,73.4,On track,34104.94,0,false
2026-05,2026-05-31,ACC-1067,Dovetail Mobility,Strategic,EMEA,VOICE-AGENT,Namilio Voice Agents,Usage,minute,6198889,4511711,0,72.8,On track,33837.83,0,false
2026-06,2026-06-30,ACC-1067,Dovetail Mobility,Strategic,EMEA,VOICE-AGENT,Namilio Voice Agents,Usage,minute,6198889,4769559,0,76.9,On track,35771.69,0,false
2026-07,2026-07-31,ACC-1067,Dovetail Mobility,Strategic,EMEA,VOICE-AGENT,Namilio Voice Agents,Usage,minute,6198889,4846797,0,78.2,On track,36350.98,0,false
2026-08,2026-08-31,ACC-1067,Dovetail Mobility,Strategic,EMEA,VOICE-AGENT,Namilio Voice Agents,Usage,minute,6198889,4749593,0,76.6,On track,35621.95,0,false
2026-09,2026-09-30,ACC-1067,Dovetail Mobility,Strategic,EMEA,VOICE-AGENT,Namilio Voice Agents,Usage,minute,6198889,4479958,0,72.3,On track,33599.68,0,false
2026-02,2026-02-28,ACC-1067,Dovetail Mobility,Strategic,EMEA,MSG-API,Namilio Messaging API,Usage,message,64413333,42592474,0,66.1,On track,26620.3,0,false
2026-03,2026-03-31,ACC-1067,Dovetail Mobility,Strategic,EMEA,MSG-API,Namilio Messaging API,Usage,message,64413333,48243954,0,74.9,On track,30152.47,0,false
2026-04,2026-04-30,ACC-1067,Dovetail Mobility,Strategic,EMEA,MSG-API,Namilio Messaging API,Usage,message,64413333,53601553,0,83.2,On track,33500.97,0,false
2026-05,2026-05-31,ACC-1067,Dovetail Mobility,Strategic,EMEA,MSG-API,Namilio Messaging API,Usage,message,64413333,50839582,0,78.9,On track,31774.74,0,false
2026-06,2026-06-30,ACC-1067,Dovetail Mobility,Strategic,EMEA,MSG-API,Namilio Messaging API,Usage,message,64413333,51003820,0,79.2,On track,31877.39,0,false
2026-07,2026-07-31,ACC-1067,Dovetail Mobility,Strategic,EMEA,MSG-API,Namilio Messaging API,Usage,message,64413333,56340227,0,87.5,On track,35212.64,0,false
2026-08,2026-08-31,ACC-1067,Dovetail Mobility,Strategic,EMEA,MSG-API,Namilio Messaging API,Usage,message,64413333,60150929,0,93.4,On track,37594.33,0,false
2026-09,2026-09-30,ACC-1067,Dovetail Mobility,Strategic,EMEA,MSG-API,Namilio Messaging API,Usage,message,64413333,62048156,0,96.3,On track,38780.1,0,false
2026-02,2026-02-28,ACC-1067,Dovetail Mobility,Strategic,EMEA,STUDIO,Namilio Studio,Seat,seat/year,541,566,25,104.6,On track,25751.25,1406.25,false
2026-03,2026-03-31,ACC-1067,Dovetail Mobility,Strategic,EMEA,STUDIO,Namilio Studio,Seat,seat/year,541,597,56,110.3,In overage,27495,3150,false
2026-04,2026-04-30,ACC-1067,Dovetail Mobility,Strategic,EMEA,STUDIO,Namilio Studio,Seat,seat/year,541,635,94,117.3,In overage,29632.5,5287.5,false
2026-05,2026-05-31,ACC-1067,Dovetail Mobility,Strategic,EMEA,STUDIO,Namilio Studio,Seat,seat/year,541,727,186,134.3,In overage,34807.5,10462.5,false
2026-06,2026-06-30,ACC-1067,Dovetail Mobility,Strategic,EMEA,STUDIO,Namilio Studio,Seat,seat/year,541,772,231,142.7,In overage,37338.75,12993.75,false
2026-07,2026-07-31,ACC-1067,Dovetail Mobility,Strategic,EMEA,STUDIO,Namilio Studio,Seat,seat/year,541,812,271,150,In overage,39588.75,15243.75,false
2026-08,2026-08-31,ACC-1067,Dovetail Mobility,Strategic,EMEA,STUDIO,Namilio Studio,Seat,seat/year,541,862,321,159.3,In overage,42401.25,18056.25,false
2026-09,2026-09-30,ACC-1067,Dovetail Mobility,Strategic,EMEA,STUDIO,Namilio Studio,Seat,seat/year,541,901,360,166.6,In overage,44595,20250,false
2026-02,2026-02-28,ACC-1067,Dovetail Mobility,Strategic,EMEA,COPILOT-API,Namilio Copilot API,Usage,1K tokens,57409091,50653257,0,88.2,On track,37145.72,0,false
2026-03,2026-03-31,ACC-1067,Dovetail Mobility,Strategic,EMEA,COPILOT-API,Namilio Copilot API,Usage,1K tokens,57409091,52870865,0,92.1,On track,38771.97,0,false
2026-04,2026-04-30,ACC-1067,Dovetail Mobility,Strategic,EMEA,COPILOT-API,Namilio Copilot API,Usage,1K tokens,57409091,55436466,0,96.6,On track,40653.41,0,false
2026-05,2026-05-31,ACC-1067,Dovetail Mobility,Strategic,EMEA,COPILOT-API,Namilio Copilot API,Usage,1K tokens,57409091,52942425,0,92.2,On track,38824.44,0,false
2026-06,2026-06-30,ACC-1067,Dovetail Mobility,Strategic,EMEA,COPILOT-API,Namilio Copilot API,Usage,1K tokens,57409091,54092372,0,94.2,On track,39667.74,0,false
2026-07,2026-07-31,ACC-1067,Dovetail Mobility,Strategic,EMEA,COPILOT-API,Namilio Copilot API,Usage,1K tokens,57409091,52703181,0,91.8,On track,38649,0,false
2026-08,2026-08-31,ACC-1067,Dovetail Mobility,Strategic,EMEA,COPILOT-API,Namilio Copilot API,Usage,1K tokens,57409091,52319517,0,91.1,On track,38367.65,0,false
2026-09,2026-09-30,ACC-1067,Dovetail Mobility,Strategic,EMEA,COPILOT-API,Namilio Copilot API,Usage,1K tokens,57409091,50735364,0,88.4,On track,37205.93,0,false
2025-08,2025-08-31,ACC-1067,Dovetail Mobility,Strategic,EMEA,STUDIO,Namilio Studio,Seat,seat/year,159,121,0,75.9,On track,5172.75,0,false
2025-09,2025-09-30,ACC-1067,Dovetail Mobility,Strategic,EMEA,STUDIO,Namilio Studio,Seat,seat/year,159,127,0,80,On track,5429.25,0,false
2025-10,2025-10-31,ACC-1067,Dovetail Mobility,Strategic,EMEA,STUDIO,Namilio Studio,Seat,seat/year,159,137,0,85.9,On track,5856.75,0,false
2025-11,2025-11-30,ACC-1067,Dovetail Mobility,Strategic,EMEA,STUDIO,Namilio Studio,Seat,seat/year,159,142,0,89.2,On track,6070.5,0,false
2025-12,2025-12-31,ACC-1067,Dovetail Mobility,Strategic,EMEA,STUDIO,Namilio Studio,Seat,seat/year,159,133,0,83.9,On track,5685.75,0,false
2026-01,2026-01-31,ACC-1067,Dovetail Mobility,Strategic,EMEA,STUDIO,Namilio Studio,Seat,seat/year,159,149,0,93.6,On track,6369.75,0,false
2026-02,2026-02-28,ACC-1067,Dovetail Mobility,Strategic,EMEA,STUDIO,Namilio Studio,Seat,seat/year,159,152,0,95.9,On track,6498,0,false
2026-03,2026-03-31,ACC-1067,Dovetail Mobility,Strategic,EMEA,STUDIO,Namilio Studio,Seat,seat/year,159,162,3,101.7,On track,6957.56,160.31,false
2026-04,2026-04-30,ACC-1067,Dovetail Mobility,Strategic,EMEA,STUDIO,Namilio Studio,Seat,seat/year,159,151,0,95,On track,6455.25,0,false
2026-05,2026-05-31,ACC-1067,Dovetail Mobility,Strategic,EMEA,STUDIO,Namilio Studio,Seat,seat/year,159,154,0,96.5,On track,6583.5,0,false
2026-06,2026-06-30,ACC-1067,Dovetail Mobility,Strategic,EMEA,STUDIO,Namilio Studio,Seat,seat/year,159,166,7,104.7,On track,7171.31,374.06,false
2026-07,2026-07-31,ACC-1067,Dovetail Mobility,Strategic,EMEA,STUDIO,Namilio Studio,Seat,seat/year,159,178,19,111.7,In overage,7812.56,1015.31,false
2026-08,2026-08-31,ACC-1067,Dovetail Mobility,Strategic,EMEA,STUDIO,Namilio Studio,Seat,seat/year,159,187,28,117.8,In overage,8293.5,1496.25,false
2026-09,2026-09-30,ACC-1067,Dovetail Mobility,Strategic,EMEA,STUDIO,Namilio Studio,Seat,seat/year,159,198,39,124.2,In overage,8881.31,2084.06,false
2025-08,2025-08-31,ACC-1067,Dovetail Mobility,Strategic,EMEA,COPILOT-API,Namilio Copilot API,Usage,1K tokens,4459330,3220800,0,72.2,On track,2804.78,0,false
2025-09,2025-09-30,ACC-1067,Dovetail Mobility,Strategic,EMEA,COPILOT-API,Namilio Copilot API,Usage,1K tokens,4459330,3292724,0,73.8,On track,2867.41,0,false
2025-10,2025-10-31,ACC-1067,Dovetail Mobility,Strategic,EMEA,COPILOT-API,Namilio Copilot API,Usage,1K tokens,4459330,3102624,0,69.6,On track,2701.87,0,false
2025-11,2025-11-30,ACC-1067,Dovetail Mobility,Strategic,EMEA,COPILOT-API,Namilio Copilot API,Usage,1K tokens,4459330,3371983,0,75.6,On track,2936.44,0,false
2025-12,2025-12-31,ACC-1067,Dovetail Mobility,Strategic,EMEA,COPILOT-API,Namilio Copilot API,Usage,1K tokens,4459330,3404409,0,76.3,On track,2964.67,0,false
2026-01,2026-01-31,ACC-1067,Dovetail Mobility,Strategic,EMEA,COPILOT-API,Namilio Copilot API,Usage,1K tokens,4459330,3778067,0,84.7,On track,3290.07,0,false
2026-02,2026-02-28,ACC-1067,Dovetail Mobility,Strategic,EMEA,COPILOT-API,Namilio Copilot API,Usage,1K tokens,4459330,3784498,0,84.9,On track,3295.67,0,false
2026-03,2026-03-31,ACC-1067,Dovetail Mobility,Strategic,EMEA,COPILOT-API,Namilio Copilot API,Usage,1K tokens,4459330,4309894,0,96.6,On track,3753.2,0,false
2026-04,2026-04-30,ACC-1067,Dovetail Mobility,Strategic,EMEA,COPILOT-API,Namilio Copilot API,Usage,1K tokens,4459330,4464705,5375,100.1,On track,3889.18,5.85,false
2026-05,2026-05-31,ACC-1067,Dovetail Mobility,Strategic,EMEA,COPILOT-API,Namilio Copilot API,Usage,1K tokens,4459330,4541100,81770,101.8,On track,3972.34,89.01,false
2026-06,2026-06-30,ACC-1067,Dovetail Mobility,Strategic,EMEA,COPILOT-API,Namilio Copilot API,Usage,1K tokens,4459330,4557315,97985,102.2,On track,3989.99,106.66,false
2026-07,2026-07-31,ACC-1067,Dovetail Mobility,Strategic,EMEA,COPILOT-API,Namilio Copilot API,Usage,1K tokens,4459330,4503184,43854,101,On track,3931.07,47.74,false
2026-08,2026-08-31,ACC-1067,Dovetail Mobility,Strategic,EMEA,COPILOT-API,Namilio Copilot API,Usage,1K tokens,4459330,4464767,5437,100.1,On track,3889.25,5.92,false
2026-09,2026-09-30,ACC-1067,Dovetail Mobility,Strategic,EMEA,COPILOT-API,Namilio Copilot API,Usage,1K tokens,4459330,4947604,488274,110.9,In overage,4414.84,531.51,false
2025-08,2025-08-31,ACC-1067,Dovetail Mobility,Strategic,EMEA,VERIFY,Namilio Verify,Usage,verification,1978000,1313483,0,66.4,On track,5472.85,0,false
2025-09,2025-09-30,ACC-1067,Dovetail Mobility,Strategic,EMEA,VERIFY,Namilio Verify,Usage,verification,1978000,1443664,0,73,On track,6015.27,0,false
2025-10,2025-10-31,ACC-1067,Dovetail Mobility,Strategic,EMEA,VERIFY,Namilio Verify,Usage,verification,1978000,1364335,0,69,On track,5684.73,0,false
2025-11,2025-11-30,ACC-1067,Dovetail Mobility,Strategic,EMEA,VERIFY,Namilio Verify,Usage,verification,1978000,1388190,0,70.2,On track,5784.13,0,false
2025-12,2025-12-31,ACC-1067,Dovetail Mobility,Strategic,EMEA,VERIFY,Namilio Verify,Usage,verification,1978000,1476048,0,74.6,On track,6150.2,0,false
2026-01,2026-01-31,ACC-1067,Dovetail Mobility,Strategic,EMEA,VERIFY,Namilio Verify,Usage,verification,1978000,1657524,0,83.8,On track,6906.35,0,false
2026-02,2026-02-28,ACC-1067,Dovetail Mobility,Strategic,EMEA,VERIFY,Namilio Verify,Usage,verification,1978000,1633694,0,82.6,On track,6807.06,0,false
2026-03,2026-03-31,ACC-1067,Dovetail Mobility,Strategic,EMEA,VERIFY,Namilio Verify,Usage,verification,1978000,1794727,0,90.7,On track,7478.03,0,false
2026-04,2026-04-30,ACC-1067,Dovetail Mobility,Strategic,EMEA,VERIFY,Namilio Verify,Usage,verification,1978000,1647338,0,83.3,On track,6863.91,0,false
2026-05,2026-05-31,ACC-1067,Dovetail Mobility,Strategic,EMEA,VERIFY,Namilio Verify,Usage,verification,1978000,1649184,0,83.4,On track,6871.6,0,false
2026-06,2026-06-30,ACC-1067,Dovetail Mobility,Strategic,EMEA,VERIFY,Namilio Verify,Usage,verification,1978000,1833510,0,92.7,On track,7639.63,0,false
2026-07,2026-07-31,ACC-1067,Dovetail Mobility,Strategic,EMEA,VERIFY,Namilio Verify,Usage,verification,1978000,1859308,0,94,On track,7747.12,0,false
2026-08,2026-08-31,ACC-1067,Dovetail Mobility,Strategic,EMEA,VERIFY,Namilio Verify,Usage,verification,1978000,2015736,37736,101.9,On track,8438.21,196.54,false
2026-09,2026-09-30,ACC-1067,Dovetail Mobility,Strategic,EMEA,VERIFY,Namilio Verify,Usage,verification,1978000,2174436,196436,109.9,In overage,9264.77,1023.1,false
2025-08,2025-08-31,ACC-1067,Dovetail Mobility,Strategic,EMEA,VOICE-AGENT,Namilio Voice Agents,Usage,minute,942484,637369,0,67.6,On track,4063.23,0,false
2025-09,2025-09-30,ACC-1067,Dovetail Mobility,Strategic,EMEA,VOICE-AGENT,Namilio Voice Agents,Usage,minute,942484,676782,0,71.8,On track,4314.49,0,false
2025-10,2025-10-31,ACC-1067,Dovetail Mobility,Strategic,EMEA,VOICE-AGENT,Namilio Voice Agents,Usage,minute,942484,651475,0,69.1,On track,4153.15,0,false
2025-11,2025-11-30,ACC-1067,Dovetail Mobility,Strategic,EMEA,VOICE-AGENT,Namilio Voice Agents,Usage,minute,942484,652932,0,69.3,On track,4162.44,0,false
2025-12,2025-12-31,ACC-1067,Dovetail Mobility,Strategic,EMEA,VOICE-AGENT,Namilio Voice Agents,Usage,minute,942484,671473,0,71.2,On track,4280.64,0,false
2026-01,2026-01-31,ACC-1067,Dovetail Mobility,Strategic,EMEA,VOICE-AGENT,Namilio Voice Agents,Usage,minute,942484,702760,0,74.6,On track,4480.1,0,false
2026-02,2026-02-28,ACC-1067,Dovetail Mobility,Strategic,EMEA,VOICE-AGENT,Namilio Voice Agents,Usage,minute,942484,700728,0,74.3,On track,4467.14,0,false
2026-03,2026-03-31,ACC-1067,Dovetail Mobility,Strategic,EMEA,VOICE-AGENT,Namilio Voice Agents,Usage,minute,942484,621332,0,65.9,On track,3960.99,0,false
2026-04,2026-04-30,ACC-1067,Dovetail Mobility,Strategic,EMEA,VOICE-AGENT,Namilio Voice Agents,Usage,minute,942484,576209,0,61.1,On track,3673.33,0,false
2026-05,2026-05-31,ACC-1067,Dovetail Mobility,Strategic,EMEA,VOICE-AGENT,Namilio Voice Agents,Usage,minute,942484,541736,0,57.5,Under-consuming,3453.57,0,false
2026-06,2026-06-30,ACC-1067,Dovetail Mobility,Strategic,EMEA,VOICE-AGENT,Namilio Voice Agents,Usage,minute,942484,533162,0,56.6,Under-consuming,3398.91,0,false
2026-07,2026-07-31,ACC-1067,Dovetail Mobility,Strategic,EMEA,VOICE-AGENT,Namilio Voice Agents,Usage,minute,942484,539074,0,57.2,Under-consuming,3436.6,0,false
2026-08,2026-08-31,ACC-1067,Dovetail Mobility,Strategic,EMEA,VOICE-AGENT,Namilio Voice Agents,Usage,minute,942484,537695,0,57.1,Under-consuming,3427.81,0,false
2026-09,2026-09-30,ACC-1067,Dovetail Mobility,Strategic,EMEA,VOICE-AGENT,Namilio Voice Agents,Usage,minute,942484,558210,0,59.2,Under-consuming,3558.59,0,false
2026-09,2026-09-30,ACC-1138,North Insure,Self-Serve,AMER,STUDIO,Namilio Studio,Seat,seat/year,27,24,0,90.1,On track,972,0,false
2026-06,2026-06-30,ACC-1138,North Insure,Self-Serve,AMER,VOICE-AGENT,Namilio Voice Agents,Usage,minute,26144,16455,0,62.9,On track,104.9,0,false
2026-07,2026-07-31,ACC-1138,North Insure,Self-Serve,AMER,VOICE-AGENT,Namilio Voice Agents,Usage,minute,26144,15140,0,57.9,Under-consuming,96.52,0,false
2026-08,2026-08-31,ACC-1138,North Insure,Self-Serve,AMER,VOICE-AGENT,Namilio Voice Agents,Usage,minute,26144,15562,0,59.5,Under-consuming,99.21,0,false
2026-09,2026-09-30,ACC-1138,North Insure,Self-Serve,AMER,VOICE-AGENT,Namilio Voice Agents,Usage,minute,26144,15722,0,60.1,On track,100.23,0,false
2025-06,2025-06-30,ACC-1083,Zephyr Mobility,Self-Serve,EMEA,MSG-API,Namilio Messaging API,Usage,message,1813333,1484848,0,81.9,On track,928.03,0,false
2025-07,2025-07-31,ACC-1083,Zephyr Mobility,Self-Serve,EMEA,MSG-API,Namilio Messaging API,Usage,message,1813333,1672336,0,92.2,On track,1045.21,0,false
2025-08,2025-08-31,ACC-1083,Zephyr Mobility,Self-Serve,EMEA,MSG-API,Namilio Messaging API,Usage,message,1813333,1783284,0,98.3,On track,1114.55,0,false
2025-09,2025-09-30,ACC-1083,Zephyr Mobility,Self-Serve,EMEA,MSG-API,Namilio Messaging API,Usage,message,1813333,1878744,65411,103.6,On track,1184.44,51.1,false
2025-10,2025-10-31,ACC-1083,Zephyr Mobility,Self-Serve,EMEA,MSG-API,Namilio Messaging API,Usage,message,1813333,1965553,152220,108.4,In overage,1252.25,118.92,false
2025-11,2025-11-30,ACC-1083,Zephyr Mobility,Self-Serve,EMEA,MSG-API,Namilio Messaging API,Usage,message,1813333,2066717,253384,114,In overage,1331.29,197.96,false
2025-12,2025-12-31,ACC-1083,Zephyr Mobility,Self-Serve,EMEA,MSG-API,Namilio Messaging API,Usage,message,1813333,2282896,469563,125.9,In overage,1500.18,366.85,false
2026-01,2026-01-31,ACC-1083,Zephyr Mobility,Self-Serve,EMEA,MSG-API,Namilio Messaging API,Usage,message,1813333,2463861,650528,135.9,In overage,1641.56,508.22,false
2026-02,2026-02-28,ACC-1083,Zephyr Mobility,Self-Serve,EMEA,MSG-API,Namilio Messaging API,Usage,message,1813333,2412391,599058,133,In overage,1601.35,468.01,false
2026-03,2026-03-31,ACC-1083,Zephyr Mobility,Self-Serve,EMEA,MSG-API,Namilio Messaging API,Usage,message,1813333,2516602,703269,138.8,In overage,1682.76,549.43,false
2026-04,2026-04-30,ACC-1083,Zephyr Mobility,Self-Serve,EMEA,MSG-API,Namilio Messaging API,Usage,message,1813333,2577422,764089,142.1,In overage,1730.28,596.94,false
2026-05,2026-05-31,ACC-1083,Zephyr Mobility,Self-Serve,EMEA,MSG-API,Namilio Messaging API,Usage,message,1813333,2684120,870787,148,In overage,1813.64,680.3,false
2026-06,2026-06-30,ACC-1083,Zephyr Mobility,Self-Serve,EMEA,MSG-API,Namilio Messaging API,Usage,message,1813333,2814471,1001138,155.2,In overage,1915.47,782.14,false
2026-07,2026-07-31,ACC-1083,Zephyr Mobility,Self-Serve,EMEA,MSG-API,Namilio Messaging API,Usage,message,1813333,2948651,1135318,162.6,In overage,2020.3,886.97,false
2026-08,2026-08-31,ACC-1083,Zephyr Mobility,Self-Serve,EMEA,MSG-API,Namilio Messaging API,Usage,message,1813333,3157147,1343814,174.1,In overage,2183.19,1049.85,false
2026-09,2026-09-30,ACC-1083,Zephyr Mobility,Self-Serve,EMEA,MSG-API,Namilio Messaging API,Usage,message,1813333,3537395,1724062,195.1,In overage,2480.26,1346.92,false
2026-09,2026-09-30,ACC-1109,Lumen Pay,Self-Serve,AMER,STUDIO,Namilio Studio,Seat,seat/year,27,26,0,96.9,On track,1053,0,false
2026-01,2026-01-31,ACC-1001,Dovetail Labs,Self-Serve,EMEA,VOICE-AGENT,Namilio Voice Agents,Usage,minute,160784,153164,0,95.3,On track,976.42,0,false
2026-02,2026-02-28,ACC-1001,Dovetail Labs,Self-Serve,EMEA,VOICE-AGENT,Namilio Voice Agents,Usage,minute,160784,153350,0,95.4,On track,977.61,0,false
2026-03,2026-03-31,ACC-1001,Dovetail Labs,Self-Serve,EMEA,VOICE-AGENT,Namilio Voice Agents,Usage,minute,160784,132547,0,82.4,On track,844.99,0,false
2026-04,2026-04-30,ACC-1001,Dovetail Labs,Self-Serve,EMEA,VOICE-AGENT,Namilio Voice Agents,Usage,minute,160784,124959,0,77.7,On track,796.61,0,false
2026-05,2026-05-31,ACC-1001,Dovetail Labs,Self-Serve,EMEA,VOICE-AGENT,Namilio Voice Agents,Usage,minute,160784,113225,0,70.4,On track,721.81,0,false
2026-06,2026-06-30,ACC-1001,Dovetail Labs,Self-Serve,EMEA,VOICE-AGENT,Namilio Voice Agents,Usage,minute,160784,102323,0,63.6,On track,652.31,0,false
2026-07,2026-07-31,ACC-1001,Dovetail Labs,Self-Serve,EMEA,VOICE-AGENT,Namilio Voice Agents,Usage,minute,160784,96019,0,59.7,Under-consuming,612.12,0,false
2026-08,2026-08-31,ACC-1001,Dovetail Labs,Self-Serve,EMEA,VOICE-AGENT,Namilio Voice Agents,Usage,minute,160784,93106,0,57.9,Under-consuming,593.55,0,false
2026-09,2026-09-30,ACC-1001,Dovetail Labs,Self-Serve,EMEA,VOICE-AGENT,Namilio Voice Agents,Usage,minute,160784,90343,0,56.2,Under-consuming,575.94,0,false
2026-04,2026-04-30,ACC-1111,Pallas Systems,Self-Serve,AMER,VOICE-AGENT,Namilio Voice Agents,Usage,minute,138012,100154,0,72.6,On track,713.6,0,false
2026-05,2026-05-31,ACC-1111,Pallas Systems,Self-Serve,AMER,VOICE-AGENT,Namilio Voice Agents,Usage,minute,138012,112808,0,81.7,On track,803.76,0,false
2026-06,2026-06-30,ACC-1111,Pallas Systems,Self-Serve,AMER,VOICE-AGENT,Namilio Voice Agents,Usage,minute,138012,123295,0,89.3,On track,878.48,0,false
2026-07,2026-07-31,ACC-1111,Pallas Systems,Self-Serve,AMER,VOICE-AGENT,Namilio Voice Agents,Usage,minute,138012,125993,0,91.3,On track,897.7,0,false
2026-08,2026-08-31,ACC-1111,Pallas Systems,Self-Serve,AMER,VOICE-AGENT,Namilio Voice Agents,Usage,minute,138012,127961,0,92.7,On track,911.72,0,false
2026-09,2026-09-30,ACC-1111,Pallas Systems,Self-Serve,AMER,VOICE-AGENT,Namilio Voice Agents,Usage,minute,138012,140131,2119,101.5,On track,1002.21,18.87,false
2025-10,2025-10-31,ACC-1029,Umbra Technologies,Self-Serve,AMER,STUDIO,Namilio Studio,Seat,seat/year,11,11,0,101.9,On track,495,0,false
2025-11,2025-11-30,ACC-1029,Umbra Technologies,Self-Serve,AMER,STUDIO,Namilio Studio,Seat,seat/year,11,12,1,106.4,In overage,551.25,56.25,false
2025-12,2025-12-31,ACC-1029,Umbra Technologies,Self-Serve,AMER,STUDIO,Namilio Studio,Seat,seat/year,11,12,1,106.5,In overage,551.25,56.25,false
2026-01,2026-01-31,ACC-1029,Umbra Technologies,Self-Serve,AMER,STUDIO,Namilio Studio,Seat,seat/year,11,12,1,111.1,In overage,551.25,56.25,false
2026-02,2026-02-28,ACC-1029,Umbra Technologies,Self-Serve,AMER,STUDIO,Namilio Studio,Seat,seat/year,11,11,0,101.8,On track,495,0,false
2026-03,2026-03-31,ACC-1029,Umbra Technologies,Self-Serve,AMER,STUDIO,Namilio Studio,Seat,seat/year,11,12,1,111.4,In overage,551.25,56.25,false
2026-04,2026-04-30,ACC-1029,Umbra Technologies,Self-Serve,AMER,STUDIO,Namilio Studio,Seat,seat/year,11,12,1,107.7,In overage,551.25,56.25,false
2026-05,2026-05-31,ACC-1029,Umbra Technologies,Self-Serve,AMER,STUDIO,Namilio Studio,Seat,seat/year,11,13,2,117.6,In overage,607.5,112.5,false
2026-06,2026-06-30,ACC-1029,Umbra Technologies,Self-Serve,AMER,STUDIO,Namilio Studio,Seat,seat/year,11,13,2,118.3,In overage,607.5,112.5,false
2026-07,2026-07-31,ACC-1029,Umbra Technologies,Self-Serve,AMER,STUDIO,Namilio Studio,Seat,seat/year,11,13,2,121.5,In overage,607.5,112.5,false
2026-08,2026-08-31,ACC-1029,Umbra Technologies,Self-Serve,AMER,STUDIO,Namilio Studio,Seat,seat/year,11,14,3,124.3,In overage,663.75,168.75,false
2026-09,2026-09-30,ACC-1029,Umbra Technologies,Self-Serve,AMER,STUDIO,Namilio Studio,Seat,seat/year,11,14,3,126.3,In overage,663.75,168.75,false
2025-09,2025-09-30,ACC-1079,Umbra Care,Self-Serve,AMER,VOICE-AGENT,Namilio Voice Agents,Usage,minute,15205,11816,0,77.7,On track,84.19,0,false
2025-10,2025-10-31,ACC-1079,Umbra Care,Self-Serve,AMER,VOICE-AGENT,Namilio Voice Agents,Usage,minute,15205,12125,0,79.7,On track,86.39,0,false
2025-11,2025-11-30,ACC-1079,Umbra Care,Self-Serve,AMER,VOICE-AGENT,Namilio Voice Agents,Usage,minute,15205,12241,0,80.5,On track,87.22,0,false
2025-12,2025-12-31,ACC-1079,Umbra Care,Self-Serve,AMER,VOICE-AGENT,Namilio Voice Agents,Usage,minute,15205,11768,0,77.4,On track,83.85,0,false
2026-01,2026-01-31,ACC-1079,Umbra Care,Self-Serve,AMER,VOICE-AGENT,Namilio Voice Agents,Usage,minute,15205,11780,0,77.5,On track,83.93,0,false
2026-02,2026-02-28,ACC-1079,Umbra Care,Self-Serve,AMER,VOICE-AGENT,Namilio Voice Agents,Usage,minute,15205,12334,0,81.1,On track,87.88,0,false
2026-03,2026-03-31,ACC-1079,Umbra Care,Self-Serve,AMER,VOICE-AGENT,Namilio Voice Agents,Usage,minute,15205,10508,0,69.1,On track,74.87,0,false
2026-04,2026-04-30,ACC-1079,Umbra Care,Self-Serve,AMER,VOICE-AGENT,Namilio Voice Agents,Usage,minute,15205,11003,0,72.4,On track,78.4,0,false
2026-05,2026-05-31,ACC-1079,Umbra Care,Self-Serve,AMER,VOICE-AGENT,Namilio Voice Agents,Usage,minute,15205,9525,0,62.6,On track,67.87,0,false
2026-06,2026-06-30,ACC-1079,Umbra Care,Self-Serve,AMER,VOICE-AGENT,Namilio Voice Agents,Usage,minute,15205,9136,0,60.1,On track,65.09,0,false
2026-07,2026-07-31,ACC-1079,Umbra Care,Self-Serve,AMER,VOICE-AGENT,Namilio Voice Agents,Usage,minute,15205,8762,0,57.6,Under-consuming,62.43,0,false
2026-08,2026-08-31,ACC-1079,Umbra Care,Self-Serve,AMER,VOICE-AGENT,Namilio Voice Agents,Usage,minute,15205,6757,0,44.4,Under-consuming,48.14,0,true
2026-09,2026-09-30,ACC-1079,Umbra Care,Self-Serve,AMER,VOICE-AGENT,Namilio Voice Agents,Usage,minute,15205,7551,0,49.7,Under-consuming,53.8,0,true
2026-04,2026-04-30,ACC-1030,Cobalt Works,Self-Serve,APAC,MSG-API,Namilio Messaging API,Usage,message,506667,393668,0,77.7,On track,246.04,0,false
2026-05,2026-05-31,ACC-1030,Cobalt Works,Self-Serve,APAC,MSG-API,Namilio Messaging API,Usage,message,506667,408005,0,80.5,On track,255,0,false
2026-06,2026-06-30,ACC-1030,Cobalt Works,Self-Serve,APAC,MSG-API,Namilio Messaging API,Usage,message,506667,412344,0,81.4,On track,257.71,0,false
2026-07,2026-07-31,ACC-1030,Cobalt Works,Self-Serve,APAC,MSG-API,Namilio Messaging API,Usage,message,506667,421297,0,83.2,On track,263.31,0,false
2026-08,2026-08-31,ACC-1030,Cobalt Works,Self-Serve,APAC,MSG-API,Namilio Messaging API,Usage,message,506667,435853,0,86,On track,272.41,0,false
2026-09,2026-09-30,ACC-1030,Cobalt Works,Self-Serve,APAC,MSG-API,Namilio Messaging API,Usage,message,506667,485066,0,95.7,On track,303.17,0,false
2026-07,2026-07-31,ACC-1101,North Mobility,SMB,EMEA,MSG-API,Namilio Messaging API,Usage,message,2290196,2062836,0,90.1,On track,1095.02,0,false
2026-08,2026-08-31,ACC-1101,North Mobility,SMB,EMEA,MSG-API,Namilio Messaging API,Usage,message,2290196,2270476,0,99.1,On track,1205.24,0,false
2026-09,2026-09-30,ACC-1101,North Mobility,SMB,EMEA,MSG-API,Namilio Messaging API,Usage,message,2290196,2146906,0,93.7,On track,1139.65,0,false
2026-07,2026-07-31,ACC-1101,North Mobility,SMB,EMEA,COPILOT-API,Namilio Copilot API,Usage,1K tokens,818182,846031,27849,103.4,On track,781.91,31.91,false
2026-08,2026-08-31,ACC-1101,North Mobility,SMB,EMEA,COPILOT-API,Namilio Copilot API,Usage,1K tokens,818182,916124,97942,112,In overage,862.23,112.23,false
2026-09,2026-09-30,ACC-1101,North Mobility,SMB,EMEA,COPILOT-API,Namilio Copilot API,Usage,1K tokens,818182,936874,118692,114.5,In overage,886,136,false
2026-04,2026-04-30,ACC-1101,North Mobility,SMB,EMEA,VERIFY,Namilio Verify,Usage,verification,183529,135591,0,73.9,On track,480.22,0,false
2026-05,2026-05-31,ACC-1101,North Mobility,SMB,EMEA,VERIFY,Namilio Verify,Usage,verification,183529,137792,0,75.1,On track,488.01,0,false
2026-06,2026-06-30,ACC-1101,North Mobility,SMB,EMEA,VERIFY,Namilio Verify,Usage,verification,183529,138241,0,75.3,On track,489.6,0,false
2026-07,2026-07-31,ACC-1101,North Mobility,SMB,EMEA,VERIFY,Namilio Verify,Usage,verification,183529,140736,0,76.7,On track,498.44,0,false
2026-08,2026-08-31,ACC-1101,North Mobility,SMB,EMEA,VERIFY,Namilio Verify,Usage,verification,183529,141419,0,77.1,On track,500.86,0,false
2026-09,2026-09-30,ACC-1101,North Mobility,SMB,EMEA,VERIFY,Namilio Verify,Usage,verification,183529,158618,0,86.4,On track,561.77,0,false
2026-01,2026-01-31,ACC-1121,Ember Market,SMB,EMEA,VERIFY,Namilio Verify,Usage,verification,530000,585868,55868,110.5,In overage,2499.31,290.98,false
2026-02,2026-02-28,ACC-1121,Ember Market,SMB,EMEA,VERIFY,Namilio Verify,Usage,verification,530000,586336,56336,110.6,In overage,2501.75,293.42,false
2026-03,2026-03-31,ACC-1121,Ember Market,SMB,EMEA,VERIFY,Namilio Verify,Usage,verification,530000,654761,124761,123.5,In overage,2858.13,649.8,false
2026-04,2026-04-30,ACC-1121,Ember Market,SMB,EMEA,VERIFY,Namilio Verify,Usage,verification,530000,684344,154344,129.1,In overage,3012.21,803.88,false
2026-05,2026-05-31,ACC-1121,Ember Market,SMB,EMEA,VERIFY,Namilio Verify,Usage,verification,530000,698050,168050,131.7,In overage,3083.59,875.26,false
2026-06,2026-06-30,ACC-1121,Ember Market,SMB,EMEA,VERIFY,Namilio Verify,Usage,verification,530000,812559,282559,153.3,In overage,3679.99,1471.66,false
2026-07,2026-07-31,ACC-1121,Ember Market,SMB,EMEA,VERIFY,Namilio Verify,Usage,verification,530000,858652,328652,162,In overage,3920.06,1711.73,false
2026-08,2026-08-31,ACC-1121,Ember Market,SMB,EMEA,VERIFY,Namilio Verify,Usage,verification,530000,901443,371443,170.1,In overage,4142.93,1934.6,false
2026-09,2026-09-30,ACC-1121,Ember Market,SMB,EMEA,VERIFY,Namilio Verify,Usage,verification,530000,948829,418829,179,In overage,4389.73,2181.4,false
2026-08,2026-08-31,ACC-1076,Dovetail Freight,Self-Serve,AMER,STUDIO,Namilio Studio,Seat,seat/year,20,14,0,70.6,On track,630,0,false
2026-09,2026-09-30,ACC-1076,Dovetail Freight,Self-Serve,AMER,STUDIO,Namilio Studio,Seat,seat/year,20,14,0,72.1,On track,630,0,false
2025-10,2025-10-31,ACC-1005,Pallas Digital,Enterprise,AMER,STUDIO,Namilio Studio,Seat,seat/year,50,42,0,83.7,On track,1795.5,0,false
2025-11,2025-11-30,ACC-1005,Pallas Digital,Enterprise,AMER,STUDIO,Namilio Studio,Seat,seat/year,50,44,0,88,On track,1881,0,false
2025-12,2025-12-31,ACC-1005,Pallas Digital,Enterprise,AMER,STUDIO,Namilio Studio,Seat,seat/year,50,40,0,80.5,On track,1710,0,false
2026-01,2026-01-31,ACC-1005,Pallas Digital,Enterprise,AMER,STUDIO,Namilio Studio,Seat,seat/year,50,40,0,80.3,On track,1710,0,false
2026-02,2026-02-28,ACC-1005,Pallas Digital,Enterprise,AMER,STUDIO,Namilio Studio,Seat,seat/year,50,44,0,88.6,On track,1881,0,false
2026-03,2026-03-31,ACC-1005,Pallas Digital,Enterprise,AMER,STUDIO,Namilio Studio,Seat,seat/year,50,44,0,88,On track,1881,0,false
2026-04,2026-04-30,ACC-1005,Pallas Digital,Enterprise,AMER,STUDIO,Namilio Studio,Seat,seat/year,50,45,0,90.8,On track,1923.75,0,false
2026-05,2026-05-31,ACC-1005,Pallas Digital,Enterprise,AMER,STUDIO,Namilio Studio,Seat,seat/year,50,49,0,97.2,On track,2094.75,0,false
2026-06,2026-06-30,ACC-1005,Pallas Digital,Enterprise,AMER,STUDIO,Namilio Studio,Seat,seat/year,50,45,0,90.6,On track,1923.75,0,false
2026-07,2026-07-31,ACC-1005,Pallas Digital,Enterprise,AMER,STUDIO,Namilio Studio,Seat,seat/year,50,44,0,87,On track,1881,0,false
2026-08,2026-08-31,ACC-1005,Pallas Digital,Enterprise,AMER,STUDIO,Namilio Studio,Seat,seat/year,50,47,0,93.5,On track,2009.25,0,false
2026-09,2026-09-30,ACC-1005,Pallas Digital,Enterprise,AMER,STUDIO,Namilio Studio,Seat,seat/year,50,49,0,98.1,On track,2094.75,0,false
2025-10,2025-10-31,ACC-1005,Pallas Digital,Enterprise,AMER,MSG-API,Namilio Messaging API,Usage,message,1108772,586536,0,52.9,Under-consuming,348.01,0,true
2025-11,2025-11-30,ACC-1005,Pallas Digital,Enterprise,AMER,MSG-API,Namilio Messaging API,Usage,message,1108772,661348,0,59.6,Under-consuming,392.4,0,false
2025-12,2025-12-31,ACC-1005,Pallas Digital,Enterprise,AMER,MSG-API,Namilio Messaging API,Usage,message,1108772,709064,0,64,On track,420.71,0,false
2026-01,2026-01-31,ACC-1005,Pallas Digital,Enterprise,AMER,MSG-API,Namilio Messaging API,Usage,message,1108772,725782,0,65.5,On track,430.63,0,false
2026-02,2026-02-28,ACC-1005,Pallas Digital,Enterprise,AMER,MSG-API,Namilio Messaging API,Usage,message,1108772,775062,0,69.9,On track,459.87,0,false
2026-03,2026-03-31,ACC-1005,Pallas Digital,Enterprise,AMER,MSG-API,Namilio Messaging API,Usage,message,1108772,832693,0,75.1,On track,494.06,0,false
2026-04,2026-04-30,ACC-1005,Pallas Digital,Enterprise,AMER,MSG-API,Namilio Messaging API,Usage,message,1108772,943423,0,85.1,On track,559.76,0,false
2026-05,2026-05-31,ACC-1005,Pallas Digital,Enterprise,AMER,MSG-API,Namilio Messaging API,Usage,message,1108772,998061,0,90,On track,592.18,0,false
2026-06,2026-06-30,ACC-1005,Pallas Digital,Enterprise,AMER,MSG-API,Namilio Messaging API,Usage,message,1108772,1003484,0,90.5,On track,595.4,0,false
2026-07,2026-07-31,ACC-1005,Pallas Digital,Enterprise,AMER,MSG-API,Namilio Messaging API,Usage,message,1108772,1046470,0,94.4,On track,620.91,0,false
2026-08,2026-08-31,ACC-1005,Pallas Digital,Enterprise,AMER,MSG-API,Namilio Messaging API,Usage,message,1108772,1077139,0,97.1,On track,639.1,0,false
2026-09,2026-09-30,ACC-1005,Pallas Digital,Enterprise,AMER,MSG-API,Namilio Messaging API,Usage,message,1108772,1070657,0,96.6,On track,635.26,0,false
2026-08,2026-08-31,ACC-1026,Orbital Health,SMB,APAC,VERIFY,Namilio Verify,Usage,verification,400000,251370,0,62.8,On track,942.64,0,false
2026-09,2026-09-30,ACC-1026,Orbital Health,SMB,APAC,VERIFY,Namilio Verify,Usage,verification,400000,244352,0,61.1,On track,916.32,0,false
2026-08,2026-08-31,ACC-1026,Orbital Health,SMB,APAC,MSG-API,Namilio Messaging API,Usage,message,2281481,1205397,0,52.8,Under-consuming,678.04,0,true
2026-09,2026-09-30,ACC-1026,Orbital Health,SMB,APAC,MSG-API,Namilio Messaging API,Usage,message,2281481,1220713,0,53.5,Under-consuming,686.65,0,true
2026-08,2026-08-31,ACC-1043,Lattice Market,Strategic,AMER,VOICE-AGENT,Namilio Voice Agents,Usage,minute,11250292,8936727,0,79.4,On track,63674.18,0,false
2026-09,2026-09-30,ACC-1043,Lattice Market,Strategic,AMER,VOICE-AGENT,Namilio Voice Agents,Usage,minute,11250292,9862056,0,87.7,On track,70267.15,0,false
2026-08,2026-08-31,ACC-1043,Lattice Market,Strategic,AMER,STUDIO,Namilio Studio,Seat,seat/year,1564,1445,0,92.4,On track,48768.75,0,false
2026-09,2026-09-30,ACC-1043,Lattice Market,Strategic,AMER,STUDIO,Namilio Studio,Seat,seat/year,1564,1350,0,86.3,On track,45562.5,0,false
2025-10,2025-10-31,ACC-1052,Vertex Travel,SMB,LATAM,VERIFY,Namilio Verify,Usage,verification,378000,318277,0,84.2,On track,1326.15,0,false
2025-11,2025-11-30,ACC-1052,Vertex Travel,SMB,LATAM,VERIFY,Namilio Verify,Usage,verification,378000,329235,0,87.1,On track,1371.81,0,false
2025-12,2025-12-31,ACC-1052,Vertex Travel,SMB,LATAM,VERIFY,Namilio Verify,Usage,verification,378000,349751,0,92.5,On track,1457.3,0,false
2026-01,2026-01-31,ACC-1052,Vertex Travel,SMB,LATAM,VERIFY,Namilio Verify,Usage,verification,378000,384143,6143,101.6,On track,1606.99,31.99,false
2026-02,2026-02-28,ACC-1052,Vertex Travel,SMB,LATAM,VERIFY,Namilio Verify,Usage,verification,378000,387618,9618,102.5,On track,1625.09,50.09,false
2026-03,2026-03-31,ACC-1052,Vertex Travel,SMB,LATAM,VERIFY,Namilio Verify,Usage,verification,378000,374240,0,99,On track,1559.33,0,false
2026-04,2026-04-30,ACC-1052,Vertex Travel,SMB,LATAM,VERIFY,Namilio Verify,Usage,verification,378000,406141,28141,107.4,In overage,1721.57,146.57,false
2026-05,2026-05-31,ACC-1052,Vertex Travel,SMB,LATAM,VERIFY,Namilio Verify,Usage,verification,378000,425717,47717,112.6,In overage,1823.53,248.53,false
2026-06,2026-06-30,ACC-1052,Vertex Travel,SMB,LATAM,VERIFY,Namilio Verify,Usage,verification,378000,484944,106944,128.3,In overage,2132,557,false
2026-07,2026-07-31,ACC-1052,Vertex Travel,SMB,LATAM,VERIFY,Namilio Verify,Usage,verification,378000,498117,120117,131.8,In overage,2200.61,625.61,false
2026-08,2026-08-31,ACC-1052,Vertex Travel,SMB,LATAM,VERIFY,Namilio Verify,Usage,verification,378000,518515,140515,137.2,In overage,2306.85,731.85,false
2026-09,2026-09-30,ACC-1052,Vertex Travel,SMB,LATAM,VERIFY,Namilio Verify,Usage,verification,378000,570695,192695,151,In overage,2578.62,1003.62,false
2026-07,2026-07-31,ACC-1053,Cinder Market,Self-Serve,LATAM,VOICE-AGENT,Namilio Voice Agents,Usage,minute,37427,25912,0,69.2,On track,184.62,0,false
2026-08,2026-08-31,ACC-1053,Cinder Market,Self-Serve,LATAM,VOICE-AGENT,Namilio Voice Agents,Usage,minute,37427,27586,0,73.7,On track,196.55,0,false
2026-09,2026-09-30,ACC-1053,Cinder Market,Self-Serve,LATAM,VOICE-AGENT,Namilio Voice Agents,Usage,minute,37427,27368,0,73.1,On track,195,0,false
2026-01,2026-01-31,ACC-1054,Halcyon Digital,Enterprise,AMER,MSG-API,Namilio Messaging API,Usage,message,22498246,21830161,0,97,On track,12952.56,0,false
2026-02,2026-02-28,ACC-1054,Halcyon Digital,Enterprise,AMER,MSG-API,Namilio Messaging API,Usage,message,22498246,23186122,687876,103.1,On track,13859.13,510.17,false
2026-03,2026-03-31,ACC-1054,Halcyon Digital,Enterprise,AMER,MSG-API,Namilio Messaging API,Usage,message,22498246,23510044,1011798,104.5,On track,14099.38,750.42,false
2026-04,2026-04-30,ACC-1054,Halcyon Digital,Enterprise,AMER,MSG-API,Namilio Messaging API,Usage,message,22498246,23781352,1283106,105.7,In overage,14300.6,951.64,false
2026-05,2026-05-31,ACC-1054,Halcyon Digital,Enterprise,AMER,MSG-API,Namilio Messaging API,Usage,message,22498246,26698646,4200400,118.7,In overage,16464.26,3115.3,false
2026-06,2026-06-30,ACC-1054,Halcyon Digital,Enterprise,AMER,MSG-API,Namilio Messaging API,Usage,message,22498246,26857183,4358937,119.4,In overage,16581.84,3232.88,false
2026-07,2026-07-31,ACC-1054,Halcyon Digital,Enterprise,AMER,MSG-API,Namilio Messaging API,Usage,message,22498246,27136814,4638568,120.6,In overage,16789.23,3440.27,false
2026-08,2026-08-31,ACC-1054,Halcyon Digital,Enterprise,AMER,MSG-API,Namilio Messaging API,Usage,message,22498246,28519950,6021704,126.8,In overage,17815.06,4466.1,false
2026-09,2026-09-30,ACC-1054,Halcyon Digital,Enterprise,AMER,MSG-API,Namilio Messaging API,Usage,message,22498246,28779983,6281737,127.9,In overage,18007.91,4658.95,false
2026-01,2026-01-31,ACC-1054,Halcyon Digital,Enterprise,AMER,VERIFY,Namilio Verify,Usage,verification,3618667,3070095,0,84.8,On track,9594.05,0,false
2026-02,2026-02-28,ACC-1054,Halcyon Digital,Enterprise,AMER,VERIFY,Namilio Verify,Usage,verification,3618667,3215063,0,88.8,On track,10047.07,0,false
2026-03,2026-03-31,ACC-1054,Halcyon Digital,Enterprise,AMER,VERIFY,Namilio Verify,Usage,verification,3618667,3325380,0,91.9,On track,10391.81,0,false
2026-04,2026-04-30,ACC-1054,Halcyon Digital,Enterprise,AMER,VERIFY,Namilio Verify,Usage,verification,3618667,3420301,0,94.5,On track,10688.44,0,false
2026-05,2026-05-31,ACC-1054,Halcyon Digital,Enterprise,AMER,VERIFY,Namilio Verify,Usage,verification,3618667,3680676,62009,101.7,On track,11550.56,242.22,false
2026-06,2026-06-30,ACC-1054,Halcyon Digital,Enterprise,AMER,VERIFY,Namilio Verify,Usage,verification,3618667,4065588,446921,112.4,In overage,13054.12,1745.79,false
2026-07,2026-07-31,ACC-1054,Halcyon Digital,Enterprise,AMER,VERIFY,Namilio Verify,Usage,verification,3618667,3981209,362542,110,In overage,12724.51,1416.18,false
2026-08,2026-08-31,ACC-1054,Halcyon Digital,Enterprise,AMER,VERIFY,Namilio Verify,Usage,verification,3618667,4083795,465128,112.9,In overage,13125.24,1816.91,false
2026-09,2026-09-30,ACC-1054,Halcyon Digital,Enterprise,AMER,VERIFY,Namilio Verify,Usage,verification,3618667,4051963,433296,112,In overage,13000.9,1692.56,false
2026-01,2026-01-31,ACC-1054,Halcyon Digital,Enterprise,AMER,COPILOT-API,Namilio Copilot API,Usage,1K tokens,18417112,12100966,0,65.7,On track,9428.67,0,false
2026-02,2026-02-28,ACC-1054,Halcyon Digital,Enterprise,AMER,COPILOT-API,Namilio Copilot API,Usage,1K tokens,18417112,12182882,0,66.1,On track,9492.5,0,false
2026-03,2026-03-31,ACC-1054,Halcyon Digital,Enterprise,AMER,COPILOT-API,Namilio Copilot API,Usage,1K tokens,18417112,10650344,0,57.8,Under-consuming,8298.39,0,false
2026-04,2026-04-30,ACC-1054,Halcyon Digital,Enterprise,AMER,COPILOT-API,Namilio Copilot API,Usage,1K tokens,18417112,11653077,0,63.3,On track,9079.69,0,false
2026-05,2026-05-31,ACC-1054,Halcyon Digital,Enterprise,AMER,COPILOT-API,Namilio Copilot API,Usage,1K tokens,18417112,11342652,0,61.6,On track,8837.82,0,false
2026-06,2026-06-30,ACC-1054,Halcyon Digital,Enterprise,AMER,COPILOT-API,Namilio Copilot API,Usage,1K tokens,18417112,11497767,0,62.4,On track,8958.68,0,false
2026-07,2026-07-31,ACC-1054,Halcyon Digital,Enterprise,AMER,COPILOT-API,Namilio Copilot API,Usage,1K tokens,18417112,12433737,0,67.5,On track,9687.95,0,false
2026-08,2026-08-31,ACC-1054,Halcyon Digital,Enterprise,AMER,COPILOT-API,Namilio Copilot API,Usage,1K tokens,18417112,12155266,0,66,On track,9470.98,0,false
2026-09,2026-09-30,ACC-1054,Halcyon Digital,Enterprise,AMER,COPILOT-API,Namilio Copilot API,Usage,1K tokens,18417112,12496580,0,67.9,On track,9736.92,0,false
2026-02,2026-02-28,ACC-1054,Halcyon Digital,Enterprise,AMER,MSG-API,Namilio Messaging API,Usage,message,134666667,108113983,0,80.3,On track,64147.63,0,false
2026-03,2026-03-31,ACC-1054,Halcyon Digital,Enterprise,AMER,MSG-API,Namilio Messaging API,Usage,message,134666667,113608188,0,84.4,On track,67407.52,0,false
2026-04,2026-04-30,ACC-1054,Halcyon Digital,Enterprise,AMER,MSG-API,Namilio Messaging API,Usage,message,134666667,124233484,0,92.3,On track,73711.87,0,false
2026-05,2026-05-31,ACC-1054,Halcyon Digital,Enterprise,AMER,MSG-API,Namilio Messaging API,Usage,message,134666667,133284618,0,99,On track,79082.21,0,false
2026-06,2026-06-30,ACC-1054,Halcyon Digital,Enterprise,AMER,MSG-API,Namilio Messaging API,Usage,message,134666667,135378845,712178,100.5,On track,80430.42,528.2,false
2026-07,2026-07-31,ACC-1054,Halcyon Digital,Enterprise,AMER,MSG-API,Namilio Messaging API,Usage,message,134666667,142489912,7823245,105.8,In overage,85704.46,5802.24,false
2026-08,2026-08-31,ACC-1054,Halcyon Digital,Enterprise,AMER,MSG-API,Namilio Messaging API,Usage,message,134666667,145362939,10696272,107.9,In overage,87835.29,7933.07,false
2026-09,2026-09-30,ACC-1054,Halcyon Digital,Enterprise,AMER,MSG-API,Namilio Messaging API,Usage,message,134666667,141650035,6983368,105.2,In overage,85081.55,5179.33,false
2026-03,2026-03-31,ACC-1064,North Digital,Mid-Market,EMEA,COPILOT-API,Namilio Copilot API,Usage,1K tokens,3563636,2413245,0,67.7,On track,2212.14,0,false
2026-04,2026-04-30,ACC-1064,North Digital,Mid-Market,EMEA,COPILOT-API,Namilio Copilot API,Usage,1K tokens,3563636,2430908,0,68.2,On track,2228.33,0,false
2026-05,2026-05-31,ACC-1064,North Digital,Mid-Market,EMEA,COPILOT-API,Namilio Copilot API,Usage,1K tokens,3563636,2424399,0,68,On track,2222.37,0,false
2026-06,2026-06-30,ACC-1064,North Digital,Mid-Market,EMEA,COPILOT-API,Namilio Copilot API,Usage,1K tokens,3563636,2351678,0,66,On track,2155.7,0,false
2026-07,2026-07-31,ACC-1064,North Digital,Mid-Market,EMEA,COPILOT-API,Namilio Copilot API,Usage,1K tokens,3563636,2455926,0,68.9,On track,2251.27,0,false
2026-08,2026-08-31,ACC-1064,North Digital,Mid-Market,EMEA,COPILOT-API,Namilio Copilot API,Usage,1K tokens,3563636,2691972,0,75.5,On track,2467.64,0,false
2026-09,2026-09-30,ACC-1064,North Digital,Mid-Market,EMEA,COPILOT-API,Namilio Copilot API,Usage,1K tokens,3563636,2686694,0,75.4,On track,2462.8,0,false
2026-03,2026-03-31,ACC-1064,North Digital,Mid-Market,EMEA,STUDIO,Namilio Studio,Seat,seat/year,34,22,0,65.3,On track,891,0,false
2026-04,2026-04-30,ACC-1064,North Digital,Mid-Market,EMEA,STUDIO,Namilio Studio,Seat,seat/year,34,22,0,64,On track,891,0,false
2026-05,2026-05-31,ACC-1064,North Digital,Mid-Market,EMEA,STUDIO,Namilio Studio,Seat,seat/year,34,21,0,61.9,On track,850.5,0,false
2026-06,2026-06-30,ACC-1064,North Digital,Mid-Market,EMEA,STUDIO,Namilio Studio,Seat,seat/year,34,22,0,64.4,On track,891,0,false
2026-07,2026-07-31,ACC-1064,North Digital,Mid-Market,EMEA,STUDIO,Namilio Studio,Seat,seat/year,34,22,0,66,On track,891,0,false
2026-08,2026-08-31,ACC-1064,North Digital,Mid-Market,EMEA,STUDIO,Namilio Studio,Seat,seat/year,34,21,0,60.4,On track,850.5,0,false
2026-09,2026-09-30,ACC-1064,North Digital,Mid-Market,EMEA,STUDIO,Namilio Studio,Seat,seat/year,34,22,0,64.3,On track,891,0,false
2025-10,2025-10-31,ACC-1074,Aster Works,Strategic,EMEA,VOICE-AGENT,Namilio Voice Agents,Usage,minute,14833333,15409589,576256,103.9,On track,104987.16,4862.16,false
2025-11,2025-11-30,ACC-1074,Aster Works,Strategic,EMEA,VOICE-AGENT,Namilio Voice Agents,Usage,minute,14833333,16352821,1519488,110.2,In overage,112945.68,12820.68,false
2025-12,2025-12-31,ACC-1074,Aster Works,Strategic,EMEA,VOICE-AGENT,Namilio Voice Agents,Usage,minute,14833333,15506087,672754,104.5,On track,105801.36,5676.36,false
2026-01,2026-01-31,ACC-1074,Aster Works,Strategic,EMEA,VOICE-AGENT,Namilio Voice Agents,Usage,minute,14833333,16226037,1392704,109.4,In overage,111875.94,11750.94,false
2026-02,2026-02-28,ACC-1074,Aster Works,Strategic,EMEA,VOICE-AGENT,Namilio Voice Agents,Usage,minute,14833333,17199156,2365823,115.9,In overage,120086.63,19961.63,false
2026-03,2026-03-31,ACC-1074,Aster Works,Strategic,EMEA,VOICE-AGENT,Namilio Voice Agents,Usage,minute,14833333,16214257,1380924,109.3,In overage,111776.54,11651.55,false
2026-04,2026-04-30,ACC-1074,Aster Works,Strategic,EMEA,VOICE-AGENT,Namilio Voice Agents,Usage,minute,14833333,16362509,1529176,110.3,In overage,113027.42,12902.42,false
2026-05,2026-05-31,ACC-1074,Aster Works,Strategic,EMEA,VOICE-AGENT,Namilio Voice Agents,Usage,minute,14833333,16904735,2071402,114,In overage,117602.45,17477.45,false
2026-06,2026-06-30,ACC-1074,Aster Works,Strategic,EMEA,VOICE-AGENT,Namilio Voice Agents,Usage,minute,14833333,17512019,2678686,118.1,In overage,122726.41,22601.41,false
2026-07,2026-07-31,ACC-1074,Aster Works,Strategic,EMEA,VOICE-AGENT,Namilio Voice Agents,Usage,minute,14833333,18993863,4160530,128,In overage,135229.47,35104.47,false
2026-08,2026-08-31,ACC-1074,Aster Works,Strategic,EMEA,VOICE-AGENT,Namilio Voice Agents,Usage,minute,14833333,19308101,4474768,130.2,In overage,137880.85,37755.86,false
2026-09,2026-09-30,ACC-1074,Aster Works,Strategic,EMEA,VOICE-AGENT,Namilio Voice Agents,Usage,minute,14833333,19111117,4277784,128.8,In overage,136218.8,36093.8,false
2025-10,2025-10-31,ACC-1074,Aster Works,Strategic,EMEA,MSG-API,Namilio Messaging API,Usage,message,88764444,70134349,0,79,On track,32846.25,0,false
2025-11,2025-11-30,ACC-1074,Aster Works,Strategic,EMEA,MSG-API,Namilio Messaging API,Usage,message,88764444,69481852,0,78.3,On track,32540.67,0,false
2025-12,2025-12-31,ACC-1074,Aster Works,Strategic,EMEA,MSG-API,Namilio Messaging API,Usage,message,88764444,67645385,0,76.2,On track,31680.59,0,false
2026-01,2026-01-31,ACC-1074,Aster Works,Strategic,EMEA,MSG-API,Namilio Messaging API,Usage,message,88764444,61762588,0,69.6,On track,28925.48,0,false
2026-02,2026-02-28,ACC-1074,Aster Works,Strategic,EMEA,MSG-API,Namilio Messaging API,Usage,message,88764444,57299320,0,64.6,On track,26835.18,0,false
2026-03,2026-03-31,ACC-1074,Aster Works,Strategic,EMEA,MSG-API,Namilio Messaging API,Usage,message,88764444,53796174,0,60.6,On track,25194.54,0,false
2026-04,2026-04-30,ACC-1074,Aster Works,Strategic,EMEA,MSG-API,Namilio Messaging API,Usage,message,88764444,51830010,0,58.4,Under-consuming,24273.72,0,false
2026-05,2026-05-31,ACC-1074,Aster Works,Strategic,EMEA,MSG-API,Namilio Messaging API,Usage,message,88764444,59859329,0,67.4,On track,28034.12,0,false
2026-06,2026-06-30,ACC-1074,Aster Works,Strategic,EMEA,MSG-API,Namilio Messaging API,Usage,message,88764444,53575413,0,60.4,On track,25091.15,0,false
2026-07,2026-07-31,ACC-1074,Aster Works,Strategic,EMEA,MSG-API,Namilio Messaging API,Usage,message,88764444,57862668,0,65.2,On track,27099.02,0,false
2026-08,2026-08-31,ACC-1074,Aster Works,Strategic,EMEA,MSG-API,Namilio Messaging API,Usage,message,88764444,63385123,0,71.4,On track,29685.37,0,false
2026-09,2026-09-30,ACC-1074,Aster Works,Strategic,EMEA,MSG-API,Namilio Messaging API,Usage,message,88764444,61252303,0,69,On track,28686.5,0,false
2025-10,2025-10-31,ACC-1074,Aster Works,Strategic,EMEA,STUDIO,Namilio Studio,Seat,seat/year,2095,2168,73,103.5,On track,98381.25,4106.25,false
2025-11,2025-11-30,ACC-1074,Aster Works,Strategic,EMEA,STUDIO,Namilio Studio,Seat,seat/year,2095,2249,154,107.3,In overage,102937.5,8662.5,false
2025-12,2025-12-31,ACC-1074,Aster Works,Strategic,EMEA,STUDIO,Namilio Studio,Seat,seat/year,2095,2380,285,113.6,In overage,110306.25,16031.25,false
2026-01,2026-01-31,ACC-1074,Aster Works,Strategic,EMEA,STUDIO,Namilio Studio,Seat,seat/year,2095,2274,179,108.5,In overage,104343.75,10068.75,false
2026-02,2026-02-28,ACC-1074,Aster Works,Strategic,EMEA,STUDIO,Namilio Studio,Seat,seat/year,2095,2348,253,112.1,In overage,108506.25,14231.25,false
2026-03,2026-03-31,ACC-1074,Aster Works,Strategic,EMEA,STUDIO,Namilio Studio,Seat,seat/year,2095,2402,307,114.7,In overage,111543.75,17268.75,false
2026-04,2026-04-30,ACC-1074,Aster Works,Strategic,EMEA,STUDIO,Namilio Studio,Seat,seat/year,2095,2607,512,124.5,In overage,123075,28800,false
2026-05,2026-05-31,ACC-1074,Aster Works,Strategic,EMEA,STUDIO,Namilio Studio,Seat,seat/year,2095,2770,675,132.2,In overage,132243.75,37968.75,false
2026-06,2026-06-30,ACC-1074,Aster Works,Strategic,EMEA,STUDIO,Namilio Studio,Seat,seat/year,2095,2659,564,126.9,In overage,126000,31725,false
2026-07,2026-07-31,ACC-1074,Aster Works,Strategic,EMEA,STUDIO,Namilio Studio,Seat,seat/year,2095,2789,694,133.1,In overage,133312.5,39037.5,false
2026-08,2026-08-31,ACC-1074,Aster Works,Strategic,EMEA,STUDIO,Namilio Studio,Seat,seat/year,2095,2685,590,128.1,In overage,127462.5,33187.5,false
2026-09,2026-09-30,ACC-1074,Aster Works,Strategic,EMEA,STUDIO,Namilio Studio,Seat,seat/year,2095,2633,538,125.7,In overage,124537.5,30262.5,false
2026-09,2026-09-30,ACC-1074,Aster Works,Strategic,EMEA,COPILOT-API,Namilio Copilot API,Usage,1K tokens,51863636,39848235,0,76.8,On track,36527.55,0,false
2026-09,2026-09-30,ACC-1074,Aster Works,Strategic,EMEA,STUDIO,Namilio Studio,Seat,seat/year,944,843,0,89.3,On track,34141.5,0,false
2026-09,2026-09-30,ACC-1074,Aster Works,Strategic,EMEA,VERIFY,Namilio Verify,Usage,verification,11461333,6998709,0,61.1,On track,21870.97,0,false
2026-09,2026-09-30,ACC-1074,Aster Works,Strategic,EMEA,VOICE-AGENT,Namilio Voice Agents,Usage,minute,7585965,5711460,0,75.3,On track,40694.15,0,false
2025-06,2025-06-30,ACC-1077,Vantage Insure,Mid-Market,AMER,VERIFY,Namilio Verify,Usage,verification,2670000,1698829,0,63.6,On track,7078.45,0,false
2025-07,2025-07-31,ACC-1077,Vantage Insure,Mid-Market,AMER,VERIFY,Namilio Verify,Usage,verification,2670000,1976779,0,74,On track,8236.58,0,false
2025-08,2025-08-31,ACC-1077,Vantage Insure,Mid-Market,AMER,VERIFY,Namilio Verify,Usage,verification,2670000,2105333,0,78.9,On track,8772.22,0,false
2025-09,2025-09-30,ACC-1077,Vantage Insure,Mid-Market,AMER,VERIFY,Namilio Verify,Usage,verification,2670000,2117604,0,79.3,On track,8823.35,0,false
2025-10,2025-10-31,ACC-1077,Vantage Insure,Mid-Market,AMER,VERIFY,Namilio Verify,Usage,verification,2670000,2344506,0,87.8,On track,9768.77,0,false
2025-11,2025-11-30,ACC-1077,Vantage Insure,Mid-Market,AMER,VERIFY,Namilio Verify,Usage,verification,2670000,2440317,0,91.4,On track,10167.99,0,false
2025-12,2025-12-31,ACC-1077,Vantage Insure,Mid-Market,AMER,VERIFY,Namilio Verify,Usage,verification,2670000,2696497,26497,101,On track,11263.01,138.01,false
2026-01,2026-01-31,ACC-1077,Vantage Insure,Mid-Market,AMER,VERIFY,Namilio Verify,Usage,verification,2670000,2646046,0,99.1,On track,11025.19,0,false
2026-02,2026-02-28,ACC-1077,Vantage Insure,Mid-Market,AMER,VERIFY,Namilio Verify,Usage,verification,2670000,2679215,9215,100.3,On track,11172.99,47.99,false
2026-03,2026-03-31,ACC-1077,Vantage Insure,Mid-Market,AMER,VERIFY,Namilio Verify,Usage,verification,2670000,3165085,495085,118.5,In overage,13703.57,2578.57,false
2026-04,2026-04-30,ACC-1077,Vantage Insure,Mid-Market,AMER,VERIFY,Namilio Verify,Usage,verification,2670000,3275096,605096,122.7,In overage,14276.54,3151.54,false
2026-05,2026-05-31,ACC-1077,Vantage Insure,Mid-Market,AMER,VERIFY,Namilio Verify,Usage,verification,2670000,3564727,894727,133.5,In overage,15785.04,4660.04,false
2026-06,2026-06-30,ACC-1077,Vantage Insure,Mid-Market,AMER,VERIFY,Namilio Verify,Usage,verification,2670000,3756937,1086937,140.7,In overage,16786.13,5661.13,false
2026-07,2026-07-31,ACC-1077,Vantage Insure,Mid-Market,AMER,VERIFY,Namilio Verify,Usage,verification,2670000,4099971,1429971,153.6,In overage,18572.77,7447.77,false
2026-08,2026-08-31,ACC-1077,Vantage Insure,Mid-Market,AMER,VERIFY,Namilio Verify,Usage,verification,2670000,4556575,1886575,170.7,In overage,20950.91,9825.91,false
2026-09,2026-09-30,ACC-1077,Vantage Insure,Mid-Market,AMER,VERIFY,Namilio Verify,Usage,verification,2670000,5202410,2532410,194.8,In overage,24314.64,13189.64,false
2026-04,2026-04-30,ACC-1092,Lattice Insure,SMB,AMER,VERIFY,Namilio Verify,Usage,verification,269474,194564,0,72.2,On track,770.15,0,false
2026-05,2026-05-31,ACC-1092,Lattice Insure,SMB,AMER,VERIFY,Namilio Verify,Usage,verification,269474,222680,0,82.6,On track,881.44,0,false
2026-06,2026-06-30,ACC-1092,Lattice Insure,SMB,AMER,VERIFY,Namilio Verify,Usage,verification,269474,228898,0,84.9,On track,906.05,0,false
2026-07,2026-07-31,ACC-1092,Lattice Insure,SMB,AMER,VERIFY,Namilio Verify,Usage,verification,269474,233182,0,86.5,On track,923.01,0,false
2026-08,2026-08-31,ACC-1092,Lattice Insure,SMB,AMER,VERIFY,Namilio Verify,Usage,verification,269474,251120,0,93.2,On track,994.02,0,false
2026-09,2026-09-30,ACC-1092,Lattice Insure,SMB,AMER,VERIFY,Namilio Verify,Usage,verification,269474,258216,0,95.8,On track,1022.11,0,false
2025-08,2025-08-31,ACC-1093,Rivet Technologies,Enterprise,AMER,VERIFY,Namilio Verify,Usage,verification,3476000,3458077,0,99.5,On track,14408.65,0,false
2025-09,2025-09-30,ACC-1093,Rivet Technologies,Enterprise,AMER,VERIFY,Namilio Verify,Usage,verification,3476000,3418984,0,98.4,On track,14245.77,0,false
2025-10,2025-10-31,ACC-1093,Rivet Technologies,Enterprise,AMER,VERIFY,Namilio Verify,Usage,verification,3476000,3369121,0,96.9,On track,14038,0,false
2025-11,2025-11-30,ACC-1093,Rivet Technologies,Enterprise,AMER,VERIFY,Namilio Verify,Usage,verification,3476000,3253602,0,93.6,On track,13556.68,0,false
2025-12,2025-12-31,ACC-1093,Rivet Technologies,Enterprise,AMER,VERIFY,Namilio Verify,Usage,verification,3476000,3163491,0,91,On track,13181.21,0,false
2026-01,2026-01-31,ACC-1093,Rivet Technologies,Enterprise,AMER,VERIFY,Namilio Verify,Usage,verification,3476000,3142150,0,90.4,On track,13092.29,0,false
2026-02,2026-02-28,ACC-1093,Rivet Technologies,Enterprise,AMER,VERIFY,Namilio Verify,Usage,verification,3476000,3319259,0,95.5,On track,13830.25,0,false
2026-03,2026-03-31,ACC-1093,Rivet Technologies,Enterprise,AMER,VERIFY,Namilio Verify,Usage,verification,3476000,3445275,0,99.1,On track,14355.31,0,false
2026-04,2026-04-30,ACC-1093,Rivet Technologies,Enterprise,AMER,VERIFY,Namilio Verify,Usage,verification,3476000,3836210,360210,110.4,In overage,16359.43,1876.09,false
2026-05,2026-05-31,ACC-1093,Rivet Technologies,Enterprise,AMER,VERIFY,Namilio Verify,Usage,verification,3476000,4014811,538811,115.5,In overage,17289.64,2806.31,false
2026-06,2026-06-30,ACC-1093,Rivet Technologies,Enterprise,AMER,VERIFY,Namilio Verify,Usage,verification,3476000,3997424,521424,115,In overage,17199.08,2715.75,false
2026-07,2026-07-31,ACC-1093,Rivet Technologies,Enterprise,AMER,VERIFY,Namilio Verify,Usage,verification,3476000,4147854,671854,119.3,In overage,17982.57,3499.24,false
2026-08,2026-08-31,ACC-1093,Rivet Technologies,Enterprise,AMER,VERIFY,Namilio Verify,Usage,verification,3476000,4358906,882906,125.4,In overage,19081.8,4598.47,false
2026-09,2026-09-30,ACC-1093,Rivet Technologies,Enterprise,AMER,VERIFY,Namilio Verify,Usage,verification,3476000,4581620,1105620,131.8,In overage,20241.77,5758.44,false
2025-08,2025-08-31,ACC-1093,Rivet Technologies,Enterprise,AMER,VOICE-AGENT,Namilio Voice Agents,Usage,minute,4680247,4587104,0,98,On track,30962.95,0,false
2025-09,2025-09-30,ACC-1093,Rivet Technologies,Enterprise,AMER,VOICE-AGENT,Namilio Voice Agents,Usage,minute,4680247,4831114,150867,103.2,On track,32864.61,1272.94,false
2025-10,2025-10-31,ACC-1093,Rivet Technologies,Enterprise,AMER,VOICE-AGENT,Namilio Voice Agents,Usage,minute,4680247,5145539,465292,109.9,In overage,35517.57,3925.9,false
2025-11,2025-11-30,ACC-1093,Rivet Technologies,Enterprise,AMER,VOICE-AGENT,Namilio Voice Agents,Usage,minute,4680247,5177346,497099,110.6,In overage,35785.94,4194.27,false
2025-12,2025-12-31,ACC-1093,Rivet Technologies,Enterprise,AMER,VOICE-AGENT,Namilio Voice Agents,Usage,minute,4680247,5028627,348380,107.4,In overage,34531.12,2939.46,false
2026-01,2026-01-31,ACC-1093,Rivet Technologies,Enterprise,AMER,VOICE-AGENT,Namilio Voice Agents,Usage,minute,4680247,4666654,0,99.7,On track,31499.91,0,false
2026-02,2026-02-28,ACC-1093,Rivet Technologies,Enterprise,AMER,VOICE-AGENT,Namilio Voice Agents,Usage,minute,4680247,4568638,0,97.6,On track,30838.31,0,false
2026-03,2026-03-31,ACC-1093,Rivet Technologies,Enterprise,AMER,VOICE-AGENT,Namilio Voice Agents,Usage,minute,4680247,4605142,0,98.4,On track,31084.71,0,false
2026-04,2026-04-30,ACC-1093,Rivet Technologies,Enterprise,AMER,VOICE-AGENT,Namilio Voice Agents,Usage,minute,4680247,4725701,45454,101,On track,31975.19,383.52,false
2026-05,2026-05-31,ACC-1093,Rivet Technologies,Enterprise,AMER,VOICE-AGENT,Namilio Voice Agents,Usage,minute,4680247,4732711,52464,101.1,On track,32034.33,442.66,false
2026-06,2026-06-30,ACC-1093,Rivet Technologies,Enterprise,AMER,VOICE-AGENT,Namilio Voice Agents,Usage,minute,4680247,4793017,112770,102.4,On track,32543.16,951.5,false
2026-07,2026-07-31,ACC-1093,Rivet Technologies,Enterprise,AMER,VOICE-AGENT,Namilio Voice Agents,Usage,minute,4680247,4485623,0,95.8,On track,30277.96,0,false
2026-08,2026-08-31,ACC-1093,Rivet Technologies,Enterprise,AMER,VOICE-AGENT,Namilio Voice Agents,Usage,minute,4680247,4307258,0,92,On track,29073.99,0,false
2026-09,2026-09-30,ACC-1093,Rivet Technologies,Enterprise,AMER,VOICE-AGENT,Namilio Voice Agents,Usage,minute,4680247,4455377,0,95.2,On track,30073.79,0,false
2025-08,2025-08-31,ACC-1099,Orbital Insure,Self-Serve,APAC,COPILOT-API,Namilio Copilot API,Usage,1K tokens,1414141,860245,0,60.8,On track,709.7,0,false
2025-09,2025-09-30,ACC-1099,Orbital Insure,Self-Serve,APAC,COPILOT-API,Namilio Copilot API,Usage,1K tokens,1414141,966067,0,68.3,On track,797.01,0,false
2025-10,2025-10-31,ACC-1099,Orbital Insure,Self-Serve,APAC,COPILOT-API,Namilio Copilot API,Usage,1K tokens,1414141,1005262,0,71.1,On track,829.34,0,false
2025-11,2025-11-30,ACC-1099,Orbital Insure,Self-Serve,APAC,COPILOT-API,Namilio Copilot API,Usage,1K tokens,1414141,1027129,0,72.6,On track,847.38,0,false
2025-12,2025-12-31,ACC-1099,Orbital Insure,Self-Serve,APAC,COPILOT-API,Namilio Copilot API,Usage,1K tokens,1414141,1063390,0,75.2,On track,877.3,0,false
2026-01,2026-01-31,ACC-1099,Orbital Insure,Self-Serve,APAC,COPILOT-API,Namilio Copilot API,Usage,1K tokens,1414141,1082954,0,76.6,On track,893.44,0,false
2026-02,2026-02-28,ACC-1099,Orbital Insure,Self-Serve,APAC,COPILOT-API,Namilio Copilot API,Usage,1K tokens,1414141,1175103,0,83.1,On track,969.46,0,false
2026-03,2026-03-31,ACC-1099,Orbital Insure,Self-Serve,APAC,COPILOT-API,Namilio Copilot API,Usage,1K tokens,1414141,1127517,0,79.7,On track,930.2,0,false
2026-04,2026-04-30,ACC-1099,Orbital Insure,Self-Serve,APAC,COPILOT-API,Namilio Copilot API,Usage,1K tokens,1414141,1124656,0,79.5,On track,927.84,0,false
2026-05,2026-05-31,ACC-1099,Orbital Insure,Self-Serve,APAC,COPILOT-API,Namilio Copilot API,Usage,1K tokens,1414141,1100435,0,77.8,On track,907.86,0,false
2026-06,2026-06-30,ACC-1099,Orbital Insure,Self-Serve,APAC,COPILOT-API,Namilio Copilot API,Usage,1K tokens,1414141,1071106,0,75.7,On track,883.66,0,false
2026-07,2026-07-31,ACC-1099,Orbital Insure,Self-Serve,APAC,COPILOT-API,Namilio Copilot API,Usage,1K tokens,1414141,1090850,0,77.1,On track,899.95,0,false
2026-08,2026-08-31,ACC-1099,Orbital Insure,Self-Serve,APAC,COPILOT-API,Namilio Copilot API,Usage,1K tokens,1414141,1114711,0,78.8,On track,919.64,0,false
2026-09,2026-09-30,ACC-1099,Orbital Insure,Self-Serve,APAC,COPILOT-API,Namilio Copilot API,Usage,1K tokens,1414141,1206875,0,85.3,On track,995.67,0,false
2026-07,2026-07-31,ACC-1108,Aster Labs,Self-Serve,AMER,MSG-API,Namilio Messaging API,Usage,message,480000,415289,0,86.5,On track,259.56,0,false
2026-08,2026-08-31,ACC-1108,Aster Labs,Self-Serve,AMER,MSG-API,Namilio Messaging API,Usage,message,480000,453564,0,94.5,On track,283.48,0,false
2026-09,2026-09-30,ACC-1108,Aster Labs,Self-Serve,AMER,MSG-API,Namilio Messaging API,Usage,message,480000,491752,11752,102.4,On track,309.18,9.18,false
2026-09,2026-09-30,ACC-1118,Rivet Pay,Strategic,AMER,VOICE-AGENT,Namilio Voice Agents,Usage,minute,950327,677290,0,71.3,On track,4317.72,0,false
2026-09,2026-09-30,ACC-1118,Rivet Pay,Strategic,AMER,STUDIO,Namilio Studio,Seat,seat/year,61,63,2,103.7,On track,2714.63,106.88,false
2026-09,2026-09-30,ACC-1118,Rivet Pay,Strategic,AMER,COPILOT-API,Namilio Copilot API,Usage,1K tokens,6218182,5002858,0,80.5,On track,4585.95,0,false
2026-09,2026-09-30,ACC-1118,Rivet Pay,Strategic,AMER,MSG-API,Namilio Messaging API,Usage,message,16088889,11194969,0,69.6,On track,5242.98,0,false
2026-01,2026-01-31,ACC-1118,Rivet Pay,Strategic,AMER,COPILOT-API,Namilio Copilot API,Usage,1K tokens,5336364,5933378,597014,111.2,In overage,5575.75,684.08,false
2026-02,2026-02-28,ACC-1118,Rivet Pay,Strategic,AMER,COPILOT-API,Namilio Copilot API,Usage,1K tokens,5336364,6373149,1036785,119.4,In overage,6079.65,1187.98,false
2026-03,2026-03-31,ACC-1118,Rivet Pay,Strategic,AMER,COPILOT-API,Namilio Copilot API,Usage,1K tokens,5336364,6254958,918594,117.2,In overage,5944.22,1052.56,false
2026-04,2026-04-30,ACC-1118,Rivet Pay,Strategic,AMER,COPILOT-API,Namilio Copilot API,Usage,1K tokens,5336364,6366110,1029746,119.3,In overage,6071.58,1179.92,false
2026-05,2026-05-31,ACC-1118,Rivet Pay,Strategic,AMER,COPILOT-API,Namilio Copilot API,Usage,1K tokens,5336364,6036994,700630,113.1,In overage,5694.47,802.81,false
2026-06,2026-06-30,ACC-1118,Rivet Pay,Strategic,AMER,COPILOT-API,Namilio Copilot API,Usage,1K tokens,5336364,6354580,1018216,119.1,In overage,6058.37,1166.71,false
2026-07,2026-07-31,ACC-1118,Rivet Pay,Strategic,AMER,COPILOT-API,Namilio Copilot API,Usage,1K tokens,5336364,6252642,916278,117.2,In overage,5941.57,1049.9,false
2026-08,2026-08-31,ACC-1118,Rivet Pay,Strategic,AMER,COPILOT-API,Namilio Copilot API,Usage,1K tokens,5336364,6346873,1010509,118.9,In overage,6049.54,1157.87,false
2026-09,2026-09-30,ACC-1118,Rivet Pay,Strategic,AMER,COPILOT-API,Namilio Copilot API,Usage,1K tokens,5336364,6587876,1251512,123.5,In overage,6325.69,1434.02,false
2026-01,2026-01-31,ACC-1118,Rivet Pay,Strategic,AMER,STUDIO,Namilio Studio,Seat,seat/year,386,352,0,91.2,On track,10296,0,false
2026-02,2026-02-28,ACC-1118,Rivet Pay,Strategic,AMER,STUDIO,Namilio Studio,Seat,seat/year,386,338,0,87.7,On track,9886.5,0,false
2026-03,2026-03-31,ACC-1118,Rivet Pay,Strategic,AMER,STUDIO,Namilio Studio,Seat,seat/year,386,396,10,102.6,On track,11656.13,365.63,false
2026-04,2026-04-30,ACC-1118,Rivet Pay,Strategic,AMER,STUDIO,Namilio Studio,Seat,seat/year,386,382,0,99,On track,11173.5,0,false
2026-05,2026-05-31,ACC-1118,Rivet Pay,Strategic,AMER,STUDIO,Namilio Studio,Seat,seat/year,386,423,37,109.6,In overage,12643.31,1352.81,false
2026-06,2026-06-30,ACC-1118,Rivet Pay,Strategic,AMER,STUDIO,Namilio Studio,Seat,seat/year,386,436,50,112.9,In overage,13118.63,1828.13,false
2026-07,2026-07-31,ACC-1118,Rivet Pay,Strategic,AMER,STUDIO,Namilio Studio,Seat,seat/year,386,434,48,112.4,In overage,13045.5,1755,false
2026-08,2026-08-31,ACC-1118,Rivet Pay,Strategic,AMER,STUDIO,Namilio Studio,Seat,seat/year,386,467,81,121,In overage,14252.06,2961.56,false
2026-09,2026-09-30,ACC-1118,Rivet Pay,Strategic,AMER,STUDIO,Namilio Studio,Seat,seat/year,386,455,69,117.7,In overage,13813.31,2522.81,false
2026-01,2026-01-31,ACC-1118,Rivet Pay,Strategic,AMER,VERIFY,Namilio Verify,Usage,verification,2384000,1416329,0,59.4,Under-consuming,5901.37,0,false
2026-02,2026-02-28,ACC-1118,Rivet Pay,Strategic,AMER,VERIFY,Namilio Verify,Usage,verification,2384000,1502662,0,63,On track,6261.09,0,false
2026-03,2026-03-31,ACC-1118,Rivet Pay,Strategic,AMER,VERIFY,Namilio Verify,Usage,verification,2384000,1621803,0,68,On track,6757.51,0,false
2026-04,2026-04-30,ACC-1118,Rivet Pay,Strategic,AMER,VERIFY,Namilio Verify,Usage,verification,2384000,1688660,0,70.8,On track,7036.08,0,false
2026-05,2026-05-31,ACC-1118,Rivet Pay,Strategic,AMER,VERIFY,Namilio Verify,Usage,verification,2384000,1720922,0,72.2,On track,7170.51,0,false
2026-06,2026-06-30,ACC-1118,Rivet Pay,Strategic,AMER,VERIFY,Namilio Verify,Usage,verification,2384000,1873287,0,78.6,On track,7805.36,0,false
2026-07,2026-07-31,ACC-1118,Rivet Pay,Strategic,AMER,VERIFY,Namilio Verify,Usage,verification,2384000,2093433,0,87.8,On track,8722.64,0,false
2026-08,2026-08-31,ACC-1118,Rivet Pay,Strategic,AMER,VERIFY,Namilio Verify,Usage,verification,2384000,2256064,0,94.6,On track,9400.27,0,false
2026-09,2026-09-30,ACC-1118,Rivet Pay,Strategic,AMER,VERIFY,Namilio Verify,Usage,verification,2384000,2469173,85173,103.6,On track,10376.94,443.61,false
2026-01,2026-01-31,ACC-1118,Rivet Pay,Strategic,AMER,VOICE-AGENT,Namilio Voice Agents,Usage,minute,1644444,1554240,0,94.5,On track,10491.12,0,false
2026-02,2026-02-28,ACC-1118,Rivet Pay,Strategic,AMER,VOICE-AGENT,Namilio Voice Agents,Usage,minute,1644444,1556886,0,94.7,On track,10508.98,0,false
2026-03,2026-03-31,ACC-1118,Rivet Pay,Strategic,AMER,VOICE-AGENT,Namilio Voice Agents,Usage,minute,1644444,1612806,0,98.1,On track,10886.44,0,false
2026-04,2026-04-30,ACC-1118,Rivet Pay,Strategic,AMER,VOICE-AGENT,Namilio Voice Agents,Usage,minute,1644444,1704117,59673,103.6,On track,11603.49,503.49,false
2026-05,2026-05-31,ACC-1118,Rivet Pay,Strategic,AMER,VOICE-AGENT,Namilio Voice Agents,Usage,minute,1644444,1767063,122619,107.5,In overage,12134.59,1034.6,false
2026-06,2026-06-30,ACC-1118,Rivet Pay,Strategic,AMER,VOICE-AGENT,Namilio Voice Agents,Usage,minute,1644444,1759847,115403,107,In overage,12073.71,973.71,false
2026-07,2026-07-31,ACC-1118,Rivet Pay,Strategic,AMER,VOICE-AGENT,Namilio Voice Agents,Usage,minute,1644444,1819538,175094,110.6,In overage,12577.35,1477.36,false
2026-08,2026-08-31,ACC-1118,Rivet Pay,Strategic,AMER,VOICE-AGENT,Namilio Voice Agents,Usage,minute,1644444,1779181,134737,108.2,In overage,12236.84,1136.84,false
2026-09,2026-09-30,ACC-1118,Rivet Pay,Strategic,AMER,VOICE-AGENT,Namilio Voice Agents,Usage,minute,1644444,1673352,28908,101.8,On track,11343.91,243.91,false
2026-02,2026-02-28,ACC-1120,Pallas Insure,Mid-Market,AMER,STUDIO,Namilio Studio,Seat,seat/year,26,17,0,66,On track,612,0,false
2026-03,2026-03-31,ACC-1120,Pallas Insure,Mid-Market,AMER,STUDIO,Namilio Studio,Seat,seat/year,26,18,0,71,On track,648,0,false
2026-04,2026-04-30,ACC-1120,Pallas Insure,Mid-Market,AMER,STUDIO,Namilio Studio,Seat,seat/year,26,22,0,85.9,On track,792,0,false
2026-05,2026-05-31,ACC-1120,Pallas Insure,Mid-Market,AMER,STUDIO,Namilio Studio,Seat,seat/year,26,23,0,89.4,On track,828,0,false
2026-06,2026-06-30,ACC-1120,Pallas Insure,Mid-Market,AMER,STUDIO,Namilio Studio,Seat,seat/year,26,24,0,91.7,On track,864,0,false
2026-07,2026-07-31,ACC-1120,Pallas Insure,Mid-Market,AMER,STUDIO,Namilio Studio,Seat,seat/year,26,28,2,106.7,In overage,1026,90,false
2026-08,2026-08-31,ACC-1120,Pallas Insure,Mid-Market,AMER,STUDIO,Namilio Studio,Seat,seat/year,26,30,4,114.3,In overage,1116,180,false
2026-09,2026-09-30,ACC-1120,Pallas Insure,Mid-Market,AMER,STUDIO,Namilio Studio,Seat,seat/year,26,30,4,117,In overage,1116,180,false
2026-02,2026-02-28,ACC-1120,Pallas Insure,Mid-Market,AMER,VOICE-AGENT,Namilio Voice Agents,Usage,minute,158519,97776,0,61.7,On track,549.99,0,false
2026-03,2026-03-31,ACC-1120,Pallas Insure,Mid-Market,AMER,VOICE-AGENT,Namilio Voice Agents,Usage,minute,158519,100236,0,63.2,On track,563.83,0,false
2026-04,2026-04-30,ACC-1120,Pallas Insure,Mid-Market,AMER,VOICE-AGENT,Namilio Voice Agents,Usage,minute,158519,81844,0,51.6,Under-consuming,460.37,0,true
2026-05,2026-05-31,ACC-1120,Pallas Insure,Mid-Market,AMER,VOICE-AGENT,Namilio Voice Agents,Usage,minute,158519,99491,0,62.8,On track,559.64,0,false
2026-06,2026-06-30,ACC-1120,Pallas Insure,Mid-Market,AMER,VOICE-AGENT,Namilio Voice Agents,Usage,minute,158519,97876,0,61.7,On track,550.55,0,false
2026-07,2026-07-31,ACC-1120,Pallas Insure,Mid-Market,AMER,VOICE-AGENT,Namilio Voice Agents,Usage,minute,158519,119166,0,75.2,On track,670.31,0,false
2026-08,2026-08-31,ACC-1120,Pallas Insure,Mid-Market,AMER,VOICE-AGENT,Namilio Voice Agents,Usage,minute,158519,128864,0,81.3,On track,724.86,0,false
2026-09,2026-09-30,ACC-1120,Pallas Insure,Mid-Market,AMER,VOICE-AGENT,Namilio Voice Agents,Usage,minute,158519,144052,0,90.9,On track,810.29,0,false
2026-07,2026-07-31,ACC-1127,Quanta Travel,SMB,APAC,VOICE-AGENT,Namilio Voice Agents,Usage,minute,166667,170127,3460,102.1,On track,1025.95,25.95,false
2026-08,2026-08-31,ACC-1127,Quanta Travel,SMB,APAC,VOICE-AGENT,Namilio Voice Agents,Usage,minute,166667,171514,4847,102.9,On track,1036.35,36.35,false
2026-09,2026-09-30,ACC-1127,Quanta Travel,SMB,APAC,VOICE-AGENT,Namilio Voice Agents,Usage,minute,166667,168147,1480,100.9,On track,1011.1,11.1,false
2026-09,2026-09-30,ACC-1135,Cinder Learning,Enterprise,EMEA,MSG-API,Namilio Messaging API,Usage,message,17233333,15470286,0,89.8,On track,7735.14,0,false
2026-09,2026-09-30,ACC-1135,Cinder Learning,Enterprise,EMEA,COPILOT-API,Namilio Copilot API,Usage,1K tokens,9954545,10599538,644993,106.5,In overage,9864.05,739.05,false
2026-09,2026-09-30,ACC-1135,Cinder Learning,Enterprise,EMEA,VERIFY,Namilio Verify,Usage,verification,5762000,5242249,0,91,On track,21842.7,0,false
