CaseId,AccountId,AccountName,Segment,Region,SupportTier,CreatedDate,ClosedDate,Status,CaseType,Product,Priority,Origin,DeflectedByAI,EscalatedToTier,Reopened,FirstResponseMinutes,ResolutionHours,SLATargetHours,SLABreached,RootCause,AgentId,AgentName,LinkedToChurnRisk,CSAT
CASE-70001,ACC-1000,Sable Retail,SMB,LATAM,Standard,2025-01-27,2025-01-27,Closed,Billing / Seat Dispute,Team Plan,High,Email,false,T1,false,48,4.5,4,true,Expected behaviour,AG-117,Yuki Shaw,false,
CASE-70002,ACC-1000,Sable Retail,SMB,LATAM,Standard,2025-01-10,2025-01-11,Closed,Onboarding / Org Setup,Enterprise Programme,Low,Email,false,T2,true,137,18.7,48,false,Practice org expired,AG-103,Lena Brandt,false,
CASE-70003,ACC-1000,Sable Retail,SMB,LATAM,Standard,2025-03-27,2025-03-27,Closed,Billing / Seat Dispute,Implementation Services,Medium,LMS Integration,false,T3,false,183,10.4,24,false,Learner misconfiguration,AG-104,Jonas Diallo,false,
CASE-70004,ACC-1000,Sable Retail,SMB,LATAM,Standard,2026-06-17,2026-06-18,Closed,Onboarding / Org Setup,Academy Pro,Medium,Slack Connect,false,T2,false,167,21.4,24,false,Video / CDN failure,AG-109,Zara Chen,false,3
CASE-70005,ACC-1000,Sable Retail,SMB,LATAM,Standard,2024-11-21,2024-11-25,Closed,Content Request,Certification Vouchers,High,Email,false,T1,false,24,91.3,4,true,Seat limit reached,AG-113,Elena Moreno,false,1
CASE-70006,ACC-1001,Dovetail Bank,Self-Serve,EMEA,Community,2025-04-30,2025-04-30,Resolved - Monitoring,How-To Question,Classroom Seat-Days,Medium,In-App Chat,true,T2,false,226,2.7,24,false,Product defect,AG-109,Zara Chen,false,2
CASE-70007,ACC-1001,Dovetail Bank,Self-Serve,EMEA,Community,2025-08-03,2025-08-04,Closed,Bug,Enterprise Programme,Low,In-App Chat,false,T1,false,164,26.9,48,false,Content gap,AG-106,Omar Kovac,false,
CASE-70008,ACC-1001,Dovetail Bank,Self-Serve,EMEA,Community,2025-02-18,2025-02-18,Closed,How-To Question,Implementation Services,Medium,Web Form,true,T1,false,178,2.3,24,false,SSO / identity,AG-105,Clara Iyer,false,5
CASE-70009,ACC-1002,Solstice Telecom,SMB,APAC,Standard,2024-12-01,2024-12-01,Resolved - Monitoring,How-To Question,Implementation Services,Medium,In-App Chat,true,T2,false,187,9.9,24,false,Voucher pool exhausted,AG-109,Zara Chen,false,
CASE-70010,ACC-1002,Solstice Telecom,SMB,APAC,Standard,2025-07-23,2025-07-23,Closed,How-To Question,Certification Vouchers,Medium,Slack Connect,false,T2,false,236,11.1,24,false,Practice org expired,AG-108,Kwame Iyer,false,
CASE-70011,ACC-1002,Solstice Telecom,SMB,APAC,Standard,2025-04-06,2025-04-08,Closed,Bug,Certification Vouchers,Low,In-App Chat,false,T2,false,184,40.4,48,false,SSO / identity,AG-114,Priya Almeida,false,4
CASE-70012,ACC-1003,Kestrel Motors,Self-Serve,APAC,Community,2026-06-13,2026-06-14,Closed,Billing / Seat Dispute,Academy Pro,Low,In-App Chat,false,T1,false,206,13.7,48,false,Seat limit reached,AG-100,Omar Berg,false,3
CASE-70013,ACC-1003,Kestrel Motors,Self-Serve,APAC,Community,2026-07-17,2026-07-18,Resolved - Monitoring,Onboarding / Org Setup,Enterprise Programme,Low,Web Form,false,T2,true,268,21.4,48,false,Seat limit reached,AG-112,Yuki Marino,false,
CASE-70014,ACC-1003,Kestrel Motors,Self-Serve,APAC,Community,2026-05-19,,New,Bug,Enterprise Programme,Medium,Email,false,T2,false,190,83.9,24,true,,AG-115,Felix Kapoor,false,
CASE-70015,ACC-1004,Kestrel Pharma,SMB,EMEA,Standard,2026-04-25,2026-04-27,Closed,Security / SSO,Implementation Services,Low,In-App Chat,false,T2,false,125,52.2,48,true,Video / CDN failure,AG-102,Kwame Lindqvist,true,
CASE-70016,ACC-1004,Kestrel Pharma,SMB,EMEA,Standard,2026-08-15,2026-08-15,Closed,How-To Question,Team Plan,Medium,Web Form,false,T3,false,204,8.1,24,false,SSO / identity,AG-104,Jonas Diallo,false,
CASE-70017,ACC-1004,Kestrel Pharma,SMB,EMEA,Standard,2026-04-21,,Waiting on Customer,Content Request,Team Plan,Medium,Web Form,false,T2,false,242,46,24,true,,AG-108,Kwame Iyer,true,
CASE-70018,ACC-1004,Kestrel Pharma,SMB,EMEA,Standard,2026-04-08,2026-04-12,Closed,Content Request,Implementation Services,Low,LMS Integration,false,T2,false,173,102,48,true,Seat limit reached,AG-108,Kwame Iyer,false,
CASE-70019,ACC-1004,Kestrel Pharma,SMB,EMEA,Standard,2026-05-27,2026-05-27,Closed,How-To Question,Team Plan,Low,Web Form,false,T2,false,213,7.8,48,false,Product defect,AG-115,Felix Kapoor,true,
CASE-70020,ACC-1004,Kestrel Pharma,SMB,EMEA,Standard,2026-06-19,,In Progress,Content Request,Certification Vouchers,High,Email,false,T1,false,17,114.4,4,true,,AG-107,Jonas Ahmed,false,
CASE-70021,ACC-1004,Kestrel Pharma,SMB,EMEA,Standard,2026-08-13,2026-08-14,Resolved - Monitoring,Onboarding / Org Setup,Team Plan,High,LMS Integration,false,T1,false,29,27.8,4,true,Product defect,AG-116,Tom Nair,false,
CASE-70022,ACC-1004,Kestrel Pharma,SMB,EMEA,Standard,2026-09-02,2026-09-02,Closed,How-To Question,Certification Vouchers,Medium,Phone,true,T1,false,258,3.2,24,false,Learner misconfiguration,AG-107,Jonas Ahmed,false,
CASE-70023,ACC-1004,Kestrel Pharma,SMB,EMEA,Standard,2026-06-26,2026-06-26,Closed,How-To Question,Classroom Seat-Days,Low,LMS Integration,true,T2,false,188,10.2,48,false,Practice org expired,AG-103,Lena Brandt,false,
CASE-70024,ACC-1004,Kestrel Pharma,SMB,EMEA,Standard,2026-07-23,2026-07-24,Closed,Billing / Seat Dispute,Classroom Seat-Days,Low,Web Form,false,T2,false,81,16.7,48,false,Video / CDN failure,AG-101,Sana Nair,true,
CASE-70025,ACC-1004,Kestrel Pharma,SMB,EMEA,Standard,2026-02-22,2026-02-22,Closed,Platform Incident,Certification Vouchers,High,Phone,false,T2,false,85,9.2,4,true,Seat limit reached,AG-108,Kwame Iyer,true,4
CASE-70026,ACC-1004,Kestrel Pharma,SMB,EMEA,Standard,2026-09-24,2026-09-26,Closed,Content Request,Classroom Seat-Days,High,In-App Chat,false,T2,false,29,37.7,4,true,Expected behaviour,AG-103,Lena Brandt,true,
CASE-70027,ACC-1005,Pallas Digital,Enterprise,AMER,Business,2026-01-03,2026-01-03,Closed,Platform Incident,Classroom Seat-Days,High,LMS Integration,false,T2,false,134,5.9,4,true,Seat limit reached,AG-114,Priya Almeida,false,
CASE-70028,ACC-1005,Pallas Digital,Enterprise,AMER,Business,2025-03-18,2025-03-19,Closed,Onboarding / Org Setup,Team Plan,Medium,Web Form,false,T3,false,208,18.2,24,false,Content gap,AG-104,Jonas Diallo,false,2
CASE-70029,ACC-1005,Pallas Digital,Enterprise,AMER,Business,2025-03-27,,Waiting on Customer,Onboarding / Org Setup,Classroom Seat-Days,High,Phone,false,T2,false,67,31.9,4,true,,AG-108,Kwame Iyer,false,
CASE-70030,ACC-1005,Pallas Digital,Enterprise,AMER,Business,2026-01-25,2026-01-27,Closed,Billing / Seat Dispute,Implementation Services,Medium,Web Form,false,T1,false,224,41.4,24,true,Seat limit reached,AG-106,Omar Kovac,false,
CASE-70031,ACC-1005,Pallas Digital,Enterprise,AMER,Business,2025-12-06,,In Progress,How-To Question,Enterprise Programme,Low,Web Form,false,T1,false,197,7.3,48,false,,AG-106,Omar Kovac,false,
CASE-70032,ACC-1005,Pallas Digital,Enterprise,AMER,Business,2026-04-28,2026-04-28,Closed,How-To Question,Enterprise Programme,Medium,In-App Chat,false,T2,false,167,6.8,24,false,Voucher pool exhausted,AG-102,Kwame Lindqvist,false,
CASE-70033,ACC-1005,Pallas Digital,Enterprise,AMER,Business,2024-12-19,2024-12-20,Closed,Billing / Seat Dispute,Team Plan,Low,In-App Chat,false,T3,false,274,23.6,48,false,Video / CDN failure,AG-110,Ana Fischer,false,4
CASE-70034,ACC-1005,Pallas Digital,Enterprise,AMER,Business,2024-11-28,2024-11-29,Closed,Bug,Classroom Seat-Days,High,Web Form,false,T1,false,50,26.2,4,true,Content gap,AG-111,Marcus Brandt,false,
CASE-70035,ACC-1005,Pallas Digital,Enterprise,AMER,Business,2025-09-13,2025-09-13,Closed,How-To Question,Certification Vouchers,Low,Phone,false,T1,false,189,10.8,48,false,Content gap,AG-117,Yuki Shaw,false,5
CASE-70036,ACC-1005,Pallas Digital,Enterprise,AMER,Business,2025-11-29,,Waiting on Customer,How-To Question,Implementation Services,Medium,Phone,true,T1,false,185,0.2,24,false,,AG-106,Omar Kovac,false,
CASE-70037,ACC-1006,Lattice Works,Self-Serve,AMER,Community,2025-03-02,2025-03-02,Closed,Platform Incident,Team Plan,Critical,LMS Integration,false,T1,false,2,0.2,1,false,Expected behaviour,AG-105,Clara Iyer,true,
CASE-70038,ACC-1006,Lattice Works,Self-Serve,AMER,Community,2025-06-13,,In Progress,Platform Incident,Academy Pro,High,Web Form,false,T1,false,34,8.2,4,true,,AG-117,Yuki Shaw,false,
CASE-70039,ACC-1006,Lattice Works,Self-Serve,AMER,Community,2026-05-07,2026-05-08,Closed,Platform Incident,Classroom Seat-Days,Medium,In-App Chat,false,T2,false,234,12.3,24,false,Practice org expired,AG-115,Felix Kapoor,true,5
CASE-70040,ACC-1006,Lattice Works,Self-Serve,AMER,Community,2026-03-18,2026-03-20,Closed,Bug,Certification Vouchers,Medium,Web Form,false,T2,false,128,59.9,24,true,Practice org expired,AG-101,Sana Nair,false,
CASE-70041,ACC-1007,Onyx Insurance,Enterprise,APAC,Business,2025-07-27,2025-07-29,Closed,Content Request,Team Plan,Medium,Email,false,T1,false,200,56.8,24,true,Expected behaviour,AG-113,Elena Moreno,false,
CASE-70042,ACC-1007,Onyx Insurance,Enterprise,APAC,Business,2025-12-30,2025-12-31,Closed,Billing / Seat Dispute,Classroom Seat-Days,Medium,LMS Integration,false,T2,false,222,26.4,24,true,Voucher pool exhausted,AG-103,Lena Brandt,false,3
CASE-70043,ACC-1007,Onyx Insurance,Enterprise,APAC,Business,2026-01-17,,In Progress,Platform Incident,Academy Pro,Critical,In-App Chat,false,T2,false,2,5.3,1,true,,AG-114,Priya Almeida,false,
CASE-70044,ACC-1007,Onyx Insurance,Enterprise,APAC,Business,2025-08-02,2025-08-06,Closed,Security / SSO,Enterprise Programme,Medium,LMS Integration,false,T2,true,203,90,24,true,Product defect,AG-102,Kwame Lindqvist,false,
CASE-70045,ACC-1007,Onyx Insurance,Enterprise,APAC,Business,2025-08-27,2025-08-28,Closed,Billing / Seat Dispute,Implementation Services,Medium,In-App Chat,false,T1,true,189,24.1,24,true,Product defect,AG-117,Yuki Shaw,false,3
CASE-70046,ACC-1007,Onyx Insurance,Enterprise,APAC,Business,2026-02-17,2026-02-18,Closed,Billing / Seat Dispute,Classroom Seat-Days,Low,Web Form,false,T2,false,243,12.9,48,false,SSO / identity,AG-115,Felix Kapoor,false,3
CASE-70047,ACC-1007,Onyx Insurance,Enterprise,APAC,Business,2025-06-28,2025-06-28,Resolved - Monitoring,Onboarding / Org Setup,Certification Vouchers,Low,In-App Chat,false,T1,false,185,11.8,48,false,SSO / identity,AG-100,Omar Berg,false,
CASE-70048,ACC-1007,Onyx Insurance,Enterprise,APAC,Business,2025-07-05,,Waiting on Customer,Billing / Seat Dispute,Implementation Services,Medium,In-App Chat,false,T2,false,208,2.3,24,false,,AG-112,Yuki Marino,false,
CASE-70049,ACC-1007,Onyx Insurance,Enterprise,APAC,Business,2025-07-31,2025-08-01,Closed,Onboarding / Org Setup,Team Plan,Low,Email,false,T1,false,126,26.6,48,false,Content gap,AG-111,Marcus Brandt,false,
CASE-70050,ACC-1007,Onyx Insurance,Enterprise,APAC,Business,2026-02-08,2026-02-08,Closed,How-To Question,Enterprise Programme,Medium,Web Form,false,T2,false,232,9.9,24,false,Product defect,AG-109,Zara Chen,false,
CASE-70051,ACC-1007,Onyx Insurance,Enterprise,APAC,Business,2025-06-08,2025-06-08,Closed,How-To Question,Enterprise Programme,Medium,Email,true,T2,false,234,0.2,24,false,Video / CDN failure,AG-103,Lena Brandt,false,
CASE-70052,ACC-1007,Onyx Insurance,Enterprise,APAC,Business,2026-08-02,2026-08-03,Resolved - Monitoring,Onboarding / Org Setup,Classroom Seat-Days,Low,Web Form,false,T1,false,209,14.8,48,false,Product defect,AG-100,Omar Berg,false,4
CASE-70053,ACC-1007,Onyx Insurance,Enterprise,APAC,Business,2025-12-10,2025-12-11,Closed,How-To Question,Classroom Seat-Days,Medium,Email,true,T1,false,110,16.2,24,false,Video / CDN failure,AG-116,Tom Nair,false,
CASE-70054,ACC-1007,Onyx Insurance,Enterprise,APAC,Business,2025-10-27,2025-10-27,Closed,Billing / Seat Dispute,Certification Vouchers,High,Web Form,false,T2,false,50,12,4,true,Learner misconfiguration,AG-108,Kwame Iyer,false,
CASE-70055,ACC-1007,Onyx Insurance,Enterprise,APAC,Business,2026-02-03,2026-02-04,Closed,Onboarding / Org Setup,Enterprise Programme,High,Web Form,false,T2,true,57,30.3,4,true,Product defect,AG-112,Yuki Marino,false,
CASE-70056,ACC-1007,Onyx Insurance,Enterprise,APAC,Business,2025-11-01,2025-11-01,Closed,Billing / Seat Dispute,Academy Pro,Medium,In-App Chat,false,T2,false,206,4,24,false,Video / CDN failure,AG-108,Kwame Iyer,false,
CASE-70057,ACC-1007,Onyx Insurance,Enterprise,APAC,Business,2026-07-12,2026-07-12,Closed,Platform Incident,Certification Vouchers,Critical,In-App Chat,false,T3,false,2,3.6,1,true,Practice org expired,AG-104,Jonas Diallo,false,
CASE-70058,ACC-1007,Onyx Insurance,Enterprise,APAC,Business,2025-12-26,2025-12-27,Resolved - Monitoring,Onboarding / Org Setup,Certification Vouchers,High,Slack Connect,false,T3,false,2,12.1,4,true,Video / CDN failure,AG-104,Jonas Diallo,false,2
CASE-70059,ACC-1007,Onyx Insurance,Enterprise,APAC,Business,2026-04-19,2026-04-19,Closed,Platform Incident,Enterprise Programme,High,Email,false,T1,false,121,5.6,4,true,SSO / identity,AG-116,Tom Nair,false,
CASE-70060,ACC-1007,Onyx Insurance,Enterprise,APAC,Business,2025-07-18,,In Progress,Billing / Seat Dispute,Enterprise Programme,Low,Email,false,T1,false,169,31.8,48,false,,AG-100,Omar Berg,false,
CASE-70061,ACC-1008,Wexler Telecom,SMB,AMER,Standard,2026-05-31,2026-06-01,Closed,Billing / Seat Dispute,Enterprise Programme,Low,Email,false,T2,false,186,23.7,48,false,Practice org expired,AG-115,Felix Kapoor,false,3
CASE-70062,ACC-1008,Wexler Telecom,SMB,AMER,Standard,2026-03-05,2026-03-05,Closed,Platform Incident,Certification Vouchers,Medium,LMS Integration,false,T2,false,155,0.9,24,false,Learner misconfiguration,AG-102,Kwame Lindqvist,false,
CASE-70063,ACC-1008,Wexler Telecom,SMB,AMER,Standard,2026-01-01,2026-01-01,Closed,How-To Question,Team Plan,Medium,Web Form,false,T2,false,212,9.3,24,false,Practice org expired,AG-112,Yuki Marino,false,5
CASE-70064,ACC-1008,Wexler Telecom,SMB,AMER,Standard,2026-09-15,2026-09-15,Resolved - Monitoring,Onboarding / Org Setup,Implementation Services,Medium,Email,false,T2,false,263,8.1,24,false,Practice org expired,AG-108,Kwame Iyer,false,4
CASE-70065,ACC-1008,Wexler Telecom,SMB,AMER,Standard,2025-09-27,2025-09-28,Closed,Bug,Implementation Services,Medium,Web Form,false,T2,false,224,34.8,24,true,Video / CDN failure,AG-109,Zara Chen,false,2
CASE-70066,ACC-1008,Wexler Telecom,SMB,AMER,Standard,2025-08-23,2025-08-25,Closed,Security / SSO,Team Plan,Medium,In-App Chat,false,T3,true,146,50.6,24,true,Voucher pool exhausted,AG-104,Jonas Diallo,false,3
CASE-70067,ACC-1008,Wexler Telecom,SMB,AMER,Standard,2026-03-20,2026-03-20,Closed,How-To Question,Classroom Seat-Days,Low,Web Form,false,T1,false,179,6.5,48,false,SSO / identity,AG-106,Omar Kovac,false,
CASE-70068,ACC-1008,Wexler Telecom,SMB,AMER,Standard,2026-04-22,2026-04-23,Closed,Onboarding / Org Setup,Team Plan,Medium,In-App Chat,false,T3,false,274,26.7,24,true,Voucher pool exhausted,AG-110,Ana Fischer,false,1
CASE-70069,ACC-1008,Wexler Telecom,SMB,AMER,Standard,2025-11-17,2025-11-18,Closed,How-To Question,Academy Pro,High,Email,false,T2,false,28,17.8,4,true,Learner misconfiguration,AG-115,Felix Kapoor,false,4
CASE-70070,ACC-1008,Wexler Telecom,SMB,AMER,Standard,2026-04-05,2026-04-05,Closed,How-To Question,Certification Vouchers,Low,Email,false,T1,false,216,11.5,48,false,Video / CDN failure,AG-100,Omar Berg,false,4
CASE-70071,ACC-1009,Quanta Bank,Enterprise,EMEA,Business,2026-05-07,2026-05-07,Closed,How-To Question,Implementation Services,Medium,Web Form,false,T3,false,196,8.9,24,false,SSO / identity,AG-110,Ana Fischer,false,4
CASE-70072,ACC-1009,Quanta Bank,Enterprise,EMEA,Business,2026-07-25,,In Progress,Billing / Seat Dispute,Implementation Services,Low,Web Form,false,T2,false,158,11,48,false,,AG-115,Felix Kapoor,false,
CASE-70073,ACC-1009,Quanta Bank,Enterprise,EMEA,Business,2025-12-17,2025-12-17,Resolved - Monitoring,How-To Question,Enterprise Programme,Medium,Email,false,T2,false,142,11.7,24,false,Voucher pool exhausted,AG-115,Felix Kapoor,false,4
CASE-70074,ACC-1009,Quanta Bank,Enterprise,EMEA,Business,2026-03-09,2026-03-09,Resolved - Monitoring,Billing / Seat Dispute,Enterprise Programme,High,LMS Integration,false,T2,false,102,0.6,4,false,Product defect,AG-109,Zara Chen,false,
CASE-70075,ACC-1009,Quanta Bank,Enterprise,EMEA,Business,2026-05-10,2026-05-10,Closed,How-To Question,Implementation Services,Medium,In-App Chat,true,T1,false,197,0.2,24,false,Product defect,AG-106,Omar Kovac,false,3
CASE-70076,ACC-1009,Quanta Bank,Enterprise,EMEA,Business,2025-12-22,2025-12-24,Closed,Bug,Academy Pro,High,LMS Integration,false,T3,false,92,37.1,4,true,Video / CDN failure,AG-110,Ana Fischer,false,
CASE-70077,ACC-1009,Quanta Bank,Enterprise,EMEA,Business,2026-04-17,2026-04-17,Closed,How-To Question,Academy Pro,High,Email,true,T2,false,38,11.5,4,true,Voucher pool exhausted,AG-101,Sana Nair,false,2
CASE-70078,ACC-1009,Quanta Bank,Enterprise,EMEA,Business,2026-07-25,2026-07-26,Closed,How-To Question,Certification Vouchers,Low,Web Form,false,T2,true,199,16.9,48,false,Seat limit reached,AG-114,Priya Almeida,false,4
CASE-70079,ACC-1009,Quanta Bank,Enterprise,EMEA,Business,2025-06-29,2025-06-30,Closed,How-To Question,Implementation Services,Medium,LMS Integration,false,T2,false,95,12.4,24,false,Learner misconfiguration,AG-109,Zara Chen,false,4
CASE-70080,ACC-1009,Quanta Bank,Enterprise,EMEA,Business,2026-05-27,2026-05-27,Closed,How-To Question,Certification Vouchers,Medium,Email,false,T2,false,224,7.1,24,false,Practice org expired,AG-102,Kwame Lindqvist,false,
CASE-70081,ACC-1009,Quanta Bank,Enterprise,EMEA,Business,2025-12-24,2025-12-25,Closed,Content Request,Implementation Services,Medium,Phone,false,T2,false,257,17.4,24,false,SSO / identity,AG-101,Sana Nair,false,
CASE-70082,ACC-1009,Quanta Bank,Enterprise,EMEA,Business,2025-04-14,,In Progress,How-To Question,Team Plan,High,Web Form,true,T1,false,2,10.9,4,true,,AG-113,Elena Moreno,false,
CASE-70083,ACC-1009,Quanta Bank,Enterprise,EMEA,Business,2026-06-06,2026-06-06,Closed,How-To Question,Implementation Services,Low,In-App Chat,true,T1,false,236,8.8,48,false,Video / CDN failure,AG-100,Omar Berg,false,
CASE-70084,ACC-1009,Quanta Bank,Enterprise,EMEA,Business,2026-09-12,,In Progress,Bug,Certification Vouchers,Low,Email,true,T1,false,198,48.1,48,true,,AG-105,Clara Iyer,false,
CASE-70085,ACC-1009,Quanta Bank,Enterprise,EMEA,Business,2026-06-01,2026-06-03,Closed,Security / SSO,Classroom Seat-Days,Medium,Web Form,false,T1,false,231,50.2,24,true,Content gap,AG-106,Omar Kovac,false,2
CASE-70086,ACC-1009,Quanta Bank,Enterprise,EMEA,Business,2025-05-29,2025-05-30,Closed,Onboarding / Org Setup,Implementation Services,High,LMS Integration,false,T2,false,2,20.2,4,true,Practice org expired,AG-115,Felix Kapoor,false,5
CASE-70087,ACC-1010,North Telecom,Mid-Market,EMEA,Standard,2026-09-18,2026-09-18,Resolved - Monitoring,Platform Incident,Classroom Seat-Days,High,In-App Chat,false,T1,false,71,6.6,4,true,Video / CDN failure,AG-107,Jonas Ahmed,false,
CASE-70088,ACC-1010,North Telecom,Mid-Market,EMEA,Standard,2026-08-23,2026-08-24,Closed,How-To Question,Academy Pro,Medium,Email,true,T2,false,234,17.4,24,false,Practice org expired,AG-103,Lena Brandt,false,5
CASE-70089,ACC-1010,North Telecom,Mid-Market,EMEA,Standard,2026-08-24,2026-08-26,Resolved - Monitoring,Bug,Certification Vouchers,High,Web Form,false,T2,false,111,45.8,4,true,Video / CDN failure,AG-115,Felix Kapoor,false,4
CASE-70090,ACC-1010,North Telecom,Mid-Market,EMEA,Standard,2026-09-06,,New,How-To Question,Classroom Seat-Days,Low,In-App Chat,false,T2,false,246,18.1,48,false,,AG-103,Lena Brandt,false,
CASE-70091,ACC-1010,North Telecom,Mid-Market,EMEA,Standard,2026-08-25,2026-08-25,Closed,How-To Question,Team Plan,Low,In-App Chat,false,T2,false,192,9,48,false,Practice org expired,AG-109,Zara Chen,false,3
CASE-70092,ACC-1010,North Telecom,Mid-Market,EMEA,Standard,2026-09-08,2026-09-12,Closed,Content Request,Team Plan,Low,LMS Integration,false,T1,false,187,85.6,48,true,Seat limit reached,AG-111,Marcus Brandt,false,2
CASE-70093,ACC-1010,North Telecom,Mid-Market,EMEA,Standard,2026-07-26,2026-07-27,Closed,Onboarding / Org Setup,Classroom Seat-Days,Low,In-App Chat,false,T2,false,234,16.7,48,false,SSO / identity,AG-103,Lena Brandt,false,5
CASE-70094,ACC-1010,North Telecom,Mid-Market,EMEA,Standard,2026-09-16,,Waiting on Customer,Billing / Seat Dispute,Team Plan,Low,Slack Connect,true,T2,false,195,13,48,false,,AG-108,Kwame Iyer,false,
CASE-70095,ACC-1010,North Telecom,Mid-Market,EMEA,Standard,2026-09-17,2026-09-18,Resolved - Monitoring,Onboarding / Org Setup,Classroom Seat-Days,Medium,Email,false,T2,false,204,13.7,24,false,Video / CDN failure,AG-115,Felix Kapoor,false,
CASE-70096,ACC-1010,North Telecom,Mid-Market,EMEA,Standard,2026-08-05,,Waiting on Customer,How-To Question,Classroom Seat-Days,Medium,Email,true,T2,false,261,12.8,24,false,,AG-112,Yuki Marino,false,
CASE-70097,ACC-1010,North Telecom,Mid-Market,EMEA,Standard,2026-09-12,2026-09-12,Closed,Platform Incident,Classroom Seat-Days,Medium,Web Form,false,T2,false,244,8.2,24,false,Seat limit reached,AG-115,Felix Kapoor,false,
CASE-70098,ACC-1010,North Telecom,Mid-Market,EMEA,Standard,2026-08-08,2026-08-09,Closed,Billing / Seat Dispute,Classroom Seat-Days,Medium,Email,false,T1,false,86,16.9,24,false,SSO / identity,AG-117,Yuki Shaw,false,4
CASE-70099,ACC-1010,North Telecom,Mid-Market,EMEA,Standard,2026-08-13,,Waiting on Customer,How-To Question,Team Plan,Low,Email,true,T1,false,134,13,48,false,,AG-100,Omar Berg,false,
CASE-70100,ACC-1011,Harbor Works,SMB,AMER,Standard,2026-05-09,2026-05-10,Closed,Bug,Certification Vouchers,Medium,Email,false,T2,false,144,35.7,24,true,SSO / identity,AG-103,Lena Brandt,false,2
CASE-70101,ACC-1011,Harbor Works,SMB,AMER,Standard,2025-07-26,,In Progress,Onboarding / Org Setup,Certification Vouchers,Low,In-App Chat,false,T2,false,221,32,48,false,,AG-109,Zara Chen,false,
CASE-70102,ACC-1011,Harbor Works,SMB,AMER,Standard,2026-06-17,2026-06-17,Closed,How-To Question,Classroom Seat-Days,High,In-App Chat,false,T2,false,2,4,4,true,Expected behaviour,AG-108,Kwame Iyer,false,3
CASE-70103,ACC-1011,Harbor Works,SMB,AMER,Standard,2025-08-06,2025-08-07,Closed,Onboarding / Org Setup,Enterprise Programme,High,In-App Chat,false,T2,false,28,13.7,4,true,Product defect,AG-115,Felix Kapoor,false,
CASE-70104,ACC-1011,Harbor Works,SMB,AMER,Standard,2025-07-09,2025-07-10,Resolved - Monitoring,Onboarding / Org Setup,Classroom Seat-Days,Medium,Web Form,true,T1,false,171,32.6,24,true,Learner misconfiguration,AG-111,Marcus Brandt,false,2
CASE-70105,ACC-1011,Harbor Works,SMB,AMER,Standard,2026-05-31,2026-05-31,Closed,How-To Question,Implementation Services,High,Email,true,T2,false,112,7.3,4,true,Practice org expired,AG-112,Yuki Marino,false,3
CASE-70106,ACC-1012,Tundra Energy,Mid-Market,AMER,Standard,2025-09-14,2025-09-15,Closed,How-To Question,Enterprise Programme,Medium,In-App Chat,true,T2,false,175,14.8,24,false,Practice org expired,AG-109,Zara Chen,false,5
CASE-70107,ACC-1012,Tundra Energy,Mid-Market,AMER,Standard,2026-05-08,2026-05-09,Closed,Onboarding / Org Setup,Academy Pro,Low,Email,false,T1,false,135,16.4,48,false,Voucher pool exhausted,AG-117,Yuki Shaw,false,3
CASE-70108,ACC-1012,Tundra Energy,Mid-Market,AMER,Standard,2026-07-25,2026-07-26,Closed,Bug,Classroom Seat-Days,Medium,Email,false,T2,false,174,16.4,24,false,Seat limit reached,AG-102,Kwame Lindqvist,false,4
CASE-70109,ACC-1012,Tundra Energy,Mid-Market,AMER,Standard,2025-06-04,2025-06-06,Closed,Security / SSO,Enterprise Programme,Low,Web Form,false,T1,false,241,39.3,48,false,Learner misconfiguration,AG-106,Omar Kovac,false,
CASE-70110,ACC-1012,Tundra Energy,Mid-Market,AMER,Standard,2025-01-01,2025-01-01,Closed,How-To Question,Implementation Services,High,LMS Integration,false,T2,false,2,11.7,4,true,SSO / identity,AG-112,Yuki Marino,false,4
CASE-70111,ACC-1012,Tundra Energy,Mid-Market,AMER,Standard,2025-01-28,,New,How-To Question,Academy Pro,Medium,In-App Chat,false,T1,false,205,8.3,24,false,,AG-106,Omar Kovac,false,
CASE-70112,ACC-1012,Tundra Energy,Mid-Market,AMER,Standard,2026-03-17,2026-03-18,Closed,Onboarding / Org Setup,Enterprise Programme,Medium,In-App Chat,false,T2,false,218,26.9,24,true,Practice org expired,AG-103,Lena Brandt,false,
CASE-70113,ACC-1012,Tundra Energy,Mid-Market,AMER,Standard,2025-12-18,2025-12-19,Resolved - Monitoring,Billing / Seat Dispute,Academy Pro,Medium,Web Form,false,T1,false,225,30.8,24,true,Seat limit reached,AG-107,Jonas Ahmed,false,
CASE-70114,ACC-1012,Tundra Energy,Mid-Market,AMER,Standard,2025-12-11,2025-12-11,Resolved - Monitoring,Billing / Seat Dispute,Certification Vouchers,Medium,Email,false,T1,false,241,0.6,24,false,Video / CDN failure,AG-106,Omar Kovac,false,
CASE-70115,ACC-1012,Tundra Energy,Mid-Market,AMER,Standard,2025-02-16,2025-02-17,Closed,How-To Question,Classroom Seat-Days,Medium,In-App Chat,true,T2,false,164,12.7,24,false,Content gap,AG-114,Priya Almeida,false,
CASE-70116,ACC-1012,Tundra Energy,Mid-Market,AMER,Standard,2026-04-19,2026-04-19,Closed,How-To Question,Enterprise Programme,Low,In-App Chat,true,T2,false,186,11.1,48,false,Expected behaviour,AG-115,Felix Kapoor,false,4
CASE-70117,ACC-1012,Tundra Energy,Mid-Market,AMER,Standard,2025-09-05,2025-09-06,Resolved - Monitoring,Billing / Seat Dispute,Certification Vouchers,Medium,Email,false,T3,false,208,16.4,24,false,Expected behaviour,AG-110,Ana Fischer,false,
CASE-70118,ACC-1012,Tundra Energy,Mid-Market,AMER,Standard,2025-02-26,2025-03-02,Closed,Content Request,Academy Pro,Low,Email,false,T2,false,183,106.1,48,true,Voucher pool exhausted,AG-114,Priya Almeida,false,
CASE-70119,ACC-1012,Tundra Energy,Mid-Market,AMER,Standard,2025-07-13,2025-07-15,Closed,Security / SSO,Academy Pro,High,In-App Chat,false,T1,false,34,49,4,true,Product defect,AG-105,Clara Iyer,false,
CASE-70120,ACC-1012,Tundra Energy,Mid-Market,AMER,Standard,2026-03-29,2026-04-01,Closed,Content Request,Team Plan,High,In-App Chat,false,T1,true,46,67.4,4,true,Content gap,AG-117,Yuki Shaw,false,2
CASE-70121,ACC-1012,Tundra Energy,Mid-Market,AMER,Standard,2026-04-23,2026-04-23,Closed,How-To Question,Certification Vouchers,Medium,Phone,false,T1,false,162,5.8,24,false,Expected behaviour,AG-106,Omar Kovac,false,
CASE-70122,ACC-1012,Tundra Energy,Mid-Market,AMER,Standard,2026-09-24,,Waiting on Customer,Platform Incident,Team Plan,Critical,Web Form,false,T2,false,36,4.2,1,true,,AG-109,Zara Chen,false,
CASE-70123,ACC-1012,Tundra Energy,Mid-Market,AMER,Standard,2025-09-15,2025-09-16,Closed,How-To Question,Team Plan,Low,LMS Integration,true,T2,false,135,13.9,48,false,Practice org expired,AG-114,Priya Almeida,false,
CASE-70124,ACC-1012,Tundra Energy,Mid-Market,AMER,Standard,2025-01-28,2025-01-28,Resolved - Monitoring,How-To Question,Certification Vouchers,Low,Web Form,false,T1,false,194,9.5,48,false,SSO / identity,AG-116,Tom Nair,false,
CASE-70125,ACC-1012,Tundra Energy,Mid-Market,AMER,Standard,2025-05-13,2025-05-14,Closed,Onboarding / Org Setup,Academy Pro,Low,Email,false,T1,false,179,15.5,48,false,Expected behaviour,AG-117,Yuki Shaw,false,5
CASE-70126,ACC-1012,Tundra Energy,Mid-Market,AMER,Standard,2026-06-07,2026-06-08,Resolved - Monitoring,Onboarding / Org Setup,Academy Pro,Medium,Web Form,false,T2,false,187,16.2,24,false,SSO / identity,AG-112,Yuki Marino,false,5
CASE-70127,ACC-1012,Tundra Energy,Mid-Market,AMER,Standard,2025-11-11,2025-11-11,Closed,How-To Question,Team Plan,Medium,In-App Chat,false,T2,false,193,7.7,24,false,Product defect,AG-108,Kwame Iyer,false,5
CASE-70128,ACC-1014,Lumen Technologies,Self-Serve,EMEA,Community,2025-08-24,2025-08-24,Closed,How-To Question,Implementation Services,Low,In-App Chat,false,T2,false,190,10.5,48,false,Expected behaviour,AG-109,Zara Chen,true,
CASE-70129,ACC-1014,Lumen Technologies,Self-Serve,EMEA,Community,2026-06-03,,In Progress,Content Request,Certification Vouchers,Medium,In-App Chat,false,T2,false,166,109.3,24,true,,AG-102,Kwame Lindqvist,false,
CASE-70130,ACC-1014,Lumen Technologies,Self-Serve,EMEA,Community,2026-08-23,2026-08-25,Closed,Security / SSO,Team Plan,Medium,Email,false,T2,false,228,54.7,24,true,Seat limit reached,AG-114,Priya Almeida,true,2
CASE-70131,ACC-1014,Lumen Technologies,Self-Serve,EMEA,Community,2026-09-24,2026-09-25,Closed,Billing / Seat Dispute,Implementation Services,Medium,Email,false,T3,false,221,18.8,24,false,Learner misconfiguration,AG-104,Jonas Diallo,true,
CASE-70132,ACC-1014,Lumen Technologies,Self-Serve,EMEA,Community,2025-01-08,2025-01-08,Closed,Platform Incident,Enterprise Programme,High,In-App Chat,false,T2,false,2,6.1,4,true,Video / CDN failure,AG-108,Kwame Iyer,false,3
CASE-70133,ACC-1014,Lumen Technologies,Self-Serve,EMEA,Community,2025-10-23,2025-10-25,Closed,Content Request,Academy Pro,Low,Phone,false,T2,false,223,46.4,48,false,Learner misconfiguration,AG-102,Kwame Lindqvist,false,5
CASE-70134,ACC-1015,Umbra Consulting,SMB,EMEA,Standard,2026-02-03,2026-02-03,Closed,How-To Question,Certification Vouchers,Medium,Web Form,false,T1,false,150,11.2,24,false,Practice org expired,AG-113,Elena Moreno,false,
CASE-70135,ACC-1015,Umbra Consulting,SMB,EMEA,Standard,2026-06-25,2026-06-25,Closed,How-To Question,Team Plan,Low,In-App Chat,true,T2,false,158,10.3,48,false,Practice org expired,AG-101,Sana Nair,false,5
CASE-70136,ACC-1015,Umbra Consulting,SMB,EMEA,Standard,2026-08-30,,In Progress,Onboarding / Org Setup,Implementation Services,Medium,Slack Connect,false,T2,false,213,19.5,24,false,,AG-114,Priya Almeida,false,
CASE-70137,ACC-1015,Umbra Consulting,SMB,EMEA,Standard,2026-09-03,2026-09-04,Resolved - Monitoring,How-To Question,Academy Pro,Medium,Web Form,true,T2,false,213,12.2,24,false,Practice org expired,AG-109,Zara Chen,false,3
CASE-70138,ACC-1015,Umbra Consulting,SMB,EMEA,Standard,2026-05-18,2026-05-18,Closed,How-To Question,Enterprise Programme,Medium,Email,false,T2,true,164,9.7,24,false,Voucher pool exhausted,AG-114,Priya Almeida,false,
CASE-70139,ACC-1015,Umbra Consulting,SMB,EMEA,Standard,2025-08-19,,New,Content Request,Enterprise Programme,Medium,Email,false,T1,false,157,74.7,24,true,,AG-111,Marcus Brandt,false,
CASE-70140,ACC-1015,Umbra Consulting,SMB,EMEA,Standard,2026-01-02,2026-01-03,Closed,Content Request,Enterprise Programme,Low,Slack Connect,false,T1,false,123,18.2,48,false,SSO / identity,AG-116,Tom Nair,false,
CASE-70141,ACC-1016,Tundra Foods,Self-Serve,AMER,Community,2026-09-20,2026-09-21,Closed,Onboarding / Org Setup,Academy Pro,High,Web Form,false,T1,false,51,34.2,4,true,Practice org expired,AG-116,Tom Nair,false,2
CASE-70142,ACC-1016,Tundra Foods,Self-Serve,AMER,Community,2026-07-19,,New,Onboarding / Org Setup,Certification Vouchers,High,Email,true,T1,false,43,15.9,4,true,,AG-117,Yuki Shaw,false,
CASE-70143,ACC-1016,Tundra Foods,Self-Serve,AMER,Community,2026-05-03,2026-05-05,Closed,Security / SSO,Classroom Seat-Days,Medium,Slack Connect,false,T1,false,170,50.2,24,true,Video / CDN failure,AG-100,Omar Berg,false,
CASE-70144,ACC-1017,Dovetail Pharma,Mid-Market,AMER,Standard,2026-05-28,,In Progress,Onboarding / Org Setup,Enterprise Programme,Medium,Web Form,false,T2,false,193,18,24,false,,AG-103,Lena Brandt,false,
CASE-70145,ACC-1017,Dovetail Pharma,Mid-Market,AMER,Standard,2025-11-18,,In Progress,Bug,Academy Pro,Low,LMS Integration,false,T2,false,172,42.3,48,false,,AG-115,Felix Kapoor,false,
CASE-70146,ACC-1017,Dovetail Pharma,Mid-Market,AMER,Standard,2025-08-29,2025-08-31,Closed,Content Request,Team Plan,Medium,Email,false,T2,false,197,44.8,24,true,Practice org expired,AG-115,Felix Kapoor,false,1
CASE-70147,ACC-1019,Tundra Systems,SMB,LATAM,Standard,2026-09-10,2026-09-13,Closed,Bug,Academy Pro,Low,Slack Connect,false,T1,false,213,66.4,48,true,SSO / identity,AG-107,Jonas Ahmed,false,
CASE-70148,ACC-1019,Tundra Systems,SMB,LATAM,Standard,2026-09-10,2026-09-11,Closed,Bug,Certification Vouchers,Medium,Web Form,false,T1,false,240,35,24,true,Voucher pool exhausted,AG-117,Yuki Shaw,false,3
CASE-70149,ACC-1019,Tundra Systems,SMB,LATAM,Standard,2026-08-24,2026-08-24,Closed,How-To Question,Classroom Seat-Days,Low,In-App Chat,true,T1,false,276,7.8,48,false,Content gap,AG-111,Marcus Brandt,false,5
CASE-70150,ACC-1019,Tundra Systems,SMB,LATAM,Standard,2026-09-13,2026-09-14,Closed,How-To Question,Certification Vouchers,Medium,In-App Chat,true,T1,false,259,16.6,24,false,Seat limit reached,AG-117,Yuki Shaw,false,
CASE-70151,ACC-1019,Tundra Systems,SMB,LATAM,Standard,2026-07-27,2026-07-27,Closed,Onboarding / Org Setup,Implementation Services,Medium,In-App Chat,false,T2,true,197,1.8,24,false,Voucher pool exhausted,AG-102,Kwame Lindqvist,false,
CASE-70152,ACC-1019,Tundra Systems,SMB,LATAM,Standard,2026-09-08,2026-09-10,Closed,Content Request,Team Plan,Low,Web Form,false,T1,false,230,39.4,48,false,Practice org expired,AG-106,Omar Kovac,false,
CASE-70153,ACC-1019,Tundra Systems,SMB,LATAM,Standard,2026-09-05,2026-09-05,Closed,How-To Question,Team Plan,Low,LMS Integration,false,T2,false,197,5.5,48,false,Practice org expired,AG-115,Felix Kapoor,false,
CASE-70154,ACC-1019,Tundra Systems,SMB,LATAM,Standard,2026-08-10,2026-08-14,Closed,Content Request,Academy Pro,Medium,In-App Chat,false,T3,false,222,99.3,24,true,Expected behaviour,AG-104,Jonas Diallo,false,2
CASE-70155,ACC-1019,Tundra Systems,SMB,LATAM,Standard,2026-08-27,2026-08-30,Closed,Content Request,Enterprise Programme,Medium,Web Form,false,T2,false,178,71.6,24,true,Content gap,AG-102,Kwame Lindqvist,false,5
CASE-70156,ACC-1019,Tundra Systems,SMB,LATAM,Standard,2026-08-11,2026-08-12,Closed,Onboarding / Org Setup,Team Plan,Low,In-App Chat,true,T3,false,155,13.4,48,false,Learner misconfiguration,AG-104,Jonas Diallo,false,5
CASE-70157,ACC-1020,Wexler Health,Self-Serve,AMER,Community,2026-05-21,2026-05-23,Closed,Bug,Team Plan,Medium,LMS Integration,true,T3,false,190,53.1,24,true,Expected behaviour,AG-104,Jonas Diallo,true,
CASE-70158,ACC-1020,Wexler Health,Self-Serve,AMER,Community,2026-02-04,,In Progress,Onboarding / Org Setup,Academy Pro,Low,LMS Integration,false,T1,false,244,12.1,48,false,,AG-107,Jonas Ahmed,true,
CASE-70159,ACC-1020,Wexler Health,Self-Serve,AMER,Community,2026-06-06,2026-06-06,Closed,Platform Incident,Academy Pro,Critical,Web Form,false,T2,false,18,5.9,1,true,Video / CDN failure,AG-101,Sana Nair,false,
CASE-70160,ACC-1020,Wexler Health,Self-Serve,AMER,Community,2026-05-20,2026-05-20,Closed,How-To Question,Enterprise Programme,Medium,Email,false,T1,false,235,9.4,24,false,Seat limit reached,AG-111,Marcus Brandt,false,5
CASE-70161,ACC-1022,Onyx Health,Mid-Market,EMEA,Standard,2026-05-29,2026-05-29,Closed,Platform Incident,Team Plan,Critical,In-App Chat,false,T2,false,62,4.3,1,true,Content gap,AG-103,Lena Brandt,false,4
CASE-70162,ACC-1022,Onyx Health,Mid-Market,EMEA,Standard,2026-04-02,2026-04-03,Closed,Billing / Seat Dispute,Implementation Services,Medium,Web Form,false,T3,false,139,25.6,24,true,Seat limit reached,AG-110,Ana Fischer,false,
CASE-70163,ACC-1022,Onyx Health,Mid-Market,EMEA,Standard,2026-07-22,2026-07-22,Closed,How-To Question,Certification Vouchers,Medium,Email,true,T2,false,120,10.1,24,false,Expected behaviour,AG-115,Felix Kapoor,false,5
CASE-70164,ACC-1022,Onyx Health,Mid-Market,EMEA,Standard,2026-07-11,2026-07-11,Closed,Platform Incident,Implementation Services,Critical,LMS Integration,false,T2,false,30,5.7,1,true,Voucher pool exhausted,AG-109,Zara Chen,false,2
CASE-70165,ACC-1022,Onyx Health,Mid-Market,EMEA,Standard,2026-02-13,,New,Onboarding / Org Setup,Certification Vouchers,High,Web Form,false,T2,false,63,27.1,4,true,,AG-103,Lena Brandt,false,
CASE-70166,ACC-1022,Onyx Health,Mid-Market,EMEA,Standard,2026-03-14,2026-03-15,Closed,Onboarding / Org Setup,Classroom Seat-Days,High,Email,false,T1,false,43,33.9,4,true,Expected behaviour,AG-100,Omar Berg,false,
CASE-70167,ACC-1022,Onyx Health,Mid-Market,EMEA,Standard,2026-02-26,2026-02-27,Closed,How-To Question,Certification Vouchers,Medium,In-App Chat,true,T2,false,237,13.5,24,false,Video / CDN failure,AG-109,Zara Chen,false,
CASE-70168,ACC-1022,Onyx Health,Mid-Market,EMEA,Standard,2026-03-10,2026-03-10,Closed,How-To Question,Team Plan,Low,Email,true,T2,false,146,8.2,48,false,Seat limit reached,AG-108,Kwame Iyer,false,4
CASE-70169,ACC-1022,Onyx Health,Mid-Market,EMEA,Standard,2026-06-07,2026-06-08,Resolved - Monitoring,How-To Question,Academy Pro,Low,In-App Chat,false,T2,false,250,18.1,48,false,SSO / identity,AG-101,Sana Nair,false,3
CASE-70170,ACC-1022,Onyx Health,Mid-Market,EMEA,Standard,2026-02-18,2026-02-18,Closed,Platform Incident,Enterprise Programme,Medium,In-App Chat,false,T3,false,132,0.9,24,false,Expected behaviour,AG-110,Ana Fischer,false,5
CASE-70171,ACC-1022,Onyx Health,Mid-Market,EMEA,Standard,2026-02-16,2026-02-17,Closed,Billing / Seat Dispute,Certification Vouchers,High,Email,false,T2,false,49,19.9,4,true,SSO / identity,AG-108,Kwame Iyer,false,1
CASE-70172,ACC-1022,Onyx Health,Mid-Market,EMEA,Standard,2026-06-30,2026-07-01,Closed,Platform Incident,Certification Vouchers,Medium,LMS Integration,false,T2,false,167,12.3,24,false,Learner misconfiguration,AG-112,Yuki Marino,false,4
CASE-70173,ACC-1023,Sable Energy,Strategic,EMEA,Premier,2026-05-30,,Waiting on Customer,Bug,Enterprise Programme,High,Email,false,T3,false,67,48.2,4,true,,AG-104,Jonas Diallo,false,
CASE-70174,ACC-1023,Sable Energy,Strategic,EMEA,Premier,2026-07-11,2026-07-12,Closed,Bug,Classroom Seat-Days,Medium,Web Form,false,T1,false,115,17,24,false,Practice org expired,AG-105,Clara Iyer,false,3
CASE-70175,ACC-1023,Sable Energy,Strategic,EMEA,Premier,2026-09-14,2026-09-15,Closed,Content Request,Certification Vouchers,Low,In-App Chat,false,T2,false,191,28.9,48,false,Product defect,AG-109,Zara Chen,false,5
CASE-70176,ACC-1023,Sable Energy,Strategic,EMEA,Premier,2026-07-12,2026-07-12,Closed,Platform Incident,Certification Vouchers,Critical,Email,true,T2,false,2,0.2,1,false,Video / CDN failure,AG-115,Felix Kapoor,false,5
CASE-70177,ACC-1023,Sable Energy,Strategic,EMEA,Premier,2026-07-23,2026-07-24,Closed,Billing / Seat Dispute,Academy Pro,Low,Web Form,false,T3,false,180,21.2,48,false,Voucher pool exhausted,AG-110,Ana Fischer,false,
CASE-70178,ACC-1023,Sable Energy,Strategic,EMEA,Premier,2026-09-14,2026-09-15,Closed,Onboarding / Org Setup,Academy Pro,Medium,Email,false,T3,false,184,16.6,24,false,SSO / identity,AG-104,Jonas Diallo,false,5
CASE-70179,ACC-1023,Sable Energy,Strategic,EMEA,Premier,2026-08-06,2026-08-07,Closed,Billing / Seat Dispute,Implementation Services,Medium,LMS Integration,false,T2,true,184,20.5,24,false,Practice org expired,AG-101,Sana Nair,false,
CASE-70180,ACC-1023,Sable Energy,Strategic,EMEA,Premier,2026-09-15,,In Progress,Content Request,Enterprise Programme,High,Web Form,false,T2,false,47,24.9,4,true,,AG-102,Kwame Lindqvist,false,
CASE-70181,ACC-1023,Sable Energy,Strategic,EMEA,Premier,2026-07-22,2026-07-23,Closed,Onboarding / Org Setup,Classroom Seat-Days,Medium,LMS Integration,false,T2,false,207,16.1,24,false,Learner misconfiguration,AG-101,Sana Nair,false,5
CASE-70182,ACC-1023,Sable Energy,Strategic,EMEA,Premier,2026-06-05,2026-06-06,Closed,Content Request,Enterprise Programme,Medium,In-App Chat,false,T3,false,148,15.3,24,false,Practice org expired,AG-104,Jonas Diallo,false,
CASE-70183,ACC-1023,Sable Energy,Strategic,EMEA,Premier,2026-07-04,2026-07-05,Closed,Onboarding / Org Setup,Certification Vouchers,Medium,Email,false,T2,false,176,21.8,24,false,Video / CDN failure,AG-115,Felix Kapoor,false,
CASE-70184,ACC-1023,Sable Energy,Strategic,EMEA,Premier,2026-07-16,2026-07-17,Closed,Bug,Academy Pro,High,LMS Integration,false,T1,true,40,21,4,true,Learner misconfiguration,AG-107,Jonas Ahmed,false,
CASE-70185,ACC-1023,Sable Energy,Strategic,EMEA,Premier,2026-08-27,2026-08-28,Closed,How-To Question,Team Plan,Low,In-App Chat,false,T2,false,230,12.1,48,false,Expected behaviour,AG-109,Zara Chen,false,4
CASE-70186,ACC-1023,Sable Energy,Strategic,EMEA,Premier,2026-05-04,2026-05-04,Closed,How-To Question,Implementation Services,Low,In-App Chat,true,T3,false,173,6.3,48,false,Learner misconfiguration,AG-110,Ana Fischer,false,4
CASE-70187,ACC-1023,Sable Energy,Strategic,EMEA,Premier,2026-05-28,,In Progress,Billing / Seat Dispute,Academy Pro,Low,Email,false,T2,false,203,17.4,48,false,,AG-112,Yuki Marino,false,
CASE-70188,ACC-1023,Sable Energy,Strategic,EMEA,Premier,2026-05-17,2026-05-18,Closed,How-To Question,Certification Vouchers,Low,Email,true,T1,true,223,14.4,48,false,Content gap,AG-106,Omar Kovac,false,4
CASE-70189,ACC-1023,Sable Energy,Strategic,EMEA,Premier,2026-08-12,2026-08-13,Closed,Security / SSO,Enterprise Programme,High,Email,false,T1,false,65,15.2,4,true,Practice org expired,AG-106,Omar Kovac,false,
CASE-70190,ACC-1023,Sable Energy,Strategic,EMEA,Premier,2026-07-06,,New,Security / SSO,Certification Vouchers,Low,Slack Connect,false,T3,false,198,12.1,48,false,,AG-110,Ana Fischer,false,
CASE-70191,ACC-1023,Sable Energy,Strategic,EMEA,Premier,2026-09-18,2026-09-18,Resolved - Monitoring,How-To Question,Certification Vouchers,High,Email,true,T1,false,48,9.4,4,true,Product defect,AG-117,Yuki Shaw,false,4
CASE-70192,ACC-1023,Sable Energy,Strategic,EMEA,Premier,2026-08-24,2026-08-24,Closed,Bug,Academy Pro,Low,Slack Connect,false,T2,true,157,0.2,48,false,Practice org expired,AG-112,Yuki Marino,false,
CASE-70193,ACC-1023,Sable Energy,Strategic,EMEA,Premier,2026-08-30,2026-08-30,Resolved - Monitoring,How-To Question,Classroom Seat-Days,Medium,Email,false,T2,true,191,8.7,24,false,Product defect,AG-115,Felix Kapoor,false,4
CASE-70194,ACC-1023,Sable Energy,Strategic,EMEA,Premier,2026-08-20,2026-08-20,Closed,Billing / Seat Dispute,Certification Vouchers,Low,In-App Chat,false,T1,false,171,9.5,48,false,Learner misconfiguration,AG-100,Omar Berg,false,
CASE-70195,ACC-1023,Sable Energy,Strategic,EMEA,Premier,2026-07-18,2026-07-20,Closed,Bug,Enterprise Programme,Low,Email,false,T2,false,196,39.8,48,false,Voucher pool exhausted,AG-112,Yuki Marino,false,
CASE-70196,ACC-1023,Sable Energy,Strategic,EMEA,Premier,2026-07-07,2026-07-07,Closed,Platform Incident,Implementation Services,Critical,LMS Integration,false,T1,false,7,0.2,1,false,Content gap,AG-106,Omar Kovac,false,5
CASE-70197,ACC-1023,Sable Energy,Strategic,EMEA,Premier,2026-05-12,2026-05-13,Closed,Bug,Implementation Services,Medium,Email,false,T1,false,143,17.2,24,false,Expected behaviour,AG-106,Omar Kovac,false,
CASE-70198,ACC-1023,Sable Energy,Strategic,EMEA,Premier,2026-06-12,2026-06-14,Closed,Bug,Implementation Services,Low,Web Form,false,T2,false,196,43.8,48,false,SSO / identity,AG-103,Lena Brandt,false,
CASE-70199,ACC-1023,Sable Energy,Strategic,EMEA,Premier,2026-09-18,2026-09-18,Closed,Onboarding / Org Setup,Implementation Services,Medium,Web Form,false,T2,false,194,0.2,24,false,Seat limit reached,AG-102,Kwame Lindqvist,false,
CASE-70200,ACC-1023,Sable Energy,Strategic,EMEA,Premier,2026-05-08,2026-05-11,Closed,Content Request,Enterprise Programme,Medium,In-App Chat,false,T1,false,190,77.8,24,true,Expected behaviour,AG-100,Omar Berg,false,
CASE-70201,ACC-1023,Sable Energy,Strategic,EMEA,Premier,2026-05-08,2026-05-08,Closed,How-To Question,Implementation Services,Low,Email,true,T2,false,155,1.2,48,false,SSO / identity,AG-108,Kwame Iyer,false,
CASE-70202,ACC-1023,Sable Energy,Strategic,EMEA,Premier,2026-06-16,2026-06-19,Closed,Content Request,Academy Pro,Medium,Email,false,T2,true,155,73.2,24,true,Voucher pool exhausted,AG-102,Kwame Lindqvist,false,
CASE-70203,ACC-1023,Sable Energy,Strategic,EMEA,Premier,2026-06-09,2026-06-10,Closed,How-To Question,Enterprise Programme,Medium,In-App Chat,true,T2,false,202,20.7,24,false,Video / CDN failure,AG-115,Felix Kapoor,false,
CASE-70204,ACC-1023,Sable Energy,Strategic,EMEA,Premier,2026-05-10,2026-05-10,Closed,How-To Question,Certification Vouchers,Medium,LMS Integration,true,T2,false,142,7,24,false,Seat limit reached,AG-101,Sana Nair,false,
CASE-70205,ACC-1023,Sable Energy,Strategic,EMEA,Premier,2026-08-17,,In Progress,Onboarding / Org Setup,Enterprise Programme,Medium,Email,true,T1,false,228,25,24,false,,AG-113,Elena Moreno,false,
CASE-70206,ACC-1023,Sable Energy,Strategic,EMEA,Premier,2026-05-21,2026-05-26,Resolved - Monitoring,Content Request,Implementation Services,Medium,In-App Chat,false,T1,false,161,111.6,24,true,Expected behaviour,AG-111,Marcus Brandt,false,
CASE-70207,ACC-1023,Sable Energy,Strategic,EMEA,Premier,2026-08-30,2026-08-31,Closed,Onboarding / Org Setup,Team Plan,Medium,Web Form,false,T1,false,213,17.9,24,false,Content gap,AG-106,Omar Kovac,false,4
CASE-70208,ACC-1023,Sable Energy,Strategic,EMEA,Premier,2026-06-28,2026-06-29,Closed,Security / SSO,Academy Pro,Low,Email,false,T1,false,128,19.8,48,false,Content gap,AG-107,Jonas Ahmed,false,
CASE-70209,ACC-1023,Sable Energy,Strategic,EMEA,Premier,2026-06-25,2026-06-28,Closed,Content Request,Enterprise Programme,Medium,In-App Chat,false,T2,false,237,68.9,24,true,Learner misconfiguration,AG-108,Kwame Iyer,false,2
CASE-70210,ACC-1023,Sable Energy,Strategic,EMEA,Premier,2026-06-23,2026-06-23,Closed,Bug,Team Plan,Medium,Email,false,T1,false,209,10.1,24,false,Expected behaviour,AG-117,Yuki Shaw,false,
CASE-70211,ACC-1023,Sable Energy,Strategic,EMEA,Premier,2026-04-30,2026-05-01,Closed,Billing / Seat Dispute,Team Plan,Medium,Email,false,T2,false,206,17.6,24,false,Product defect,AG-108,Kwame Iyer,false,
CASE-70212,ACC-1023,Sable Energy,Strategic,EMEA,Premier,2026-08-29,2026-08-30,Closed,Onboarding / Org Setup,Enterprise Programme,Low,Phone,false,T2,true,209,25.4,48,false,Expected behaviour,AG-115,Felix Kapoor,false,
CASE-70213,ACC-1023,Sable Energy,Strategic,EMEA,Premier,2026-05-17,2026-05-17,Closed,How-To Question,Team Plan,Medium,In-App Chat,true,T3,false,232,10.6,24,false,Video / CDN failure,AG-110,Ana Fischer,false,
CASE-70214,ACC-1023,Sable Energy,Strategic,EMEA,Premier,2026-05-24,2026-05-28,Closed,Bug,Team Plan,Low,Web Form,false,T1,false,160,84.9,48,true,Practice org expired,AG-116,Tom Nair,false,
CASE-70215,ACC-1023,Sable Energy,Strategic,EMEA,Premier,2026-06-11,2026-06-11,Closed,Platform Incident,Enterprise Programme,High,Slack Connect,false,T2,true,108,4.5,4,false,Seat limit reached,AG-109,Zara Chen,false,
CASE-70216,ACC-1023,Sable Energy,Strategic,EMEA,Premier,2026-07-06,2026-07-07,Resolved - Monitoring,Billing / Seat Dispute,Academy Pro,Low,Web Form,false,T2,false,156,23.7,48,false,SSO / identity,AG-115,Felix Kapoor,false,4
CASE-70217,ACC-1023,Sable Energy,Strategic,EMEA,Premier,2026-09-13,2026-09-13,Closed,How-To Question,Implementation Services,High,Email,false,T3,true,60,7.7,4,true,Product defect,AG-110,Ana Fischer,false,1
CASE-70218,ACC-1023,Sable Energy,Strategic,EMEA,Premier,2026-07-27,2026-07-28,Closed,Bug,Classroom Seat-Days,Medium,Email,false,T2,false,130,25.8,24,false,Learner misconfiguration,AG-114,Priya Almeida,false,
CASE-70219,ACC-1023,Sable Energy,Strategic,EMEA,Premier,2026-07-28,2026-07-28,Closed,How-To Question,Classroom Seat-Days,Medium,Phone,true,T2,false,262,4.9,24,false,Product defect,AG-103,Lena Brandt,false,
CASE-70220,ACC-1023,Sable Energy,Strategic,EMEA,Premier,2026-04-29,2026-04-29,Resolved - Monitoring,Platform Incident,Enterprise Programme,Medium,Email,false,T3,false,242,11,24,false,Product defect,AG-110,Ana Fischer,false,5
CASE-70221,ACC-1023,Sable Energy,Strategic,EMEA,Premier,2026-07-01,2026-07-02,Closed,Onboarding / Org Setup,Enterprise Programme,Medium,Web Form,false,T1,false,155,17.2,24,false,SSO / identity,AG-116,Tom Nair,false,
CASE-70222,ACC-1023,Sable Energy,Strategic,EMEA,Premier,2026-09-22,2026-09-23,Closed,How-To Question,Classroom Seat-Days,High,Email,true,T1,true,2,16.7,4,true,Learner misconfiguration,AG-107,Jonas Ahmed,false,
CASE-70223,ACC-1023,Sable Energy,Strategic,EMEA,Premier,2026-06-15,2026-06-15,Closed,How-To Question,Academy Pro,Medium,Slack Connect,false,T1,true,185,6.6,24,false,SSO / identity,AG-117,Yuki Shaw,false,5
CASE-70224,ACC-1023,Sable Energy,Strategic,EMEA,Premier,2026-07-26,2026-07-26,Closed,How-To Question,Academy Pro,Medium,Web Form,true,T1,false,198,7.6,24,false,Learner misconfiguration,AG-105,Clara Iyer,false,
CASE-70225,ACC-1023,Sable Energy,Strategic,EMEA,Premier,2026-08-19,2026-08-20,Closed,Bug,Team Plan,Low,Phone,false,T1,false,148,35.3,48,false,Practice org expired,AG-116,Tom Nair,false,5
CASE-70226,ACC-1023,Sable Energy,Strategic,EMEA,Premier,2026-09-02,2026-09-03,Closed,Billing / Seat Dispute,Implementation Services,Medium,Web Form,false,T2,false,262,18.8,24,false,Content gap,AG-103,Lena Brandt,false,5
CASE-70227,ACC-1023,Sable Energy,Strategic,EMEA,Premier,2026-04-24,2026-04-25,Closed,Security / SSO,Certification Vouchers,High,Web Form,false,T2,false,2,28.1,4,true,Content gap,AG-102,Kwame Lindqvist,false,
CASE-70228,ACC-1023,Sable Energy,Strategic,EMEA,Premier,2026-06-22,2026-06-23,Closed,Bug,Enterprise Programme,High,Slack Connect,false,T2,false,73,33.5,4,true,Voucher pool exhausted,AG-101,Sana Nair,false,4
CASE-70229,ACC-1023,Sable Energy,Strategic,EMEA,Premier,2026-07-06,2026-07-06,Closed,Onboarding / Org Setup,Team Plan,Medium,Web Form,true,T1,true,206,3.8,24,false,Voucher pool exhausted,AG-113,Elena Moreno,false,4
CASE-70230,ACC-1023,Sable Energy,Strategic,EMEA,Premier,2026-08-14,2026-08-16,Closed,Content Request,Academy Pro,Low,Slack Connect,false,T1,false,141,53.7,48,false,Product defect,AG-105,Clara Iyer,false,
CASE-70231,ACC-1023,Sable Energy,Strategic,EMEA,Premier,2026-09-23,2026-09-23,Closed,Platform Incident,Certification Vouchers,Critical,Phone,false,T1,false,84,7.1,1,true,Product defect,AG-106,Omar Kovac,false,3
CASE-70232,ACC-1023,Sable Energy,Strategic,EMEA,Premier,2026-05-25,2026-05-26,Resolved - Monitoring,Billing / Seat Dispute,Academy Pro,Medium,In-App Chat,false,T2,false,165,13.7,24,false,Video / CDN failure,AG-109,Zara Chen,false,
CASE-70233,ACC-1023,Sable Energy,Strategic,EMEA,Premier,2026-06-25,2026-06-26,Closed,How-To Question,Certification Vouchers,Medium,Web Form,false,T1,false,111,13.1,24,false,Expected behaviour,AG-107,Jonas Ahmed,false,
CASE-70234,ACC-1023,Sable Energy,Strategic,EMEA,Premier,2026-07-20,2026-07-20,Closed,How-To Question,Enterprise Programme,Medium,Email,false,T2,false,157,10.8,24,false,Voucher pool exhausted,AG-103,Lena Brandt,false,
CASE-70235,ACC-1023,Sable Energy,Strategic,EMEA,Premier,2026-09-05,2026-09-07,Resolved - Monitoring,Bug,Certification Vouchers,Medium,Email,false,T2,false,105,44.3,24,true,Practice org expired,AG-115,Felix Kapoor,false,
CASE-70236,ACC-1023,Sable Energy,Strategic,EMEA,Premier,2026-09-11,2026-09-13,Closed,Bug,Implementation Services,High,In-App Chat,false,T1,false,122,39.6,4,true,Seat limit reached,AG-113,Elena Moreno,false,3
CASE-70237,ACC-1023,Sable Energy,Strategic,EMEA,Premier,2026-04-27,2026-04-28,Closed,Billing / Seat Dispute,Team Plan,Low,Email,false,T2,false,156,16.5,48,false,Seat limit reached,AG-115,Felix Kapoor,false,
CASE-70238,ACC-1023,Sable Energy,Strategic,EMEA,Premier,2026-05-26,2026-05-26,Closed,How-To Question,Enterprise Programme,High,Email,true,T3,false,68,5.9,4,true,Product defect,AG-110,Ana Fischer,false,2
CASE-70239,ACC-1023,Sable Energy,Strategic,EMEA,Premier,2026-09-19,2026-09-19,Closed,Onboarding / Org Setup,Academy Pro,Medium,Web Form,false,T1,false,182,11.1,24,false,Seat limit reached,AG-113,Elena Moreno,false,4
CASE-70240,ACC-1023,Sable Energy,Strategic,EMEA,Premier,2026-06-29,2026-06-30,Closed,Billing / Seat Dispute,Certification Vouchers,Medium,In-App Chat,false,T1,false,165,19.4,24,false,Expected behaviour,AG-113,Elena Moreno,false,
CASE-70241,ACC-1023,Sable Energy,Strategic,EMEA,Premier,2026-08-08,2026-08-09,Closed,Billing / Seat Dispute,Implementation Services,Low,LMS Integration,false,T2,false,161,12.1,48,false,Video / CDN failure,AG-109,Zara Chen,false,4
CASE-70242,ACC-1023,Sable Energy,Strategic,EMEA,Premier,2026-05-06,2026-05-06,Closed,Platform Incident,Enterprise Programme,Critical,Email,false,T2,false,86,3.4,1,true,Voucher pool exhausted,AG-102,Kwame Lindqvist,false,3
CASE-70243,ACC-1023,Sable Energy,Strategic,EMEA,Premier,2026-06-20,2026-06-20,Closed,How-To Question,Academy Pro,Medium,In-App Chat,true,T2,false,195,8.5,24,false,Product defect,AG-115,Felix Kapoor,false,
CASE-70244,ACC-1023,Sable Energy,Strategic,EMEA,Premier,2026-08-29,2026-08-30,Closed,Onboarding / Org Setup,Classroom Seat-Days,Medium,In-App Chat,false,T2,false,203,16.2,24,false,Seat limit reached,AG-115,Felix Kapoor,false,
CASE-70245,ACC-1023,Sable Energy,Strategic,EMEA,Premier,2026-07-22,2026-07-23,Closed,Bug,Academy Pro,High,Web Form,false,T2,false,19,21.4,4,true,Expected behaviour,AG-108,Kwame Iyer,false,3
CASE-70246,ACC-1023,Sable Energy,Strategic,EMEA,Premier,2026-05-24,2026-05-24,Closed,How-To Question,Academy Pro,Medium,Phone,true,T2,false,155,6.2,24,false,Seat limit reached,AG-114,Priya Almeida,false,
CASE-70247,ACC-1023,Sable Energy,Strategic,EMEA,Premier,2026-05-19,2026-05-22,Closed,Content Request,Classroom Seat-Days,Low,Slack Connect,false,T1,false,138,63.4,48,false,Voucher pool exhausted,AG-106,Omar Kovac,false,
CASE-70248,ACC-1023,Sable Energy,Strategic,EMEA,Premier,2026-06-16,2026-06-18,Resolved - Monitoring,Bug,Implementation Services,Low,Web Form,false,T1,true,206,43.7,48,false,Voucher pool exhausted,AG-116,Tom Nair,false,4
CASE-70249,ACC-1023,Sable Energy,Strategic,EMEA,Premier,2026-05-15,2026-05-18,Closed,Bug,Certification Vouchers,High,Web Form,false,T1,false,33,63.8,4,true,Video / CDN failure,AG-117,Yuki Shaw,false,2
CASE-70250,ACC-1023,Sable Energy,Strategic,EMEA,Premier,2026-08-29,,Waiting on Customer,Bug,Certification Vouchers,Low,Email,true,T1,false,214,43.4,48,false,,AG-100,Omar Berg,false,
CASE-70251,ACC-1023,Sable Energy,Strategic,EMEA,Premier,2026-06-09,2026-06-09,Closed,Billing / Seat Dispute,Enterprise Programme,Medium,Phone,false,T1,false,222,0.5,24,false,Video / CDN failure,AG-100,Omar Berg,false,4
CASE-70252,ACC-1023,Sable Energy,Strategic,EMEA,Premier,2026-06-22,2026-06-22,Closed,How-To Question,Enterprise Programme,High,Email,false,T1,false,2,9.3,4,true,Product defect,AG-107,Jonas Ahmed,false,2
CASE-70253,ACC-1023,Sable Energy,Strategic,EMEA,Premier,2026-07-10,2026-07-14,Closed,Content Request,Enterprise Programme,High,Email,false,T1,true,64,98.2,4,true,Video / CDN failure,AG-117,Yuki Shaw,false,
CASE-70254,ACC-1024,Dovetail Health,SMB,EMEA,Standard,2026-06-04,,In Progress,How-To Question,Enterprise Programme,Medium,Email,true,T2,false,188,15.6,24,false,,AG-108,Kwame Iyer,false,
CASE-70255,ACC-1024,Dovetail Health,SMB,EMEA,Standard,2026-04-28,2026-04-28,Resolved - Monitoring,Bug,Certification Vouchers,Medium,Email,false,T1,false,152,9.9,24,false,Practice org expired,AG-106,Omar Kovac,false,
CASE-70256,ACC-1024,Dovetail Health,SMB,EMEA,Standard,2025-03-19,2025-03-19,Closed,How-To Question,Academy Pro,Medium,In-App Chat,false,T2,false,196,6.3,24,false,Learner misconfiguration,AG-102,Kwame Lindqvist,false,4
CASE-70257,ACC-1024,Dovetail Health,SMB,EMEA,Standard,2026-04-30,2026-05-01,Closed,Onboarding / Org Setup,Enterprise Programme,Medium,Email,false,T3,false,200,28.3,24,true,Content gap,AG-104,Jonas Diallo,false,
CASE-70258,ACC-1024,Dovetail Health,SMB,EMEA,Standard,2026-08-12,2026-08-13,Closed,How-To Question,Classroom Seat-Days,High,LMS Integration,true,T1,false,74,14.3,4,true,Expected behaviour,AG-105,Clara Iyer,false,1
CASE-70259,ACC-1024,Dovetail Health,SMB,EMEA,Standard,2026-08-14,2026-08-14,Closed,Billing / Seat Dispute,Team Plan,Medium,In-App Chat,false,T2,false,205,1.7,24,false,Voucher pool exhausted,AG-109,Zara Chen,false,
CASE-70260,ACC-1024,Dovetail Health,SMB,EMEA,Standard,2026-04-02,2026-04-02,Closed,How-To Question,Academy Pro,Medium,In-App Chat,true,T1,false,243,5.6,24,false,Video / CDN failure,AG-116,Tom Nair,false,
CASE-70261,ACC-1024,Dovetail Health,SMB,EMEA,Standard,2025-05-21,2025-05-21,Closed,Platform Incident,Academy Pro,Critical,Email,true,T2,false,24,3.5,1,true,Content gap,AG-114,Priya Almeida,false,3
CASE-70262,ACC-1026,Orbital Health,SMB,APAC,Standard,2026-07-10,2026-07-10,Closed,Platform Incident,Classroom Seat-Days,Critical,In-App Chat,false,T3,false,7,0.2,1,false,Practice org expired,AG-110,Ana Fischer,false,5
CASE-70263,ACC-1026,Orbital Health,SMB,APAC,Standard,2026-08-21,,New,Content Request,Classroom Seat-Days,Low,Web Form,false,T3,false,250,164.6,48,true,,AG-104,Jonas Diallo,false,
CASE-70264,ACC-1026,Orbital Health,SMB,APAC,Standard,2026-07-04,2026-07-06,Closed,Bug,Team Plan,Medium,Web Form,false,T1,false,196,44.5,24,true,Learner misconfiguration,AG-100,Omar Berg,false,
CASE-70265,ACC-1026,Orbital Health,SMB,APAC,Standard,2026-07-18,2026-07-20,Closed,Onboarding / Org Setup,Team Plan,Medium,Slack Connect,false,T1,false,213,44.1,24,true,Voucher pool exhausted,AG-106,Omar Kovac,false,
CASE-70266,ACC-1026,Orbital Health,SMB,APAC,Standard,2026-09-11,2026-09-12,Closed,Bug,Academy Pro,Medium,LMS Integration,false,T2,false,187,35,24,true,Practice org expired,AG-103,Lena Brandt,false,
CASE-70267,ACC-1026,Orbital Health,SMB,APAC,Standard,2026-09-05,2026-09-08,Closed,Content Request,Certification Vouchers,Medium,In-App Chat,false,T3,false,163,76.1,24,true,Expected behaviour,AG-110,Ana Fischer,false,2
CASE-70268,ACC-1026,Orbital Health,SMB,APAC,Standard,2026-07-26,2026-07-26,Closed,How-To Question,Team Plan,Medium,Slack Connect,true,T1,false,219,10.5,24,false,Expected behaviour,AG-100,Omar Berg,false,
CASE-70269,ACC-1026,Orbital Health,SMB,APAC,Standard,2026-08-19,2026-08-20,Closed,Billing / Seat Dispute,Academy Pro,Medium,Web Form,false,T1,false,180,18.6,24,false,Seat limit reached,AG-116,Tom Nair,false,
CASE-70270,ACC-1026,Orbital Health,SMB,APAC,Standard,2026-08-08,2026-08-12,Closed,Content Request,Enterprise Programme,Low,Web Form,false,T2,false,187,102.8,48,true,Voucher pool exhausted,AG-114,Priya Almeida,false,
CASE-70271,ACC-1026,Orbital Health,SMB,APAC,Standard,2026-09-10,2026-09-11,Closed,Onboarding / Org Setup,Classroom Seat-Days,Medium,Web Form,true,T1,false,188,15.2,24,false,Video / CDN failure,AG-107,Jonas Ahmed,false,
CASE-70272,ACC-1026,Orbital Health,SMB,APAC,Standard,2026-06-23,2026-06-24,Resolved - Monitoring,Billing / Seat Dispute,Enterprise Programme,Low,In-App Chat,false,T1,false,143,30.2,48,false,Voucher pool exhausted,AG-100,Omar Berg,false,
CASE-70273,ACC-1027,Quanta Digital,Enterprise,EMEA,Business,2025-02-28,2025-03-03,Closed,Bug,Classroom Seat-Days,Low,In-App Chat,false,T2,false,147,69.2,48,true,Content gap,AG-102,Kwame Lindqvist,false,4
CASE-70274,ACC-1027,Quanta Digital,Enterprise,EMEA,Business,2025-12-13,2025-12-14,Closed,Bug,Enterprise Programme,Medium,Web Form,false,T2,true,207,15.2,24,false,Seat limit reached,AG-115,Felix Kapoor,false,5
CASE-70275,ACC-1027,Quanta Digital,Enterprise,EMEA,Business,2025-03-27,2025-03-27,Closed,How-To Question,Certification Vouchers,Medium,Email,false,T3,false,273,4.5,24,false,SSO / identity,AG-104,Jonas Diallo,false,
CASE-70276,ACC-1027,Quanta Digital,Enterprise,EMEA,Business,2024-12-11,2024-12-13,Closed,Security / SSO,Academy Pro,Medium,In-App Chat,true,T1,false,221,57.5,24,true,Voucher pool exhausted,AG-107,Jonas Ahmed,false,3
CASE-70277,ACC-1027,Quanta Digital,Enterprise,EMEA,Business,2025-12-08,2025-12-08,Closed,How-To Question,Certification Vouchers,High,Email,true,T1,false,136,4,4,true,Voucher pool exhausted,AG-116,Tom Nair,false,
CASE-70278,ACC-1027,Quanta Digital,Enterprise,EMEA,Business,2026-06-10,2026-06-10,Resolved - Monitoring,How-To Question,Implementation Services,Medium,Email,true,T1,false,198,4.9,24,false,Content gap,AG-100,Omar Berg,false,
CASE-70279,ACC-1027,Quanta Digital,Enterprise,EMEA,Business,2026-04-25,2026-04-25,Resolved - Monitoring,How-To Question,Enterprise Programme,High,Slack Connect,true,T2,false,60,3,4,false,Practice org expired,AG-103,Lena Brandt,false,
CASE-70280,ACC-1027,Quanta Digital,Enterprise,EMEA,Business,2026-07-07,2026-07-08,Closed,Onboarding / Org Setup,Implementation Services,Medium,Email,false,T2,false,129,32.3,24,true,Product defect,AG-108,Kwame Iyer,false,
CASE-70281,ACC-1027,Quanta Digital,Enterprise,EMEA,Business,2025-07-21,2025-07-22,Closed,Billing / Seat Dispute,Academy Pro,Low,Phone,false,T1,false,172,14.4,48,false,Voucher pool exhausted,AG-113,Elena Moreno,false,4
CASE-70282,ACC-1027,Quanta Digital,Enterprise,EMEA,Business,2025-07-29,,Waiting on Customer,How-To Question,Implementation Services,Medium,Email,true,T1,false,187,11.3,24,false,,AG-111,Marcus Brandt,false,
CASE-70283,ACC-1027,Quanta Digital,Enterprise,EMEA,Business,2024-12-23,2024-12-24,Closed,Security / SSO,Academy Pro,Medium,Web Form,false,T2,false,78,33.9,24,true,Seat limit reached,AG-103,Lena Brandt,false,3
CASE-70284,ACC-1027,Quanta Digital,Enterprise,EMEA,Business,2025-03-19,2025-03-22,Closed,Security / SSO,Classroom Seat-Days,Medium,LMS Integration,false,T1,false,123,62.4,24,true,Seat limit reached,AG-105,Clara Iyer,false,
CASE-70285,ACC-1027,Quanta Digital,Enterprise,EMEA,Business,2024-12-10,2024-12-10,Closed,How-To Question,Classroom Seat-Days,Low,Email,true,T1,false,138,8.2,48,false,Learner misconfiguration,AG-107,Jonas Ahmed,false,
CASE-70286,ACC-1027,Quanta Digital,Enterprise,EMEA,Business,2025-02-11,2025-02-11,Closed,Bug,Certification Vouchers,Medium,LMS Integration,false,T1,false,174,0.2,24,false,Content gap,AG-117,Yuki Shaw,false,
CASE-70287,ACC-1027,Quanta Digital,Enterprise,EMEA,Business,2026-05-18,2026-05-20,Closed,Bug,Academy Pro,Medium,Slack Connect,false,T1,false,201,40.5,24,true,Learner misconfiguration,AG-107,Jonas Ahmed,false,
CASE-70288,ACC-1027,Quanta Digital,Enterprise,EMEA,Business,2025-06-15,2025-06-16,Closed,Onboarding / Org Setup,Classroom Seat-Days,Medium,Web Form,false,T3,false,220,17.1,24,false,Seat limit reached,AG-104,Jonas Diallo,false,5
CASE-70289,ACC-1027,Quanta Digital,Enterprise,EMEA,Business,2025-01-27,2025-01-28,Closed,Onboarding / Org Setup,Team Plan,Medium,Email,false,T2,false,243,27.7,24,true,Content gap,AG-102,Kwame Lindqvist,false,
CASE-70290,ACC-1027,Quanta Digital,Enterprise,EMEA,Business,2026-04-04,2026-04-04,Resolved - Monitoring,How-To Question,Classroom Seat-Days,Medium,Web Form,true,T1,true,253,10.1,24,false,Expected behaviour,AG-100,Omar Berg,false,
CASE-70291,ACC-1027,Quanta Digital,Enterprise,EMEA,Business,2025-06-09,2025-06-09,Closed,Platform Incident,Enterprise Programme,High,In-App Chat,false,T2,false,42,7,4,true,Voucher pool exhausted,AG-115,Felix Kapoor,false,
CASE-70292,ACC-1027,Quanta Digital,Enterprise,EMEA,Business,2024-11-24,2024-11-24,Closed,How-To Question,Certification Vouchers,Low,Phone,false,T3,false,85,7.2,48,false,SSO / identity,AG-104,Jonas Diallo,false,
CASE-70293,ACC-1027,Quanta Digital,Enterprise,EMEA,Business,2025-05-30,2025-06-01,Closed,Security / SSO,Enterprise Programme,Medium,Web Form,false,T2,false,166,46.7,24,true,Product defect,AG-101,Sana Nair,false,3
CASE-70294,ACC-1027,Quanta Digital,Enterprise,EMEA,Business,2025-04-25,2025-04-27,Closed,Bug,Classroom Seat-Days,Medium,Email,false,T1,true,175,49.6,24,true,Expected behaviour,AG-113,Elena Moreno,false,3
CASE-70295,ACC-1027,Quanta Digital,Enterprise,EMEA,Business,2026-01-15,,In Progress,How-To Question,Certification Vouchers,Low,Web Form,true,T2,false,215,7.8,48,false,,AG-102,Kwame Lindqvist,false,
CASE-70296,ACC-1027,Quanta Digital,Enterprise,EMEA,Business,2026-09-07,2026-09-13,Closed,Content Request,Academy Pro,Medium,LMS Integration,false,T1,false,165,134.9,24,true,Expected behaviour,AG-100,Omar Berg,false,
CASE-70297,ACC-1027,Quanta Digital,Enterprise,EMEA,Business,2026-03-18,2026-03-19,Closed,Billing / Seat Dispute,Team Plan,Medium,Email,false,T2,false,189,17.5,24,false,Voucher pool exhausted,AG-115,Felix Kapoor,false,
CASE-70298,ACC-1027,Quanta Digital,Enterprise,EMEA,Business,2025-08-31,2025-08-31,Resolved - Monitoring,How-To Question,Enterprise Programme,Low,Email,true,T1,false,231,10.1,48,false,Practice org expired,AG-113,Elena Moreno,false,
CASE-70299,ACC-1027,Quanta Digital,Enterprise,EMEA,Business,2026-09-17,2026-09-17,Closed,Platform Incident,Team Plan,High,Web Form,false,T3,false,2,9.5,4,true,Content gap,AG-104,Jonas Diallo,false,
CASE-70300,ACC-1027,Quanta Digital,Enterprise,EMEA,Business,2024-11-28,2024-11-28,Closed,Platform Incident,Certification Vouchers,High,In-App Chat,false,T1,false,2,10.5,4,true,Seat limit reached,AG-117,Yuki Shaw,false,
CASE-70301,ACC-1027,Quanta Digital,Enterprise,EMEA,Business,2025-11-06,2025-11-06,Closed,Onboarding / Org Setup,Classroom Seat-Days,High,Phone,false,T1,false,2,7.3,4,true,Seat limit reached,AG-117,Yuki Shaw,false,
CASE-70302,ACC-1027,Quanta Digital,Enterprise,EMEA,Business,2026-08-06,2026-08-07,Closed,How-To Question,Certification Vouchers,Medium,Phone,false,T2,false,156,14.5,24,false,Video / CDN failure,AG-114,Priya Almeida,false,
CASE-70303,ACC-1027,Quanta Digital,Enterprise,EMEA,Business,2025-01-04,2025-01-06,Closed,Bug,Academy Pro,High,Email,false,T2,false,122,43.9,4,true,Product defect,AG-109,Zara Chen,false,
CASE-70304,ACC-1027,Quanta Digital,Enterprise,EMEA,Business,2025-04-30,2025-05-03,Closed,Content Request,Academy Pro,Medium,Web Form,false,T1,false,197,78,24,true,Expected behaviour,AG-113,Elena Moreno,false,
CASE-70305,ACC-1027,Quanta Digital,Enterprise,EMEA,Business,2026-07-31,2026-07-31,Closed,Platform Incident,Enterprise Programme,Critical,In-App Chat,false,T1,false,2,0.2,1,false,Voucher pool exhausted,AG-113,Elena Moreno,false,
CASE-70306,ACC-1027,Quanta Digital,Enterprise,EMEA,Business,2025-07-01,2025-07-02,Closed,Onboarding / Org Setup,Team Plan,Low,In-App Chat,true,T2,false,167,19.7,48,false,Seat limit reached,AG-108,Kwame Iyer,false,
CASE-70307,ACC-1027,Quanta Digital,Enterprise,EMEA,Business,2026-07-10,2026-07-11,Closed,Onboarding / Org Setup,Team Plan,Medium,Email,false,T1,true,193,21.2,24,false,SSO / identity,AG-107,Jonas Ahmed,false,4
CASE-70308,ACC-1028,Tundra Care,Mid-Market,EMEA,Standard,2026-08-21,2026-08-21,Closed,Platform Incident,Certification Vouchers,Critical,Email,false,T2,false,43,10,1,true,SSO / identity,AG-108,Kwame Iyer,false,
CASE-70309,ACC-1028,Tundra Care,Mid-Market,EMEA,Standard,2026-07-30,2026-07-30,Closed,Billing / Seat Dispute,Certification Vouchers,High,Web Form,true,T1,false,32,5.4,4,true,Seat limit reached,AG-105,Clara Iyer,false,
CASE-70310,ACC-1028,Tundra Care,Mid-Market,EMEA,Standard,2026-07-21,,In Progress,Content Request,Academy Pro,Low,Email,false,T1,false,258,109,48,true,,AG-116,Tom Nair,false,
CASE-70311,ACC-1028,Tundra Care,Mid-Market,EMEA,Standard,2026-05-11,2026-05-11,Closed,Bug,Academy Pro,Low,Email,false,T2,false,127,0.2,48,false,SSO / identity,AG-114,Priya Almeida,false,
CASE-70312,ACC-1028,Tundra Care,Mid-Market,EMEA,Standard,2025-08-21,2025-08-21,Closed,How-To Question,Team Plan,Medium,LMS Integration,true,T1,false,211,3.9,24,false,Video / CDN failure,AG-113,Elena Moreno,false,
CASE-70313,ACC-1028,Tundra Care,Mid-Market,EMEA,Standard,2026-06-29,2026-06-30,Closed,How-To Question,Enterprise Programme,Medium,Email,true,T3,true,186,13.5,24,false,Video / CDN failure,AG-104,Jonas Diallo,false,
CASE-70314,ACC-1028,Tundra Care,Mid-Market,EMEA,Standard,2026-01-22,2026-01-23,Closed,Bug,Academy Pro,Low,In-App Chat,false,T3,false,194,20.8,48,false,Content gap,AG-104,Jonas Diallo,false,
CASE-70315,ACC-1028,Tundra Care,Mid-Market,EMEA,Standard,2025-06-18,2025-06-18,Closed,Billing / Seat Dispute,Implementation Services,High,Email,false,T1,false,7,11.2,4,true,SSO / identity,AG-105,Clara Iyer,false,
CASE-70316,ACC-1028,Tundra Care,Mid-Market,EMEA,Standard,2026-01-28,2026-01-29,Closed,Bug,Certification Vouchers,Medium,Phone,false,T1,false,90,29.2,24,true,Content gap,AG-107,Jonas Ahmed,false,
CASE-70317,ACC-1028,Tundra Care,Mid-Market,EMEA,Standard,2026-05-17,2026-05-18,Closed,Onboarding / Org Setup,Team Plan,Medium,Email,false,T3,false,213,13,24,false,Seat limit reached,AG-110,Ana Fischer,false,3
CASE-70318,ACC-1028,Tundra Care,Mid-Market,EMEA,Standard,2025-05-12,2025-05-12,Closed,Platform Incident,Enterprise Programme,High,LMS Integration,false,T1,false,2,4.4,4,true,Practice org expired,AG-107,Jonas Ahmed,false,2
CASE-70319,ACC-1030,Cobalt Works,Self-Serve,APAC,Community,2026-01-28,2026-01-28,Closed,Platform Incident,Implementation Services,Critical,Web Form,false,T1,false,2,1.9,1,true,Expected behaviour,AG-116,Tom Nair,false,
CASE-70320,ACC-1030,Cobalt Works,Self-Serve,APAC,Community,2026-06-08,2026-06-10,Closed,Bug,Classroom Seat-Days,High,Email,false,T1,false,70,38.2,4,true,Content gap,AG-117,Yuki Shaw,false,1
CASE-70321,ACC-1030,Cobalt Works,Self-Serve,APAC,Community,2025-10-14,2025-10-14,Closed,Platform Incident,Implementation Services,Medium,Email,false,T2,false,218,3.4,24,false,Voucher pool exhausted,AG-102,Kwame Lindqvist,false,
CASE-70322,ACC-1031,Cobalt Telecom,SMB,AMER,Standard,2026-03-11,2026-03-13,Closed,Security / SSO,Academy Pro,Low,Web Form,false,T1,false,188,48.9,48,true,Learner misconfiguration,AG-106,Omar Kovac,false,
CASE-70323,ACC-1031,Cobalt Telecom,SMB,AMER,Standard,2025-03-04,2025-03-05,Resolved - Monitoring,Bug,Classroom Seat-Days,Low,Email,false,T2,false,203,21,48,false,Video / CDN failure,AG-101,Sana Nair,false,
CASE-70324,ACC-1031,Cobalt Telecom,SMB,AMER,Standard,2025-04-09,,New,Bug,Academy Pro,High,In-App Chat,false,T1,false,67,28.7,4,true,,AG-105,Clara Iyer,false,
CASE-70325,ACC-1031,Cobalt Telecom,SMB,AMER,Standard,2024-12-19,2024-12-22,Closed,Content Request,Academy Pro,High,Email,false,T2,false,94,60.8,4,true,Seat limit reached,AG-115,Felix Kapoor,false,
CASE-70326,ACC-1031,Cobalt Telecom,SMB,AMER,Standard,2025-06-07,2025-06-07,Closed,Billing / Seat Dispute,Team Plan,Medium,Web Form,false,T2,false,154,8.4,24,false,Product defect,AG-101,Sana Nair,false,3
CASE-70327,ACC-1032,Tundra Insurance,Self-Serve,EMEA,Community,2026-04-21,2026-04-22,Closed,Security / SSO,Enterprise Programme,Low,Web Form,false,T2,false,187,29.6,48,false,Seat limit reached,AG-114,Priya Almeida,true,5
CASE-70328,ACC-1032,Tundra Insurance,Self-Serve,EMEA,Community,2026-07-15,2026-07-15,Closed,How-To Question,Certification Vouchers,Medium,Web Form,false,T1,false,249,11.3,24,false,Video / CDN failure,AG-116,Tom Nair,true,4
CASE-70329,ACC-1032,Tundra Insurance,Self-Serve,EMEA,Community,2026-07-07,2026-07-10,Closed,Security / SSO,Enterprise Programme,Low,Web Form,false,T1,false,304,76.4,48,true,Practice org expired,AG-113,Elena Moreno,true,3
CASE-70330,ACC-1032,Tundra Insurance,Self-Serve,EMEA,Community,2026-07-21,,New,Bug,Academy Pro,High,Web Form,true,T1,false,7,65.1,4,true,,AG-116,Tom Nair,true,
CASE-70331,ACC-1034,Sable Bank,Mid-Market,EMEA,Standard,2026-01-01,2026-01-01,Closed,How-To Question,Enterprise Programme,High,LMS Integration,false,T1,false,74,5.6,4,true,Practice org expired,AG-107,Jonas Ahmed,false,
CASE-70332,ACC-1034,Sable Bank,Mid-Market,EMEA,Standard,2026-06-30,2026-07-04,Closed,Content Request,Classroom Seat-Days,Low,Slack Connect,false,T1,false,223,105.7,48,true,Product defect,AG-117,Yuki Shaw,false,
CASE-70333,ACC-1034,Sable Bank,Mid-Market,EMEA,Standard,2026-02-22,2026-02-22,Closed,How-To Question,Team Plan,Low,Email,false,T1,false,204,6.5,48,false,SSO / identity,AG-106,Omar Kovac,false,
CASE-70334,ACC-1034,Sable Bank,Mid-Market,EMEA,Standard,2026-03-27,,New,Platform Incident,Academy Pro,Medium,Email,false,T2,false,219,8.6,24,false,,AG-109,Zara Chen,false,
CASE-70335,ACC-1034,Sable Bank,Mid-Market,EMEA,Standard,2026-03-19,2026-03-20,Closed,Onboarding / Org Setup,Classroom Seat-Days,Medium,Web Form,false,T2,false,165,12.4,24,false,Learner misconfiguration,AG-115,Felix Kapoor,false,
CASE-70336,ACC-1035,Sable Digital,SMB,EMEA,Standard,2026-08-29,2026-08-31,Closed,Content Request,Implementation Services,Medium,Web Form,false,T1,false,136,54.2,24,true,Video / CDN failure,AG-111,Marcus Brandt,false,
CASE-70337,ACC-1035,Sable Digital,SMB,EMEA,Standard,2026-05-16,2026-05-16,Closed,How-To Question,Team Plan,Medium,Email,true,T1,false,116,10.9,24,false,Video / CDN failure,AG-105,Clara Iyer,false,
CASE-70338,ACC-1035,Sable Digital,SMB,EMEA,Standard,2025-05-03,,In Progress,Content Request,Enterprise Programme,Low,LMS Integration,false,T3,false,239,5.4,48,false,,AG-104,Jonas Diallo,false,
CASE-70339,ACC-1035,Sable Digital,SMB,EMEA,Standard,2026-04-29,2026-05-01,Closed,Bug,Classroom Seat-Days,Medium,Slack Connect,false,T2,false,233,39.1,24,true,Expected behaviour,AG-103,Lena Brandt,false,
CASE-70340,ACC-1035,Sable Digital,SMB,EMEA,Standard,2026-04-19,2026-04-21,Closed,Content Request,Academy Pro,Medium,Web Form,false,T3,false,228,51,24,true,Product defect,AG-110,Ana Fischer,false,
CASE-70341,ACC-1035,Sable Digital,SMB,EMEA,Standard,2026-07-08,,In Progress,Billing / Seat Dispute,Implementation Services,Low,In-App Chat,false,T2,false,137,4,48,false,,AG-102,Kwame Lindqvist,false,
CASE-70342,ACC-1035,Sable Digital,SMB,EMEA,Standard,2026-06-11,2026-06-11,Closed,Platform Incident,Enterprise Programme,High,In-App Chat,false,T2,false,25,6.3,4,true,Content gap,AG-103,Lena Brandt,false,
CASE-70343,ACC-1036,Tundra Media,Self-Serve,EMEA,Community,2026-09-21,2026-09-21,Closed,How-To Question,Academy Pro,High,In-App Chat,true,T1,false,76,11.8,4,true,Seat limit reached,AG-117,Yuki Shaw,true,
CASE-70344,ACC-1036,Tundra Media,Self-Serve,EMEA,Community,2026-07-26,2026-07-26,Closed,How-To Question,Implementation Services,Medium,In-App Chat,false,T1,true,180,2.3,24,false,SSO / identity,AG-116,Tom Nair,false,
CASE-70345,ACC-1036,Tundra Media,Self-Serve,EMEA,Community,2026-08-31,2026-09-01,Closed,Bug,Classroom Seat-Days,High,LMS Integration,false,T1,false,89,31.2,4,true,Voucher pool exhausted,AG-117,Yuki Shaw,true,
CASE-70346,ACC-1037,Sable Insurance,Self-Serve,AMER,Community,2026-07-09,2026-07-09,Closed,Platform Incident,Enterprise Programme,Medium,Phone,false,T1,false,265,6.5,24,false,Seat limit reached,AG-106,Omar Kovac,false,
CASE-70347,ACC-1037,Sable Insurance,Self-Serve,AMER,Community,2026-05-04,2026-05-05,Closed,Onboarding / Org Setup,Enterprise Programme,High,Web Form,false,T3,false,45,26.7,4,true,SSO / identity,AG-110,Ana Fischer,false,
CASE-70348,ACC-1037,Sable Insurance,Self-Serve,AMER,Community,2026-08-10,2026-08-10,Closed,Platform Incident,Classroom Seat-Days,High,LMS Integration,false,T2,false,94,6.3,4,true,Expected behaviour,AG-114,Priya Almeida,false,
CASE-70349,ACC-1037,Sable Insurance,Self-Serve,AMER,Community,2026-08-08,2026-08-09,Closed,Billing / Seat Dispute,Team Plan,Medium,Email,false,T2,false,199,30.5,24,true,Content gap,AG-108,Kwame Iyer,false,1
CASE-70350,ACC-1038,Kestrel Health,Mid-Market,EMEA,Standard,2025-05-22,2025-05-22,Closed,Platform Incident,Team Plan,Critical,Web Form,false,T1,false,2,4.9,1,true,Video / CDN failure,AG-105,Clara Iyer,false,
CASE-70351,ACC-1038,Kestrel Health,Mid-Market,EMEA,Standard,2025-10-31,2025-11-01,Closed,How-To Question,Classroom Seat-Days,Medium,LMS Integration,false,T2,false,163,15.7,24,false,Expected behaviour,AG-112,Yuki Marino,false,4
CASE-70352,ACC-1038,Kestrel Health,Mid-Market,EMEA,Standard,2026-01-28,2026-02-02,Closed,Content Request,Certification Vouchers,Medium,Phone,false,T1,false,274,111.8,24,true,Seat limit reached,AG-111,Marcus Brandt,false,
CASE-70353,ACC-1038,Kestrel Health,Mid-Market,EMEA,Standard,2025-07-15,2025-07-16,Closed,How-To Question,Certification Vouchers,Medium,Email,true,T2,false,225,12,24,false,Content gap,AG-108,Kwame Iyer,false,5
CASE-70354,ACC-1038,Kestrel Health,Mid-Market,EMEA,Standard,2026-05-22,2026-05-22,Closed,Onboarding / Org Setup,Team Plan,Medium,Email,false,T1,false,217,0.5,24,false,Expected behaviour,AG-106,Omar Kovac,false,3
CASE-70355,ACC-1038,Kestrel Health,Mid-Market,EMEA,Standard,2025-10-19,2025-10-19,Closed,Platform Incident,Classroom Seat-Days,Medium,In-App Chat,false,T2,false,198,2.4,24,false,Expected behaviour,AG-112,Yuki Marino,false,
CASE-70356,ACC-1038,Kestrel Health,Mid-Market,EMEA,Standard,2025-12-27,2025-12-27,Resolved - Monitoring,How-To Question,Enterprise Programme,Medium,In-App Chat,true,T2,false,150,2.2,24,false,Product defect,AG-101,Sana Nair,false,
CASE-70357,ACC-1038,Kestrel Health,Mid-Market,EMEA,Standard,2025-08-06,2025-08-07,Closed,Bug,Certification Vouchers,Medium,Slack Connect,false,T1,false,181,34.3,24,true,SSO / identity,AG-106,Omar Kovac,false,
CASE-70358,ACC-1038,Kestrel Health,Mid-Market,EMEA,Standard,2025-08-23,2025-08-23,Closed,How-To Question,Team Plan,Low,LMS Integration,false,T2,true,161,8.7,48,false,Learner misconfiguration,AG-112,Yuki Marino,false,3
CASE-70359,ACC-1038,Kestrel Health,Mid-Market,EMEA,Standard,2025-12-02,2025-12-02,Resolved - Monitoring,Platform Incident,Team Plan,High,In-App Chat,false,T2,false,88,9.5,4,true,Video / CDN failure,AG-102,Kwame Lindqvist,false,
CASE-70360,ACC-1038,Kestrel Health,Mid-Market,EMEA,Standard,2026-08-26,2026-08-26,Closed,Platform Incident,Classroom Seat-Days,Medium,In-App Chat,false,T1,false,137,7.3,24,false,Content gap,AG-111,Marcus Brandt,false,
CASE-70361,ACC-1039,Vantage Retail,Enterprise,AMER,Business,2025-12-03,,Waiting on Customer,Bug,Classroom Seat-Days,High,In-App Chat,false,T2,false,45,45.3,4,true,,AG-114,Priya Almeida,false,
CASE-70362,ACC-1039,Vantage Retail,Enterprise,AMER,Business,2026-06-29,2026-06-29,Closed,How-To Question,Team Plan,Medium,Web Form,true,T2,false,159,11.3,24,false,SSO / identity,AG-115,Felix Kapoor,false,4
CASE-70363,ACC-1039,Vantage Retail,Enterprise,AMER,Business,2025-11-27,,Waiting on Customer,Content Request,Academy Pro,Medium,LMS Integration,false,T1,false,73,117.7,24,true,,AG-113,Elena Moreno,false,
CASE-70364,ACC-1039,Vantage Retail,Enterprise,AMER,Business,2026-03-18,2026-03-19,Closed,Onboarding / Org Setup,Team Plan,Low,Web Form,false,T1,false,177,22.3,48,false,Video / CDN failure,AG-107,Jonas Ahmed,false,
CASE-70365,ACC-1039,Vantage Retail,Enterprise,AMER,Business,2026-02-14,2026-02-15,Closed,Onboarding / Org Setup,Academy Pro,Medium,Slack Connect,false,T2,false,150,28.8,24,true,Video / CDN failure,AG-103,Lena Brandt,false,
CASE-70366,ACC-1039,Vantage Retail,Enterprise,AMER,Business,2026-01-09,2026-01-09,Closed,How-To Question,Certification Vouchers,High,Email,false,T3,false,2,7.6,4,true,Seat limit reached,AG-110,Ana Fischer,false,1
CASE-70367,ACC-1039,Vantage Retail,Enterprise,AMER,Business,2026-02-20,2026-02-20,Closed,How-To Question,Certification Vouchers,Low,Web Form,true,T1,true,212,9.7,48,false,SSO / identity,AG-116,Tom Nair,false,4
CASE-70368,ACC-1039,Vantage Retail,Enterprise,AMER,Business,2026-07-11,2026-07-12,Closed,How-To Question,Implementation Services,Medium,LMS Integration,false,T1,false,186,13.9,24,false,Learner misconfiguration,AG-107,Jonas Ahmed,false,5
CASE-70369,ACC-1041,Lumen Bank,Mid-Market,APAC,Standard,2025-10-11,2025-10-11,Closed,Onboarding / Org Setup,Implementation Services,Low,LMS Integration,false,T1,false,129,9,48,false,Seat limit reached,AG-117,Yuki Shaw,false,3
CASE-70370,ACC-1041,Lumen Bank,Mid-Market,APAC,Standard,2026-08-26,,In Progress,Billing / Seat Dispute,Enterprise Programme,High,Web Form,false,T1,false,92,10.4,4,true,,AG-105,Clara Iyer,false,
CASE-70371,ACC-1041,Lumen Bank,Mid-Market,APAC,Standard,2025-09-21,2025-09-21,Closed,How-To Question,Implementation Services,Low,In-App Chat,false,T2,false,202,9.7,48,false,Practice org expired,AG-108,Kwame Iyer,false,
CASE-70372,ACC-1041,Lumen Bank,Mid-Market,APAC,Standard,2026-03-02,,In Progress,How-To Question,Certification Vouchers,High,Web Form,true,T2,false,2,12.6,4,true,,AG-101,Sana Nair,false,
CASE-70373,ACC-1041,Lumen Bank,Mid-Market,APAC,Standard,2026-09-07,,New,Content Request,Academy Pro,Low,Email,false,T2,false,186,102.2,48,true,,AG-102,Kwame Lindqvist,false,
CASE-70374,ACC-1041,Lumen Bank,Mid-Market,APAC,Standard,2026-08-11,2026-08-11,Resolved - Monitoring,How-To Question,Enterprise Programme,Medium,Email,false,T1,false,251,8.4,24,false,Learner misconfiguration,AG-106,Omar Kovac,false,4
CASE-70375,ACC-1041,Lumen Bank,Mid-Market,APAC,Standard,2026-04-11,2026-04-13,Resolved - Monitoring,Security / SSO,Implementation Services,High,Email,false,T2,false,36,49.8,4,true,Voucher pool exhausted,AG-101,Sana Nair,false,
CASE-70376,ACC-1041,Lumen Bank,Mid-Market,APAC,Standard,2026-03-22,2026-03-23,Closed,How-To Question,Team Plan,Medium,Web Form,false,T2,false,177,15.7,24,false,SSO / identity,AG-115,Felix Kapoor,false,
CASE-70377,ACC-1041,Lumen Bank,Mid-Market,APAC,Standard,2025-11-02,2025-11-02,Closed,Platform Incident,Team Plan,Medium,Web Form,false,T1,false,304,8,24,false,Voucher pool exhausted,AG-100,Omar Berg,false,4
CASE-70378,ACC-1041,Lumen Bank,Mid-Market,APAC,Standard,2025-07-17,2025-07-17,Closed,Platform Incident,Classroom Seat-Days,Critical,Web Form,false,T1,false,2,4,1,true,SSO / identity,AG-116,Tom Nair,false,
CASE-70379,ACC-1041,Lumen Bank,Mid-Market,APAC,Standard,2026-09-24,2026-09-25,Closed,Onboarding / Org Setup,Team Plan,Low,Web Form,false,T2,false,159,29.5,48,false,SSO / identity,AG-102,Kwame Lindqvist,false,5
CASE-70380,ACC-1041,Lumen Bank,Mid-Market,APAC,Standard,2026-09-15,2026-09-15,Closed,Platform Incident,Team Plan,High,Email,false,T1,false,19,8.6,4,true,Content gap,AG-100,Omar Berg,false,
CASE-70381,ACC-1041,Lumen Bank,Mid-Market,APAC,Standard,2025-09-10,,New,Billing / Seat Dispute,Team Plan,Medium,Web Form,false,T1,false,171,5.1,24,false,,AG-111,Marcus Brandt,false,
CASE-70382,ACC-1041,Lumen Bank,Mid-Market,APAC,Standard,2025-10-07,,Waiting on Customer,How-To Question,Academy Pro,Low,Web Form,false,T2,false,156,13.6,48,false,,AG-115,Felix Kapoor,false,
CASE-70383,ACC-1041,Lumen Bank,Mid-Market,APAC,Standard,2026-07-04,,In Progress,Onboarding / Org Setup,Implementation Services,Low,Slack Connect,false,T3,false,207,17.7,48,false,,AG-110,Ana Fischer,false,
CASE-70384,ACC-1041,Lumen Bank,Mid-Market,APAC,Standard,2026-03-10,2026-03-11,Closed,How-To Question,Implementation Services,Low,Email,false,T2,false,180,13.7,48,false,Voucher pool exhausted,AG-108,Kwame Iyer,false,4
CASE-70385,ACC-1042,Lumen Foods,Strategic,EMEA,Premier,2025-12-28,2025-12-31,Closed,Bug,Certification Vouchers,High,Web Form,true,T2,false,57,66.4,4,true,Voucher pool exhausted,AG-102,Kwame Lindqvist,false,3
CASE-70386,ACC-1042,Lumen Foods,Strategic,EMEA,Premier,2026-01-03,2026-01-03,Closed,How-To Question,Classroom Seat-Days,Medium,In-App Chat,false,T1,false,192,7,24,false,Expected behaviour,AG-106,Omar Kovac,false,
CASE-70387,ACC-1042,Lumen Foods,Strategic,EMEA,Premier,2026-05-08,2026-05-10,Closed,Bug,Team Plan,Medium,LMS Integration,false,T3,false,204,44.9,24,true,Product defect,AG-104,Jonas Diallo,false,2
CASE-70388,ACC-1042,Lumen Foods,Strategic,EMEA,Premier,2025-10-01,2025-10-01,Closed,How-To Question,Certification Vouchers,High,Web Form,false,T2,true,72,3.3,4,false,Learner misconfiguration,AG-108,Kwame Iyer,false,
CASE-70389,ACC-1042,Lumen Foods,Strategic,EMEA,Premier,2026-03-11,2026-03-12,Closed,Onboarding / Org Setup,Certification Vouchers,High,Email,false,T3,false,42,13.5,4,true,Video / CDN failure,AG-110,Ana Fischer,false,2
CASE-70390,ACC-1042,Lumen Foods,Strategic,EMEA,Premier,2025-12-10,2025-12-10,Closed,How-To Question,Classroom Seat-Days,Medium,Phone,false,T1,false,256,10.5,24,false,Video / CDN failure,AG-107,Jonas Ahmed,false,
CASE-70391,ACC-1042,Lumen Foods,Strategic,EMEA,Premier,2026-04-15,2026-04-16,Closed,Bug,Academy Pro,Medium,In-App Chat,false,T1,false,165,30.2,24,false,Learner misconfiguration,AG-107,Jonas Ahmed,false,
CASE-70392,ACC-1042,Lumen Foods,Strategic,EMEA,Premier,2025-09-17,2025-09-17,Closed,How-To Question,Academy Pro,Medium,Email,true,T2,false,200,2.3,24,false,Seat limit reached,AG-114,Priya Almeida,false,5
CASE-70393,ACC-1042,Lumen Foods,Strategic,EMEA,Premier,2026-06-12,2026-06-12,Closed,How-To Question,Classroom Seat-Days,Medium,In-App Chat,true,T2,false,171,11.3,24,false,SSO / identity,AG-109,Zara Chen,false,3
CASE-70394,ACC-1042,Lumen Foods,Strategic,EMEA,Premier,2025-07-22,2025-07-23,Resolved - Monitoring,How-To Question,Classroom Seat-Days,Low,LMS Integration,false,T3,true,192,20,48,false,SSO / identity,AG-110,Ana Fischer,false,4
CASE-70395,ACC-1042,Lumen Foods,Strategic,EMEA,Premier,2026-04-04,2026-04-04,Closed,Platform Incident,Academy Pro,High,LMS Integration,false,T2,false,136,5.5,4,false,Expected behaviour,AG-115,Felix Kapoor,false,
CASE-70396,ACC-1042,Lumen Foods,Strategic,EMEA,Premier,2025-08-22,2025-08-22,Closed,Platform Incident,Certification Vouchers,High,Web Form,false,T2,false,82,6.2,4,true,Seat limit reached,AG-112,Yuki Marino,false,
CASE-70397,ACC-1042,Lumen Foods,Strategic,EMEA,Premier,2025-08-03,2025-08-04,Closed,Billing / Seat Dispute,Academy Pro,High,Email,false,T1,false,27,15.1,4,true,Expected behaviour,AG-100,Omar Berg,false,
CASE-70398,ACC-1042,Lumen Foods,Strategic,EMEA,Premier,2025-08-19,2025-08-19,Closed,Platform Incident,Implementation Services,High,Web Form,true,T1,false,79,7.2,4,true,SSO / identity,AG-116,Tom Nair,false,4
CASE-70399,ACC-1042,Lumen Foods,Strategic,EMEA,Premier,2026-01-31,2026-02-01,Closed,How-To Question,Academy Pro,Low,Phone,false,T1,true,185,12,48,false,Video / CDN failure,AG-107,Jonas Ahmed,false,3
CASE-70400,ACC-1042,Lumen Foods,Strategic,EMEA,Premier,2025-11-10,2025-11-13,Closed,Content Request,Team Plan,Medium,Email,false,T2,false,192,71.4,24,true,Expected behaviour,AG-115,Felix Kapoor,false,2
CASE-70401,ACC-1042,Lumen Foods,Strategic,EMEA,Premier,2026-07-06,2026-07-08,Closed,Security / SSO,Implementation Services,High,In-App Chat,false,T2,false,48,51.4,4,true,Voucher pool exhausted,AG-112,Yuki Marino,false,
CASE-70402,ACC-1042,Lumen Foods,Strategic,EMEA,Premier,2026-02-22,2026-02-22,Closed,How-To Question,Academy Pro,Medium,Phone,false,T3,false,156,3,24,false,Learner misconfiguration,AG-104,Jonas Diallo,false,
CASE-70403,ACC-1042,Lumen Foods,Strategic,EMEA,Premier,2026-02-24,2026-02-25,Resolved - Monitoring,How-To Question,Enterprise Programme,Low,Web Form,false,T1,false,246,14.6,48,false,Seat limit reached,AG-106,Omar Kovac,false,3
CASE-70404,ACC-1042,Lumen Foods,Strategic,EMEA,Premier,2026-02-13,2026-02-14,Closed,Bug,Academy Pro,Low,In-App Chat,false,T2,false,231,31.2,48,false,Video / CDN failure,AG-115,Felix Kapoor,false,5
CASE-70405,ACC-1042,Lumen Foods,Strategic,EMEA,Premier,2026-07-05,2026-07-05,Closed,Billing / Seat Dispute,Academy Pro,Low,Phone,false,T2,false,276,11.7,48,false,Voucher pool exhausted,AG-108,Kwame Iyer,false,3
CASE-70406,ACC-1042,Lumen Foods,Strategic,EMEA,Premier,2025-04-19,2025-04-21,Closed,Bug,Enterprise Programme,High,Web Form,false,T3,false,70,45.2,4,true,Expected behaviour,AG-104,Jonas Diallo,false,
CASE-70407,ACC-1042,Lumen Foods,Strategic,EMEA,Premier,2025-12-23,2025-12-23,Closed,How-To Question,Enterprise Programme,Medium,Email,false,T2,false,197,6.5,24,false,SSO / identity,AG-109,Zara Chen,false,
CASE-70408,ACC-1042,Lumen Foods,Strategic,EMEA,Premier,2026-04-04,2026-04-04,Closed,Platform Incident,Implementation Services,Critical,Slack Connect,false,T1,false,11,2.8,1,true,Practice org expired,AG-116,Tom Nair,false,
CASE-70409,ACC-1042,Lumen Foods,Strategic,EMEA,Premier,2025-04-21,2025-04-21,Closed,How-To Question,Academy Pro,Medium,Slack Connect,false,T2,false,151,12,24,false,Seat limit reached,AG-108,Kwame Iyer,false,
CASE-70410,ACC-1042,Lumen Foods,Strategic,EMEA,Premier,2026-08-26,2026-08-26,Closed,Billing / Seat Dispute,Enterprise Programme,Medium,Slack Connect,false,T2,false,174,9.8,24,false,Product defect,AG-114,Priya Almeida,false,4
CASE-70411,ACC-1042,Lumen Foods,Strategic,EMEA,Premier,2026-05-01,2026-05-01,Closed,Bug,Team Plan,Medium,LMS Integration,false,T2,false,198,1.7,24,false,Content gap,AG-112,Yuki Marino,false,5
CASE-70412,ACC-1042,Lumen Foods,Strategic,EMEA,Premier,2025-09-04,,New,Bug,Team Plan,Medium,Email,true,T3,false,228,38.6,24,true,,AG-110,Ana Fischer,false,
CASE-70413,ACC-1042,Lumen Foods,Strategic,EMEA,Premier,2025-08-30,2025-08-31,Closed,Onboarding / Org Setup,Team Plan,High,Email,false,T1,false,3,21.1,4,true,Expected behaviour,AG-107,Jonas Ahmed,false,4
CASE-70414,ACC-1042,Lumen Foods,Strategic,EMEA,Premier,2026-09-20,2026-09-20,Closed,Platform Incident,Enterprise Programme,Critical,Phone,false,T1,false,2,0.2,1,false,Learner misconfiguration,AG-106,Omar Kovac,false,4
CASE-70415,ACC-1042,Lumen Foods,Strategic,EMEA,Premier,2026-04-13,,In Progress,Onboarding / Org Setup,Enterprise Programme,Medium,Web Form,false,T1,false,132,21.7,24,false,,AG-106,Omar Kovac,false,
CASE-70416,ACC-1042,Lumen Foods,Strategic,EMEA,Premier,2026-08-20,2026-08-20,Closed,Platform Incident,Team Plan,High,In-App Chat,false,T3,true,102,10.9,4,true,SSO / identity,AG-104,Jonas Diallo,false,
CASE-70417,ACC-1042,Lumen Foods,Strategic,EMEA,Premier,2025-05-19,2025-05-19,Closed,How-To Question,Academy Pro,Medium,Email,true,T1,false,227,2.9,24,false,Product defect,AG-116,Tom Nair,false,
CASE-70418,ACC-1042,Lumen Foods,Strategic,EMEA,Premier,2026-05-19,2026-05-20,Closed,Bug,Academy Pro,Low,Phone,false,T1,false,154,29.4,48,false,Seat limit reached,AG-117,Yuki Shaw,false,5
CASE-70419,ACC-1042,Lumen Foods,Strategic,EMEA,Premier,2025-12-06,2025-12-06,Closed,Platform Incident,Certification Vouchers,High,Email,false,T1,false,65,11,4,true,Expected behaviour,AG-113,Elena Moreno,false,
CASE-70420,ACC-1042,Lumen Foods,Strategic,EMEA,Premier,2025-05-14,2025-05-14,Closed,Platform Incident,Classroom Seat-Days,Medium,LMS Integration,false,T3,false,184,3,24,false,Expected behaviour,AG-104,Jonas Diallo,false,
CASE-70421,ACC-1042,Lumen Foods,Strategic,EMEA,Premier,2026-06-24,2026-06-25,Closed,Billing / Seat Dispute,Team Plan,Low,Email,false,T3,false,166,20.2,48,false,Content gap,AG-110,Ana Fischer,false,
CASE-70422,ACC-1042,Lumen Foods,Strategic,EMEA,Premier,2025-09-19,2025-09-19,Closed,Platform Incident,Implementation Services,High,Web Form,false,T2,false,34,8.3,4,true,Content gap,AG-114,Priya Almeida,false,
CASE-70423,ACC-1042,Lumen Foods,Strategic,EMEA,Premier,2026-05-31,2026-06-01,Closed,Onboarding / Org Setup,Team Plan,High,Web Form,false,T1,false,30,28.4,4,true,Seat limit reached,AG-111,Marcus Brandt,false,2
CASE-70424,ACC-1042,Lumen Foods,Strategic,EMEA,Premier,2025-04-29,2025-05-02,Closed,Content Request,Classroom Seat-Days,Medium,Email,false,T3,true,131,68.2,24,true,Expected behaviour,AG-110,Ana Fischer,false,
CASE-70425,ACC-1042,Lumen Foods,Strategic,EMEA,Premier,2026-07-08,2026-07-09,Closed,Onboarding / Org Setup,Team Plan,Medium,In-App Chat,false,T3,false,196,22.9,24,false,Video / CDN failure,AG-110,Ana Fischer,false,
CASE-70426,ACC-1042,Lumen Foods,Strategic,EMEA,Premier,2025-06-01,2025-06-01,Closed,Billing / Seat Dispute,Academy Pro,Low,LMS Integration,false,T2,false,202,11.6,48,false,Product defect,AG-108,Kwame Iyer,false,5
CASE-70427,ACC-1042,Lumen Foods,Strategic,EMEA,Premier,2025-10-29,2025-10-30,Closed,Bug,Academy Pro,Low,In-App Chat,false,T2,false,234,33,48,false,Learner misconfiguration,AG-103,Lena Brandt,false,
CASE-70428,ACC-1042,Lumen Foods,Strategic,EMEA,Premier,2026-01-02,2026-01-06,Closed,Content Request,Implementation Services,Medium,Email,false,T2,false,256,95.4,24,true,Video / CDN failure,AG-101,Sana Nair,false,3
CASE-70429,ACC-1042,Lumen Foods,Strategic,EMEA,Premier,2026-01-09,2026-01-09,Closed,How-To Question,Enterprise Programme,Low,Email,true,T1,false,207,4.6,48,false,Product defect,AG-117,Yuki Shaw,false,5
CASE-70430,ACC-1042,Lumen Foods,Strategic,EMEA,Premier,2026-02-23,2026-02-23,Closed,How-To Question,Team Plan,High,Web Form,false,T1,false,2,4.7,4,false,Learner misconfiguration,AG-113,Elena Moreno,false,5
CASE-70431,ACC-1042,Lumen Foods,Strategic,EMEA,Premier,2025-10-23,2025-10-23,Closed,How-To Question,Certification Vouchers,Medium,In-App Chat,true,T2,false,206,6.4,24,false,Voucher pool exhausted,AG-101,Sana Nair,false,2
CASE-70432,ACC-1042,Lumen Foods,Strategic,EMEA,Premier,2026-04-23,2026-04-25,Closed,Onboarding / Org Setup,Team Plan,Medium,LMS Integration,false,T1,false,193,39.2,24,true,Seat limit reached,AG-105,Clara Iyer,false,3
CASE-70433,ACC-1042,Lumen Foods,Strategic,EMEA,Premier,2025-08-03,2025-08-03,Closed,How-To Question,Team Plan,Low,Web Form,false,T2,false,199,9.9,48,false,Voucher pool exhausted,AG-108,Kwame Iyer,false,3
CASE-70434,ACC-1042,Lumen Foods,Strategic,EMEA,Premier,2026-02-17,,New,Billing / Seat Dispute,Implementation Services,Medium,Email,false,T1,false,171,22.7,24,false,,AG-113,Elena Moreno,false,
CASE-70435,ACC-1042,Lumen Foods,Strategic,EMEA,Premier,2026-03-19,2026-03-19,Closed,How-To Question,Enterprise Programme,Low,Web Form,true,T3,false,121,4.5,48,false,Content gap,AG-104,Jonas Diallo,false,5
CASE-70436,ACC-1042,Lumen Foods,Strategic,EMEA,Premier,2026-09-13,2026-09-15,Closed,Bug,Implementation Services,High,Email,false,T2,false,49,38.3,4,true,Learner misconfiguration,AG-101,Sana Nair,false,
CASE-70437,ACC-1042,Lumen Foods,Strategic,EMEA,Premier,2026-07-04,2026-07-04,Closed,Platform Incident,Academy Pro,High,Email,false,T1,false,50,3.1,4,false,Content gap,AG-107,Jonas Ahmed,false,4
CASE-70438,ACC-1042,Lumen Foods,Strategic,EMEA,Premier,2026-02-05,2026-02-07,Resolved - Monitoring,Bug,Classroom Seat-Days,Medium,Email,false,T1,true,150,56,24,true,Voucher pool exhausted,AG-116,Tom Nair,false,
CASE-70439,ACC-1042,Lumen Foods,Strategic,EMEA,Premier,2026-07-03,2026-07-03,Closed,Billing / Seat Dispute,Team Plan,Medium,Email,true,T2,false,175,5.4,24,false,Product defect,AG-109,Zara Chen,false,2
CASE-70440,ACC-1043,Lattice Media,Strategic,AMER,Premier,2025-07-21,2025-07-21,Closed,How-To Question,Certification Vouchers,Medium,Web Form,false,T1,false,216,5.2,24,false,Practice org expired,AG-106,Omar Kovac,false,
CASE-70441,ACC-1043,Lattice Media,Strategic,AMER,Premier,2026-08-21,2026-08-22,Closed,Onboarding / Org Setup,Implementation Services,Medium,Email,false,T1,false,256,21.9,24,false,Expected behaviour,AG-105,Clara Iyer,false,5
CASE-70442,ACC-1043,Lattice Media,Strategic,AMER,Premier,2025-08-05,2025-08-05,Closed,Billing / Seat Dispute,Enterprise Programme,Medium,Email,false,T2,false,259,11.7,24,false,SSO / identity,AG-101,Sana Nair,false,
CASE-70443,ACC-1043,Lattice Media,Strategic,AMER,Premier,2026-04-11,2026-04-11,Resolved - Monitoring,How-To Question,Implementation Services,Medium,Email,true,T1,false,161,7.9,24,false,Seat limit reached,AG-106,Omar Kovac,false,
CASE-70444,ACC-1043,Lattice Media,Strategic,AMER,Premier,2025-09-26,2025-09-27,Resolved - Monitoring,How-To Question,Academy Pro,Medium,Email,true,T2,true,235,12.8,24,false,Product defect,AG-112,Yuki Marino,false,5
CASE-70445,ACC-1043,Lattice Media,Strategic,AMER,Premier,2026-04-20,2026-04-20,Closed,How-To Question,Enterprise Programme,Medium,Phone,true,T2,false,252,5.4,24,false,SSO / identity,AG-112,Yuki Marino,false,
CASE-70446,ACC-1043,Lattice Media,Strategic,AMER,Premier,2025-10-07,2025-10-09,Closed,Onboarding / Org Setup,Enterprise Programme,High,In-App Chat,false,T2,false,27,43.1,4,true,Voucher pool exhausted,AG-108,Kwame Iyer,false,
CASE-70447,ACC-1043,Lattice Media,Strategic,AMER,Premier,2026-02-24,2026-02-27,Resolved - Monitoring,Security / SSO,Implementation Services,Medium,Web Form,false,T2,false,214,69.8,24,true,Voucher pool exhausted,AG-108,Kwame Iyer,false,1
CASE-70448,ACC-1043,Lattice Media,Strategic,AMER,Premier,2025-09-30,2025-10-01,Resolved - Monitoring,Content Request,Team Plan,Medium,Email,false,T1,false,228,29.3,24,false,Practice org expired,AG-113,Elena Moreno,false,4
CASE-70449,ACC-1043,Lattice Media,Strategic,AMER,Premier,2026-06-16,2026-06-17,Resolved - Monitoring,Onboarding / Org Setup,Academy Pro,Low,Slack Connect,false,T2,false,189,12.2,48,false,Voucher pool exhausted,AG-101,Sana Nair,false,
CASE-70450,ACC-1043,Lattice Media,Strategic,AMER,Premier,2025-07-08,2025-07-10,Closed,Bug,Classroom Seat-Days,Medium,Phone,false,T3,false,173,56.9,24,true,Voucher pool exhausted,AG-104,Jonas Diallo,false,
CASE-70451,ACC-1043,Lattice Media,Strategic,AMER,Premier,2025-12-27,2025-12-28,Closed,Billing / Seat Dispute,Implementation Services,Medium,Email,false,T1,false,197,13.4,24,false,Seat limit reached,AG-111,Marcus Brandt,false,
CASE-70452,ACC-1043,Lattice Media,Strategic,AMER,Premier,2026-02-23,2026-02-23,Resolved - Monitoring,Platform Incident,Certification Vouchers,High,Web Form,false,T2,false,19,5.5,4,false,Learner misconfiguration,AG-108,Kwame Iyer,false,
CASE-70453,ACC-1043,Lattice Media,Strategic,AMER,Premier,2025-12-05,2025-12-05,Resolved - Monitoring,Platform Incident,Academy Pro,Critical,Email,false,T1,false,18,0.2,1,false,Learner misconfiguration,AG-107,Jonas Ahmed,false,
CASE-70454,ACC-1043,Lattice Media,Strategic,AMER,Premier,2026-03-24,2026-03-25,Closed,Onboarding / Org Setup,Academy Pro,Low,Email,false,T1,false,194,25,48,false,Learner misconfiguration,AG-100,Omar Berg,false,
CASE-70455,ACC-1043,Lattice Media,Strategic,AMER,Premier,2026-03-24,2026-03-25,Closed,Billing / Seat Dispute,Team Plan,High,In-App Chat,false,T1,false,2,30,4,true,Practice org expired,AG-116,Tom Nair,false,
CASE-70456,ACC-1043,Lattice Media,Strategic,AMER,Premier,2025-08-02,2025-08-03,Closed,Security / SSO,Team Plan,Medium,In-App Chat,true,T2,false,222,27.5,24,false,Expected behaviour,AG-109,Zara Chen,false,
CASE-70457,ACC-1043,Lattice Media,Strategic,AMER,Premier,2025-12-18,2025-12-18,Closed,How-To Question,Classroom Seat-Days,Medium,In-App Chat,false,T1,false,147,6.3,24,false,Practice org expired,AG-100,Omar Berg,false,
CASE-70458,ACC-1043,Lattice Media,Strategic,AMER,Premier,2026-01-27,2026-01-29,Closed,Content Request,Team Plan,High,Phone,false,T1,false,64,49.7,4,true,Expected behaviour,AG-100,Omar Berg,false,
CASE-70459,ACC-1043,Lattice Media,Strategic,AMER,Premier,2026-07-23,2026-07-23,Resolved - Monitoring,How-To Question,Enterprise Programme,Medium,In-App Chat,true,T1,false,211,9.7,24,false,SSO / identity,AG-105,Clara Iyer,false,5
CASE-70460,ACC-1043,Lattice Media,Strategic,AMER,Premier,2026-05-13,2026-05-15,Closed,Bug,Classroom Seat-Days,Low,Email,false,T1,false,183,48,48,false,Content gap,AG-116,Tom Nair,false,4
CASE-70461,ACC-1043,Lattice Media,Strategic,AMER,Premier,2026-03-13,2026-03-16,Closed,Content Request,Enterprise Programme,Low,Phone,false,T1,false,189,76.8,48,true,SSO / identity,AG-100,Omar Berg,false,2
CASE-70462,ACC-1043,Lattice Media,Strategic,AMER,Premier,2026-06-16,2026-06-17,Closed,Onboarding / Org Setup,Academy Pro,Medium,In-App Chat,false,T2,false,218,14.6,24,false,Video / CDN failure,AG-114,Priya Almeida,false,
CASE-70463,ACC-1043,Lattice Media,Strategic,AMER,Premier,2025-12-12,,Waiting on Customer,Security / SSO,Classroom Seat-Days,Low,Phone,false,T2,false,161,29.3,48,false,,AG-109,Zara Chen,false,
CASE-70464,ACC-1043,Lattice Media,Strategic,AMER,Premier,2025-11-06,2025-11-06,Resolved - Monitoring,How-To Question,Academy Pro,Medium,Web Form,false,T2,false,160,9.6,24,false,Practice org expired,AG-109,Zara Chen,false,
CASE-70465,ACC-1043,Lattice Media,Strategic,AMER,Premier,2026-08-03,2026-08-04,Closed,How-To Question,Classroom Seat-Days,High,In-App Chat,false,T2,false,44,13.9,4,true,Practice org expired,AG-103,Lena Brandt,false,3
CASE-70466,ACC-1043,Lattice Media,Strategic,AMER,Premier,2025-12-22,2025-12-23,Closed,Onboarding / Org Setup,Certification Vouchers,Medium,Web Form,false,T2,false,152,20.8,24,false,Content gap,AG-114,Priya Almeida,false,
CASE-70467,ACC-1043,Lattice Media,Strategic,AMER,Premier,2025-07-06,2025-07-06,Closed,Platform Incident,Enterprise Programme,Medium,Email,false,T1,false,169,6.6,24,false,Practice org expired,AG-107,Jonas Ahmed,false,5
CASE-70468,ACC-1043,Lattice Media,Strategic,AMER,Premier,2025-10-03,2025-10-03,Closed,Billing / Seat Dispute,Enterprise Programme,Medium,Email,false,T1,false,208,10.5,24,false,Expected behaviour,AG-117,Yuki Shaw,false,
CASE-70469,ACC-1043,Lattice Media,Strategic,AMER,Premier,2026-07-27,2026-07-29,Closed,Onboarding / Org Setup,Enterprise Programme,Medium,LMS Integration,false,T1,false,207,42.2,24,true,Product defect,AG-106,Omar Kovac,false,1
CASE-70470,ACC-1043,Lattice Media,Strategic,AMER,Premier,2025-12-13,2025-12-14,Resolved - Monitoring,Onboarding / Org Setup,Certification Vouchers,High,Web Form,false,T1,false,6,30,4,true,Practice org expired,AG-116,Tom Nair,false,
CASE-70471,ACC-1043,Lattice Media,Strategic,AMER,Premier,2025-07-29,2025-07-31,Closed,Bug,Implementation Services,Low,Email,false,T1,false,205,42.3,48,false,Learner misconfiguration,AG-106,Omar Kovac,false,3
CASE-70472,ACC-1043,Lattice Media,Strategic,AMER,Premier,2026-02-23,,New,Onboarding / Org Setup,Certification Vouchers,Low,Web Form,false,T1,false,174,15.2,48,false,,AG-113,Elena Moreno,false,
CASE-70473,ACC-1043,Lattice Media,Strategic,AMER,Premier,2025-10-11,2025-10-12,Closed,Onboarding / Org Setup,Certification Vouchers,High,Web Form,false,T1,false,23,25.8,4,true,Practice org expired,AG-117,Yuki Shaw,false,2
CASE-70474,ACC-1043,Lattice Media,Strategic,AMER,Premier,2026-09-22,2026-09-22,Resolved - Monitoring,How-To Question,Team Plan,Medium,Email,false,T1,false,215,10.3,24,false,Expected behaviour,AG-116,Tom Nair,false,
CASE-70475,ACC-1043,Lattice Media,Strategic,AMER,Premier,2025-12-16,2025-12-18,Closed,Security / SSO,Certification Vouchers,Medium,Email,false,T2,true,262,41.7,24,true,Product defect,AG-108,Kwame Iyer,false,
CASE-70476,ACC-1043,Lattice Media,Strategic,AMER,Premier,2025-08-16,2025-08-17,Closed,Onboarding / Org Setup,Team Plan,Low,Phone,false,T1,true,81,14.5,48,false,Practice org expired,AG-117,Yuki Shaw,false,
CASE-70477,ACC-1043,Lattice Media,Strategic,AMER,Premier,2025-12-25,2025-12-26,Closed,Billing / Seat Dispute,Team Plan,High,In-App Chat,false,T1,false,2,21.2,4,true,Practice org expired,AG-116,Tom Nair,false,1
CASE-70478,ACC-1043,Lattice Media,Strategic,AMER,Premier,2025-09-14,2025-09-14,Closed,Platform Incident,Implementation Services,Critical,Email,false,T2,false,10,0.2,1,false,Expected behaviour,AG-114,Priya Almeida,false,
CASE-70479,ACC-1043,Lattice Media,Strategic,AMER,Premier,2025-10-09,2025-10-09,Resolved - Monitoring,How-To Question,Team Plan,Low,Web Form,false,T1,false,128,8.3,48,false,SSO / identity,AG-107,Jonas Ahmed,false,5
CASE-70480,ACC-1043,Lattice Media,Strategic,AMER,Premier,2026-04-23,2026-04-23,Closed,How-To Question,Team Plan,Medium,In-App Chat,true,T3,false,193,0.5,24,false,Content gap,AG-110,Ana Fischer,false,
CASE-70481,ACC-1043,Lattice Media,Strategic,AMER,Premier,2026-07-05,2026-07-05,Closed,How-To Question,Enterprise Programme,Medium,In-App Chat,true,T2,false,228,3.6,24,false,SSO / identity,AG-101,Sana Nair,false,3
CASE-70482,ACC-1043,Lattice Media,Strategic,AMER,Premier,2026-08-27,,Waiting on Customer,Security / SSO,Academy Pro,Low,Email,false,T1,false,108,31.8,48,false,,AG-111,Marcus Brandt,false,
CASE-70483,ACC-1043,Lattice Media,Strategic,AMER,Premier,2025-06-16,2025-06-16,Closed,Platform Incident,Certification Vouchers,High,In-App Chat,false,T2,false,91,8.5,4,true,Content gap,AG-102,Kwame Lindqvist,false,
CASE-70484,ACC-1043,Lattice Media,Strategic,AMER,Premier,2026-03-08,2026-03-09,Closed,How-To Question,Enterprise Programme,Low,Web Form,false,T1,false,230,17.4,48,false,Content gap,AG-106,Omar Kovac,false,5
CASE-70485,ACC-1043,Lattice Media,Strategic,AMER,Premier,2026-04-22,2026-04-22,Resolved - Monitoring,How-To Question,Classroom Seat-Days,Low,LMS Integration,true,T1,false,188,7.6,48,false,Expected behaviour,AG-105,Clara Iyer,false,
CASE-70486,ACC-1043,Lattice Media,Strategic,AMER,Premier,2026-08-05,2026-08-06,Closed,Billing / Seat Dispute,Enterprise Programme,Low,Web Form,false,T3,false,187,15,48,false,Content gap,AG-110,Ana Fischer,false,4
CASE-70487,ACC-1043,Lattice Media,Strategic,AMER,Premier,2026-01-21,2026-01-22,Closed,Billing / Seat Dispute,Enterprise Programme,Low,LMS Integration,false,T3,true,171,21.3,48,false,Content gap,AG-104,Jonas Diallo,false,4
CASE-70488,ACC-1043,Lattice Media,Strategic,AMER,Premier,2026-02-19,2026-02-19,Closed,How-To Question,Academy Pro,Low,Web Form,true,T1,false,191,9,48,false,Learner misconfiguration,AG-111,Marcus Brandt,false,4
CASE-70489,ACC-1043,Lattice Media,Strategic,AMER,Premier,2025-12-08,2025-12-08,Resolved - Monitoring,How-To Question,Academy Pro,High,Email,true,T3,false,52,5.3,4,false,Video / CDN failure,AG-110,Ana Fischer,false,
CASE-70490,ACC-1043,Lattice Media,Strategic,AMER,Premier,2026-05-11,2026-05-11,Closed,Platform Incident,Implementation Services,Critical,In-App Chat,false,T2,false,34,4.9,1,true,Content gap,AG-112,Yuki Marino,false,3
CASE-70491,ACC-1043,Lattice Media,Strategic,AMER,Premier,2025-10-30,2025-10-31,Closed,Security / SSO,Certification Vouchers,Medium,Email,false,T1,false,170,27.6,24,false,Content gap,AG-106,Omar Kovac,false,
CASE-70492,ACC-1043,Lattice Media,Strategic,AMER,Premier,2025-12-13,2025-12-13,Closed,How-To Question,Academy Pro,Medium,LMS Integration,true,T1,false,182,10.9,24,false,Content gap,AG-117,Yuki Shaw,false,4
CASE-70493,ACC-1043,Lattice Media,Strategic,AMER,Premier,2026-02-26,2026-02-28,Resolved - Monitoring,Content Request,Team Plan,High,Web Form,false,T1,false,33,37.5,4,true,Video / CDN failure,AG-106,Omar Kovac,false,
CASE-70494,ACC-1043,Lattice Media,Strategic,AMER,Premier,2026-08-08,2026-08-08,Closed,How-To Question,Enterprise Programme,Medium,In-App Chat,false,T3,false,189,8.5,24,false,Product defect,AG-104,Jonas Diallo,false,
CASE-70495,ACC-1043,Lattice Media,Strategic,AMER,Premier,2026-09-17,2026-09-18,Closed,Onboarding / Org Setup,Certification Vouchers,Medium,In-App Chat,false,T1,false,159,26.1,24,false,Product defect,AG-116,Tom Nair,false,4
CASE-70496,ACC-1043,Lattice Media,Strategic,AMER,Premier,2025-10-16,2025-10-19,Resolved - Monitoring,Bug,Classroom Seat-Days,Medium,Web Form,false,T2,false,244,61.8,24,true,Expected behaviour,AG-112,Yuki Marino,false,2
CASE-70497,ACC-1043,Lattice Media,Strategic,AMER,Premier,2026-02-15,2026-02-15,Closed,Onboarding / Org Setup,Certification Vouchers,High,Web Form,false,T1,false,63,10.7,4,true,Seat limit reached,AG-116,Tom Nair,false,3
CASE-70498,ACC-1043,Lattice Media,Strategic,AMER,Premier,2025-08-18,2025-08-19,Closed,How-To Question,Team Plan,Medium,Email,true,T1,false,248,14.6,24,false,Voucher pool exhausted,AG-116,Tom Nair,false,5
CASE-70499,ACC-1046,Ember Care,Strategic,AMER,Premier,2026-07-17,2026-07-18,Closed,Onboarding / Org Setup,Implementation Services,Low,Email,false,T2,false,91,12.3,48,false,Video / CDN failure,AG-114,Priya Almeida,false,
CASE-70500,ACC-1046,Ember Care,Strategic,AMER,Premier,2026-07-01,2026-07-03,Closed,Bug,Classroom Seat-Days,Medium,LMS Integration,false,T2,false,155,42.3,24,true,Seat limit reached,AG-108,Kwame Iyer,false,2
CASE-70501,ACC-1046,Ember Care,Strategic,AMER,Premier,2026-08-27,2026-08-27,Closed,How-To Question,Classroom Seat-Days,Medium,Email,false,T1,false,178,3.5,24,false,Learner misconfiguration,AG-105,Clara Iyer,false,
CASE-70502,ACC-1046,Ember Care,Strategic,AMER,Premier,2026-06-18,,New,Onboarding / Org Setup,Implementation Services,High,Email,false,T2,false,39,9,4,true,,AG-102,Kwame Lindqvist,false,
CASE-70503,ACC-1046,Ember Care,Strategic,AMER,Premier,2026-09-10,2026-09-11,Closed,Bug,Certification Vouchers,Low,Email,true,T1,false,157,16,48,false,Video / CDN failure,AG-100,Omar Berg,false,4
CASE-70504,ACC-1046,Ember Care,Strategic,AMER,Premier,2026-07-06,2026-07-06,Closed,Onboarding / Org Setup,Classroom Seat-Days,Low,Web Form,false,T3,false,167,0.2,48,false,Learner misconfiguration,AG-104,Jonas Diallo,false,3
CASE-70505,ACC-1046,Ember Care,Strategic,AMER,Premier,2026-06-29,2026-06-29,Closed,How-To Question,Academy Pro,Low,Web Form,false,T1,false,226,7.5,48,false,Product defect,AG-107,Jonas Ahmed,false,2
CASE-70506,ACC-1046,Ember Care,Strategic,AMER,Premier,2026-08-29,2026-08-29,Closed,Platform Incident,Classroom Seat-Days,High,In-App Chat,false,T2,false,8,8.3,4,true,Video / CDN failure,AG-101,Sana Nair,false,
CASE-70507,ACC-1046,Ember Care,Strategic,AMER,Premier,2026-05-25,2026-05-26,Closed,Security / SSO,Implementation Services,High,Web Form,false,T1,true,2,35.2,4,true,Seat limit reached,AG-111,Marcus Brandt,false,
CASE-70508,ACC-1046,Ember Care,Strategic,AMER,Premier,2026-07-29,2026-07-29,Resolved - Monitoring,Onboarding / Org Setup,Enterprise Programme,Low,Phone,false,T2,false,153,11.7,48,false,Video / CDN failure,AG-115,Felix Kapoor,false,
CASE-70509,ACC-1046,Ember Care,Strategic,AMER,Premier,2026-06-22,,In Progress,How-To Question,Certification Vouchers,Medium,Web Form,true,T1,false,166,6.6,24,false,,AG-113,Elena Moreno,false,
CASE-70510,ACC-1046,Ember Care,Strategic,AMER,Premier,2026-08-28,2026-08-29,Closed,Onboarding / Org Setup,Academy Pro,Medium,LMS Integration,false,T1,false,127,14.9,24,false,Video / CDN failure,AG-100,Omar Berg,false,5
CASE-70511,ACC-1046,Ember Care,Strategic,AMER,Premier,2026-09-12,,New,How-To Question,Enterprise Programme,High,Web Form,true,T1,false,61,6.3,4,true,,AG-100,Omar Berg,false,
CASE-70512,ACC-1046,Ember Care,Strategic,AMER,Premier,2026-05-29,2026-05-31,Closed,Bug,Academy Pro,Medium,Slack Connect,false,T1,false,158,55,24,true,Voucher pool exhausted,AG-105,Clara Iyer,false,1
CASE-70513,ACC-1046,Ember Care,Strategic,AMER,Premier,2026-08-21,2026-08-22,Resolved - Monitoring,Bug,Certification Vouchers,Low,Email,false,T2,false,264,30.9,48,false,Practice org expired,AG-109,Zara Chen,false,
CASE-70514,ACC-1046,Ember Care,Strategic,AMER,Premier,2026-08-19,,Waiting on Customer,How-To Question,Certification Vouchers,High,Email,false,T1,false,7,13.4,4,true,,AG-113,Elena Moreno,false,
CASE-70515,ACC-1046,Ember Care,Strategic,AMER,Premier,2026-09-11,,New,Bug,Team Plan,High,Email,false,T1,false,97,62.3,4,true,,AG-116,Tom Nair,false,
CASE-70516,ACC-1046,Ember Care,Strategic,AMER,Premier,2026-08-28,,In Progress,Platform Incident,Classroom Seat-Days,Critical,Email,false,T1,false,2,0.2,1,false,,AG-106,Omar Kovac,false,
CASE-70517,ACC-1046,Ember Care,Strategic,AMER,Premier,2026-08-11,2026-08-12,Closed,Onboarding / Org Setup,Team Plan,Low,Web Form,true,T1,false,168,24.5,48,false,Seat limit reached,AG-117,Yuki Shaw,false,
CASE-70518,ACC-1046,Ember Care,Strategic,AMER,Premier,2026-08-24,2026-08-25,Closed,How-To Question,Implementation Services,Medium,Slack Connect,true,T1,false,229,13.5,24,false,Seat limit reached,AG-106,Omar Kovac,false,3
CASE-70519,ACC-1046,Ember Care,Strategic,AMER,Premier,2026-06-13,2026-06-13,Closed,Onboarding / Org Setup,Certification Vouchers,Medium,Slack Connect,false,T2,false,167,0.2,24,false,Voucher pool exhausted,AG-112,Yuki Marino,false,
CASE-70520,ACC-1046,Ember Care,Strategic,AMER,Premier,2026-09-13,2026-09-17,Closed,Content Request,Classroom Seat-Days,Low,Web Form,false,T1,false,251,96.3,48,true,Seat limit reached,AG-111,Marcus Brandt,false,
CASE-70521,ACC-1046,Ember Care,Strategic,AMER,Premier,2026-07-09,2026-07-12,Closed,Bug,Academy Pro,Medium,Email,false,T1,false,203,75.4,24,true,Expected behaviour,AG-116,Tom Nair,false,
CASE-70522,ACC-1046,Ember Care,Strategic,AMER,Premier,2026-09-23,2026-09-24,Closed,Onboarding / Org Setup,Certification Vouchers,High,In-App Chat,false,T1,false,88,29,4,true,Seat limit reached,AG-111,Marcus Brandt,false,
CASE-70523,ACC-1046,Ember Care,Strategic,AMER,Premier,2026-06-24,2026-06-24,Closed,Platform Incident,Enterprise Programme,High,Email,false,T1,false,67,9.4,4,true,Content gap,AG-106,Omar Kovac,false,
CASE-70524,ACC-1046,Ember Care,Strategic,AMER,Premier,2026-07-17,,In Progress,How-To Question,Enterprise Programme,Medium,LMS Integration,true,T1,false,130,10.3,24,false,,AG-113,Elena Moreno,false,
CASE-70525,ACC-1046,Ember Care,Strategic,AMER,Premier,2026-08-30,2026-08-30,Closed,How-To Question,Certification Vouchers,Low,Email,false,T2,false,219,6.7,48,false,Content gap,AG-102,Kwame Lindqvist,false,
CASE-70526,ACC-1046,Ember Care,Strategic,AMER,Premier,2026-07-27,2026-07-27,Closed,How-To Question,Enterprise Programme,Medium,Email,false,T2,false,220,11.5,24,false,Content gap,AG-103,Lena Brandt,false,
CASE-70527,ACC-1046,Ember Care,Strategic,AMER,Premier,2026-08-21,2026-08-22,Closed,How-To Question,Implementation Services,Medium,Web Form,false,T1,false,215,13.2,24,false,Learner misconfiguration,AG-116,Tom Nair,false,
CASE-70528,ACC-1046,Ember Care,Strategic,AMER,Premier,2026-06-03,2026-06-03,Closed,Platform Incident,Academy Pro,High,Email,false,T1,false,2,1.3,4,false,Learner misconfiguration,AG-111,Marcus Brandt,false,4
CASE-70529,ACC-1046,Ember Care,Strategic,AMER,Premier,2026-08-14,2026-08-14,Closed,Billing / Seat Dispute,Implementation Services,Low,Email,false,T1,false,165,5.9,48,false,Expected behaviour,AG-105,Clara Iyer,false,5
CASE-70530,ACC-1046,Ember Care,Strategic,AMER,Premier,2026-08-14,,Waiting on Customer,Platform Incident,Certification Vouchers,High,In-App Chat,false,T1,false,2,2.7,4,false,,AG-107,Jonas Ahmed,false,
CASE-70531,ACC-1046,Ember Care,Strategic,AMER,Premier,2026-09-02,2026-09-02,Resolved - Monitoring,Platform Incident,Implementation Services,Medium,Phone,true,T2,false,226,7.9,24,false,Content gap,AG-103,Lena Brandt,false,
CASE-70532,ACC-1046,Ember Care,Strategic,AMER,Premier,2026-06-28,2026-06-30,Closed,Security / SSO,Classroom Seat-Days,Medium,LMS Integration,false,T2,false,203,54.2,24,true,Expected behaviour,AG-112,Yuki Marino,false,
CASE-70533,ACC-1046,Ember Care,Strategic,AMER,Premier,2026-07-22,2026-07-22,Resolved - Monitoring,Onboarding / Org Setup,Enterprise Programme,Medium,LMS Integration,false,T2,false,141,4.5,24,false,Seat limit reached,AG-114,Priya Almeida,false,
CASE-70534,ACC-1046,Ember Care,Strategic,AMER,Premier,2026-05-23,2026-05-23,Resolved - Monitoring,Billing / Seat Dispute,Academy Pro,Low,Web Form,false,T1,false,194,0.2,48,false,Video / CDN failure,AG-106,Omar Kovac,false,5
CASE-70535,ACC-1046,Ember Care,Strategic,AMER,Premier,2026-09-02,2026-09-06,Resolved - Monitoring,Content Request,Classroom Seat-Days,High,In-App Chat,true,T2,false,45,89.8,4,true,Seat limit reached,AG-112,Yuki Marino,false,3
CASE-70536,ACC-1046,Ember Care,Strategic,AMER,Premier,2026-09-12,,In Progress,How-To Question,Classroom Seat-Days,Medium,LMS Integration,false,T2,false,183,8,24,false,,AG-112,Yuki Marino,false,
CASE-70537,ACC-1046,Ember Care,Strategic,AMER,Premier,2026-05-28,2026-05-28,Resolved - Monitoring,Platform Incident,Academy Pro,High,Web Form,false,T2,false,47,4.9,4,false,Practice org expired,AG-115,Felix Kapoor,false,3
CASE-70538,ACC-1046,Ember Care,Strategic,AMER,Premier,2026-06-30,2026-06-30,Closed,How-To Question,Classroom Seat-Days,Medium,In-App Chat,true,T2,false,206,9.8,24,false,Seat limit reached,AG-101,Sana Nair,false,
CASE-70539,ACC-1046,Ember Care,Strategic,AMER,Premier,2026-07-12,2026-07-12,Closed,Platform Incident,Team Plan,Critical,Email,false,T2,false,25,1.1,1,false,Expected behaviour,AG-112,Yuki Marino,false,
CASE-70540,ACC-1046,Ember Care,Strategic,AMER,Premier,2026-06-28,2026-06-28,Closed,How-To Question,Certification Vouchers,Medium,In-App Chat,false,T3,false,172,10,24,false,Learner misconfiguration,AG-104,Jonas Diallo,false,
CASE-70541,ACC-1046,Ember Care,Strategic,AMER,Premier,2026-06-12,2026-06-13,Resolved - Monitoring,Onboarding / Org Setup,Academy Pro,Low,Web Form,false,T3,false,177,22.1,48,false,Content gap,AG-110,Ana Fischer,false,
CASE-70542,ACC-1046,Ember Care,Strategic,AMER,Premier,2026-06-04,2026-06-05,Closed,Onboarding / Org Setup,Academy Pro,Medium,Web Form,false,T2,false,216,25.5,24,false,Practice org expired,AG-103,Lena Brandt,false,
CASE-70543,ACC-1046,Ember Care,Strategic,AMER,Premier,2026-09-14,,In Progress,Bug,Enterprise Programme,Medium,LMS Integration,false,T1,false,260,27.3,24,false,,AG-117,Yuki Shaw,false,
CASE-70544,ACC-1046,Ember Care,Strategic,AMER,Premier,2026-08-24,2026-08-25,Resolved - Monitoring,Onboarding / Org Setup,Team Plan,Medium,LMS Integration,false,T1,false,169,18,24,false,Voucher pool exhausted,AG-117,Yuki Shaw,false,
CASE-70545,ACC-1046,Ember Care,Strategic,AMER,Premier,2026-06-28,2026-06-28,Closed,How-To Question,Certification Vouchers,High,Email,false,T1,false,2,8.8,4,true,Voucher pool exhausted,AG-106,Omar Kovac,false,
CASE-70546,ACC-1046,Ember Care,Strategic,AMER,Premier,2026-09-12,2026-09-12,Closed,How-To Question,Enterprise Programme,Low,LMS Integration,true,T1,false,99,9.2,48,false,Video / CDN failure,AG-100,Omar Berg,false,3
CASE-70547,ACC-1046,Ember Care,Strategic,AMER,Premier,2026-08-24,2026-08-26,Closed,Bug,Certification Vouchers,High,Phone,false,T3,false,103,41.8,4,true,Product defect,AG-110,Ana Fischer,false,
CASE-70548,ACC-1046,Ember Care,Strategic,AMER,Premier,2026-08-30,2026-08-30,Closed,How-To Question,Implementation Services,Medium,In-App Chat,true,T3,false,190,8.1,24,false,Learner misconfiguration,AG-110,Ana Fischer,false,
CASE-70549,ACC-1046,Ember Care,Strategic,AMER,Premier,2026-07-10,,In Progress,Security / SSO,Implementation Services,Medium,In-App Chat,false,T3,false,237,42.4,24,true,,AG-110,Ana Fischer,false,
CASE-70550,ACC-1046,Ember Care,Strategic,AMER,Premier,2026-09-20,2026-09-22,Closed,Onboarding / Org Setup,Academy Pro,Medium,Phone,false,T2,false,228,43.1,24,true,Practice org expired,AG-109,Zara Chen,false,2
CASE-70551,ACC-1047,Foundry Works,SMB,APAC,Standard,2026-05-24,2026-05-24,Closed,How-To Question,Certification Vouchers,Low,In-App Chat,false,T1,false,210,8.8,48,false,Practice org expired,AG-113,Elena Moreno,false,
CASE-70552,ACC-1047,Foundry Works,SMB,APAC,Standard,2025-10-30,2025-10-30,Closed,Platform Incident,Implementation Services,High,Email,false,T2,false,71,10.5,4,true,Content gap,AG-103,Lena Brandt,false,
CASE-70553,ACC-1047,Foundry Works,SMB,APAC,Standard,2025-12-28,,In Progress,How-To Question,Team Plan,Low,LMS Integration,false,T1,false,147,15.1,48,false,,AG-100,Omar Berg,true,
CASE-70554,ACC-1047,Foundry Works,SMB,APAC,Standard,2026-04-14,2026-04-15,Closed,How-To Question,Implementation Services,Medium,Slack Connect,true,T1,false,180,12.9,24,false,Learner misconfiguration,AG-107,Jonas Ahmed,false,4
CASE-70555,ACC-1047,Foundry Works,SMB,APAC,Standard,2026-03-07,2026-03-07,Closed,Billing / Seat Dispute,Academy Pro,Low,LMS Integration,false,T2,false,143,3.1,48,false,Content gap,AG-102,Kwame Lindqvist,true,
CASE-70556,ACC-1047,Foundry Works,SMB,APAC,Standard,2026-03-15,2026-03-16,Closed,How-To Question,Team Plan,Low,LMS Integration,false,T2,false,194,12.2,48,false,Product defect,AG-115,Felix Kapoor,false,5
CASE-70557,ACC-1047,Foundry Works,SMB,APAC,Standard,2025-03-27,2025-03-28,Resolved - Monitoring,How-To Question,Enterprise Programme,High,In-App Chat,true,T2,false,2,13.8,4,true,Expected behaviour,AG-112,Yuki Marino,false,2
CASE-70558,ACC-1047,Foundry Works,SMB,APAC,Standard,2026-06-24,2026-06-27,Closed,Content Request,Certification Vouchers,Medium,Email,false,T1,false,246,78.8,24,true,Content gap,AG-105,Clara Iyer,true,4
CASE-70559,ACC-1047,Foundry Works,SMB,APAC,Standard,2026-01-05,2026-01-06,Closed,Onboarding / Org Setup,Enterprise Programme,High,LMS Integration,false,T1,false,86,22.1,4,true,Product defect,AG-100,Omar Berg,true,
CASE-70560,ACC-1047,Foundry Works,SMB,APAC,Standard,2026-07-07,2026-07-11,Closed,Content Request,Enterprise Programme,Medium,Web Form,false,T2,false,269,104.6,24,true,Practice org expired,AG-114,Priya Almeida,false,2
CASE-70561,ACC-1048,Lumen Digital,Mid-Market,APAC,Standard,2025-05-22,2025-05-22,Closed,Platform Incident,Team Plan,High,Email,false,T2,false,34,2.1,4,false,Content gap,AG-109,Zara Chen,false,
CASE-70562,ACC-1048,Lumen Digital,Mid-Market,APAC,Standard,2025-03-01,2025-03-02,Resolved - Monitoring,Onboarding / Org Setup,Classroom Seat-Days,Medium,Slack Connect,false,T1,false,165,28.1,24,true,Expected behaviour,AG-113,Elena Moreno,false,
CASE-70563,ACC-1048,Lumen Digital,Mid-Market,APAC,Standard,2026-03-27,2026-03-30,Closed,Content Request,Classroom Seat-Days,Low,Slack Connect,true,T1,false,183,75.1,48,true,Expected behaviour,AG-106,Omar Kovac,false,
CASE-70564,ACC-1048,Lumen Digital,Mid-Market,APAC,Standard,2026-09-21,,Waiting on Customer,How-To Question,Certification Vouchers,High,Email,true,T1,false,41,3.8,4,false,,AG-113,Elena Moreno,false,
CASE-70565,ACC-1048,Lumen Digital,Mid-Market,APAC,Standard,2025-03-05,2025-03-05,Closed,How-To Question,Implementation Services,Medium,Web Form,false,T1,false,201,7.6,24,false,Voucher pool exhausted,AG-116,Tom Nair,false,
CASE-70566,ACC-1048,Lumen Digital,Mid-Market,APAC,Standard,2026-06-05,2026-06-06,Closed,Bug,Implementation Services,Medium,LMS Integration,true,T2,false,151,33.2,24,true,Seat limit reached,AG-101,Sana Nair,false,2
CASE-70567,ACC-1048,Lumen Digital,Mid-Market,APAC,Standard,2025-06-28,2025-06-28,Closed,How-To Question,Classroom Seat-Days,Medium,Email,false,T2,false,177,9,24,false,Learner misconfiguration,AG-115,Felix Kapoor,false,3
CASE-70568,ACC-1048,Lumen Digital,Mid-Market,APAC,Standard,2025-11-22,2025-11-22,Closed,Platform Incident,Classroom Seat-Days,Critical,LMS Integration,false,T1,true,2,4.1,1,true,Practice org expired,AG-100,Omar Berg,false,
CASE-70569,ACC-1048,Lumen Digital,Mid-Market,APAC,Standard,2025-06-02,2025-06-02,Closed,Platform Incident,Certification Vouchers,High,In-App Chat,false,T2,false,41,5.2,4,true,Practice org expired,AG-114,Priya Almeida,false,
CASE-70570,ACC-1048,Lumen Digital,Mid-Market,APAC,Standard,2025-11-17,,In Progress,Onboarding / Org Setup,Enterprise Programme,Low,Email,false,T1,false,138,15.7,48,false,,AG-111,Marcus Brandt,false,
CASE-70571,ACC-1050,Lattice Digital,SMB,AMER,Standard,2024-06-29,2024-07-01,Closed,Bug,Team Plan,High,Email,false,T3,false,52,56.6,4,true,Content gap,AG-110,Ana Fischer,false,3
CASE-70572,ACC-1050,Lattice Digital,SMB,AMER,Standard,2026-05-22,2026-05-22,Closed,Platform Incident,Team Plan,High,LMS Integration,false,T3,false,80,6.3,4,true,Practice org expired,AG-110,Ana Fischer,false,
CASE-70573,ACC-1050,Lattice Digital,SMB,AMER,Standard,2026-08-02,2026-08-03,Resolved - Monitoring,Onboarding / Org Setup,Certification Vouchers,Low,Web Form,false,T3,false,238,24.7,48,false,Expected behaviour,AG-104,Jonas Diallo,false,
CASE-70574,ACC-1050,Lattice Digital,SMB,AMER,Standard,2024-08-02,2024-08-03,Closed,How-To Question,Classroom Seat-Days,Medium,LMS Integration,true,T1,false,211,13.1,24,false,Practice org expired,AG-111,Marcus Brandt,false,
CASE-70575,ACC-1050,Lattice Digital,SMB,AMER,Standard,2024-10-31,2024-11-01,Closed,How-To Question,Classroom Seat-Days,Low,Web Form,true,T1,false,200,14.5,48,false,Video / CDN failure,AG-107,Jonas Ahmed,false,4
CASE-70576,ACC-1050,Lattice Digital,SMB,AMER,Standard,2024-08-17,,New,Security / SSO,Certification Vouchers,Low,Web Form,true,T1,false,218,40.3,48,false,,AG-100,Omar Berg,false,
CASE-70577,ACC-1050,Lattice Digital,SMB,AMER,Standard,2025-08-25,,In Progress,How-To Question,Enterprise Programme,Medium,Email,false,T1,false,201,8.9,24,false,,AG-107,Jonas Ahmed,false,
CASE-70578,ACC-1051,Cobalt Pharma,Self-Serve,AMER,Community,2026-08-20,2026-08-22,Closed,Bug,Implementation Services,Low,Web Form,false,T1,false,163,45.5,48,false,Voucher pool exhausted,AG-116,Tom Nair,false,3
CASE-70579,ACC-1051,Cobalt Pharma,Self-Serve,AMER,Community,2026-09-14,2026-09-15,Closed,Billing / Seat Dispute,Implementation Services,Medium,LMS Integration,false,T3,false,224,18.3,24,false,Learner misconfiguration,AG-104,Jonas Diallo,false,4
CASE-70580,ACC-1051,Cobalt Pharma,Self-Serve,AMER,Community,2026-09-21,2026-09-22,Resolved - Monitoring,Onboarding / Org Setup,Enterprise Programme,Low,LMS Integration,false,T2,false,177,31.1,48,false,Practice org expired,AG-103,Lena Brandt,false,
CASE-70581,ACC-1052,Vertex Motors,SMB,LATAM,Standard,2025-01-17,2025-01-17,Resolved - Monitoring,How-To Question,Classroom Seat-Days,Medium,Email,true,T2,false,214,7.4,24,false,Voucher pool exhausted,AG-101,Sana Nair,false,
CASE-70582,ACC-1052,Vertex Motors,SMB,LATAM,Standard,2025-03-20,2025-03-20,Closed,How-To Question,Team Plan,Medium,Email,false,T1,false,158,6,24,false,Product defect,AG-107,Jonas Ahmed,false,3
CASE-70583,ACC-1052,Vertex Motors,SMB,LATAM,Standard,2025-01-24,,In Progress,Billing / Seat Dispute,Team Plan,Medium,Phone,true,T3,false,125,15.9,24,false,,AG-104,Jonas Diallo,false,
CASE-70584,ACC-1052,Vertex Motors,SMB,LATAM,Standard,2025-04-07,2025-04-07,Closed,How-To Question,Certification Vouchers,Medium,Email,false,T1,false,198,4.7,24,false,Product defect,AG-100,Omar Berg,false,
CASE-70585,ACC-1052,Vertex Motors,SMB,LATAM,Standard,2024-11-13,2024-11-14,Closed,Security / SSO,Team Plan,Medium,Email,false,T1,false,173,26.9,24,true,Practice org expired,AG-111,Marcus Brandt,false,
CASE-70586,ACC-1052,Vertex Motors,SMB,LATAM,Standard,2025-11-02,,Waiting on Customer,Platform Incident,Academy Pro,Critical,LMS Integration,false,T3,false,76,1.9,1,true,,AG-110,Ana Fischer,false,
CASE-70587,ACC-1053,Cinder Media,Self-Serve,LATAM,Community,2026-02-12,2026-02-12,Closed,How-To Question,Enterprise Programme,Medium,Phone,false,T1,true,104,10.3,24,false,Content gap,AG-107,Jonas Ahmed,false,5
CASE-70588,ACC-1053,Cinder Media,Self-Serve,LATAM,Community,2026-09-10,2026-09-11,Closed,Onboarding / Org Setup,Enterprise Programme,High,Phone,false,T1,false,2,22.1,4,true,Expected behaviour,AG-116,Tom Nair,false,
CASE-70589,ACC-1053,Cinder Media,Self-Serve,LATAM,Community,2025-10-17,2025-10-17,Closed,How-To Question,Enterprise Programme,Medium,Web Form,true,T1,false,205,6.4,24,false,Content gap,AG-106,Omar Kovac,false,
CASE-70590,ACC-1053,Cinder Media,Self-Serve,LATAM,Community,2025-11-19,2025-11-19,Closed,How-To Question,Academy Pro,Medium,Web Form,true,T2,false,193,10.5,24,false,Content gap,AG-102,Kwame Lindqvist,false,
CASE-70591,ACC-1054,Halcyon Digital,Enterprise,AMER,Business,2026-04-20,2026-04-22,Resolved - Monitoring,Bug,Academy Pro,Medium,Web Form,true,T2,false,204,43.5,24,true,Seat limit reached,AG-114,Priya Almeida,false,
CASE-70592,ACC-1054,Halcyon Digital,Enterprise,AMER,Business,2025-04-20,2025-04-21,Resolved - Monitoring,Bug,Classroom Seat-Days,Low,Web Form,false,T1,true,200,35.6,48,false,Learner misconfiguration,AG-105,Clara Iyer,false,
CASE-70593,ACC-1054,Halcyon Digital,Enterprise,AMER,Business,2025-11-05,2025-11-05,Resolved - Monitoring,Platform Incident,Academy Pro,High,Web Form,false,T2,false,66,6.6,4,true,Product defect,AG-102,Kwame Lindqvist,false,2
CASE-70594,ACC-1054,Halcyon Digital,Enterprise,AMER,Business,2026-06-23,2026-06-25,Resolved - Monitoring,Onboarding / Org Setup,Enterprise Programme,Medium,Slack Connect,false,T1,false,245,36.2,24,true,Expected behaviour,AG-100,Omar Berg,false,
CASE-70595,ACC-1054,Halcyon Digital,Enterprise,AMER,Business,2025-12-21,2025-12-22,Closed,Bug,Team Plan,Medium,LMS Integration,false,T1,true,215,33.7,24,true,Expected behaviour,AG-100,Omar Berg,false,
CASE-70596,ACC-1054,Halcyon Digital,Enterprise,AMER,Business,2025-10-12,2025-10-13,Closed,Billing / Seat Dispute,Team Plan,High,Web Form,false,T2,false,47,24.8,4,true,Learner misconfiguration,AG-103,Lena Brandt,false,
CASE-70597,ACC-1054,Halcyon Digital,Enterprise,AMER,Business,2026-05-15,2026-05-16,Closed,How-To Question,Academy Pro,Low,Email,true,T2,false,244,12.8,48,false,Voucher pool exhausted,AG-102,Kwame Lindqvist,false,
CASE-70598,ACC-1054,Halcyon Digital,Enterprise,AMER,Business,2025-06-04,2025-06-05,Closed,Onboarding / Org Setup,Team Plan,Medium,In-App Chat,false,T2,false,208,13.4,24,false,Seat limit reached,AG-102,Kwame Lindqvist,false,3
CASE-70599,ACC-1054,Halcyon Digital,Enterprise,AMER,Business,2026-01-20,,In Progress,Content Request,Team Plan,Medium,LMS Integration,false,T2,false,228,65.8,24,true,,AG-112,Yuki Marino,false,
CASE-70600,ACC-1054,Halcyon Digital,Enterprise,AMER,Business,2026-03-10,,In Progress,Billing / Seat Dispute,Academy Pro,High,LMS Integration,false,T2,false,84,16.1,4,true,,AG-101,Sana Nair,false,
CASE-70601,ACC-1054,Halcyon Digital,Enterprise,AMER,Business,2026-04-24,2026-04-24,Closed,How-To Question,Academy Pro,Medium,In-App Chat,true,T1,false,181,7.8,24,false,Video / CDN failure,AG-116,Tom Nair,false,5
CASE-70602,ACC-1054,Halcyon Digital,Enterprise,AMER,Business,2026-07-26,2026-07-27,Resolved - Monitoring,Bug,Implementation Services,Low,Email,false,T2,false,199,25.3,48,false,Content gap,AG-102,Kwame Lindqvist,false,
CASE-70603,ACC-1054,Halcyon Digital,Enterprise,AMER,Business,2025-11-05,2025-11-05,Closed,Platform Incident,Certification Vouchers,High,Email,false,T2,false,99,4.7,4,true,Video / CDN failure,AG-102,Kwame Lindqvist,false,4
CASE-70604,ACC-1054,Halcyon Digital,Enterprise,AMER,Business,2026-01-11,2026-01-11,Closed,How-To Question,Classroom Seat-Days,Medium,In-App Chat,false,T1,false,229,9,24,false,Learner misconfiguration,AG-116,Tom Nair,false,2
CASE-70605,ACC-1054,Halcyon Digital,Enterprise,AMER,Business,2026-02-10,2026-02-10,Closed,How-To Question,Implementation Services,High,Email,true,T1,false,48,3,4,false,Practice org expired,AG-111,Marcus Brandt,false,5
CASE-70606,ACC-1054,Halcyon Digital,Enterprise,AMER,Business,2026-02-06,2026-02-06,Resolved - Monitoring,How-To Question,Academy Pro,Medium,In-App Chat,true,T2,false,228,10.6,24,false,Practice org expired,AG-108,Kwame Iyer,false,
CASE-70607,ACC-1054,Halcyon Digital,Enterprise,AMER,Business,2026-03-21,2026-03-22,Resolved - Monitoring,Billing / Seat Dispute,Classroom Seat-Days,High,In-App Chat,true,T1,false,11,23.9,4,true,Content gap,AG-117,Yuki Shaw,false,2
CASE-70608,ACC-1054,Halcyon Digital,Enterprise,AMER,Business,2025-07-16,2025-07-17,Closed,Bug,Team Plan,Medium,LMS Integration,false,T2,false,188,16,24,false,Content gap,AG-102,Kwame Lindqvist,false,
CASE-70609,ACC-1054,Halcyon Digital,Enterprise,AMER,Business,2026-06-16,2026-06-16,Resolved - Monitoring,How-To Question,Enterprise Programme,Low,Web Form,true,T2,false,120,11.9,48,false,Product defect,AG-101,Sana Nair,false,4
CASE-70610,ACC-1054,Halcyon Digital,Enterprise,AMER,Business,2025-05-19,,In Progress,Onboarding / Org Setup,Classroom Seat-Days,High,Email,false,T2,false,2,32.2,4,true,,AG-108,Kwame Iyer,false,
CASE-70611,ACC-1054,Halcyon Digital,Enterprise,AMER,Business,2025-09-30,2025-09-30,Closed,How-To Question,Classroom Seat-Days,High,Email,true,T2,false,103,10.6,4,true,Voucher pool exhausted,AG-101,Sana Nair,false,3
CASE-70612,ACC-1054,Halcyon Digital,Enterprise,AMER,Business,2026-08-15,2026-08-16,Closed,How-To Question,Academy Pro,High,Web Form,false,T2,false,2,12.3,4,true,Product defect,AG-103,Lena Brandt,false,4
CASE-70613,ACC-1054,Halcyon Digital,Enterprise,AMER,Business,2026-03-09,2026-03-10,Closed,Content Request,Enterprise Programme,Medium,Web Form,false,T2,true,212,15.8,24,false,Practice org expired,AG-102,Kwame Lindqvist,false,
CASE-70614,ACC-1054,Halcyon Digital,Enterprise,AMER,Business,2026-06-18,2026-06-19,Resolved - Monitoring,Bug,Implementation Services,Medium,Email,false,T1,false,264,29.1,24,true,Seat limit reached,AG-107,Jonas Ahmed,false,
CASE-70615,ACC-1054,Halcyon Digital,Enterprise,AMER,Business,2025-05-12,2025-05-13,Closed,Billing / Seat Dispute,Team Plan,Low,Phone,false,T1,false,210,13,48,false,SSO / identity,AG-105,Clara Iyer,false,
CASE-70616,ACC-1054,Halcyon Digital,Enterprise,AMER,Business,2025-07-31,2025-07-31,Closed,Platform Incident,Enterprise Programme,High,In-App Chat,false,T1,false,57,9.8,4,true,Practice org expired,AG-100,Omar Berg,false,2
CASE-70617,ACC-1054,Halcyon Digital,Enterprise,AMER,Business,2026-03-03,2026-03-04,Closed,Onboarding / Org Setup,Implementation Services,High,Email,false,T2,false,67,20.7,4,true,Seat limit reached,AG-114,Priya Almeida,false,
CASE-70618,ACC-1054,Halcyon Digital,Enterprise,AMER,Business,2026-07-25,2026-07-27,Closed,Bug,Academy Pro,High,LMS Integration,false,T1,false,147,41.8,4,true,Practice org expired,AG-106,Omar Kovac,false,
CASE-70619,ACC-1054,Halcyon Digital,Enterprise,AMER,Business,2026-02-08,2026-02-08,Resolved - Monitoring,How-To Question,Enterprise Programme,Medium,Web Form,false,T1,false,232,9.9,24,false,Expected behaviour,AG-106,Omar Kovac,false,
CASE-70620,ACC-1054,Halcyon Digital,Enterprise,AMER,Business,2026-08-05,2026-08-06,Resolved - Monitoring,Billing / Seat Dispute,Implementation Services,Medium,In-App Chat,false,T1,false,216,21.4,24,false,Expected behaviour,AG-116,Tom Nair,false,5
CASE-70621,ACC-1054,Halcyon Digital,Enterprise,AMER,Business,2026-01-19,2026-01-19,Closed,How-To Question,Certification Vouchers,High,Email,false,T1,false,21,11,4,true,Video / CDN failure,AG-116,Tom Nair,false,
CASE-70622,ACC-1054,Halcyon Digital,Enterprise,AMER,Business,2026-03-04,2026-03-05,Closed,Onboarding / Org Setup,Classroom Seat-Days,Medium,Email,false,T2,false,177,25.9,24,true,Practice org expired,AG-112,Yuki Marino,false,4
CASE-70623,ACC-1055,Foundry Consulting,SMB,EMEA,Standard,2026-04-20,,New,How-To Question,Academy Pro,Medium,Web Form,false,T2,false,200,10.1,24,false,,AG-108,Kwame Iyer,false,
CASE-70624,ACC-1055,Foundry Consulting,SMB,EMEA,Standard,2026-08-12,,New,Onboarding / Org Setup,Classroom Seat-Days,Medium,Slack Connect,false,T2,false,192,33.4,24,true,,AG-112,Yuki Marino,false,
CASE-70625,ACC-1055,Foundry Consulting,SMB,EMEA,Standard,2026-01-30,2026-01-30,Closed,How-To Question,Classroom Seat-Days,Low,Web Form,false,T1,false,155,10.9,48,false,Video / CDN failure,AG-100,Omar Berg,false,
CASE-70626,ACC-1055,Foundry Consulting,SMB,EMEA,Standard,2026-06-11,2026-06-11,Closed,Billing / Seat Dispute,Academy Pro,Medium,LMS Integration,false,T2,false,259,5.7,24,false,Voucher pool exhausted,AG-108,Kwame Iyer,false,4
CASE-70627,ACC-1055,Foundry Consulting,SMB,EMEA,Standard,2026-03-11,2026-03-12,Closed,Billing / Seat Dispute,Certification Vouchers,Low,Email,false,T2,false,142,23.2,48,false,Content gap,AG-115,Felix Kapoor,false,5
CASE-70628,ACC-1055,Foundry Consulting,SMB,EMEA,Standard,2026-07-28,,In Progress,How-To Question,Implementation Services,Medium,Email,false,T1,false,160,10.4,24,false,,AG-113,Elena Moreno,false,
CASE-70629,ACC-1055,Foundry Consulting,SMB,EMEA,Standard,2026-03-06,2026-03-07,Resolved - Monitoring,Billing / Seat Dispute,Team Plan,Medium,In-App Chat,false,T1,false,274,17.7,24,false,Content gap,AG-106,Omar Kovac,false,
CASE-70630,ACC-1055,Foundry Consulting,SMB,EMEA,Standard,2026-05-13,2026-05-13,Closed,How-To Question,Certification Vouchers,Medium,Email,true,T1,false,155,9.8,24,false,Video / CDN failure,AG-113,Elena Moreno,false,3
CASE-70631,ACC-1057,Ember Group,SMB,AMER,Standard,2026-07-26,,In Progress,How-To Question,Implementation Services,Low,Email,true,T1,false,206,7.1,48,false,,AG-105,Clara Iyer,false,
CASE-70632,ACC-1057,Ember Group,SMB,AMER,Standard,2024-12-05,,New,How-To Question,Implementation Services,Low,Web Form,false,T1,false,196,7,48,false,,AG-106,Omar Kovac,false,
CASE-70633,ACC-1057,Ember Group,SMB,AMER,Standard,2026-01-18,2026-01-18,Resolved - Monitoring,How-To Question,Team Plan,Medium,Email,false,T2,false,224,9.9,24,false,Expected behaviour,AG-109,Zara Chen,false,5
CASE-70634,ACC-1057,Ember Group,SMB,AMER,Standard,2025-10-19,2025-10-20,Closed,How-To Question,Certification Vouchers,Medium,Web Form,true,T1,false,207,14.7,24,false,SSO / identity,AG-107,Jonas Ahmed,false,5
CASE-70635,ACC-1057,Ember Group,SMB,AMER,Standard,2026-06-11,2026-06-12,Closed,Billing / Seat Dispute,Team Plan,Medium,In-App Chat,false,T2,false,127,27.6,24,true,Expected behaviour,AG-102,Kwame Lindqvist,false,
CASE-70636,ACC-1057,Ember Group,SMB,AMER,Standard,2026-01-05,2026-01-05,Closed,Content Request,Classroom Seat-Days,Medium,LMS Integration,false,T2,false,114,0.2,24,false,Voucher pool exhausted,AG-109,Zara Chen,false,5
CASE-70637,ACC-1057,Ember Group,SMB,AMER,Standard,2025-08-04,2025-08-05,Resolved - Monitoring,Onboarding / Org Setup,Enterprise Programme,Medium,Web Form,false,T2,false,193,16.3,24,false,Practice org expired,AG-103,Lena Brandt,false,
CASE-70638,ACC-1057,Ember Group,SMB,AMER,Standard,2025-12-24,2025-12-27,Closed,Content Request,Certification Vouchers,High,Email,false,T2,false,2,82.4,4,true,Video / CDN failure,AG-101,Sana Nair,false,
CASE-70639,ACC-1058,Wexler Pharma,SMB,AMER,Standard,2025-09-04,2025-09-06,Closed,Bug,Certification Vouchers,Low,LMS Integration,false,T1,true,227,37.7,48,false,Product defect,AG-113,Elena Moreno,false,
CASE-70640,ACC-1058,Wexler Pharma,SMB,AMER,Standard,2025-10-02,2025-10-03,Closed,Billing / Seat Dispute,Academy Pro,Low,Web Form,false,T2,false,162,26.1,48,false,Video / CDN failure,AG-114,Priya Almeida,false,4
CASE-70641,ACC-1058,Wexler Pharma,SMB,AMER,Standard,2026-05-17,2026-05-17,Resolved - Monitoring,How-To Question,Academy Pro,Low,Web Form,true,T3,false,129,6.9,48,false,Content gap,AG-104,Jonas Diallo,false,
CASE-70642,ACC-1058,Wexler Pharma,SMB,AMER,Standard,2025-10-08,2025-10-08,Resolved - Monitoring,How-To Question,Implementation Services,Medium,In-App Chat,true,T1,false,169,11.1,24,false,Seat limit reached,AG-107,Jonas Ahmed,false,4
CASE-70643,ACC-1058,Wexler Pharma,SMB,AMER,Standard,2025-12-31,2025-12-31,Closed,Bug,Implementation Services,Low,Email,false,T2,false,225,2.8,48,false,Product defect,AG-101,Sana Nair,false,
CASE-70644,ACC-1058,Wexler Pharma,SMB,AMER,Standard,2026-07-08,,In Progress,How-To Question,Implementation Services,Low,Web Form,false,T1,false,229,7.9,48,false,,AG-117,Yuki Shaw,false,
CASE-70645,ACC-1059,Orbital Bank,Enterprise,AMER,Business,2026-09-23,2026-09-25,Resolved - Monitoring,Bug,Implementation Services,High,In-App Chat,false,T1,false,2,51.9,4,true,Expected behaviour,AG-111,Marcus Brandt,false,2
CASE-70646,ACC-1059,Orbital Bank,Enterprise,AMER,Business,2026-07-06,2026-07-06,Closed,Onboarding / Org Setup,Implementation Services,High,Web Form,false,T1,false,79,1.6,4,false,Practice org expired,AG-116,Tom Nair,false,
CASE-70647,ACC-1059,Orbital Bank,Enterprise,AMER,Business,2026-05-06,2026-05-07,Closed,Onboarding / Org Setup,Certification Vouchers,Medium,In-App Chat,false,T2,false,188,17.7,24,false,Content gap,AG-114,Priya Almeida,false,4
CASE-70648,ACC-1059,Orbital Bank,Enterprise,AMER,Business,2026-08-07,2026-08-11,Closed,Content Request,Certification Vouchers,Low,Web Form,false,T2,false,205,90.3,48,true,Expected behaviour,AG-115,Felix Kapoor,false,
CASE-70649,ACC-1059,Orbital Bank,Enterprise,AMER,Business,2026-09-14,2026-09-15,Closed,Onboarding / Org Setup,Implementation Services,Medium,Web Form,false,T3,false,205,20.1,24,false,SSO / identity,AG-104,Jonas Diallo,false,
CASE-70650,ACC-1059,Orbital Bank,Enterprise,AMER,Business,2026-04-29,2026-04-29,Resolved - Monitoring,How-To Question,Implementation Services,High,In-App Chat,false,T1,false,58,11.4,4,true,Practice org expired,AG-116,Tom Nair,false,
CASE-70651,ACC-1059,Orbital Bank,Enterprise,AMER,Business,2026-08-10,2026-08-11,Closed,Onboarding / Org Setup,Implementation Services,Medium,Email,false,T3,false,161,23.1,24,false,SSO / identity,AG-110,Ana Fischer,false,
CASE-70652,ACC-1059,Orbital Bank,Enterprise,AMER,Business,2026-04-12,2026-04-14,Closed,Bug,Classroom Seat-Days,Low,Email,false,T2,false,190,38.4,48,false,Product defect,AG-102,Kwame Lindqvist,false,4
CASE-70653,ACC-1059,Orbital Bank,Enterprise,AMER,Business,2026-04-02,2026-04-03,Resolved - Monitoring,Onboarding / Org Setup,Team Plan,High,Email,false,T2,false,60,26.8,4,true,Product defect,AG-101,Sana Nair,false,
CASE-70654,ACC-1059,Orbital Bank,Enterprise,AMER,Business,2026-03-16,2026-03-16,Resolved - Monitoring,Onboarding / Org Setup,Team Plan,Medium,Web Form,true,T3,false,213,11,24,false,Practice org expired,AG-110,Ana Fischer,false,
CASE-70655,ACC-1059,Orbital Bank,Enterprise,AMER,Business,2026-07-07,2026-07-09,Closed,Onboarding / Org Setup,Classroom Seat-Days,Low,Email,false,T1,false,171,40.3,48,false,Seat limit reached,AG-107,Jonas Ahmed,false,5
CASE-70656,ACC-1059,Orbital Bank,Enterprise,AMER,Business,2026-07-28,2026-07-28,Closed,Billing / Seat Dispute,Academy Pro,Low,Phone,false,T1,false,166,3.7,48,false,Practice org expired,AG-106,Omar Kovac,false,4
CASE-70657,ACC-1059,Orbital Bank,Enterprise,AMER,Business,2026-06-13,2026-06-14,Closed,Onboarding / Org Setup,Certification Vouchers,High,Web Form,false,T1,true,26,24.6,4,true,Video / CDN failure,AG-100,Omar Berg,false,
CASE-70658,ACC-1059,Orbital Bank,Enterprise,AMER,Business,2026-07-29,2026-07-29,Resolved - Monitoring,Platform Incident,Enterprise Programme,Critical,LMS Integration,false,T1,false,148,0.2,1,false,SSO / identity,AG-100,Omar Berg,false,
CASE-70659,ACC-1059,Orbital Bank,Enterprise,AMER,Business,2026-07-20,2026-07-21,Closed,Onboarding / Org Setup,Certification Vouchers,Medium,Email,false,T2,false,197,27.7,24,true,Learner misconfiguration,AG-101,Sana Nair,false,
CASE-70660,ACC-1059,Orbital Bank,Enterprise,AMER,Business,2026-07-20,2026-07-21,Resolved - Monitoring,Onboarding / Org Setup,Enterprise Programme,Medium,Web Form,false,T1,false,135,22.4,24,false,Expected behaviour,AG-100,Omar Berg,false,
CASE-70661,ACC-1059,Orbital Bank,Enterprise,AMER,Business,2026-09-21,2026-09-22,Closed,Onboarding / Org Setup,Implementation Services,Low,Web Form,false,T2,false,209,17.3,48,false,Seat limit reached,AG-112,Yuki Marino,false,
CASE-70662,ACC-1059,Orbital Bank,Enterprise,AMER,Business,2026-06-27,2026-06-28,Closed,Onboarding / Org Setup,Academy Pro,Medium,Phone,false,T1,false,201,33.7,24,true,SSO / identity,AG-105,Clara Iyer,false,
CASE-70663,ACC-1059,Orbital Bank,Enterprise,AMER,Business,2026-09-23,,In Progress,How-To Question,Classroom Seat-Days,Low,Slack Connect,false,T2,false,260,13.8,48,false,,AG-103,Lena Brandt,false,
CASE-70664,ACC-1059,Orbital Bank,Enterprise,AMER,Business,2026-08-31,2026-09-02,Resolved - Monitoring,Content Request,Classroom Seat-Days,Medium,In-App Chat,false,T2,false,177,37.3,24,true,SSO / identity,AG-108,Kwame Iyer,false,
CASE-70665,ACC-1059,Orbital Bank,Enterprise,AMER,Business,2026-05-13,,In Progress,How-To Question,Classroom Seat-Days,High,In-App Chat,false,T3,false,86,12.8,4,true,,AG-110,Ana Fischer,false,
CASE-70666,ACC-1059,Orbital Bank,Enterprise,AMER,Business,2026-07-19,2026-07-20,Resolved - Monitoring,Billing / Seat Dispute,Implementation Services,Medium,Web Form,false,T2,false,194,17,24,false,Product defect,AG-109,Zara Chen,false,
CASE-70667,ACC-1059,Orbital Bank,Enterprise,AMER,Business,2026-03-27,2026-03-29,Closed,Bug,Team Plan,Medium,Web Form,false,T1,false,260,51.4,24,true,Learner misconfiguration,AG-100,Omar Berg,false,3
CASE-70668,ACC-1059,Orbital Bank,Enterprise,AMER,Business,2026-03-01,2026-03-05,Closed,Content Request,Academy Pro,Medium,LMS Integration,false,T2,false,189,95.4,24,true,Expected behaviour,AG-101,Sana Nair,false,
CASE-70669,ACC-1059,Orbital Bank,Enterprise,AMER,Business,2026-07-06,2026-07-06,Closed,How-To Question,Implementation Services,Low,In-App Chat,false,T3,false,220,6.3,48,false,Learner misconfiguration,AG-110,Ana Fischer,false,
CASE-70670,ACC-1059,Orbital Bank,Enterprise,AMER,Business,2026-09-12,2026-09-13,Closed,Billing / Seat Dispute,Academy Pro,Medium,Web Form,false,T1,false,276,12.5,24,false,Learner misconfiguration,AG-113,Elena Moreno,false,4
CASE-70671,ACC-1059,Orbital Bank,Enterprise,AMER,Business,2026-04-04,2026-04-07,Closed,Content Request,Enterprise Programme,High,LMS Integration,false,T1,false,98,71.8,4,true,Learner misconfiguration,AG-116,Tom Nair,false,
CASE-70672,ACC-1059,Orbital Bank,Enterprise,AMER,Business,2026-07-16,2026-07-17,Closed,Billing / Seat Dispute,Academy Pro,Low,Web Form,false,T2,false,162,20.7,48,false,Video / CDN failure,AG-112,Yuki Marino,false,
CASE-70673,ACC-1059,Orbital Bank,Enterprise,AMER,Business,2026-08-19,2026-08-20,Closed,Onboarding / Org Setup,Enterprise Programme,High,Email,false,T2,false,69,16.2,4,true,SSO / identity,AG-108,Kwame Iyer,false,3
CASE-70674,ACC-1059,Orbital Bank,Enterprise,AMER,Business,2026-08-10,2026-08-11,Closed,Onboarding / Org Setup,Certification Vouchers,Medium,In-App Chat,false,T2,false,139,30.3,24,true,Content gap,AG-109,Zara Chen,false,
CASE-70675,ACC-1059,Orbital Bank,Enterprise,AMER,Business,2026-07-04,2026-07-07,Resolved - Monitoring,Security / SSO,Implementation Services,Medium,In-App Chat,false,T1,false,178,64.4,24,true,Seat limit reached,AG-105,Clara Iyer,false,2
CASE-70676,ACC-1059,Orbital Bank,Enterprise,AMER,Business,2026-04-19,2026-04-21,Closed,Bug,Enterprise Programme,High,Web Form,false,T1,false,70,40.5,4,true,Practice org expired,AG-105,Clara Iyer,false,3
CASE-70677,ACC-1059,Orbital Bank,Enterprise,AMER,Business,2026-02-16,2026-02-16,Closed,Bug,Implementation Services,Low,LMS Integration,false,T3,false,241,5,48,false,Voucher pool exhausted,AG-110,Ana Fischer,false,
CASE-70678,ACC-1059,Orbital Bank,Enterprise,AMER,Business,2026-04-18,2026-04-19,Closed,How-To Question,Academy Pro,Low,Web Form,true,T1,false,82,13.2,48,false,Video / CDN failure,AG-107,Jonas Ahmed,false,5
CASE-70679,ACC-1060,Zephyr Health,SMB,AMER,Standard,2025-02-02,2025-02-03,Closed,Security / SSO,Classroom Seat-Days,Medium,Slack Connect,false,T1,false,188,33,24,true,SSO / identity,AG-113,Elena Moreno,false,3
CASE-70680,ACC-1060,Zephyr Health,SMB,AMER,Standard,2024-12-03,2024-12-03,Closed,How-To Question,Academy Pro,High,Web Form,false,T1,false,101,7.8,4,true,Video / CDN failure,AG-100,Omar Berg,false,
CASE-70681,ACC-1061,Rivet Media,Mid-Market,AMER,Standard,2025-12-30,,In Progress,Security / SSO,Enterprise Programme,Medium,Email,true,T2,false,166,52.2,24,true,,AG-109,Zara Chen,false,
CASE-70682,ACC-1061,Rivet Media,Mid-Market,AMER,Standard,2025-09-10,2025-09-15,Closed,Content Request,Certification Vouchers,Medium,Email,false,T1,false,180,119.9,24,true,Expected behaviour,AG-106,Omar Kovac,false,
CASE-70683,ACC-1061,Rivet Media,Mid-Market,AMER,Standard,2025-04-22,2025-04-22,Closed,How-To Question,Classroom Seat-Days,Low,Web Form,false,T2,false,234,6.1,48,false,Seat limit reached,AG-103,Lena Brandt,false,5
CASE-70684,ACC-1061,Rivet Media,Mid-Market,AMER,Standard,2026-09-07,2026-09-07,Closed,How-To Question,Classroom Seat-Days,Medium,Web Form,true,T1,false,161,0.8,24,false,Seat limit reached,AG-117,Yuki Shaw,false,
CASE-70685,ACC-1061,Rivet Media,Mid-Market,AMER,Standard,2026-07-02,2026-07-03,Closed,Billing / Seat Dispute,Academy Pro,Medium,Email,false,T2,false,246,18,24,false,Learner misconfiguration,AG-108,Kwame Iyer,false,
CASE-70686,ACC-1061,Rivet Media,Mid-Market,AMER,Standard,2025-12-22,2025-12-22,Closed,How-To Question,Implementation Services,Low,LMS Integration,true,T2,false,276,10.9,48,false,Voucher pool exhausted,AG-112,Yuki Marino,false,4
CASE-70687,ACC-1061,Rivet Media,Mid-Market,AMER,Standard,2025-02-09,2025-02-10,Closed,Onboarding / Org Setup,Classroom Seat-Days,Medium,Email,false,T3,false,152,16.5,24,false,Practice org expired,AG-104,Jonas Diallo,false,3
CASE-70688,ACC-1061,Rivet Media,Mid-Market,AMER,Standard,2025-12-02,2025-12-04,Closed,Security / SSO,Academy Pro,Medium,Email,false,T1,false,174,38.2,24,true,Seat limit reached,AG-111,Marcus Brandt,false,
CASE-70689,ACC-1061,Rivet Media,Mid-Market,AMER,Standard,2026-01-25,2026-01-26,Closed,How-To Question,Team Plan,Low,Email,true,T2,false,188,13.1,48,false,Seat limit reached,AG-108,Kwame Iyer,false,4
CASE-70690,ACC-1061,Rivet Media,Mid-Market,AMER,Standard,2025-02-23,,In Progress,How-To Question,Certification Vouchers,Low,LMS Integration,false,T2,false,237,10.9,48,false,,AG-101,Sana Nair,false,
CASE-70691,ACC-1061,Rivet Media,Mid-Market,AMER,Standard,2025-06-22,2025-06-25,Closed,Bug,Implementation Services,Medium,Web Form,false,T2,false,231,77.4,24,true,Practice org expired,AG-108,Kwame Iyer,false,4
CASE-70692,ACC-1061,Rivet Media,Mid-Market,AMER,Standard,2025-04-28,2025-04-28,Closed,Onboarding / Org Setup,Classroom Seat-Days,High,Email,false,T1,false,45,0.2,4,false,Expected behaviour,AG-116,Tom Nair,false,
CASE-70693,ACC-1061,Rivet Media,Mid-Market,AMER,Standard,2025-03-29,2025-03-30,Closed,Billing / Seat Dispute,Certification Vouchers,Low,Web Form,false,T3,false,202,21.2,48,false,Seat limit reached,AG-110,Ana Fischer,false,4
CASE-70694,ACC-1062,Halcyon Works,SMB,EMEA,Standard,2025-10-28,2025-10-28,Closed,Billing / Seat Dispute,Team Plan,Medium,Email,true,T1,false,207,7.4,24,false,Expected behaviour,AG-107,Jonas Ahmed,false,4
CASE-70695,ACC-1062,Halcyon Works,SMB,EMEA,Standard,2025-07-16,2025-07-19,Closed,Security / SSO,Academy Pro,Low,In-App Chat,false,T2,false,223,62.5,48,true,Expected behaviour,AG-102,Kwame Lindqvist,false,
CASE-70696,ACC-1062,Halcyon Works,SMB,EMEA,Standard,2025-12-27,2025-12-28,Closed,Onboarding / Org Setup,Implementation Services,Low,In-App Chat,false,T1,false,179,27.4,48,false,Practice org expired,AG-111,Marcus Brandt,false,5
CASE-70697,ACC-1062,Halcyon Works,SMB,EMEA,Standard,2025-12-07,2025-12-07,Closed,Content Request,Implementation Services,Medium,In-App Chat,false,T1,false,153,12,24,false,Product defect,AG-116,Tom Nair,false,
CASE-70698,ACC-1062,Halcyon Works,SMB,EMEA,Standard,2025-09-26,2025-09-27,Closed,How-To Question,Enterprise Programme,Low,LMS Integration,true,T1,false,172,13.8,48,false,Learner misconfiguration,AG-111,Marcus Brandt,false,
CASE-70699,ACC-1062,Halcyon Works,SMB,EMEA,Standard,2026-02-04,2026-02-04,Closed,Billing / Seat Dispute,Academy Pro,Medium,Web Form,false,T2,false,120,5.5,24,false,Product defect,AG-112,Yuki Marino,false,5
CASE-70700,ACC-1062,Halcyon Works,SMB,EMEA,Standard,2025-08-28,2025-08-28,Closed,How-To Question,Certification Vouchers,Medium,In-App Chat,false,T3,false,203,6.9,24,false,Voucher pool exhausted,AG-104,Jonas Diallo,false,4
CASE-70701,ACC-1062,Halcyon Works,SMB,EMEA,Standard,2025-10-17,2025-10-17,Resolved - Monitoring,Platform Incident,Certification Vouchers,High,Email,false,T2,false,60,7.3,4,true,SSO / identity,AG-109,Zara Chen,false,
CASE-70702,ACC-1064,North Digital,Mid-Market,EMEA,Standard,2024-08-28,2024-08-29,Closed,Onboarding / Org Setup,Team Plan,Medium,In-App Chat,false,T2,false,184,17.5,24,false,Video / CDN failure,AG-115,Felix Kapoor,false,2
CASE-70703,ACC-1064,North Digital,Mid-Market,EMEA,Standard,2024-11-19,2024-11-20,Closed,How-To Question,Implementation Services,Low,Web Form,false,T2,true,143,14.5,48,false,Learner misconfiguration,AG-109,Zara Chen,false,5
CASE-70704,ACC-1064,North Digital,Mid-Market,EMEA,Standard,2024-09-18,,New,Onboarding / Org Setup,Implementation Services,High,Email,false,T1,false,61,44.7,4,true,,AG-117,Yuki Shaw,false,
CASE-70705,ACC-1064,North Digital,Mid-Market,EMEA,Standard,2025-06-10,2025-06-10,Closed,Content Request,Enterprise Programme,Low,Slack Connect,false,T2,false,133,11.8,48,false,Product defect,AG-102,Kwame Lindqvist,false,3
CASE-70706,ACC-1064,North Digital,Mid-Market,EMEA,Standard,2024-10-27,2024-10-27,Closed,How-To Question,Academy Pro,Medium,In-App Chat,false,T1,false,228,7.6,24,false,Product defect,AG-113,Elena Moreno,false,
CASE-70707,ACC-1064,North Digital,Mid-Market,EMEA,Standard,2025-05-30,2025-05-31,Closed,How-To Question,Implementation Services,Medium,Phone,true,T1,false,156,12.2,24,false,Practice org expired,AG-100,Omar Berg,false,4
CASE-70708,ACC-1064,North Digital,Mid-Market,EMEA,Standard,2024-10-17,,In Progress,How-To Question,Certification Vouchers,Medium,Email,true,T2,false,206,10.5,24,false,,AG-109,Zara Chen,false,
CASE-70709,ACC-1064,North Digital,Mid-Market,EMEA,Standard,2025-01-27,2025-01-28,Closed,Onboarding / Org Setup,Certification Vouchers,Low,Email,false,T1,false,84,17.7,48,false,Seat limit reached,AG-105,Clara Iyer,false,
CASE-70710,ACC-1064,North Digital,Mid-Market,EMEA,Standard,2025-08-19,2025-08-21,Closed,Bug,Certification Vouchers,Medium,Web Form,true,T1,false,167,36.2,24,true,SSO / identity,AG-107,Jonas Ahmed,false,
CASE-70711,ACC-1064,North Digital,Mid-Market,EMEA,Standard,2025-08-23,,In Progress,Security / SSO,Implementation Services,Low,Email,false,T1,false,207,31.7,48,false,,AG-113,Elena Moreno,false,
CASE-70712,ACC-1064,North Digital,Mid-Market,EMEA,Standard,2025-12-15,2025-12-18,Closed,Bug,Classroom Seat-Days,Medium,Web Form,false,T1,false,188,66.2,24,true,Video / CDN failure,AG-113,Elena Moreno,false,
CASE-70713,ACC-1064,North Digital,Mid-Market,EMEA,Standard,2025-07-02,2025-07-03,Closed,Onboarding / Org Setup,Academy Pro,Medium,Web Form,false,T1,false,156,19.1,24,false,Product defect,AG-116,Tom Nair,false,
CASE-70714,ACC-1064,North Digital,Mid-Market,EMEA,Standard,2026-09-13,2026-09-13,Closed,How-To Question,Classroom Seat-Days,Medium,Web Form,false,T1,false,196,10.1,24,false,SSO / identity,AG-117,Yuki Shaw,false,
CASE-70715,ACC-1064,North Digital,Mid-Market,EMEA,Standard,2026-04-05,2026-04-05,Closed,How-To Question,Certification Vouchers,Medium,LMS Integration,false,T1,false,230,10.7,24,false,Content gap,AG-111,Marcus Brandt,false,4
CASE-70716,ACC-1064,North Digital,Mid-Market,EMEA,Standard,2025-06-05,2025-06-08,Closed,Bug,Academy Pro,Medium,In-App Chat,false,T2,false,240,63.2,24,true,Expected behaviour,AG-102,Kwame Lindqvist,false,2
CASE-70717,ACC-1064,North Digital,Mid-Market,EMEA,Standard,2025-11-16,2025-11-17,Closed,Bug,Enterprise Programme,Medium,In-App Chat,true,T1,false,165,33,24,true,Expected behaviour,AG-113,Elena Moreno,false,
CASE-70718,ACC-1064,North Digital,Mid-Market,EMEA,Standard,2026-03-29,2026-03-30,Closed,Bug,Academy Pro,High,Email,false,T1,false,92,28.3,4,true,Learner misconfiguration,AG-117,Yuki Shaw,false,3
CASE-70719,ACC-1064,North Digital,Mid-Market,EMEA,Standard,2024-12-09,2024-12-12,Resolved - Monitoring,Content Request,Classroom Seat-Days,High,Web Form,false,T1,true,18,60.4,4,true,Product defect,AG-106,Omar Kovac,false,
CASE-70720,ACC-1064,North Digital,Mid-Market,EMEA,Standard,2026-07-12,2026-07-13,Closed,Bug,Academy Pro,Medium,Email,false,T2,false,174,35.5,24,true,Voucher pool exhausted,AG-112,Yuki Marino,false,3
CASE-70721,ACC-1065,Halcyon Media,SMB,AMER,Standard,2025-06-16,2025-06-16,Closed,Billing / Seat Dispute,Classroom Seat-Days,Medium,Web Form,false,T1,false,222,5,24,false,Content gap,AG-116,Tom Nair,false,4
CASE-70722,ACC-1065,Halcyon Media,SMB,AMER,Standard,2026-09-21,2026-09-22,Closed,Onboarding / Org Setup,Academy Pro,Medium,Email,false,T1,false,151,27,24,true,Learner misconfiguration,AG-100,Omar Berg,false,5
CASE-70723,ACC-1065,Halcyon Media,SMB,AMER,Standard,2026-02-19,,Waiting on Customer,How-To Question,Academy Pro,Low,In-App Chat,true,T1,false,176,7.7,48,false,,AG-107,Jonas Ahmed,false,
CASE-70724,ACC-1065,Halcyon Media,SMB,AMER,Standard,2025-10-02,2025-10-03,Closed,Security / SSO,Team Plan,Medium,Email,false,T1,false,172,35.9,24,true,Video / CDN failure,AG-113,Elena Moreno,false,
CASE-70725,ACC-1065,Halcyon Media,SMB,AMER,Standard,2025-09-04,2025-09-05,Closed,Onboarding / Org Setup,Team Plan,Low,Email,true,T2,false,197,21.5,48,false,Expected behaviour,AG-112,Yuki Marino,false,4
CASE-70726,ACC-1065,Halcyon Media,SMB,AMER,Standard,2026-07-21,2026-07-21,Closed,Billing / Seat Dispute,Enterprise Programme,Low,Email,false,T3,false,239,11.3,48,false,Practice org expired,AG-110,Ana Fischer,false,5
CASE-70727,ACC-1065,Halcyon Media,SMB,AMER,Standard,2025-05-25,2025-05-28,Closed,Content Request,Classroom Seat-Days,Low,LMS Integration,false,T2,false,174,82,48,true,Expected behaviour,AG-103,Lena Brandt,false,
CASE-70728,ACC-1065,Halcyon Media,SMB,AMER,Standard,2025-05-03,,Waiting on Customer,How-To Question,Academy Pro,Low,Slack Connect,false,T1,false,118,10.2,48,false,,AG-117,Yuki Shaw,false,
CASE-70729,ACC-1065,Halcyon Media,SMB,AMER,Standard,2026-06-30,2026-06-30,Closed,Platform Incident,Academy Pro,Critical,In-App Chat,false,T1,false,116,4.1,1,true,Practice org expired,AG-117,Yuki Shaw,false,
CASE-70730,ACC-1066,Vertex Telecom,Self-Serve,EMEA,Community,2024-12-02,,In Progress,Content Request,Team Plan,Low,Web Form,true,T1,false,137,62,48,true,,AG-106,Omar Kovac,false,
CASE-70731,ACC-1066,Vertex Telecom,Self-Serve,EMEA,Community,2024-10-02,2024-10-02,Closed,Billing / Seat Dispute,Enterprise Programme,Low,Web Form,false,T2,false,145,5.8,48,false,Expected behaviour,AG-101,Sana Nair,false,
CASE-70732,ACC-1066,Vertex Telecom,Self-Serve,EMEA,Community,2025-06-12,2025-06-14,Resolved - Monitoring,Content Request,Academy Pro,High,Email,false,T1,false,92,39,4,true,Video / CDN failure,AG-116,Tom Nair,false,5
CASE-70733,ACC-1066,Vertex Telecom,Self-Serve,EMEA,Community,2025-03-06,2025-03-06,Closed,How-To Question,Certification Vouchers,Low,Email,true,T2,false,226,7.1,48,false,Product defect,AG-115,Felix Kapoor,false,4
CASE-70734,ACC-1067,Dovetail Energy,Strategic,EMEA,Premier,2025-09-17,2025-09-18,Closed,Billing / Seat Dispute,Implementation Services,High,In-App Chat,false,T1,false,2,30.4,4,true,Expected behaviour,AG-100,Omar Berg,false,
CASE-70735,ACC-1067,Dovetail Energy,Strategic,EMEA,Premier,2025-05-23,2025-05-25,Closed,Content Request,Classroom Seat-Days,Medium,Web Form,false,T3,false,169,51.4,24,true,Learner misconfiguration,AG-110,Ana Fischer,false,2
CASE-70736,ACC-1067,Dovetail Energy,Strategic,EMEA,Premier,2025-06-08,2025-06-08,Closed,Billing / Seat Dispute,Academy Pro,Medium,Email,false,T1,false,179,8.8,24,false,SSO / identity,AG-113,Elena Moreno,false,
CASE-70737,ACC-1067,Dovetail Energy,Strategic,EMEA,Premier,2026-05-21,2026-05-21,Closed,How-To Question,Implementation Services,Medium,Phone,false,T3,false,216,7.7,24,false,Expected behaviour,AG-104,Jonas Diallo,false,5
CASE-70738,ACC-1067,Dovetail Energy,Strategic,EMEA,Premier,2026-04-11,2026-04-12,Resolved - Monitoring,Security / SSO,Academy Pro,High,Email,true,T1,false,80,27.4,4,true,Product defect,AG-116,Tom Nair,false,
CASE-70739,ACC-1067,Dovetail Energy,Strategic,EMEA,Premier,2026-03-13,2026-03-13,Closed,How-To Question,Team Plan,Medium,Email,false,T1,false,206,3.2,24,false,Product defect,AG-107,Jonas Ahmed,false,
CASE-70740,ACC-1067,Dovetail Energy,Strategic,EMEA,Premier,2025-09-03,2025-09-08,Closed,Content Request,Certification Vouchers,Medium,Email,false,T2,false,151,120.9,24,true,Learner misconfiguration,AG-108,Kwame Iyer,false,
CASE-70741,ACC-1067,Dovetail Energy,Strategic,EMEA,Premier,2025-05-01,2025-05-02,Resolved - Monitoring,Onboarding / Org Setup,Academy Pro,Medium,Web Form,false,T2,false,251,15.1,24,false,Video / CDN failure,AG-109,Zara Chen,false,4
CASE-70742,ACC-1067,Dovetail Energy,Strategic,EMEA,Premier,2025-10-16,2025-10-16,Closed,Platform Incident,Classroom Seat-Days,Critical,Web Form,false,T2,false,2,0.2,1,false,Voucher pool exhausted,AG-109,Zara Chen,false,
CASE-70743,ACC-1067,Dovetail Energy,Strategic,EMEA,Premier,2026-01-22,2026-01-22,Closed,Billing / Seat Dispute,Academy Pro,Medium,Phone,false,T2,false,150,5.8,24,false,SSO / identity,AG-101,Sana Nair,false,
CASE-70744,ACC-1067,Dovetail Energy,Strategic,EMEA,Premier,2026-01-06,2026-01-06,Closed,Platform Incident,Implementation Services,Critical,Email,false,T2,false,25,4.2,1,true,Product defect,AG-103,Lena Brandt,false,
CASE-70745,ACC-1067,Dovetail Energy,Strategic,EMEA,Premier,2024-11-06,2024-11-07,Closed,Content Request,Implementation Services,Low,Phone,true,T1,false,167,20.3,48,false,Voucher pool exhausted,AG-116,Tom Nair,false,5
CASE-70746,ACC-1067,Dovetail Energy,Strategic,EMEA,Premier,2026-08-13,2026-08-13,Closed,Platform Incident,Implementation Services,Critical,LMS Integration,false,T2,false,5,2.7,1,true,SSO / identity,AG-115,Felix Kapoor,false,
CASE-70747,ACC-1067,Dovetail Energy,Strategic,EMEA,Premier,2026-06-04,2026-06-04,Closed,Platform Incident,Classroom Seat-Days,Critical,Web Form,false,T1,false,2,2.9,1,true,Practice org expired,AG-106,Omar Kovac,false,
CASE-70748,ACC-1067,Dovetail Energy,Strategic,EMEA,Premier,2025-07-24,2025-07-25,Closed,Bug,Academy Pro,Medium,In-App Chat,false,T2,false,85,33.3,24,false,Product defect,AG-108,Kwame Iyer,false,
CASE-70749,ACC-1067,Dovetail Energy,Strategic,EMEA,Premier,2025-06-15,2025-06-15,Resolved - Monitoring,How-To Question,Certification Vouchers,Low,Email,false,T1,false,232,6.6,48,false,Content gap,AG-111,Marcus Brandt,false,4
CASE-70750,ACC-1067,Dovetail Energy,Strategic,EMEA,Premier,2026-08-01,2026-08-01,Closed,How-To Question,Academy Pro,Medium,Email,true,T1,false,153,6.1,24,false,Expected behaviour,AG-117,Yuki Shaw,false,
CASE-70751,ACC-1067,Dovetail Energy,Strategic,EMEA,Premier,2026-01-27,2026-01-27,Closed,How-To Question,Team Plan,Medium,Email,true,T2,false,205,10.2,24,false,Content gap,AG-103,Lena Brandt,false,3
CASE-70752,ACC-1067,Dovetail Energy,Strategic,EMEA,Premier,2025-12-30,2025-12-30,Closed,How-To Question,Academy Pro,Medium,Phone,true,T1,false,111,10.7,24,false,Learner misconfiguration,AG-107,Jonas Ahmed,false,
CASE-70753,ACC-1067,Dovetail Energy,Strategic,EMEA,Premier,2026-05-25,2026-05-25,Closed,Billing / Seat Dispute,Academy Pro,High,Email,false,T2,false,10,11.3,4,true,Learner misconfiguration,AG-102,Kwame Lindqvist,false,3
CASE-70754,ACC-1067,Dovetail Energy,Strategic,EMEA,Premier,2025-06-02,2025-06-04,Closed,Bug,Classroom Seat-Days,Medium,Web Form,false,T1,false,186,59.5,24,true,Learner misconfiguration,AG-106,Omar Kovac,false,
CASE-70755,ACC-1067,Dovetail Energy,Strategic,EMEA,Premier,2026-03-16,2026-03-16,Closed,How-To Question,Academy Pro,Medium,Email,false,T2,false,213,5.7,24,false,Video / CDN failure,AG-101,Sana Nair,false,
CASE-70756,ACC-1067,Dovetail Energy,Strategic,EMEA,Premier,2025-12-02,2025-12-03,Closed,Billing / Seat Dispute,Certification Vouchers,Medium,Email,false,T1,false,127,26,24,false,Learner misconfiguration,AG-105,Clara Iyer,false,
CASE-70757,ACC-1067,Dovetail Energy,Strategic,EMEA,Premier,2025-08-26,2025-08-26,Closed,Onboarding / Org Setup,Enterprise Programme,Low,LMS Integration,false,T2,false,211,10.1,48,false,Expected behaviour,AG-109,Zara Chen,false,
CASE-70758,ACC-1067,Dovetail Energy,Strategic,EMEA,Premier,2026-08-17,2026-08-17,Closed,Billing / Seat Dispute,Enterprise Programme,Medium,Web Form,false,T3,false,135,0.2,24,false,Seat limit reached,AG-110,Ana Fischer,false,
CASE-70759,ACC-1067,Dovetail Energy,Strategic,EMEA,Premier,2025-06-15,2025-06-15,Closed,Billing / Seat Dispute,Enterprise Programme,Low,Web Form,false,T2,false,239,7,48,false,Content gap,AG-101,Sana Nair,false,4
CASE-70760,ACC-1067,Dovetail Energy,Strategic,EMEA,Premier,2025-10-26,2025-10-26,Closed,How-To Question,Classroom Seat-Days,Medium,In-App Chat,false,T1,true,188,5.3,24,false,Learner misconfiguration,AG-100,Omar Berg,false,
CASE-70761,ACC-1067,Dovetail Energy,Strategic,EMEA,Premier,2026-04-11,2026-04-11,Resolved - Monitoring,How-To Question,Enterprise Programme,Medium,Slack Connect,true,T2,false,178,3.7,24,false,Learner misconfiguration,AG-102,Kwame Lindqvist,false,5
CASE-70762,ACC-1067,Dovetail Energy,Strategic,EMEA,Premier,2025-06-23,2025-06-24,Closed,Billing / Seat Dispute,Implementation Services,Low,In-App Chat,false,T2,false,229,21.2,48,false,Practice org expired,AG-103,Lena Brandt,false,4
CASE-70763,ACC-1067,Dovetail Energy,Strategic,EMEA,Premier,2025-06-25,2025-06-26,Closed,Bug,Enterprise Programme,Medium,In-App Chat,false,T2,false,188,23,24,false,Practice org expired,AG-114,Priya Almeida,false,
CASE-70764,ACC-1067,Dovetail Energy,Strategic,EMEA,Premier,2025-01-08,2025-01-08,Closed,How-To Question,Team Plan,High,Phone,true,T2,false,88,6.1,4,true,Seat limit reached,AG-108,Kwame Iyer,false,
CASE-70765,ACC-1067,Dovetail Energy,Strategic,EMEA,Premier,2026-06-27,2026-06-29,Closed,Content Request,Implementation Services,Low,Email,false,T3,true,166,50.5,48,false,Content gap,AG-110,Ana Fischer,false,4
CASE-70766,ACC-1067,Dovetail Energy,Strategic,EMEA,Premier,2025-03-16,2025-03-16,Closed,How-To Question,Enterprise Programme,Medium,Email,true,T2,false,194,11.1,24,false,Video / CDN failure,AG-101,Sana Nair,false,
CASE-70767,ACC-1067,Dovetail Energy,Strategic,EMEA,Premier,2025-07-23,2025-07-23,Closed,Bug,Team Plan,Medium,Email,true,T2,true,193,0.2,24,false,Learner misconfiguration,AG-115,Felix Kapoor,false,3
CASE-70768,ACC-1067,Dovetail Energy,Strategic,EMEA,Premier,2026-03-09,2026-03-09,Resolved - Monitoring,Onboarding / Org Setup,Implementation Services,Low,Web Form,false,T2,false,248,9.8,48,false,Practice org expired,AG-101,Sana Nair,false,5
CASE-70769,ACC-1067,Dovetail Energy,Strategic,EMEA,Premier,2025-01-11,2025-01-11,Closed,Bug,Certification Vouchers,Medium,LMS Integration,false,T1,false,190,7.5,24,false,Video / CDN failure,AG-111,Marcus Brandt,false,4
CASE-70770,ACC-1067,Dovetail Energy,Strategic,EMEA,Premier,2025-07-18,2025-07-19,Closed,Billing / Seat Dispute,Academy Pro,Medium,Email,false,T3,false,131,18.6,24,false,Content gap,AG-110,Ana Fischer,false,
CASE-70771,ACC-1067,Dovetail Energy,Strategic,EMEA,Premier,2025-10-21,2025-10-22,Closed,Billing / Seat Dispute,Classroom Seat-Days,Medium,Phone,false,T1,true,131,24.2,24,false,Product defect,AG-117,Yuki Shaw,false,
CASE-70772,ACC-1067,Dovetail Energy,Strategic,EMEA,Premier,2025-02-15,2025-02-15,Closed,Platform Incident,Academy Pro,Critical,Email,false,T2,false,58,5.7,1,true,Content gap,AG-112,Yuki Marino,false,
CASE-70773,ACC-1067,Dovetail Energy,Strategic,EMEA,Premier,2024-11-16,2024-11-17,Closed,Billing / Seat Dispute,Enterprise Programme,High,Web Form,false,T2,false,26,23.2,4,true,Product defect,AG-101,Sana Nair,false,2
CASE-70774,ACC-1067,Dovetail Energy,Strategic,EMEA,Premier,2026-06-10,2026-06-10,Closed,Platform Incident,Enterprise Programme,Critical,Email,false,T1,false,2,0.2,1,false,SSO / identity,AG-111,Marcus Brandt,false,
CASE-70775,ACC-1067,Dovetail Energy,Strategic,EMEA,Premier,2025-09-01,2025-09-03,Closed,Bug,Enterprise Programme,Medium,In-App Chat,false,T1,false,193,39.3,24,true,Expected behaviour,AG-100,Omar Berg,false,
CASE-70776,ACC-1067,Dovetail Energy,Strategic,EMEA,Premier,2025-11-28,2025-11-29,Closed,Bug,Team Plan,Low,LMS Integration,false,T2,false,206,32.7,48,false,Practice org expired,AG-108,Kwame Iyer,false,4
CASE-70777,ACC-1067,Dovetail Energy,Strategic,EMEA,Premier,2026-01-11,2026-01-11,Closed,How-To Question,Team Plan,High,LMS Integration,true,T1,false,23,11.9,4,true,Product defect,AG-105,Clara Iyer,false,
CASE-70778,ACC-1067,Dovetail Energy,Strategic,EMEA,Premier,2025-02-22,2025-02-24,Closed,Bug,Enterprise Programme,Medium,Web Form,false,T1,false,188,46.8,24,true,Video / CDN failure,AG-106,Omar Kovac,false,
CASE-70779,ACC-1067,Dovetail Energy,Strategic,EMEA,Premier,2025-03-12,2025-03-12,Resolved - Monitoring,How-To Question,Team Plan,High,Slack Connect,false,T2,false,22,9.9,4,true,Practice org expired,AG-103,Lena Brandt,false,
CASE-70780,ACC-1067,Dovetail Energy,Strategic,EMEA,Premier,2025-01-15,2025-01-15,Closed,Platform Incident,Certification Vouchers,Critical,In-App Chat,false,T2,false,28,0.5,1,false,Voucher pool exhausted,AG-103,Lena Brandt,false,
CASE-70781,ACC-1067,Dovetail Energy,Strategic,EMEA,Premier,2026-06-22,2026-06-23,Resolved - Monitoring,How-To Question,Team Plan,Medium,LMS Integration,true,T2,false,184,12.6,24,false,Video / CDN failure,AG-114,Priya Almeida,false,
CASE-70782,ACC-1067,Dovetail Energy,Strategic,EMEA,Premier,2026-09-01,2026-09-02,Resolved - Monitoring,Billing / Seat Dispute,Academy Pro,Medium,Email,false,T1,true,202,18.3,24,false,Content gap,AG-113,Elena Moreno,false,5
CASE-70783,ACC-1067,Dovetail Energy,Strategic,EMEA,Premier,2024-11-24,2024-11-24,Resolved - Monitoring,Platform Incident,Classroom Seat-Days,Medium,Phone,false,T1,false,227,4.8,24,false,Learner misconfiguration,AG-106,Omar Kovac,false,1
CASE-70784,ACC-1067,Dovetail Energy,Strategic,EMEA,Premier,2025-12-01,2025-12-01,Closed,Platform Incident,Academy Pro,Critical,Email,true,T1,false,50,6,1,true,Product defect,AG-105,Clara Iyer,false,
CASE-70785,ACC-1067,Dovetail Energy,Strategic,EMEA,Premier,2025-12-07,2025-12-08,Closed,Bug,Classroom Seat-Days,Medium,In-App Chat,false,T1,false,201,23.7,24,false,Seat limit reached,AG-117,Yuki Shaw,false,5
CASE-70786,ACC-1067,Dovetail Energy,Strategic,EMEA,Premier,2026-04-12,,Waiting on Customer,Onboarding / Org Setup,Team Plan,Low,In-App Chat,false,T2,false,242,0.2,48,false,,AG-102,Kwame Lindqvist,false,
CASE-70787,ACC-1067,Dovetail Energy,Strategic,EMEA,Premier,2026-04-25,2026-04-26,Closed,How-To Question,Certification Vouchers,Medium,Email,false,T1,false,173,14.1,24,false,Learner misconfiguration,AG-100,Omar Berg,false,4
CASE-70788,ACC-1067,Dovetail Energy,Strategic,EMEA,Premier,2025-03-03,2025-03-03,Resolved - Monitoring,Bug,Implementation Services,Low,Email,true,T2,false,292,3.6,48,false,Product defect,AG-108,Kwame Iyer,false,5
CASE-70789,ACC-1067,Dovetail Energy,Strategic,EMEA,Premier,2026-02-24,2026-02-26,Closed,Bug,Classroom Seat-Days,Low,Slack Connect,false,T2,false,247,37.6,48,false,Content gap,AG-112,Yuki Marino,false,
CASE-70790,ACC-1067,Dovetail Energy,Strategic,EMEA,Premier,2026-06-21,2026-06-21,Closed,Platform Incident,Certification Vouchers,Critical,Web Form,true,T1,false,52,5.9,1,true,Video / CDN failure,AG-113,Elena Moreno,false,
CASE-70791,ACC-1067,Dovetail Energy,Strategic,EMEA,Premier,2025-03-10,2025-03-11,Closed,Onboarding / Org Setup,Enterprise Programme,Low,Email,false,T2,true,153,20,48,false,SSO / identity,AG-114,Priya Almeida,false,
CASE-70792,ACC-1067,Dovetail Energy,Strategic,EMEA,Premier,2025-05-05,2025-05-06,Closed,Billing / Seat Dispute,Team Plan,Low,In-App Chat,false,T2,false,267,28.8,48,false,Practice org expired,AG-103,Lena Brandt,false,
CASE-70793,ACC-1067,Dovetail Energy,Strategic,EMEA,Premier,2025-07-16,2025-07-16,Closed,Platform Incident,Certification Vouchers,Medium,Web Form,false,T2,false,203,8.1,24,false,Learner misconfiguration,AG-115,Felix Kapoor,false,
CASE-70794,ACC-1067,Dovetail Energy,Strategic,EMEA,Premier,2026-01-02,2026-01-04,Resolved - Monitoring,Bug,Enterprise Programme,Medium,Slack Connect,false,T1,false,187,43.5,24,true,Video / CDN failure,AG-116,Tom Nair,false,
CASE-70795,ACC-1067,Dovetail Energy,Strategic,EMEA,Premier,2025-07-13,2025-07-18,Resolved - Monitoring,Content Request,Implementation Services,Medium,Phone,false,T1,false,182,120.9,24,true,Voucher pool exhausted,AG-105,Clara Iyer,false,
CASE-70796,ACC-1067,Dovetail Energy,Strategic,EMEA,Premier,2025-02-08,2025-02-08,Closed,Platform Incident,Classroom Seat-Days,Critical,Phone,false,T1,false,64,4,1,true,Video / CDN failure,AG-111,Marcus Brandt,false,
CASE-70797,ACC-1067,Dovetail Energy,Strategic,EMEA,Premier,2025-04-06,2025-04-07,Closed,Bug,Certification Vouchers,High,Email,false,T1,false,6,26.8,4,true,Video / CDN failure,AG-111,Marcus Brandt,false,
CASE-70798,ACC-1067,Dovetail Energy,Strategic,EMEA,Premier,2026-02-08,2026-02-08,Closed,Platform Incident,Certification Vouchers,High,In-App Chat,false,T2,false,2,0.9,4,false,Expected behaviour,AG-112,Yuki Marino,false,5
CASE-70799,ACC-1067,Dovetail Energy,Strategic,EMEA,Premier,2025-04-14,2025-04-16,Closed,Content Request,Classroom Seat-Days,Medium,In-App Chat,true,T1,false,257,55.3,24,true,Product defect,AG-105,Clara Iyer,false,
CASE-70800,ACC-1067,Dovetail Energy,Strategic,EMEA,Premier,2024-12-27,2024-12-27,Closed,How-To Question,Academy Pro,Medium,Web Form,false,T1,false,78,5.4,24,false,Product defect,AG-116,Tom Nair,false,5
CASE-70801,ACC-1070,Tundra Capital,SMB,EMEA,Standard,2026-07-14,2026-07-15,Closed,Billing / Seat Dispute,Enterprise Programme,Low,Web Form,false,T2,false,228,23.1,48,false,SSO / identity,AG-102,Kwame Lindqvist,false,4
CASE-70802,ACC-1070,Tundra Capital,SMB,EMEA,Standard,2025-11-02,2025-11-02,Resolved - Monitoring,Platform Incident,Certification Vouchers,Critical,Email,false,T2,false,3,0.2,1,false,Learner misconfiguration,AG-103,Lena Brandt,false,
CASE-70803,ACC-1070,Tundra Capital,SMB,EMEA,Standard,2025-09-28,2025-09-29,Closed,How-To Question,Classroom Seat-Days,High,Email,false,T1,false,6,12.2,4,true,Learner misconfiguration,AG-100,Omar Berg,false,
CASE-70804,ACC-1070,Tundra Capital,SMB,EMEA,Standard,2025-10-10,2025-10-10,Closed,Billing / Seat Dispute,Classroom Seat-Days,Medium,Slack Connect,false,T2,false,242,10.6,24,false,SSO / identity,AG-114,Priya Almeida,false,5
CASE-70805,ACC-1070,Tundra Capital,SMB,EMEA,Standard,2026-01-14,2026-01-17,Closed,Content Request,Enterprise Programme,Low,Web Form,false,T1,false,191,65.5,48,true,Video / CDN failure,AG-105,Clara Iyer,false,2
CASE-70806,ACC-1070,Tundra Capital,SMB,EMEA,Standard,2026-08-30,2026-09-01,Closed,Bug,Academy Pro,High,LMS Integration,false,T1,false,37,45,4,true,Seat limit reached,AG-105,Clara Iyer,false,
CASE-70807,ACC-1070,Tundra Capital,SMB,EMEA,Standard,2025-12-15,2025-12-16,Closed,Billing / Seat Dispute,Team Plan,Medium,LMS Integration,false,T1,false,156,20,24,false,Practice org expired,AG-111,Marcus Brandt,false,
CASE-70808,ACC-1070,Tundra Capital,SMB,EMEA,Standard,2026-01-15,2026-01-15,Closed,How-To Question,Academy Pro,Medium,Email,true,T2,false,234,9,24,false,Video / CDN failure,AG-103,Lena Brandt,false,
CASE-70809,ACC-1071,Vertex Media,Mid-Market,AMER,Standard,2026-08-23,2026-08-24,Closed,Onboarding / Org Setup,Certification Vouchers,Medium,LMS Integration,false,T2,false,189,15.7,24,false,Product defect,AG-101,Sana Nair,false,4
CASE-70810,ACC-1071,Vertex Media,Mid-Market,AMER,Standard,2026-02-03,2026-02-03,Closed,How-To Question,Classroom Seat-Days,Medium,Email,true,T1,false,203,6.6,24,false,Product defect,AG-116,Tom Nair,false,
CASE-70811,ACC-1071,Vertex Media,Mid-Market,AMER,Standard,2026-08-21,2026-08-21,Resolved - Monitoring,How-To Question,Enterprise Programme,Low,Phone,false,T2,true,191,1.5,48,false,Content gap,AG-103,Lena Brandt,false,4
CASE-70812,ACC-1071,Vertex Media,Mid-Market,AMER,Standard,2026-07-21,,In Progress,Bug,Classroom Seat-Days,Medium,Email,false,T2,false,202,61.7,24,true,,AG-109,Zara Chen,false,
CASE-70813,ACC-1071,Vertex Media,Mid-Market,AMER,Standard,2026-09-19,2026-09-21,Closed,Onboarding / Org Setup,Enterprise Programme,High,In-App Chat,false,T1,false,65,37.6,4,true,Content gap,AG-100,Omar Berg,false,3
CASE-70814,ACC-1071,Vertex Media,Mid-Market,AMER,Standard,2026-03-09,2026-03-10,Resolved - Monitoring,Onboarding / Org Setup,Enterprise Programme,Low,Web Form,false,T2,false,133,15.8,48,false,Expected behaviour,AG-115,Felix Kapoor,false,4
CASE-70815,ACC-1071,Vertex Media,Mid-Market,AMER,Standard,2026-02-27,2026-02-28,Closed,Onboarding / Org Setup,Team Plan,Low,Web Form,false,T2,false,185,24.7,48,false,Product defect,AG-109,Zara Chen,false,
CASE-70816,ACC-1071,Vertex Media,Mid-Market,AMER,Standard,2026-08-19,2026-08-23,Closed,Content Request,Team Plan,Low,In-App Chat,false,T2,true,252,101.1,48,true,Practice org expired,AG-101,Sana Nair,false,3
CASE-70817,ACC-1071,Vertex Media,Mid-Market,AMER,Standard,2026-07-15,2026-07-15,Closed,How-To Question,Academy Pro,Low,Email,false,T1,false,203,3.6,48,false,Expected behaviour,AG-105,Clara Iyer,false,5
CASE-70818,ACC-1071,Vertex Media,Mid-Market,AMER,Standard,2026-09-17,,New,How-To Question,Team Plan,Medium,LMS Integration,true,T1,false,196,8.2,24,false,,AG-100,Omar Berg,false,
CASE-70819,ACC-1071,Vertex Media,Mid-Market,AMER,Standard,2026-02-03,,In Progress,Platform Incident,Enterprise Programme,High,Phone,false,T2,false,2,6,4,true,,AG-101,Sana Nair,false,
CASE-70820,ACC-1071,Vertex Media,Mid-Market,AMER,Standard,2026-02-06,2026-02-07,Closed,Onboarding / Org Setup,Classroom Seat-Days,Low,Email,false,T2,false,250,13.8,48,false,SSO / identity,AG-114,Priya Almeida,false,4
CASE-70821,ACC-1071,Vertex Media,Mid-Market,AMER,Standard,2026-05-28,,New,Bug,Implementation Services,Low,LMS Integration,false,T1,false,183,42.6,48,false,,AG-107,Jonas Ahmed,false,
CASE-70822,ACC-1071,Vertex Media,Mid-Market,AMER,Standard,2026-09-21,2026-09-22,Resolved - Monitoring,Billing / Seat Dispute,Implementation Services,Medium,Email,false,T3,false,146,28.4,24,true,Video / CDN failure,AG-104,Jonas Diallo,false,4
CASE-70823,ACC-1072,Dovetail Works,SMB,APAC,Standard,2026-08-15,2026-08-15,Closed,How-To Question,Certification Vouchers,Medium,Web Form,true,T2,false,186,9.9,24,false,Product defect,AG-115,Felix Kapoor,false,3
CASE-70824,ACC-1072,Dovetail Works,SMB,APAC,Standard,2026-08-16,2026-08-17,Closed,Billing / Seat Dispute,Academy Pro,Medium,Web Form,false,T1,false,130,18.7,24,false,Video / CDN failure,AG-105,Clara Iyer,true,4
CASE-70825,ACC-1072,Dovetail Works,SMB,APAC,Standard,2026-06-30,2026-07-01,Closed,Onboarding / Org Setup,Academy Pro,High,In-App Chat,false,T1,false,59,28.8,4,true,Product defect,AG-100,Omar Berg,false,2
CASE-70826,ACC-1072,Dovetail Works,SMB,APAC,Standard,2026-07-26,2026-07-27,Closed,Onboarding / Org Setup,Classroom Seat-Days,High,Phone,false,T1,true,2,18.9,4,true,Expected behaviour,AG-106,Omar Kovac,false,
CASE-70827,ACC-1072,Dovetail Works,SMB,APAC,Standard,2026-05-27,2026-05-28,Closed,Billing / Seat Dispute,Classroom Seat-Days,Medium,Email,false,T2,false,183,29.2,24,true,Content gap,AG-109,Zara Chen,true,
CASE-70828,ACC-1072,Dovetail Works,SMB,APAC,Standard,2026-08-19,2026-08-21,Closed,Bug,Implementation Services,High,Slack Connect,false,T1,false,67,41.1,4,true,Learner misconfiguration,AG-116,Tom Nair,true,
CASE-70829,ACC-1072,Dovetail Works,SMB,APAC,Standard,2026-06-29,2026-06-30,Closed,Bug,Enterprise Programme,High,LMS Integration,false,T1,false,72,35.8,4,true,Seat limit reached,AG-113,Elena Moreno,false,3
CASE-70830,ACC-1072,Dovetail Works,SMB,APAC,Standard,2026-06-05,2026-06-06,Closed,Onboarding / Org Setup,Classroom Seat-Days,High,Web Form,true,T3,false,38,14.5,4,true,Video / CDN failure,AG-104,Jonas Diallo,false,
CASE-70831,ACC-1072,Dovetail Works,SMB,APAC,Standard,2026-06-08,2026-06-09,Closed,Bug,Classroom Seat-Days,Medium,In-App Chat,false,T2,false,116,29.7,24,true,Learner misconfiguration,AG-108,Kwame Iyer,true,
CASE-70832,ACC-1072,Dovetail Works,SMB,APAC,Standard,2026-07-17,,In Progress,Security / SSO,Team Plan,Medium,Slack Connect,false,T2,false,183,34.7,24,true,,AG-115,Felix Kapoor,true,
CASE-70833,ACC-1073,Onyx Works,Enterprise,EMEA,Business,2025-01-28,2025-01-28,Closed,How-To Question,Certification Vouchers,Medium,LMS Integration,false,T1,false,180,11.7,24,false,Expected behaviour,AG-117,Yuki Shaw,true,
CASE-70834,ACC-1073,Onyx Works,Enterprise,EMEA,Business,2026-07-30,2026-08-01,Closed,Bug,Team Plan,Medium,Web Form,false,T2,false,207,38,24,true,Content gap,AG-102,Kwame Lindqvist,false,2
CASE-70835,ACC-1073,Onyx Works,Enterprise,EMEA,Business,2025-09-01,2025-09-01,Closed,How-To Question,Enterprise Programme,Medium,Slack Connect,true,T1,true,152,6.3,24,false,Voucher pool exhausted,AG-105,Clara Iyer,false,
CASE-70836,ACC-1073,Onyx Works,Enterprise,EMEA,Business,2024-12-14,2024-12-14,Closed,How-To Question,Academy Pro,Low,In-App Chat,true,T1,false,225,11.5,48,false,Practice org expired,AG-113,Elena Moreno,false,4
CASE-70837,ACC-1073,Onyx Works,Enterprise,EMEA,Business,2024-12-28,2024-12-29,Closed,Billing / Seat Dispute,Certification Vouchers,Medium,Email,false,T2,false,229,13.2,24,false,Seat limit reached,AG-102,Kwame Lindqvist,false,
CASE-70838,ACC-1073,Onyx Works,Enterprise,EMEA,Business,2025-07-01,,In Progress,Onboarding / Org Setup,Team Plan,Medium,Slack Connect,false,T1,false,199,22.3,24,false,,AG-105,Clara Iyer,false,
CASE-70839,ACC-1073,Onyx Works,Enterprise,EMEA,Business,2026-09-24,,Waiting on Customer,How-To Question,Enterprise Programme,Low,Phone,true,T2,false,120,1.6,48,false,,AG-103,Lena Brandt,false,
CASE-70840,ACC-1073,Onyx Works,Enterprise,EMEA,Business,2026-03-03,2026-03-03,Closed,Platform Incident,Implementation Services,Critical,Phone,false,T1,false,2,4,1,true,Content gap,AG-100,Omar Berg,false,3
CASE-70841,ACC-1073,Onyx Works,Enterprise,EMEA,Business,2026-05-27,2026-05-29,Closed,Bug,Enterprise Programme,Medium,Email,false,T2,false,149,37,24,true,Video / CDN failure,AG-114,Priya Almeida,false,2
CASE-70842,ACC-1073,Onyx Works,Enterprise,EMEA,Business,2026-04-06,2026-04-07,Closed,Onboarding / Org Setup,Classroom Seat-Days,Low,Email,false,T2,false,225,32.1,48,false,Seat limit reached,AG-114,Priya Almeida,true,
CASE-70843,ACC-1073,Onyx Works,Enterprise,EMEA,Business,2025-07-28,2025-07-29,Closed,How-To Question,Enterprise Programme,Medium,Web Form,true,T1,false,268,12.5,24,false,Expected behaviour,AG-100,Omar Berg,false,
CASE-70844,ACC-1073,Onyx Works,Enterprise,EMEA,Business,2024-12-10,2024-12-12,Resolved - Monitoring,Security / SSO,Classroom Seat-Days,Low,Email,false,T1,false,151,58,48,true,Learner misconfiguration,AG-113,Elena Moreno,false,3
CASE-70845,ACC-1073,Onyx Works,Enterprise,EMEA,Business,2026-01-06,2026-01-06,Closed,How-To Question,Certification Vouchers,Medium,Email,false,T2,true,169,7.5,24,false,Learner misconfiguration,AG-102,Kwame Lindqvist,false,
CASE-70846,ACC-1073,Onyx Works,Enterprise,EMEA,Business,2025-08-25,,In Progress,Onboarding / Org Setup,Classroom Seat-Days,Medium,Email,false,T2,false,230,23.4,24,false,,AG-103,Lena Brandt,true,
CASE-70847,ACC-1073,Onyx Works,Enterprise,EMEA,Business,2025-09-15,2025-09-16,Closed,Bug,Classroom Seat-Days,Medium,Email,false,T2,false,146,29.3,24,true,Content gap,AG-112,Yuki Marino,false,3
CASE-70848,ACC-1073,Onyx Works,Enterprise,EMEA,Business,2025-10-21,2025-10-23,Closed,Bug,Enterprise Programme,Medium,In-App Chat,false,T3,false,196,49.2,24,true,Seat limit reached,AG-104,Jonas Diallo,false,
CASE-70849,ACC-1073,Onyx Works,Enterprise,EMEA,Business,2025-04-06,2025-04-08,Closed,Onboarding / Org Setup,Classroom Seat-Days,Low,In-App Chat,false,T2,false,206,37.1,48,false,Voucher pool exhausted,AG-112,Yuki Marino,true,4
CASE-70850,ACC-1073,Onyx Works,Enterprise,EMEA,Business,2025-05-06,2025-05-09,Closed,Content Request,Classroom Seat-Days,Low,Email,false,T2,false,232,63,48,true,SSO / identity,AG-108,Kwame Iyer,false,1
CASE-70851,ACC-1073,Onyx Works,Enterprise,EMEA,Business,2025-03-10,2025-03-11,Closed,How-To Question,Team Plan,Low,Email,true,T2,false,203,16.5,48,false,Practice org expired,AG-102,Kwame Lindqvist,false,
CASE-70852,ACC-1074,Aster Works,Strategic,EMEA,Premier,2026-09-10,2026-09-13,Closed,Content Request,Certification Vouchers,Medium,In-App Chat,false,T1,false,229,67.6,24,true,Product defect,AG-107,Jonas Ahmed,false,
CASE-70853,ACC-1074,Aster Works,Strategic,EMEA,Premier,2025-07-23,2025-07-23,Closed,How-To Question,Implementation Services,Medium,Email,true,T1,false,281,5.1,24,false,Expected behaviour,AG-100,Omar Berg,false,
CASE-70854,ACC-1074,Aster Works,Strategic,EMEA,Premier,2025-12-09,2025-12-09,Resolved - Monitoring,How-To Question,Classroom Seat-Days,Low,Email,false,T3,false,208,11.9,48,false,Video / CDN failure,AG-104,Jonas Diallo,false,
CASE-70855,ACC-1074,Aster Works,Strategic,EMEA,Premier,2026-01-08,2026-01-09,Closed,Billing / Seat Dispute,Implementation Services,Low,Email,false,T1,false,161,16.3,48,false,Expected behaviour,AG-111,Marcus Brandt,false,3
CASE-70856,ACC-1074,Aster Works,Strategic,EMEA,Premier,2025-07-17,2025-07-18,Closed,Bug,Team Plan,Medium,Phone,true,T1,false,93,16.5,24,false,Video / CDN failure,AG-100,Omar Berg,false,
CASE-70857,ACC-1074,Aster Works,Strategic,EMEA,Premier,2026-01-30,2026-01-31,Closed,How-To Question,Enterprise Programme,Medium,Web Form,false,T1,false,196,12.7,24,false,Practice org expired,AG-117,Yuki Shaw,false,
CASE-70858,ACC-1074,Aster Works,Strategic,EMEA,Premier,2026-02-10,,Waiting on Customer,Bug,Classroom Seat-Days,Medium,Email,false,T2,false,173,13.4,24,false,,AG-101,Sana Nair,false,
CASE-70859,ACC-1074,Aster Works,Strategic,EMEA,Premier,2026-03-04,2026-03-04,Closed,How-To Question,Academy Pro,High,Web Form,true,T3,true,51,4.9,4,false,Voucher pool exhausted,AG-104,Jonas Diallo,false,
CASE-70860,ACC-1074,Aster Works,Strategic,EMEA,Premier,2026-06-07,2026-06-07,Closed,How-To Question,Academy Pro,Medium,In-App Chat,false,T1,false,210,9.7,24,false,Expected behaviour,AG-117,Yuki Shaw,false,5
CASE-70861,ACC-1074,Aster Works,Strategic,EMEA,Premier,2025-01-30,2025-01-31,Closed,Onboarding / Org Setup,Enterprise Programme,Medium,Phone,false,T1,false,144,35.6,24,true,Practice org expired,AG-116,Tom Nair,false,
CASE-70862,ACC-1074,Aster Works,Strategic,EMEA,Premier,2025-04-15,,Waiting on Customer,Bug,Certification Vouchers,Low,Web Form,false,T1,false,285,38.5,48,false,,AG-113,Elena Moreno,false,
CASE-70863,ACC-1074,Aster Works,Strategic,EMEA,Premier,2026-06-14,2026-06-14,Closed,How-To Question,Enterprise Programme,Low,Web Form,true,T2,false,145,11.4,48,false,Video / CDN failure,AG-115,Felix Kapoor,false,3
CASE-70864,ACC-1074,Aster Works,Strategic,EMEA,Premier,2026-07-21,2026-07-21,Closed,How-To Question,Academy Pro,High,Email,true,T2,false,81,8.6,4,true,Content gap,AG-103,Lena Brandt,false,3
CASE-70865,ACC-1074,Aster Works,Strategic,EMEA,Premier,2025-04-10,2025-04-11,Closed,Billing / Seat Dispute,Implementation Services,Medium,Email,true,T2,false,241,23.9,24,false,Learner misconfiguration,AG-103,Lena Brandt,false,
CASE-70866,ACC-1074,Aster Works,Strategic,EMEA,Premier,2025-06-11,2025-06-12,Closed,How-To Question,Classroom Seat-Days,Low,In-App Chat,false,T1,false,132,13.5,48,false,Video / CDN failure,AG-117,Yuki Shaw,false,
CASE-70867,ACC-1074,Aster Works,Strategic,EMEA,Premier,2026-05-08,2026-05-09,Closed,How-To Question,Implementation Services,Medium,Email,true,T1,false,229,12.9,24,false,Content gap,AG-113,Elena Moreno,false,
CASE-70868,ACC-1074,Aster Works,Strategic,EMEA,Premier,2026-08-23,2026-08-23,Closed,How-To Question,Classroom Seat-Days,Medium,In-App Chat,false,T1,false,237,9.4,24,false,Practice org expired,AG-107,Jonas Ahmed,false,
CASE-70869,ACC-1074,Aster Works,Strategic,EMEA,Premier,2026-01-07,2026-01-07,Closed,Platform Incident,Team Plan,Medium,Phone,true,T1,false,145,8.5,24,false,Voucher pool exhausted,AG-116,Tom Nair,false,
CASE-70870,ACC-1074,Aster Works,Strategic,EMEA,Premier,2025-03-05,2025-03-06,Closed,Billing / Seat Dispute,Team Plan,High,In-App Chat,true,T3,false,2,17,4,true,Seat limit reached,AG-110,Ana Fischer,false,4
CASE-70871,ACC-1074,Aster Works,Strategic,EMEA,Premier,2026-09-20,2026-09-20,Closed,How-To Question,Team Plan,Medium,Web Form,false,T1,false,184,6.2,24,false,SSO / identity,AG-113,Elena Moreno,false,
CASE-70872,ACC-1074,Aster Works,Strategic,EMEA,Premier,2026-01-19,2026-01-19,Closed,Platform Incident,Academy Pro,Critical,Web Form,true,T1,false,45,3.4,1,true,Learner misconfiguration,AG-113,Elena Moreno,false,1
CASE-70873,ACC-1074,Aster Works,Strategic,EMEA,Premier,2025-12-08,2025-12-08,Closed,Platform Incident,Classroom Seat-Days,Critical,LMS Integration,false,T1,false,13,0.2,1,false,Seat limit reached,AG-105,Clara Iyer,false,
CASE-70874,ACC-1074,Aster Works,Strategic,EMEA,Premier,2025-03-05,2025-03-05,Closed,Bug,Certification Vouchers,Low,Web Form,false,T1,false,192,0.2,48,false,Seat limit reached,AG-113,Elena Moreno,false,
CASE-70875,ACC-1074,Aster Works,Strategic,EMEA,Premier,2025-06-04,2025-06-05,Closed,Content Request,Academy Pro,Medium,LMS Integration,true,T2,false,189,34.6,24,true,Video / CDN failure,AG-115,Felix Kapoor,false,3
CASE-70876,ACC-1074,Aster Works,Strategic,EMEA,Premier,2026-03-31,,Waiting on Customer,Bug,Classroom Seat-Days,Medium,Phone,false,T1,false,171,52.6,24,true,,AG-113,Elena Moreno,false,
CASE-70877,ACC-1074,Aster Works,Strategic,EMEA,Premier,2026-07-16,2026-07-16,Closed,Onboarding / Org Setup,Academy Pro,High,LMS Integration,false,T2,false,2,2.2,4,false,Learner misconfiguration,AG-108,Kwame Iyer,false,
CASE-70878,ACC-1074,Aster Works,Strategic,EMEA,Premier,2025-08-11,2025-08-12,Closed,How-To Question,Implementation Services,Low,LMS Integration,true,T1,false,203,12.1,48,false,SSO / identity,AG-105,Clara Iyer,false,
CASE-70879,ACC-1074,Aster Works,Strategic,EMEA,Premier,2025-11-23,2025-11-24,Closed,Billing / Seat Dispute,Academy Pro,Medium,LMS Integration,true,T1,false,193,15.8,24,false,Seat limit reached,AG-111,Marcus Brandt,false,
CASE-70880,ACC-1074,Aster Works,Strategic,EMEA,Premier,2026-08-13,,In Progress,How-To Question,Academy Pro,Medium,Web Form,false,T2,false,191,16.3,24,false,,AG-101,Sana Nair,false,
CASE-70881,ACC-1074,Aster Works,Strategic,EMEA,Premier,2026-05-01,,Waiting on Customer,Billing / Seat Dispute,Implementation Services,Low,Email,false,T1,false,129,20.6,48,false,,AG-111,Marcus Brandt,false,
CASE-70882,ACC-1074,Aster Works,Strategic,EMEA,Premier,2025-11-21,,Waiting on Customer,Onboarding / Org Setup,Implementation Services,Medium,LMS Integration,false,T2,false,206,20,24,false,,AG-101,Sana Nair,false,
CASE-70883,ACC-1074,Aster Works,Strategic,EMEA,Premier,2025-02-16,2025-02-17,Closed,Onboarding / Org Setup,Academy Pro,Medium,Email,false,T3,false,147,29.2,24,false,Expected behaviour,AG-110,Ana Fischer,false,
CASE-70884,ACC-1074,Aster Works,Strategic,EMEA,Premier,2025-03-12,2025-03-13,Closed,How-To Question,Implementation Services,Medium,Web Form,false,T1,false,221,14.5,24,false,Content gap,AG-106,Omar Kovac,false,
CASE-70885,ACC-1074,Aster Works,Strategic,EMEA,Premier,2026-01-04,2026-01-04,Closed,Billing / Seat Dispute,Classroom Seat-Days,Low,Web Form,false,T2,false,203,11.9,48,false,Product defect,AG-115,Felix Kapoor,false,
CASE-70886,ACC-1074,Aster Works,Strategic,EMEA,Premier,2025-03-11,,In Progress,Billing / Seat Dispute,Classroom Seat-Days,Medium,LMS Integration,true,T2,false,168,22,24,false,,AG-102,Kwame Lindqvist,false,
CASE-70887,ACC-1074,Aster Works,Strategic,EMEA,Premier,2025-11-09,2025-11-09,Closed,How-To Question,Academy Pro,Medium,Email,false,T1,true,213,10.3,24,false,Seat limit reached,AG-111,Marcus Brandt,false,5
CASE-70888,ACC-1074,Aster Works,Strategic,EMEA,Premier,2025-12-13,2025-12-14,Closed,Billing / Seat Dispute,Classroom Seat-Days,Low,Web Form,false,T2,false,170,21.9,48,false,Practice org expired,AG-114,Priya Almeida,false,
CASE-70889,ACC-1074,Aster Works,Strategic,EMEA,Premier,2026-02-13,2026-02-14,Closed,How-To Question,Enterprise Programme,Medium,Web Form,true,T2,false,183,14.9,24,false,Content gap,AG-114,Priya Almeida,false,3
CASE-70890,ACC-1074,Aster Works,Strategic,EMEA,Premier,2026-02-24,,In Progress,Bug,Academy Pro,High,Phone,false,T2,false,43,41.3,4,true,,AG-108,Kwame Iyer,false,
CASE-70891,ACC-1074,Aster Works,Strategic,EMEA,Premier,2025-05-25,,Waiting on Customer,Platform Incident,Implementation Services,Medium,Email,false,T1,false,173,11.3,24,false,,AG-100,Omar Berg,false,
CASE-70892,ACC-1074,Aster Works,Strategic,EMEA,Premier,2026-03-31,2026-03-31,Resolved - Monitoring,Platform Incident,Classroom Seat-Days,Critical,Slack Connect,false,T1,false,2,5,1,true,SSO / identity,AG-111,Marcus Brandt,false,
CASE-70893,ACC-1074,Aster Works,Strategic,EMEA,Premier,2025-04-12,,Waiting on Customer,Content Request,Team Plan,High,In-App Chat,false,T3,false,115,99,4,true,,AG-104,Jonas Diallo,false,
CASE-70894,ACC-1074,Aster Works,Strategic,EMEA,Premier,2025-06-02,2025-06-02,Closed,Onboarding / Org Setup,Academy Pro,Medium,LMS Integration,false,T2,false,233,9.4,24,false,Seat limit reached,AG-115,Felix Kapoor,false,
CASE-70895,ACC-1074,Aster Works,Strategic,EMEA,Premier,2026-06-23,2026-06-24,Closed,How-To Question,Enterprise Programme,Medium,Web Form,false,T3,true,201,13.8,24,false,Video / CDN failure,AG-110,Ana Fischer,false,4
CASE-70896,ACC-1074,Aster Works,Strategic,EMEA,Premier,2025-06-26,2025-06-26,Closed,Onboarding / Org Setup,Certification Vouchers,Medium,Email,true,T1,false,184,10,24,false,Practice org expired,AG-116,Tom Nair,false,
CASE-70897,ACC-1074,Aster Works,Strategic,EMEA,Premier,2025-04-12,2025-04-13,Closed,Onboarding / Org Setup,Classroom Seat-Days,Medium,Web Form,false,T1,false,257,29.3,24,false,Voucher pool exhausted,AG-111,Marcus Brandt,false,
CASE-70898,ACC-1075,Onyx Logistics,Strategic,EMEA,Premier,2025-08-30,2025-08-31,Closed,Security / SSO,Classroom Seat-Days,Low,Phone,false,T3,false,145,16.9,48,false,Practice org expired,AG-110,Ana Fischer,false,3
CASE-70899,ACC-1075,Onyx Logistics,Strategic,EMEA,Premier,2026-03-01,2026-03-03,Closed,Content Request,Academy Pro,Medium,Email,false,T1,false,149,51.6,24,true,Learner misconfiguration,AG-117,Yuki Shaw,false,
CASE-70900,ACC-1075,Onyx Logistics,Strategic,EMEA,Premier,2025-08-12,2025-08-16,Closed,Security / SSO,Team Plan,Low,Email,false,T1,false,157,97.8,48,true,Seat limit reached,AG-113,Elena Moreno,false,
CASE-70901,ACC-1075,Onyx Logistics,Strategic,EMEA,Premier,2025-11-21,2025-11-21,Closed,Bug,Enterprise Programme,High,Web Form,false,T2,false,2,8.8,4,true,Learner misconfiguration,AG-112,Yuki Marino,false,2
CASE-70902,ACC-1075,Onyx Logistics,Strategic,EMEA,Premier,2026-09-13,2026-09-18,Closed,Content Request,Enterprise Programme,Medium,Email,false,T1,false,233,111.7,24,true,Expected behaviour,AG-113,Elena Moreno,false,
CASE-70903,ACC-1075,Onyx Logistics,Strategic,EMEA,Premier,2025-08-02,2025-08-02,Closed,Platform Incident,Implementation Services,Critical,In-App Chat,false,T2,false,71,4.4,1,true,Content gap,AG-115,Felix Kapoor,true,2
CASE-70904,ACC-1075,Onyx Logistics,Strategic,EMEA,Premier,2025-09-30,2025-09-30,Closed,Platform Incident,Team Plan,High,Web Form,false,T2,false,23,0.2,4,false,Learner misconfiguration,AG-114,Priya Almeida,false,4
CASE-70905,ACC-1075,Onyx Logistics,Strategic,EMEA,Premier,2025-09-27,2025-09-27,Closed,How-To Question,Classroom Seat-Days,Medium,Web Form,true,T1,false,182,5,24,false,Expected behaviour,AG-116,Tom Nair,false,5
CASE-70906,ACC-1075,Onyx Logistics,Strategic,EMEA,Premier,2025-08-07,2025-08-10,Resolved - Monitoring,Content Request,Academy Pro,High,LMS Integration,false,T2,false,71,78.3,4,true,Voucher pool exhausted,AG-109,Zara Chen,true,
CASE-70907,ACC-1075,Onyx Logistics,Strategic,EMEA,Premier,2026-02-13,2026-02-14,Closed,Content Request,Enterprise Programme,Medium,Email,false,T2,false,268,26.6,24,false,Video / CDN failure,AG-112,Yuki Marino,false,4
CASE-70908,ACC-1075,Onyx Logistics,Strategic,EMEA,Premier,2026-05-21,2026-05-21,Closed,How-To Question,Implementation Services,Medium,Email,false,T2,false,249,10.8,24,false,Video / CDN failure,AG-112,Yuki Marino,true,5
CASE-70909,ACC-1075,Onyx Logistics,Strategic,EMEA,Premier,2026-09-04,2026-09-04,Closed,Platform Incident,Certification Vouchers,Critical,Web Form,false,T2,false,2,2.5,1,true,SSO / identity,AG-115,Felix Kapoor,false,2
CASE-70910,ACC-1075,Onyx Logistics,Strategic,EMEA,Premier,2026-07-06,2026-07-07,Closed,Billing / Seat Dispute,Team Plan,Low,Email,false,T2,false,135,20.6,48,false,Voucher pool exhausted,AG-103,Lena Brandt,false,
CASE-70911,ACC-1075,Onyx Logistics,Strategic,EMEA,Premier,2025-11-14,2025-11-14,Resolved - Monitoring,Billing / Seat Dispute,Enterprise Programme,Low,Email,false,T2,false,235,2.2,48,false,Practice org expired,AG-112,Yuki Marino,false,4
CASE-70912,ACC-1075,Onyx Logistics,Strategic,EMEA,Premier,2025-06-30,2025-07-02,Closed,Bug,Certification Vouchers,Medium,Email,false,T1,false,247,49,24,true,Seat limit reached,AG-111,Marcus Brandt,false,4
CASE-70913,ACC-1075,Onyx Logistics,Strategic,EMEA,Premier,2025-09-02,2025-09-03,Closed,Billing / Seat Dispute,Implementation Services,High,Phone,true,T2,false,83,20.3,4,true,Seat limit reached,AG-114,Priya Almeida,false,
CASE-70914,ACC-1075,Onyx Logistics,Strategic,EMEA,Premier,2026-05-26,2026-05-26,Closed,How-To Question,Academy Pro,Medium,Slack Connect,true,T2,false,201,5.8,24,false,Expected behaviour,AG-114,Priya Almeida,false,3
CASE-70915,ACC-1075,Onyx Logistics,Strategic,EMEA,Premier,2025-10-30,,In Progress,Bug,Classroom Seat-Days,Medium,Web Form,false,T2,false,205,50.7,24,true,,AG-101,Sana Nair,false,
CASE-70916,ACC-1075,Onyx Logistics,Strategic,EMEA,Premier,2025-11-02,2025-11-03,Closed,Onboarding / Org Setup,Implementation Services,Medium,Web Form,false,T2,false,174,14.2,24,false,Seat limit reached,AG-109,Zara Chen,true,
CASE-70917,ACC-1075,Onyx Logistics,Strategic,EMEA,Premier,2025-05-19,2025-05-19,Closed,Security / SSO,Certification Vouchers,Medium,Web Form,false,T2,false,248,7.3,24,false,Content gap,AG-115,Felix Kapoor,false,
CASE-70918,ACC-1075,Onyx Logistics,Strategic,EMEA,Premier,2026-04-11,2026-04-11,Resolved - Monitoring,How-To Question,Implementation Services,Low,Email,false,T2,false,253,10.5,48,false,Expected behaviour,AG-108,Kwame Iyer,false,5
CASE-70919,ACC-1075,Onyx Logistics,Strategic,EMEA,Premier,2026-02-13,2026-02-14,Closed,How-To Question,Classroom Seat-Days,Low,Web Form,false,T3,true,137,12.5,48,false,Product defect,AG-110,Ana Fischer,true,5
CASE-70920,ACC-1075,Onyx Logistics,Strategic,EMEA,Premier,2025-07-10,2025-07-10,Closed,How-To Question,Team Plan,Low,Slack Connect,true,T2,false,176,3.8,48,false,Practice org expired,AG-115,Felix Kapoor,false,5
CASE-70921,ACC-1075,Onyx Logistics,Strategic,EMEA,Premier,2025-10-18,,Waiting on Customer,Bug,Enterprise Programme,Medium,Web Form,false,T2,false,224,24.9,24,false,,AG-101,Sana Nair,true,
CASE-70922,ACC-1075,Onyx Logistics,Strategic,EMEA,Premier,2026-09-19,2026-09-19,Closed,Platform Incident,Classroom Seat-Days,High,Web Form,false,T1,false,66,4.7,4,false,Product defect,AG-117,Yuki Shaw,false,5
CASE-70923,ACC-1075,Onyx Logistics,Strategic,EMEA,Premier,2025-06-19,2025-06-21,Closed,Content Request,Enterprise Programme,High,Web Form,false,T2,false,48,48.6,4,true,Expected behaviour,AG-112,Yuki Marino,false,3
CASE-70924,ACC-1075,Onyx Logistics,Strategic,EMEA,Premier,2026-02-21,2026-02-21,Resolved - Monitoring,Platform Incident,Team Plan,High,LMS Integration,true,T2,false,156,8.3,4,true,Product defect,AG-101,Sana Nair,false,
CASE-70925,ACC-1075,Onyx Logistics,Strategic,EMEA,Premier,2026-01-27,2026-01-27,Closed,Platform Incident,Implementation Services,Critical,Email,true,T2,false,10,2.5,1,true,SSO / identity,AG-103,Lena Brandt,false,1
CASE-70926,ACC-1075,Onyx Logistics,Strategic,EMEA,Premier,2025-12-10,2025-12-10,Resolved - Monitoring,How-To Question,Team Plan,Low,In-App Chat,true,T2,false,266,4.8,48,false,Practice org expired,AG-109,Zara Chen,false,
CASE-70927,ACC-1075,Onyx Logistics,Strategic,EMEA,Premier,2025-09-29,2025-09-29,Closed,How-To Question,Certification Vouchers,Medium,LMS Integration,false,T3,false,155,10.4,24,false,Product defect,AG-110,Ana Fischer,false,
CASE-70928,ACC-1075,Onyx Logistics,Strategic,EMEA,Premier,2026-08-28,2026-08-29,Closed,Onboarding / Org Setup,Certification Vouchers,Medium,Web Form,false,T1,false,228,12.1,24,false,Seat limit reached,AG-100,Omar Berg,false,4
CASE-70929,ACC-1075,Onyx Logistics,Strategic,EMEA,Premier,2026-04-27,,In Progress,Onboarding / Org Setup,Classroom Seat-Days,Medium,Email,false,T1,false,189,13.8,24,false,,AG-111,Marcus Brandt,true,
CASE-70930,ACC-1075,Onyx Logistics,Strategic,EMEA,Premier,2025-12-25,2025-12-25,Closed,How-To Question,Classroom Seat-Days,Medium,Web Form,false,T1,true,192,7.7,24,false,Video / CDN failure,AG-105,Clara Iyer,false,2
CASE-70931,ACC-1075,Onyx Logistics,Strategic,EMEA,Premier,2026-01-03,2026-01-05,Closed,Onboarding / Org Setup,Implementation Services,High,Web Form,false,T2,true,45,45.6,4,true,Practice org expired,AG-115,Felix Kapoor,true,
CASE-70932,ACC-1075,Onyx Logistics,Strategic,EMEA,Premier,2026-02-20,,In Progress,Platform Incident,Academy Pro,Critical,In-App Chat,false,T1,false,8,4.3,1,true,,AG-106,Omar Kovac,false,
CASE-70933,ACC-1075,Onyx Logistics,Strategic,EMEA,Premier,2026-05-14,2026-05-15,Closed,Security / SSO,Implementation Services,Medium,Web Form,false,T2,false,211,21.6,24,false,Content gap,AG-103,Lena Brandt,false,
CASE-70934,ACC-1075,Onyx Logistics,Strategic,EMEA,Premier,2026-03-20,2026-03-20,Closed,How-To Question,Team Plan,Low,LMS Integration,false,T1,false,148,5,48,false,Seat limit reached,AG-105,Clara Iyer,false,
CASE-70935,ACC-1075,Onyx Logistics,Strategic,EMEA,Premier,2025-07-02,2025-07-02,Closed,Platform Incident,Enterprise Programme,High,In-App Chat,false,T3,false,34,3.1,4,false,Practice org expired,AG-110,Ana Fischer,false,5
CASE-70936,ACC-1075,Onyx Logistics,Strategic,EMEA,Premier,2026-06-25,2026-06-27,Closed,Onboarding / Org Setup,Team Plan,Medium,LMS Integration,false,T3,false,181,39.4,24,true,Seat limit reached,AG-110,Ana Fischer,true,
CASE-70937,ACC-1075,Onyx Logistics,Strategic,EMEA,Premier,2025-12-11,2025-12-12,Closed,How-To Question,Classroom Seat-Days,Low,Web Form,false,T1,false,229,13.3,48,false,Learner misconfiguration,AG-107,Jonas Ahmed,false,4
CASE-70938,ACC-1075,Onyx Logistics,Strategic,EMEA,Premier,2026-02-24,2026-02-25,Closed,How-To Question,Team Plan,Low,Web Form,false,T1,false,142,16.3,48,false,Learner misconfiguration,AG-116,Tom Nair,true,
CASE-70939,ACC-1075,Onyx Logistics,Strategic,EMEA,Premier,2025-06-05,2025-06-05,Resolved - Monitoring,How-To Question,Classroom Seat-Days,Low,Web Form,false,T2,false,119,8.1,48,false,SSO / identity,AG-108,Kwame Iyer,true,
CASE-70940,ACC-1075,Onyx Logistics,Strategic,EMEA,Premier,2026-04-22,,Waiting on Customer,Onboarding / Org Setup,Academy Pro,Medium,LMS Integration,true,T1,false,176,35.5,24,true,,AG-100,Omar Berg,false,
CASE-70941,ACC-1075,Onyx Logistics,Strategic,EMEA,Premier,2026-02-05,2026-02-05,Closed,Platform Incident,Team Plan,Medium,Email,false,T1,false,198,1.4,24,false,Voucher pool exhausted,AG-100,Omar Berg,false,
CASE-70942,ACC-1075,Onyx Logistics,Strategic,EMEA,Premier,2025-06-04,2025-06-04,Resolved - Monitoring,Platform Incident,Classroom Seat-Days,High,Web Form,false,T3,true,101,9.3,4,true,Learner misconfiguration,AG-104,Jonas Diallo,false,3
CASE-70943,ACC-1075,Onyx Logistics,Strategic,EMEA,Premier,2025-11-01,2025-11-01,Closed,How-To Question,Certification Vouchers,Medium,Web Form,true,T2,false,283,3,24,false,Practice org expired,AG-101,Sana Nair,false,4
CASE-70944,ACC-1075,Onyx Logistics,Strategic,EMEA,Premier,2026-07-08,2026-07-08,Closed,Onboarding / Org Setup,Classroom Seat-Days,Medium,In-App Chat,false,T1,false,157,10.8,24,false,Expected behaviour,AG-113,Elena Moreno,false,
CASE-70945,ACC-1075,Onyx Logistics,Strategic,EMEA,Premier,2025-04-15,2025-04-15,Closed,Bug,Classroom Seat-Days,Low,Phone,false,T2,false,216,0.2,48,false,Voucher pool exhausted,AG-103,Lena Brandt,true,
CASE-70946,ACC-1075,Onyx Logistics,Strategic,EMEA,Premier,2026-08-16,2026-08-16,Closed,Billing / Seat Dispute,Implementation Services,Medium,Slack Connect,false,T2,false,154,2.5,24,false,SSO / identity,AG-112,Yuki Marino,false,
CASE-70947,ACC-1075,Onyx Logistics,Strategic,EMEA,Premier,2025-06-09,2025-06-10,Closed,Onboarding / Org Setup,Team Plan,High,In-App Chat,false,T2,false,60,12.2,4,true,Practice org expired,AG-102,Kwame Lindqvist,false,1
CASE-70948,ACC-1075,Onyx Logistics,Strategic,EMEA,Premier,2026-01-30,2026-01-31,Closed,Onboarding / Org Setup,Classroom Seat-Days,Medium,Email,false,T2,false,235,14.8,24,false,Video / CDN failure,AG-102,Kwame Lindqvist,true,4
CASE-70949,ACC-1075,Onyx Logistics,Strategic,EMEA,Premier,2025-12-06,2025-12-06,Closed,How-To Question,Classroom Seat-Days,Medium,Web Form,false,T1,false,96,4.8,24,false,Product defect,AG-117,Yuki Shaw,false,
CASE-70950,ACC-1075,Onyx Logistics,Strategic,EMEA,Premier,2025-05-25,2025-05-25,Closed,Billing / Seat Dispute,Team Plan,Medium,Email,false,T2,false,199,7.7,24,false,Seat limit reached,AG-112,Yuki Marino,false,
CASE-70951,ACC-1075,Onyx Logistics,Strategic,EMEA,Premier,2026-02-06,,New,Content Request,Academy Pro,Medium,In-App Chat,false,T3,false,269,105.6,24,true,,AG-104,Jonas Diallo,true,
CASE-70952,ACC-1075,Onyx Logistics,Strategic,EMEA,Premier,2026-08-21,2026-08-22,Closed,Onboarding / Org Setup,Implementation Services,Low,In-App Chat,false,T1,false,172,15.1,48,false,Learner misconfiguration,AG-116,Tom Nair,true,
CASE-70953,ACC-1075,Onyx Logistics,Strategic,EMEA,Premier,2026-03-07,2026-03-08,Closed,Onboarding / Org Setup,Implementation Services,Medium,Web Form,false,T1,false,134,22.7,24,false,Content gap,AG-100,Omar Berg,true,5
CASE-70954,ACC-1075,Onyx Logistics,Strategic,EMEA,Premier,2025-11-22,2025-11-23,Resolved - Monitoring,How-To Question,Academy Pro,Medium,Email,false,T1,false,219,12.3,24,false,Learner misconfiguration,AG-105,Clara Iyer,true,
CASE-70955,ACC-1075,Onyx Logistics,Strategic,EMEA,Premier,2025-08-25,2025-08-25,Closed,How-To Question,Enterprise Programme,Low,In-App Chat,true,T2,false,241,6.4,48,false,Product defect,AG-114,Priya Almeida,false,3
CASE-70956,ACC-1075,Onyx Logistics,Strategic,EMEA,Premier,2025-08-22,2025-08-23,Closed,Billing / Seat Dispute,Team Plan,Medium,Email,false,T1,false,195,21,24,false,Expected behaviour,AG-116,Tom Nair,false,5
CASE-70957,ACC-1076,Dovetail Foods,Self-Serve,AMER,Community,2025-12-30,2026-01-02,Resolved - Monitoring,Content Request,Certification Vouchers,High,LMS Integration,false,T2,false,2,80.1,4,true,Learner misconfiguration,AG-101,Sana Nair,false,
CASE-70958,ACC-1076,Dovetail Foods,Self-Serve,AMER,Community,2026-05-22,2026-05-25,Closed,Security / SSO,Team Plan,Medium,LMS Integration,false,T1,false,192,77,24,true,Expected behaviour,AG-116,Tom Nair,false,
CASE-70959,ACC-1076,Dovetail Foods,Self-Serve,AMER,Community,2026-06-16,2026-06-17,Closed,Billing / Seat Dispute,Certification Vouchers,Low,Email,false,T2,false,212,18.9,48,false,Expected behaviour,AG-114,Priya Almeida,false,
CASE-70960,ACC-1077,Vantage Capital,Mid-Market,AMER,Standard,2025-01-17,2025-01-17,Resolved - Monitoring,How-To Question,Certification Vouchers,Low,Email,false,T1,true,195,0.5,48,false,Practice org expired,AG-106,Omar Kovac,false,3
CASE-70961,ACC-1077,Vantage Capital,Mid-Market,AMER,Standard,2025-02-16,2025-02-16,Closed,Platform Incident,Classroom Seat-Days,Critical,LMS Integration,false,T1,false,47,7,1,true,SSO / identity,AG-111,Marcus Brandt,false,
CASE-70962,ACC-1077,Vantage Capital,Mid-Market,AMER,Standard,2025-01-05,2025-01-06,Closed,How-To Question,Academy Pro,High,Email,true,T1,false,94,13.7,4,true,Product defect,AG-106,Omar Kovac,false,2
CASE-70963,ACC-1077,Vantage Capital,Mid-Market,AMER,Standard,2026-08-17,,New,Onboarding / Org Setup,Team Plan,Medium,Email,false,T1,false,262,45.8,24,true,,AG-107,Jonas Ahmed,false,
CASE-70964,ACC-1077,Vantage Capital,Mid-Market,AMER,Standard,2026-07-19,2026-07-19,Resolved - Monitoring,Platform Incident,Implementation Services,Medium,Email,false,T3,false,153,9.4,24,false,Voucher pool exhausted,AG-110,Ana Fischer,false,
CASE-70965,ACC-1077,Vantage Capital,Mid-Market,AMER,Standard,2025-07-03,2025-07-04,Closed,Billing / Seat Dispute,Classroom Seat-Days,Medium,Web Form,false,T2,true,157,19.1,24,false,Content gap,AG-108,Kwame Iyer,false,
CASE-70966,ACC-1077,Vantage Capital,Mid-Market,AMER,Standard,2024-10-14,2024-10-15,Closed,Bug,Classroom Seat-Days,Medium,In-App Chat,false,T2,false,186,25.2,24,true,Practice org expired,AG-109,Zara Chen,false,
CASE-70967,ACC-1078,Ember Pharma,SMB,EMEA,Standard,2026-06-09,2026-06-09,Closed,How-To Question,Enterprise Programme,Medium,Email,true,T1,false,246,12,24,false,Seat limit reached,AG-107,Jonas Ahmed,false,
CASE-70968,ACC-1078,Ember Pharma,SMB,EMEA,Standard,2026-05-26,2026-05-29,Closed,Bug,Academy Pro,Medium,Email,false,T1,false,193,63.5,24,true,Expected behaviour,AG-106,Omar Kovac,false,
CASE-70969,ACC-1078,Ember Pharma,SMB,EMEA,Standard,2026-07-12,,Waiting on Customer,How-To Question,Certification Vouchers,High,In-App Chat,false,T2,false,46,14.2,4,true,,AG-102,Kwame Lindqvist,false,
CASE-70970,ACC-1078,Ember Pharma,SMB,EMEA,Standard,2026-06-28,2026-07-01,Closed,Security / SSO,Implementation Services,Low,Web Form,false,T2,false,139,64.3,48,true,Expected behaviour,AG-109,Zara Chen,false,
CASE-70971,ACC-1078,Ember Pharma,SMB,EMEA,Standard,2026-08-13,2026-08-14,Resolved - Monitoring,Security / SSO,Certification Vouchers,Medium,Email,false,T1,false,135,12.3,24,false,Learner misconfiguration,AG-105,Clara Iyer,false,1
CASE-70972,ACC-1078,Ember Pharma,SMB,EMEA,Standard,2026-07-13,2026-07-14,Closed,Onboarding / Org Setup,Implementation Services,High,Email,false,T1,false,2,21,4,true,Content gap,AG-116,Tom Nair,false,
CASE-70973,ACC-1078,Ember Pharma,SMB,EMEA,Standard,2026-05-10,2026-05-10,Closed,Platform Incident,Enterprise Programme,Medium,LMS Integration,false,T2,false,137,2.7,24,false,Video / CDN failure,AG-112,Yuki Marino,false,4
CASE-70974,ACC-1078,Ember Pharma,SMB,EMEA,Standard,2026-08-25,2026-08-26,Closed,Bug,Academy Pro,Low,In-App Chat,false,T2,false,196,16.1,48,false,Learner misconfiguration,AG-114,Priya Almeida,false,
CASE-70975,ACC-1080,Quanta Care,Mid-Market,EMEA,Standard,2025-12-25,2025-12-26,Closed,Bug,Implementation Services,Medium,LMS Integration,false,T1,false,146,15.8,24,false,Product defect,AG-111,Marcus Brandt,false,5
CASE-70976,ACC-1080,Quanta Care,Mid-Market,EMEA,Standard,2026-01-03,2026-01-03,Closed,How-To Question,Enterprise Programme,Low,Phone,false,T1,false,167,5.7,48,false,SSO / identity,AG-113,Elena Moreno,false,3
CASE-70977,ACC-1080,Quanta Care,Mid-Market,EMEA,Standard,2026-06-14,2026-06-15,Closed,Onboarding / Org Setup,Academy Pro,Low,Email,false,T1,false,160,30.8,48,false,Expected behaviour,AG-100,Omar Berg,false,4
CASE-70978,ACC-1080,Quanta Care,Mid-Market,EMEA,Standard,2026-09-07,,In Progress,Content Request,Academy Pro,High,Web Form,false,T2,false,34,123.6,4,true,,AG-112,Yuki Marino,false,
CASE-70979,ACC-1080,Quanta Care,Mid-Market,EMEA,Standard,2026-03-31,2026-03-31,Closed,How-To Question,Academy Pro,Medium,Phone,true,T3,false,196,7.8,24,false,Practice org expired,AG-104,Jonas Diallo,false,
CASE-70980,ACC-1080,Quanta Care,Mid-Market,EMEA,Standard,2026-06-19,2026-06-19,Closed,Onboarding / Org Setup,Implementation Services,High,Web Form,true,T3,false,65,9.1,4,true,Learner misconfiguration,AG-110,Ana Fischer,false,
CASE-70981,ACC-1080,Quanta Care,Mid-Market,EMEA,Standard,2026-08-07,2026-08-08,Closed,Billing / Seat Dispute,Certification Vouchers,Low,Email,true,T3,false,202,20.6,48,false,Practice org expired,AG-110,Ana Fischer,false,5
CASE-70982,ACC-1080,Quanta Care,Mid-Market,EMEA,Standard,2026-08-06,2026-08-06,Closed,Platform Incident,Classroom Seat-Days,High,In-App Chat,false,T1,false,2,10.9,4,true,Learner misconfiguration,AG-111,Marcus Brandt,false,4
CASE-70983,ACC-1080,Quanta Care,Mid-Market,EMEA,Standard,2026-05-06,2026-05-07,Closed,Billing / Seat Dispute,Team Plan,Medium,Email,false,T1,false,215,22.7,24,false,Seat limit reached,AG-116,Tom Nair,false,
CASE-70984,ACC-1080,Quanta Care,Mid-Market,EMEA,Standard,2026-03-23,2026-03-23,Closed,How-To Question,Implementation Services,Medium,LMS Integration,true,T2,false,179,7.8,24,false,Content gap,AG-101,Sana Nair,false,
CASE-70985,ACC-1080,Quanta Care,Mid-Market,EMEA,Standard,2026-08-04,2026-08-04,Closed,Platform Incident,Enterprise Programme,Critical,Email,false,T2,false,24,2.4,1,true,Video / CDN failure,AG-102,Kwame Lindqvist,false,
CASE-70986,ACC-1080,Quanta Care,Mid-Market,EMEA,Standard,2026-02-03,2026-02-03,Closed,How-To Question,Implementation Services,Low,Web Form,false,T1,true,223,9.9,48,false,Voucher pool exhausted,AG-113,Elena Moreno,false,
CASE-70987,ACC-1080,Quanta Care,Mid-Market,EMEA,Standard,2026-01-25,2026-01-25,Closed,How-To Question,Classroom Seat-Days,Medium,LMS Integration,true,T1,true,157,11.9,24,false,Voucher pool exhausted,AG-111,Marcus Brandt,false,
CASE-70988,ACC-1080,Quanta Care,Mid-Market,EMEA,Standard,2026-04-06,2026-04-07,Closed,How-To Question,Team Plan,Medium,In-App Chat,true,T2,true,183,14.9,24,false,Voucher pool exhausted,AG-115,Felix Kapoor,false,5
CASE-70989,ACC-1080,Quanta Care,Mid-Market,EMEA,Standard,2026-06-26,,Waiting on Customer,How-To Question,Academy Pro,Low,LMS Integration,false,T2,false,209,15.9,48,false,,AG-114,Priya Almeida,false,
CASE-70990,ACC-1080,Quanta Care,Mid-Market,EMEA,Standard,2026-04-26,2026-04-26,Closed,How-To Question,Academy Pro,Medium,In-App Chat,true,T1,false,155,10.9,24,false,Content gap,AG-100,Omar Berg,false,
CASE-70991,ACC-1080,Quanta Care,Mid-Market,EMEA,Standard,2026-06-30,2026-06-30,Closed,Platform Incident,Academy Pro,Medium,Web Form,false,T2,false,202,8.2,24,false,Voucher pool exhausted,AG-102,Kwame Lindqvist,false,5
CASE-70992,ACC-1080,Quanta Care,Mid-Market,EMEA,Standard,2026-06-24,2026-06-24,Closed,Onboarding / Org Setup,Academy Pro,High,In-App Chat,false,T1,false,59,1,4,false,Content gap,AG-107,Jonas Ahmed,false,5
CASE-70993,ACC-1080,Quanta Care,Mid-Market,EMEA,Standard,2026-07-22,2026-07-23,Closed,Billing / Seat Dispute,Enterprise Programme,Low,Email,false,T2,false,181,16.4,48,false,Content gap,AG-102,Kwame Lindqvist,false,
CASE-70994,ACC-1081,Solstice Retail,Mid-Market,AMER,Standard,2026-05-11,2026-05-12,Closed,Onboarding / Org Setup,Academy Pro,Low,Slack Connect,false,T2,false,196,23.4,48,false,Seat limit reached,AG-101,Sana Nair,false,5
CASE-70995,ACC-1081,Solstice Retail,Mid-Market,AMER,Standard,2026-02-02,2026-02-02,Resolved - Monitoring,Bug,Team Plan,Low,Web Form,false,T2,false,147,0.2,48,false,Video / CDN failure,AG-112,Yuki Marino,false,
CASE-70996,ACC-1081,Solstice Retail,Mid-Market,AMER,Standard,2026-01-02,2026-01-02,Closed,How-To Question,Academy Pro,Medium,Web Form,true,T2,true,200,4.9,24,false,SSO / identity,AG-103,Lena Brandt,false,
CASE-70997,ACC-1081,Solstice Retail,Mid-Market,AMER,Standard,2025-12-03,2025-12-04,Closed,How-To Question,Enterprise Programme,Low,In-App Chat,false,T1,false,139,12.9,48,false,Practice org expired,AG-106,Omar Kovac,false,3
CASE-70998,ACC-1081,Solstice Retail,Mid-Market,AMER,Standard,2026-07-10,2026-07-10,Resolved - Monitoring,Platform Incident,Classroom Seat-Days,Medium,Email,false,T1,false,207,1.2,24,false,SSO / identity,AG-107,Jonas Ahmed,false,
CASE-70999,ACC-1081,Solstice Retail,Mid-Market,AMER,Standard,2026-06-27,2026-06-28,Closed,How-To Question,Enterprise Programme,Medium,LMS Integration,false,T2,false,192,18.3,24,false,Expected behaviour,AG-101,Sana Nair,false,5
CASE-71000,ACC-1081,Solstice Retail,Mid-Market,AMER,Standard,2026-08-02,2026-08-03,Closed,Onboarding / Org Setup,Classroom Seat-Days,Medium,Slack Connect,false,T3,false,194,19.9,24,false,Learner misconfiguration,AG-104,Jonas Diallo,false,3
CASE-71001,ACC-1081,Solstice Retail,Mid-Market,AMER,Standard,2026-06-19,2026-06-19,Closed,How-To Question,Classroom Seat-Days,Low,Email,false,T2,false,166,4.1,48,false,SSO / identity,AG-115,Felix Kapoor,false,4
CASE-71002,ACC-1081,Solstice Retail,Mid-Market,AMER,Standard,2025-09-26,2025-09-27,Closed,Onboarding / Org Setup,Enterprise Programme,High,LMS Integration,false,T1,false,34,14.2,4,true,Video / CDN failure,AG-106,Omar Kovac,false,1
CASE-71003,ACC-1082,Solstice Care,Enterprise,APAC,Business,2026-09-10,2026-09-10,Closed,Billing / Seat Dispute,Enterprise Programme,Medium,In-App Chat,false,T1,false,190,5.9,24,false,Expected behaviour,AG-106,Omar Kovac,false,
CASE-71004,ACC-1082,Solstice Care,Enterprise,APAC,Business,2025-12-18,2025-12-19,Closed,Billing / Seat Dispute,Classroom Seat-Days,Medium,In-App Chat,false,T1,false,274,19.2,24,false,SSO / identity,AG-106,Omar Kovac,false,
CASE-71005,ACC-1082,Solstice Care,Enterprise,APAC,Business,2024-09-05,2024-09-06,Closed,Billing / Seat Dispute,Certification Vouchers,Low,In-App Chat,false,T2,false,196,17,48,false,Expected behaviour,AG-101,Sana Nair,false,
CASE-71006,ACC-1082,Solstice Care,Enterprise,APAC,Business,2025-08-06,2025-08-07,Closed,Bug,Certification Vouchers,Low,Slack Connect,false,T2,false,221,16.9,48,false,Learner misconfiguration,AG-102,Kwame Lindqvist,false,5
CASE-71007,ACC-1082,Solstice Care,Enterprise,APAC,Business,2024-11-18,2024-11-19,Closed,How-To Question,Academy Pro,High,In-App Chat,false,T2,false,40,18.3,4,true,Product defect,AG-102,Kwame Lindqvist,false,
CASE-71008,ACC-1082,Solstice Care,Enterprise,APAC,Business,2025-01-06,2025-01-06,Closed,Onboarding / Org Setup,Certification Vouchers,High,Email,false,T2,false,2,5.3,4,true,Seat limit reached,AG-115,Felix Kapoor,false,3
CASE-71009,ACC-1082,Solstice Care,Enterprise,APAC,Business,2026-09-11,2026-09-12,Closed,Bug,Classroom Seat-Days,Low,Web Form,false,T1,false,206,32.2,48,false,Expected behaviour,AG-105,Clara Iyer,false,
CASE-71010,ACC-1082,Solstice Care,Enterprise,APAC,Business,2025-02-04,2025-02-04,Closed,Onboarding / Org Setup,Implementation Services,Medium,Email,false,T1,false,208,0.2,24,false,Expected behaviour,AG-116,Tom Nair,false,5
CASE-71011,ACC-1084,Zephyr Care,SMB,AMER,Standard,2025-11-20,,In Progress,How-To Question,Team Plan,High,LMS Integration,false,T2,false,30,8.7,4,true,,AG-112,Yuki Marino,false,
CASE-71012,ACC-1084,Zephyr Care,SMB,AMER,Standard,2026-04-07,2026-04-08,Resolved - Monitoring,Bug,Classroom Seat-Days,High,In-App Chat,false,T1,false,31,28.4,4,true,Video / CDN failure,AG-116,Tom Nair,false,
CASE-71013,ACC-1084,Zephyr Care,SMB,AMER,Standard,2025-12-15,2025-12-15,Closed,Platform Incident,Enterprise Programme,Medium,Web Form,false,T1,false,180,2,24,false,Voucher pool exhausted,AG-116,Tom Nair,false,
CASE-71014,ACC-1084,Zephyr Care,SMB,AMER,Standard,2026-01-23,2026-01-24,Resolved - Monitoring,Onboarding / Org Setup,Enterprise Programme,Medium,Email,false,T3,false,221,32.4,24,true,Practice org expired,AG-110,Ana Fischer,false,1
CASE-71015,ACC-1084,Zephyr Care,SMB,AMER,Standard,2026-06-21,2026-06-22,Closed,Billing / Seat Dispute,Enterprise Programme,High,Email,false,T2,false,60,24.8,4,true,Product defect,AG-102,Kwame Lindqvist,false,
CASE-71016,ACC-1084,Zephyr Care,SMB,AMER,Standard,2026-05-14,2026-05-14,Closed,Platform Incident,Classroom Seat-Days,Critical,Web Form,false,T1,false,7,6.5,1,true,Seat limit reached,AG-117,Yuki Shaw,false,
CASE-71017,ACC-1084,Zephyr Care,SMB,AMER,Standard,2026-06-03,2026-06-05,Closed,Onboarding / Org Setup,Implementation Services,Medium,Web Form,false,T1,false,265,51,24,true,Practice org expired,AG-105,Clara Iyer,false,
CASE-71018,ACC-1084,Zephyr Care,SMB,AMER,Standard,2026-05-27,2026-05-27,Resolved - Monitoring,How-To Question,Academy Pro,Medium,In-App Chat,false,T1,false,187,3.7,24,false,Learner misconfiguration,AG-100,Omar Berg,false,5
CASE-71019,ACC-1085,Zephyr Consulting,SMB,EMEA,Standard,2026-07-20,2026-07-20,Closed,How-To Question,Enterprise Programme,Medium,Email,false,T1,false,154,0.2,24,false,SSO / identity,AG-107,Jonas Ahmed,false,
CASE-71020,ACC-1085,Zephyr Consulting,SMB,EMEA,Standard,2026-08-24,2026-08-24,Closed,Platform Incident,Classroom Seat-Days,Critical,Web Form,false,T2,false,32,3.1,1,true,Expected behaviour,AG-103,Lena Brandt,false,3
CASE-71021,ACC-1085,Zephyr Consulting,SMB,EMEA,Standard,2026-09-13,2026-09-13,Closed,Billing / Seat Dispute,Enterprise Programme,High,Phone,false,T2,false,87,9.8,4,true,SSO / identity,AG-103,Lena Brandt,false,
CASE-71022,ACC-1085,Zephyr Consulting,SMB,EMEA,Standard,2026-04-28,2026-04-29,Closed,Onboarding / Org Setup,Implementation Services,Medium,Web Form,false,T2,false,108,32.2,24,true,Video / CDN failure,AG-108,Kwame Iyer,false,
CASE-71023,ACC-1085,Zephyr Consulting,SMB,EMEA,Standard,2026-09-09,2026-09-10,Closed,How-To Question,Team Plan,Medium,Web Form,false,T1,false,254,12.8,24,false,Voucher pool exhausted,AG-116,Tom Nair,false,
CASE-71024,ACC-1085,Zephyr Consulting,SMB,EMEA,Standard,2026-07-10,2026-07-10,Closed,How-To Question,Team Plan,High,Email,false,T1,false,18,8.5,4,true,SSO / identity,AG-107,Jonas Ahmed,false,
CASE-71025,ACC-1085,Zephyr Consulting,SMB,EMEA,Standard,2026-07-30,,New,How-To Question,Implementation Services,Medium,Email,false,T1,false,229,6.2,24,false,,AG-111,Marcus Brandt,false,
CASE-71026,ACC-1085,Zephyr Consulting,SMB,EMEA,Standard,2026-06-04,2026-06-04,Resolved - Monitoring,How-To Question,Enterprise Programme,Medium,Email,true,T2,false,213,8.6,24,false,Seat limit reached,AG-108,Kwame Iyer,false,5
CASE-71027,ACC-1085,Zephyr Consulting,SMB,EMEA,Standard,2026-08-09,2026-08-10,Closed,How-To Question,Certification Vouchers,Medium,Email,false,T3,false,166,12.2,24,false,Product defect,AG-110,Ana Fischer,false,4
CASE-71028,ACC-1086,Lumen Motors,Strategic,AMER,Premier,2026-05-30,2026-05-30,Closed,Billing / Seat Dispute,Team Plan,Medium,Email,false,T3,false,193,9.3,24,false,Product defect,AG-104,Jonas Diallo,false,
CASE-71029,ACC-1086,Lumen Motors,Strategic,AMER,Premier,2025-08-28,2025-08-31,Closed,Content Request,Team Plan,Medium,In-App Chat,false,T2,false,217,77.4,24,true,SSO / identity,AG-102,Kwame Lindqvist,false,
CASE-71030,ACC-1086,Lumen Motors,Strategic,AMER,Premier,2026-04-12,2026-04-12,Closed,How-To Question,Enterprise Programme,Low,Web Form,true,T1,false,160,11.6,48,false,Voucher pool exhausted,AG-111,Marcus Brandt,false,5
CASE-71031,ACC-1086,Lumen Motors,Strategic,AMER,Premier,2025-09-08,2025-09-09,Closed,Onboarding / Org Setup,Academy Pro,Medium,Email,false,T1,false,226,15,24,false,Voucher pool exhausted,AG-106,Omar Kovac,false,
CASE-71032,ACC-1086,Lumen Motors,Strategic,AMER,Premier,2025-06-02,2025-06-02,Closed,Onboarding / Org Setup,Team Plan,Low,LMS Integration,false,T1,false,176,7.5,48,false,Expected behaviour,AG-106,Omar Kovac,false,
CASE-71033,ACC-1086,Lumen Motors,Strategic,AMER,Premier,2026-06-28,,New,How-To Question,Enterprise Programme,Medium,Slack Connect,true,T2,false,135,18.8,24,false,,AG-115,Felix Kapoor,false,
CASE-71034,ACC-1086,Lumen Motors,Strategic,AMER,Premier,2026-06-18,2026-06-18,Resolved - Monitoring,How-To Question,Classroom Seat-Days,High,Email,true,T1,false,2,10.1,4,true,Practice org expired,AG-113,Elena Moreno,false,4
CASE-71035,ACC-1086,Lumen Motors,Strategic,AMER,Premier,2026-07-08,2026-07-09,Closed,Bug,Classroom Seat-Days,Low,In-App Chat,false,T1,false,171,16.8,48,false,SSO / identity,AG-113,Elena Moreno,false,
CASE-71036,ACC-1086,Lumen Motors,Strategic,AMER,Premier,2025-02-02,,New,How-To Question,Team Plan,Medium,LMS Integration,false,T2,false,203,2.9,24,false,,AG-102,Kwame Lindqvist,false,
CASE-71037,ACC-1086,Lumen Motors,Strategic,AMER,Premier,2025-12-10,2025-12-11,Closed,Security / SSO,Team Plan,High,Email,false,T3,false,2,25.9,4,true,Learner misconfiguration,AG-110,Ana Fischer,false,
CASE-71038,ACC-1086,Lumen Motors,Strategic,AMER,Premier,2025-03-27,,In Progress,Bug,Classroom Seat-Days,Low,In-App Chat,false,T1,false,251,46.6,48,false,,AG-116,Tom Nair,false,
CASE-71039,ACC-1086,Lumen Motors,Strategic,AMER,Premier,2025-12-01,2025-12-01,Closed,How-To Question,Implementation Services,Medium,Email,false,T2,false,180,7.3,24,false,Expected behaviour,AG-115,Felix Kapoor,false,5
CASE-71040,ACC-1086,Lumen Motors,Strategic,AMER,Premier,2025-04-04,2025-04-05,Resolved - Monitoring,Billing / Seat Dispute,Implementation Services,Medium,Email,false,T2,false,226,30.4,24,false,Learner misconfiguration,AG-112,Yuki Marino,false,4
CASE-71041,ACC-1086,Lumen Motors,Strategic,AMER,Premier,2025-06-25,2025-06-26,Resolved - Monitoring,How-To Question,Academy Pro,Medium,Web Form,true,T2,false,177,14.7,24,false,Content gap,AG-101,Sana Nair,false,5
CASE-71042,ACC-1086,Lumen Motors,Strategic,AMER,Premier,2025-02-26,2025-02-26,Closed,Platform Incident,Team Plan,High,In-App Chat,true,T2,false,19,0.7,4,false,Voucher pool exhausted,AG-112,Yuki Marino,false,5
CASE-71043,ACC-1086,Lumen Motors,Strategic,AMER,Premier,2024-10-15,2024-10-15,Closed,How-To Question,Enterprise Programme,Medium,Web Form,true,T2,false,188,6.7,24,false,Product defect,AG-103,Lena Brandt,false,5
CASE-71044,ACC-1086,Lumen Motors,Strategic,AMER,Premier,2025-05-12,2025-05-12,Closed,Platform Incident,Classroom Seat-Days,Critical,In-App Chat,false,T1,false,60,2,1,true,Practice org expired,AG-106,Omar Kovac,false,1
CASE-71045,ACC-1086,Lumen Motors,Strategic,AMER,Premier,2025-09-28,2025-09-29,Closed,Billing / Seat Dispute,Implementation Services,Medium,Phone,false,T2,false,180,13,24,false,Video / CDN failure,AG-101,Sana Nair,false,
CASE-71046,ACC-1086,Lumen Motors,Strategic,AMER,Premier,2026-03-26,2026-03-27,Closed,Onboarding / Org Setup,Team Plan,Low,Email,false,T2,false,168,22.6,48,false,Expected behaviour,AG-112,Yuki Marino,false,
CASE-71047,ACC-1086,Lumen Motors,Strategic,AMER,Premier,2024-10-26,2024-10-27,Closed,Onboarding / Org Setup,Classroom Seat-Days,Low,Email,false,T1,false,268,24.3,48,false,Voucher pool exhausted,AG-111,Marcus Brandt,false,5
CASE-71048,ACC-1086,Lumen Motors,Strategic,AMER,Premier,2026-01-04,2026-01-06,Resolved - Monitoring,Security / SSO,Certification Vouchers,Medium,Web Form,false,T1,false,215,60,24,true,Product defect,AG-117,Yuki Shaw,false,1
CASE-71049,ACC-1086,Lumen Motors,Strategic,AMER,Premier,2024-12-05,2024-12-08,Resolved - Monitoring,Content Request,Implementation Services,Medium,In-App Chat,false,T1,false,197,62.3,24,true,Seat limit reached,AG-107,Jonas Ahmed,false,2
CASE-71050,ACC-1086,Lumen Motors,Strategic,AMER,Premier,2026-05-03,2026-05-03,Closed,Platform Incident,Academy Pro,High,Web Form,false,T1,false,38,9.6,4,true,Content gap,AG-100,Omar Berg,false,2
CASE-71051,ACC-1086,Lumen Motors,Strategic,AMER,Premier,2026-02-06,2026-02-06,Closed,How-To Question,Academy Pro,Low,Web Form,false,T1,false,224,0.2,48,false,Learner misconfiguration,AG-113,Elena Moreno,false,5
CASE-71052,ACC-1086,Lumen Motors,Strategic,AMER,Premier,2026-02-06,2026-02-06,Closed,How-To Question,Academy Pro,Medium,In-App Chat,false,T1,false,134,9.5,24,false,Expected behaviour,AG-113,Elena Moreno,false,
CASE-71053,ACC-1086,Lumen Motors,Strategic,AMER,Premier,2025-04-03,2025-04-03,Closed,How-To Question,Academy Pro,Low,Email,true,T2,false,222,9.1,48,false,Seat limit reached,AG-114,Priya Almeida,false,
CASE-71054,ACC-1086,Lumen Motors,Strategic,AMER,Premier,2026-04-09,2026-04-09,Closed,Platform Incident,Enterprise Programme,Critical,Web Form,false,T2,false,2,1.5,1,true,Product defect,AG-109,Zara Chen,false,2
CASE-71055,ACC-1086,Lumen Motors,Strategic,AMER,Premier,2025-08-14,,In Progress,Onboarding / Org Setup,Certification Vouchers,Medium,Phone,false,T1,false,262,16.8,24,false,,AG-116,Tom Nair,false,
CASE-71056,ACC-1086,Lumen Motors,Strategic,AMER,Premier,2025-01-22,2025-01-22,Closed,Billing / Seat Dispute,Academy Pro,Medium,In-App Chat,true,T1,false,189,10,24,false,Product defect,AG-105,Clara Iyer,false,
CASE-71057,ACC-1086,Lumen Motors,Strategic,AMER,Premier,2026-04-16,2026-04-18,Closed,Onboarding / Org Setup,Enterprise Programme,Medium,Email,false,T1,true,168,38.3,24,true,Learner misconfiguration,AG-107,Jonas Ahmed,false,2
CASE-71058,ACC-1086,Lumen Motors,Strategic,AMER,Premier,2025-11-11,2025-11-16,Closed,Content Request,Certification Vouchers,Low,Email,false,T1,false,199,109.7,48,true,Product defect,AG-117,Yuki Shaw,false,
CASE-71059,ACC-1086,Lumen Motors,Strategic,AMER,Premier,2024-12-26,2024-12-28,Closed,Bug,Team Plan,Medium,In-App Chat,false,T1,false,203,44.1,24,true,Voucher pool exhausted,AG-107,Jonas Ahmed,false,
CASE-71060,ACC-1086,Lumen Motors,Strategic,AMER,Premier,2024-11-19,2024-11-21,Closed,Bug,Enterprise Programme,Medium,Email,false,T1,true,159,53.8,24,true,Seat limit reached,AG-116,Tom Nair,false,5
CASE-71061,ACC-1086,Lumen Motors,Strategic,AMER,Premier,2026-07-28,2026-07-29,Closed,Billing / Seat Dispute,Certification Vouchers,Low,Email,false,T3,false,186,22.9,48,false,Learner misconfiguration,AG-104,Jonas Diallo,false,3
CASE-71062,ACC-1087,Harbor Insurance,SMB,APAC,Standard,2026-07-21,,Waiting on Customer,Content Request,Implementation Services,High,Email,false,T2,false,113,44.8,4,true,,AG-114,Priya Almeida,false,
CASE-71063,ACC-1087,Harbor Insurance,SMB,APAC,Standard,2026-09-19,,Waiting on Customer,Content Request,Enterprise Programme,Medium,LMS Integration,false,T2,false,171,63.3,24,true,,AG-109,Zara Chen,false,
CASE-71064,ACC-1087,Harbor Insurance,SMB,APAC,Standard,2026-08-14,2026-08-15,Closed,Onboarding / Org Setup,Team Plan,Medium,Email,false,T2,false,199,23.2,24,false,Product defect,AG-115,Felix Kapoor,false,
CASE-71065,ACC-1088,Beacon Works,SMB,APAC,Standard,2025-09-14,,Waiting on Customer,Platform Incident,Certification Vouchers,Medium,LMS Integration,false,T3,false,169,5.8,24,false,,AG-104,Jonas Diallo,false,
CASE-71066,ACC-1088,Beacon Works,SMB,APAC,Standard,2026-06-13,2026-06-13,Closed,Platform Incident,Team Plan,High,Web Form,false,T3,false,49,8.7,4,true,Expected behaviour,AG-110,Ana Fischer,true,2
CASE-71067,ACC-1088,Beacon Works,SMB,APAC,Standard,2025-06-18,2025-06-19,Closed,Bug,Implementation Services,High,LMS Integration,false,T2,false,76,26.3,4,true,Seat limit reached,AG-114,Priya Almeida,false,
CASE-71068,ACC-1088,Beacon Works,SMB,APAC,Standard,2026-08-28,2026-08-28,Closed,Platform Incident,Classroom Seat-Days,Critical,Phone,true,T1,false,22,4.2,1,true,Expected behaviour,AG-105,Clara Iyer,true,
CASE-71069,ACC-1088,Beacon Works,SMB,APAC,Standard,2026-03-19,2026-03-20,Closed,Billing / Seat Dispute,Enterprise Programme,Low,Phone,false,T2,false,129,25.6,48,false,Voucher pool exhausted,AG-102,Kwame Lindqvist,false,
CASE-71070,ACC-1088,Beacon Works,SMB,APAC,Standard,2026-08-23,2026-08-23,Closed,How-To Question,Classroom Seat-Days,Low,Web Form,true,T1,false,194,7.4,48,false,Product defect,AG-105,Clara Iyer,false,5
CASE-71071,ACC-1088,Beacon Works,SMB,APAC,Standard,2025-06-28,2025-06-30,Closed,Content Request,Academy Pro,Medium,LMS Integration,false,T1,false,224,43.6,24,true,Learner misconfiguration,AG-111,Marcus Brandt,false,3
CASE-71072,ACC-1088,Beacon Works,SMB,APAC,Standard,2025-05-18,2025-05-18,Closed,How-To Question,Certification Vouchers,High,Phone,true,T1,true,112,9,4,true,Seat limit reached,AG-100,Omar Berg,false,4
CASE-71073,ACC-1088,Beacon Works,SMB,APAC,Standard,2026-02-18,,In Progress,Security / SSO,Team Plan,Low,In-App Chat,false,T1,false,178,28.4,48,false,,AG-105,Clara Iyer,false,
CASE-71074,ACC-1088,Beacon Works,SMB,APAC,Standard,2025-06-13,2025-06-14,Closed,Billing / Seat Dispute,Enterprise Programme,High,Web Form,false,T2,false,76,22.7,4,true,SSO / identity,AG-112,Yuki Marino,true,1
CASE-71075,ACC-1088,Beacon Works,SMB,APAC,Standard,2026-07-20,,In Progress,How-To Question,Implementation Services,Low,LMS Integration,false,T2,false,235,4.1,48,false,,AG-108,Kwame Iyer,false,
CASE-71076,ACC-1088,Beacon Works,SMB,APAC,Standard,2025-04-07,2025-04-07,Resolved - Monitoring,How-To Question,Implementation Services,Low,Email,false,T1,false,120,5.5,48,false,Practice org expired,AG-100,Omar Berg,false,5
CASE-71077,ACC-1088,Beacon Works,SMB,APAC,Standard,2026-01-20,2026-01-23,Closed,Content Request,Team Plan,Medium,Web Form,false,T2,true,175,80.8,24,true,Learner misconfiguration,AG-108,Kwame Iyer,false,
CASE-71078,ACC-1088,Beacon Works,SMB,APAC,Standard,2026-08-29,,In Progress,Bug,Classroom Seat-Days,Low,Web Form,false,T2,false,218,24.2,48,false,,AG-114,Priya Almeida,true,
CASE-71079,ACC-1088,Beacon Works,SMB,APAC,Standard,2025-02-01,2025-02-01,Closed,How-To Question,Certification Vouchers,Medium,Email,true,T3,false,232,6.2,24,false,Learner misconfiguration,AG-110,Ana Fischer,false,
CASE-71080,ACC-1088,Beacon Works,SMB,APAC,Standard,2025-02-12,2025-02-13,Closed,How-To Question,Enterprise Programme,Medium,Web Form,true,T2,false,135,12.1,24,false,Practice org expired,AG-114,Priya Almeida,false,
CASE-71081,ACC-1089,Kestrel Group,SMB,AMER,Standard,2025-12-26,2025-12-26,Closed,Onboarding / Org Setup,Certification Vouchers,Low,Slack Connect,false,T2,false,212,8.4,48,false,Seat limit reached,AG-109,Zara Chen,true,
CASE-71082,ACC-1089,Kestrel Group,SMB,AMER,Standard,2025-08-22,2025-08-22,Closed,How-To Question,Academy Pro,Medium,In-App Chat,true,T2,false,197,11.5,24,false,Expected behaviour,AG-114,Priya Almeida,false,3
CASE-71083,ACC-1089,Kestrel Group,SMB,AMER,Standard,2025-12-15,2025-12-18,Closed,Content Request,Academy Pro,Medium,Email,false,T3,false,151,79.2,24,true,Expected behaviour,AG-110,Ana Fischer,true,
CASE-71084,ACC-1089,Kestrel Group,SMB,AMER,Standard,2025-09-29,2025-09-29,Closed,Platform Incident,Team Plan,Critical,Email,false,T1,true,26,4.2,1,true,Practice org expired,AG-111,Marcus Brandt,false,3
CASE-71085,ACC-1089,Kestrel Group,SMB,AMER,Standard,2025-10-17,2025-10-18,Closed,Billing / Seat Dispute,Team Plan,Medium,Phone,false,T2,false,186,25.5,24,true,SSO / identity,AG-109,Zara Chen,true,2
CASE-71086,ACC-1089,Kestrel Group,SMB,AMER,Standard,2025-07-03,2025-07-03,Closed,Platform Incident,Academy Pro,Medium,Email,false,T2,false,150,2,24,false,Video / CDN failure,AG-101,Sana Nair,false,
CASE-71087,ACC-1089,Kestrel Group,SMB,AMER,Standard,2026-08-03,2026-08-04,Closed,Bug,Classroom Seat-Days,Medium,Web Form,false,T1,false,154,18.8,24,false,Expected behaviour,AG-106,Omar Kovac,false,4
CASE-71088,ACC-1089,Kestrel Group,SMB,AMER,Standard,2025-12-24,2025-12-25,Closed,Content Request,Implementation Services,Low,In-App Chat,false,T1,false,194,16.9,48,false,Product defect,AG-106,Omar Kovac,true,
CASE-71089,ACC-1089,Kestrel Group,SMB,AMER,Standard,2026-04-07,2026-04-12,Closed,Content Request,Certification Vouchers,Medium,Email,false,T1,false,171,109.7,24,true,Video / CDN failure,AG-113,Elena Moreno,false,3
CASE-71090,ACC-1090,Pallas Bank,SMB,AMER,Standard,2026-05-03,2026-05-03,Closed,Platform Incident,Implementation Services,High,LMS Integration,true,T1,false,22,8.7,4,true,SSO / identity,AG-105,Clara Iyer,false,
CASE-71091,ACC-1090,Pallas Bank,SMB,AMER,Standard,2026-04-10,2026-04-10,Resolved - Monitoring,Platform Incident,Academy Pro,Critical,In-App Chat,false,T3,false,44,1,1,false,Video / CDN failure,AG-110,Ana Fischer,false,
CASE-71092,ACC-1090,Pallas Bank,SMB,AMER,Standard,2026-09-24,2026-09-25,Resolved - Monitoring,Billing / Seat Dispute,Certification Vouchers,Low,LMS Integration,true,T2,false,174,20,48,false,Content gap,AG-102,Kwame Lindqvist,false,4
CASE-71093,ACC-1090,Pallas Bank,SMB,AMER,Standard,2025-12-03,2025-12-06,Closed,Content Request,Team Plan,Medium,Web Form,true,T2,false,171,61.8,24,true,Voucher pool exhausted,AG-115,Felix Kapoor,false,3
CASE-71094,ACC-1090,Pallas Bank,SMB,AMER,Standard,2026-05-08,2026-05-09,Resolved - Monitoring,Onboarding / Org Setup,Certification Vouchers,Low,Email,false,T1,true,179,22.4,48,false,Learner misconfiguration,AG-100,Omar Berg,false,5
CASE-71095,ACC-1090,Pallas Bank,SMB,AMER,Standard,2026-02-08,2026-02-09,Closed,How-To Question,Team Plan,Medium,Slack Connect,true,T1,false,264,15.2,24,false,Voucher pool exhausted,AG-117,Yuki Shaw,false,5
CASE-71096,ACC-1090,Pallas Bank,SMB,AMER,Standard,2025-12-28,2025-12-30,Closed,Security / SSO,Enterprise Programme,High,Web Form,false,T3,true,14,37.4,4,true,Voucher pool exhausted,AG-104,Jonas Diallo,false,3
CASE-71097,ACC-1090,Pallas Bank,SMB,AMER,Standard,2026-07-08,,New,Billing / Seat Dispute,Certification Vouchers,Low,In-App Chat,false,T1,false,154,14,48,false,,AG-116,Tom Nair,false,
CASE-71098,ACC-1090,Pallas Bank,SMB,AMER,Standard,2026-02-26,2026-02-26,Closed,Platform Incident,Academy Pro,High,Slack Connect,false,T1,false,2,3.8,4,false,Video / CDN failure,AG-111,Marcus Brandt,false,3
CASE-71099,ACC-1090,Pallas Bank,SMB,AMER,Standard,2026-09-08,,New,How-To Question,Enterprise Programme,Medium,Phone,true,T1,false,179,12,24,false,,AG-106,Omar Kovac,false,
CASE-71100,ACC-1092,Lattice Capital,SMB,AMER,Standard,2026-08-12,2026-08-12,Closed,How-To Question,Team Plan,Medium,Web Form,true,T3,true,193,6.6,24,false,Voucher pool exhausted,AG-104,Jonas Diallo,false,
CASE-71101,ACC-1092,Lattice Capital,SMB,AMER,Standard,2024-11-12,2024-11-15,Closed,Content Request,Classroom Seat-Days,Medium,Web Form,true,T2,true,188,61.1,24,true,Voucher pool exhausted,AG-108,Kwame Iyer,false,
CASE-71102,ACC-1092,Lattice Capital,SMB,AMER,Standard,2026-05-30,2026-05-30,Closed,How-To Question,Classroom Seat-Days,Low,Phone,false,T2,false,208,8.8,48,false,Learner misconfiguration,AG-103,Lena Brandt,false,4
CASE-71103,ACC-1092,Lattice Capital,SMB,AMER,Standard,2025-05-09,,Waiting on Customer,Content Request,Certification Vouchers,High,In-App Chat,false,T3,false,62,61.2,4,true,,AG-104,Jonas Diallo,false,
CASE-71104,ACC-1092,Lattice Capital,SMB,AMER,Standard,2026-08-22,2026-08-22,Closed,How-To Question,Enterprise Programme,Low,Web Form,false,T1,false,244,4.4,48,false,Expected behaviour,AG-113,Elena Moreno,false,
CASE-71105,ACC-1092,Lattice Capital,SMB,AMER,Standard,2025-09-28,2025-10-05,Closed,Content Request,Implementation Services,Medium,Email,true,T1,false,191,159.9,24,true,Seat limit reached,AG-113,Elena Moreno,false,
CASE-71106,ACC-1092,Lattice Capital,SMB,AMER,Standard,2025-11-29,2025-11-30,Closed,Onboarding / Org Setup,Academy Pro,Medium,In-App Chat,true,T1,false,176,18.6,24,false,Content gap,AG-107,Jonas Ahmed,false,
CASE-71107,ACC-1092,Lattice Capital,SMB,AMER,Standard,2025-03-16,2025-03-17,Closed,Onboarding / Org Setup,Certification Vouchers,Medium,LMS Integration,false,T1,false,225,13.8,24,false,Expected behaviour,AG-111,Marcus Brandt,false,
CASE-71108,ACC-1093,Rivet Technologies,Enterprise,AMER,Business,2026-01-31,2026-02-01,Closed,Security / SSO,Academy Pro,Medium,Web Form,false,T1,false,149,28.7,24,true,Learner misconfiguration,AG-113,Elena Moreno,false,
CASE-71109,ACC-1093,Rivet Technologies,Enterprise,AMER,Business,2025-11-06,2025-11-06,Resolved - Monitoring,Billing / Seat Dispute,Certification Vouchers,Medium,Email,false,T2,false,222,0.2,24,false,Expected behaviour,AG-115,Felix Kapoor,false,
CASE-71110,ACC-1093,Rivet Technologies,Enterprise,AMER,Business,2025-06-20,2025-06-20,Resolved - Monitoring,How-To Question,Implementation Services,Medium,Web Form,false,T2,false,186,8.6,24,false,Video / CDN failure,AG-109,Zara Chen,false,
CASE-71111,ACC-1093,Rivet Technologies,Enterprise,AMER,Business,2026-07-11,2026-07-12,Closed,Billing / Seat Dispute,Certification Vouchers,Low,In-App Chat,false,T1,false,225,20,48,false,Product defect,AG-105,Clara Iyer,false,
CASE-71112,ACC-1093,Rivet Technologies,Enterprise,AMER,Business,2025-06-14,,Waiting on Customer,How-To Question,Academy Pro,High,LMS Integration,false,T2,false,75,13,4,true,,AG-101,Sana Nair,false,
CASE-71113,ACC-1093,Rivet Technologies,Enterprise,AMER,Business,2025-07-12,2025-07-13,Closed,Onboarding / Org Setup,Team Plan,Low,Web Form,false,T1,false,206,19.6,48,false,Voucher pool exhausted,AG-105,Clara Iyer,false,
CASE-71114,ACC-1093,Rivet Technologies,Enterprise,AMER,Business,2025-07-25,2025-07-26,Closed,How-To Question,Classroom Seat-Days,Low,LMS Integration,false,T2,false,124,12.6,48,false,Video / CDN failure,AG-112,Yuki Marino,false,4
CASE-71115,ACC-1093,Rivet Technologies,Enterprise,AMER,Business,2026-07-02,2026-07-03,Closed,Billing / Seat Dispute,Classroom Seat-Days,Medium,Phone,false,T1,false,247,25.2,24,true,Product defect,AG-117,Yuki Shaw,false,3
CASE-71116,ACC-1093,Rivet Technologies,Enterprise,AMER,Business,2025-08-21,2025-08-22,Closed,Billing / Seat Dispute,Classroom Seat-Days,Low,Email,false,T2,false,227,14,48,false,Product defect,AG-112,Yuki Marino,false,
CASE-71117,ACC-1093,Rivet Technologies,Enterprise,AMER,Business,2026-03-29,2026-03-29,Closed,How-To Question,Enterprise Programme,Low,LMS Integration,true,T2,false,192,2.9,48,false,Product defect,AG-114,Priya Almeida,false,4
CASE-71118,ACC-1093,Rivet Technologies,Enterprise,AMER,Business,2025-05-25,2025-05-27,Closed,Bug,Classroom Seat-Days,Medium,In-App Chat,false,T2,false,181,51.8,24,true,Video / CDN failure,AG-115,Felix Kapoor,false,
CASE-71119,ACC-1093,Rivet Technologies,Enterprise,AMER,Business,2025-05-24,2025-05-24,Resolved - Monitoring,How-To Question,Classroom Seat-Days,Medium,Phone,false,T2,true,239,11.6,24,false,Practice org expired,AG-112,Yuki Marino,false,
CASE-71120,ACC-1093,Rivet Technologies,Enterprise,AMER,Business,2026-03-03,2026-03-03,Closed,Platform Incident,Classroom Seat-Days,High,Email,false,T2,true,95,5.6,4,true,Learner misconfiguration,AG-103,Lena Brandt,false,3
CASE-71121,ACC-1093,Rivet Technologies,Enterprise,AMER,Business,2026-05-13,2026-05-13,Closed,Onboarding / Org Setup,Enterprise Programme,Medium,In-App Chat,false,T2,false,203,11.7,24,false,Practice org expired,AG-115,Felix Kapoor,false,
CASE-71122,ACC-1093,Rivet Technologies,Enterprise,AMER,Business,2026-04-03,2026-04-04,Closed,How-To Question,Implementation Services,Low,In-App Chat,true,T3,false,223,12.2,48,false,Video / CDN failure,AG-110,Ana Fischer,false,
CASE-71123,ACC-1093,Rivet Technologies,Enterprise,AMER,Business,2026-06-20,2026-06-20,Closed,Onboarding / Org Setup,Implementation Services,Low,Email,false,T2,false,152,9.8,48,false,SSO / identity,AG-112,Yuki Marino,false,
CASE-71124,ACC-1093,Rivet Technologies,Enterprise,AMER,Business,2025-06-13,2025-06-14,Closed,Onboarding / Org Setup,Classroom Seat-Days,Medium,Web Form,false,T3,false,176,26.5,24,true,Learner misconfiguration,AG-104,Jonas Diallo,false,
CASE-71125,ACC-1093,Rivet Technologies,Enterprise,AMER,Business,2026-06-22,2026-06-27,Closed,Content Request,Academy Pro,Medium,Slack Connect,false,T2,false,284,115,24,true,Content gap,AG-102,Kwame Lindqvist,false,
CASE-71126,ACC-1093,Rivet Technologies,Enterprise,AMER,Business,2025-09-21,2025-09-22,Closed,How-To Question,Academy Pro,Low,Web Form,true,T1,false,220,15,48,false,Voucher pool exhausted,AG-105,Clara Iyer,false,4
CASE-71127,ACC-1093,Rivet Technologies,Enterprise,AMER,Business,2025-01-17,2025-01-19,Closed,Security / SSO,Enterprise Programme,Medium,Web Form,false,T2,true,198,43.3,24,true,Seat limit reached,AG-115,Felix Kapoor,false,
CASE-71128,ACC-1093,Rivet Technologies,Enterprise,AMER,Business,2025-10-09,2025-10-10,Closed,How-To Question,Team Plan,Low,Email,true,T3,false,199,13.6,48,false,Video / CDN failure,AG-104,Jonas Diallo,false,
CASE-71129,ACC-1093,Rivet Technologies,Enterprise,AMER,Business,2024-12-07,,New,Content Request,Implementation Services,Medium,In-App Chat,false,T1,false,170,127.9,24,true,,AG-100,Omar Berg,false,
CASE-71130,ACC-1093,Rivet Technologies,Enterprise,AMER,Business,2026-09-18,2026-09-19,Closed,Bug,Classroom Seat-Days,Medium,Web Form,false,T1,false,233,17.6,24,false,Product defect,AG-116,Tom Nair,false,3
CASE-71131,ACC-1095,Halcyon Bank,Enterprise,APAC,Business,2026-06-22,2026-06-24,Closed,Content Request,Academy Pro,High,LMS Integration,false,T1,false,6,47.5,4,true,Expected behaviour,AG-116,Tom Nair,false,
CASE-71132,ACC-1095,Halcyon Bank,Enterprise,APAC,Business,2026-05-16,2026-05-17,Closed,Onboarding / Org Setup,Classroom Seat-Days,High,Web Form,false,T2,true,125,30.1,4,true,Learner misconfiguration,AG-115,Felix Kapoor,false,
CASE-71133,ACC-1095,Halcyon Bank,Enterprise,APAC,Business,2026-08-16,2026-08-16,Closed,Onboarding / Org Setup,Implementation Services,High,In-App Chat,false,T2,false,64,7.6,4,true,Expected behaviour,AG-114,Priya Almeida,false,
CASE-71134,ACC-1095,Halcyon Bank,Enterprise,APAC,Business,2026-06-20,2026-06-20,Closed,How-To Question,Classroom Seat-Days,Medium,Email,false,T3,false,325,6,24,false,Product defect,AG-104,Jonas Diallo,false,
CASE-71135,ACC-1095,Halcyon Bank,Enterprise,APAC,Business,2026-05-30,2026-05-30,Closed,How-To Question,Classroom Seat-Days,Medium,Web Form,true,T1,false,181,7,24,false,Product defect,AG-111,Marcus Brandt,false,4
CASE-71136,ACC-1095,Halcyon Bank,Enterprise,APAC,Business,2026-06-19,2026-06-20,Resolved - Monitoring,Onboarding / Org Setup,Enterprise Programme,Medium,Web Form,false,T2,false,138,18,24,false,Seat limit reached,AG-101,Sana Nair,false,4
CASE-71137,ACC-1095,Halcyon Bank,Enterprise,APAC,Business,2026-08-22,2026-08-23,Closed,How-To Question,Certification Vouchers,Medium,Email,false,T2,false,266,13.8,24,false,Product defect,AG-102,Kwame Lindqvist,false,5
CASE-71138,ACC-1095,Halcyon Bank,Enterprise,APAC,Business,2026-08-27,2026-08-27,Resolved - Monitoring,How-To Question,Academy Pro,Medium,LMS Integration,false,T1,false,210,4.7,24,false,Practice org expired,AG-113,Elena Moreno,false,
CASE-71139,ACC-1095,Halcyon Bank,Enterprise,APAC,Business,2026-07-08,,New,Content Request,Academy Pro,Medium,Slack Connect,false,T1,false,112,57.6,24,true,,AG-105,Clara Iyer,false,
CASE-71140,ACC-1095,Halcyon Bank,Enterprise,APAC,Business,2026-02-25,2026-02-25,Closed,How-To Question,Certification Vouchers,High,Web Form,false,T1,false,16,11.6,4,true,Seat limit reached,AG-105,Clara Iyer,false,3
CASE-71141,ACC-1095,Halcyon Bank,Enterprise,APAC,Business,2026-05-24,2026-05-25,Closed,Billing / Seat Dispute,Enterprise Programme,Medium,In-App Chat,false,T1,false,168,18,24,false,Practice org expired,AG-117,Yuki Shaw,false,
CASE-71142,ACC-1095,Halcyon Bank,Enterprise,APAC,Business,2026-07-27,2026-07-27,Closed,Platform Incident,Enterprise Programme,High,LMS Integration,false,T2,false,2,4,4,false,Voucher pool exhausted,AG-103,Lena Brandt,false,
CASE-71143,ACC-1095,Halcyon Bank,Enterprise,APAC,Business,2026-04-27,2026-04-27,Closed,How-To Question,Implementation Services,Medium,Web Form,false,T1,true,216,7.5,24,false,SSO / identity,AG-105,Clara Iyer,false,3
CASE-71144,ACC-1095,Halcyon Bank,Enterprise,APAC,Business,2026-06-06,2026-06-06,Closed,How-To Question,Implementation Services,Medium,Email,true,T2,false,181,9.9,24,false,Product defect,AG-109,Zara Chen,false,
CASE-71145,ACC-1095,Halcyon Bank,Enterprise,APAC,Business,2026-05-25,2026-05-25,Resolved - Monitoring,How-To Question,Certification Vouchers,Medium,Email,false,T2,false,172,6.3,24,false,SSO / identity,AG-112,Yuki Marino,false,
CASE-71146,ACC-1095,Halcyon Bank,Enterprise,APAC,Business,2026-09-08,2026-09-08,Closed,Security / SSO,Enterprise Programme,Medium,LMS Integration,false,T1,false,184,2.1,24,false,Seat limit reached,AG-116,Tom Nair,false,
CASE-71147,ACC-1095,Halcyon Bank,Enterprise,APAC,Business,2026-04-16,2026-04-17,Closed,How-To Question,Certification Vouchers,Medium,Web Form,false,T1,false,186,12.9,24,false,SSO / identity,AG-113,Elena Moreno,false,
CASE-71148,ACC-1095,Halcyon Bank,Enterprise,APAC,Business,2026-06-05,2026-06-05,Closed,Platform Incident,Academy Pro,High,Web Form,false,T2,false,2,9.6,4,true,Seat limit reached,AG-108,Kwame Iyer,false,
CASE-71149,ACC-1095,Halcyon Bank,Enterprise,APAC,Business,2026-05-30,2026-05-30,Closed,Platform Incident,Team Plan,Critical,Slack Connect,true,T3,false,2,2.9,1,true,Video / CDN failure,AG-104,Jonas Diallo,false,2
CASE-71150,ACC-1095,Halcyon Bank,Enterprise,APAC,Business,2026-04-04,,Waiting on Customer,How-To Question,Implementation Services,Medium,LMS Integration,false,T2,false,193,7.5,24,false,,AG-102,Kwame Lindqvist,false,
CASE-71151,ACC-1095,Halcyon Bank,Enterprise,APAC,Business,2026-08-04,2026-08-04,Resolved - Monitoring,How-To Question,Classroom Seat-Days,Medium,Email,true,T2,false,161,4.6,24,false,Learner misconfiguration,AG-115,Felix Kapoor,false,
CASE-71152,ACC-1095,Halcyon Bank,Enterprise,APAC,Business,2026-08-25,2026-08-25,Resolved - Monitoring,Platform Incident,Enterprise Programme,High,Slack Connect,false,T2,false,55,10.7,4,true,Learner misconfiguration,AG-115,Felix Kapoor,false,
CASE-71153,ACC-1095,Halcyon Bank,Enterprise,APAC,Business,2026-02-17,2026-02-18,Closed,How-To Question,Classroom Seat-Days,Low,Email,false,T1,false,149,20.7,48,false,Voucher pool exhausted,AG-113,Elena Moreno,false,5
CASE-71154,ACC-1095,Halcyon Bank,Enterprise,APAC,Business,2026-06-21,2026-06-22,Closed,Onboarding / Org Setup,Enterprise Programme,Medium,In-App Chat,false,T1,false,109,24.3,24,true,Voucher pool exhausted,AG-100,Omar Berg,false,2
CASE-71155,ACC-1095,Halcyon Bank,Enterprise,APAC,Business,2026-05-21,2026-05-21,Closed,Billing / Seat Dispute,Enterprise Programme,Low,Email,false,T1,false,252,8.4,48,false,Video / CDN failure,AG-105,Clara Iyer,false,
CASE-71156,ACC-1095,Halcyon Bank,Enterprise,APAC,Business,2026-03-17,2026-03-20,Closed,Content Request,Certification Vouchers,Low,LMS Integration,false,T2,false,192,80.2,48,true,SSO / identity,AG-109,Zara Chen,false,4
CASE-71157,ACC-1096,Vertex Group,Mid-Market,EMEA,Standard,2026-05-28,2026-05-30,Resolved - Monitoring,Content Request,Academy Pro,Low,In-App Chat,true,T2,false,167,52.8,48,true,Voucher pool exhausted,AG-101,Sana Nair,false,2
CASE-71158,ACC-1096,Vertex Group,Mid-Market,EMEA,Standard,2026-05-23,2026-05-23,Closed,How-To Question,Enterprise Programme,Low,Web Form,true,T2,false,251,8.2,48,false,Practice org expired,AG-112,Yuki Marino,false,
CASE-71159,ACC-1096,Vertex Group,Mid-Market,EMEA,Standard,2026-06-24,2026-06-26,Closed,Bug,Classroom Seat-Days,Medium,Email,false,T2,false,222,39.6,24,true,Practice org expired,AG-108,Kwame Iyer,false,
CASE-71160,ACC-1096,Vertex Group,Mid-Market,EMEA,Standard,2026-07-11,2026-07-11,Closed,Onboarding / Org Setup,Team Plan,Low,LMS Integration,false,T1,false,161,3.9,48,false,Video / CDN failure,AG-116,Tom Nair,false,4
CASE-71161,ACC-1096,Vertex Group,Mid-Market,EMEA,Standard,2026-05-10,,In Progress,How-To Question,Academy Pro,Medium,Web Form,false,T2,false,199,14.6,24,false,,AG-115,Felix Kapoor,false,
CASE-71162,ACC-1096,Vertex Group,Mid-Market,EMEA,Standard,2026-07-05,,In Progress,How-To Question,Classroom Seat-Days,Medium,Phone,true,T2,false,194,4.7,24,false,,AG-103,Lena Brandt,false,
CASE-71163,ACC-1096,Vertex Group,Mid-Market,EMEA,Standard,2026-04-05,2026-04-06,Closed,Billing / Seat Dispute,Enterprise Programme,High,Email,true,T1,false,36,23,4,true,SSO / identity,AG-105,Clara Iyer,false,2
CASE-71164,ACC-1096,Vertex Group,Mid-Market,EMEA,Standard,2026-07-03,2026-07-05,Resolved - Monitoring,Onboarding / Org Setup,Certification Vouchers,Low,Email,false,T2,true,181,43.2,48,false,Expected behaviour,AG-115,Felix Kapoor,false,3
CASE-71165,ACC-1096,Vertex Group,Mid-Market,EMEA,Standard,2026-06-11,2026-06-14,Closed,Security / SSO,Classroom Seat-Days,Medium,Web Form,false,T1,false,183,62.3,24,true,Voucher pool exhausted,AG-105,Clara Iyer,false,1
CASE-71166,ACC-1096,Vertex Group,Mid-Market,EMEA,Standard,2026-06-18,2026-06-18,Closed,Bug,Team Plan,Low,Email,false,T1,false,222,0.2,48,false,Video / CDN failure,AG-117,Yuki Shaw,false,
CASE-71167,ACC-1096,Vertex Group,Mid-Market,EMEA,Standard,2026-04-23,,Waiting on Customer,Onboarding / Org Setup,Enterprise Programme,Low,Web Form,false,T1,false,173,34.1,48,false,,AG-117,Yuki Shaw,false,
CASE-71168,ACC-1096,Vertex Group,Mid-Market,EMEA,Standard,2026-08-29,2026-08-29,Closed,How-To Question,Classroom Seat-Days,Low,Web Form,false,T1,false,186,6.4,48,false,Video / CDN failure,AG-113,Elena Moreno,false,
CASE-71169,ACC-1096,Vertex Group,Mid-Market,EMEA,Standard,2026-09-03,2026-09-04,Closed,Onboarding / Org Setup,Classroom Seat-Days,High,LMS Integration,false,T1,false,18,19.5,4,true,Voucher pool exhausted,AG-111,Marcus Brandt,false,
CASE-71170,ACC-1096,Vertex Group,Mid-Market,EMEA,Standard,2026-05-02,2026-05-02,Closed,How-To Question,Classroom Seat-Days,Medium,Email,false,T1,false,232,9.7,24,false,Voucher pool exhausted,AG-105,Clara Iyer,false,5
CASE-71171,ACC-1096,Vertex Group,Mid-Market,EMEA,Standard,2026-06-04,2026-06-06,Closed,Content Request,Implementation Services,Medium,Web Form,false,T3,false,196,56.6,24,true,Practice org expired,AG-104,Jonas Diallo,false,
CASE-71172,ACC-1096,Vertex Group,Mid-Market,EMEA,Standard,2026-05-31,2026-05-31,Closed,How-To Question,Certification Vouchers,High,Slack Connect,true,T1,true,2,9.7,4,true,Learner misconfiguration,AG-117,Yuki Shaw,false,
CASE-71173,ACC-1096,Vertex Group,Mid-Market,EMEA,Standard,2026-07-23,2026-07-23,Closed,How-To Question,Classroom Seat-Days,Low,LMS Integration,true,T1,false,209,7,48,false,Expected behaviour,AG-105,Clara Iyer,false,4
CASE-71174,ACC-1096,Vertex Group,Mid-Market,EMEA,Standard,2026-05-26,2026-05-26,Closed,Platform Incident,Classroom Seat-Days,Medium,Web Form,true,T2,false,174,4.2,24,false,Expected behaviour,AG-108,Kwame Iyer,false,
CASE-71175,ACC-1096,Vertex Group,Mid-Market,EMEA,Standard,2026-07-22,,Waiting on Customer,Security / SSO,Certification Vouchers,Low,Email,false,T2,false,224,41.2,48,false,,AG-102,Kwame Lindqvist,false,
CASE-71176,ACC-1097,Aster Retail,SMB,EMEA,Standard,2026-04-30,2026-05-04,Closed,Content Request,Team Plan,Low,In-App Chat,false,T1,false,207,88.5,48,true,Learner misconfiguration,AG-111,Marcus Brandt,false,
CASE-71177,ACC-1097,Aster Retail,SMB,EMEA,Standard,2026-06-09,2026-06-10,Closed,Onboarding / Org Setup,Classroom Seat-Days,Low,Web Form,false,T2,false,211,31.8,48,false,Content gap,AG-112,Yuki Marino,false,4
CASE-71178,ACC-1097,Aster Retail,SMB,EMEA,Standard,2026-08-10,2026-08-14,Closed,Content Request,Implementation Services,High,Email,true,T1,true,2,93.8,4,true,Product defect,AG-116,Tom Nair,false,
CASE-71179,ACC-1097,Aster Retail,SMB,EMEA,Standard,2026-09-15,2026-09-16,Closed,How-To Question,Implementation Services,Low,Email,false,T1,false,225,13.1,48,false,Seat limit reached,AG-111,Marcus Brandt,false,
CASE-71180,ACC-1097,Aster Retail,SMB,EMEA,Standard,2026-03-30,2026-03-30,Closed,Security / SSO,Team Plan,Low,Web Form,false,T1,false,184,2.4,48,false,Voucher pool exhausted,AG-105,Clara Iyer,false,
CASE-71181,ACC-1097,Aster Retail,SMB,EMEA,Standard,2026-01-07,2026-01-10,Closed,Bug,Certification Vouchers,Medium,Email,false,T1,false,161,73.8,24,true,Seat limit reached,AG-100,Omar Berg,false,2
CASE-71182,ACC-1097,Aster Retail,SMB,EMEA,Standard,2026-03-03,,Waiting on Customer,Bug,Implementation Services,Low,Email,false,T2,false,232,14.2,48,false,,AG-108,Kwame Iyer,false,
CASE-71183,ACC-1097,Aster Retail,SMB,EMEA,Standard,2026-05-31,2026-06-03,Closed,Bug,Classroom Seat-Days,High,In-App Chat,false,T1,false,23,64.8,4,true,Seat limit reached,AG-100,Omar Berg,false,
CASE-71184,ACC-1097,Aster Retail,SMB,EMEA,Standard,2026-01-20,2026-01-22,Closed,Bug,Classroom Seat-Days,Low,Email,true,T2,false,227,45.1,48,false,Expected behaviour,AG-109,Zara Chen,false,3
CASE-71185,ACC-1097,Aster Retail,SMB,EMEA,Standard,2026-02-07,2026-02-07,Closed,Onboarding / Org Setup,Enterprise Programme,Low,Phone,false,T1,false,263,8.7,48,false,Voucher pool exhausted,AG-100,Omar Berg,false,
CASE-71186,ACC-1097,Aster Retail,SMB,EMEA,Standard,2026-04-10,2026-04-11,Closed,Content Request,Implementation Services,High,Email,true,T1,false,2,34.2,4,true,Seat limit reached,AG-107,Jonas Ahmed,false,2
CASE-71187,ACC-1097,Aster Retail,SMB,EMEA,Standard,2026-07-12,2026-07-12,Resolved - Monitoring,Platform Incident,Classroom Seat-Days,Medium,LMS Integration,true,T3,false,142,4.9,24,false,Voucher pool exhausted,AG-110,Ana Fischer,false,
CASE-71188,ACC-1098,Juniper Care,Mid-Market,APAC,Standard,2026-08-17,2026-08-17,Closed,How-To Question,Implementation Services,Medium,In-App Chat,false,T1,false,166,8.8,24,false,Product defect,AG-116,Tom Nair,false,
CASE-71189,ACC-1098,Juniper Care,Mid-Market,APAC,Standard,2026-09-12,2026-09-13,Closed,Onboarding / Org Setup,Academy Pro,Medium,LMS Integration,false,T2,false,90,26.6,24,true,Practice org expired,AG-108,Kwame Iyer,false,1
CASE-71190,ACC-1098,Juniper Care,Mid-Market,APAC,Standard,2026-08-12,2026-08-13,Closed,Bug,Enterprise Programme,Medium,Email,false,T1,false,199,35.5,24,true,Video / CDN failure,AG-100,Omar Berg,false,
CASE-71191,ACC-1098,Juniper Care,Mid-Market,APAC,Standard,2026-09-05,2026-09-07,Closed,Bug,Classroom Seat-Days,Low,LMS Integration,false,T3,false,141,41.1,48,false,Learner misconfiguration,AG-104,Jonas Diallo,false,
CASE-71192,ACC-1098,Juniper Care,Mid-Market,APAC,Standard,2026-07-02,2026-07-02,Resolved - Monitoring,Security / SSO,Certification Vouchers,Medium,In-App Chat,true,T3,false,178,0.2,24,false,Voucher pool exhausted,AG-110,Ana Fischer,false,
CASE-71193,ACC-1098,Juniper Care,Mid-Market,APAC,Standard,2026-08-20,2026-08-21,Closed,Billing / Seat Dispute,Team Plan,High,In-App Chat,false,T1,false,5,16.4,4,true,Expected behaviour,AG-111,Marcus Brandt,false,3
CASE-71194,ACC-1098,Juniper Care,Mid-Market,APAC,Standard,2026-08-09,2026-08-10,Closed,Onboarding / Org Setup,Certification Vouchers,Medium,In-App Chat,false,T3,false,157,15.6,24,false,Content gap,AG-104,Jonas Diallo,false,
CASE-71195,ACC-1099,Orbital Capital,Self-Serve,APAC,Community,2025-07-03,2025-07-07,Closed,Content Request,Implementation Services,Medium,In-App Chat,false,T1,false,187,94.3,24,true,Content gap,AG-116,Tom Nair,false,
CASE-71196,ACC-1099,Orbital Capital,Self-Serve,APAC,Community,2025-10-04,2025-10-06,Closed,Onboarding / Org Setup,Certification Vouchers,High,LMS Integration,false,T2,false,67,42.2,4,true,Practice org expired,AG-109,Zara Chen,false,
CASE-71197,ACC-1099,Orbital Capital,Self-Serve,APAC,Community,2026-02-23,,New,Platform Incident,Academy Pro,Critical,Phone,false,T1,false,52,0.2,1,false,,AG-106,Omar Kovac,false,
CASE-71198,ACC-1099,Orbital Capital,Self-Serve,APAC,Community,2025-12-27,2025-12-27,Closed,Billing / Seat Dispute,Academy Pro,Medium,Phone,false,T2,false,125,8.8,24,false,Learner misconfiguration,AG-114,Priya Almeida,false,
CASE-71199,ACC-1100,Solstice Health,Mid-Market,AMER,Standard,2026-02-06,2026-02-09,Closed,Bug,Enterprise Programme,Medium,LMS Integration,false,T2,false,183,71.9,24,true,Learner misconfiguration,AG-109,Zara Chen,false,
CASE-71200,ACC-1100,Solstice Health,Mid-Market,AMER,Standard,2026-01-18,2026-01-18,Closed,How-To Question,Implementation Services,High,Phone,false,T1,false,68,6.9,4,true,SSO / identity,AG-117,Yuki Shaw,false,
CASE-71201,ACC-1100,Solstice Health,Mid-Market,AMER,Standard,2024-11-11,2024-11-11,Closed,Onboarding / Org Setup,Team Plan,Medium,In-App Chat,true,T3,false,163,11.1,24,false,SSO / identity,AG-104,Jonas Diallo,false,
CASE-71202,ACC-1100,Solstice Health,Mid-Market,AMER,Standard,2024-11-28,,Waiting on Customer,How-To Question,Implementation Services,Medium,LMS Integration,false,T1,false,186,7.2,24,false,,AG-111,Marcus Brandt,false,
CASE-71203,ACC-1100,Solstice Health,Mid-Market,AMER,Standard,2026-03-09,2026-03-10,Closed,How-To Question,Implementation Services,Low,Web Form,false,T2,false,147,16.1,48,false,Product defect,AG-103,Lena Brandt,false,
CASE-71204,ACC-1100,Solstice Health,Mid-Market,AMER,Standard,2025-08-15,2025-08-16,Closed,How-To Question,Implementation Services,Medium,Phone,true,T2,false,150,14.2,24,false,Content gap,AG-112,Yuki Marino,false,4
CASE-71205,ACC-1100,Solstice Health,Mid-Market,AMER,Standard,2026-01-04,2026-01-04,Closed,How-To Question,Academy Pro,High,Email,false,T1,false,24,2.7,4,false,Voucher pool exhausted,AG-111,Marcus Brandt,false,5
CASE-71206,ACC-1100,Solstice Health,Mid-Market,AMER,Standard,2025-03-21,,New,Onboarding / Org Setup,Certification Vouchers,Medium,Web Form,false,T1,false,231,26,24,true,,AG-116,Tom Nair,false,
CASE-71207,ACC-1100,Solstice Health,Mid-Market,AMER,Standard,2026-06-20,2026-06-21,Closed,Content Request,Academy Pro,Medium,Web Form,false,T1,false,253,22.5,24,false,Voucher pool exhausted,AG-105,Clara Iyer,false,5
CASE-71208,ACC-1100,Solstice Health,Mid-Market,AMER,Standard,2025-06-22,2025-06-23,Closed,Onboarding / Org Setup,Enterprise Programme,Medium,LMS Integration,false,T2,true,212,19.4,24,false,Video / CDN failure,AG-114,Priya Almeida,false,4
CASE-71209,ACC-1100,Solstice Health,Mid-Market,AMER,Standard,2025-03-16,2025-03-17,Closed,How-To Question,Classroom Seat-Days,Low,Web Form,false,T2,false,227,18.5,48,false,Seat limit reached,AG-115,Felix Kapoor,false,
CASE-71210,ACC-1101,North Energy,SMB,EMEA,Standard,2024-10-25,2024-10-25,Resolved - Monitoring,Bug,Enterprise Programme,Medium,LMS Integration,false,T1,false,139,4.2,24,false,Product defect,AG-117,Yuki Shaw,false,3
CASE-71211,ACC-1101,North Energy,SMB,EMEA,Standard,2025-05-29,2025-05-29,Resolved - Monitoring,How-To Question,Enterprise Programme,Medium,In-App Chat,true,T2,false,152,10.4,24,false,Product defect,AG-115,Felix Kapoor,false,5
CASE-71212,ACC-1101,North Energy,SMB,EMEA,Standard,2025-11-23,2025-11-23,Resolved - Monitoring,Platform Incident,Implementation Services,Critical,In-App Chat,false,T2,false,17,1.8,1,true,Voucher pool exhausted,AG-101,Sana Nair,false,
CASE-71213,ACC-1101,North Energy,SMB,EMEA,Standard,2025-12-11,,In Progress,Onboarding / Org Setup,Implementation Services,Medium,In-App Chat,false,T1,false,147,37.4,24,true,,AG-111,Marcus Brandt,false,
CASE-71214,ACC-1102,Cinder Retail,Mid-Market,EMEA,Standard,2025-11-08,2025-11-08,Closed,How-To Question,Classroom Seat-Days,Low,In-App Chat,false,T1,false,187,11.3,48,false,Seat limit reached,AG-100,Omar Berg,false,5
CASE-71215,ACC-1102,Cinder Retail,Mid-Market,EMEA,Standard,2025-11-20,2025-11-20,Closed,How-To Question,Certification Vouchers,Medium,Web Form,false,T2,false,180,5.5,24,false,SSO / identity,AG-108,Kwame Iyer,false,5
CASE-71216,ACC-1102,Cinder Retail,Mid-Market,EMEA,Standard,2026-04-24,2026-04-28,Closed,Content Request,Classroom Seat-Days,Low,Web Form,false,T2,false,166,102.9,48,true,Learner misconfiguration,AG-109,Zara Chen,false,
CASE-71217,ACC-1102,Cinder Retail,Mid-Market,EMEA,Standard,2026-03-27,,New,Onboarding / Org Setup,Classroom Seat-Days,Medium,Web Form,false,T2,false,177,16.5,24,false,,AG-102,Kwame Lindqvist,false,
CASE-71218,ACC-1102,Cinder Retail,Mid-Market,EMEA,Standard,2026-02-25,,In Progress,Platform Incident,Implementation Services,High,Email,false,T3,false,47,8.1,4,true,,AG-104,Jonas Diallo,false,
CASE-71219,ACC-1102,Cinder Retail,Mid-Market,EMEA,Standard,2025-11-02,2025-11-02,Closed,Platform Incident,Academy Pro,Critical,Web Form,false,T2,false,2,6.1,1,true,Expected behaviour,AG-114,Priya Almeida,false,
CASE-71220,ACC-1102,Cinder Retail,Mid-Market,EMEA,Standard,2026-06-15,2026-06-17,Resolved - Monitoring,Onboarding / Org Setup,Enterprise Programme,Low,In-App Chat,false,T1,false,266,47.8,48,false,Content gap,AG-107,Jonas Ahmed,false,5
CASE-71221,ACC-1102,Cinder Retail,Mid-Market,EMEA,Standard,2026-02-09,2026-02-13,Resolved - Monitoring,Content Request,Certification Vouchers,Medium,LMS Integration,true,T1,false,197,88.5,24,true,Seat limit reached,AG-107,Jonas Ahmed,false,
CASE-71222,ACC-1102,Cinder Retail,Mid-Market,EMEA,Standard,2025-08-25,2025-08-27,Closed,Bug,Classroom Seat-Days,Low,In-App Chat,true,T2,true,182,49.5,48,true,Product defect,AG-109,Zara Chen,false,
CASE-71223,ACC-1102,Cinder Retail,Mid-Market,EMEA,Standard,2025-11-12,2025-11-13,Closed,How-To Question,Implementation Services,Low,Email,false,T3,false,161,12.7,48,false,Practice org expired,AG-104,Jonas Diallo,false,
CASE-71224,ACC-1102,Cinder Retail,Mid-Market,EMEA,Standard,2026-02-03,2026-02-04,Closed,Billing / Seat Dispute,Academy Pro,High,LMS Integration,true,T2,false,2,14.4,4,true,Practice org expired,AG-102,Kwame Lindqvist,false,
CASE-71225,ACC-1103,Meridian Group,Enterprise,EMEA,Business,2026-06-27,2026-06-28,Closed,Content Request,Team Plan,Medium,In-App Chat,false,T2,true,235,33,24,true,Practice org expired,AG-108,Kwame Iyer,false,4
CASE-71226,ACC-1103,Meridian Group,Enterprise,EMEA,Business,2026-05-30,2026-05-30,Closed,Platform Incident,Enterprise Programme,High,Email,false,T1,false,69,8,4,true,Seat limit reached,AG-111,Marcus Brandt,false,3
CASE-71227,ACC-1103,Meridian Group,Enterprise,EMEA,Business,2026-07-12,2026-07-13,Closed,Onboarding / Org Setup,Classroom Seat-Days,Medium,Email,false,T1,false,212,32.7,24,true,SSO / identity,AG-111,Marcus Brandt,false,
CASE-71228,ACC-1103,Meridian Group,Enterprise,EMEA,Business,2026-07-31,2026-08-01,Closed,Bug,Team Plan,Medium,LMS Integration,false,T1,false,241,27.7,24,true,Voucher pool exhausted,AG-116,Tom Nair,false,2
CASE-71229,ACC-1103,Meridian Group,Enterprise,EMEA,Business,2026-08-28,2026-08-29,Closed,Onboarding / Org Setup,Team Plan,High,Web Form,false,T1,false,109,24,4,true,Voucher pool exhausted,AG-111,Marcus Brandt,false,3
CASE-71230,ACC-1103,Meridian Group,Enterprise,EMEA,Business,2026-08-17,2026-08-17,Closed,Bug,Team Plan,Low,LMS Integration,false,T1,false,178,7.1,48,false,Video / CDN failure,AG-100,Omar Berg,false,5
CASE-71231,ACC-1103,Meridian Group,Enterprise,EMEA,Business,2026-09-06,2026-09-06,Closed,How-To Question,Enterprise Programme,Medium,In-App Chat,false,T2,true,98,9.8,24,false,SSO / identity,AG-115,Felix Kapoor,false,
CASE-71232,ACC-1103,Meridian Group,Enterprise,EMEA,Business,2026-09-06,2026-09-07,Closed,How-To Question,Academy Pro,Medium,Phone,false,T1,false,147,13.6,24,false,Seat limit reached,AG-117,Yuki Shaw,false,
CASE-71233,ACC-1103,Meridian Group,Enterprise,EMEA,Business,2026-08-22,2026-08-22,Closed,How-To Question,Certification Vouchers,Medium,Phone,true,T3,false,120,5.4,24,false,Voucher pool exhausted,AG-104,Jonas Diallo,false,4
CASE-71234,ACC-1103,Meridian Group,Enterprise,EMEA,Business,2026-08-31,2026-09-01,Closed,Onboarding / Org Setup,Certification Vouchers,Low,Email,false,T1,false,223,18.8,48,false,Practice org expired,AG-117,Yuki Shaw,false,
CASE-71235,ACC-1103,Meridian Group,Enterprise,EMEA,Business,2026-09-09,2026-09-10,Closed,Billing / Seat Dispute,Classroom Seat-Days,Medium,In-App Chat,false,T2,false,160,24.3,24,true,Practice org expired,AG-112,Yuki Marino,false,2
CASE-71236,ACC-1103,Meridian Group,Enterprise,EMEA,Business,2026-09-08,2026-09-08,Closed,Platform Incident,Team Plan,Critical,Web Form,false,T2,false,54,0.2,1,false,Product defect,AG-115,Felix Kapoor,false,
CASE-71237,ACC-1103,Meridian Group,Enterprise,EMEA,Business,2026-07-20,,In Progress,Content Request,Classroom Seat-Days,Medium,Web Form,true,T1,false,185,110.2,24,true,,AG-107,Jonas Ahmed,false,
CASE-71238,ACC-1103,Meridian Group,Enterprise,EMEA,Business,2026-06-04,2026-06-05,Closed,Bug,Enterprise Programme,Low,Email,false,T3,false,221,26,48,false,Practice org expired,AG-104,Jonas Diallo,false,4
CASE-71239,ACC-1103,Meridian Group,Enterprise,EMEA,Business,2026-07-17,,In Progress,How-To Question,Academy Pro,Medium,In-App Chat,true,T1,false,243,15.2,24,false,,AG-106,Omar Kovac,false,
CASE-71240,ACC-1103,Meridian Group,Enterprise,EMEA,Business,2026-06-14,2026-06-15,Closed,Onboarding / Org Setup,Classroom Seat-Days,Medium,Slack Connect,false,T2,false,158,13.6,24,false,Seat limit reached,AG-102,Kwame Lindqvist,false,4
CASE-71241,ACC-1103,Meridian Group,Enterprise,EMEA,Business,2026-06-24,2026-06-25,Closed,How-To Question,Classroom Seat-Days,Low,Web Form,false,T2,false,228,12.7,48,false,Practice org expired,AG-112,Yuki Marino,false,
CASE-71242,ACC-1103,Meridian Group,Enterprise,EMEA,Business,2026-09-02,2026-09-04,Closed,Bug,Enterprise Programme,High,In-App Chat,false,T2,false,55,44.5,4,true,Voucher pool exhausted,AG-103,Lena Brandt,false,2
CASE-71243,ACC-1103,Meridian Group,Enterprise,EMEA,Business,2026-08-30,2026-08-30,Closed,Onboarding / Org Setup,Certification Vouchers,Medium,Phone,true,T2,false,195,9.2,24,false,Practice org expired,AG-114,Priya Almeida,false,3
CASE-71244,ACC-1103,Meridian Group,Enterprise,EMEA,Business,2026-08-03,2026-08-04,Resolved - Monitoring,How-To Question,Implementation Services,Low,Slack Connect,false,T2,false,225,15.9,48,false,SSO / identity,AG-109,Zara Chen,false,
CASE-71245,ACC-1103,Meridian Group,Enterprise,EMEA,Business,2026-06-17,2026-06-18,Closed,Billing / Seat Dispute,Academy Pro,Medium,LMS Integration,false,T3,false,178,23.8,24,false,Product defect,AG-104,Jonas Diallo,false,
CASE-71246,ACC-1103,Meridian Group,Enterprise,EMEA,Business,2026-07-09,2026-07-09,Closed,How-To Question,Team Plan,High,Web Form,true,T1,false,85,5.1,4,true,Video / CDN failure,AG-111,Marcus Brandt,false,
CASE-71247,ACC-1103,Meridian Group,Enterprise,EMEA,Business,2026-08-27,2026-08-27,Closed,How-To Question,Certification Vouchers,Low,In-App Chat,true,T1,false,219,4.5,48,false,Product defect,AG-105,Clara Iyer,false,
CASE-71248,ACC-1103,Meridian Group,Enterprise,EMEA,Business,2026-06-27,2026-06-29,Closed,Bug,Enterprise Programme,Medium,Web Form,false,T2,false,219,55.9,24,true,Practice org expired,AG-101,Sana Nair,false,
CASE-71249,ACC-1103,Meridian Group,Enterprise,EMEA,Business,2026-08-08,,New,Bug,Team Plan,Medium,Email,false,T2,false,203,51,24,true,,AG-101,Sana Nair,false,
CASE-71250,ACC-1103,Meridian Group,Enterprise,EMEA,Business,2026-08-28,2026-08-29,Closed,Onboarding / Org Setup,Enterprise Programme,Low,Email,false,T1,false,208,26,48,false,Voucher pool exhausted,AG-113,Elena Moreno,false,
CASE-71251,ACC-1103,Meridian Group,Enterprise,EMEA,Business,2026-05-29,2026-05-30,Closed,Onboarding / Org Setup,Certification Vouchers,Medium,Phone,false,T2,false,209,28.8,24,true,Voucher pool exhausted,AG-103,Lena Brandt,false,
CASE-71252,ACC-1103,Meridian Group,Enterprise,EMEA,Business,2026-06-24,2026-06-24,Closed,How-To Question,Academy Pro,Medium,Email,false,T1,true,217,2.1,24,false,Seat limit reached,AG-113,Elena Moreno,false,4
CASE-71253,ACC-1103,Meridian Group,Enterprise,EMEA,Business,2026-09-16,2026-09-16,Closed,Billing / Seat Dispute,Team Plan,High,In-App Chat,true,T3,false,92,4.3,4,true,Video / CDN failure,AG-104,Jonas Diallo,false,
CASE-71254,ACC-1103,Meridian Group,Enterprise,EMEA,Business,2026-06-03,2026-06-03,Closed,Onboarding / Org Setup,Academy Pro,Medium,Email,false,T2,false,219,8,24,false,Video / CDN failure,AG-102,Kwame Lindqvist,false,
CASE-71255,ACC-1103,Meridian Group,Enterprise,EMEA,Business,2026-06-07,,In Progress,Onboarding / Org Setup,Certification Vouchers,Medium,Web Form,false,T2,false,176,13,24,false,,AG-101,Sana Nair,false,
CASE-71256,ACC-1103,Meridian Group,Enterprise,EMEA,Business,2026-07-27,2026-07-28,Closed,Onboarding / Org Setup,Classroom Seat-Days,Low,Email,false,T2,false,165,26,48,false,SSO / identity,AG-109,Zara Chen,false,4
CASE-71257,ACC-1103,Meridian Group,Enterprise,EMEA,Business,2026-06-10,2026-06-10,Closed,Platform Incident,Academy Pro,High,In-App Chat,false,T1,false,2,4.5,4,true,Video / CDN failure,AG-116,Tom Nair,false,1
CASE-71258,ACC-1104,Rivet Partners,Self-Serve,AMER,Community,2026-06-18,2026-06-21,Closed,Bug,Classroom Seat-Days,Medium,In-App Chat,false,T3,false,195,71.7,24,true,Seat limit reached,AG-110,Ana Fischer,false,
CASE-71259,ACC-1104,Rivet Partners,Self-Serve,AMER,Community,2026-05-25,2026-05-26,Closed,Onboarding / Org Setup,Academy Pro,High,Email,false,T2,false,98,35.3,4,true,Product defect,AG-102,Kwame Lindqvist,false,3
CASE-71260,ACC-1104,Rivet Partners,Self-Serve,AMER,Community,2026-06-10,,New,Onboarding / Org Setup,Implementation Services,Low,Email,false,T1,false,226,36.8,48,false,,AG-100,Omar Berg,false,
CASE-71261,ACC-1104,Rivet Partners,Self-Serve,AMER,Community,2026-05-31,,In Progress,Onboarding / Org Setup,Classroom Seat-Days,Medium,Web Form,false,T1,false,133,32.7,24,true,,AG-107,Jonas Ahmed,false,
CASE-71262,ACC-1104,Rivet Partners,Self-Serve,AMER,Community,2026-09-15,2026-09-16,Closed,Bug,Team Plan,Low,In-App Chat,false,T1,false,207,26.7,48,false,Voucher pool exhausted,AG-105,Clara Iyer,false,
CASE-71263,ACC-1105,Wexler Logistics,Self-Serve,APAC,Community,2025-01-20,2025-01-21,Closed,Security / SSO,Certification Vouchers,Medium,Slack Connect,false,T1,false,213,20,24,false,Voucher pool exhausted,AG-116,Tom Nair,false,
CASE-71264,ACC-1106,Aster Media,SMB,EMEA,Standard,2026-09-21,2026-09-22,Closed,Onboarding / Org Setup,Implementation Services,High,Slack Connect,false,T2,false,78,13.4,4,true,Practice org expired,AG-101,Sana Nair,false,2
CASE-71265,ACC-1106,Aster Media,SMB,EMEA,Standard,2024-11-27,2024-11-27,Closed,Platform Incident,Implementation Services,High,Email,false,T1,false,71,0.2,4,false,Practice org expired,AG-117,Yuki Shaw,false,
CASE-71266,ACC-1106,Aster Media,SMB,EMEA,Standard,2024-11-11,2024-11-12,Closed,Bug,Academy Pro,Medium,Web Form,false,T1,false,159,30.9,24,true,Expected behaviour,AG-100,Omar Berg,false,1
CASE-71267,ACC-1106,Aster Media,SMB,EMEA,Standard,2024-10-26,,Waiting on Customer,How-To Question,Certification Vouchers,Low,Email,false,T2,false,113,16.4,48,false,,AG-103,Lena Brandt,false,
CASE-71268,ACC-1106,Aster Media,SMB,EMEA,Standard,2026-01-12,2026-01-13,Resolved - Monitoring,Bug,Certification Vouchers,Medium,Web Form,false,T2,false,209,18,24,false,Voucher pool exhausted,AG-114,Priya Almeida,false,
CASE-71269,ACC-1106,Aster Media,SMB,EMEA,Standard,2024-12-21,2024-12-21,Closed,Security / SSO,Enterprise Programme,Medium,Email,false,T1,false,194,10.8,24,false,Learner misconfiguration,AG-111,Marcus Brandt,false,
CASE-71270,ACC-1106,Aster Media,SMB,EMEA,Standard,2025-09-08,2025-09-09,Closed,Onboarding / Org Setup,Enterprise Programme,High,Phone,false,T1,false,28,15.5,4,true,Practice org expired,AG-100,Omar Berg,false,3
CASE-71271,ACC-1107,Beacon Logistics,Mid-Market,AMER,Standard,2025-07-22,2025-07-22,Resolved - Monitoring,Platform Incident,Classroom Seat-Days,High,Web Form,false,T1,false,60,7.4,4,true,Video / CDN failure,AG-117,Yuki Shaw,false,3
CASE-71272,ACC-1107,Beacon Logistics,Mid-Market,AMER,Standard,2025-10-07,,Waiting on Customer,Onboarding / Org Setup,Implementation Services,High,Email,false,T3,false,63,8.5,4,true,,AG-110,Ana Fischer,false,
CASE-71273,ACC-1107,Beacon Logistics,Mid-Market,AMER,Standard,2025-07-24,,In Progress,How-To Question,Team Plan,Medium,In-App Chat,false,T1,false,135,16,24,false,,AG-111,Marcus Brandt,false,
CASE-71274,ACC-1107,Beacon Logistics,Mid-Market,AMER,Standard,2026-06-25,2026-06-26,Closed,Bug,Team Plan,Medium,Web Form,false,T2,false,224,19.1,24,false,Seat limit reached,AG-115,Felix Kapoor,false,3
CASE-71275,ACC-1107,Beacon Logistics,Mid-Market,AMER,Standard,2025-03-08,,In Progress,Billing / Seat Dispute,Classroom Seat-Days,Medium,Email,true,T2,false,184,7.7,24,false,,AG-102,Kwame Lindqvist,false,
CASE-71276,ACC-1107,Beacon Logistics,Mid-Market,AMER,Standard,2026-01-12,,Waiting on Customer,Bug,Classroom Seat-Days,High,Web Form,false,T1,false,86,9,4,true,,AG-117,Yuki Shaw,false,
CASE-71277,ACC-1107,Beacon Logistics,Mid-Market,AMER,Standard,2025-02-12,2025-02-12,Closed,How-To Question,Classroom Seat-Days,Medium,Web Form,false,T2,false,247,9.6,24,false,Seat limit reached,AG-112,Yuki Marino,false,
CASE-71278,ACC-1107,Beacon Logistics,Mid-Market,AMER,Standard,2025-12-13,2025-12-15,Closed,Bug,Implementation Services,Medium,Web Form,false,T1,false,192,46.3,24,true,Seat limit reached,AG-105,Clara Iyer,false,3
CASE-71279,ACC-1107,Beacon Logistics,Mid-Market,AMER,Standard,2025-06-08,,In Progress,Onboarding / Org Setup,Team Plan,Medium,In-App Chat,false,T2,false,146,34.8,24,true,,AG-114,Priya Almeida,false,
CASE-71280,ACC-1107,Beacon Logistics,Mid-Market,AMER,Standard,2026-04-03,2026-04-04,Closed,Billing / Seat Dispute,Academy Pro,Low,Web Form,false,T2,false,130,25.7,48,false,SSO / identity,AG-103,Lena Brandt,false,
CASE-71281,ACC-1107,Beacon Logistics,Mid-Market,AMER,Standard,2025-12-12,2025-12-13,Resolved - Monitoring,Billing / Seat Dispute,Academy Pro,Medium,In-App Chat,false,T1,false,161,21.2,24,false,Content gap,AG-117,Yuki Shaw,false,3
CASE-71282,ACC-1107,Beacon Logistics,Mid-Market,AMER,Standard,2025-03-11,2025-03-12,Closed,Security / SSO,Certification Vouchers,Medium,In-App Chat,false,T2,false,205,24.2,24,true,Practice org expired,AG-109,Zara Chen,false,
CASE-71283,ACC-1107,Beacon Logistics,Mid-Market,AMER,Standard,2026-02-06,2026-02-06,Closed,How-To Question,Classroom Seat-Days,Medium,Slack Connect,false,T2,false,239,8.9,24,false,Video / CDN failure,AG-103,Lena Brandt,false,4
CASE-71284,ACC-1107,Beacon Logistics,Mid-Market,AMER,Standard,2026-01-28,,Waiting on Customer,Onboarding / Org Setup,Enterprise Programme,Medium,In-App Chat,false,T2,false,151,16.9,24,false,,AG-114,Priya Almeida,false,
CASE-71285,ACC-1107,Beacon Logistics,Mid-Market,AMER,Standard,2024-12-11,2024-12-12,Closed,Onboarding / Org Setup,Implementation Services,Low,Web Form,false,T2,false,217,16.4,48,false,Voucher pool exhausted,AG-108,Kwame Iyer,false,
CASE-71286,ACC-1107,Beacon Logistics,Mid-Market,AMER,Standard,2025-02-23,2025-02-23,Closed,Onboarding / Org Setup,Implementation Services,Low,In-App Chat,false,T1,false,106,11.7,48,false,Expected behaviour,AG-113,Elena Moreno,false,4
CASE-71287,ACC-1107,Beacon Logistics,Mid-Market,AMER,Standard,2026-03-05,2026-03-07,Resolved - Monitoring,Content Request,Implementation Services,Low,Email,false,T1,false,194,47.9,48,false,Video / CDN failure,AG-111,Marcus Brandt,false,
CASE-71288,ACC-1107,Beacon Logistics,Mid-Market,AMER,Standard,2026-02-07,2026-02-08,Closed,How-To Question,Enterprise Programme,Medium,Email,true,T1,false,193,18.3,24,false,Product defect,AG-106,Omar Kovac,false,4
CASE-71289,ACC-1107,Beacon Logistics,Mid-Market,AMER,Standard,2025-09-23,2025-09-23,Closed,Platform Incident,Classroom Seat-Days,Critical,Email,false,T1,false,2,4.1,1,true,Expected behaviour,AG-111,Marcus Brandt,false,
CASE-71290,ACC-1107,Beacon Logistics,Mid-Market,AMER,Standard,2024-11-11,2024-11-12,Resolved - Monitoring,Onboarding / Org Setup,Classroom Seat-Days,Low,LMS Integration,false,T2,false,226,17.2,48,false,Content gap,AG-115,Felix Kapoor,false,
CASE-71291,ACC-1107,Beacon Logistics,Mid-Market,AMER,Standard,2025-04-12,2025-04-12,Closed,Billing / Seat Dispute,Classroom Seat-Days,Medium,LMS Integration,false,T2,false,172,7.9,24,false,Content gap,AG-108,Kwame Iyer,false,
CASE-71292,ACC-1107,Beacon Logistics,Mid-Market,AMER,Standard,2026-07-15,,Waiting on Customer,How-To Question,Team Plan,Medium,Web Form,true,T3,false,195,6.9,24,false,,AG-110,Ana Fischer,false,
CASE-71293,ACC-1107,Beacon Logistics,Mid-Market,AMER,Standard,2024-11-05,,In Progress,Content Request,Team Plan,High,Slack Connect,false,T1,false,2,97.5,4,true,,AG-100,Omar Berg,false,
CASE-71294,ACC-1107,Beacon Logistics,Mid-Market,AMER,Standard,2025-05-31,2025-06-01,Closed,How-To Question,Implementation Services,High,In-App Chat,false,T3,true,69,12.5,4,true,SSO / identity,AG-104,Jonas Diallo,false,
CASE-71295,ACC-1108,Aster Bank,Self-Serve,AMER,Community,2026-06-30,,In Progress,Billing / Seat Dispute,Certification Vouchers,Medium,Web Form,false,T2,false,129,14,24,false,,AG-109,Zara Chen,false,
CASE-71296,ACC-1108,Aster Bank,Self-Serve,AMER,Community,2026-08-30,2026-08-31,Closed,How-To Question,Team Plan,Medium,LMS Integration,true,T2,false,170,13.1,24,false,Voucher pool exhausted,AG-102,Kwame Lindqvist,false,3
CASE-71297,ACC-1108,Aster Bank,Self-Serve,AMER,Community,2026-05-29,2026-05-30,Closed,Security / SSO,Classroom Seat-Days,Medium,Slack Connect,false,T2,false,190,22.4,24,false,Expected behaviour,AG-115,Felix Kapoor,false,
CASE-71298,ACC-1108,Aster Bank,Self-Serve,AMER,Community,2026-07-28,2026-07-29,Closed,How-To Question,Classroom Seat-Days,Low,Email,false,T1,false,192,13,48,false,Learner misconfiguration,AG-111,Marcus Brandt,false,
CASE-71299,ACC-1108,Aster Bank,Self-Serve,AMER,Community,2026-09-12,2026-09-14,Closed,Bug,Certification Vouchers,Low,In-App Chat,false,T1,false,181,44,48,false,Expected behaviour,AG-116,Tom Nair,false,5
CASE-71300,ACC-1110,Meridian Health,Enterprise,EMEA,Business,2025-08-01,2025-08-05,Closed,Content Request,Classroom Seat-Days,Medium,Email,false,T3,false,199,92,24,true,Product defect,AG-110,Ana Fischer,false,3
CASE-71301,ACC-1110,Meridian Health,Enterprise,EMEA,Business,2025-08-25,2025-08-25,Closed,How-To Question,Academy Pro,Medium,In-App Chat,false,T2,false,212,3.1,24,false,Seat limit reached,AG-102,Kwame Lindqvist,false,
CASE-71302,ACC-1110,Meridian Health,Enterprise,EMEA,Business,2026-06-23,2026-06-23,Closed,Platform Incident,Implementation Services,High,LMS Integration,false,T2,false,2,9,4,true,Content gap,AG-114,Priya Almeida,false,
CASE-71303,ACC-1110,Meridian Health,Enterprise,EMEA,Business,2025-09-27,2025-09-27,Closed,How-To Question,Implementation Services,Low,Web Form,true,T2,false,191,8,48,false,Voucher pool exhausted,AG-102,Kwame Lindqvist,false,
CASE-71304,ACC-1110,Meridian Health,Enterprise,EMEA,Business,2025-06-10,,In Progress,Onboarding / Org Setup,Certification Vouchers,Medium,Email,false,T2,false,143,15.8,24,false,,AG-101,Sana Nair,false,
CASE-71305,ACC-1110,Meridian Health,Enterprise,EMEA,Business,2026-02-24,2026-02-27,Closed,Content Request,Certification Vouchers,Low,LMS Integration,false,T1,false,198,67,48,true,Voucher pool exhausted,AG-116,Tom Nair,false,
CASE-71306,ACC-1110,Meridian Health,Enterprise,EMEA,Business,2025-10-04,2025-10-04,Resolved - Monitoring,How-To Question,Classroom Seat-Days,Low,Email,false,T1,false,186,3.9,48,false,Seat limit reached,AG-111,Marcus Brandt,false,
CASE-71307,ACC-1110,Meridian Health,Enterprise,EMEA,Business,2026-09-07,2026-09-07,Closed,How-To Question,Certification Vouchers,Medium,LMS Integration,false,T1,false,178,11.3,24,false,Video / CDN failure,AG-107,Jonas Ahmed,false,
CASE-71308,ACC-1110,Meridian Health,Enterprise,EMEA,Business,2025-06-13,2025-06-13,Closed,How-To Question,Enterprise Programme,Medium,Web Form,true,T2,false,106,8.7,24,false,SSO / identity,AG-112,Yuki Marino,false,4
CASE-71309,ACC-1110,Meridian Health,Enterprise,EMEA,Business,2025-07-26,2025-07-26,Closed,How-To Question,Classroom Seat-Days,Medium,Slack Connect,true,T2,false,205,7.9,24,false,Voucher pool exhausted,AG-102,Kwame Lindqvist,false,
CASE-71310,ACC-1110,Meridian Health,Enterprise,EMEA,Business,2025-10-23,2025-10-23,Closed,How-To Question,Enterprise Programme,Low,In-App Chat,true,T2,false,116,8.2,48,false,Practice org expired,AG-114,Priya Almeida,false,3
CASE-71311,ACC-1110,Meridian Health,Enterprise,EMEA,Business,2026-06-20,2026-06-20,Closed,How-To Question,Certification Vouchers,High,Email,true,T1,false,102,8.8,4,true,Practice org expired,AG-107,Jonas Ahmed,false,
CASE-71312,ACC-1110,Meridian Health,Enterprise,EMEA,Business,2026-08-05,2026-08-06,Closed,Bug,Classroom Seat-Days,Medium,Web Form,false,T2,false,230,15.2,24,false,Learner misconfiguration,AG-114,Priya Almeida,false,
CASE-71313,ACC-1110,Meridian Health,Enterprise,EMEA,Business,2026-03-19,2026-03-19,Resolved - Monitoring,Platform Incident,Team Plan,High,Web Form,true,T2,false,42,4.9,4,true,Seat limit reached,AG-115,Felix Kapoor,false,
CASE-71314,ACC-1110,Meridian Health,Enterprise,EMEA,Business,2026-02-05,2026-02-05,Closed,How-To Question,Certification Vouchers,Medium,LMS Integration,false,T2,false,206,6.2,24,false,Voucher pool exhausted,AG-103,Lena Brandt,false,4
CASE-71315,ACC-1110,Meridian Health,Enterprise,EMEA,Business,2026-05-08,2026-05-08,Resolved - Monitoring,How-To Question,Implementation Services,Low,Web Form,false,T3,false,252,0.2,48,false,Seat limit reached,AG-104,Jonas Diallo,false,
CASE-71316,ACC-1110,Meridian Health,Enterprise,EMEA,Business,2026-03-27,2026-03-27,Closed,Platform Incident,Implementation Services,High,In-App Chat,false,T2,false,38,3.4,4,false,Seat limit reached,AG-114,Priya Almeida,false,
CASE-71317,ACC-1110,Meridian Health,Enterprise,EMEA,Business,2025-06-08,2025-06-14,Closed,Content Request,Enterprise Programme,Low,Email,false,T2,false,215,134.7,48,true,SSO / identity,AG-108,Kwame Iyer,false,3
CASE-71318,ACC-1110,Meridian Health,Enterprise,EMEA,Business,2025-07-31,2025-08-01,Resolved - Monitoring,Billing / Seat Dispute,Enterprise Programme,High,Email,false,T2,false,98,28.2,4,true,Expected behaviour,AG-102,Kwame Lindqvist,false,3
CASE-71319,ACC-1110,Meridian Health,Enterprise,EMEA,Business,2025-06-28,2025-06-29,Closed,Onboarding / Org Setup,Certification Vouchers,High,Email,false,T2,false,70,28,4,true,Video / CDN failure,AG-115,Felix Kapoor,false,
CASE-71320,ACC-1110,Meridian Health,Enterprise,EMEA,Business,2025-07-02,2025-07-03,Resolved - Monitoring,Onboarding / Org Setup,Implementation Services,Medium,In-App Chat,false,T2,false,248,14.1,24,false,Voucher pool exhausted,AG-101,Sana Nair,false,4
CASE-71321,ACC-1110,Meridian Health,Enterprise,EMEA,Business,2026-05-06,,In Progress,How-To Question,Certification Vouchers,Medium,In-App Chat,true,T1,false,186,3.7,24,false,,AG-117,Yuki Shaw,false,
CASE-71322,ACC-1110,Meridian Health,Enterprise,EMEA,Business,2026-08-01,2026-08-01,Closed,How-To Question,Classroom Seat-Days,Medium,In-App Chat,false,T2,false,174,9.1,24,false,SSO / identity,AG-114,Priya Almeida,false,2
CASE-71323,ACC-1110,Meridian Health,Enterprise,EMEA,Business,2025-11-28,2025-11-29,Closed,Bug,Classroom Seat-Days,Low,In-App Chat,false,T1,false,180,29.4,48,false,Content gap,AG-117,Yuki Shaw,false,5
CASE-71324,ACC-1110,Meridian Health,Enterprise,EMEA,Business,2026-07-20,2026-07-21,Closed,Billing / Seat Dispute,Enterprise Programme,Medium,In-App Chat,false,T1,true,154,24.1,24,true,SSO / identity,AG-116,Tom Nair,false,3
CASE-71325,ACC-1110,Meridian Health,Enterprise,EMEA,Business,2026-04-09,2026-04-11,Closed,Security / SSO,Classroom Seat-Days,Low,Web Form,false,T2,false,167,44,48,false,Seat limit reached,AG-101,Sana Nair,false,5
CASE-71326,ACC-1112,Cobalt Bank,Mid-Market,LATAM,Standard,2026-05-27,2026-05-29,Closed,Security / SSO,Certification Vouchers,Low,In-App Chat,true,T3,false,208,43.8,48,false,SSO / identity,AG-104,Jonas Diallo,true,5
CASE-71327,ACC-1112,Cobalt Bank,Mid-Market,LATAM,Standard,2025-08-27,2025-08-27,Closed,Bug,Implementation Services,High,Email,false,T2,true,62,2.9,4,false,Video / CDN failure,AG-112,Yuki Marino,false,
CASE-71328,ACC-1112,Cobalt Bank,Mid-Market,LATAM,Standard,2025-11-13,,New,Platform Incident,Certification Vouchers,Critical,Email,false,T2,false,2,3.6,1,true,,AG-101,Sana Nair,false,
CASE-71329,ACC-1112,Cobalt Bank,Mid-Market,LATAM,Standard,2026-06-02,2026-06-02,Closed,Platform Incident,Enterprise Programme,Critical,In-App Chat,false,T1,false,2,7.4,1,true,Learner misconfiguration,AG-106,Omar Kovac,true,
CASE-71330,ACC-1112,Cobalt Bank,Mid-Market,LATAM,Standard,2025-03-12,2025-03-14,Closed,Security / SSO,Implementation Services,Medium,LMS Integration,false,T1,false,185,49.7,24,true,Seat limit reached,AG-105,Clara Iyer,true,2
CASE-71331,ACC-1112,Cobalt Bank,Mid-Market,LATAM,Standard,2025-09-29,2025-09-30,Closed,How-To Question,Classroom Seat-Days,Medium,LMS Integration,true,T3,true,265,12.6,24,false,Video / CDN failure,AG-104,Jonas Diallo,false,
CASE-71332,ACC-1112,Cobalt Bank,Mid-Market,LATAM,Standard,2024-12-16,2024-12-17,Closed,Content Request,Team Plan,Medium,Email,true,T1,false,174,18.4,24,false,Seat limit reached,AG-105,Clara Iyer,false,
CASE-71333,ACC-1112,Cobalt Bank,Mid-Market,LATAM,Standard,2024-11-05,,In Progress,Content Request,Team Plan,Medium,In-App Chat,false,T2,false,158,76.1,24,true,,AG-114,Priya Almeida,false,
CASE-71334,ACC-1112,Cobalt Bank,Mid-Market,LATAM,Standard,2025-12-13,2025-12-13,Closed,How-To Question,Classroom Seat-Days,Low,Email,false,T2,false,92,6.3,48,false,Practice org expired,AG-101,Sana Nair,true,
CASE-71335,ACC-1112,Cobalt Bank,Mid-Market,LATAM,Standard,2024-09-03,,New,Platform Incident,Certification Vouchers,Critical,Web Form,false,T1,false,2,9,1,true,,AG-113,Elena Moreno,false,
CASE-71336,ACC-1112,Cobalt Bank,Mid-Market,LATAM,Standard,2026-08-23,2026-08-23,Closed,How-To Question,Classroom Seat-Days,High,Web Form,false,T1,false,54,10.6,4,true,Practice org expired,AG-107,Jonas Ahmed,false,
CASE-71337,ACC-1112,Cobalt Bank,Mid-Market,LATAM,Standard,2024-07-13,,Waiting on Customer,Billing / Seat Dispute,Classroom Seat-Days,Medium,In-App Chat,false,T1,false,213,20.3,24,false,,AG-100,Omar Berg,false,
CASE-71338,ACC-1112,Cobalt Bank,Mid-Market,LATAM,Standard,2024-09-05,2024-09-05,Closed,How-To Question,Implementation Services,Medium,Web Form,true,T1,true,242,9.5,24,false,Practice org expired,AG-111,Marcus Brandt,true,5
CASE-71339,ACC-1112,Cobalt Bank,Mid-Market,LATAM,Standard,2026-08-02,2026-08-02,Closed,Platform Incident,Academy Pro,Critical,Web Form,false,T2,false,2,0.6,1,false,Product defect,AG-112,Yuki Marino,true,
CASE-71340,ACC-1112,Cobalt Bank,Mid-Market,LATAM,Standard,2026-08-09,2026-08-10,Closed,Bug,Team Plan,Medium,Email,false,T2,false,133,32.8,24,true,SSO / identity,AG-101,Sana Nair,false,1
CASE-71341,ACC-1112,Cobalt Bank,Mid-Market,LATAM,Standard,2025-04-19,2025-04-20,Closed,How-To Question,Classroom Seat-Days,Medium,In-App Chat,false,T2,false,172,18.8,24,false,Content gap,AG-112,Yuki Marino,true,
CASE-71342,ACC-1112,Cobalt Bank,Mid-Market,LATAM,Standard,2024-12-08,2024-12-08,Closed,Billing / Seat Dispute,Implementation Services,Low,Web Form,false,T2,false,182,6.2,48,false,Practice org expired,AG-112,Yuki Marino,true,5
CASE-71343,ACC-1112,Cobalt Bank,Mid-Market,LATAM,Standard,2025-12-05,2025-12-05,Closed,Platform Incident,Team Plan,High,In-App Chat,false,T2,false,105,3.2,4,false,SSO / identity,AG-103,Lena Brandt,true,
CASE-71344,ACC-1112,Cobalt Bank,Mid-Market,LATAM,Standard,2026-05-20,,In Progress,How-To Question,Academy Pro,Low,Email,false,T2,false,204,2.1,48,false,,AG-109,Zara Chen,false,
CASE-71345,ACC-1113,Rivet Telecom,Mid-Market,LATAM,Standard,2026-07-07,,In Progress,How-To Question,Classroom Seat-Days,Low,In-App Chat,true,T1,false,184,14.3,48,false,,AG-113,Elena Moreno,false,
CASE-71346,ACC-1113,Rivet Telecom,Mid-Market,LATAM,Standard,2025-08-21,2025-08-21,Resolved - Monitoring,How-To Question,Academy Pro,High,In-App Chat,true,T1,true,50,9.3,4,true,Voucher pool exhausted,AG-107,Jonas Ahmed,false,
CASE-71347,ACC-1113,Rivet Telecom,Mid-Market,LATAM,Standard,2026-06-03,,In Progress,Content Request,Enterprise Programme,Medium,Email,false,T2,false,225,66.8,24,true,,AG-112,Yuki Marino,false,
CASE-71348,ACC-1113,Rivet Telecom,Mid-Market,LATAM,Standard,2026-08-27,2026-08-27,Resolved - Monitoring,Billing / Seat Dispute,Classroom Seat-Days,Low,LMS Integration,false,T1,false,201,11.9,48,false,Practice org expired,AG-107,Jonas Ahmed,false,
CASE-71349,ACC-1113,Rivet Telecom,Mid-Market,LATAM,Standard,2026-09-03,2026-09-05,Closed,Onboarding / Org Setup,Certification Vouchers,High,Web Form,false,T1,false,32,41.1,4,true,Product defect,AG-117,Yuki Shaw,false,4
CASE-71350,ACC-1113,Rivet Telecom,Mid-Market,LATAM,Standard,2025-08-12,2025-08-13,Closed,Onboarding / Org Setup,Classroom Seat-Days,Low,Phone,false,T2,false,187,30.7,48,false,Practice org expired,AG-109,Zara Chen,false,
CASE-71351,ACC-1113,Rivet Telecom,Mid-Market,LATAM,Standard,2026-05-07,2026-05-08,Closed,How-To Question,Enterprise Programme,Medium,LMS Integration,false,T1,false,218,18.9,24,false,Video / CDN failure,AG-117,Yuki Shaw,false,5
CASE-71352,ACC-1113,Rivet Telecom,Mid-Market,LATAM,Standard,2026-03-02,2026-03-02,Closed,How-To Question,Academy Pro,High,Web Form,false,T3,false,46,3.1,4,false,Content gap,AG-104,Jonas Diallo,false,
CASE-71353,ACC-1113,Rivet Telecom,Mid-Market,LATAM,Standard,2026-05-14,,New,How-To Question,Certification Vouchers,Low,Phone,true,T2,false,127,10.8,48,false,,AG-103,Lena Brandt,false,
CASE-71354,ACC-1113,Rivet Telecom,Mid-Market,LATAM,Standard,2025-07-20,2025-07-20,Closed,Platform Incident,Certification Vouchers,Critical,In-App Chat,false,T2,false,68,4,1,true,Product defect,AG-114,Priya Almeida,false,3
CASE-71355,ACC-1113,Rivet Telecom,Mid-Market,LATAM,Standard,2025-12-28,,Waiting on Customer,How-To Question,Enterprise Programme,Medium,Email,false,T1,false,194,9.8,24,false,,AG-105,Clara Iyer,false,
CASE-71356,ACC-1113,Rivet Telecom,Mid-Market,LATAM,Standard,2025-07-29,2025-07-30,Closed,Onboarding / Org Setup,Implementation Services,Medium,Slack Connect,false,T2,false,114,31.3,24,true,Expected behaviour,AG-114,Priya Almeida,false,
CASE-71357,ACC-1113,Rivet Telecom,Mid-Market,LATAM,Standard,2026-03-06,2026-03-06,Closed,How-To Question,Certification Vouchers,High,Email,false,T1,false,103,6.6,4,true,Video / CDN failure,AG-113,Elena Moreno,false,
CASE-71358,ACC-1113,Rivet Telecom,Mid-Market,LATAM,Standard,2026-02-15,2026-02-17,Closed,Security / SSO,Team Plan,Low,Web Form,false,T2,true,178,37.6,48,false,Expected behaviour,AG-108,Kwame Iyer,false,
CASE-71359,ACC-1113,Rivet Telecom,Mid-Market,LATAM,Standard,2025-07-06,2025-07-06,Closed,How-To Question,Academy Pro,Medium,In-App Chat,false,T1,false,172,11,24,false,Video / CDN failure,AG-113,Elena Moreno,false,3
CASE-71360,ACC-1114,Quanta Systems,Strategic,AMER,Premier,2026-08-09,2026-08-10,Closed,Bug,Academy Pro,Low,Email,true,T1,true,201,17.5,48,false,SSO / identity,AG-113,Elena Moreno,false,4
CASE-71361,ACC-1114,Quanta Systems,Strategic,AMER,Premier,2026-08-20,2026-08-22,Resolved - Monitoring,Content Request,Enterprise Programme,Low,Slack Connect,false,T1,false,221,36.6,48,false,Voucher pool exhausted,AG-107,Jonas Ahmed,false,4
CASE-71362,ACC-1114,Quanta Systems,Strategic,AMER,Premier,2026-08-16,2026-08-16,Closed,How-To Question,Enterprise Programme,High,Email,true,T1,false,90,6.9,4,true,Expected behaviour,AG-116,Tom Nair,false,4
CASE-71363,ACC-1114,Quanta Systems,Strategic,AMER,Premier,2026-07-15,,New,How-To Question,Classroom Seat-Days,Low,LMS Integration,false,T1,false,190,10.6,48,false,,AG-106,Omar Kovac,false,
CASE-71364,ACC-1114,Quanta Systems,Strategic,AMER,Premier,2026-08-17,2026-08-17,Resolved - Monitoring,Platform Incident,Enterprise Programme,High,Slack Connect,false,T1,true,96,2.5,4,false,Seat limit reached,AG-117,Yuki Shaw,false,
CASE-71365,ACC-1114,Quanta Systems,Strategic,AMER,Premier,2026-09-20,2026-09-21,Closed,Billing / Seat Dispute,Implementation Services,Medium,In-App Chat,false,T1,false,127,23.3,24,false,Expected behaviour,AG-113,Elena Moreno,false,
CASE-71366,ACC-1114,Quanta Systems,Strategic,AMER,Premier,2026-08-14,2026-08-15,Resolved - Monitoring,Bug,Academy Pro,Low,Web Form,false,T2,false,151,24.1,48,false,Practice org expired,AG-112,Yuki Marino,false,
CASE-71367,ACC-1114,Quanta Systems,Strategic,AMER,Premier,2026-08-06,,Waiting on Customer,Platform Incident,Classroom Seat-Days,High,In-App Chat,false,T2,false,84,7.9,4,true,,AG-115,Felix Kapoor,false,
CASE-71368,ACC-1114,Quanta Systems,Strategic,AMER,Premier,2026-09-23,2026-09-24,Closed,Onboarding / Org Setup,Enterprise Programme,Low,In-App Chat,false,T1,false,193,29.7,48,false,Expected behaviour,AG-117,Yuki Shaw,false,
CASE-71369,ACC-1114,Quanta Systems,Strategic,AMER,Premier,2026-08-30,2026-09-02,Closed,Bug,Implementation Services,High,In-App Chat,false,T1,true,72,67.9,4,true,Voucher pool exhausted,AG-113,Elena Moreno,false,
CASE-71370,ACC-1114,Quanta Systems,Strategic,AMER,Premier,2026-08-08,2026-08-09,Closed,Bug,Classroom Seat-Days,Medium,Slack Connect,true,T2,false,202,30.4,24,false,SSO / identity,AG-103,Lena Brandt,false,5
CASE-71371,ACC-1114,Quanta Systems,Strategic,AMER,Premier,2026-08-12,2026-08-13,Closed,Bug,Team Plan,Medium,LMS Integration,false,T1,false,173,34.9,24,true,Seat limit reached,AG-106,Omar Kovac,false,2
CASE-71372,ACC-1114,Quanta Systems,Strategic,AMER,Premier,2026-08-01,2026-08-05,Closed,Bug,Certification Vouchers,High,Email,true,T2,true,28,97.2,4,true,Seat limit reached,AG-101,Sana Nair,false,
CASE-71373,ACC-1114,Quanta Systems,Strategic,AMER,Premier,2026-07-16,2026-07-16,Closed,How-To Question,Academy Pro,Medium,Web Form,true,T2,false,208,7.8,24,false,Product defect,AG-103,Lena Brandt,false,
CASE-71374,ACC-1114,Quanta Systems,Strategic,AMER,Premier,2026-09-15,2026-09-16,Closed,Onboarding / Org Setup,Enterprise Programme,Low,Web Form,false,T2,true,160,17.9,48,false,Voucher pool exhausted,AG-112,Yuki Marino,false,
CASE-71375,ACC-1114,Quanta Systems,Strategic,AMER,Premier,2026-08-07,2026-08-07,Closed,How-To Question,Certification Vouchers,Low,Email,false,T2,false,208,2.9,48,false,Practice org expired,AG-102,Kwame Lindqvist,false,4
CASE-71376,ACC-1114,Quanta Systems,Strategic,AMER,Premier,2026-08-10,2026-08-11,Closed,How-To Question,Classroom Seat-Days,Medium,In-App Chat,false,T1,false,197,15.8,24,false,Expected behaviour,AG-116,Tom Nair,false,4
CASE-71377,ACC-1114,Quanta Systems,Strategic,AMER,Premier,2026-09-06,2026-09-07,Closed,Onboarding / Org Setup,Certification Vouchers,Medium,In-App Chat,false,T2,false,139,13.3,24,false,SSO / identity,AG-102,Kwame Lindqvist,false,5
CASE-71378,ACC-1114,Quanta Systems,Strategic,AMER,Premier,2026-09-16,2026-09-18,Closed,Bug,Classroom Seat-Days,Medium,Email,false,T2,true,232,41.8,24,true,Practice org expired,AG-103,Lena Brandt,false,3
CASE-71379,ACC-1114,Quanta Systems,Strategic,AMER,Premier,2026-09-16,2026-09-17,Closed,How-To Question,Academy Pro,Low,Email,false,T2,true,148,18.7,48,false,Content gap,AG-102,Kwame Lindqvist,false,
CASE-71380,ACC-1114,Quanta Systems,Strategic,AMER,Premier,2026-09-09,2026-09-10,Closed,How-To Question,Classroom Seat-Days,Medium,Email,false,T2,false,166,15.8,24,false,Product defect,AG-114,Priya Almeida,false,
CASE-71381,ACC-1114,Quanta Systems,Strategic,AMER,Premier,2026-06-29,2026-07-01,Closed,Bug,Academy Pro,Low,Slack Connect,false,T2,false,180,43.6,48,false,Practice org expired,AG-102,Kwame Lindqvist,false,3
CASE-71382,ACC-1114,Quanta Systems,Strategic,AMER,Premier,2026-07-02,2026-07-02,Closed,Onboarding / Org Setup,Implementation Services,Medium,Email,false,T2,false,156,4.4,24,false,Content gap,AG-114,Priya Almeida,false,
CASE-71383,ACC-1114,Quanta Systems,Strategic,AMER,Premier,2026-09-16,,New,Billing / Seat Dispute,Enterprise Programme,Medium,LMS Integration,false,T1,false,210,13.8,24,false,,AG-106,Omar Kovac,false,
CASE-71384,ACC-1114,Quanta Systems,Strategic,AMER,Premier,2026-09-15,2026-09-16,Closed,Bug,Team Plan,Medium,Phone,false,T2,false,160,24.9,24,false,Seat limit reached,AG-114,Priya Almeida,false,5
CASE-71385,ACC-1114,Quanta Systems,Strategic,AMER,Premier,2026-08-29,2026-08-29,Resolved - Monitoring,Platform Incident,Academy Pro,Critical,Web Form,false,T2,false,2,0.2,1,false,Seat limit reached,AG-101,Sana Nair,false,4
CASE-71386,ACC-1114,Quanta Systems,Strategic,AMER,Premier,2026-08-22,2026-08-22,Resolved - Monitoring,How-To Question,Academy Pro,Medium,Email,true,T2,false,167,11,24,false,Video / CDN failure,AG-101,Sana Nair,false,5
CASE-71387,ACC-1114,Quanta Systems,Strategic,AMER,Premier,2026-08-22,2026-08-23,Closed,How-To Question,Enterprise Programme,Medium,Email,false,T1,false,111,13.6,24,false,Content gap,AG-100,Omar Berg,false,
CASE-71388,ACC-1114,Quanta Systems,Strategic,AMER,Premier,2026-07-09,2026-07-09,Closed,How-To Question,Implementation Services,High,Web Form,true,T1,false,98,4.7,4,false,Practice org expired,AG-116,Tom Nair,false,3
CASE-71389,ACC-1114,Quanta Systems,Strategic,AMER,Premier,2026-08-06,2026-08-07,Closed,How-To Question,Team Plan,Low,Web Form,true,T3,false,136,14.6,48,false,Voucher pool exhausted,AG-104,Jonas Diallo,false,
CASE-71390,ACC-1114,Quanta Systems,Strategic,AMER,Premier,2026-08-04,2026-08-05,Closed,How-To Question,Implementation Services,High,In-App Chat,false,T1,false,30,13.6,4,true,Seat limit reached,AG-107,Jonas Ahmed,false,3
CASE-71391,ACC-1114,Quanta Systems,Strategic,AMER,Premier,2026-09-21,2026-09-22,Resolved - Monitoring,Billing / Seat Dispute,Team Plan,Medium,Phone,true,T2,false,185,18.7,24,false,Content gap,AG-101,Sana Nair,false,
CASE-71392,ACC-1114,Quanta Systems,Strategic,AMER,Premier,2026-09-13,2026-09-16,Closed,Security / SSO,Team Plan,Medium,Email,false,T1,false,230,74.1,24,true,Learner misconfiguration,AG-105,Clara Iyer,false,
CASE-71393,ACC-1114,Quanta Systems,Strategic,AMER,Premier,2026-09-20,2026-09-21,Closed,Onboarding / Org Setup,Certification Vouchers,Medium,Email,false,T1,false,164,16.6,24,false,Content gap,AG-111,Marcus Brandt,false,5
CASE-71394,ACC-1114,Quanta Systems,Strategic,AMER,Premier,2026-09-19,2026-09-19,Closed,How-To Question,Enterprise Programme,High,Web Form,false,T2,false,57,10.8,4,true,Product defect,AG-102,Kwame Lindqvist,false,
CASE-71395,ACC-1114,Quanta Systems,Strategic,AMER,Premier,2026-07-12,,New,Security / SSO,Implementation Services,Low,LMS Integration,false,T3,false,172,34.6,48,false,,AG-110,Ana Fischer,false,
CASE-71396,ACC-1114,Quanta Systems,Strategic,AMER,Premier,2026-06-29,2026-07-01,Closed,Bug,Classroom Seat-Days,Medium,Web Form,false,T3,true,195,44.5,24,true,Content gap,AG-110,Ana Fischer,false,
CASE-71397,ACC-1114,Quanta Systems,Strategic,AMER,Premier,2026-09-09,2026-09-10,Closed,How-To Question,Academy Pro,Medium,Web Form,false,T2,false,269,12.1,24,false,Voucher pool exhausted,AG-103,Lena Brandt,false,4
CASE-71398,ACC-1114,Quanta Systems,Strategic,AMER,Premier,2026-07-10,2026-07-11,Closed,How-To Question,Implementation Services,Medium,In-App Chat,false,T1,false,208,14.5,24,false,Content gap,AG-107,Jonas Ahmed,false,5
CASE-71399,ACC-1114,Quanta Systems,Strategic,AMER,Premier,2026-07-28,2026-07-28,Closed,Platform Incident,Enterprise Programme,Medium,Email,false,T3,false,222,7.1,24,false,Content gap,AG-110,Ana Fischer,false,4
CASE-71400,ACC-1114,Quanta Systems,Strategic,AMER,Premier,2026-07-30,2026-07-31,Closed,Onboarding / Org Setup,Enterprise Programme,Low,Email,false,T1,false,171,18.8,48,false,SSO / identity,AG-116,Tom Nair,false,4
CASE-71401,ACC-1114,Quanta Systems,Strategic,AMER,Premier,2026-07-13,2026-07-13,Closed,How-To Question,Team Plan,Low,Web Form,false,T3,false,196,11.2,48,false,Practice org expired,AG-104,Jonas Diallo,false,5
CASE-71402,ACC-1114,Quanta Systems,Strategic,AMER,Premier,2026-08-20,2026-08-21,Closed,Bug,Implementation Services,Medium,Email,false,T1,false,212,31.2,24,false,Learner misconfiguration,AG-113,Elena Moreno,false,5
CASE-71403,ACC-1114,Quanta Systems,Strategic,AMER,Premier,2026-09-12,2026-09-12,Closed,Platform Incident,Classroom Seat-Days,Critical,Web Form,false,T2,false,47,0.9,1,false,Practice org expired,AG-101,Sana Nair,false,
CASE-71404,ACC-1114,Quanta Systems,Strategic,AMER,Premier,2026-09-15,2026-09-18,Closed,Content Request,Certification Vouchers,Low,Email,false,T2,false,163,79.6,48,true,Voucher pool exhausted,AG-102,Kwame Lindqvist,false,
CASE-71405,ACC-1114,Quanta Systems,Strategic,AMER,Premier,2026-07-09,2026-07-10,Closed,How-To Question,Enterprise Programme,High,Email,false,T1,false,2,12.2,4,true,Seat limit reached,AG-107,Jonas Ahmed,false,
CASE-71406,ACC-1114,Quanta Systems,Strategic,AMER,Premier,2026-06-29,2026-07-01,Closed,Bug,Classroom Seat-Days,Low,Email,false,T1,false,266,48,48,false,Practice org expired,AG-116,Tom Nair,false,
CASE-71407,ACC-1114,Quanta Systems,Strategic,AMER,Premier,2026-08-08,2026-08-09,Closed,Onboarding / Org Setup,Classroom Seat-Days,Low,In-App Chat,false,T1,true,195,20.1,48,false,Practice org expired,AG-107,Jonas Ahmed,false,
CASE-71408,ACC-1114,Quanta Systems,Strategic,AMER,Premier,2026-08-23,2026-08-26,Closed,Content Request,Classroom Seat-Days,Low,Web Form,false,T1,false,184,71.6,48,true,Voucher pool exhausted,AG-107,Jonas Ahmed,false,
CASE-71409,ACC-1114,Quanta Systems,Strategic,AMER,Premier,2026-08-10,,New,How-To Question,Classroom Seat-Days,Low,In-App Chat,true,T1,false,144,15.1,48,false,,AG-107,Jonas Ahmed,false,
CASE-71410,ACC-1114,Quanta Systems,Strategic,AMER,Premier,2026-08-09,2026-08-09,Resolved - Monitoring,How-To Question,Classroom Seat-Days,Low,Web Form,true,T1,false,93,8.8,48,false,Seat limit reached,AG-106,Omar Kovac,false,4
CASE-71411,ACC-1115,Onyx Group,SMB,AMER,Standard,2026-07-18,2026-07-18,Resolved - Monitoring,How-To Question,Classroom Seat-Days,Medium,In-App Chat,true,T2,false,258,8.4,24,false,Product defect,AG-103,Lena Brandt,false,4
CASE-71412,ACC-1115,Onyx Group,SMB,AMER,Standard,2026-04-11,2026-04-11,Closed,Platform Incident,Team Plan,Critical,Phone,false,T1,false,38,0.8,1,false,Content gap,AG-111,Marcus Brandt,false,4
CASE-71413,ACC-1115,Onyx Group,SMB,AMER,Standard,2025-12-23,2025-12-24,Closed,Bug,Team Plan,Low,LMS Integration,false,T1,false,250,34,48,false,Video / CDN failure,AG-117,Yuki Shaw,false,
CASE-71414,ACC-1115,Onyx Group,SMB,AMER,Standard,2026-06-28,2026-06-29,Closed,Onboarding / Org Setup,Classroom Seat-Days,Medium,Web Form,false,T2,false,260,14.6,24,false,Content gap,AG-102,Kwame Lindqvist,false,
CASE-71415,ACC-1116,Tundra Digital,Enterprise,AMER,Business,2025-12-26,,Waiting on Customer,Onboarding / Org Setup,Team Plan,Medium,In-App Chat,false,T1,false,171,11.4,24,false,,AG-106,Omar Kovac,false,
CASE-71416,ACC-1116,Tundra Digital,Enterprise,AMER,Business,2025-11-01,2025-11-04,Resolved - Monitoring,Security / SSO,Enterprise Programme,Medium,Web Form,false,T2,false,154,63.7,24,true,Product defect,AG-108,Kwame Iyer,false,
CASE-71417,ACC-1116,Tundra Digital,Enterprise,AMER,Business,2024-08-09,2024-08-10,Resolved - Monitoring,Onboarding / Org Setup,Certification Vouchers,Low,In-App Chat,false,T2,false,154,22.7,48,false,Practice org expired,AG-112,Yuki Marino,false,
CASE-71418,ACC-1116,Tundra Digital,Enterprise,AMER,Business,2026-09-02,2026-09-03,Closed,Billing / Seat Dispute,Implementation Services,Medium,Email,false,T1,false,212,13.4,24,false,Product defect,AG-113,Elena Moreno,false,5
CASE-71419,ACC-1116,Tundra Digital,Enterprise,AMER,Business,2025-12-23,,In Progress,Bug,Implementation Services,Medium,Email,false,T2,false,144,19.8,24,false,,AG-101,Sana Nair,false,
CASE-71420,ACC-1116,Tundra Digital,Enterprise,AMER,Business,2026-01-07,2026-01-12,Closed,Content Request,Academy Pro,Medium,Email,false,T1,false,189,125.4,24,true,Practice org expired,AG-113,Elena Moreno,false,2
CASE-71421,ACC-1116,Tundra Digital,Enterprise,AMER,Business,2025-08-07,2025-08-10,Closed,Content Request,Classroom Seat-Days,Medium,Email,false,T3,false,171,76.6,24,true,Learner misconfiguration,AG-104,Jonas Diallo,false,
CASE-71422,ACC-1116,Tundra Digital,Enterprise,AMER,Business,2025-09-29,2025-09-29,Closed,Platform Incident,Implementation Services,Medium,Slack Connect,false,T2,false,275,0.8,24,false,Seat limit reached,AG-112,Yuki Marino,false,
CASE-71423,ACC-1116,Tundra Digital,Enterprise,AMER,Business,2024-09-11,2024-09-11,Closed,How-To Question,Implementation Services,Medium,Email,true,T2,false,179,11.9,24,false,Video / CDN failure,AG-109,Zara Chen,false,
CASE-71424,ACC-1116,Tundra Digital,Enterprise,AMER,Business,2025-12-24,2025-12-24,Resolved - Monitoring,How-To Question,Academy Pro,Low,Web Form,false,T2,false,210,4.6,48,false,Video / CDN failure,AG-108,Kwame Iyer,false,4
CASE-71425,ACC-1116,Tundra Digital,Enterprise,AMER,Business,2026-04-25,2026-04-25,Closed,How-To Question,Classroom Seat-Days,Medium,LMS Integration,false,T2,false,171,4.6,24,false,Seat limit reached,AG-114,Priya Almeida,false,
CASE-71426,ACC-1116,Tundra Digital,Enterprise,AMER,Business,2025-09-01,2025-09-07,Closed,Content Request,Team Plan,Medium,Slack Connect,false,T2,false,228,132.7,24,true,Learner misconfiguration,AG-108,Kwame Iyer,false,
CASE-71427,ACC-1116,Tundra Digital,Enterprise,AMER,Business,2024-06-13,,Waiting on Customer,How-To Question,Certification Vouchers,Medium,Web Form,false,T1,false,76,10.2,24,false,,AG-117,Yuki Shaw,false,
CASE-71428,ACC-1116,Tundra Digital,Enterprise,AMER,Business,2024-08-13,2024-08-14,Closed,Onboarding / Org Setup,Team Plan,Low,In-App Chat,false,T2,true,152,22.3,48,false,Seat limit reached,AG-112,Yuki Marino,false,
CASE-71429,ACC-1116,Tundra Digital,Enterprise,AMER,Business,2026-08-27,,Waiting on Customer,Billing / Seat Dispute,Academy Pro,High,Slack Connect,false,T1,false,91,26.9,4,true,,AG-106,Omar Kovac,false,
CASE-71430,ACC-1116,Tundra Digital,Enterprise,AMER,Business,2026-08-05,2026-08-05,Closed,How-To Question,Classroom Seat-Days,Medium,Email,false,T2,false,220,8.6,24,false,Voucher pool exhausted,AG-103,Lena Brandt,false,4
CASE-71431,ACC-1116,Tundra Digital,Enterprise,AMER,Business,2025-11-10,2025-11-10,Closed,Bug,Certification Vouchers,Low,Phone,false,T1,false,209,1.4,48,false,Video / CDN failure,AG-116,Tom Nair,false,3
CASE-71432,ACC-1116,Tundra Digital,Enterprise,AMER,Business,2025-01-13,2025-01-13,Closed,How-To Question,Enterprise Programme,Medium,LMS Integration,true,T1,false,165,6.9,24,false,Voucher pool exhausted,AG-111,Marcus Brandt,false,
CASE-71433,ACC-1116,Tundra Digital,Enterprise,AMER,Business,2024-07-15,2024-07-16,Closed,Bug,Enterprise Programme,Low,Email,false,T2,false,220,30,48,false,Expected behaviour,AG-115,Felix Kapoor,false,3
CASE-71434,ACC-1116,Tundra Digital,Enterprise,AMER,Business,2025-05-28,2025-05-28,Closed,How-To Question,Certification Vouchers,High,Web Form,false,T2,false,98,7.6,4,true,Product defect,AG-112,Yuki Marino,false,3
CASE-71435,ACC-1116,Tundra Digital,Enterprise,AMER,Business,2025-10-28,2025-10-29,Closed,Security / SSO,Certification Vouchers,High,Email,false,T1,false,58,32.9,4,true,Expected behaviour,AG-113,Elena Moreno,false,4
CASE-71436,ACC-1118,Rivet Retail,Strategic,AMER,Premier,2025-06-11,2025-06-12,Closed,How-To Question,Implementation Services,Medium,Web Form,false,T1,false,213,13.1,24,false,Seat limit reached,AG-117,Yuki Shaw,false,5
CASE-71437,ACC-1118,Rivet Retail,Strategic,AMER,Premier,2026-01-11,2026-01-13,Closed,Bug,Academy Pro,Low,Email,false,T1,false,242,58,48,false,Seat limit reached,AG-106,Omar Kovac,false,
CASE-71438,ACC-1118,Rivet Retail,Strategic,AMER,Premier,2025-03-26,2025-03-27,Closed,Bug,Certification Vouchers,Low,In-App Chat,false,T3,false,240,30.8,48,false,Video / CDN failure,AG-110,Ana Fischer,false,4
CASE-71439,ACC-1118,Rivet Retail,Strategic,AMER,Premier,2025-05-21,2025-05-22,Closed,Onboarding / Org Setup,Implementation Services,Medium,LMS Integration,false,T2,false,139,18.3,24,false,Video / CDN failure,AG-101,Sana Nair,false,
CASE-71440,ACC-1118,Rivet Retail,Strategic,AMER,Premier,2026-07-30,2026-07-30,Closed,How-To Question,Implementation Services,Medium,Email,true,T1,false,189,8.7,24,false,Video / CDN failure,AG-113,Elena Moreno,false,
CASE-71441,ACC-1118,Rivet Retail,Strategic,AMER,Premier,2026-03-20,2026-03-20,Resolved - Monitoring,How-To Question,Academy Pro,Low,Slack Connect,false,T2,false,219,5.5,48,false,Content gap,AG-101,Sana Nair,false,4
CASE-71442,ACC-1118,Rivet Retail,Strategic,AMER,Premier,2025-04-22,2025-04-23,Closed,Onboarding / Org Setup,Enterprise Programme,Low,Email,true,T1,false,253,20.6,48,false,Product defect,AG-116,Tom Nair,false,4
CASE-71443,ACC-1118,Rivet Retail,Strategic,AMER,Premier,2025-08-22,2025-08-22,Closed,Bug,Enterprise Programme,Medium,Phone,false,T2,false,197,7.6,24,false,Content gap,AG-109,Zara Chen,false,
CASE-71444,ACC-1118,Rivet Retail,Strategic,AMER,Premier,2025-04-01,2025-04-01,Resolved - Monitoring,How-To Question,Team Plan,High,LMS Integration,false,T1,false,148,9.6,4,true,Learner misconfiguration,AG-100,Omar Berg,false,2
CASE-71445,ACC-1118,Rivet Retail,Strategic,AMER,Premier,2026-06-25,2026-06-26,Closed,Billing / Seat Dispute,Team Plan,Medium,Email,false,T1,false,236,13.5,24,false,Video / CDN failure,AG-113,Elena Moreno,false,
CASE-71446,ACC-1118,Rivet Retail,Strategic,AMER,Premier,2025-05-05,2025-05-06,Closed,Onboarding / Org Setup,Classroom Seat-Days,High,Web Form,false,T2,false,98,17.8,4,true,Expected behaviour,AG-103,Lena Brandt,false,
CASE-71447,ACC-1118,Rivet Retail,Strategic,AMER,Premier,2026-02-18,,In Progress,How-To Question,Certification Vouchers,Medium,In-App Chat,true,T2,false,172,11.9,24,false,,AG-108,Kwame Iyer,false,
CASE-71448,ACC-1118,Rivet Retail,Strategic,AMER,Premier,2026-02-04,,In Progress,How-To Question,Enterprise Programme,Medium,In-App Chat,true,T2,false,212,3.3,24,false,,AG-102,Kwame Lindqvist,false,
CASE-71449,ACC-1118,Rivet Retail,Strategic,AMER,Premier,2025-03-15,2025-03-15,Closed,How-To Question,Classroom Seat-Days,Low,Email,false,T1,false,58,11,48,false,Seat limit reached,AG-106,Omar Kovac,false,
CASE-71450,ACC-1118,Rivet Retail,Strategic,AMER,Premier,2025-09-14,2025-09-14,Closed,Onboarding / Org Setup,Team Plan,Medium,In-App Chat,false,T1,false,167,6.4,24,false,Practice org expired,AG-111,Marcus Brandt,false,
CASE-71451,ACC-1118,Rivet Retail,Strategic,AMER,Premier,2026-04-08,2026-04-09,Closed,Onboarding / Org Setup,Certification Vouchers,Medium,In-App Chat,false,T3,false,159,26.1,24,false,Learner misconfiguration,AG-110,Ana Fischer,false,
CASE-71452,ACC-1118,Rivet Retail,Strategic,AMER,Premier,2025-05-22,2025-05-23,Closed,How-To Question,Implementation Services,Medium,Phone,true,T3,false,237,13.5,24,false,Product defect,AG-104,Jonas Diallo,false,
CASE-71453,ACC-1118,Rivet Retail,Strategic,AMER,Premier,2025-06-17,,In Progress,How-To Question,Academy Pro,Medium,Email,false,T2,false,226,6.9,24,false,,AG-109,Zara Chen,false,
CASE-71454,ACC-1118,Rivet Retail,Strategic,AMER,Premier,2025-03-20,2025-03-20,Closed,Platform Incident,Enterprise Programme,High,In-App Chat,false,T3,false,41,5.3,4,false,Learner misconfiguration,AG-104,Jonas Diallo,false,5
CASE-71455,ACC-1118,Rivet Retail,Strategic,AMER,Premier,2025-10-28,2025-10-28,Closed,How-To Question,Enterprise Programme,Medium,In-App Chat,false,T1,false,202,4.4,24,false,Video / CDN failure,AG-100,Omar Berg,false,
CASE-71456,ACC-1118,Rivet Retail,Strategic,AMER,Premier,2026-07-06,2026-07-08,Closed,Bug,Implementation Services,Medium,In-App Chat,false,T2,true,203,44.6,24,true,Voucher pool exhausted,AG-102,Kwame Lindqvist,false,
CASE-71457,ACC-1118,Rivet Retail,Strategic,AMER,Premier,2025-03-19,2025-03-20,Closed,Onboarding / Org Setup,Classroom Seat-Days,Low,Web Form,false,T1,false,162,21.2,48,false,Voucher pool exhausted,AG-113,Elena Moreno,false,
CASE-71458,ACC-1118,Rivet Retail,Strategic,AMER,Premier,2026-07-06,2026-07-07,Closed,How-To Question,Enterprise Programme,High,Email,false,T2,true,63,12.1,4,true,Practice org expired,AG-102,Kwame Lindqvist,false,
CASE-71459,ACC-1118,Rivet Retail,Strategic,AMER,Premier,2026-04-01,2026-04-01,Closed,Platform Incident,Enterprise Programme,Critical,In-App Chat,false,T2,false,2,5.1,1,true,Video / CDN failure,AG-108,Kwame Iyer,false,
CASE-71460,ACC-1118,Rivet Retail,Strategic,AMER,Premier,2025-09-24,2025-09-24,Closed,How-To Question,Classroom Seat-Days,Medium,Email,true,T1,false,231,11.2,24,false,Expected behaviour,AG-106,Omar Kovac,false,4
CASE-71461,ACC-1118,Rivet Retail,Strategic,AMER,Premier,2025-05-01,2025-05-03,Closed,Bug,Implementation Services,High,Phone,false,T1,false,2,37.5,4,true,Video / CDN failure,AG-117,Yuki Shaw,false,4
CASE-71462,ACC-1118,Rivet Retail,Strategic,AMER,Premier,2025-05-03,2025-05-03,Closed,How-To Question,Implementation Services,Low,Email,true,T1,false,162,2.8,48,false,Expected behaviour,AG-113,Elena Moreno,false,4
CASE-71463,ACC-1118,Rivet Retail,Strategic,AMER,Premier,2026-01-15,2026-01-15,Closed,Billing / Seat Dispute,Certification Vouchers,Medium,Email,false,T1,false,217,7,24,false,SSO / identity,AG-111,Marcus Brandt,false,5
CASE-71464,ACC-1118,Rivet Retail,Strategic,AMER,Premier,2026-02-05,,In Progress,How-To Question,Certification Vouchers,Medium,LMS Integration,true,T2,false,182,7.7,24,false,,AG-101,Sana Nair,false,
CASE-71465,ACC-1118,Rivet Retail,Strategic,AMER,Premier,2026-02-18,2026-02-18,Closed,How-To Question,Certification Vouchers,Low,In-App Chat,true,T1,false,142,8.4,48,false,Learner misconfiguration,AG-106,Omar Kovac,false,3
CASE-71466,ACC-1118,Rivet Retail,Strategic,AMER,Premier,2025-02-16,2025-02-17,Closed,Security / SSO,Certification Vouchers,Medium,Email,false,T2,false,152,16.8,24,false,Voucher pool exhausted,AG-101,Sana Nair,false,
CASE-71467,ACC-1118,Rivet Retail,Strategic,AMER,Premier,2026-04-02,,In Progress,Billing / Seat Dispute,Academy Pro,Medium,In-App Chat,false,T1,false,199,12.4,24,false,,AG-117,Yuki Shaw,false,
CASE-71468,ACC-1118,Rivet Retail,Strategic,AMER,Premier,2025-10-13,2025-10-15,Closed,Bug,Team Plan,High,Web Form,true,T3,false,2,46.2,4,true,Voucher pool exhausted,AG-110,Ana Fischer,false,
CASE-71469,ACC-1118,Rivet Retail,Strategic,AMER,Premier,2025-08-13,2025-08-14,Closed,Billing / Seat Dispute,Academy Pro,Medium,In-App Chat,false,T1,false,134,31.8,24,false,Learner misconfiguration,AG-107,Jonas Ahmed,false,
CASE-71470,ACC-1118,Rivet Retail,Strategic,AMER,Premier,2025-10-10,2025-10-11,Closed,How-To Question,Enterprise Programme,High,In-App Chat,true,T1,false,73,12.8,4,true,Expected behaviour,AG-100,Omar Berg,false,3
CASE-71471,ACC-1118,Rivet Retail,Strategic,AMER,Premier,2025-10-12,2025-10-12,Closed,Onboarding / Org Setup,Classroom Seat-Days,Medium,In-App Chat,false,T3,false,274,11.6,24,false,Video / CDN failure,AG-104,Jonas Diallo,false,4
CASE-71472,ACC-1118,Rivet Retail,Strategic,AMER,Premier,2025-10-04,2025-10-05,Closed,Billing / Seat Dispute,Classroom Seat-Days,Medium,Email,false,T2,false,150,31.2,24,false,Voucher pool exhausted,AG-101,Sana Nair,false,
CASE-71473,ACC-1118,Rivet Retail,Strategic,AMER,Premier,2025-02-23,2025-02-23,Closed,Platform Incident,Enterprise Programme,High,In-App Chat,false,T1,false,32,6,4,true,Product defect,AG-106,Omar Kovac,false,
CASE-71474,ACC-1119,Ember Logistics,Enterprise,AMER,Business,2026-01-16,2026-01-16,Closed,How-To Question,Academy Pro,Medium,Phone,false,T1,false,154,0.4,24,false,Expected behaviour,AG-106,Omar Kovac,false,4
CASE-71475,ACC-1119,Ember Logistics,Enterprise,AMER,Business,2024-10-29,2024-10-29,Closed,How-To Question,Implementation Services,Medium,LMS Integration,true,T2,false,233,4.1,24,false,Product defect,AG-101,Sana Nair,false,4
CASE-71476,ACC-1119,Ember Logistics,Enterprise,AMER,Business,2025-05-07,2025-05-11,Closed,Content Request,Academy Pro,Low,Phone,false,T1,false,226,106.2,48,true,SSO / identity,AG-113,Elena Moreno,false,
CASE-71477,ACC-1119,Ember Logistics,Enterprise,AMER,Business,2025-06-01,2025-06-01,Closed,How-To Question,Team Plan,Medium,Email,true,T1,false,217,6.5,24,false,Voucher pool exhausted,AG-105,Clara Iyer,false,
CASE-71478,ACC-1119,Ember Logistics,Enterprise,AMER,Business,2025-10-15,,Waiting on Customer,Onboarding / Org Setup,Certification Vouchers,Medium,Email,false,T1,false,227,32,24,true,,AG-117,Yuki Shaw,false,
CASE-71479,ACC-1119,Ember Logistics,Enterprise,AMER,Business,2025-09-08,2025-09-09,Closed,How-To Question,Implementation Services,Low,Slack Connect,false,T2,false,225,15.4,48,false,Seat limit reached,AG-115,Felix Kapoor,false,
CASE-71480,ACC-1119,Ember Logistics,Enterprise,AMER,Business,2025-12-18,,In Progress,Onboarding / Org Setup,Academy Pro,Medium,Web Form,false,T1,false,212,14.6,24,false,,AG-113,Elena Moreno,false,
CASE-71481,ACC-1119,Ember Logistics,Enterprise,AMER,Business,2025-02-08,2025-02-09,Closed,Onboarding / Org Setup,Classroom Seat-Days,Medium,Phone,false,T1,false,232,12.5,24,false,Learner misconfiguration,AG-117,Yuki Shaw,false,4
CASE-71482,ACC-1119,Ember Logistics,Enterprise,AMER,Business,2025-06-24,2025-06-24,Closed,How-To Question,Certification Vouchers,Low,Email,true,T2,false,143,11.9,48,false,Content gap,AG-108,Kwame Iyer,false,
CASE-71483,ACC-1119,Ember Logistics,Enterprise,AMER,Business,2025-07-24,2025-07-24,Closed,Onboarding / Org Setup,Classroom Seat-Days,High,Email,false,T1,false,71,5.5,4,true,Product defect,AG-105,Clara Iyer,false,2
CASE-71484,ACC-1119,Ember Logistics,Enterprise,AMER,Business,2024-10-31,2024-10-31,Closed,How-To Question,Team Plan,Medium,Phone,true,T1,false,214,3.1,24,false,Voucher pool exhausted,AG-116,Tom Nair,false,4
CASE-71485,ACC-1119,Ember Logistics,Enterprise,AMER,Business,2025-08-08,2025-08-08,Closed,Platform Incident,Classroom Seat-Days,Critical,In-App Chat,true,T1,false,17,4.7,1,true,Learner misconfiguration,AG-105,Clara Iyer,false,3
CASE-71486,ACC-1119,Ember Logistics,Enterprise,AMER,Business,2025-12-31,2026-01-03,Closed,Content Request,Implementation Services,Medium,Web Form,false,T2,false,259,64.6,24,true,Learner misconfiguration,AG-114,Priya Almeida,false,2
CASE-71487,ACC-1119,Ember Logistics,Enterprise,AMER,Business,2025-01-27,2025-01-29,Closed,Bug,Certification Vouchers,Medium,Email,false,T1,false,209,55.3,24,true,Video / CDN failure,AG-116,Tom Nair,false,
CASE-71488,ACC-1119,Ember Logistics,Enterprise,AMER,Business,2025-04-29,2025-05-03,Closed,Content Request,Team Plan,Medium,Email,false,T3,false,194,107.1,24,true,Content gap,AG-104,Jonas Diallo,false,
CASE-71489,ACC-1119,Ember Logistics,Enterprise,AMER,Business,2025-05-22,2025-05-23,Closed,Billing / Seat Dispute,Certification Vouchers,Medium,In-App Chat,false,T1,false,230,13.9,24,false,Product defect,AG-117,Yuki Shaw,false,5
CASE-71490,ACC-1119,Ember Logistics,Enterprise,AMER,Business,2025-07-15,2025-07-17,Closed,Security / SSO,Implementation Services,Low,In-App Chat,false,T1,false,134,45.2,48,false,Seat limit reached,AG-107,Jonas Ahmed,false,
CASE-71491,ACC-1119,Ember Logistics,Enterprise,AMER,Business,2026-08-18,,New,Onboarding / Org Setup,Classroom Seat-Days,Medium,LMS Integration,false,T2,false,220,18.3,24,false,,AG-102,Kwame Lindqvist,false,
CASE-71492,ACC-1119,Ember Logistics,Enterprise,AMER,Business,2024-11-03,2024-11-04,Closed,Billing / Seat Dispute,Team Plan,Low,Email,false,T2,false,192,17.4,48,false,Video / CDN failure,AG-102,Kwame Lindqvist,false,4
CASE-71493,ACC-1119,Ember Logistics,Enterprise,AMER,Business,2026-05-30,2026-05-31,Closed,Security / SSO,Implementation Services,Medium,In-App Chat,false,T2,true,121,34.9,24,true,Learner misconfiguration,AG-112,Yuki Marino,false,3
CASE-71494,ACC-1119,Ember Logistics,Enterprise,AMER,Business,2025-04-14,,In Progress,Onboarding / Org Setup,Certification Vouchers,Medium,Web Form,false,T1,false,136,14.4,24,false,,AG-116,Tom Nair,false,
CASE-71495,ACC-1119,Ember Logistics,Enterprise,AMER,Business,2026-08-03,2026-08-03,Closed,How-To Question,Team Plan,Medium,Email,true,T1,false,205,10,24,false,Content gap,AG-105,Clara Iyer,false,5
CASE-71496,ACC-1119,Ember Logistics,Enterprise,AMER,Business,2025-03-05,2025-03-07,Closed,Bug,Enterprise Programme,High,Web Form,false,T3,false,103,57.2,4,true,Expected behaviour,AG-104,Jonas Diallo,false,
CASE-71497,ACC-1119,Ember Logistics,Enterprise,AMER,Business,2025-08-19,2025-08-19,Closed,Bug,Academy Pro,Medium,LMS Integration,false,T1,false,172,0.2,24,false,Content gap,AG-107,Jonas Ahmed,false,
CASE-71498,ACC-1119,Ember Logistics,Enterprise,AMER,Business,2026-05-12,,Waiting on Customer,Bug,Enterprise Programme,High,Web Form,false,T1,false,50,41.1,4,true,,AG-105,Clara Iyer,false,
CASE-71499,ACC-1119,Ember Logistics,Enterprise,AMER,Business,2024-11-15,2024-11-17,Closed,Content Request,Enterprise Programme,Medium,Email,true,T1,false,184,39.9,24,true,Video / CDN failure,AG-105,Clara Iyer,false,3
CASE-71500,ACC-1119,Ember Logistics,Enterprise,AMER,Business,2025-07-28,2025-07-30,Closed,Security / SSO,Certification Vouchers,High,Email,false,T2,false,17,43,4,true,Expected behaviour,AG-103,Lena Brandt,false,
CASE-71501,ACC-1119,Ember Logistics,Enterprise,AMER,Business,2026-04-23,2026-04-26,Closed,Content Request,Enterprise Programme,Low,LMS Integration,false,T1,false,135,66.1,48,true,Content gap,AG-107,Jonas Ahmed,false,2
CASE-71502,ACC-1119,Ember Logistics,Enterprise,AMER,Business,2024-12-15,2024-12-16,Closed,Onboarding / Org Setup,Enterprise Programme,Low,Email,false,T3,false,187,15,48,false,Voucher pool exhausted,AG-110,Ana Fischer,false,
CASE-71503,ACC-1119,Ember Logistics,Enterprise,AMER,Business,2026-04-08,2026-04-08,Closed,Platform Incident,Team Plan,High,Web Form,false,T2,true,15,6.2,4,true,Video / CDN failure,AG-102,Kwame Lindqvist,false,2
CASE-71504,ACC-1120,Pallas Capital,Mid-Market,AMER,Standard,2026-02-09,2026-02-10,Resolved - Monitoring,Onboarding / Org Setup,Certification Vouchers,Medium,Email,false,T1,false,141,25,24,true,Content gap,AG-117,Yuki Shaw,false,
CASE-71505,ACC-1120,Pallas Capital,Mid-Market,AMER,Standard,2025-10-20,2025-10-22,Closed,Bug,Implementation Services,Medium,Email,false,T1,false,139,59.6,24,true,Seat limit reached,AG-106,Omar Kovac,false,4
CASE-71506,ACC-1120,Pallas Capital,Mid-Market,AMER,Standard,2025-08-01,2025-08-01,Closed,Platform Incident,Classroom Seat-Days,Critical,Web Form,false,T1,false,3,3.9,1,true,Learner misconfiguration,AG-116,Tom Nair,false,
CASE-71507,ACC-1120,Pallas Capital,Mid-Market,AMER,Standard,2026-06-11,,Waiting on Customer,How-To Question,Classroom Seat-Days,Medium,In-App Chat,true,T1,false,163,9.9,24,false,,AG-117,Yuki Shaw,false,
CASE-71508,ACC-1120,Pallas Capital,Mid-Market,AMER,Standard,2025-06-25,,In Progress,Billing / Seat Dispute,Academy Pro,Medium,Web Form,false,T1,false,204,5.8,24,false,,AG-107,Jonas Ahmed,false,
CASE-71509,ACC-1120,Pallas Capital,Mid-Market,AMER,Standard,2026-05-03,2026-05-03,Closed,How-To Question,Team Plan,Low,In-App Chat,false,T2,false,153,2.3,48,false,Video / CDN failure,AG-115,Felix Kapoor,false,3
CASE-71510,ACC-1120,Pallas Capital,Mid-Market,AMER,Standard,2026-08-06,2026-08-06,Closed,Content Request,Certification Vouchers,Medium,Email,false,T3,false,256,0.8,24,false,Video / CDN failure,AG-110,Ana Fischer,false,4
CASE-71511,ACC-1120,Pallas Capital,Mid-Market,AMER,Standard,2026-04-01,2026-04-02,Resolved - Monitoring,Security / SSO,Implementation Services,Medium,LMS Integration,false,T2,false,214,29.9,24,true,Practice org expired,AG-101,Sana Nair,false,
CASE-71512,ACC-1120,Pallas Capital,Mid-Market,AMER,Standard,2025-12-13,2025-12-14,Resolved - Monitoring,How-To Question,Enterprise Programme,Medium,Web Form,true,T1,false,157,14.9,24,false,Content gap,AG-105,Clara Iyer,false,
CASE-71513,ACC-1121,Ember Media,SMB,EMEA,Standard,2026-06-06,2026-06-06,Closed,How-To Question,Team Plan,Medium,LMS Integration,false,T3,false,160,10,24,false,Practice org expired,AG-104,Jonas Diallo,false,3
CASE-71514,ACC-1121,Ember Media,SMB,EMEA,Standard,2025-12-04,2025-12-05,Closed,Onboarding / Org Setup,Certification Vouchers,Low,LMS Integration,false,T2,false,265,19.2,48,false,Seat limit reached,AG-102,Kwame Lindqvist,false,
CASE-71515,ACC-1121,Ember Media,SMB,EMEA,Standard,2025-11-13,2025-11-13,Closed,Onboarding / Org Setup,Classroom Seat-Days,Low,In-App Chat,false,T2,false,202,8,48,false,Practice org expired,AG-108,Kwame Iyer,false,3
CASE-71516,ACC-1122,Halcyon Foods,Strategic,EMEA,Premier,2026-08-23,2026-08-23,Closed,How-To Question,Enterprise Programme,High,LMS Integration,false,T3,false,61,6.7,4,true,Expected behaviour,AG-104,Jonas Diallo,false,5
CASE-71517,ACC-1122,Halcyon Foods,Strategic,EMEA,Premier,2026-09-05,2026-09-06,Closed,Onboarding / Org Setup,Classroom Seat-Days,Medium,Phone,false,T1,true,213,25.6,24,false,Seat limit reached,AG-106,Omar Kovac,false,
CASE-71518,ACC-1122,Halcyon Foods,Strategic,EMEA,Premier,2026-03-13,2026-03-14,Closed,Onboarding / Org Setup,Enterprise Programme,Medium,LMS Integration,false,T3,true,171,33.5,24,false,Practice org expired,AG-104,Jonas Diallo,false,3
CASE-71519,ACC-1122,Halcyon Foods,Strategic,EMEA,Premier,2025-08-12,2025-08-12,Closed,Platform Incident,Enterprise Programme,High,Email,true,T2,false,99,6.4,4,true,Voucher pool exhausted,AG-114,Priya Almeida,false,
CASE-71520,ACC-1122,Halcyon Foods,Strategic,EMEA,Premier,2025-10-31,2025-11-02,Closed,Onboarding / Org Setup,Certification Vouchers,Medium,Email,false,T2,false,172,37.5,24,true,SSO / identity,AG-115,Felix Kapoor,false,
CASE-71521,ACC-1122,Halcyon Foods,Strategic,EMEA,Premier,2026-08-19,,In Progress,How-To Question,Implementation Services,High,In-App Chat,false,T2,false,61,11.7,4,true,,AG-102,Kwame Lindqvist,false,
CASE-71522,ACC-1122,Halcyon Foods,Strategic,EMEA,Premier,2025-12-22,2025-12-22,Closed,How-To Question,Academy Pro,Low,Email,false,T1,false,160,10,48,false,Seat limit reached,AG-105,Clara Iyer,false,
CASE-71523,ACC-1122,Halcyon Foods,Strategic,EMEA,Premier,2026-03-10,,Waiting on Customer,How-To Question,Implementation Services,Medium,Email,false,T2,false,223,10.2,24,false,,AG-109,Zara Chen,false,
CASE-71524,ACC-1122,Halcyon Foods,Strategic,EMEA,Premier,2026-03-22,2026-03-22,Resolved - Monitoring,How-To Question,Certification Vouchers,Medium,In-App Chat,true,T2,false,250,10.6,24,false,Video / CDN failure,AG-103,Lena Brandt,false,5
CASE-71525,ACC-1122,Halcyon Foods,Strategic,EMEA,Premier,2026-04-28,2026-04-29,Resolved - Monitoring,How-To Question,Academy Pro,Medium,LMS Integration,false,T2,false,171,16.7,24,false,Learner misconfiguration,AG-102,Kwame Lindqvist,false,
CASE-71526,ACC-1122,Halcyon Foods,Strategic,EMEA,Premier,2025-09-21,2025-09-23,Closed,Bug,Certification Vouchers,Medium,LMS Integration,false,T2,true,217,57,24,true,Practice org expired,AG-112,Yuki Marino,false,
CASE-71527,ACC-1122,Halcyon Foods,Strategic,EMEA,Premier,2025-09-12,2025-09-12,Closed,How-To Question,Implementation Services,Medium,In-App Chat,false,T2,false,195,4.3,24,false,Practice org expired,AG-112,Yuki Marino,false,5
CASE-71528,ACC-1122,Halcyon Foods,Strategic,EMEA,Premier,2026-02-15,2026-02-16,Closed,Security / SSO,Team Plan,Low,Email,false,T2,false,206,16.5,48,false,SSO / identity,AG-109,Zara Chen,false,
CASE-71529,ACC-1122,Halcyon Foods,Strategic,EMEA,Premier,2026-07-21,2026-07-25,Closed,Content Request,Implementation Services,High,LMS Integration,false,T2,false,105,101.6,4,true,Product defect,AG-112,Yuki Marino,false,
CASE-71530,ACC-1122,Halcyon Foods,Strategic,EMEA,Premier,2026-06-28,2026-06-29,Closed,Onboarding / Org Setup,Team Plan,Medium,LMS Integration,false,T2,false,129,18.5,24,false,Practice org expired,AG-101,Sana Nair,false,
CASE-71531,ACC-1122,Halcyon Foods,Strategic,EMEA,Premier,2025-12-26,2025-12-27,Closed,Billing / Seat Dispute,Team Plan,Medium,Email,false,T1,false,178,15.1,24,false,Voucher pool exhausted,AG-116,Tom Nair,false,4
CASE-71532,ACC-1122,Halcyon Foods,Strategic,EMEA,Premier,2026-05-22,2026-05-26,Closed,Content Request,Implementation Services,Medium,Web Form,false,T1,false,189,107.9,24,true,Expected behaviour,AG-106,Omar Kovac,false,
CASE-71533,ACC-1122,Halcyon Foods,Strategic,EMEA,Premier,2025-08-19,2025-08-19,Closed,How-To Question,Certification Vouchers,Low,Email,false,T1,false,195,8.4,48,false,Learner misconfiguration,AG-117,Yuki Shaw,false,5
CASE-71534,ACC-1122,Halcyon Foods,Strategic,EMEA,Premier,2025-10-11,2025-10-12,Closed,Onboarding / Org Setup,Implementation Services,Medium,LMS Integration,false,T1,false,190,13.1,24,false,Product defect,AG-106,Omar Kovac,false,
CASE-71535,ACC-1122,Halcyon Foods,Strategic,EMEA,Premier,2025-12-10,,New,How-To Question,Certification Vouchers,High,Email,false,T2,false,23,16.8,4,true,,AG-102,Kwame Lindqvist,false,
CASE-71536,ACC-1122,Halcyon Foods,Strategic,EMEA,Premier,2026-08-19,2026-08-20,Closed,Onboarding / Org Setup,Certification Vouchers,Medium,In-App Chat,false,T2,false,271,17.8,24,false,Content gap,AG-115,Felix Kapoor,false,3
CASE-71537,ACC-1122,Halcyon Foods,Strategic,EMEA,Premier,2026-03-23,,In Progress,Bug,Classroom Seat-Days,Low,Web Form,false,T1,false,192,46.3,48,false,,AG-100,Omar Berg,false,
CASE-71538,ACC-1122,Halcyon Foods,Strategic,EMEA,Premier,2026-07-17,2026-07-18,Resolved - Monitoring,How-To Question,Team Plan,High,Slack Connect,false,T3,true,3,14.3,4,true,Seat limit reached,AG-104,Jonas Diallo,false,
CASE-71539,ACC-1122,Halcyon Foods,Strategic,EMEA,Premier,2026-02-28,2026-02-28,Closed,How-To Question,Academy Pro,Medium,LMS Integration,false,T2,false,170,7.2,24,false,SSO / identity,AG-109,Zara Chen,false,5
CASE-71540,ACC-1122,Halcyon Foods,Strategic,EMEA,Premier,2025-10-18,2025-10-21,Closed,Bug,Implementation Services,High,Email,false,T1,false,148,65.3,4,true,Seat limit reached,AG-107,Jonas Ahmed,false,3
CASE-71541,ACC-1122,Halcyon Foods,Strategic,EMEA,Premier,2026-07-15,2026-07-15,Closed,How-To Question,Academy Pro,Medium,Email,false,T2,false,162,11.3,24,false,Expected behaviour,AG-112,Yuki Marino,false,
CASE-71542,ACC-1122,Halcyon Foods,Strategic,EMEA,Premier,2026-04-17,2026-04-18,Resolved - Monitoring,Security / SSO,Academy Pro,Low,In-App Chat,false,T1,false,146,29.1,48,false,SSO / identity,AG-111,Marcus Brandt,false,
CASE-71543,ACC-1122,Halcyon Foods,Strategic,EMEA,Premier,2026-07-23,2026-07-24,Closed,Onboarding / Org Setup,Classroom Seat-Days,Low,Phone,false,T2,false,196,16.2,48,false,Learner misconfiguration,AG-103,Lena Brandt,false,5
CASE-71544,ACC-1122,Halcyon Foods,Strategic,EMEA,Premier,2025-08-22,2025-08-23,Resolved - Monitoring,Billing / Seat Dispute,Enterprise Programme,Low,Web Form,false,T1,true,255,12.3,48,false,Practice org expired,AG-116,Tom Nair,false,
CASE-71545,ACC-1122,Halcyon Foods,Strategic,EMEA,Premier,2026-06-29,2026-06-29,Closed,How-To Question,Team Plan,Medium,Slack Connect,false,T2,false,210,7,24,false,Learner misconfiguration,AG-108,Kwame Iyer,false,
CASE-71546,ACC-1122,Halcyon Foods,Strategic,EMEA,Premier,2026-03-24,2026-03-24,Closed,How-To Question,Academy Pro,Medium,In-App Chat,false,T1,false,178,2.9,24,false,Video / CDN failure,AG-111,Marcus Brandt,false,
CASE-71547,ACC-1122,Halcyon Foods,Strategic,EMEA,Premier,2026-02-17,,New,How-To Question,Classroom Seat-Days,Medium,Email,false,T1,false,188,9.4,24,false,,AG-111,Marcus Brandt,false,
CASE-71548,ACC-1122,Halcyon Foods,Strategic,EMEA,Premier,2026-01-27,2026-01-28,Closed,Onboarding / Org Setup,Enterprise Programme,Low,Slack Connect,false,T2,false,269,21.6,48,false,Product defect,AG-112,Yuki Marino,false,
CASE-71549,ACC-1122,Halcyon Foods,Strategic,EMEA,Premier,2026-08-23,2026-08-24,Closed,Bug,Team Plan,Medium,LMS Integration,false,T2,false,240,16.7,24,false,Voucher pool exhausted,AG-115,Felix Kapoor,false,4
CASE-71550,ACC-1122,Halcyon Foods,Strategic,EMEA,Premier,2025-09-16,2025-09-17,Closed,Onboarding / Org Setup,Implementation Services,High,In-App Chat,false,T1,false,101,20.5,4,true,Video / CDN failure,AG-106,Omar Kovac,false,3
CASE-71551,ACC-1122,Halcyon Foods,Strategic,EMEA,Premier,2026-03-30,,Waiting on Customer,Security / SSO,Implementation Services,Medium,Web Form,false,T2,false,106,58.9,24,true,,AG-115,Felix Kapoor,false,
CASE-71552,ACC-1122,Halcyon Foods,Strategic,EMEA,Premier,2025-12-04,2025-12-05,Resolved - Monitoring,How-To Question,Classroom Seat-Days,Medium,Email,true,T2,false,140,20.5,24,false,Product defect,AG-115,Felix Kapoor,false,4
CASE-71553,ACC-1122,Halcyon Foods,Strategic,EMEA,Premier,2025-10-28,2025-10-30,Closed,Bug,Certification Vouchers,Medium,LMS Integration,false,T1,false,209,51.2,24,true,Seat limit reached,AG-106,Omar Kovac,false,
CASE-71554,ACC-1122,Halcyon Foods,Strategic,EMEA,Premier,2025-11-17,2025-11-18,Resolved - Monitoring,How-To Question,Implementation Services,Low,Email,true,T2,false,194,12.7,48,false,Seat limit reached,AG-112,Yuki Marino,false,
CASE-71555,ACC-1122,Halcyon Foods,Strategic,EMEA,Premier,2026-05-20,2026-05-20,Closed,Onboarding / Org Setup,Team Plan,Low,Email,false,T3,false,134,10,48,false,Voucher pool exhausted,AG-110,Ana Fischer,false,
CASE-71556,ACC-1122,Halcyon Foods,Strategic,EMEA,Premier,2025-08-06,2025-08-07,Closed,Onboarding / Org Setup,Enterprise Programme,Medium,In-App Chat,false,T1,false,199,15.4,24,false,Product defect,AG-105,Clara Iyer,false,
CASE-71557,ACC-1122,Halcyon Foods,Strategic,EMEA,Premier,2026-03-09,2026-03-09,Closed,Onboarding / Org Setup,Certification Vouchers,Medium,In-App Chat,false,T2,false,161,5.3,24,false,Practice org expired,AG-108,Kwame Iyer,false,4
CASE-71558,ACC-1122,Halcyon Foods,Strategic,EMEA,Premier,2026-08-09,2026-08-09,Closed,How-To Question,Enterprise Programme,Medium,LMS Integration,false,T1,false,166,8.1,24,false,SSO / identity,AG-105,Clara Iyer,false,5
CASE-71559,ACC-1124,Cobalt Technologies,Mid-Market,AMER,Standard,2025-02-19,2025-02-25,Closed,Content Request,Team Plan,Medium,In-App Chat,false,T1,false,211,153.2,24,true,SSO / identity,AG-105,Clara Iyer,false,
CASE-71560,ACC-1124,Cobalt Technologies,Mid-Market,AMER,Standard,2025-03-15,2025-03-15,Closed,How-To Question,Classroom Seat-Days,Medium,In-App Chat,false,T2,false,150,8.1,24,false,Seat limit reached,AG-102,Kwame Lindqvist,false,
CASE-71561,ACC-1124,Cobalt Technologies,Mid-Market,AMER,Standard,2025-01-19,2025-01-19,Resolved - Monitoring,Platform Incident,Certification Vouchers,Medium,Web Form,false,T1,false,162,6.3,24,false,Voucher pool exhausted,AG-105,Clara Iyer,false,
CASE-71562,ACC-1124,Cobalt Technologies,Mid-Market,AMER,Standard,2024-09-29,2024-10-01,Resolved - Monitoring,Onboarding / Org Setup,Classroom Seat-Days,Medium,In-App Chat,false,T1,false,164,38.2,24,true,Expected behaviour,AG-107,Jonas Ahmed,false,3
CASE-71563,ACC-1124,Cobalt Technologies,Mid-Market,AMER,Standard,2025-06-07,2025-06-07,Closed,Platform Incident,Academy Pro,High,In-App Chat,false,T1,false,96,11.6,4,true,Expected behaviour,AG-116,Tom Nair,false,
CASE-71564,ACC-1124,Cobalt Technologies,Mid-Market,AMER,Standard,2024-11-30,2024-11-30,Closed,How-To Question,Certification Vouchers,High,Web Form,true,T2,false,28,11,4,true,Expected behaviour,AG-108,Kwame Iyer,false,
CASE-71565,ACC-1124,Cobalt Technologies,Mid-Market,AMER,Standard,2024-09-13,2024-09-13,Closed,Content Request,Team Plan,Medium,In-App Chat,false,T1,false,154,0.2,24,false,Video / CDN failure,AG-116,Tom Nair,false,
CASE-71566,ACC-1125,Sable Works,Strategic,EMEA,Premier,2026-08-23,2026-08-24,Closed,How-To Question,Classroom Seat-Days,Medium,Email,true,T2,false,241,13,24,false,Seat limit reached,AG-112,Yuki Marino,false,
CASE-71567,ACC-1125,Sable Works,Strategic,EMEA,Premier,2026-08-06,2026-08-08,Closed,Content Request,Implementation Services,Medium,In-App Chat,false,T3,false,150,37.2,24,true,Expected behaviour,AG-104,Jonas Diallo,false,
CASE-71568,ACC-1125,Sable Works,Strategic,EMEA,Premier,2026-09-13,2026-09-14,Closed,How-To Question,Academy Pro,Medium,Email,true,T2,false,187,12.6,24,false,Content gap,AG-115,Felix Kapoor,false,
CASE-71569,ACC-1125,Sable Works,Strategic,EMEA,Premier,2026-07-30,2026-07-31,Resolved - Monitoring,Bug,Certification Vouchers,Low,In-App Chat,false,T2,false,221,22,48,false,Expected behaviour,AG-101,Sana Nair,false,4
CASE-71570,ACC-1125,Sable Works,Strategic,EMEA,Premier,2026-08-27,2026-08-27,Closed,How-To Question,Certification Vouchers,High,In-App Chat,false,T1,false,12,7.5,4,true,Voucher pool exhausted,AG-100,Omar Berg,false,
CASE-71571,ACC-1125,Sable Works,Strategic,EMEA,Premier,2026-06-21,2026-06-22,Closed,Onboarding / Org Setup,Enterprise Programme,Medium,Email,false,T1,false,233,27.8,24,false,Expected behaviour,AG-106,Omar Kovac,false,5
CASE-71572,ACC-1125,Sable Works,Strategic,EMEA,Premier,2026-06-14,2026-06-20,Closed,Content Request,Certification Vouchers,Low,Email,false,T2,false,177,145.4,48,true,Content gap,AG-112,Yuki Marino,false,
CASE-71573,ACC-1125,Sable Works,Strategic,EMEA,Premier,2026-08-24,2026-08-24,Closed,How-To Question,Academy Pro,Medium,Phone,true,T2,false,207,10.8,24,false,Voucher pool exhausted,AG-102,Kwame Lindqvist,false,4
CASE-71574,ACC-1125,Sable Works,Strategic,EMEA,Premier,2026-06-09,2026-06-09,Closed,Security / SSO,Team Plan,Low,In-App Chat,false,T1,false,218,7.8,48,false,Seat limit reached,AG-105,Clara Iyer,false,5
CASE-71575,ACC-1125,Sable Works,Strategic,EMEA,Premier,2026-07-06,2026-07-08,Closed,Onboarding / Org Setup,Academy Pro,Medium,Email,false,T2,false,181,41.8,24,true,Seat limit reached,AG-114,Priya Almeida,false,2
CASE-71576,ACC-1125,Sable Works,Strategic,EMEA,Premier,2026-09-21,2026-09-23,Resolved - Monitoring,Bug,Implementation Services,Medium,Slack Connect,false,T1,false,217,36.9,24,true,Video / CDN failure,AG-105,Clara Iyer,false,1
CASE-71577,ACC-1125,Sable Works,Strategic,EMEA,Premier,2026-06-20,2026-06-23,Resolved - Monitoring,Bug,Enterprise Programme,Medium,Email,false,T2,false,218,67.2,24,true,Expected behaviour,AG-102,Kwame Lindqvist,false,3
CASE-71578,ACC-1125,Sable Works,Strategic,EMEA,Premier,2026-07-17,2026-07-18,Closed,Onboarding / Org Setup,Implementation Services,Medium,Email,false,T2,false,134,32.6,24,false,Learner misconfiguration,AG-108,Kwame Iyer,false,
CASE-71579,ACC-1125,Sable Works,Strategic,EMEA,Premier,2026-07-10,2026-07-10,Closed,How-To Question,Certification Vouchers,Low,Web Form,false,T1,false,201,6.3,48,false,Learner misconfiguration,AG-113,Elena Moreno,false,5
CASE-71580,ACC-1125,Sable Works,Strategic,EMEA,Premier,2026-07-19,2026-07-20,Closed,Onboarding / Org Setup,Certification Vouchers,Low,Email,false,T2,true,215,22.3,48,false,Voucher pool exhausted,AG-109,Zara Chen,false,4
CASE-71581,ACC-1125,Sable Works,Strategic,EMEA,Premier,2026-08-15,2026-08-17,Closed,Bug,Enterprise Programme,Low,Email,true,T2,true,233,40.2,48,false,Expected behaviour,AG-101,Sana Nair,false,4
CASE-71582,ACC-1125,Sable Works,Strategic,EMEA,Premier,2026-06-10,2026-06-11,Closed,Onboarding / Org Setup,Classroom Seat-Days,Low,Email,false,T2,false,264,34.1,48,false,Video / CDN failure,AG-115,Felix Kapoor,false,3
CASE-71583,ACC-1125,Sable Works,Strategic,EMEA,Premier,2026-08-12,2026-08-13,Closed,Security / SSO,Enterprise Programme,Low,In-App Chat,true,T2,false,183,35.3,48,false,Video / CDN failure,AG-109,Zara Chen,false,5
CASE-71584,ACC-1125,Sable Works,Strategic,EMEA,Premier,2026-08-28,2026-08-28,Closed,Platform Incident,Classroom Seat-Days,Medium,Email,false,T2,false,191,5.2,24,false,Learner misconfiguration,AG-103,Lena Brandt,false,4
CASE-71585,ACC-1125,Sable Works,Strategic,EMEA,Premier,2026-06-28,2026-06-28,Closed,Platform Incident,Team Plan,High,Web Form,false,T1,false,96,4.4,4,false,Expected behaviour,AG-107,Jonas Ahmed,false,4
CASE-71586,ACC-1125,Sable Works,Strategic,EMEA,Premier,2026-09-23,,Waiting on Customer,Platform Incident,Classroom Seat-Days,Critical,In-App Chat,false,T1,false,26,4,1,true,,AG-105,Clara Iyer,false,
CASE-71587,ACC-1125,Sable Works,Strategic,EMEA,Premier,2026-08-27,2026-08-27,Closed,How-To Question,Certification Vouchers,Low,Web Form,false,T2,false,138,6.2,48,false,Product defect,AG-114,Priya Almeida,false,
CASE-71588,ACC-1125,Sable Works,Strategic,EMEA,Premier,2026-08-06,2026-08-06,Closed,Platform Incident,Academy Pro,Critical,Email,false,T2,false,55,0.6,1,false,Product defect,AG-108,Kwame Iyer,false,4
CASE-71589,ACC-1125,Sable Works,Strategic,EMEA,Premier,2026-06-28,2026-06-29,Closed,Onboarding / Org Setup,Certification Vouchers,Low,In-App Chat,false,T1,false,159,21.7,48,false,SSO / identity,AG-117,Yuki Shaw,false,
CASE-71590,ACC-1125,Sable Works,Strategic,EMEA,Premier,2026-08-25,2026-08-26,Closed,Billing / Seat Dispute,Academy Pro,Medium,In-App Chat,false,T1,false,209,12.7,24,false,Seat limit reached,AG-107,Jonas Ahmed,false,
CASE-71591,ACC-1125,Sable Works,Strategic,EMEA,Premier,2026-07-01,2026-07-04,Closed,Bug,Enterprise Programme,High,Email,false,T3,false,72,80.3,4,true,Expected behaviour,AG-110,Ana Fischer,false,
CASE-71592,ACC-1125,Sable Works,Strategic,EMEA,Premier,2026-08-02,,Waiting on Customer,Bug,Certification Vouchers,Medium,Email,false,T2,false,220,0.2,24,false,,AG-115,Felix Kapoor,false,
CASE-71593,ACC-1125,Sable Works,Strategic,EMEA,Premier,2026-09-09,2026-09-09,Resolved - Monitoring,How-To Question,Academy Pro,Low,In-App Chat,false,T2,false,227,8.7,48,false,Learner misconfiguration,AG-109,Zara Chen,false,5
CASE-71594,ACC-1125,Sable Works,Strategic,EMEA,Premier,2026-07-21,,In Progress,Platform Incident,Classroom Seat-Days,Critical,Phone,false,T2,false,2,0.2,1,false,,AG-103,Lena Brandt,false,
CASE-71595,ACC-1125,Sable Works,Strategic,EMEA,Premier,2026-06-24,2026-06-26,Closed,Content Request,Certification Vouchers,Medium,In-App Chat,false,T1,false,177,38.5,24,true,Video / CDN failure,AG-105,Clara Iyer,false,
CASE-71596,ACC-1125,Sable Works,Strategic,EMEA,Premier,2026-07-01,,Waiting on Customer,Bug,Classroom Seat-Days,Medium,Web Form,false,T2,false,106,23.2,24,false,,AG-115,Felix Kapoor,false,
CASE-71597,ACC-1125,Sable Works,Strategic,EMEA,Premier,2026-07-09,2026-07-11,Closed,Bug,Classroom Seat-Days,High,Email,false,T2,false,100,43,4,true,Video / CDN failure,AG-108,Kwame Iyer,false,3
CASE-71598,ACC-1125,Sable Works,Strategic,EMEA,Premier,2026-07-15,2026-07-15,Resolved - Monitoring,Platform Incident,Classroom Seat-Days,High,Email,false,T1,false,76,3.3,4,false,Voucher pool exhausted,AG-117,Yuki Shaw,false,
CASE-71599,ACC-1125,Sable Works,Strategic,EMEA,Premier,2026-06-17,2026-06-17,Resolved - Monitoring,Platform Incident,Academy Pro,Medium,Phone,false,T1,false,168,4.1,24,false,Voucher pool exhausted,AG-116,Tom Nair,false,
CASE-71600,ACC-1125,Sable Works,Strategic,EMEA,Premier,2026-08-07,2026-08-08,Resolved - Monitoring,Onboarding / Org Setup,Implementation Services,Low,In-App Chat,false,T1,false,248,25.5,48,false,Practice org expired,AG-113,Elena Moreno,false,4
CASE-71601,ACC-1125,Sable Works,Strategic,EMEA,Premier,2026-08-23,2026-08-25,Closed,Onboarding / Org Setup,Team Plan,Medium,LMS Integration,false,T1,true,98,38.7,24,true,Voucher pool exhausted,AG-105,Clara Iyer,false,3
CASE-71602,ACC-1125,Sable Works,Strategic,EMEA,Premier,2026-07-06,2026-07-10,Closed,Bug,Implementation Services,Low,Email,false,T2,false,204,85,48,true,Voucher pool exhausted,AG-114,Priya Almeida,false,4
CASE-71603,ACC-1125,Sable Works,Strategic,EMEA,Premier,2026-07-10,2026-07-11,Closed,Content Request,Certification Vouchers,Medium,In-App Chat,false,T2,false,279,34.5,24,true,Seat limit reached,AG-102,Kwame Lindqvist,false,
CASE-71604,ACC-1125,Sable Works,Strategic,EMEA,Premier,2026-07-14,2026-07-15,Closed,Billing / Seat Dispute,Academy Pro,Medium,In-App Chat,false,T1,false,201,15.2,24,false,Seat limit reached,AG-105,Clara Iyer,false,5
CASE-71605,ACC-1125,Sable Works,Strategic,EMEA,Premier,2026-07-03,2026-07-04,Resolved - Monitoring,Onboarding / Org Setup,Implementation Services,Medium,Web Form,false,T1,false,184,30.6,24,false,Content gap,AG-105,Clara Iyer,false,
CASE-71606,ACC-1125,Sable Works,Strategic,EMEA,Premier,2026-08-19,2026-08-20,Resolved - Monitoring,Onboarding / Org Setup,Classroom Seat-Days,Low,In-App Chat,false,T2,false,186,18.4,48,false,Voucher pool exhausted,AG-114,Priya Almeida,false,4
CASE-71607,ACC-1125,Sable Works,Strategic,EMEA,Premier,2026-08-15,2026-08-15,Closed,How-To Question,Implementation Services,Medium,Web Form,false,T1,false,165,0.2,24,false,Expected behaviour,AG-106,Omar Kovac,false,5
CASE-71608,ACC-1125,Sable Works,Strategic,EMEA,Premier,2026-09-01,2026-09-01,Closed,How-To Question,Team Plan,High,Web Form,true,T1,false,96,10.6,4,true,Content gap,AG-105,Clara Iyer,false,3
CASE-71609,ACC-1125,Sable Works,Strategic,EMEA,Premier,2026-08-01,2026-08-02,Resolved - Monitoring,Onboarding / Org Setup,Enterprise Programme,Medium,Web Form,false,T1,false,149,27.3,24,false,Content gap,AG-107,Jonas Ahmed,false,
CASE-71610,ACC-1125,Sable Works,Strategic,EMEA,Premier,2026-07-08,2026-07-09,Closed,Content Request,Team Plan,Medium,Email,false,T1,false,170,32.7,24,false,Seat limit reached,AG-106,Omar Kovac,false,4
CASE-71611,ACC-1125,Sable Works,Strategic,EMEA,Premier,2026-08-05,2026-08-06,Closed,Billing / Seat Dispute,Certification Vouchers,Medium,Email,false,T2,false,173,12,24,false,Practice org expired,AG-108,Kwame Iyer,false,
CASE-71612,ACC-1125,Sable Works,Strategic,EMEA,Premier,2026-08-19,2026-08-19,Closed,Platform Incident,Certification Vouchers,Medium,Email,false,T2,false,224,5.1,24,false,Seat limit reached,AG-109,Zara Chen,false,
CASE-71613,ACC-1125,Sable Works,Strategic,EMEA,Premier,2026-06-18,,Waiting on Customer,Onboarding / Org Setup,Classroom Seat-Days,Medium,In-App Chat,false,T2,false,160,30.6,24,false,,AG-102,Kwame Lindqvist,false,
CASE-71614,ACC-1125,Sable Works,Strategic,EMEA,Premier,2026-06-20,,In Progress,Billing / Seat Dispute,Classroom Seat-Days,High,Email,false,T1,false,109,5.8,4,true,,AG-107,Jonas Ahmed,false,
CASE-71615,ACC-1125,Sable Works,Strategic,EMEA,Premier,2026-09-01,2026-09-03,Closed,Billing / Seat Dispute,Team Plan,Medium,Web Form,false,T1,false,145,38.3,24,true,Expected behaviour,AG-106,Omar Kovac,false,2
CASE-71616,ACC-1125,Sable Works,Strategic,EMEA,Premier,2026-07-26,2026-07-26,Resolved - Monitoring,How-To Question,Classroom Seat-Days,Low,Email,true,T2,false,192,8.8,48,false,Content gap,AG-114,Priya Almeida,false,5
CASE-71617,ACC-1125,Sable Works,Strategic,EMEA,Premier,2026-07-05,,In Progress,Content Request,Team Plan,High,Email,false,T2,false,46,87.4,4,true,,AG-102,Kwame Lindqvist,false,
CASE-71618,ACC-1125,Sable Works,Strategic,EMEA,Premier,2026-07-19,2026-07-21,Closed,Onboarding / Org Setup,Certification Vouchers,Medium,LMS Integration,false,T3,false,162,38.4,24,true,Seat limit reached,AG-110,Ana Fischer,false,3
CASE-71619,ACC-1125,Sable Works,Strategic,EMEA,Premier,2026-08-20,2026-08-20,Closed,How-To Question,Classroom Seat-Days,Medium,Email,true,T1,false,190,0.3,24,false,Product defect,AG-105,Clara Iyer,false,4
CASE-71620,ACC-1125,Sable Works,Strategic,EMEA,Premier,2026-07-17,2026-07-20,Closed,Content Request,Enterprise Programme,Medium,LMS Integration,false,T2,false,212,78.2,24,true,Product defect,AG-114,Priya Almeida,false,2
CASE-71621,ACC-1125,Sable Works,Strategic,EMEA,Premier,2026-06-20,2026-06-20,Closed,How-To Question,Enterprise Programme,Medium,Web Form,true,T1,false,209,8.5,24,false,Voucher pool exhausted,AG-117,Yuki Shaw,false,3
CASE-71622,ACC-1125,Sable Works,Strategic,EMEA,Premier,2026-09-08,2026-09-08,Closed,How-To Question,Academy Pro,Medium,Email,false,T2,false,157,11.2,24,false,Product defect,AG-103,Lena Brandt,false,
CASE-71623,ACC-1125,Sable Works,Strategic,EMEA,Premier,2026-07-17,,In Progress,How-To Question,Enterprise Programme,Low,Web Form,true,T1,false,245,4.1,48,false,,AG-100,Omar Berg,false,
CASE-71624,ACC-1125,Sable Works,Strategic,EMEA,Premier,2026-08-12,2026-08-12,Resolved - Monitoring,Platform Incident,Classroom Seat-Days,Medium,Web Form,false,T1,false,128,5.4,24,false,Seat limit reached,AG-107,Jonas Ahmed,false,
CASE-71625,ACC-1125,Sable Works,Strategic,EMEA,Premier,2026-07-14,2026-07-14,Closed,How-To Question,Implementation Services,High,Web Form,false,T1,false,52,1,4,false,Voucher pool exhausted,AG-113,Elena Moreno,false,
CASE-71626,ACC-1125,Sable Works,Strategic,EMEA,Premier,2026-06-16,2026-06-16,Closed,Onboarding / Org Setup,Enterprise Programme,Medium,Email,false,T1,false,111,9,24,false,Product defect,AG-117,Yuki Shaw,false,4
CASE-71627,ACC-1126,Solstice Bank,Self-Serve,APAC,Community,2026-08-19,2026-08-20,Closed,How-To Question,Enterprise Programme,High,Web Form,true,T1,false,44,12.4,4,true,Voucher pool exhausted,AG-117,Yuki Shaw,false,3
CASE-71628,ACC-1126,Solstice Bank,Self-Serve,APAC,Community,2026-06-25,,Waiting on Customer,How-To Question,Team Plan,High,Email,true,T2,false,46,11.1,4,true,,AG-102,Kwame Lindqvist,false,
CASE-71629,ACC-1126,Solstice Bank,Self-Serve,APAC,Community,2026-08-22,2026-08-22,Closed,How-To Question,Implementation Services,High,Email,true,T1,false,89,11,4,true,Content gap,AG-106,Omar Kovac,false,
CASE-71630,ACC-1126,Solstice Bank,Self-Serve,APAC,Community,2026-07-02,2026-07-02,Closed,Content Request,Enterprise Programme,Medium,Email,false,T1,false,210,5.1,24,false,SSO / identity,AG-106,Omar Kovac,false,
CASE-71631,ACC-1127,Quanta Motors,SMB,APAC,Standard,2026-02-13,2026-02-14,Resolved - Monitoring,Billing / Seat Dispute,Academy Pro,Low,Email,false,T2,false,163,19.6,48,false,Expected behaviour,AG-103,Lena Brandt,false,
CASE-71632,ACC-1127,Quanta Motors,SMB,APAC,Standard,2025-06-05,2025-06-06,Closed,Bug,Classroom Seat-Days,Low,In-App Chat,false,T3,false,182,28.2,48,false,Expected behaviour,AG-104,Jonas Diallo,false,5
CASE-71633,ACC-1127,Quanta Motors,SMB,APAC,Standard,2026-08-23,2026-08-24,Closed,Bug,Team Plan,Medium,Web Form,false,T3,false,170,33.3,24,true,Practice org expired,AG-110,Ana Fischer,false,4
CASE-71634,ACC-1127,Quanta Motors,SMB,APAC,Standard,2025-09-05,2025-09-06,Closed,Billing / Seat Dispute,Academy Pro,Medium,Web Form,false,T2,false,137,16.9,24,false,Expected behaviour,AG-101,Sana Nair,false,
CASE-71635,ACC-1127,Quanta Motors,SMB,APAC,Standard,2025-11-11,,In Progress,Onboarding / Org Setup,Academy Pro,Medium,Web Form,false,T1,false,195,28.2,24,true,,AG-100,Omar Berg,false,
CASE-71636,ACC-1127,Quanta Motors,SMB,APAC,Standard,2025-12-14,2025-12-14,Resolved - Monitoring,How-To Question,Enterprise Programme,Medium,LMS Integration,false,T3,false,112,7.1,24,false,Content gap,AG-104,Jonas Diallo,false,5
CASE-71637,ACC-1127,Quanta Motors,SMB,APAC,Standard,2025-06-05,2025-06-06,Closed,How-To Question,Classroom Seat-Days,Medium,Web Form,false,T2,false,162,17.1,24,false,Practice org expired,AG-102,Kwame Lindqvist,false,
CASE-71638,ACC-1127,Quanta Motors,SMB,APAC,Standard,2025-04-13,2025-04-13,Resolved - Monitoring,How-To Question,Academy Pro,High,LMS Integration,false,T2,false,41,2.7,4,false,Video / CDN failure,AG-114,Priya Almeida,false,
CASE-71639,ACC-1127,Quanta Motors,SMB,APAC,Standard,2025-07-13,2025-07-13,Closed,Platform Incident,Academy Pro,High,LMS Integration,false,T1,false,51,7.2,4,true,Expected behaviour,AG-105,Clara Iyer,false,
CASE-71640,ACC-1128,Cobalt Health,Mid-Market,EMEA,Standard,2026-04-11,2026-04-11,Closed,Billing / Seat Dispute,Certification Vouchers,Low,Email,false,T1,false,140,11.5,48,false,SSO / identity,AG-113,Elena Moreno,false,3
CASE-71641,ACC-1128,Cobalt Health,Mid-Market,EMEA,Standard,2026-06-22,2026-06-24,Closed,Bug,Classroom Seat-Days,Medium,Email,true,T1,false,207,43.7,24,true,Video / CDN failure,AG-105,Clara Iyer,false,
CASE-71642,ACC-1128,Cobalt Health,Mid-Market,EMEA,Standard,2026-03-26,2026-03-26,Closed,How-To Question,Team Plan,Medium,In-App Chat,false,T1,false,134,2.5,24,false,Content gap,AG-116,Tom Nair,false,4
CASE-71643,ACC-1128,Cobalt Health,Mid-Market,EMEA,Standard,2026-04-26,2026-04-27,Closed,How-To Question,Academy Pro,Medium,In-App Chat,true,T2,false,235,14.9,24,false,Seat limit reached,AG-115,Felix Kapoor,false,
CASE-71644,ACC-1128,Cobalt Health,Mid-Market,EMEA,Standard,2026-04-22,2026-04-22,Closed,Platform Incident,Implementation Services,High,In-App Chat,false,T3,false,2,5.4,4,true,SSO / identity,AG-110,Ana Fischer,false,
CASE-71645,ACC-1128,Cobalt Health,Mid-Market,EMEA,Standard,2026-08-14,2026-08-14,Closed,How-To Question,Implementation Services,Medium,Email,true,T1,false,162,9.5,24,false,Content gap,AG-116,Tom Nair,false,5
CASE-71646,ACC-1128,Cobalt Health,Mid-Market,EMEA,Standard,2026-07-29,2026-07-30,Closed,Billing / Seat Dispute,Academy Pro,Low,Web Form,false,T3,false,231,12.3,48,false,Practice org expired,AG-110,Ana Fischer,false,4
CASE-71647,ACC-1128,Cobalt Health,Mid-Market,EMEA,Standard,2026-06-10,2026-06-14,Closed,Content Request,Academy Pro,Medium,Phone,true,T3,false,164,92.9,24,true,Video / CDN failure,AG-104,Jonas Diallo,false,
CASE-71648,ACC-1128,Cobalt Health,Mid-Market,EMEA,Standard,2026-07-26,2026-07-27,Resolved - Monitoring,Onboarding / Org Setup,Certification Vouchers,Medium,In-App Chat,false,T1,false,175,25.8,24,true,Product defect,AG-111,Marcus Brandt,false,
CASE-71649,ACC-1129,Vertex Retail,Self-Serve,APAC,Community,2026-09-16,2026-09-18,Resolved - Monitoring,Bug,Implementation Services,Medium,Email,false,T1,false,225,51.9,24,true,SSO / identity,AG-113,Elena Moreno,false,1
CASE-71650,ACC-1129,Vertex Retail,Self-Serve,APAC,Community,2026-06-29,2026-06-30,Closed,Onboarding / Org Setup,Academy Pro,Medium,Slack Connect,false,T1,true,128,30.5,24,true,Learner misconfiguration,AG-107,Jonas Ahmed,false,
CASE-71651,ACC-1129,Vertex Retail,Self-Serve,APAC,Community,2026-03-18,2026-03-18,Resolved - Monitoring,How-To Question,Certification Vouchers,Medium,In-App Chat,false,T1,false,163,6.7,24,false,Video / CDN failure,AG-107,Jonas Ahmed,false,5
CASE-71652,ACC-1129,Vertex Retail,Self-Serve,APAC,Community,2026-04-06,2026-04-06,Closed,Platform Incident,Certification Vouchers,High,Email,false,T2,false,89,2.7,4,false,SSO / identity,AG-112,Yuki Marino,false,
CASE-71653,ACC-1130,Cobalt Consulting,SMB,LATAM,Standard,2026-07-27,2026-07-28,Closed,Billing / Seat Dispute,Enterprise Programme,Medium,LMS Integration,false,T1,false,203,28.9,24,true,Content gap,AG-105,Clara Iyer,false,
CASE-71654,ACC-1130,Cobalt Consulting,SMB,LATAM,Standard,2025-04-26,2025-04-26,Closed,How-To Question,Team Plan,Medium,Phone,true,T1,false,146,10.6,24,false,Practice org expired,AG-113,Elena Moreno,false,5
CASE-71655,ACC-1130,Cobalt Consulting,SMB,LATAM,Standard,2025-10-01,2025-10-01,Closed,How-To Question,Certification Vouchers,Medium,Email,true,T1,false,203,10.3,24,false,Content gap,AG-116,Tom Nair,false,
CASE-71656,ACC-1130,Cobalt Consulting,SMB,LATAM,Standard,2025-02-09,2025-02-11,Closed,Bug,Certification Vouchers,Medium,Web Form,false,T1,false,161,41.3,24,true,SSO / identity,AG-106,Omar Kovac,false,
CASE-71657,ACC-1130,Cobalt Consulting,SMB,LATAM,Standard,2025-08-12,2025-08-13,Closed,Bug,Academy Pro,High,Web Form,false,T1,false,44,23.4,4,true,Voucher pool exhausted,AG-106,Omar Kovac,false,
CASE-71658,ACC-1130,Cobalt Consulting,SMB,LATAM,Standard,2025-05-10,2025-05-11,Resolved - Monitoring,Billing / Seat Dispute,Academy Pro,Medium,In-App Chat,false,T2,false,139,21.3,24,false,Seat limit reached,AG-114,Priya Almeida,false,
CASE-71659,ACC-1130,Cobalt Consulting,SMB,LATAM,Standard,2024-11-06,2024-11-07,Closed,Billing / Seat Dispute,Classroom Seat-Days,Low,Web Form,false,T1,false,209,14.4,48,false,SSO / identity,AG-113,Elena Moreno,false,5
CASE-71660,ACC-1130,Cobalt Consulting,SMB,LATAM,Standard,2025-02-02,2025-02-02,Closed,How-To Question,Certification Vouchers,High,Email,true,T1,false,2,7.1,4,true,Product defect,AG-106,Omar Kovac,false,5
CASE-71661,ACC-1130,Cobalt Consulting,SMB,LATAM,Standard,2025-02-14,2025-02-16,Resolved - Monitoring,Security / SSO,Implementation Services,High,Web Form,false,T1,false,9,46.6,4,true,Learner misconfiguration,AG-117,Yuki Shaw,false,
CASE-71662,ACC-1132,Umbra Foods,SMB,AMER,Standard,2026-09-06,2026-09-07,Resolved - Monitoring,Billing / Seat Dispute,Academy Pro,High,In-App Chat,false,T2,false,23,18.6,4,true,Content gap,AG-109,Zara Chen,false,1
CASE-71663,ACC-1132,Umbra Foods,SMB,AMER,Standard,2026-08-05,2026-08-05,Resolved - Monitoring,Billing / Seat Dispute,Certification Vouchers,Medium,In-App Chat,false,T2,true,192,4.6,24,false,Expected behaviour,AG-101,Sana Nair,false,2
CASE-71664,ACC-1132,Umbra Foods,SMB,AMER,Standard,2026-08-10,2026-08-10,Closed,How-To Question,Certification Vouchers,High,Email,false,T1,false,64,0.7,4,false,Video / CDN failure,AG-105,Clara Iyer,false,4
CASE-71665,ACC-1133,Cinder Motors,Mid-Market,APAC,Standard,2026-04-05,2026-04-07,Closed,Bug,Certification Vouchers,Medium,LMS Integration,false,T1,false,183,46.7,24,true,Content gap,AG-105,Clara Iyer,false,2
CASE-71666,ACC-1133,Cinder Motors,Mid-Market,APAC,Standard,2025-03-27,2025-03-28,Closed,Billing / Seat Dispute,Implementation Services,Low,LMS Integration,false,T2,false,223,15.2,48,false,Video / CDN failure,AG-102,Kwame Lindqvist,false,
CASE-71667,ACC-1133,Cinder Motors,Mid-Market,APAC,Standard,2026-02-28,,New,Billing / Seat Dispute,Implementation Services,Low,Slack Connect,false,T3,false,233,0.2,48,false,,AG-104,Jonas Diallo,false,
CASE-71668,ACC-1133,Cinder Motors,Mid-Market,APAC,Standard,2026-08-31,2026-09-03,Closed,Bug,Enterprise Programme,Low,Email,false,T1,false,268,74.3,48,true,SSO / identity,AG-111,Marcus Brandt,false,3
CASE-71669,ACC-1133,Cinder Motors,Mid-Market,APAC,Standard,2025-05-02,2025-05-02,Closed,Billing / Seat Dispute,Team Plan,Medium,In-App Chat,false,T2,false,177,11.5,24,false,Expected behaviour,AG-103,Lena Brandt,true,
CASE-71670,ACC-1133,Cinder Motors,Mid-Market,APAC,Standard,2025-04-01,,In Progress,How-To Question,Enterprise Programme,High,LMS Integration,true,T2,false,78,6.7,4,true,,AG-109,Zara Chen,true,
CASE-71671,ACC-1133,Cinder Motors,Mid-Market,APAC,Standard,2025-04-25,,In Progress,Billing / Seat Dispute,Enterprise Programme,Medium,Web Form,false,T1,false,234,14.3,24,false,,AG-113,Elena Moreno,true,
CASE-71672,ACC-1133,Cinder Motors,Mid-Market,APAC,Standard,2025-11-06,2025-11-07,Closed,Bug,Classroom Seat-Days,Medium,LMS Integration,false,T1,false,217,28,24,true,Content gap,AG-107,Jonas Ahmed,false,
CASE-71673,ACC-1133,Cinder Motors,Mid-Market,APAC,Standard,2025-12-30,2026-01-01,Closed,Onboarding / Org Setup,Enterprise Programme,Medium,Phone,false,T2,false,120,40.4,24,true,Practice org expired,AG-101,Sana Nair,false,3
CASE-71674,ACC-1133,Cinder Motors,Mid-Market,APAC,Standard,2025-09-29,2025-09-30,Closed,Onboarding / Org Setup,Academy Pro,Low,Web Form,false,T1,false,133,16.5,48,false,Learner misconfiguration,AG-117,Yuki Shaw,false,5
CASE-71675,ACC-1133,Cinder Motors,Mid-Market,APAC,Standard,2026-07-31,2026-07-31,Closed,How-To Question,Academy Pro,Medium,In-App Chat,true,T1,false,138,4.1,24,false,Learner misconfiguration,AG-116,Tom Nair,true,5
CASE-71676,ACC-1133,Cinder Motors,Mid-Market,APAC,Standard,2026-07-10,2026-07-10,Closed,Billing / Seat Dispute,Implementation Services,High,Web Form,false,T2,false,37,4.9,4,true,Learner misconfiguration,AG-115,Felix Kapoor,false,2
CASE-71677,ACC-1133,Cinder Motors,Mid-Market,APAC,Standard,2026-03-24,2026-03-25,Resolved - Monitoring,Onboarding / Org Setup,Implementation Services,Medium,Email,false,T1,false,207,27.3,24,true,Product defect,AG-107,Jonas Ahmed,false,
CASE-71678,ACC-1133,Cinder Motors,Mid-Market,APAC,Standard,2025-07-10,2025-07-15,Closed,Content Request,Classroom Seat-Days,Medium,Web Form,false,T2,false,175,113.8,24,true,Video / CDN failure,AG-115,Felix Kapoor,false,4
CASE-71679,ACC-1133,Cinder Motors,Mid-Market,APAC,Standard,2025-04-11,2025-04-12,Closed,How-To Question,Enterprise Programme,High,In-App Chat,true,T3,true,91,13.1,4,true,Learner misconfiguration,AG-110,Ana Fischer,false,3
CASE-71680,ACC-1134,Umbra Telecom,SMB,EMEA,Standard,2025-12-01,2025-12-02,Closed,Onboarding / Org Setup,Team Plan,Medium,Email,false,T2,false,224,22.8,24,false,Learner misconfiguration,AG-102,Kwame Lindqvist,false,5
CASE-71681,ACC-1134,Umbra Telecom,SMB,EMEA,Standard,2026-04-11,2026-04-16,Closed,Content Request,Certification Vouchers,High,In-App Chat,false,T2,false,113,115.7,4,true,Product defect,AG-103,Lena Brandt,false,5
CASE-71682,ACC-1134,Umbra Telecom,SMB,EMEA,Standard,2025-04-10,2025-04-10,Resolved - Monitoring,Bug,Classroom Seat-Days,Medium,In-App Chat,true,T2,false,171,0.2,24,false,SSO / identity,AG-108,Kwame Iyer,false,5
CASE-71683,ACC-1134,Umbra Telecom,SMB,EMEA,Standard,2026-06-25,2026-06-26,Closed,Bug,Enterprise Programme,Medium,Email,false,T2,false,184,33.7,24,true,Seat limit reached,AG-115,Felix Kapoor,false,
CASE-71684,ACC-1135,Cinder Telecom,Enterprise,EMEA,Business,2026-06-01,2026-06-02,Resolved - Monitoring,Onboarding / Org Setup,Classroom Seat-Days,Low,In-App Chat,false,T1,false,164,14.7,48,false,Voucher pool exhausted,AG-100,Omar Berg,false,
CASE-71685,ACC-1135,Cinder Telecom,Enterprise,EMEA,Business,2026-08-28,2026-08-28,Closed,How-To Question,Academy Pro,Low,Email,true,T2,false,159,8.6,48,false,Expected behaviour,AG-115,Felix Kapoor,false,
CASE-71686,ACC-1135,Cinder Telecom,Enterprise,EMEA,Business,2026-09-09,2026-09-09,Closed,How-To Question,Classroom Seat-Days,Medium,In-App Chat,false,T2,false,178,5,24,false,Voucher pool exhausted,AG-115,Felix Kapoor,false,
CASE-71687,ACC-1135,Cinder Telecom,Enterprise,EMEA,Business,2026-09-17,2026-09-19,Resolved - Monitoring,Bug,Classroom Seat-Days,Medium,Slack Connect,true,T3,false,208,45.3,24,true,Learner misconfiguration,AG-110,Ana Fischer,false,2
CASE-71688,ACC-1135,Cinder Telecom,Enterprise,EMEA,Business,2026-09-01,2026-09-03,Resolved - Monitoring,Onboarding / Org Setup,Team Plan,Medium,LMS Integration,true,T3,false,213,37.9,24,true,Learner misconfiguration,AG-110,Ana Fischer,false,
CASE-71689,ACC-1135,Cinder Telecom,Enterprise,EMEA,Business,2026-07-31,2026-08-02,Closed,Onboarding / Org Setup,Certification Vouchers,Medium,Web Form,false,T1,false,213,37,24,true,Practice org expired,AG-105,Clara Iyer,false,4
CASE-71690,ACC-1135,Cinder Telecom,Enterprise,EMEA,Business,2026-06-20,2026-06-21,Closed,Onboarding / Org Setup,Academy Pro,Low,Email,false,T2,false,143,12.1,48,false,Video / CDN failure,AG-109,Zara Chen,false,
CASE-71691,ACC-1135,Cinder Telecom,Enterprise,EMEA,Business,2026-08-19,2026-08-20,Closed,Billing / Seat Dispute,Implementation Services,High,Web Form,false,T1,false,109,12.3,4,true,Seat limit reached,AG-105,Clara Iyer,false,
CASE-71692,ACC-1135,Cinder Telecom,Enterprise,EMEA,Business,2026-04-30,2026-04-30,Closed,Platform Incident,Academy Pro,High,In-App Chat,false,T1,false,36,6.7,4,true,Learner misconfiguration,AG-100,Omar Berg,false,
CASE-71693,ACC-1135,Cinder Telecom,Enterprise,EMEA,Business,2026-05-25,2026-05-25,Resolved - Monitoring,How-To Question,Team Plan,High,Email,true,T1,false,49,5.2,4,true,Learner misconfiguration,AG-117,Yuki Shaw,false,
CASE-71694,ACC-1135,Cinder Telecom,Enterprise,EMEA,Business,2026-06-16,2026-06-16,Resolved - Monitoring,How-To Question,Classroom Seat-Days,Low,In-App Chat,true,T1,false,271,5.2,48,false,Learner misconfiguration,AG-116,Tom Nair,false,2
CASE-71695,ACC-1135,Cinder Telecom,Enterprise,EMEA,Business,2026-07-18,2026-07-20,Closed,Bug,Certification Vouchers,Low,Email,false,T1,false,204,39.8,48,false,SSO / identity,AG-113,Elena Moreno,false,
CASE-71696,ACC-1135,Cinder Telecom,Enterprise,EMEA,Business,2026-08-12,2026-08-13,Resolved - Monitoring,Billing / Seat Dispute,Certification Vouchers,Low,Email,false,T2,false,209,14.9,48,false,Content gap,AG-115,Felix Kapoor,false,
CASE-71697,ACC-1135,Cinder Telecom,Enterprise,EMEA,Business,2026-04-23,2026-04-23,Closed,Platform Incident,Classroom Seat-Days,High,In-App Chat,true,T3,false,74,7.9,4,true,SSO / identity,AG-110,Ana Fischer,false,3
CASE-71698,ACC-1135,Cinder Telecom,Enterprise,EMEA,Business,2026-06-21,2026-06-22,Closed,How-To Question,Certification Vouchers,Medium,In-App Chat,false,T1,true,173,12,24,false,SSO / identity,AG-106,Omar Kovac,false,5
CASE-71699,ACC-1135,Cinder Telecom,Enterprise,EMEA,Business,2026-04-25,2026-04-25,Closed,How-To Question,Classroom Seat-Days,Medium,In-App Chat,false,T2,false,138,7.4,24,false,Practice org expired,AG-109,Zara Chen,false,4
CASE-71700,ACC-1135,Cinder Telecom,Enterprise,EMEA,Business,2026-07-25,2026-07-25,Closed,How-To Question,Team Plan,Low,LMS Integration,true,T1,false,186,3.7,48,false,Content gap,AG-105,Clara Iyer,false,
CASE-71701,ACC-1135,Cinder Telecom,Enterprise,EMEA,Business,2026-08-22,2026-08-22,Closed,How-To Question,Enterprise Programme,Low,Email,false,T2,false,163,7.8,48,false,Seat limit reached,AG-112,Yuki Marino,false,5
CASE-71702,ACC-1135,Cinder Telecom,Enterprise,EMEA,Business,2026-08-18,2026-08-19,Closed,Billing / Seat Dispute,Implementation Services,Medium,In-App Chat,false,T2,false,169,27.3,24,true,Practice org expired,AG-102,Kwame Lindqvist,false,4
CASE-71703,ACC-1135,Cinder Telecom,Enterprise,EMEA,Business,2026-05-08,2026-05-09,Closed,Billing / Seat Dispute,Classroom Seat-Days,Medium,Phone,false,T3,false,199,36,24,true,Seat limit reached,AG-104,Jonas Diallo,false,
CASE-71704,ACC-1135,Cinder Telecom,Enterprise,EMEA,Business,2026-08-06,2026-08-08,Resolved - Monitoring,Bug,Classroom Seat-Days,Medium,In-App Chat,false,T1,false,214,44,24,true,Expected behaviour,AG-107,Jonas Ahmed,false,
CASE-71705,ACC-1135,Cinder Telecom,Enterprise,EMEA,Business,2026-06-21,2026-06-22,Closed,Onboarding / Org Setup,Team Plan,High,Web Form,false,T3,false,82,21.3,4,true,Expected behaviour,AG-110,Ana Fischer,false,2
CASE-71706,ACC-1135,Cinder Telecom,Enterprise,EMEA,Business,2026-06-19,2026-06-19,Closed,How-To Question,Enterprise Programme,High,Email,true,T1,false,48,5.5,4,true,Video / CDN failure,AG-100,Omar Berg,false,3
CASE-71707,ACC-1137,Pallas Health,Mid-Market,APAC,Standard,2025-11-15,2025-11-16,Closed,Bug,Classroom Seat-Days,Medium,Web Form,false,T2,false,258,24.9,24,true,Seat limit reached,AG-112,Yuki Marino,false,
CASE-71708,ACC-1137,Pallas Health,Mid-Market,APAC,Standard,2026-04-09,,In Progress,Security / SSO,Academy Pro,Medium,Email,false,T3,false,158,4.4,24,false,,AG-104,Jonas Diallo,false,
CASE-71709,ACC-1137,Pallas Health,Mid-Market,APAC,Standard,2026-01-07,2026-01-07,Closed,Platform Incident,Classroom Seat-Days,Critical,In-App Chat,false,T1,false,27,5.7,1,true,Practice org expired,AG-116,Tom Nair,false,2
CASE-71710,ACC-1137,Pallas Health,Mid-Market,APAC,Standard,2025-03-08,2025-03-09,Closed,Onboarding / Org Setup,Implementation Services,Medium,In-App Chat,false,T1,false,182,12.4,24,false,Voucher pool exhausted,AG-105,Clara Iyer,false,3
CASE-71711,ACC-1137,Pallas Health,Mid-Market,APAC,Standard,2026-01-24,2026-01-27,Resolved - Monitoring,Content Request,Certification Vouchers,Medium,Email,false,T2,false,101,65.4,24,true,Seat limit reached,AG-108,Kwame Iyer,false,1
CASE-71712,ACC-1137,Pallas Health,Mid-Market,APAC,Standard,2025-02-01,2025-02-03,Resolved - Monitoring,Onboarding / Org Setup,Classroom Seat-Days,Medium,Web Form,true,T1,false,138,37.4,24,true,Video / CDN failure,AG-116,Tom Nair,false,2
CASE-71713,ACC-1137,Pallas Health,Mid-Market,APAC,Standard,2025-06-02,2025-06-03,Closed,Bug,Team Plan,Low,In-App Chat,false,T1,false,185,15.5,48,false,Voucher pool exhausted,AG-100,Omar Berg,false,
CASE-71714,ACC-1137,Pallas Health,Mid-Market,APAC,Standard,2026-02-28,2026-02-28,Closed,How-To Question,Team Plan,Medium,Email,false,T3,false,168,3.3,24,false,Seat limit reached,AG-104,Jonas Diallo,false,
CASE-71715,ACC-1137,Pallas Health,Mid-Market,APAC,Standard,2025-03-16,,Waiting on Customer,Content Request,Classroom Seat-Days,Low,Phone,false,T2,false,138,79.5,48,true,,AG-115,Felix Kapoor,false,
CASE-71716,ACC-1137,Pallas Health,Mid-Market,APAC,Standard,2026-08-02,2026-08-02,Closed,How-To Question,Enterprise Programme,Low,In-App Chat,true,T1,false,222,4.4,48,false,SSO / identity,AG-113,Elena Moreno,false,4
CASE-71717,ACC-1137,Pallas Health,Mid-Market,APAC,Standard,2025-12-07,2025-12-08,Closed,Onboarding / Org Setup,Enterprise Programme,Medium,Web Form,false,T1,false,172,27.5,24,true,Practice org expired,AG-113,Elena Moreno,false,1
CASE-71718,ACC-1138,North Capital,Self-Serve,AMER,Community,2025-08-17,2025-08-18,Closed,How-To Question,Enterprise Programme,High,Email,false,T1,false,102,17.9,4,true,Voucher pool exhausted,AG-117,Yuki Shaw,true,2
CASE-71719,ACC-1138,North Capital,Self-Serve,AMER,Community,2026-04-28,,New,Bug,Certification Vouchers,Low,Email,false,T2,false,184,9.5,48,false,,AG-115,Felix Kapoor,true,
CASE-71720,ACC-1138,North Capital,Self-Serve,AMER,Community,2026-08-31,2026-08-31,Closed,How-To Question,Implementation Services,Medium,Web Form,false,T1,false,181,5.2,24,false,Video / CDN failure,AG-107,Jonas Ahmed,true,
CASE-71721,ACC-1138,North Capital,Self-Serve,AMER,Community,2026-07-31,2026-07-31,Closed,How-To Question,Classroom Seat-Days,High,Email,true,T2,false,35,12,4,true,Practice org expired,AG-102,Kwame Lindqvist,false,4
CASE-71722,ACC-1139,Meridian Pharma,Enterprise,AMER,Business,2025-05-25,2025-05-26,Resolved - Monitoring,Onboarding / Org Setup,Academy Pro,Medium,Web Form,false,T1,false,243,24.8,24,true,Learner misconfiguration,AG-113,Elena Moreno,false,3
CASE-71723,ACC-1139,Meridian Pharma,Enterprise,AMER,Business,2025-09-07,,In Progress,Platform Incident,Team Plan,Medium,Email,false,T2,false,125,9.9,24,false,,AG-103,Lena Brandt,false,
