LeadId,CreatedDate,CompanyName,Persona,Title,Country,Region,LeadSource,SourceCategory,CampaignId,CampaignName,FirstTouchChannel,LastTouchChannel,LeadScore,ScoreBand,SelfServeSignup,StartedFreeCourse,FreeLessonsCompletedPct,Status,MQLDate,SQLDate,ConvertedDate,IsMQL,IsSQL,IsConverted,DisqualifiedReason,DaysToFirstTouch,TouchCount,SDROwnerId,RoutedToAEId,ConvertedAccountId,ConvertedOpportunityId
LEAD-10000,2026-04-17,Tundra Motors,Procurement / Finance,Head of Vendor Management,Canada,AMER,Paid Search,Product,CMP-002,Reports-to-CRMA Migration — AMER 2025-08,Paid Search,Paid Search,97,A,true,false,72,Disqualified,,,,false,false,false,Wrong geo,,0,,,,
LEAD-10001,2025-10-13,Meridian Digital,Individual Learner,Business Analyst,Sweden,EMEA,Webinar,Inbound Marketing,CMP-033,Admin to Analyst Path — EMEA 2026-07,Webinar,Webinar,57,B,false,false,0,Disqualified,,,,false,false,false,Student — free course only,0,11,U-025,,,
LEAD-10002,2026-06-14,Juniper Retail,Individual Learner,Business Analyst,Indonesia,APAC,Organic Search,Inbound Marketing,CMP-011,Admin to Analyst Path — LATAM 2025-04,Organic Search,Webinar,64,B,false,false,0,Disqualified,,,,false,false,false,Wrong geo,1,2,U-017,,,
LEAD-10003,2025-11-25,Orbital Health,Salesforce Admin,Platform Owner,Singapore,APAC,Conference,Inbound Marketing,CMP-035,Dashboard Makeover Challenge — EMEA 2026-05,Conference,Conference,58,B,false,false,0,Working,,,,false,false,false,,4,8,U-020,,,
LEAD-10004,2025-08-15,Harbor Group,L&D / Enablement Manager,L&D Manager,United States,AMER,AI Assistant Referral,Inbound Marketing,CMP-019,Reports-to-CRMA Migration — APAC 2026-02,AI Assistant Referral,AI Assistant Referral,69,B,false,false,0,MQL,2025-08-18,,,true,false,false,,2,5,U-022,,,
LEAD-10005,2026-07-01,Juniper Capital,Individual Learner,Career Switcher,UAE,EMEA,Free Course,Product,CMP-028,Certification Season — AMER 2025-11,Free Course,AI Assistant Referral,39,C,true,true,17,Converted,2026-07-12,2026-07-18,2026-08-19,true,true,true,,,2,,U-001,ACC-1066,OPP-20001
LEAD-10006,2025-11-02,Juniper Consulting,Analytics Lead,Director of Sales Operations,Spain,EMEA,Salesforce Community,Product,CMP-030,SAQL Masterclass — AMER 2025-08,Salesforce Community,Salesforce Community,68,B,true,true,87,MQL,2025-11-06,,,true,false,false,,,2,,,,
LEAD-10007,2025-09-22,Beacon Health,Individual Learner,Data Analyst,United States,AMER,Paid Social,Inbound Marketing,CMP-010,Certification Season — LATAM 2025-06,Paid Social,Paid Social,32,C,false,true,0,Disqualified,,,,false,false,false,Free course is enough,5,7,U-018,,,
LEAD-10008,2025-09-27,Pallas Energy,L&D / Enablement Manager,L&D Manager,United States,AMER,Free Course,Product,CMP-027,Q3 Pipeline Push — APAC 2025-05,Free Course,Organic Search,66,B,true,true,88,Disqualified,,,,false,false,false,Competitor,,0,,,,
LEAD-10009,2025-04-07,Quanta Media,Individual Learner,Data Analyst,Indonesia,APAC,Outbound Sequence,Outbound,CMP-041,Reports-to-CRMA Migration — AMER 2025-04,Outbound Sequence,Outbound Sequence,21,D,false,false,0,Disqualified,,,,false,false,false,Student — free course only,2,7,U-020,,,
LEAD-10010,2026-09-15,Quanta Logistics,Salesforce Admin,CRM Manager,Brazil,AMER,Conference,Product,CMP-035,Dashboard Makeover Challenge — EMEA 2026-05,Conference,Conference,65,B,true,false,82,MQL,2026-10-02,,,true,false,false,,,2,,,,
LEAD-10011,2026-01-24,Quanta Insurance,Individual Learner,Data Analyst,UAE,EMEA,Paid Social,Product,CMP-010,Certification Season — LATAM 2025-06,Paid Social,Paid Social,42,C,true,false,29,Disqualified,,,,false,false,false,Competitor,,2,,,,
LEAD-10012,2025-05-25,Sable Group,Analytics Lead,RevOps Manager,UAE,EMEA,Paid Search,Product,CMP-002,Reports-to-CRMA Migration — AMER 2025-08,Paid Search,Paid Search,79,A,true,true,19,Nurture,2025-06-10,,,true,false,false,,,0,,,,
LEAD-10013,2026-04-24,Harbor Retail,Salesforce Admin,CRM Manager,Germany,EMEA,Outbound Sequence,Outbound,CMP-037,Team Upskilling Offer — EMEA 2025-04,Outbound Sequence,Outbound Sequence,64,B,false,false,0,SQL,2026-05-13,2026-05-24,,true,true,false,,4,4,U-021,U-008,,
LEAD-10014,2025-07-12,Juniper Retail,Analytics Lead,Director of Sales Operations,UAE,EMEA,Free Course,Product,CMP-028,Certification Season — AMER 2025-11,Free Course,Customer Referral,78,A,true,true,43,New,,,,false,false,false,,,1,,,,
LEAD-10015,2025-12-10,Harbor Motors,Analytics Lead,BI Lead,Japan,APAC,Salesforce Community,Product,CMP-031,Admin to Analyst Path — EMEA 2026-07,Salesforce Community,Salesforce Community,76,A,true,true,48,New,,,,false,false,false,,,2,,,,
LEAD-10016,2025-06-20,Solstice Bank,Individual Learner,Junior Consultant,Indonesia,APAC,Conference,Inbound Marketing,CMP-036,Einstein Discovery Workshop — AMER 2026-04,Conference,Conference,28,D,false,false,0,Disqualified,,,,false,false,false,Duplicate,2,9,U-026,,,
LEAD-10017,2026-02-27,North Logistics,Analytics Lead,Director of Sales Operations,Singapore,APAC,Organic Search,Product,CMP-012,AI Search Visibility — AMER 2026-07,Organic Search,Organic Search,76,A,true,true,75,New,,,,false,false,false,,,1,,,,
LEAD-10018,2025-07-31,Zephyr Insurance,Individual Learner,Business Analyst,Canada,AMER,Outbound Sequence,Outbound,CMP-037,Team Upskilling Offer — EMEA 2025-04,Outbound Sequence,Outbound Sequence,32,C,false,false,0,Disqualified,,,,false,false,false,Student — free course only,0,11,U-025,,,
LEAD-10019,2026-06-14,Solstice Group,Salesforce Admin,Senior Salesforce Admin,Brazil,AMER,Paid Search,Inbound Marketing,CMP-003,Free Course Launch — EMEA 2025-12,Paid Search,Free Course,69,B,false,false,0,Converted,2026-06-17,2026-06-26,2026-07-28,true,true,true,,2,8,U-022,U-003,ACC-1108,OPP-20002
LEAD-10020,2025-05-03,Meridian Systems,L&D / Enablement Manager,People Development Lead,Brazil,AMER,Paid Search,Inbound Marketing,CMP-003,Free Course Launch — EMEA 2025-12,Paid Search,Outbound Sequence,71,A,false,false,0,Converted,2025-05-20,2025-05-26,2025-06-26,true,true,true,,1,7,U-015,U-002,ACC-1038,OPP-20003
LEAD-10021,2026-03-10,Foundry Health,Individual Learner,Business Analyst,Canada,AMER,Paid Social,Product,CMP-010,Certification Season — LATAM 2025-06,Paid Social,Paid Social,38,C,true,false,27,New,,,,false,false,false,,,0,,,,
LEAD-10022,2025-10-18,Rivet Capital,Analytics Lead,Head of Analytics,Mexico,AMER,Paid Search,Inbound Marketing,CMP-006,AI Search Visibility — AMER 2026-02,Paid Search,Organic Search,65,B,false,false,0,MQL,2025-11-08,,,true,false,false,,3,9,U-018,,,
LEAD-10023,2026-05-29,Solstice Capital,Individual Learner,Business Analyst,Canada,AMER,Outbound Sequence,Outbound,CMP-037,Team Upskilling Offer — EMEA 2025-04,Outbound Sequence,Outbound Sequence,54,B,false,false,0,Converted,2026-06-17,2026-07-10,2026-07-27,true,true,true,,4,9,U-021,U-008,ACC-1110,OPP-20004
LEAD-10024,2026-03-05,Rivet Consulting,Analytics Lead,Director of Sales Operations,Mexico,AMER,Paid Search,Inbound Marketing,CMP-004,Q3 Pipeline Push — AMER 2025-11,Paid Search,Paid Search,65,B,false,false,0,Disqualified,,,,false,false,false,Wrong geo,4,10,U-025,,,
LEAD-10025,2026-01-11,Vertex Bank,Individual Learner,Junior Consultant,Canada,AMER,Free Course,Inbound Marketing,CMP-024,Team Upskilling Offer — AMER 2025-05,Free Course,AI Assistant Referral,61,B,false,true,0,Converted,2026-01-12,2026-01-28,2026-02-12,true,true,true,,3,2,U-017,U-011,ACC-1062,OPP-20005
LEAD-10026,2025-10-19,Wexler Retail,L&D / Enablement Manager,Training Director,Australia,APAC,SI Partner Referral,Partner / Referral,CMP-044,Reports-to-CRMA Migration — AMER 2025-06,SI Partner Referral,SI Partner Referral,78,A,false,false,0,Nurture,2025-10-23,,,true,false,false,,1,10,U-017,,,
LEAD-10027,2026-03-24,Tundra Bank,Salesforce Admin,Salesforce Administrator,Brazil,AMER,Salesforce Community,Inbound Marketing,CMP-030,SAQL Masterclass — AMER 2025-08,Salesforce Community,Webinar,56,B,false,false,0,Converted,2026-04-05,2026-04-22,2026-05-02,true,true,true,,2,9,U-026,U-011,ACC-1079,OPP-20006
LEAD-10028,2026-07-31,Sable Digital,Procurement / Finance,Procurement Manager,Mexico,AMER,Salesforce Community,Product,CMP-031,Admin to Analyst Path — EMEA 2026-07,Salesforce Community,Salesforce Community,87,A,true,false,43,Converted,2026-08-02,2026-08-13,2026-09-13,true,true,true,,,2,,U-004,ACC-1044,OPP-20007
LEAD-10029,2025-12-06,Cobalt Media,Analytics Lead,RevOps Manager,Sweden,EMEA,Organic Search,Inbound Marketing,CMP-016,Dashboard Makeover Challenge — AMER 2026-04,Organic Search,Organic Search,63,B,false,false,0,Working,,,,false,false,false,,4,6,U-019,,,
LEAD-10030,2025-09-09,Meridian Media,Procurement / Finance,Finance Director,Brazil,AMER,SI Partner Referral,Partner / Referral,CMP-044,Reports-to-CRMA Migration — AMER 2025-06,SI Partner Referral,SI Partner Referral,99,A,false,false,0,Disqualified,,,,false,false,false,Competitor,3,3,U-026,,,
LEAD-10031,2025-10-20,Tundra Group,Individual Learner,Data Analyst,Sweden,EMEA,Salesforce Community,Inbound Marketing,CMP-029,Classroom Batch Push — EMEA 2025-11,Salesforce Community,Organic Search,57,B,false,true,0,Converted,2025-10-24,2025-10-28,2025-11-26,true,true,true,,3,8,U-025,U-014,ACC-1001,OPP-20008
LEAD-10032,2025-08-20,Foundry Bank,Salesforce Admin,Senior Salesforce Admin,Canada,AMER,Paid Search,Inbound Marketing,CMP-002,Reports-to-CRMA Migration — AMER 2025-08,Paid Search,Paid Search,58,B,false,false,0,Disqualified,,,,false,false,false,Went silent,0,10,U-015,,,
LEAD-10033,2025-09-04,North Consulting,L&D / Enablement Manager,People Development Lead,Brazil,AMER,Outbound Sequence,Outbound,CMP-040,AI Search Visibility — AMER 2026-05,Outbound Sequence,Outbound Sequence,52,B,false,false,0,Working,,,,false,false,false,,1,6,U-023,,,
LEAD-10034,2026-05-18,Dovetail Group,Individual Learner,Data Analyst,UAE,EMEA,SI Partner Referral,Partner / Referral,CMP-042,Certification Season — AMER 2025-04,SI Partner Referral,SI Partner Referral,60,B,false,false,0,Nurture,2026-05-30,,,true,false,false,,3,4,U-019,,,
LEAD-10035,2026-07-03,Cinder Telecom,Individual Learner,Business Analyst,United States,AMER,Conference,Inbound Marketing,CMP-035,Dashboard Makeover Challenge — EMEA 2026-05,Conference,Conference,42,C,false,false,0,Disqualified,,,,false,false,false,No budget,3,3,U-026,,,
LEAD-10036,2026-01-30,Lumen Systems,Procurement / Finance,Head of Vendor Management,Brazil,AMER,Conference,Inbound Marketing,CMP-036,Einstein Discovery Workshop — AMER 2026-04,Conference,Conference,60,B,false,false,0,SQL,2026-02-02,2026-02-20,,true,true,false,,3,5,U-021,U-004,,
LEAD-10037,2026-01-05,Juniper Digital,Individual Learner,Career Switcher,United Kingdom,EMEA,Outbound Sequence,Outbound,CMP-038,Certification Season — AMER 2025-04,Outbound Sequence,Free Course,41,C,false,false,0,Nurture,2026-01-14,,,true,false,false,,3,4,U-024,,,
LEAD-10038,2025-08-29,Aster Retail,Salesforce Admin,Salesforce Administrator,Mexico,AMER,Organic Search,Inbound Marketing,CMP-016,Dashboard Makeover Challenge — AMER 2026-04,Organic Search,Conference,67,B,false,false,0,Nurture,2025-09-17,,,true,false,false,,2,3,U-026,,,
LEAD-10039,2026-03-26,Solstice Telecom,Individual Learner,Business Analyst,Australia,APAC,AI Assistant Referral,Inbound Marketing,CMP-019,Reports-to-CRMA Migration — APAC 2026-02,AI Assistant Referral,Webinar,72,A,false,false,0,Nurture,2026-04-09,,,true,false,false,,1,3,U-017,,,
LEAD-10040,2025-06-18,Sable Retail,Procurement / Finance,CFO,Singapore,APAC,Paid Search,Product,CMP-006,AI Search Visibility — AMER 2026-02,Paid Search,Paid Search,100,A,true,false,80,SQL,2025-06-18,2025-06-25,,true,true,false,,,1,,U-006,,
LEAD-10041,2026-07-18,Aster Consulting,Individual Learner,Junior Consultant,Brazil,AMER,Free Course,Product,CMP-028,Certification Season — AMER 2025-11,Free Course,Free Course,74,A,true,false,62,MQL,2026-07-25,,,true,false,false,,,1,,,,
LEAD-10042,2025-09-10,Cinder Capital,Individual Learner,Business Analyst,Mexico,AMER,Organic Search,Inbound Marketing,CMP-016,Dashboard Makeover Challenge — AMER 2026-04,Organic Search,Free Course,77,A,false,false,0,New,,,,false,false,false,,2,6,U-015,,,
LEAD-10043,2025-10-09,Dovetail Group,Individual Learner,Career Switcher,United States,AMER,Webinar,Product,CMP-034,Salesforce Event Follow-up — EMEA 2026-03,Webinar,Webinar,38,C,true,true,87,SQL,2025-10-24,2025-11-10,,true,true,false,,,0,,U-003,,
LEAD-10044,2025-07-04,Aster Health,Analytics Lead,BI Lead,Spain,EMEA,Outbound Sequence,Outbound,CMP-039,Reports-to-CRMA Migration — EMEA 2026-02,Outbound Sequence,Customer Referral,52,B,false,false,0,Nurture,2025-07-08,,,true,false,false,,1,1,U-016,,,
LEAD-10045,2026-08-29,Aster Retail,L&D / Enablement Manager,Training Director,Indonesia,APAC,Paid Social,Inbound Marketing,CMP-007,Admin to Analyst Path — EMEA 2025-05,Paid Social,Paid Social,52,B,false,false,0,New,,,,false,false,false,,3,8,U-025,,,
LEAD-10046,2026-02-18,Vertex Health,Individual Learner,Career Switcher,Germany,EMEA,Salesforce Community,Inbound Marketing,CMP-031,Admin to Analyst Path — EMEA 2026-07,Salesforce Community,Salesforce Community,44,C,false,true,0,SQL,2026-02-27,2026-03-09,,true,true,false,,1,1,U-023,U-009,,
LEAD-10047,2026-04-16,Wexler Media,Individual Learner,Junior Consultant,Mexico,AMER,Webinar,Inbound Marketing,CMP-034,Salesforce Event Follow-up — EMEA 2026-03,Webinar,Paid Search,30,C,false,false,0,Disqualified,,,,false,false,false,No Salesforce org,3,1,U-027,,,
LEAD-10048,2026-04-15,Ember Group,Analytics Lead,BI Lead,Singapore,APAC,AI Assistant Referral,Product,CMP-021,SAQL Masterclass — LATAM 2025-09,AI Assistant Referral,Paid Search,79,A,true,true,34,New,,,,false,false,false,,,2,,,,
LEAD-10049,2026-02-06,Zephyr Motors,L&D / Enablement Manager,L&D Manager,Canada,AMER,Free Course,Product,CMP-026,Reports-to-CRMA Migration — AMER 2025-08,Free Course,Free Course,85,A,true,true,23,Converted,2026-02-17,2026-03-01,2026-03-25,true,true,true,,,1,,U-009,ACC-1016,OPP-20009
LEAD-10050,2025-04-13,Pallas Foods,Salesforce Admin,CRM Manager,Netherlands,EMEA,AI Assistant Referral,Product,CMP-021,SAQL Masterclass — LATAM 2025-09,AI Assistant Referral,AI Assistant Referral,79,A,true,false,83,Converted,2025-04-29,2025-05-20,2025-06-20,true,true,true,,,1,,U-014,ACC-1010,OPP-20010
LEAD-10051,2026-01-05,Onyx Retail,L&D / Enablement Manager,Head of Enablement,Brazil,AMER,AI Assistant Referral,Product,CMP-022,Dashboard Makeover Challenge — AMER 2025-10,AI Assistant Referral,Paid Search,94,A,true,false,12,Disqualified,,,,false,false,false,No Salesforce org,,1,,,,
LEAD-10052,2025-11-26,Vantage Media,Salesforce Admin,CRM Manager,Mexico,AMER,Outbound Sequence,Outbound,CMP-041,Reports-to-CRMA Migration — AMER 2025-04,Outbound Sequence,Outbound Sequence,26,D,false,false,0,Disqualified,,,,false,false,false,Went silent,5,1,U-020,,,
LEAD-10053,2025-12-19,Beacon Energy,Individual Learner,Junior Consultant,France,EMEA,Paid Search,Inbound Marketing,CMP-001,Salesforce Event Follow-up — AMER 2026-02,Paid Search,Paid Search,38,C,false,false,0,Converted,2026-01-03,2026-01-20,2026-02-04,true,true,true,,3,9,U-023,U-006,ACC-1097,OPP-20011
LEAD-10054,2026-06-20,Dovetail Partners,Procurement / Finance,Finance Director,Brazil,AMER,AI Assistant Referral,Product,CMP-022,Dashboard Makeover Challenge — AMER 2025-10,AI Assistant Referral,Outbound Sequence,94,A,true,false,100,Converted,2026-06-24,2026-07-19,2026-08-05,true,true,true,,,1,,U-002,ACC-1088,OPP-20012
LEAD-10055,2025-04-12,Orbital Pharma,Salesforce Admin,Salesforce Administrator,India,APAC,Free Course,Inbound Marketing,CMP-023,Dashboard Makeover Challenge — AMER 2025-06,Free Course,Free Course,71,A,false,false,0,SQL,2025-04-20,2025-04-30,,true,true,false,,2,8,U-016,U-014,,
LEAD-10056,2025-12-31,Onyx Capital,Individual Learner,Data Analyst,Germany,EMEA,Webinar,Inbound Marketing,CMP-032,Salesforce Event Follow-up — AMER 2025-12,Webinar,Webinar,57,B,false,false,0,MQL,2026-01-15,,,true,false,false,,1,8,U-023,,,
LEAD-10057,2026-04-03,Cinder Group,Salesforce Admin,Salesforce Administrator,United Kingdom,EMEA,Salesforce Community,Product,CMP-031,Admin to Analyst Path — EMEA 2026-07,Salesforce Community,Salesforce Community,58,B,true,false,14,Disqualified,,,,false,false,false,Wrong geo,,2,,,,
LEAD-10058,2025-05-29,Lattice Digital,Salesforce Admin,Platform Owner,Canada,AMER,Paid Social,Product,CMP-010,Certification Season — LATAM 2025-06,Paid Social,Paid Social,53,B,true,true,68,Converted,2025-06-17,2025-07-07,2025-08-02,true,true,true,,,2,,U-012,ACC-1000,OPP-20013
LEAD-10059,2026-09-12,Foundry Group,L&D / Enablement Manager,Training Director,Sweden,EMEA,Paid Search,Inbound Marketing,CMP-005,Certification Season — AMER 2025-12,Paid Search,Paid Search,74,A,false,true,0,Converted,2026-09-21,2026-09-22,2026-10-01,true,true,true,,1,4,U-022,U-013,ACC-1055,OPP-20014
LEAD-10060,2026-02-27,Wexler Foods,Individual Learner,Career Switcher,France,EMEA,Organic Search,Inbound Marketing,CMP-013,Team Upskilling Offer — LATAM 2026-01,Organic Search,SI Partner Referral,50,B,false,false,0,MQL,2026-03-17,,,true,false,false,,4,6,U-019,,,
LEAD-10061,2026-02-06,Juniper Capital,Analytics Lead,Director of Sales Operations,United States,AMER,Free Course,Inbound Marketing,CMP-026,Reports-to-CRMA Migration — AMER 2025-08,Free Course,Free Course,76,A,false,false,0,SQL,2026-02-18,2026-03-05,,true,true,false,,3,6,U-023,U-006,,
LEAD-10062,2026-05-04,Meridian Energy,Analytics Lead,Head of Analytics,France,EMEA,Conference,Inbound Marketing,CMP-036,Einstein Discovery Workshop — AMER 2026-04,Conference,Conference,56,B,false,false,0,SQL,2026-05-21,2026-05-23,,true,true,false,,2,4,U-025,U-003,,
LEAD-10063,2025-05-05,Orbital Partners,Salesforce Admin,Senior Salesforce Admin,Canada,AMER,Organic Search,Inbound Marketing,CMP-016,Dashboard Makeover Challenge — AMER 2026-04,Organic Search,Organic Search,59,B,false,false,0,Converted,2025-05-19,2025-06-06,2025-06-22,true,true,true,,0,3,U-023,U-006,ACC-1107,OPP-20015
LEAD-10064,2025-09-18,Sable Partners,Analytics Lead,Director of Sales Operations,Brazil,AMER,Paid Search,Product,CMP-001,Salesforce Event Follow-up — AMER 2026-02,Paid Search,Paid Search,88,A,true,true,69,SQL,2025-10-04,2025-10-05,,true,true,false,,,1,,U-010,,
LEAD-10065,2025-12-13,Vertex Health,Analytics Lead,Director of Sales Operations,United States,AMER,Paid Search,Inbound Marketing,CMP-004,Q3 Pipeline Push — AMER 2025-11,Paid Search,Paid Search,74,A,false,false,0,SQL,2025-12-16,2025-12-22,,true,true,false,,1,10,U-019,U-002,,
LEAD-10066,2025-10-02,Meridian Pharma,Salesforce Admin,Salesforce Administrator,Mexico,AMER,Paid Social,Product,CMP-008,Admin to Analyst Path — EMEA 2026-02,Paid Social,Salesforce Community,56,B,true,true,72,SQL,2025-10-05,2025-10-14,,true,true,false,,,1,,U-012,,
LEAD-10067,2025-10-18,Lumen Telecom,Analytics Lead,Head of Analytics,Canada,AMER,SI Partner Referral,Partner / Referral,CMP-043,SAQL Masterclass — APAC 2026-01,SI Partner Referral,SI Partner Referral,59,B,false,false,0,Disqualified,,,,false,false,false,No budget,2,3,U-021,,,
LEAD-10068,2025-08-03,Dovetail Telecom,Individual Learner,Junior Consultant,Brazil,AMER,SI Partner Referral,Partner / Referral,CMP-044,Reports-to-CRMA Migration — AMER 2025-06,SI Partner Referral,SI Partner Referral,51,B,false,false,0,MQL,2025-08-16,,,true,false,false,,3,7,U-019,,,
LEAD-10069,2025-07-29,Orbital Capital,Individual Learner,Career Switcher,France,EMEA,Webinar,Inbound Marketing,CMP-033,Admin to Analyst Path — EMEA 2026-07,Webinar,Webinar,32,C,false,false,0,New,,,,false,false,false,,2,1,U-027,,,
LEAD-10070,2026-06-07,Orbital Pharma,Individual Learner,Junior Consultant,Canada,AMER,Webinar,Inbound Marketing,CMP-032,Salesforce Event Follow-up — AMER 2025-12,Webinar,Webinar,65,B,false,false,0,Disqualified,,,,false,false,false,Wrong geo,2,4,U-020,,,
LEAD-10071,2025-10-12,Quanta Capital,Salesforce Admin,Senior Salesforce Admin,Brazil,AMER,Organic Search,Inbound Marketing,CMP-014,Einstein Discovery Workshop — APAC 2025-09,Organic Search,Organic Search,61,B,false,false,0,Converted,2025-10-28,2025-11-04,2025-11-26,true,true,true,,3,3,U-024,U-008,ACC-1137,OPP-20016
LEAD-10072,2025-07-04,Cobalt Bank,Salesforce Admin,Salesforce Administrator,Netherlands,EMEA,SI Partner Referral,Partner / Referral,CMP-043,SAQL Masterclass — APAC 2026-01,SI Partner Referral,SI Partner Referral,70,A,false,false,0,Disqualified,,,,false,false,false,Competitor,2,2,U-016,,,
LEAD-10073,2025-11-06,Rivet Media,L&D / Enablement Manager,People Development Lead,Canada,AMER,Paid Social,Product,CMP-007,Admin to Analyst Path — EMEA 2025-05,Paid Social,Paid Social,89,A,true,true,73,Converted,2025-11-16,2025-12-11,2026-01-01,true,true,true,,,1,,U-012,ACC-1014,OPP-20017
LEAD-10074,2025-04-18,Harbor Care,Procurement / Finance,Finance Director,India,APAC,SI Partner Referral,Partner / Referral,CMP-043,SAQL Masterclass — APAC 2026-01,SI Partner Referral,Organic Search,59,B,false,true,0,Converted,2025-04-20,2025-05-03,2025-06-01,true,true,true,,1,4,U-015,U-014,ACC-1110,OPP-20018
LEAD-10075,2026-01-16,Vantage Media,Individual Learner,Career Switcher,Spain,EMEA,AI Assistant Referral,Inbound Marketing,CMP-021,SAQL Masterclass — LATAM 2025-09,AI Assistant Referral,Organic Search,41,C,false,false,0,Disqualified,,,,false,false,false,Competitor,3,5,U-027,,,
LEAD-10076,2025-10-08,Zephyr Pharma,Analytics Lead,Head of Analytics,Netherlands,EMEA,Organic Search,Inbound Marketing,CMP-017,SAQL Masterclass — AMER 2026-05,Organic Search,Organic Search,72,A,false,true,0,SQL,2025-10-09,2025-10-16,,true,true,false,,3,9,U-017,U-014,,
LEAD-10077,2026-06-30,Cinder Technologies,Analytics Lead,Head of Analytics,India,APAC,Paid Search,Inbound Marketing,CMP-002,Reports-to-CRMA Migration — AMER 2025-08,Paid Search,Paid Search,85,A,false,false,0,Disqualified,,,,false,false,false,Went silent,3,3,U-025,,,
LEAD-10078,2026-07-09,Umbra Insurance,Individual Learner,Business Analyst,Mexico,AMER,Organic Search,Inbound Marketing,CMP-015,Reports-to-CRMA Migration — AMER 2025-11,Organic Search,Organic Search,47,C,false,false,0,Working,,,,false,false,false,,1,7,U-026,,,
LEAD-10079,2026-09-07,Halcyon Motors,Salesforce Admin,Senior Salesforce Admin,Netherlands,EMEA,AI Assistant Referral,Inbound Marketing,CMP-022,Dashboard Makeover Challenge — AMER 2025-10,AI Assistant Referral,AI Assistant Referral,70,A,false,false,0,SQL,2026-09-26,2026-10-13,,true,true,false,,0,4,U-015,U-014,,
LEAD-10080,2025-04-29,Harbor Works,Individual Learner,Junior Consultant,Mexico,AMER,Outbound Sequence,Outbound,CMP-037,Team Upskilling Offer — EMEA 2025-04,Outbound Sequence,SI Partner Referral,39,C,false,false,0,Disqualified,,,,false,false,false,Duplicate,0,8,U-027,,,
LEAD-10081,2026-02-14,Vertex Works,Salesforce Admin,Platform Owner,Sweden,EMEA,Organic Search,Product,CMP-015,Reports-to-CRMA Migration — AMER 2025-11,Organic Search,Organic Search,72,A,true,true,36,MQL,2026-02-25,,,true,false,false,,,1,,,,
LEAD-10082,2026-03-02,Cinder Capital,Salesforce Admin,CRM Manager,United States,AMER,SI Partner Referral,Partner / Referral,CMP-043,SAQL Masterclass — APAC 2026-01,SI Partner Referral,SI Partner Referral,80,A,false,false,0,Converted,2026-03-23,2026-03-28,2026-04-21,true,true,true,,1,8,U-018,U-008,ACC-1095,OPP-20019
LEAD-10083,2025-08-28,Harbor Works,Individual Learner,Business Analyst,Japan,APAC,Outbound Sequence,Outbound,CMP-039,Reports-to-CRMA Migration — EMEA 2026-02,Outbound Sequence,Outbound Sequence,27,D,false,false,0,New,,,,false,false,false,,2,5,U-025,,,
LEAD-10084,2025-09-11,Orbital Logistics,Salesforce Admin,CRM Manager,Argentina,LATAM,Paid Search,Inbound Marketing,CMP-006,AI Search Visibility — AMER 2026-02,Paid Search,Conference,44,C,false,true,0,MQL,2025-09-26,,,true,false,false,,1,2,U-027,,,
LEAD-10085,2025-11-28,Pallas Capital,Procurement / Finance,Procurement Manager,UAE,EMEA,Paid Search,Inbound Marketing,CMP-003,Free Course Launch — EMEA 2025-12,Paid Search,Paid Search,86,A,false,false,0,Converted,2025-11-28,2025-12-22,2025-12-30,true,true,true,,4,7,U-023,U-009,ACC-1100,OPP-20020
LEAD-10086,2025-11-25,Halcyon Systems,Individual Learner,Junior Consultant,Mexico,AMER,Paid Search,Inbound Marketing,CMP-002,Reports-to-CRMA Migration — AMER 2025-08,Paid Search,Free Course,28,D,false,false,0,Disqualified,,,,false,false,false,Student — free course only,3,5,U-026,,,
LEAD-10087,2026-06-21,Wexler Digital,Salesforce Admin,CRM Manager,United States,AMER,Free Course,Product,CMP-025,Certification Season — EMEA 2025-09,Free Course,Free Course,56,B,true,false,83,SQL,2026-06-21,2026-07-10,,true,true,false,,,0,,U-005,,
LEAD-10088,2026-08-03,Juniper Care,Individual Learner,Business Analyst,UAE,EMEA,Free Course,Product,CMP-028,Certification Season — AMER 2025-11,Free Course,Free Course,51,B,true,true,12,MQL,2026-08-24,,,true,false,false,,,2,,,,
LEAD-10089,2025-10-06,Ember Media,Analytics Lead,BI Lead,Brazil,AMER,Salesforce Community,Inbound Marketing,CMP-031,Admin to Analyst Path — EMEA 2026-07,Salesforce Community,Organic Search,68,B,false,false,0,Working,,,,false,false,false,,3,8,U-017,,,
LEAD-10090,2025-07-25,Solstice Telecom,L&D / Enablement Manager,L&D Manager,UAE,EMEA,Organic Search,Product,CMP-018,Free Course Launch — AMER 2025-11,Organic Search,SI Partner Referral,100,A,true,false,71,Nurture,2025-08-12,,,true,false,false,,,1,,,,
LEAD-10091,2026-08-18,Umbra Logistics,Analytics Lead,Director of Sales Operations,Mexico,AMER,Free Course,Product,CMP-023,Dashboard Makeover Challenge — AMER 2025-06,Free Course,Free Course,95,A,true,true,24,MQL,2026-08-30,,,true,false,false,,,0,,,,
LEAD-10092,2025-04-04,Pallas Systems,Procurement / Finance,CFO,Indonesia,APAC,Salesforce Community,Product,CMP-029,Classroom Batch Push — EMEA 2025-11,Salesforce Community,Salesforce Community,82,A,true,false,64,Converted,2025-04-05,2025-04-18,2025-05-10,true,true,true,,,2,,U-009,ACC-1033,OPP-20021
LEAD-10093,2026-06-25,Halcyon Technologies,Salesforce Admin,CRM Manager,Sweden,EMEA,Organic Search,Inbound Marketing,CMP-013,Team Upskilling Offer — LATAM 2026-01,Organic Search,Organic Search,71,A,false,false,0,MQL,2026-07-08,,,true,false,false,,1,7,U-017,,,
LEAD-10094,2025-08-18,Tundra Telecom,Analytics Lead,Head of Analytics,Netherlands,EMEA,Salesforce Community,Inbound Marketing,CMP-031,Admin to Analyst Path — EMEA 2026-07,Salesforce Community,Customer Referral,57,B,false,true,0,Disqualified,,,,false,false,false,No Salesforce org,2,4,U-016,,,
LEAD-10095,2026-05-25,Solstice Group,Individual Learner,Business Analyst,France,EMEA,Salesforce Community,Product,CMP-029,Classroom Batch Push — EMEA 2025-11,Salesforce Community,Salesforce Community,31,C,true,false,54,Disqualified,,,,false,false,false,Duplicate,,0,,,,
LEAD-10096,2026-03-08,Umbra Works,Salesforce Admin,Senior Salesforce Admin,United States,AMER,Paid Search,Inbound Marketing,CMP-003,Free Course Launch — EMEA 2025-12,Paid Search,Paid Search,78,A,false,false,0,MQL,2026-03-21,,,true,false,false,,1,7,U-022,,,
LEAD-10097,2025-07-12,Cobalt Works,Individual Learner,Business Analyst,Brazil,AMER,Paid Search,Product,CMP-006,AI Search Visibility — AMER 2026-02,Paid Search,AI Assistant Referral,64,B,true,false,66,Disqualified,,,,false,false,false,Student — free course only,,1,,,,
LEAD-10098,2025-11-01,Harbor Insurance,Individual Learner,Business Analyst,India,APAC,Webinar,Inbound Marketing,CMP-033,Admin to Analyst Path — EMEA 2026-07,Webinar,Paid Social,31,C,false,false,0,Working,,,,false,false,false,,3,6,U-018,,,
LEAD-10099,2026-02-06,Solstice Pharma,Individual Learner,Junior Consultant,Singapore,APAC,AI Assistant Referral,Product,CMP-021,SAQL Masterclass — LATAM 2025-09,AI Assistant Referral,AI Assistant Referral,72,A,true,true,81,MQL,2026-02-19,,,true,false,false,,,1,,,,
LEAD-10100,2026-06-18,Dovetail Telecom,Analytics Lead,Head of Analytics,France,EMEA,SI Partner Referral,Partner / Referral,CMP-043,SAQL Masterclass — APAC 2026-01,SI Partner Referral,Salesforce Community,69,B,false,false,0,New,,,,false,false,false,,3,3,U-023,,,
LEAD-10101,2025-05-07,Cinder Care,Procurement / Finance,Finance Director,Australia,APAC,Free Course,Product,CMP-027,Q3 Pipeline Push — APAC 2025-05,Free Course,Free Course,82,A,true,false,32,Nurture,2025-05-25,,,true,false,false,,,0,,,,
LEAD-10102,2025-11-02,Harbor Capital,Salesforce Admin,Platform Owner,Australia,APAC,Conference,Inbound Marketing,CMP-036,Einstein Discovery Workshop — AMER 2026-04,Conference,Conference,38,C,false,false,0,New,,,,false,false,false,,3,2,U-019,,,
LEAD-10103,2026-04-09,Onyx Technologies,L&D / Enablement Manager,Head of Enablement,Canada,AMER,Outbound Sequence,Outbound,CMP-040,AI Search Visibility — AMER 2026-05,Outbound Sequence,Outbound Sequence,55,B,false,true,0,Converted,2026-04-10,2026-04-21,2026-05-20,true,true,true,,1,11,U-023,U-006,ACC-1060,OPP-20022
LEAD-10104,2025-08-26,Solstice Systems,Analytics Lead,Head of Analytics,Brazil,AMER,Organic Search,Product,CMP-017,SAQL Masterclass — AMER 2026-05,Organic Search,SI Partner Referral,75,A,true,true,31,MQL,2025-09-09,,,true,false,false,,,0,,,,
LEAD-10105,2026-05-06,Lattice Telecom,Analytics Lead,BI Lead,Sweden,EMEA,Paid Search,Inbound Marketing,CMP-005,Certification Season — AMER 2025-12,Paid Search,Free Course,63,B,false,true,0,Working,,,,false,false,false,,1,5,U-017,,,
LEAD-10106,2025-11-06,Zephyr Works,Analytics Lead,Director of Sales Operations,Netherlands,EMEA,AI Assistant Referral,Inbound Marketing,CMP-020,Dashboard Makeover Challenge — AMER 2025-12,AI Assistant Referral,AI Assistant Referral,64,B,false,false,0,MQL,2025-11-10,,,true,false,false,,0,10,U-024,,,
LEAD-10107,2026-07-31,Orbital Group,Individual Learner,Junior Consultant,Mexico,AMER,SI Partner Referral,Partner / Referral,CMP-042,Certification Season — AMER 2025-04,SI Partner Referral,SI Partner Referral,39,C,false,false,0,Working,,,,false,false,false,,2,6,U-024,,,
LEAD-10108,2025-06-22,Tundra Energy,L&D / Enablement Manager,People Development Lead,Singapore,APAC,Outbound Sequence,Outbound,CMP-037,Team Upskilling Offer — EMEA 2025-04,Outbound Sequence,Outbound Sequence,54,B,false,false,0,Converted,2025-07-01,2025-07-20,2025-08-22,true,true,true,,2,5,U-025,U-005,ACC-1085,OPP-20023
LEAD-10109,2026-02-24,Beacon Media,L&D / Enablement Manager,Training Director,Singapore,APAC,Free Course,Product,CMP-027,Q3 Pipeline Push — APAC 2025-05,Free Course,AI Assistant Referral,93,A,true,false,61,MQL,2026-03-10,,,true,false,false,,,2,,,,
LEAD-10110,2026-06-01,Solstice Systems,L&D / Enablement Manager,Head of Enablement,Germany,EMEA,AI Assistant Referral,Inbound Marketing,CMP-021,SAQL Masterclass — LATAM 2025-09,AI Assistant Referral,Outbound Sequence,69,B,false,false,0,Converted,2026-06-16,2026-07-01,2026-08-04,true,true,true,,3,2,U-019,U-006,ACC-1040,OPP-20024
LEAD-10111,2026-05-29,Lumen Consulting,Salesforce Admin,Senior Salesforce Admin,Singapore,APAC,Paid Social,Product,CMP-010,Certification Season — LATAM 2025-06,Paid Social,Paid Social,59,B,true,true,47,Disqualified,,,,false,false,false,Wrong geo,,1,,,,
LEAD-10112,2026-07-27,Rivet Insurance,Procurement / Finance,CFO,Brazil,AMER,Free Course,Product,CMP-028,Certification Season — AMER 2025-11,Free Course,AI Assistant Referral,100,A,true,false,62,Disqualified,,,,false,false,false,Competitor,,2,,,,
LEAD-10113,2026-02-16,Halcyon Energy,Individual Learner,Junior Consultant,Australia,APAC,Paid Social,Inbound Marketing,CMP-010,Certification Season — LATAM 2025-06,Paid Social,Paid Social,16,D,false,false,0,MQL,2026-03-05,,,true,false,false,,0,6,U-015,,,
LEAD-10114,2025-10-24,Dovetail Capital,Salesforce Admin,Salesforce Administrator,United States,AMER,Salesforce Community,Product,CMP-029,Classroom Batch Push — EMEA 2025-11,Salesforce Community,Paid Social,52,B,true,true,77,New,,,,false,false,false,,,1,,,,
LEAD-10115,2025-07-06,Lumen Works,L&D / Enablement Manager,Head of Enablement,Mexico,AMER,Outbound Sequence,Outbound,CMP-037,Team Upskilling Offer — EMEA 2025-04,Outbound Sequence,Outbound Sequence,67,B,false,false,0,Working,,,,false,false,false,,1,11,U-015,,,
LEAD-10116,2025-07-19,Dovetail Consulting,Salesforce Admin,Senior Salesforce Admin,Singapore,APAC,Free Course,Product,CMP-024,Team Upskilling Offer — AMER 2025-05,Free Course,Salesforce Community,80,A,true,true,14,Converted,2025-07-25,2025-07-29,2025-08-27,true,true,true,,,2,,U-001,ACC-1065,OPP-20025
LEAD-10117,2025-05-12,North Foods,Analytics Lead,Head of Analytics,Netherlands,EMEA,Free Course,Product,CMP-027,Q3 Pipeline Push — APAC 2025-05,Free Course,Free Course,95,A,true,true,97,Converted,2025-05-19,2025-05-31,2025-07-03,true,true,true,,,0,,U-005,ACC-1087,OPP-20026
LEAD-10118,2025-04-05,Harbor Logistics,Analytics Lead,Director of Sales Operations,Sweden,EMEA,Paid Search,Inbound Marketing,CMP-006,AI Search Visibility — AMER 2026-02,Paid Search,Paid Search,59,B,false,false,0,SQL,2025-04-05,2025-04-14,,true,true,false,,0,3,U-024,U-004,,
LEAD-10119,2025-09-27,Lattice Health,Individual Learner,Business Analyst,Brazil,AMER,Free Course,Product,CMP-025,Certification Season — EMEA 2025-09,Free Course,Free Course,75,A,true,false,53,New,,,,false,false,false,,,0,,,,
LEAD-10120,2025-10-17,North Partners,L&D / Enablement Manager,L&D Manager,Indonesia,APAC,Salesforce Community,Inbound Marketing,CMP-029,Classroom Batch Push — EMEA 2025-11,Salesforce Community,Salesforce Community,74,A,false,false,0,MQL,2025-10-29,,,true,false,false,,3,9,U-025,,,
LEAD-10121,2025-10-27,Solstice Works,Salesforce Admin,CRM Manager,Mexico,AMER,Customer Referral,Partner / Referral,CMP-045,Einstein Discovery Workshop — AMER 2025-09,Customer Referral,SI Partner Referral,42,C,false,false,0,New,,,,false,false,false,,3,10,U-015,,,
LEAD-10122,2026-03-30,Umbra Health,Individual Learner,Career Switcher,Brazil,AMER,Outbound Sequence,Outbound,CMP-040,AI Search Visibility — AMER 2026-05,Outbound Sequence,Outbound Sequence,25,D,false,false,0,Working,,,,false,false,false,,2,10,U-023,,,
LEAD-10123,2025-12-30,Ember Logistics,L&D / Enablement Manager,Head of Enablement,Brazil,AMER,AI Assistant Referral,Inbound Marketing,CMP-022,Dashboard Makeover Challenge — AMER 2025-10,AI Assistant Referral,Paid Search,74,A,false,true,0,SQL,2026-01-08,2026-01-13,,true,true,false,,2,4,U-018,U-007,,
LEAD-10124,2025-08-24,Aster Group,Salesforce Admin,Senior Salesforce Admin,Mexico,AMER,SI Partner Referral,Partner / Referral,CMP-043,SAQL Masterclass — APAC 2026-01,SI Partner Referral,Paid Search,85,A,false,false,0,Working,,,,false,false,false,,2,8,U-017,,,
LEAD-10125,2025-12-13,Foundry Capital,Individual Learner,Business Analyst,Chile,LATAM,Free Course,Product,CMP-024,Team Upskilling Offer — AMER 2025-05,Free Course,Free Course,76,A,true,true,98,SQL,2025-12-27,2026-01-07,,true,true,false,,,0,,U-008,,
LEAD-10126,2026-05-02,Beacon Pharma,Individual Learner,Career Switcher,Spain,EMEA,Outbound Sequence,Outbound,CMP-037,Team Upskilling Offer — EMEA 2025-04,Outbound Sequence,Outbound Sequence,28,D,false,false,0,New,,,,false,false,false,,2,9,U-025,,,
LEAD-10127,2025-05-11,Onyx Foods,Analytics Lead,BI Lead,Brazil,AMER,Free Course,Product,CMP-028,Certification Season — AMER 2025-11,Free Course,Free Course,73,A,true,false,18,New,,,,false,false,false,,,0,,,,
LEAD-10128,2026-04-26,Lattice Care,L&D / Enablement Manager,Training Director,Brazil,AMER,SI Partner Referral,Partner / Referral,CMP-044,Reports-to-CRMA Migration — AMER 2025-06,SI Partner Referral,SI Partner Referral,70,A,false,false,0,Nurture,2026-05-10,,,true,false,false,,3,9,U-026,,,
LEAD-10129,2026-01-06,Zephyr Logistics,L&D / Enablement Manager,L&D Manager,Australia,APAC,Free Course,Product,CMP-028,Certification Season — AMER 2025-11,Free Course,AI Assistant Referral,93,A,true,true,32,SQL,2026-01-13,2026-01-23,,true,true,false,,,1,,U-002,,
LEAD-10130,2026-08-13,Beacon Retail,L&D / Enablement Manager,People Development Lead,Canada,AMER,Paid Search,Inbound Marketing,CMP-004,Q3 Pipeline Push — AMER 2025-11,Paid Search,Paid Search,70,A,false,false,0,MQL,2026-08-30,,,true,false,false,,2,8,U-020,,,
LEAD-10131,2025-07-07,Foundry Capital,Individual Learner,Data Analyst,Australia,APAC,Outbound Sequence,Outbound,CMP-037,Team Upskilling Offer — EMEA 2025-04,Outbound Sequence,Paid Search,56,B,false,false,0,SQL,2025-07-25,2025-07-30,,true,true,false,,3,5,U-021,U-007,,
LEAD-10132,2025-06-03,Lattice Care,Salesforce Admin,CRM Manager,Mexico,AMER,Paid Social,Inbound Marketing,CMP-010,Certification Season — LATAM 2025-06,Paid Social,Paid Social,56,B,false,false,0,Converted,2025-06-13,2025-07-07,2025-08-09,true,true,true,,1,10,U-017,U-013,ACC-1035,OPP-20027
LEAD-10133,2025-09-09,Aster Consulting,Salesforce Admin,Platform Owner,United States,AMER,Conference,Inbound Marketing,CMP-035,Dashboard Makeover Challenge — EMEA 2026-05,Conference,Conference,67,B,false,true,0,New,,,,false,false,false,,1,10,U-027,,,
LEAD-10134,2025-04-18,Zephyr Group,Procurement / Finance,Head of Vendor Management,United States,AMER,AI Assistant Referral,Product,CMP-020,Dashboard Makeover Challenge — AMER 2025-12,AI Assistant Referral,Paid Social,100,A,true,false,0,Converted,2025-04-23,2025-04-24,2025-04-29,true,true,true,,,1,,U-011,ACC-1078,OPP-20028
LEAD-10135,2025-06-11,Zephyr Telecom,Procurement / Finance,CFO,Brazil,AMER,Organic Search,Product,CMP-013,Team Upskilling Offer — LATAM 2026-01,Organic Search,Organic Search,81,A,true,true,41,Converted,2025-06-30,2025-07-05,2025-07-16,true,true,true,,,0,,U-008,ACC-1070,OPP-20029
LEAD-10136,2025-10-25,Vantage Energy,Salesforce Admin,Senior Salesforce Admin,Brazil,AMER,Organic Search,Product,CMP-013,Team Upskilling Offer — LATAM 2026-01,Organic Search,Organic Search,87,A,true,false,3,Converted,2025-10-26,2025-11-02,2025-12-01,true,true,true,,,1,,U-006,ACC-1038,OPP-20030
LEAD-10137,2026-08-01,Aster Capital,Analytics Lead,Head of Analytics,United States,AMER,Outbound Sequence,Outbound,CMP-038,Certification Season — AMER 2025-04,Outbound Sequence,Customer Referral,49,C,false,false,0,Disqualified,,,,false,false,false,Competitor,2,5,U-020,,,
LEAD-10138,2026-05-11,Vantage Motors,Individual Learner,Junior Consultant,India,APAC,Organic Search,Product,CMP-014,Einstein Discovery Workshop — APAC 2025-09,Organic Search,Salesforce Community,53,B,true,true,95,MQL,2026-06-01,,,true,false,false,,,2,,,,
LEAD-10139,2026-03-14,Wexler Health,L&D / Enablement Manager,L&D Manager,Sweden,EMEA,Paid Search,Inbound Marketing,CMP-002,Reports-to-CRMA Migration — AMER 2025-08,Paid Search,Paid Social,78,A,false,false,0,SQL,2026-04-04,2026-04-20,,true,true,false,,2,3,U-027,U-009,,
LEAD-10140,2026-07-27,Solstice Partners,L&D / Enablement Manager,People Development Lead,Colombia,LATAM,SI Partner Referral,Partner / Referral,CMP-042,Certification Season — AMER 2025-04,SI Partner Referral,Paid Social,89,A,false,false,0,New,,,,false,false,false,,2,10,U-018,,,
LEAD-10141,2025-06-07,Vertex Technologies,Salesforce Admin,Senior Salesforce Admin,United States,AMER,Organic Search,Product,CMP-017,SAQL Masterclass — AMER 2026-05,Organic Search,Organic Search,78,A,true,true,28,Converted,2025-06-23,2025-06-30,2025-07-14,true,true,true,,,1,,U-013,ACC-1102,OPP-20031
LEAD-10142,2025-04-18,Rivet Telecom,Analytics Lead,RevOps Manager,Germany,EMEA,Paid Search,Product,CMP-003,Free Course Launch — EMEA 2025-12,Paid Search,Paid Search,100,A,true,true,23,Converted,2025-05-09,2025-05-20,2025-06-12,true,true,true,,,2,,U-011,ACC-1082,OPP-20032
LEAD-10143,2026-08-31,Wexler Partners,Individual Learner,Junior Consultant,Brazil,AMER,Conference,Inbound Marketing,CMP-036,Einstein Discovery Workshop — AMER 2026-04,Conference,Salesforce Community,23,D,false,false,0,Disqualified,,,,false,false,false,Competitor,1,8,U-022,,,
LEAD-10144,2025-04-01,Beacon Care,Individual Learner,Business Analyst,Singapore,APAC,SI Partner Referral,Partner / Referral,CMP-044,Reports-to-CRMA Migration — AMER 2025-06,SI Partner Referral,SI Partner Referral,69,B,false,false,0,Converted,2025-04-20,2025-04-25,2025-05-10,true,true,true,,0,9,U-024,U-008,ACC-1019,OPP-20033
LEAD-10145,2025-07-02,Sable Telecom,Salesforce Admin,CRM Manager,Mexico,AMER,Paid Search,Inbound Marketing,CMP-006,AI Search Visibility — AMER 2026-02,Paid Search,Paid Search,65,B,false,true,0,Converted,2025-07-19,2025-08-05,2025-09-02,true,true,true,,1,1,U-025,U-004,ACC-1061,OPP-20034
LEAD-10146,2025-05-08,Quanta Retail,L&D / Enablement Manager,L&D Manager,Spain,EMEA,Salesforce Community,Product,CMP-031,Admin to Analyst Path — EMEA 2026-07,Salesforce Community,Salesforce Community,89,A,true,false,48,MQL,2025-05-24,,,true,false,false,,,0,,,,
LEAD-10147,2026-04-08,Ember Insurance,Salesforce Admin,Platform Owner,United States,AMER,AI Assistant Referral,Inbound Marketing,CMP-019,Reports-to-CRMA Migration — APAC 2026-02,AI Assistant Referral,Organic Search,53,B,false,false,0,MQL,2026-04-13,,,true,false,false,,2,3,U-019,,,
LEAD-10148,2025-04-11,Quanta Motors,Individual Learner,Junior Consultant,Netherlands,EMEA,Paid Search,Product,CMP-004,Q3 Pipeline Push — AMER 2025-11,Paid Search,Paid Search,50,B,true,true,96,MQL,2025-04-11,,,true,false,false,,,1,,,,
LEAD-10149,2026-08-20,Cobalt Consulting,Salesforce Admin,Platform Owner,UAE,EMEA,Free Course,Product,CMP-028,Certification Season — AMER 2025-11,Free Course,Paid Search,79,A,true,true,91,Disqualified,,,,false,false,false,Wrong geo,,0,,,,
LEAD-10150,2026-09-19,Solstice Motors,Analytics Lead,BI Lead,Indonesia,APAC,Paid Search,Product,CMP-003,Free Course Launch — EMEA 2025-12,Paid Search,Paid Search,74,A,true,false,23,Working,,,,false,false,false,,,0,,,,
LEAD-10151,2025-08-24,Quanta Media,Individual Learner,Business Analyst,Germany,EMEA,AI Assistant Referral,Inbound Marketing,CMP-019,Reports-to-CRMA Migration — APAC 2026-02,AI Assistant Referral,AI Assistant Referral,60,B,false,false,0,MQL,2025-08-29,,,true,false,false,,2,7,U-026,,,
LEAD-10152,2026-09-09,Wexler Pharma,Individual Learner,Data Analyst,Mexico,AMER,Salesforce Community,Product,CMP-030,SAQL Masterclass — AMER 2025-08,Salesforce Community,Salesforce Community,78,A,true,true,49,MQL,2026-09-09,,,true,false,false,,,1,,,,
LEAD-10153,2025-07-04,Vantage Bank,Salesforce Admin,CRM Manager,Canada,AMER,Free Course,Product,CMP-027,Q3 Pipeline Push — APAC 2025-05,Free Course,Free Course,61,B,true,true,92,MQL,2025-07-04,,,true,false,false,,,2,,,,
LEAD-10154,2026-08-25,Halcyon Digital,Individual Learner,Junior Consultant,Netherlands,EMEA,Free Course,Inbound Marketing,CMP-027,Q3 Pipeline Push — APAC 2025-05,Free Course,Webinar,47,C,false,false,0,MQL,2026-09-12,,,true,false,false,,0,9,U-018,,,
LEAD-10155,2025-12-30,Quanta Digital,Analytics Lead,RevOps Manager,Germany,EMEA,Paid Search,Product,CMP-005,Certification Season — AMER 2025-12,Paid Search,Paid Search,66,B,true,false,54,Converted,2026-01-18,2026-02-13,2026-02-17,true,true,true,,,2,,U-001,ACC-1109,OPP-20035
LEAD-10156,2026-02-23,Solstice Pharma,L&D / Enablement Manager,People Development Lead,Brazil,AMER,Free Course,Product,CMP-027,Q3 Pipeline Push — APAC 2025-05,Free Course,Free Course,100,A,true,false,8,Nurture,2026-03-04,,,true,false,false,,,2,,,,
LEAD-10157,2026-04-21,Cinder Systems,Individual Learner,Data Analyst,Sweden,EMEA,Paid Search,Inbound Marketing,CMP-004,Q3 Pipeline Push — AMER 2025-11,Paid Search,Paid Search,68,B,false,false,0,MQL,2026-05-07,,,true,false,false,,3,7,U-019,,,
LEAD-10158,2025-10-20,Aster Foods,Analytics Lead,RevOps Manager,Canada,AMER,Paid Search,Inbound Marketing,CMP-006,AI Search Visibility — AMER 2026-02,Paid Search,Outbound Sequence,86,A,false,false,0,Nurture,2025-10-23,,,true,false,false,,2,3,U-016,,,
LEAD-10159,2025-08-19,Umbra Foods,Procurement / Finance,Head of Vendor Management,United States,AMER,Free Course,Product,CMP-026,Reports-to-CRMA Migration — AMER 2025-08,Free Course,Free Course,80,A,true,true,81,Converted,2025-09-06,2025-09-10,2025-09-29,true,true,true,,,1,,U-005,ACC-1027,OPP-20036
LEAD-10160,2026-06-26,Halcyon Consulting,Analytics Lead,Director of Sales Operations,United States,AMER,Organic Search,Product,CMP-011,Admin to Analyst Path — LATAM 2025-04,Organic Search,Organic Search,77,A,true,true,76,Working,,,,false,false,false,,,2,,,,
LEAD-10161,2025-11-18,Cinder Health,Individual Learner,Career Switcher,UAE,EMEA,Organic Search,Inbound Marketing,CMP-018,Free Course Launch — AMER 2025-11,Organic Search,Organic Search,30,C,false,false,0,Working,,,,false,false,false,,1,4,U-017,,,
LEAD-10162,2025-12-14,Rivet Bank,Analytics Lead,Head of Analytics,Canada,AMER,AI Assistant Referral,Product,CMP-022,Dashboard Makeover Challenge — AMER 2025-10,AI Assistant Referral,AI Assistant Referral,84,A,true,true,37,Working,,,,false,false,false,,,1,,,,
LEAD-10163,2026-04-30,Foundry Digital,Individual Learner,Business Analyst,Canada,AMER,Free Course,Product,CMP-023,Dashboard Makeover Challenge — AMER 2025-06,Free Course,Free Course,39,C,true,false,71,Disqualified,,,,false,false,false,Student — free course only,,2,,,,
LEAD-10164,2025-06-21,Kestrel Care,Salesforce Admin,Salesforce Administrator,Netherlands,EMEA,Conference,Inbound Marketing,CMP-036,Einstein Discovery Workshop — AMER 2026-04,Conference,Free Course,61,B,false,false,0,Nurture,2025-06-23,,,true,false,false,,0,1,U-023,,,
LEAD-10165,2025-06-29,Dovetail Works,Individual Learner,Junior Consultant,Argentina,LATAM,Customer Referral,Partner / Referral,CMP-046,Certification Season — AMER 2026-03,Customer Referral,Customer Referral,36,C,true,true,81,Disqualified,,,,false,false,false,Competitor,,0,,,,
LEAD-10166,2025-09-22,Cobalt Digital,Salesforce Admin,Platform Owner,Spain,EMEA,Salesforce Community,Product,CMP-029,Classroom Batch Push — EMEA 2025-11,Salesforce Community,Salesforce Community,63,B,true,false,12,SQL,2025-10-07,2025-10-23,,true,true,false,,,1,,U-002,,
LEAD-10167,2026-06-11,Vertex Capital,L&D / Enablement Manager,Training Director,Mexico,AMER,Paid Social,Inbound Marketing,CMP-010,Certification Season — LATAM 2025-06,Paid Social,Paid Social,46,C,false,false,0,SQL,2026-06-29,2026-07-11,,true,true,false,,2,4,U-024,U-013,,
LEAD-10168,2026-06-22,Juniper Insurance,Individual Learner,Junior Consultant,Canada,AMER,Organic Search,Inbound Marketing,CMP-017,SAQL Masterclass — AMER 2026-05,Organic Search,Organic Search,58,B,false,false,0,New,,,,false,false,false,,0,8,U-019,,,
LEAD-10169,2025-06-28,Wexler Care,Individual Learner,Career Switcher,United States,AMER,Organic Search,Inbound Marketing,CMP-012,AI Search Visibility — AMER 2026-07,Organic Search,Paid Social,46,C,false,false,0,Nurture,2025-07-15,,,true,false,false,,3,8,U-019,,,
LEAD-10170,2025-12-15,Foundry Partners,Individual Learner,Career Switcher,United States,AMER,Outbound Sequence,Outbound,CMP-040,AI Search Visibility — AMER 2026-05,Outbound Sequence,Outbound Sequence,31,C,false,true,0,Working,,,,false,false,false,,2,10,U-025,,,
LEAD-10171,2025-11-02,Vantage Motors,Salesforce Admin,Salesforce Administrator,Brazil,AMER,Organic Search,Product,CMP-013,Team Upskilling Offer — LATAM 2026-01,Organic Search,Paid Social,89,A,true,false,58,SQL,2025-11-11,2025-11-12,,true,true,false,,,0,,U-013,,
LEAD-10172,2026-06-07,Lattice Digital,Analytics Lead,Director of Sales Operations,Spain,EMEA,Paid Search,Inbound Marketing,CMP-003,Free Course Launch — EMEA 2025-12,Paid Search,Customer Referral,75,A,false,false,0,MQL,2026-06-22,,,true,false,false,,4,3,U-019,,,
LEAD-10173,2026-01-27,Zephyr Group,Procurement / Finance,Finance Director,Japan,APAC,Salesforce Community,Product,CMP-031,Admin to Analyst Path — EMEA 2026-07,Salesforce Community,Salesforce Community,92,A,true,true,25,Converted,2026-02-09,2026-02-18,2026-02-20,true,true,true,,,2,,U-010,ACC-1083,OPP-20037
LEAD-10174,2025-04-04,Rivet Consulting,Salesforce Admin,Senior Salesforce Admin,Mexico,AMER,Paid Search,Inbound Marketing,CMP-005,Certification Season — AMER 2025-12,Paid Search,Paid Search,59,B,false,true,0,Disqualified,,,,false,false,false,No budget,0,6,U-025,,,
LEAD-10175,2026-01-24,Umbra Motors,Analytics Lead,Head of Analytics,UAE,EMEA,AI Assistant Referral,Product,CMP-020,Dashboard Makeover Challenge — AMER 2025-12,AI Assistant Referral,AI Assistant Referral,93,A,true,false,85,Working,,,,false,false,false,,,1,,,,
LEAD-10176,2026-08-27,Onyx Foods,L&D / Enablement Manager,L&D Manager,United States,AMER,Free Course,Product,CMP-024,Team Upskilling Offer — AMER 2025-05,Free Course,Outbound Sequence,95,A,true,true,90,Converted,2026-09-03,2026-09-05,2026-09-11,true,true,true,,,2,,U-002,ACC-1068,OPP-20038
LEAD-10177,2026-06-20,Vantage Systems,Individual Learner,Career Switcher,France,EMEA,Outbound Sequence,Outbound,CMP-040,AI Search Visibility — AMER 2026-05,Outbound Sequence,Free Course,19,D,false,false,0,Disqualified,,,,false,false,false,No Salesforce org,2,11,U-018,,,
LEAD-10178,2026-08-22,Pallas Logistics,Individual Learner,Data Analyst,Mexico,AMER,Paid Search,Inbound Marketing,CMP-004,Q3 Pipeline Push — AMER 2025-11,Paid Search,Paid Search,51,B,false,false,0,Converted,2026-08-22,2026-09-01,2026-09-19,true,true,true,,1,2,U-024,U-012,ACC-1124,OPP-20039
LEAD-10179,2025-04-01,Ember Health,Individual Learner,Career Switcher,Mexico,AMER,Organic Search,Product,CMP-013,Team Upskilling Offer — LATAM 2026-01,Organic Search,Organic Search,56,B,true,false,69,Converted,2025-04-20,2025-04-26,2025-05-28,true,true,true,,,1,,U-012,ACC-1106,OPP-20040
LEAD-10180,2026-05-11,Kestrel Foods,Analytics Lead,BI Lead,France,EMEA,SI Partner Referral,Partner / Referral,CMP-042,Certification Season — AMER 2025-04,SI Partner Referral,Free Course,63,B,false,false,0,Converted,2026-06-01,2026-06-21,2026-07-17,true,true,true,,1,5,U-021,U-005,ACC-1070,OPP-20041
LEAD-10181,2026-04-06,Zephyr Capital,Salesforce Admin,Salesforce Administrator,Australia,APAC,Paid Search,Product,CMP-002,Reports-to-CRMA Migration — AMER 2025-08,Paid Search,Paid Search,66,B,true,false,15,Converted,2026-04-13,2026-04-30,2026-05-22,true,true,true,,,1,,U-003,ACC-1098,OPP-20042
LEAD-10182,2025-07-07,Pallas Media,Individual Learner,Data Analyst,Netherlands,EMEA,Paid Search,Product,CMP-004,Q3 Pipeline Push — AMER 2025-11,Paid Search,Paid Search,54,B,true,true,33,SQL,2025-07-26,2025-07-28,,true,true,false,,,2,,U-008,,
LEAD-10183,2025-04-10,Sable Technologies,Individual Learner,Junior Consultant,Indonesia,APAC,Organic Search,Product,CMP-017,SAQL Masterclass — AMER 2026-05,Organic Search,Customer Referral,75,A,true,true,75,SQL,2025-04-16,2025-05-11,,true,true,false,,,2,,U-005,,
LEAD-10184,2026-04-09,Beacon Technologies,Individual Learner,Career Switcher,Singapore,APAC,Conference,Inbound Marketing,CMP-036,Einstein Discovery Workshop — AMER 2026-04,Conference,Paid Social,34,C,false,false,0,New,,,,false,false,false,,0,4,U-019,,,
LEAD-10185,2026-07-30,Lattice Partners,L&D / Enablement Manager,Head of Enablement,France,EMEA,Paid Search,Product,CMP-001,Salesforce Event Follow-up — AMER 2026-02,Paid Search,Paid Search,100,A,true,false,95,Converted,2026-08-08,2026-08-28,2026-09-28,true,true,true,,,1,,U-001,ACC-1095,OPP-20043
LEAD-10186,2025-05-23,Foundry Care,Analytics Lead,Director of Sales Operations,UAE,EMEA,Outbound Sequence,Outbound,CMP-039,Reports-to-CRMA Migration — EMEA 2026-02,Outbound Sequence,Outbound Sequence,46,C,false,false,0,Disqualified,,,,false,false,false,No budget,2,7,U-021,,,
LEAD-10187,2026-07-25,Tundra Technologies,L&D / Enablement Manager,L&D Manager,Australia,APAC,SI Partner Referral,Partner / Referral,CMP-042,Certification Season — AMER 2025-04,SI Partner Referral,AI Assistant Referral,86,A,false,false,0,SQL,2026-08-06,2026-09-01,,true,true,false,,1,9,U-026,U-006,,
LEAD-10188,2025-06-06,Pallas Group,Analytics Lead,Director of Sales Operations,France,EMEA,Paid Search,Inbound Marketing,CMP-002,Reports-to-CRMA Migration — AMER 2025-08,Paid Search,AI Assistant Referral,95,A,false,true,0,Converted,2025-06-16,2025-06-29,2025-07-11,true,true,true,,0,4,U-015,U-010,ACC-1047,OPP-20044
LEAD-10189,2025-08-03,Quanta Digital,Procurement / Finance,Finance Director,United States,AMER,Outbound Sequence,Outbound,CMP-039,Reports-to-CRMA Migration — EMEA 2026-02,Outbound Sequence,Outbound Sequence,63,B,false,false,0,Disqualified,,,,false,false,false,No Salesforce org,3,4,U-017,,,
LEAD-10190,2025-08-01,Dovetail Care,Salesforce Admin,Senior Salesforce Admin,Singapore,APAC,Organic Search,Product,CMP-017,SAQL Masterclass — AMER 2026-05,Organic Search,Organic Search,87,A,true,false,86,SQL,2025-08-12,2025-08-31,,true,true,false,,,1,,U-009,,
LEAD-10191,2026-01-16,Sable Group,Analytics Lead,RevOps Manager,Brazil,AMER,Customer Referral,Partner / Referral,CMP-046,Certification Season — AMER 2026-03,Customer Referral,Customer Referral,66,B,false,false,0,Disqualified,,,,false,false,false,Competitor,3,1,U-025,,,
LEAD-10192,2026-03-06,Ember Digital,L&D / Enablement Manager,People Development Lead,Netherlands,EMEA,Free Course,Product,CMP-023,Dashboard Makeover Challenge — AMER 2025-06,Free Course,Free Course,76,A,true,true,90,SQL,2026-03-08,2026-03-15,,true,true,false,,,0,,U-003,,
LEAD-10193,2025-08-31,Pallas Systems,L&D / Enablement Manager,People Development Lead,Singapore,APAC,Paid Search,Product,CMP-006,AI Search Visibility — AMER 2026-02,Paid Search,Paid Search,96,A,true,true,43,SQL,2025-09-15,2025-09-24,,true,true,false,,,1,,U-010,,
LEAD-10194,2026-06-05,Beacon Capital,Analytics Lead,BI Lead,India,APAC,Organic Search,Inbound Marketing,CMP-012,AI Search Visibility — AMER 2026-07,Organic Search,Organic Search,61,B,false,false,0,New,,,,false,false,false,,2,5,U-020,,,
LEAD-10195,2026-07-18,Ember Digital,L&D / Enablement Manager,Training Director,France,EMEA,Free Course,Product,CMP-025,Certification Season — EMEA 2025-09,Free Course,Free Course,100,A,true,true,41,Nurture,2026-07-26,,,true,false,false,,,1,,,,
LEAD-10196,2026-03-15,Umbra Group,Salesforce Admin,Platform Owner,Brazil,AMER,Webinar,Product,CMP-034,Salesforce Event Follow-up — EMEA 2026-03,Webinar,Webinar,64,B,true,true,41,Converted,2026-03-31,2026-04-21,2026-04-30,true,true,true,,,2,,U-003,ACC-1084,OPP-20045
LEAD-10197,2025-12-15,Zephyr Telecom,Individual Learner,Data Analyst,Mexico,AMER,AI Assistant Referral,Product,CMP-021,SAQL Masterclass — LATAM 2025-09,AI Assistant Referral,AI Assistant Referral,65,B,true,true,31,SQL,2025-12-23,2026-01-07,,true,true,false,,,0,,U-008,,
LEAD-10198,2025-08-22,Umbra Logistics,Procurement / Finance,Finance Director,United Kingdom,EMEA,AI Assistant Referral,Product,CMP-021,SAQL Masterclass — LATAM 2025-09,AI Assistant Referral,AI Assistant Referral,88,A,true,true,94,Working,,,,false,false,false,,,2,,,,
LEAD-10199,2025-07-08,North Retail,Salesforce Admin,Senior Salesforce Admin,Mexico,AMER,Organic Search,Product,CMP-015,Reports-to-CRMA Migration — AMER 2025-11,Organic Search,Organic Search,83,A,true,true,0,SQL,2025-07-10,2025-08-03,,true,true,false,,,0,,U-006,,
LEAD-10200,2026-01-07,Zephyr Group,L&D / Enablement Manager,L&D Manager,United States,AMER,Paid Social,Product,CMP-007,Admin to Analyst Path — EMEA 2025-05,Paid Social,SI Partner Referral,66,B,true,false,13,Disqualified,,,,false,false,false,Competitor,,2,,,,
LEAD-10201,2025-04-11,Lattice Technologies,Salesforce Admin,Senior Salesforce Admin,Canada,AMER,Conference,Inbound Marketing,CMP-035,Dashboard Makeover Challenge — EMEA 2026-05,Conference,Conference,66,B,false,false,0,Nurture,2025-05-02,,,true,false,false,,0,11,U-018,,,
LEAD-10202,2026-06-26,Cinder Digital,Individual Learner,Junior Consultant,Brazil,AMER,Free Course,Product,CMP-026,Reports-to-CRMA Migration — AMER 2025-08,Free Course,Free Course,64,B,true,false,21,SQL,2026-07-07,2026-07-31,,true,true,false,,,0,,U-002,,
LEAD-10203,2025-10-10,Solstice Pharma,Procurement / Finance,Head of Vendor Management,Brazil,AMER,Organic Search,Product,CMP-016,Dashboard Makeover Challenge — AMER 2026-04,Organic Search,Organic Search,85,A,true,false,19,Nurture,2025-10-17,,,true,false,false,,,2,,,,
LEAD-10204,2025-08-04,Rivet Retail,Individual Learner,Data Analyst,India,APAC,Outbound Sequence,Outbound,CMP-038,Certification Season — AMER 2025-04,Outbound Sequence,Outbound Sequence,28,D,false,false,0,Disqualified,,,,false,false,false,No budget,2,10,U-018,,,
LEAD-10205,2026-09-12,Harbor Capital,L&D / Enablement Manager,L&D Manager,Germany,EMEA,Paid Search,Product,CMP-005,Certification Season — AMER 2025-12,Paid Search,Customer Referral,99,A,true,false,8,Working,,,,false,false,false,,,2,,,,
LEAD-10206,2025-12-25,Vantage Pharma,L&D / Enablement Manager,L&D Manager,United States,AMER,SI Partner Referral,Partner / Referral,CMP-043,SAQL Masterclass — APAC 2026-01,SI Partner Referral,SI Partner Referral,74,A,false,false,0,Disqualified,,,,false,false,false,Went silent,0,5,U-015,,,
LEAD-10207,2026-01-27,Solstice Logistics,Individual Learner,Junior Consultant,United States,AMER,Conference,Inbound Marketing,CMP-035,Dashboard Makeover Challenge — EMEA 2026-05,Conference,Webinar,10,D,false,false,0,Disqualified,,,,false,false,false,Wrong geo,4,3,U-016,,,
LEAD-10208,2026-09-11,Onyx Foods,Analytics Lead,Head of Analytics,Australia,APAC,Outbound Sequence,Outbound,CMP-040,AI Search Visibility — AMER 2026-05,Outbound Sequence,Outbound Sequence,33,C,false,false,0,Disqualified,,,,false,false,false,Wrong geo,3,4,U-018,,,
LEAD-10209,2026-03-11,Halcyon Telecom,Procurement / Finance,CFO,Spain,EMEA,Outbound Sequence,Outbound,CMP-039,Reports-to-CRMA Migration — EMEA 2026-02,Outbound Sequence,Conference,39,C,false,false,0,Disqualified,,,,false,false,false,Duplicate,0,5,U-027,,,
LEAD-10210,2026-08-13,Dovetail Insurance,Salesforce Admin,CRM Manager,Brazil,AMER,Free Course,Product,CMP-025,Certification Season — EMEA 2025-09,Free Course,Free Course,83,A,true,true,10,Disqualified,,,,false,false,false,Duplicate,,2,,,,
LEAD-10211,2025-11-16,Ember Systems,Salesforce Admin,Salesforce Administrator,United Kingdom,EMEA,Free Course,Product,CMP-023,Dashboard Makeover Challenge — AMER 2025-06,Free Course,Free Course,81,A,true,false,72,MQL,2025-11-17,,,true,false,false,,,0,,,,
LEAD-10212,2026-03-23,Halcyon Partners,Individual Learner,Junior Consultant,Mexico,AMER,Organic Search,Product,CMP-015,Reports-to-CRMA Migration — AMER 2025-11,Organic Search,Salesforce Community,49,C,true,false,43,Working,,,,false,false,false,,,1,,,,
LEAD-10213,2025-04-02,Rivet Group,Salesforce Admin,Platform Owner,Sweden,EMEA,Free Course,Product,CMP-024,Team Upskilling Offer — AMER 2025-05,Free Course,Free Course,62,B,true,true,26,Converted,2025-04-08,2025-04-11,2025-05-09,true,true,true,,,2,,U-014,ACC-1088,OPP-20046
LEAD-10214,2026-03-30,Cinder Media,Salesforce Admin,Salesforce Administrator,Sweden,EMEA,Salesforce Community,Product,CMP-031,Admin to Analyst Path — EMEA 2026-07,Salesforce Community,Salesforce Community,57,B,true,false,3,Converted,2026-04-19,2026-04-21,2026-05-16,true,true,true,,,1,,U-007,ACC-1089,OPP-20047
LEAD-10215,2025-05-23,Tundra Insurance,L&D / Enablement Manager,Head of Enablement,Sweden,EMEA,Outbound Sequence,Outbound,CMP-038,Certification Season — AMER 2025-04,Outbound Sequence,Outbound Sequence,37,C,false,false,0,Disqualified,,,,false,false,false,Student — free course only,0,6,U-022,,,
LEAD-10216,2025-06-15,Vantage Logistics,Salesforce Admin,Senior Salesforce Admin,United Kingdom,EMEA,SI Partner Referral,Partner / Referral,CMP-044,Reports-to-CRMA Migration — AMER 2025-06,SI Partner Referral,Paid Social,44,C,false,false,0,Working,,,,false,false,false,,2,10,U-015,,,
LEAD-10217,2026-03-03,Sable Foods,Individual Learner,Junior Consultant,Canada,AMER,Paid Search,Inbound Marketing,CMP-002,Reports-to-CRMA Migration — AMER 2025-08,Paid Search,AI Assistant Referral,63,B,false,false,0,SQL,2026-03-23,2026-04-02,,true,true,false,,1,9,U-015,U-013,,
LEAD-10218,2025-07-13,Harbor Insurance,Salesforce Admin,Senior Salesforce Admin,Spain,EMEA,Salesforce Community,Inbound Marketing,CMP-031,Admin to Analyst Path — EMEA 2026-07,Salesforce Community,Salesforce Community,37,C,false,false,0,New,,,,false,false,false,,3,7,U-016,,,
LEAD-10219,2025-06-10,Vantage Telecom,Analytics Lead,Director of Sales Operations,Colombia,LATAM,Paid Search,Inbound Marketing,CMP-003,Free Course Launch — EMEA 2025-12,Paid Search,Paid Search,71,A,false,false,0,Converted,2025-06-18,2025-07-02,2025-07-18,true,true,true,,0,10,U-019,U-001,ACC-1040,OPP-20048
LEAD-10220,2026-05-27,Aster Works,Individual Learner,Business Analyst,Mexico,AMER,Organic Search,Product,CMP-013,Team Upskilling Offer — LATAM 2026-01,Organic Search,Salesforce Community,53,B,true,true,28,SQL,2026-05-31,2026-06-01,,true,true,false,,,2,,U-007,,
LEAD-10221,2026-06-12,Meridian Motors,Individual Learner,Career Switcher,Brazil,AMER,Webinar,Product,CMP-034,Salesforce Event Follow-up — EMEA 2026-03,Webinar,Webinar,46,C,true,true,77,SQL,2026-06-21,2026-06-30,,true,true,false,,,2,,U-004,,
LEAD-10222,2025-04-14,Cinder Technologies,Salesforce Admin,Platform Owner,United States,AMER,SI Partner Referral,Partner / Referral,CMP-042,Certification Season — AMER 2025-04,SI Partner Referral,SI Partner Referral,67,B,false,false,0,Converted,2025-04-15,2025-04-17,2025-05-05,true,true,true,,0,6,U-022,U-009,ACC-1061,OPP-20049
LEAD-10223,2025-10-03,Tundra Works,Individual Learner,Data Analyst,India,APAC,AI Assistant Referral,Product,CMP-019,Reports-to-CRMA Migration — APAC 2026-02,AI Assistant Referral,AI Assistant Referral,69,B,true,true,97,Disqualified,,,,false,false,false,Competitor,,2,,,,
LEAD-10224,2026-02-21,Solstice Care,Analytics Lead,RevOps Manager,Brazil,AMER,AI Assistant Referral,Product,CMP-022,Dashboard Makeover Challenge — AMER 2025-10,AI Assistant Referral,Free Course,76,A,true,true,37,SQL,2026-02-24,2026-03-22,,true,true,false,,,2,,U-002,,
LEAD-10225,2025-09-27,Harbor Group,L&D / Enablement Manager,People Development Lead,Canada,AMER,Paid Search,Inbound Marketing,CMP-004,Q3 Pipeline Push — AMER 2025-11,Paid Search,Paid Search,82,A,false,false,0,Converted,2025-10-12,2025-11-05,2025-11-27,true,true,true,,1,1,U-020,U-014,ACC-1109,OPP-20050
LEAD-10226,2026-09-16,Umbra Technologies,Individual Learner,Junior Consultant,Spain,EMEA,Organic Search,Product,CMP-016,Dashboard Makeover Challenge — AMER 2026-04,Organic Search,Organic Search,66,B,true,false,16,Converted,2026-10-04,2026-10-22,2026-11-21,true,true,true,,,1,,U-008,ACC-1136,OPP-20051
LEAD-10227,2026-07-13,Foundry Capital,Salesforce Admin,Salesforce Administrator,Mexico,AMER,Outbound Sequence,Outbound,CMP-039,Reports-to-CRMA Migration — EMEA 2026-02,Outbound Sequence,Outbound Sequence,52,B,false,false,0,SQL,2026-07-25,2026-08-01,,true,true,false,,3,7,U-018,U-001,,
LEAD-10228,2026-05-02,Onyx Digital,Individual Learner,Career Switcher,Singapore,APAC,Webinar,Inbound Marketing,CMP-032,Salesforce Event Follow-up — AMER 2025-12,Webinar,Paid Social,46,C,false,false,0,Converted,2026-05-19,2026-06-11,2026-06-19,true,true,true,,1,4,U-024,U-009,ACC-1111,OPP-20052
LEAD-10229,2025-09-01,Aster Works,Salesforce Admin,Senior Salesforce Admin,France,EMEA,Webinar,Inbound Marketing,CMP-032,Salesforce Event Follow-up — AMER 2025-12,Webinar,Outbound Sequence,51,B,false,false,0,Disqualified,,,,false,false,false,Competitor,0,5,U-025,,,
LEAD-10230,2025-04-17,Wexler Health,Salesforce Admin,Platform Owner,Japan,APAC,Organic Search,Product,CMP-013,Team Upskilling Offer — LATAM 2026-01,Organic Search,Outbound Sequence,88,A,true,true,20,Converted,2025-05-07,2025-05-28,2025-06-25,true,true,true,,,1,,U-006,ACC-1110,OPP-20053
LEAD-10231,2026-05-05,Solstice Foods,L&D / Enablement Manager,Head of Enablement,Colombia,LATAM,Paid Social,Product,CMP-007,Admin to Analyst Path — EMEA 2025-05,Paid Social,Paid Social,76,A,true,true,58,Working,,,,false,false,false,,,0,,,,
LEAD-10232,2026-02-12,Dovetail Logistics,Procurement / Finance,CFO,Canada,AMER,Paid Search,Inbound Marketing,CMP-005,Certification Season — AMER 2025-12,Paid Search,Webinar,89,A,false,false,0,SQL,2026-02-13,2026-02-28,,true,true,false,,3,5,U-025,U-002,,
LEAD-10233,2025-06-22,Aster Consulting,Analytics Lead,Director of Sales Operations,Indonesia,APAC,Customer Referral,Partner / Referral,CMP-046,Certification Season — AMER 2026-03,Customer Referral,Customer Referral,75,A,false,false,0,MQL,2025-07-01,,,true,false,false,,3,2,U-025,,,
LEAD-10234,2026-05-31,Cobalt Retail,Individual Learner,Career Switcher,Chile,LATAM,SI Partner Referral,Partner / Referral,CMP-044,Reports-to-CRMA Migration — AMER 2025-06,SI Partner Referral,SI Partner Referral,41,C,false,false,0,New,,,,false,false,false,,4,1,U-021,,,
LEAD-10235,2025-09-15,Dovetail Technologies,Salesforce Admin,Platform Owner,Brazil,AMER,AI Assistant Referral,Product,CMP-019,Reports-to-CRMA Migration — APAC 2026-02,AI Assistant Referral,AI Assistant Referral,64,B,true,false,16,MQL,2025-09-20,,,true,false,false,,,1,,,,
LEAD-10236,2025-10-10,Juniper Digital,Analytics Lead,RevOps Manager,Germany,EMEA,Webinar,Inbound Marketing,CMP-034,Salesforce Event Follow-up — EMEA 2026-03,Webinar,Webinar,47,C,false,false,0,Converted,2025-10-19,2025-11-14,2025-11-29,true,true,true,,2,4,U-022,U-011,ACC-1118,OPP-20054
LEAD-10237,2025-10-12,Meridian Systems,Salesforce Admin,Platform Owner,Mexico,AMER,Free Course,Product,CMP-028,Certification Season — AMER 2025-11,Free Course,SI Partner Referral,84,A,true,true,6,Working,,,,false,false,false,,,1,,,,
LEAD-10238,2025-05-18,Beacon Retail,Salesforce Admin,Platform Owner,Chile,LATAM,Free Course,Product,CMP-026,Reports-to-CRMA Migration — AMER 2025-08,Free Course,Free Course,58,B,true,false,65,Disqualified,,,,false,false,false,No Salesforce org,,1,,,,
LEAD-10239,2025-09-28,Lattice Systems,Individual Learner,Career Switcher,Germany,EMEA,Paid Social,Inbound Marketing,CMP-010,Certification Season — LATAM 2025-06,Paid Social,Paid Social,1,D,false,false,0,Working,,,,false,false,false,,1,4,U-027,,,
LEAD-10240,2026-01-11,Aster Group,Individual Learner,Junior Consultant,United States,AMER,Conference,Inbound Marketing,CMP-036,Einstein Discovery Workshop — AMER 2026-04,Conference,Organic Search,55,B,false,false,0,MQL,2026-01-14,,,true,false,false,,3,3,U-018,,,
LEAD-10241,2026-06-23,Sable Systems,Individual Learner,Business Analyst,Singapore,APAC,Salesforce Community,Product,CMP-031,Admin to Analyst Path — EMEA 2026-07,Salesforce Community,Paid Search,40,C,true,true,95,Disqualified,,,,false,false,false,Competitor,,2,,,,
LEAD-10242,2025-06-19,Lattice Systems,Individual Learner,Business Analyst,Canada,AMER,Webinar,Inbound Marketing,CMP-033,Admin to Analyst Path — EMEA 2026-07,Webinar,Webinar,32,C,false,false,0,Disqualified,,,,false,false,false,Duplicate,1,2,U-027,,,
LEAD-10243,2025-08-26,Vantage Consulting,Analytics Lead,BI Lead,UAE,EMEA,Salesforce Community,Product,CMP-030,SAQL Masterclass — AMER 2025-08,Salesforce Community,Outbound Sequence,65,B,true,true,68,SQL,2025-08-30,2025-09-01,,true,true,false,,,2,,U-010,,
LEAD-10244,2026-08-30,Foundry Care,Analytics Lead,Head of Analytics,Canada,AMER,Organic Search,Product,CMP-012,AI Search Visibility — AMER 2026-07,Organic Search,SI Partner Referral,79,A,true,true,59,Working,,,,false,false,false,,,0,,,,
LEAD-10245,2026-04-22,Beacon Digital,Procurement / Finance,Procurement Manager,Netherlands,EMEA,SI Partner Referral,Partner / Referral,CMP-043,SAQL Masterclass — APAC 2026-01,SI Partner Referral,SI Partner Referral,83,A,false,false,0,Working,,,,false,false,false,,3,6,U-021,,,
LEAD-10246,2026-01-09,Rivet Works,Analytics Lead,BI Lead,Brazil,AMER,Paid Search,Inbound Marketing,CMP-004,Q3 Pipeline Push — AMER 2025-11,Paid Search,Webinar,59,B,false,false,0,SQL,2026-01-25,2026-02-16,,true,true,false,,4,8,U-015,U-003,,
LEAD-10247,2026-05-20,Dovetail Media,L&D / Enablement Manager,People Development Lead,Germany,EMEA,Organic Search,Product,CMP-017,SAQL Masterclass — AMER 2026-05,Organic Search,Conference,100,A,true,true,56,MQL,2026-06-03,,,true,false,false,,,2,,,,
LEAD-10248,2026-02-12,Cobalt Capital,Salesforce Admin,CRM Manager,UAE,EMEA,Paid Social,Inbound Marketing,CMP-008,Admin to Analyst Path — EMEA 2026-02,Paid Social,Free Course,39,C,false,false,0,Working,,,,false,false,false,,3,1,U-020,,,
LEAD-10249,2026-01-27,Halcyon Motors,Procurement / Finance,Procurement Manager,Mexico,AMER,Paid Social,Inbound Marketing,CMP-008,Admin to Analyst Path — EMEA 2026-02,Paid Social,Paid Social,56,B,false,true,0,SQL,2026-01-27,2026-02-14,,true,true,false,,4,5,U-016,U-005,,
LEAD-10250,2026-05-07,Lattice Works,L&D / Enablement Manager,Head of Enablement,United States,AMER,Conference,Inbound Marketing,CMP-036,Einstein Discovery Workshop — AMER 2026-04,Conference,Conference,57,B,false,false,0,Converted,2026-05-15,2026-05-25,2026-06-10,true,true,true,,2,1,U-023,U-009,ACC-1007,OPP-20055
LEAD-10251,2025-05-26,Ember Systems,Salesforce Admin,Salesforce Administrator,Mexico,AMER,Webinar,Inbound Marketing,CMP-034,Salesforce Event Follow-up — EMEA 2026-03,Webinar,Salesforce Community,47,C,false,false,0,SQL,2025-06-12,2025-06-29,,true,true,false,,3,7,U-019,U-010,,
LEAD-10252,2026-03-23,Ember Health,L&D / Enablement Manager,L&D Manager,Brazil,AMER,Organic Search,Product,CMP-016,Dashboard Makeover Challenge — AMER 2026-04,Organic Search,Outbound Sequence,96,A,true,true,90,SQL,2026-04-02,2026-04-12,,true,true,false,,,1,,U-007,,
LEAD-10253,2026-07-30,Vertex Partners,L&D / Enablement Manager,L&D Manager,Netherlands,EMEA,Free Course,Product,CMP-025,Certification Season — EMEA 2025-09,Free Course,Free Course,100,A,true,false,63,Converted,2026-08-01,2026-08-03,2026-08-30,true,true,true,,,2,,U-007,ACC-1023,OPP-20056
LEAD-10254,2026-07-07,Onyx Capital,Analytics Lead,BI Lead,Mexico,AMER,Paid Search,Inbound Marketing,CMP-003,Free Course Launch — EMEA 2025-12,Paid Search,Paid Search,79,A,false,false,0,Nurture,2026-07-27,,,true,false,false,,3,10,U-027,,,
LEAD-10255,2026-09-16,Beacon Consulting,L&D / Enablement Manager,People Development Lead,Brazil,AMER,Paid Search,Inbound Marketing,CMP-004,Q3 Pipeline Push — AMER 2025-11,Paid Search,Paid Search,67,B,false,false,0,Working,,,,false,false,false,,2,3,U-026,,,
LEAD-10256,2025-05-17,Beacon Group,Individual Learner,Business Analyst,UAE,EMEA,Paid Search,Inbound Marketing,CMP-006,AI Search Visibility — AMER 2026-02,Paid Search,Paid Search,40,C,false,false,0,Working,,,,false,false,false,,2,4,U-017,,,
LEAD-10257,2026-01-26,Harbor Care,Salesforce Admin,CRM Manager,United Kingdom,EMEA,Paid Social,Product,CMP-007,Admin to Analyst Path — EMEA 2025-05,Paid Social,Paid Social,57,B,true,false,19,Nurture,2026-01-27,,,true,false,false,,,1,,,,
LEAD-10258,2026-01-22,Foundry Works,L&D / Enablement Manager,Training Director,United States,AMER,Webinar,Product,CMP-033,Admin to Analyst Path — EMEA 2026-07,Webinar,Webinar,54,B,true,true,88,SQL,2026-02-12,2026-02-26,,true,true,false,,,1,,U-008,,
LEAD-10259,2026-06-03,Kestrel Digital,Procurement / Finance,Procurement Manager,Spain,EMEA,Paid Social,Product,CMP-010,Certification Season — LATAM 2025-06,Paid Social,Webinar,71,A,true,false,15,Nurture,2026-06-21,,,true,false,false,,,2,,,,
LEAD-10260,2025-07-07,Solstice Motors,Analytics Lead,Head of Analytics,Mexico,AMER,Free Course,Inbound Marketing,CMP-024,Team Upskilling Offer — AMER 2025-05,Free Course,Free Course,83,A,false,false,0,MQL,2025-07-28,,,true,false,false,,4,3,U-019,,,
LEAD-10261,2026-08-20,Ember Capital,Salesforce Admin,Platform Owner,Singapore,APAC,Conference,Inbound Marketing,CMP-035,Dashboard Makeover Challenge — EMEA 2026-05,Conference,Conference,42,C,false,false,0,New,,,,false,false,false,,4,3,U-018,,,
LEAD-10262,2026-06-01,Wexler Group,Individual Learner,Junior Consultant,Indonesia,APAC,Paid Search,Inbound Marketing,CMP-006,AI Search Visibility — AMER 2026-02,Paid Search,Paid Search,44,C,false,false,0,Disqualified,,,,false,false,false,Duplicate,3,1,U-027,,,
LEAD-10263,2026-04-12,Harbor Group,Individual Learner,Data Analyst,Japan,APAC,Free Course,Product,CMP-025,Certification Season — EMEA 2025-09,Free Course,Free Course,39,C,true,false,90,Disqualified,,,,false,false,false,No Salesforce org,,0,,,,
LEAD-10264,2026-08-19,Zephyr Foods,Salesforce Admin,Platform Owner,France,EMEA,Organic Search,Inbound Marketing,CMP-017,SAQL Masterclass — AMER 2026-05,Organic Search,Organic Search,77,A,false,false,0,SQL,2026-09-07,2026-09-19,,true,true,false,,1,2,U-019,U-002,,
LEAD-10265,2026-03-22,Onyx Media,Individual Learner,Business Analyst,Japan,APAC,Free Course,Product,CMP-028,Certification Season — AMER 2025-11,Free Course,Free Course,54,B,true,false,55,Converted,2026-03-26,2026-04-11,2026-05-10,true,true,true,,,2,,U-011,ACC-1100,OPP-20057
LEAD-10266,2025-10-09,Wexler Capital,Individual Learner,Junior Consultant,Germany,EMEA,Conference,Inbound Marketing,CMP-036,Einstein Discovery Workshop — AMER 2026-04,Conference,Conference,30,C,false,false,0,Disqualified,,,,false,false,false,No budget,1,3,U-016,,,
LEAD-10267,2025-07-02,Solstice Group,Salesforce Admin,CRM Manager,Brazil,AMER,Free Course,Product,CMP-027,Q3 Pipeline Push — APAC 2025-05,Free Course,Free Course,81,A,true,false,61,MQL,2025-07-22,,,true,false,false,,,2,,,,
LEAD-10268,2026-06-18,Cobalt Partners,Individual Learner,Career Switcher,Mexico,AMER,Conference,Inbound Marketing,CMP-035,Dashboard Makeover Challenge — EMEA 2026-05,Conference,Conference,32,C,false,false,0,Working,,,,false,false,false,,2,8,U-022,,,
LEAD-10269,2026-05-04,Halcyon Energy,Individual Learner,Junior Consultant,Spain,EMEA,AI Assistant Referral,Inbound Marketing,CMP-022,Dashboard Makeover Challenge — AMER 2025-10,AI Assistant Referral,AI Assistant Referral,57,B,false,true,0,SQL,2026-05-18,2026-05-21,,true,true,false,,2,1,U-021,U-004,,
LEAD-10270,2026-05-02,Wexler Technologies,Individual Learner,Business Analyst,Brazil,AMER,Salesforce Community,Product,CMP-029,Classroom Batch Push — EMEA 2025-11,Salesforce Community,Salesforce Community,46,C,true,true,10,MQL,2026-05-22,,,true,false,false,,,0,,,,
LEAD-10271,2025-09-07,Tundra Energy,Individual Learner,Junior Consultant,Mexico,AMER,Outbound Sequence,Outbound,CMP-040,AI Search Visibility — AMER 2026-05,Outbound Sequence,Outbound Sequence,39,C,false,false,0,Nurture,2025-09-13,,,true,false,false,,0,5,U-025,,,
LEAD-10272,2026-01-16,Rivet Partners,Individual Learner,Junior Consultant,Indonesia,APAC,Webinar,Product,CMP-034,Salesforce Event Follow-up — EMEA 2026-03,Webinar,Webinar,63,B,true,true,40,SQL,2026-02-02,2026-02-06,,true,true,false,,,0,,U-005,,
LEAD-10273,2025-10-17,Aster Pharma,Individual Learner,Junior Consultant,United States,AMER,Organic Search,Product,CMP-012,AI Search Visibility — AMER 2026-07,Organic Search,Organic Search,48,C,true,false,49,Working,,,,false,false,false,,,1,,,,
LEAD-10274,2025-05-08,Zephyr Retail,Analytics Lead,Director of Sales Operations,France,EMEA,Conference,Inbound Marketing,CMP-035,Dashboard Makeover Challenge — EMEA 2026-05,Conference,Free Course,69,B,false,false,0,MQL,2025-05-19,,,true,false,false,,2,8,U-020,,,
LEAD-10275,2026-07-18,Beacon Digital,Individual Learner,Data Analyst,Brazil,AMER,Paid Search,Inbound Marketing,CMP-004,Q3 Pipeline Push — AMER 2025-11,Paid Search,Paid Search,68,B,false,false,0,SQL,2026-08-02,2026-08-15,,true,true,false,,3,5,U-022,U-010,,
LEAD-10276,2026-09-11,Orbital Capital,Analytics Lead,Head of Analytics,Singapore,APAC,SI Partner Referral,Partner / Referral,CMP-043,SAQL Masterclass — APAC 2026-01,SI Partner Referral,SI Partner Referral,78,A,false,false,0,MQL,2026-09-29,,,true,false,false,,2,2,U-019,,,
LEAD-10277,2025-10-29,Halcyon Digital,Individual Learner,Career Switcher,Brazil,AMER,Conference,Inbound Marketing,CMP-036,Einstein Discovery Workshop — AMER 2026-04,Conference,Conference,34,C,false,false,0,Working,,,,false,false,false,,4,10,U-017,,,
LEAD-10278,2025-06-13,Ember Foods,Individual Learner,Junior Consultant,Mexico,AMER,Free Course,Product,CMP-028,Certification Season — AMER 2025-11,Free Course,Free Course,94,A,true,false,46,Disqualified,,,,false,false,false,Duplicate,,1,,,,
LEAD-10279,2026-05-16,Solstice Media,Salesforce Admin,CRM Manager,Mexico,AMER,Paid Search,Inbound Marketing,CMP-001,Salesforce Event Follow-up — AMER 2026-02,Paid Search,Paid Search,52,B,false,false,0,Working,,,,false,false,false,,2,10,U-019,,,
LEAD-10280,2025-12-25,Cinder Bank,Individual Learner,Business Analyst,Canada,AMER,AI Assistant Referral,Product,CMP-020,Dashboard Makeover Challenge — AMER 2025-12,AI Assistant Referral,Paid Social,60,B,true,true,13,SQL,2026-01-10,2026-01-21,,true,true,false,,,0,,U-011,,
LEAD-10281,2026-01-11,Dovetail Energy,Individual Learner,Junior Consultant,Mexico,AMER,Organic Search,Product,CMP-015,Reports-to-CRMA Migration — AMER 2025-11,Organic Search,Organic Search,67,B,true,false,72,Converted,2026-01-28,2026-02-07,2026-03-12,true,true,true,,,1,,U-002,ACC-1132,OPP-20058
LEAD-10282,2026-04-11,Meridian Partners,Procurement / Finance,CFO,Argentina,LATAM,AI Assistant Referral,Inbound Marketing,CMP-022,Dashboard Makeover Challenge — AMER 2025-10,AI Assistant Referral,AI Assistant Referral,71,A,false,false,0,New,,,,false,false,false,,2,3,U-017,,,
LEAD-10283,2025-08-15,Harbor Group,Analytics Lead,Director of Sales Operations,Japan,APAC,Paid Social,Inbound Marketing,CMP-007,Admin to Analyst Path — EMEA 2025-05,Paid Social,Paid Social,45,C,false,false,0,New,,,,false,false,false,,1,9,U-026,,,
LEAD-10284,2025-06-22,Rivet Energy,Individual Learner,Junior Consultant,India,APAC,Organic Search,Inbound Marketing,CMP-018,Free Course Launch — AMER 2025-11,Organic Search,SI Partner Referral,48,C,false,false,0,New,,,,false,false,false,,2,4,U-020,,,
LEAD-10285,2025-11-30,Cobalt Motors,Salesforce Admin,Platform Owner,France,EMEA,Organic Search,Product,CMP-018,Free Course Launch — AMER 2025-11,Organic Search,Organic Search,54,B,true,true,40,SQL,2025-11-30,2025-12-09,,true,true,false,,,1,,U-004,,
LEAD-10286,2026-02-07,Harbor Retail,Individual Learner,Data Analyst,UAE,EMEA,SI Partner Referral,Partner / Referral,CMP-043,SAQL Masterclass — APAC 2026-01,SI Partner Referral,Free Course,28,D,false,false,0,New,,,,false,false,false,,1,5,U-022,,,
LEAD-10287,2026-02-25,Pallas Motors,Salesforce Admin,Salesforce Administrator,Japan,APAC,Salesforce Community,Product,CMP-029,Classroom Batch Push — EMEA 2025-11,Salesforce Community,Salesforce Community,73,A,true,false,39,Disqualified,,,,false,false,false,No Salesforce org,,0,,,,
LEAD-10288,2025-04-07,Beacon Digital,Individual Learner,Career Switcher,Germany,EMEA,SI Partner Referral,Partner / Referral,CMP-044,Reports-to-CRMA Migration — AMER 2025-06,SI Partner Referral,Conference,34,C,false,false,0,Working,,,,false,false,false,,3,7,U-020,,,
LEAD-10289,2026-03-18,Zephyr Energy,Salesforce Admin,Salesforce Administrator,Sweden,EMEA,Paid Social,Product,CMP-008,Admin to Analyst Path — EMEA 2026-02,Paid Social,Paid Social,47,C,true,false,26,Disqualified,,,,false,false,false,No Salesforce org,,0,,,,
LEAD-10290,2026-01-21,Cobalt Digital,Salesforce Admin,Salesforce Administrator,Mexico,AMER,AI Assistant Referral,Product,CMP-021,SAQL Masterclass — LATAM 2025-09,AI Assistant Referral,AI Assistant Referral,80,A,true,true,16,MQL,2026-02-03,,,true,false,false,,,0,,,,
LEAD-10291,2025-05-05,Foundry Logistics,Individual Learner,Business Analyst,Germany,EMEA,Free Course,Inbound Marketing,CMP-024,Team Upskilling Offer — AMER 2025-05,Free Course,Outbound Sequence,51,B,false,false,0,Disqualified,,,,false,false,false,No Salesforce org,2,2,U-024,,,
LEAD-10292,2025-05-14,Rivet Consulting,Analytics Lead,Director of Sales Operations,United States,AMER,Free Course,Product,CMP-027,Q3 Pipeline Push — APAC 2025-05,Free Course,Free Course,92,A,true,true,87,Disqualified,,,,false,false,false,Went silent,,0,,,,
LEAD-10293,2025-08-10,Kestrel Works,Analytics Lead,Head of Analytics,Brazil,AMER,Free Course,Product,CMP-026,Reports-to-CRMA Migration — AMER 2025-08,Free Course,Free Course,87,A,true,true,59,Converted,2025-08-15,2025-08-21,2025-09-23,true,true,true,,,0,,U-001,ACC-1133,OPP-20059
LEAD-10294,2026-06-13,Solstice Retail,Analytics Lead,Head of Analytics,Netherlands,EMEA,Customer Referral,Partner / Referral,CMP-045,Einstein Discovery Workshop — AMER 2025-09,Customer Referral,Webinar,60,B,false,false,0,Converted,2026-06-14,2026-06-30,2026-07-11,true,true,true,,0,10,U-019,U-003,ACC-1078,OPP-20060
LEAD-10295,2025-12-27,Cobalt Insurance,Salesforce Admin,Platform Owner,UAE,EMEA,Organic Search,Inbound Marketing,CMP-012,AI Search Visibility — AMER 2026-07,Organic Search,Outbound Sequence,60,B,false,true,0,SQL,2026-01-06,2026-01-16,,true,true,false,,1,11,U-019,U-013,,
LEAD-10296,2026-03-09,Pallas Insurance,Salesforce Admin,Salesforce Administrator,Germany,EMEA,Organic Search,Product,CMP-015,Reports-to-CRMA Migration — AMER 2025-11,Organic Search,Organic Search,84,A,true,false,28,Nurture,2026-03-24,,,true,false,false,,,1,,,,
LEAD-10297,2026-01-22,Lumen Consulting,L&D / Enablement Manager,People Development Lead,UAE,EMEA,Paid Social,Inbound Marketing,CMP-007,Admin to Analyst Path — EMEA 2025-05,Paid Social,Paid Social,40,C,false,false,0,Disqualified,,,,false,false,false,Free course is enough,3,4,U-019,,,
LEAD-10298,2026-05-12,Harbor Works,Analytics Lead,RevOps Manager,Mexico,AMER,Outbound Sequence,Outbound,CMP-041,Reports-to-CRMA Migration — AMER 2025-04,Outbound Sequence,Outbound Sequence,46,C,false,false,0,New,,,,false,false,false,,2,7,U-018,,,
LEAD-10299,2026-01-21,Lattice Retail,Procurement / Finance,Procurement Manager,Canada,AMER,Webinar,Inbound Marketing,CMP-034,Salesforce Event Follow-up — EMEA 2026-03,Webinar,Webinar,52,B,false,false,0,MQL,2026-01-28,,,true,false,false,,5,6,U-027,,,
LEAD-10300,2026-05-15,Vertex Group,Individual Learner,Career Switcher,Mexico,AMER,AI Assistant Referral,Product,CMP-021,SAQL Masterclass — LATAM 2025-09,AI Assistant Referral,AI Assistant Referral,47,C,true,false,14,Converted,2026-05-21,2026-06-15,2026-07-03,true,true,true,,,2,,U-001,ACC-1085,OPP-20061
LEAD-10301,2026-06-18,Wexler Retail,Salesforce Admin,CRM Manager,Indonesia,APAC,Outbound Sequence,Outbound,CMP-038,Certification Season — AMER 2025-04,Outbound Sequence,Outbound Sequence,29,D,false,false,0,New,,,,false,false,false,,3,1,U-020,,,
LEAD-10302,2026-07-26,Halcyon Logistics,Analytics Lead,Head of Analytics,Mexico,AMER,Organic Search,Product,CMP-018,Free Course Launch — AMER 2025-11,Organic Search,Organic Search,99,A,true,false,2,Disqualified,,,,false,false,false,Wrong geo,,1,,,,
LEAD-10303,2026-06-20,Zephyr Pharma,Analytics Lead,RevOps Manager,Mexico,AMER,Paid Search,Inbound Marketing,CMP-002,Reports-to-CRMA Migration — AMER 2025-08,Paid Search,Paid Search,76,A,false,false,0,New,,,,false,false,false,,1,7,U-020,,,
LEAD-10304,2026-06-12,Vantage Technologies,Analytics Lead,BI Lead,Brazil,AMER,Salesforce Community,Product,CMP-029,Classroom Batch Push — EMEA 2025-11,Salesforce Community,Paid Social,83,A,true,false,72,Nurture,2026-06-27,,,true,false,false,,,2,,,,
LEAD-10305,2025-08-19,Solstice Media,Analytics Lead,Director of Sales Operations,Canada,AMER,AI Assistant Referral,Inbound Marketing,CMP-021,SAQL Masterclass — LATAM 2025-09,AI Assistant Referral,Outbound Sequence,86,A,false,false,0,SQL,2025-08-23,2025-08-27,,true,true,false,,1,1,U-027,U-008,,
LEAD-10306,2025-06-26,Tundra Logistics,L&D / Enablement Manager,People Development Lead,Argentina,LATAM,Customer Referral,Partner / Referral,CMP-046,Certification Season — AMER 2026-03,Customer Referral,Customer Referral,100,A,true,true,78,SQL,2025-07-13,2025-08-05,,true,true,false,,,2,,U-010,,
LEAD-10307,2026-05-04,Pallas Motors,Analytics Lead,Director of Sales Operations,Argentina,LATAM,Customer Referral,Partner / Referral,CMP-045,Einstein Discovery Workshop — AMER 2025-09,Customer Referral,Customer Referral,67,B,false,false,0,SQL,2026-05-13,2026-05-28,,true,true,false,,3,8,U-019,U-011,,
LEAD-10308,2025-10-10,Sable Technologies,Individual Learner,Junior Consultant,Canada,AMER,Webinar,Inbound Marketing,CMP-032,Salesforce Event Follow-up — AMER 2025-12,Webinar,AI Assistant Referral,28,D,false,false,0,Disqualified,,,,false,false,false,Student — free course only,2,5,U-016,,,
LEAD-10309,2025-05-14,Zephyr Care,Analytics Lead,Director of Sales Operations,United States,AMER,Outbound Sequence,Outbound,CMP-041,Reports-to-CRMA Migration — AMER 2025-04,Outbound Sequence,Outbound Sequence,39,C,false,true,0,Disqualified,,,,false,false,false,Wrong geo,2,1,U-020,,,
LEAD-10310,2026-09-01,Juniper Capital,L&D / Enablement Manager,Training Director,Mexico,AMER,Organic Search,Product,CMP-017,SAQL Masterclass — AMER 2026-05,Organic Search,Webinar,93,A,true,false,22,SQL,2026-09-09,2026-09-12,,true,true,false,,,0,,U-013,,
LEAD-10311,2025-10-30,North Retail,L&D / Enablement Manager,People Development Lead,Netherlands,EMEA,SI Partner Referral,Partner / Referral,CMP-042,Certification Season — AMER 2025-04,SI Partner Referral,SI Partner Referral,58,B,false,false,0,SQL,2025-10-30,2025-11-21,,true,true,false,,4,2,U-023,U-012,,
LEAD-10312,2025-09-09,Foundry Bank,Individual Learner,Junior Consultant,Singapore,APAC,Organic Search,Inbound Marketing,CMP-011,Admin to Analyst Path — LATAM 2025-04,Organic Search,SI Partner Referral,45,C,false,false,0,SQL,2025-09-19,2025-10-02,,true,true,false,,2,9,U-024,U-001,,
LEAD-10313,2026-08-15,North Motors,Individual Learner,Business Analyst,United Kingdom,EMEA,Paid Search,Inbound Marketing,CMP-001,Salesforce Event Follow-up — AMER 2026-02,Paid Search,Paid Search,35,C,false,false,0,New,,,,false,false,false,,2,11,U-023,,,
LEAD-10314,2025-05-21,Dovetail Care,Individual Learner,Data Analyst,Canada,AMER,Outbound Sequence,Outbound,CMP-038,Certification Season — AMER 2025-04,Outbound Sequence,Outbound Sequence,37,C,false,false,0,Working,,,,false,false,false,,2,6,U-023,,,
LEAD-10315,2026-06-06,Pallas Bank,Individual Learner,Junior Consultant,Singapore,APAC,Salesforce Community,Product,CMP-030,SAQL Masterclass — AMER 2025-08,Salesforce Community,Salesforce Community,68,B,true,true,77,SQL,2026-06-16,2026-07-01,,true,true,false,,,0,,U-011,,
LEAD-10316,2026-08-15,North Works,Salesforce Admin,Salesforce Administrator,Netherlands,EMEA,Organic Search,Product,CMP-014,Einstein Discovery Workshop — APAC 2025-09,Organic Search,Free Course,64,B,true,false,34,SQL,2026-08-16,2026-09-06,,true,true,false,,,2,,U-002,,
LEAD-10317,2026-04-02,Wexler Foods,Salesforce Admin,Salesforce Administrator,Indonesia,APAC,AI Assistant Referral,Inbound Marketing,CMP-022,Dashboard Makeover Challenge — AMER 2025-10,AI Assistant Referral,AI Assistant Referral,62,B,false,false,0,Nurture,2026-04-12,,,true,false,false,,3,5,U-025,,,
LEAD-10318,2025-05-22,Umbra Bank,Procurement / Finance,Head of Vendor Management,Brazil,AMER,Outbound Sequence,Outbound,CMP-040,AI Search Visibility — AMER 2026-05,Outbound Sequence,Outbound Sequence,52,B,false,false,0,MQL,2025-05-22,,,true,false,false,,2,8,U-019,,,
LEAD-10319,2026-05-29,Lattice Foods,Procurement / Finance,Head of Vendor Management,United States,AMER,Free Course,Product,CMP-028,Certification Season — AMER 2025-11,Free Course,Free Course,100,A,true,false,10,Converted,2026-06-07,2026-06-18,2026-07-22,true,true,true,,,1,,U-010,ACC-1089,OPP-20062
LEAD-10320,2026-08-12,Onyx Partners,Salesforce Admin,CRM Manager,Chile,LATAM,Outbound Sequence,Outbound,CMP-038,Certification Season — AMER 2025-04,Outbound Sequence,SI Partner Referral,40,C,false,false,0,New,,,,false,false,false,,1,7,U-026,,,
LEAD-10321,2025-04-13,Vertex Care,L&D / Enablement Manager,People Development Lead,Indonesia,APAC,Webinar,Inbound Marketing,CMP-033,Admin to Analyst Path — EMEA 2026-07,Webinar,Webinar,68,B,false,false,0,MQL,2025-04-25,,,true,false,false,,2,2,U-026,,,
LEAD-10322,2025-06-19,Ember Pharma,Analytics Lead,BI Lead,United Kingdom,EMEA,Outbound Sequence,Outbound,CMP-040,AI Search Visibility — AMER 2026-05,Outbound Sequence,AI Assistant Referral,49,C,false,false,0,SQL,2025-07-06,2025-07-15,,true,true,false,,3,2,U-022,U-006,,
LEAD-10323,2025-09-27,Aster Motors,Salesforce Admin,CRM Manager,Canada,AMER,AI Assistant Referral,Product,CMP-022,Dashboard Makeover Challenge — AMER 2025-10,AI Assistant Referral,AI Assistant Referral,80,A,true,true,34,MQL,2025-10-17,,,true,false,false,,,1,,,,
LEAD-10324,2025-07-13,Foundry Consulting,Individual Learner,Junior Consultant,Australia,APAC,Customer Referral,Partner / Referral,CMP-045,Einstein Discovery Workshop — AMER 2025-09,Customer Referral,Customer Referral,46,C,true,true,3,Nurture,2025-07-18,,,true,false,false,,,0,,,,
LEAD-10325,2026-06-07,Lumen Care,Procurement / Finance,Finance Director,Australia,APAC,Organic Search,Inbound Marketing,CMP-014,Einstein Discovery Workshop — APAC 2025-09,Organic Search,Organic Search,80,A,false,false,0,SQL,2026-06-11,2026-06-24,,true,true,false,,1,2,U-026,U-010,,
LEAD-10326,2026-09-01,Ember Pharma,Salesforce Admin,Senior Salesforce Admin,Australia,APAC,Salesforce Community,Product,CMP-029,Classroom Batch Push — EMEA 2025-11,Salesforce Community,Salesforce Community,57,B,true,false,64,Nurture,2026-09-12,,,true,false,false,,,1,,,,
LEAD-10327,2026-07-02,Juniper Partners,Analytics Lead,RevOps Manager,United Kingdom,EMEA,Paid Social,Inbound Marketing,CMP-010,Certification Season — LATAM 2025-06,Paid Social,Paid Social,35,C,false,false,0,Converted,2026-07-11,2026-07-13,2026-07-29,true,true,true,,0,9,U-015,U-004,ACC-1073,OPP-20063
LEAD-10328,2025-04-14,Lattice Systems,Individual Learner,Business Analyst,Sweden,EMEA,Outbound Sequence,Outbound,CMP-040,AI Search Visibility — AMER 2026-05,Outbound Sequence,Outbound Sequence,2,D,false,false,0,Disqualified,,,,false,false,false,Competitor,3,5,U-026,,,
LEAD-10329,2026-04-21,Vertex Logistics,Salesforce Admin,Senior Salesforce Admin,Brazil,AMER,AI Assistant Referral,Product,CMP-021,SAQL Masterclass — LATAM 2025-09,AI Assistant Referral,AI Assistant Referral,79,A,true,false,9,SQL,2026-05-08,2026-05-13,,true,true,false,,,2,,U-006,,
LEAD-10330,2026-07-27,Cobalt Partners,L&D / Enablement Manager,Training Director,Japan,APAC,AI Assistant Referral,Inbound Marketing,CMP-019,Reports-to-CRMA Migration — APAC 2026-02,AI Assistant Referral,Paid Search,71,A,false,false,0,Converted,2026-08-17,2026-08-30,2026-09-14,true,true,true,,0,10,U-024,U-007,ACC-1056,OPP-20064
LEAD-10331,2026-07-20,Onyx Media,Procurement / Finance,Finance Director,France,EMEA,Organic Search,Product,CMP-015,Reports-to-CRMA Migration — AMER 2025-11,Organic Search,Conference,99,A,true,true,55,Converted,2026-07-26,2026-08-12,2026-09-03,true,true,true,,,1,,U-009,ACC-1078,OPP-20065
LEAD-10332,2026-08-29,Lumen Consulting,Salesforce Admin,CRM Manager,Australia,APAC,Conference,Inbound Marketing,CMP-035,Dashboard Makeover Challenge — EMEA 2026-05,Conference,Conference,52,B,false,false,0,MQL,2026-09-03,,,true,false,false,,4,7,U-027,,,
LEAD-10333,2025-11-22,Zephyr Health,Individual Learner,Junior Consultant,Indonesia,APAC,Organic Search,Inbound Marketing,CMP-018,Free Course Launch — AMER 2025-11,Organic Search,Conference,41,C,false,false,0,Working,,,,false,false,false,,1,1,U-015,,,
LEAD-10334,2026-07-19,Harbor Foods,L&D / Enablement Manager,L&D Manager,UAE,EMEA,Organic Search,Inbound Marketing,CMP-018,Free Course Launch — AMER 2025-11,Organic Search,Organic Search,83,A,false,true,0,SQL,2026-08-02,2026-08-24,,true,true,false,,1,11,U-025,U-009,,
LEAD-10335,2026-07-15,Wexler Foods,Salesforce Admin,Senior Salesforce Admin,Canada,AMER,Paid Search,Inbound Marketing,CMP-004,Q3 Pipeline Push — AMER 2025-11,Paid Search,AI Assistant Referral,62,B,false,false,0,Working,,,,false,false,false,,1,7,U-019,,,
LEAD-10336,2026-05-17,Rivet Systems,Individual Learner,Business Analyst,Canada,AMER,Paid Social,Product,CMP-007,Admin to Analyst Path — EMEA 2025-05,Paid Social,SI Partner Referral,49,C,true,true,67,SQL,2026-05-25,2026-06-05,,true,true,false,,,0,,U-011,,
LEAD-10337,2025-04-17,Rivet Capital,L&D / Enablement Manager,Head of Enablement,Japan,APAC,Paid Search,Product,CMP-006,AI Search Visibility — AMER 2026-02,Paid Search,Paid Search,74,A,true,false,20,Converted,2025-05-04,2025-05-22,2025-06-10,true,true,true,,,2,,U-001,ACC-1025,OPP-20066
LEAD-10338,2025-12-24,Lumen Energy,Individual Learner,Data Analyst,United States,AMER,Paid Social,Inbound Marketing,CMP-007,Admin to Analyst Path — EMEA 2025-05,Paid Social,Paid Social,4,D,false,false,0,New,,,,false,false,false,,3,1,U-022,,,
LEAD-10339,2026-08-20,Halcyon Insurance,Individual Learner,Junior Consultant,Mexico,AMER,Outbound Sequence,Outbound,CMP-038,Certification Season — AMER 2025-04,Outbound Sequence,Outbound Sequence,31,C,false,false,0,Disqualified,,,,false,false,false,Duplicate,3,11,U-020,,,
LEAD-10340,2025-06-03,Wexler Motors,Individual Learner,Junior Consultant,Canada,AMER,Salesforce Community,Inbound Marketing,CMP-031,Admin to Analyst Path — EMEA 2026-07,Salesforce Community,Salesforce Community,35,C,false,true,0,New,,,,false,false,false,,2,2,U-023,,,
LEAD-10341,2026-03-11,Onyx Telecom,Analytics Lead,Head of Analytics,Indonesia,APAC,Paid Search,Product,CMP-006,AI Search Visibility — AMER 2026-02,Paid Search,Customer Referral,96,A,true,true,54,Nurture,2026-03-28,,,true,false,false,,,1,,,,
LEAD-10342,2026-05-16,Meridian Digital,L&D / Enablement Manager,L&D Manager,UAE,EMEA,Conference,Inbound Marketing,CMP-035,Dashboard Makeover Challenge — EMEA 2026-05,Conference,Conference,69,B,false,false,0,Converted,2026-05-27,2026-06-03,2026-07-02,true,true,true,,2,1,U-022,U-004,ACC-1134,OPP-20067
LEAD-10343,2026-01-30,Halcyon Bank,Individual Learner,Career Switcher,United States,AMER,AI Assistant Referral,Product,CMP-019,Reports-to-CRMA Migration — APAC 2026-02,AI Assistant Referral,Outbound Sequence,68,B,true,false,0,Working,,,,false,false,false,,,1,,,,
LEAD-10344,2025-05-15,Onyx Digital,Analytics Lead,Head of Analytics,Germany,EMEA,Conference,Inbound Marketing,CMP-036,Einstein Discovery Workshop — AMER 2026-04,Conference,Conference,41,C,false,false,0,Disqualified,,,,false,false,false,Student — free course only,3,6,U-026,,,
LEAD-10345,2025-05-14,Onyx Systems,Individual Learner,Junior Consultant,India,APAC,Paid Search,Inbound Marketing,CMP-006,AI Search Visibility — AMER 2026-02,Paid Search,Paid Search,33,C,false,false,0,Disqualified,,,,false,false,false,No Salesforce org,1,8,U-019,,,
LEAD-10346,2025-09-07,Lattice Systems,Individual Learner,Business Analyst,Brazil,AMER,Outbound Sequence,Outbound,CMP-039,Reports-to-CRMA Migration — EMEA 2026-02,Outbound Sequence,Outbound Sequence,24,D,false,false,0,Disqualified,,,,false,false,false,Wrong geo,0,7,U-023,,,
LEAD-10347,2025-05-14,Vantage Motors,Salesforce Admin,Platform Owner,United States,AMER,Paid Social,Inbound Marketing,CMP-010,Certification Season — LATAM 2025-06,Paid Social,Paid Social,37,C,false,false,0,SQL,2025-05-19,2025-06-14,,true,true,false,,0,2,U-023,U-013,,
LEAD-10348,2025-07-07,Zephyr Logistics,Salesforce Admin,Platform Owner,Indonesia,APAC,Outbound Sequence,Outbound,CMP-039,Reports-to-CRMA Migration — EMEA 2026-02,Outbound Sequence,Paid Social,42,C,false,false,0,Nurture,2025-07-19,,,true,false,false,,2,9,U-021,,,
LEAD-10349,2026-06-18,Ember Telecom,Procurement / Finance,CFO,United States,AMER,Paid Search,Inbound Marketing,CMP-004,Q3 Pipeline Push — AMER 2025-11,Paid Search,Paid Search,97,A,false,false,0,Working,,,,false,false,false,,2,4,U-017,,,
LEAD-10350,2025-07-15,Kestrel Partners,Salesforce Admin,Senior Salesforce Admin,Brazil,AMER,Conference,Inbound Marketing,CMP-035,Dashboard Makeover Challenge — EMEA 2026-05,Conference,Conference,54,B,false,false,0,MQL,2025-07-20,,,true,false,false,,2,3,U-027,,,
LEAD-10351,2026-08-19,North Foods,Procurement / Finance,Procurement Manager,Brazil,AMER,AI Assistant Referral,Product,CMP-020,Dashboard Makeover Challenge — AMER 2025-12,AI Assistant Referral,AI Assistant Referral,76,A,true,true,43,Converted,2026-08-25,2026-08-27,2026-09-07,true,true,true,,,1,,U-013,ACC-1093,OPP-20068
LEAD-10352,2025-09-11,Cinder Works,Procurement / Finance,CFO,Canada,AMER,Paid Search,Product,CMP-002,Reports-to-CRMA Migration — AMER 2025-08,Paid Search,Paid Search,92,A,true,true,44,SQL,2025-09-25,2025-10-01,,true,true,false,,,2,,U-014,,
LEAD-10353,2025-11-29,Onyx Consulting,Individual Learner,Junior Consultant,Colombia,LATAM,Paid Social,Inbound Marketing,CMP-009,Salesforce Event Follow-up — AMER 2026-01,Paid Social,Paid Social,20,D,false,false,0,Disqualified,,,,false,false,false,Free course is enough,0,5,U-025,,,
LEAD-10354,2025-04-15,Ember Works,Individual Learner,Data Analyst,Brazil,AMER,Free Course,Product,CMP-024,Team Upskilling Offer — AMER 2025-05,Free Course,AI Assistant Referral,59,B,true,true,58,New,,,,false,false,false,,,1,,,,
LEAD-10355,2025-12-05,Wexler Health,Individual Learner,Data Analyst,Spain,EMEA,Salesforce Community,Product,CMP-030,SAQL Masterclass — AMER 2025-08,Salesforce Community,Webinar,27,D,true,false,7,Disqualified,,,,false,false,false,Duplicate,,0,,,,
LEAD-10356,2025-08-16,Tundra Bank,Individual Learner,Junior Consultant,Singapore,APAC,Organic Search,Product,CMP-011,Admin to Analyst Path — LATAM 2025-04,Organic Search,Conference,59,B,true,false,70,Converted,2025-08-27,2025-09-02,2025-09-20,true,true,true,,,2,,U-004,ACC-1005,OPP-20069
LEAD-10357,2025-10-28,Cinder Energy,Individual Learner,Career Switcher,Japan,APAC,Webinar,Inbound Marketing,CMP-032,Salesforce Event Follow-up — AMER 2025-12,Webinar,Organic Search,32,C,false,false,0,Disqualified,,,,false,false,false,Student — free course only,2,2,U-027,,,
LEAD-10358,2025-08-05,Quanta Partners,Individual Learner,Junior Consultant,Germany,EMEA,Outbound Sequence,Outbound,CMP-040,AI Search Visibility — AMER 2026-05,Outbound Sequence,Customer Referral,21,D,false,false,0,SQL,2025-08-11,2025-08-13,,true,true,false,,3,9,U-022,U-005,,
LEAD-10359,2026-06-15,Vertex Group,Salesforce Admin,CRM Manager,Netherlands,EMEA,Paid Search,Product,CMP-002,Reports-to-CRMA Migration — AMER 2025-08,Paid Search,Paid Search,83,A,true,false,25,MQL,2026-07-03,,,true,false,false,,,1,,,,
LEAD-10360,2026-06-10,Lattice Motors,Individual Learner,Career Switcher,Germany,EMEA,Paid Search,Inbound Marketing,CMP-003,Free Course Launch — EMEA 2025-12,Paid Search,Paid Search,82,A,false,false,0,SQL,2026-06-15,2026-07-01,,true,true,false,,2,5,U-023,U-001,,
LEAD-10361,2026-02-12,Umbra Technologies,Salesforce Admin,Platform Owner,United States,AMER,Paid Social,Product,CMP-009,Salesforce Event Follow-up — AMER 2026-01,Paid Social,Paid Social,65,B,true,true,33,Converted,2026-02-16,2026-02-24,2026-03-19,true,true,true,,,2,,U-001,ACC-1126,OPP-20070
LEAD-10362,2025-05-12,Cobalt Health,Individual Learner,Career Switcher,Mexico,AMER,AI Assistant Referral,Product,CMP-019,Reports-to-CRMA Migration — APAC 2026-02,AI Assistant Referral,Organic Search,49,C,true,true,30,New,,,,false,false,false,,,0,,,,
LEAD-10363,2026-02-12,Dovetail Group,Procurement / Finance,Finance Director,Mexico,AMER,Organic Search,Product,CMP-018,Free Course Launch — AMER 2025-11,Organic Search,Organic Search,77,A,true,false,56,Converted,2026-03-02,2026-03-08,2026-03-23,true,true,true,,,2,,U-002,ACC-1014,OPP-20071
LEAD-10364,2026-01-07,Onyx Pharma,Individual Learner,Data Analyst,Sweden,EMEA,Organic Search,Product,CMP-011,Admin to Analyst Path — LATAM 2025-04,Organic Search,Organic Search,70,A,true,true,2,Nurture,2026-01-17,,,true,false,false,,,0,,,,
LEAD-10365,2026-04-25,Wexler Technologies,Individual Learner,Junior Consultant,Australia,APAC,Paid Search,Inbound Marketing,CMP-005,Certification Season — AMER 2025-12,Paid Search,Paid Search,71,A,false,false,0,Nurture,2026-05-05,,,true,false,false,,3,2,U-015,,,
LEAD-10366,2025-11-15,Meridian Bank,Procurement / Finance,CFO,Germany,EMEA,Paid Social,Product,CMP-009,Salesforce Event Follow-up — AMER 2026-01,Paid Social,Customer Referral,53,B,true,true,61,SQL,2025-11-16,2025-11-30,,true,true,false,,,1,,U-002,,
LEAD-10367,2025-09-25,Aster Pharma,Procurement / Finance,Procurement Manager,United States,AMER,Conference,Inbound Marketing,CMP-035,Dashboard Makeover Challenge — EMEA 2026-05,Conference,SI Partner Referral,65,B,false,false,0,SQL,2025-10-02,2025-10-24,,true,true,false,,4,2,U-016,U-006,,
LEAD-10368,2026-06-30,Umbra Care,Individual Learner,Business Analyst,Japan,APAC,Free Course,Product,CMP-023,Dashboard Makeover Challenge — AMER 2025-06,Free Course,Webinar,65,B,true,true,6,SQL,2026-07-16,2026-08-02,,true,true,false,,,0,,U-011,,
LEAD-10369,2026-02-13,Kestrel Logistics,Analytics Lead,RevOps Manager,France,EMEA,Customer Referral,Partner / Referral,CMP-045,Einstein Discovery Workshop — AMER 2025-09,Customer Referral,Conference,63,B,false,true,0,MQL,2026-02-26,,,true,false,false,,0,10,U-016,,,
LEAD-10370,2025-12-29,Juniper Consulting,Procurement / Finance,Procurement Manager,United Kingdom,EMEA,Paid Search,Product,CMP-001,Salesforce Event Follow-up — AMER 2026-02,Paid Search,Paid Search,79,A,true,true,31,New,,,,false,false,false,,,0,,,,
LEAD-10371,2025-06-30,Harbor Media,L&D / Enablement Manager,Training Director,United Kingdom,EMEA,Paid Social,Inbound Marketing,CMP-010,Certification Season — LATAM 2025-06,Paid Social,Paid Social,49,C,false,false,0,Working,,,,false,false,false,,1,1,U-022,,,
LEAD-10372,2025-12-03,Harbor Health,Individual Learner,Junior Consultant,Mexico,AMER,Organic Search,Inbound Marketing,CMP-012,AI Search Visibility — AMER 2026-07,Organic Search,Free Course,54,B,false,false,0,SQL,2025-12-18,2026-01-01,,true,true,false,,3,10,U-017,U-010,,
LEAD-10373,2025-09-05,Rivet Technologies,Salesforce Admin,Salesforce Administrator,Netherlands,EMEA,AI Assistant Referral,Inbound Marketing,CMP-019,Reports-to-CRMA Migration — APAC 2026-02,AI Assistant Referral,AI Assistant Referral,63,B,false,false,0,Converted,2025-09-21,2025-09-27,2025-09-29,true,true,true,,3,2,U-015,U-006,ACC-1025,OPP-20072
LEAD-10374,2026-02-09,Foundry Retail,Salesforce Admin,Platform Owner,Germany,EMEA,Conference,Inbound Marketing,CMP-035,Dashboard Makeover Challenge — EMEA 2026-05,Conference,Conference,75,A,false,false,0,Converted,2026-02-25,2026-03-22,2026-04-18,true,true,true,,0,9,U-015,U-001,ACC-1047,OPP-20073
LEAD-10375,2026-04-12,Lattice Logistics,L&D / Enablement Manager,Training Director,United States,AMER,SI Partner Referral,Partner / Referral,CMP-043,SAQL Masterclass — APAC 2026-01,SI Partner Referral,SI Partner Referral,95,A,false,false,0,Nurture,2026-04-18,,,true,false,false,,3,2,U-023,,,
LEAD-10376,2025-09-01,Meridian Consulting,L&D / Enablement Manager,Head of Enablement,Germany,EMEA,Outbound Sequence,Outbound,CMP-038,Certification Season — AMER 2025-04,Outbound Sequence,Outbound Sequence,68,B,false,false,0,SQL,2025-09-06,2025-09-20,,true,true,false,,1,2,U-022,U-004,,
LEAD-10377,2025-04-12,Aster Works,Analytics Lead,BI Lead,Sweden,EMEA,Webinar,Inbound Marketing,CMP-033,Admin to Analyst Path — EMEA 2026-07,Webinar,Webinar,61,B,false,false,0,MQL,2025-04-30,,,true,false,false,,2,2,U-019,,,
LEAD-10378,2025-05-22,Wexler Consulting,L&D / Enablement Manager,People Development Lead,Canada,AMER,Free Course,Product,CMP-028,Certification Season — AMER 2025-11,Free Course,Free Course,76,A,true,false,30,MQL,2025-05-24,,,true,false,false,,,1,,,,
LEAD-10379,2025-09-03,Wexler Retail,Salesforce Admin,CRM Manager,Canada,AMER,Organic Search,Product,CMP-011,Admin to Analyst Path — LATAM 2025-04,Organic Search,Organic Search,81,A,true,true,46,Converted,2025-09-04,2025-09-05,2025-09-11,true,true,true,,,2,,U-006,ACC-1003,OPP-20074
LEAD-10380,2025-12-06,Dovetail Consulting,Analytics Lead,Director of Sales Operations,Canada,AMER,Outbound Sequence,Outbound,CMP-037,Team Upskilling Offer — EMEA 2025-04,Outbound Sequence,Outbound Sequence,46,C,false,true,0,Converted,2025-12-12,2025-12-20,2026-01-04,true,true,true,,2,4,U-018,U-008,ACC-1034,OPP-20075
LEAD-10381,2026-04-15,Juniper Group,Individual Learner,Career Switcher,Spain,EMEA,Organic Search,Inbound Marketing,CMP-018,Free Course Launch — AMER 2025-11,Organic Search,AI Assistant Referral,50,B,false,false,0,MQL,2026-04-16,,,true,false,false,,1,8,U-016,,,
LEAD-10382,2026-08-29,Quanta Telecom,Individual Learner,Business Analyst,Spain,EMEA,Organic Search,Inbound Marketing,CMP-012,AI Search Visibility — AMER 2026-07,Organic Search,Outbound Sequence,31,C,false,false,0,Disqualified,,,,false,false,false,Student — free course only,4,10,U-015,,,
LEAD-10383,2026-01-09,Aster Bank,Individual Learner,Junior Consultant,United States,AMER,Paid Search,Product,CMP-002,Reports-to-CRMA Migration — AMER 2025-08,Paid Search,Paid Search,47,C,true,true,10,MQL,2026-01-18,,,true,false,false,,,0,,,,
LEAD-10384,2026-02-17,Wexler Care,Procurement / Finance,CFO,Japan,APAC,Organic Search,Product,CMP-017,SAQL Masterclass — AMER 2026-05,Organic Search,Organic Search,97,A,true,true,83,SQL,2026-03-01,2026-03-25,,true,true,false,,,1,,U-010,,
LEAD-10385,2026-01-30,Halcyon Pharma,Individual Learner,Data Analyst,United Kingdom,EMEA,Salesforce Community,Product,CMP-031,Admin to Analyst Path — EMEA 2026-07,Salesforce Community,Salesforce Community,47,C,true,false,92,Nurture,2026-02-20,,,true,false,false,,,1,,,,
LEAD-10386,2026-04-01,Vertex Capital,L&D / Enablement Manager,L&D Manager,Netherlands,EMEA,Organic Search,Product,CMP-014,Einstein Discovery Workshop — APAC 2025-09,Organic Search,Paid Social,85,A,true,true,9,Disqualified,,,,false,false,false,No Salesforce org,,0,,,,
LEAD-10387,2026-04-22,Meridian Foods,Individual Learner,Data Analyst,United States,AMER,Outbound Sequence,Outbound,CMP-040,AI Search Visibility — AMER 2026-05,Outbound Sequence,Paid Search,33,C,false,false,0,Disqualified,,,,false,false,false,Went silent,1,4,U-023,,,
LEAD-10388,2025-09-01,Rivet Foods,L&D / Enablement Manager,People Development Lead,Indonesia,APAC,Outbound Sequence,Outbound,CMP-039,Reports-to-CRMA Migration — EMEA 2026-02,Outbound Sequence,Organic Search,39,C,false,false,0,Disqualified,,,,false,false,false,Duplicate,2,1,U-020,,,
LEAD-10389,2025-07-02,Quanta Care,Analytics Lead,RevOps Manager,Brazil,AMER,Free Course,Product,CMP-027,Q3 Pipeline Push — APAC 2025-05,Free Course,Paid Search,78,A,true,false,25,Working,,,,false,false,false,,,2,,,,
LEAD-10390,2025-04-01,Orbital Bank,Individual Learner,Data Analyst,Sweden,EMEA,Webinar,Product,CMP-032,Salesforce Event Follow-up — AMER 2025-12,Webinar,Organic Search,49,C,true,true,53,Nurture,2025-04-01,,,true,false,false,,,2,,,,
LEAD-10391,2025-10-12,Cinder Works,Procurement / Finance,Finance Director,Netherlands,EMEA,Organic Search,Product,CMP-018,Free Course Launch — AMER 2025-11,Organic Search,SI Partner Referral,81,A,true,false,77,Nurture,2025-10-27,,,true,false,false,,,2,,,,
LEAD-10392,2025-09-13,Wexler Motors,Salesforce Admin,Platform Owner,Singapore,APAC,Conference,Inbound Marketing,CMP-035,Dashboard Makeover Challenge — EMEA 2026-05,Conference,Organic Search,55,B,false,false,0,Working,,,,false,false,false,,3,9,U-016,,,
LEAD-10393,2025-08-21,Dovetail Partners,Individual Learner,Data Analyst,Japan,APAC,Free Course,Product,CMP-026,Reports-to-CRMA Migration — AMER 2025-08,Free Course,Free Course,62,B,true,true,30,Converted,2025-08-21,2025-09-04,2025-09-10,true,true,true,,,0,,U-006,ACC-1110,OPP-20076
LEAD-10394,2026-01-11,Wexler Technologies,Salesforce Admin,Platform Owner,UAE,EMEA,Paid Search,Product,CMP-003,Free Course Launch — EMEA 2025-12,Paid Search,Conference,59,B,true,true,13,Nurture,2026-01-21,,,true,false,false,,,2,,,,
LEAD-10395,2025-11-17,Lumen Pharma,Salesforce Admin,Salesforce Administrator,United Kingdom,EMEA,SI Partner Referral,Partner / Referral,CMP-044,Reports-to-CRMA Migration — AMER 2025-06,SI Partner Referral,SI Partner Referral,78,A,false,false,0,Converted,2025-11-21,2025-11-25,2025-12-17,true,true,true,,1,10,U-017,U-011,ACC-1090,OPP-20077
LEAD-10396,2025-07-05,Beacon Digital,Individual Learner,Career Switcher,Brazil,AMER,Customer Referral,Partner / Referral,CMP-045,Einstein Discovery Workshop — AMER 2025-09,Customer Referral,SI Partner Referral,74,A,true,false,97,MQL,2025-07-13,,,true,false,false,,,1,,,,
LEAD-10397,2025-10-02,Foundry Telecom,L&D / Enablement Manager,Head of Enablement,Canada,AMER,AI Assistant Referral,Product,CMP-020,Dashboard Makeover Challenge — AMER 2025-12,AI Assistant Referral,AI Assistant Referral,98,A,true,true,21,Disqualified,,,,false,false,false,No budget,,1,,,,
LEAD-10398,2026-03-03,Harbor Health,Procurement / Finance,Head of Vendor Management,Brazil,AMER,Webinar,Inbound Marketing,CMP-032,Salesforce Event Follow-up — AMER 2025-12,Webinar,Webinar,49,C,false,false,0,MQL,2026-03-04,,,true,false,false,,4,2,U-016,,,
LEAD-10399,2026-03-30,Wexler Media,Individual Learner,Junior Consultant,Sweden,EMEA,Free Course,Inbound Marketing,CMP-026,Reports-to-CRMA Migration — AMER 2025-08,Free Course,Customer Referral,37,C,false,false,0,Disqualified,,,,false,false,false,Free course is enough,3,11,U-024,,,
LEAD-10400,2026-08-01,Kestrel Technologies,Analytics Lead,Director of Sales Operations,Indonesia,APAC,Outbound Sequence,Outbound,CMP-041,Reports-to-CRMA Migration — AMER 2025-04,Outbound Sequence,Outbound Sequence,35,C,false,false,0,Disqualified,,,,false,false,false,Wrong geo,0,9,U-020,,,
LEAD-10401,2026-07-30,Vertex Technologies,Individual Learner,Junior Consultant,Brazil,AMER,Paid Social,Product,CMP-009,Salesforce Event Follow-up — AMER 2026-01,Paid Social,Paid Social,52,B,true,true,99,Working,,,,false,false,false,,,2,,,,
LEAD-10402,2026-07-13,Lumen Consulting,Salesforce Admin,Salesforce Administrator,Germany,EMEA,Free Course,Inbound Marketing,CMP-024,Team Upskilling Offer — AMER 2025-05,Free Course,Free Course,41,C,false,false,0,New,,,,false,false,false,,2,5,U-022,,,
LEAD-10403,2025-11-12,Lattice Group,Individual Learner,Career Switcher,Japan,APAC,Conference,Inbound Marketing,CMP-035,Dashboard Makeover Challenge — EMEA 2026-05,Conference,Conference,20,D,false,false,0,New,,,,false,false,false,,3,3,U-017,,,
LEAD-10404,2026-06-09,Solstice Insurance,L&D / Enablement Manager,L&D Manager,Germany,EMEA,Outbound Sequence,Outbound,CMP-039,Reports-to-CRMA Migration — EMEA 2026-02,Outbound Sequence,Outbound Sequence,60,B,false,false,0,Converted,2026-06-09,2026-06-16,2026-06-26,true,true,true,,2,3,U-024,U-011,ACC-1037,OPP-20078
LEAD-10405,2026-06-02,Tundra Media,Salesforce Admin,Platform Owner,Mexico,AMER,Organic Search,Inbound Marketing,CMP-013,Team Upskilling Offer — LATAM 2026-01,Organic Search,Organic Search,60,B,false,false,0,SQL,2026-06-05,2026-06-20,,true,true,false,,1,6,U-026,U-006,,
LEAD-10406,2025-08-31,Vertex Technologies,Individual Learner,Data Analyst,Singapore,APAC,Organic Search,Product,CMP-012,AI Search Visibility — AMER 2026-07,Organic Search,SI Partner Referral,54,B,true,false,85,MQL,2025-09-15,,,true,false,false,,,1,,,,
LEAD-10407,2025-05-03,Cobalt Insurance,Salesforce Admin,Salesforce Administrator,United States,AMER,Conference,Inbound Marketing,CMP-035,Dashboard Makeover Challenge — EMEA 2026-05,Conference,Conference,35,C,false,false,0,Working,,,,false,false,false,,3,9,U-017,,,
LEAD-10408,2026-06-19,Foundry Retail,Salesforce Admin,CRM Manager,Colombia,LATAM,Paid Search,Inbound Marketing,CMP-002,Reports-to-CRMA Migration — AMER 2025-08,Paid Search,Paid Search,54,B,false,false,0,New,,,,false,false,false,,2,3,U-016,,,
LEAD-10409,2025-04-20,Harbor Foods,Analytics Lead,Director of Sales Operations,Mexico,AMER,Paid Search,Inbound Marketing,CMP-003,Free Course Launch — EMEA 2025-12,Paid Search,Paid Search,64,B,false,false,0,SQL,2025-04-29,2025-05-13,,true,true,false,,1,5,U-016,U-001,,
LEAD-10410,2025-06-27,Onyx Logistics,Individual Learner,Data Analyst,Mexico,AMER,Paid Search,Inbound Marketing,CMP-002,Reports-to-CRMA Migration — AMER 2025-08,Paid Search,Paid Search,46,C,false,false,0,Converted,2025-07-07,2025-08-02,2025-08-17,true,true,true,,0,6,U-025,U-006,ACC-1122,OPP-20079
LEAD-10411,2025-04-24,Vantage Bank,Procurement / Finance,Procurement Manager,Japan,APAC,Paid Search,Product,CMP-006,AI Search Visibility — AMER 2026-02,Paid Search,Free Course,87,A,true,false,66,SQL,2025-04-28,2025-05-21,,true,true,false,,,2,,U-003,,
LEAD-10412,2025-07-28,Solstice Partners,Salesforce Admin,Salesforce Administrator,Canada,AMER,Free Course,Product,CMP-024,Team Upskilling Offer — AMER 2025-05,Free Course,Customer Referral,82,A,true,false,31,New,,,,false,false,false,,,0,,,,
LEAD-10413,2025-06-23,Orbital Energy,Salesforce Admin,Senior Salesforce Admin,Mexico,AMER,Paid Search,Inbound Marketing,CMP-002,Reports-to-CRMA Migration — AMER 2025-08,Paid Search,Paid Social,48,C,false,false,0,Converted,2025-07-11,2025-08-06,2025-08-16,true,true,true,,0,8,U-021,U-001,ACC-1088,OPP-20080
LEAD-10414,2026-05-27,Dovetail Motors,Individual Learner,Junior Consultant,Mexico,AMER,Paid Search,Inbound Marketing,CMP-006,AI Search Visibility — AMER 2026-02,Paid Search,Paid Search,54,B,false,false,0,Converted,2026-06-03,2026-06-24,2026-06-30,true,true,true,,3,5,U-023,U-003,ACC-1022,OPP-20081
LEAD-10415,2025-12-28,Zephyr Insurance,Procurement / Finance,CFO,Australia,APAC,AI Assistant Referral,Product,CMP-021,SAQL Masterclass — LATAM 2025-09,AI Assistant Referral,AI Assistant Referral,95,A,true,true,63,New,,,,false,false,false,,,2,,,,
LEAD-10416,2025-11-10,Cobalt Partners,Analytics Lead,Director of Sales Operations,UAE,EMEA,AI Assistant Referral,Product,CMP-022,Dashboard Makeover Challenge — AMER 2025-10,AI Assistant Referral,AI Assistant Referral,84,A,true,true,27,Disqualified,,,,false,false,false,Went silent,,0,,,,
LEAD-10417,2026-04-25,Meridian Consulting,L&D / Enablement Manager,Head of Enablement,Brazil,AMER,Outbound Sequence,Outbound,CMP-037,Team Upskilling Offer — EMEA 2025-04,Outbound Sequence,Outbound Sequence,39,C,true,false,5,New,,,,false,false,false,,0,10,U-022,,,
LEAD-10418,2025-11-14,Vertex Pharma,Analytics Lead,Director of Sales Operations,Chile,LATAM,Salesforce Community,Product,CMP-029,Classroom Batch Push — EMEA 2025-11,Salesforce Community,Salesforce Community,72,A,true,true,26,SQL,2025-12-01,2025-12-16,,true,true,false,,,1,,U-010,,
LEAD-10419,2026-06-23,Meridian Insurance,L&D / Enablement Manager,People Development Lead,Australia,APAC,Organic Search,Inbound Marketing,CMP-015,Reports-to-CRMA Migration — AMER 2025-11,Organic Search,Organic Search,76,A,false,false,0,New,,,,false,false,false,,1,3,U-016,,,
LEAD-10420,2026-01-03,Foundry Logistics,Analytics Lead,BI Lead,United States,AMER,Conference,Inbound Marketing,CMP-036,Einstein Discovery Workshop — AMER 2026-04,Conference,Conference,79,A,false,false,0,Converted,2026-01-24,2026-01-25,2026-02-15,true,true,true,,2,6,U-023,U-004,ACC-1071,OPP-20082
LEAD-10421,2026-08-12,Zephyr Logistics,L&D / Enablement Manager,L&D Manager,Canada,AMER,Customer Referral,Partner / Referral,CMP-045,Einstein Discovery Workshop — AMER 2025-09,Customer Referral,Customer Referral,100,A,true,false,43,Disqualified,,,,false,false,false,Free course is enough,,0,,,,
LEAD-10422,2026-08-11,Halcyon Telecom,Procurement / Finance,CFO,Mexico,AMER,Salesforce Community,Product,CMP-029,Classroom Batch Push — EMEA 2025-11,Salesforce Community,Salesforce Community,86,A,true,true,98,Converted,2026-08-23,2026-09-05,2026-10-02,true,true,true,,,0,,U-006,ACC-1060,OPP-20083
LEAD-10423,2026-04-23,Cobalt Technologies,Individual Learner,Career Switcher,Canada,AMER,Paid Social,Inbound Marketing,CMP-007,Admin to Analyst Path — EMEA 2025-05,Paid Social,Customer Referral,22,D,false,false,0,New,,,,false,false,false,,3,7,U-026,,,
LEAD-10424,2026-03-27,Meridian Energy,Salesforce Admin,CRM Manager,United States,AMER,Conference,Inbound Marketing,CMP-036,Einstein Discovery Workshop — AMER 2026-04,Conference,Conference,37,C,false,false,0,New,,,,false,false,false,,1,1,U-018,,,
LEAD-10425,2026-05-30,Juniper Works,L&D / Enablement Manager,People Development Lead,Brazil,AMER,AI Assistant Referral,Inbound Marketing,CMP-022,Dashboard Makeover Challenge — AMER 2025-10,AI Assistant Referral,AI Assistant Referral,75,A,false,false,0,Working,,,,false,false,false,,4,8,U-021,,,
LEAD-10426,2025-12-01,Lattice Telecom,Analytics Lead,RevOps Manager,United States,AMER,Free Course,Product,CMP-028,Certification Season — AMER 2025-11,Free Course,Free Course,90,A,true,false,34,MQL,2025-12-07,,,true,false,false,,,0,,,,
LEAD-10427,2025-11-07,Orbital Retail,Procurement / Finance,CFO,Germany,EMEA,Salesforce Community,Product,CMP-029,Classroom Batch Push — EMEA 2025-11,Salesforce Community,Salesforce Community,90,A,true,false,76,Converted,2025-11-14,2025-11-18,2025-11-29,true,true,true,,,2,,U-003,ACC-1080,OPP-20084
LEAD-10428,2025-07-28,Ember Pharma,Individual Learner,Career Switcher,Brazil,AMER,Outbound Sequence,Outbound,CMP-039,Reports-to-CRMA Migration — EMEA 2026-02,Outbound Sequence,Outbound Sequence,47,C,false,false,0,Converted,2025-08-16,2025-08-27,2025-09-23,true,true,true,,3,1,U-019,U-004,ACC-1134,OPP-20085
LEAD-10429,2026-05-31,Meridian Consulting,Analytics Lead,BI Lead,United States,AMER,Customer Referral,Partner / Referral,CMP-045,Einstein Discovery Workshop — AMER 2025-09,Customer Referral,Customer Referral,75,A,false,true,0,SQL,2026-06-20,2026-06-24,,true,true,false,,4,9,U-017,U-008,,
LEAD-10430,2026-03-22,Lumen Partners,Salesforce Admin,Salesforce Administrator,United States,AMER,Organic Search,Product,CMP-012,AI Search Visibility — AMER 2026-07,Organic Search,Paid Search,59,B,true,true,64,MQL,2026-04-06,,,true,false,false,,,1,,,,
LEAD-10431,2026-06-19,Zephyr Motors,Salesforce Admin,CRM Manager,Spain,EMEA,Outbound Sequence,Outbound,CMP-038,Certification Season — AMER 2025-04,Outbound Sequence,Outbound Sequence,49,C,false,false,0,New,,,,false,false,false,,4,8,U-024,,,
LEAD-10432,2025-08-22,Vertex Energy,Analytics Lead,Head of Analytics,UAE,EMEA,AI Assistant Referral,Inbound Marketing,CMP-022,Dashboard Makeover Challenge — AMER 2025-10,AI Assistant Referral,Conference,91,A,false,false,0,MQL,2025-09-08,,,true,false,false,,4,9,U-018,,,
LEAD-10433,2025-04-24,Aster Partners,Individual Learner,Career Switcher,Netherlands,EMEA,Paid Social,Inbound Marketing,CMP-007,Admin to Analyst Path — EMEA 2025-05,Paid Social,Conference,34,C,false,false,0,Disqualified,,,,false,false,false,Wrong geo,3,2,U-019,,,
LEAD-10434,2026-02-04,Beacon Insurance,Analytics Lead,Director of Sales Operations,Brazil,AMER,Paid Social,Inbound Marketing,CMP-007,Admin to Analyst Path — EMEA 2025-05,Paid Social,Paid Social,45,C,false,false,0,SQL,2026-02-05,2026-02-18,,true,true,false,,5,2,U-023,U-011,,
LEAD-10435,2025-06-14,Vantage Capital,Procurement / Finance,Head of Vendor Management,United States,AMER,Webinar,Product,CMP-033,Admin to Analyst Path — EMEA 2026-07,Webinar,Conference,93,A,true,true,92,SQL,2025-06-28,2025-07-12,,true,true,false,,,0,,U-014,,
LEAD-10436,2025-07-10,Kestrel Digital,Individual Learner,Data Analyst,Brazil,AMER,Paid Search,Inbound Marketing,CMP-006,AI Search Visibility — AMER 2026-02,Paid Search,Organic Search,82,A,false,false,0,Converted,2025-07-20,2025-08-01,2025-08-28,true,true,true,,3,8,U-023,U-003,ACC-1011,OPP-20086
LEAD-10437,2025-09-05,Foundry Media,Individual Learner,Data Analyst,Indonesia,APAC,Paid Search,Inbound Marketing,CMP-005,Certification Season — AMER 2025-12,Paid Search,Paid Search,46,C,false,false,0,Converted,2025-09-10,2025-09-16,2025-09-21,true,true,true,,4,11,U-015,U-006,ACC-1015,OPP-20087
LEAD-10438,2026-05-30,Vertex Retail,L&D / Enablement Manager,People Development Lead,Australia,APAC,Paid Search,Product,CMP-004,Q3 Pipeline Push — AMER 2025-11,Paid Search,Salesforce Community,100,A,true,false,58,MQL,2026-06-02,,,true,false,false,,,1,,,,
LEAD-10439,2026-03-13,Beacon Care,L&D / Enablement Manager,Head of Enablement,Germany,EMEA,AI Assistant Referral,Product,CMP-021,SAQL Masterclass — LATAM 2025-09,AI Assistant Referral,AI Assistant Referral,85,A,true,false,24,Nurture,2026-03-23,,,true,false,false,,,1,,,,
LEAD-10440,2026-06-24,Aster Consulting,L&D / Enablement Manager,L&D Manager,Canada,AMER,Free Course,Product,CMP-027,Q3 Pipeline Push — APAC 2025-05,Free Course,Free Course,89,A,true,true,98,MQL,2026-06-27,,,true,false,false,,,0,,,,
LEAD-10441,2025-08-13,Rivet Telecom,L&D / Enablement Manager,Training Director,United States,AMER,Customer Referral,Partner / Referral,CMP-045,Einstein Discovery Workshop — AMER 2025-09,Customer Referral,Customer Referral,82,A,false,false,0,Nurture,2025-08-28,,,true,false,false,,1,9,U-020,,,
LEAD-10442,2025-12-29,Lumen Technologies,L&D / Enablement Manager,Training Director,UAE,EMEA,Paid Social,Product,CMP-008,Admin to Analyst Path — EMEA 2026-02,Paid Social,Paid Social,83,A,true,false,86,SQL,2026-01-08,2026-01-26,,true,true,false,,,0,,U-014,,
LEAD-10443,2025-10-29,Orbital Bank,Salesforce Admin,Senior Salesforce Admin,United States,AMER,AI Assistant Referral,Inbound Marketing,CMP-021,SAQL Masterclass — LATAM 2025-09,AI Assistant Referral,AI Assistant Referral,47,C,false,false,0,Converted,2025-11-01,2025-11-27,2025-12-10,true,true,true,,1,11,U-026,U-005,ACC-1129,OPP-20088
LEAD-10444,2025-08-26,Dovetail Capital,Analytics Lead,RevOps Manager,France,EMEA,Organic Search,Product,CMP-013,Team Upskilling Offer — LATAM 2026-01,Organic Search,Paid Social,56,B,true,true,95,Converted,2025-09-03,2025-09-24,2025-09-27,true,true,true,,,0,,U-005,ACC-1072,OPP-20089
LEAD-10445,2026-03-22,Umbra Logistics,Procurement / Finance,Finance Director,Canada,AMER,Outbound Sequence,Outbound,CMP-038,Certification Season — AMER 2025-04,Outbound Sequence,Customer Referral,66,B,false,false,0,Nurture,2026-04-04,,,true,false,false,,2,5,U-021,,,
LEAD-10446,2025-12-25,Dovetail Works,Analytics Lead,RevOps Manager,Spain,EMEA,Paid Social,Product,CMP-007,Admin to Analyst Path — EMEA 2025-05,Paid Social,AI Assistant Referral,62,B,true,false,36,Converted,2026-01-04,2026-01-10,2026-01-24,true,true,true,,,1,,U-009,ACC-1113,OPP-20090
LEAD-10447,2025-05-21,Foundry Pharma,Individual Learner,Junior Consultant,Australia,APAC,Outbound Sequence,Outbound,CMP-037,Team Upskilling Offer — EMEA 2025-04,Outbound Sequence,Webinar,11,D,false,false,0,New,,,,false,false,false,,1,11,U-025,,,
LEAD-10448,2025-06-02,Pallas Capital,Analytics Lead,RevOps Manager,India,APAC,Organic Search,Product,CMP-017,SAQL Masterclass — AMER 2026-05,Organic Search,Organic Search,67,B,true,true,23,SQL,2025-06-03,2025-06-18,,true,true,false,,,2,,U-001,,
LEAD-10449,2026-06-11,Beacon Insurance,L&D / Enablement Manager,L&D Manager,Australia,APAC,Organic Search,Product,CMP-016,Dashboard Makeover Challenge — AMER 2026-04,Organic Search,Organic Search,85,A,true,false,63,MQL,2026-06-25,,,true,false,false,,,1,,,,
LEAD-10450,2026-08-28,Cinder Bank,Analytics Lead,Head of Analytics,United States,AMER,Organic Search,Inbound Marketing,CMP-011,Admin to Analyst Path — LATAM 2025-04,Organic Search,SI Partner Referral,55,B,false,false,0,Disqualified,,,,false,false,false,Free course is enough,2,10,U-022,,,
LEAD-10451,2025-11-04,Foundry Media,Procurement / Finance,Procurement Manager,United States,AMER,Outbound Sequence,Outbound,CMP-039,Reports-to-CRMA Migration — EMEA 2026-02,Outbound Sequence,Free Course,63,B,false,false,0,MQL,2025-11-15,,,true,false,false,,3,9,U-019,,,
LEAD-10452,2026-06-02,Foundry Group,Salesforce Admin,CRM Manager,Germany,EMEA,Outbound Sequence,Outbound,CMP-038,Certification Season — AMER 2025-04,Outbound Sequence,Outbound Sequence,58,B,false,false,0,Nurture,2026-06-07,,,true,false,false,,3,3,U-023,,,
LEAD-10453,2025-04-02,Onyx Digital,Individual Learner,Career Switcher,United Kingdom,EMEA,Free Course,Product,CMP-024,Team Upskilling Offer — AMER 2025-05,Free Course,Free Course,38,C,true,true,37,New,,,,false,false,false,,,0,,,,
LEAD-10454,2026-04-29,Juniper Foods,Analytics Lead,BI Lead,Sweden,EMEA,Paid Search,Inbound Marketing,CMP-003,Free Course Launch — EMEA 2025-12,Paid Search,Paid Search,79,A,false,false,0,New,,,,false,false,false,,3,6,U-018,,,
LEAD-10455,2026-08-27,Zephyr Care,Salesforce Admin,CRM Manager,Brazil,AMER,Paid Social,Product,CMP-007,Admin to Analyst Path — EMEA 2025-05,Paid Social,Paid Social,55,B,true,true,7,Converted,2026-09-13,2026-09-27,2026-10-11,true,true,true,,,1,,U-014,ACC-1126,OPP-20091
LEAD-10456,2026-01-27,Solstice Consulting,Salesforce Admin,Senior Salesforce Admin,Brazil,AMER,Organic Search,Inbound Marketing,CMP-018,Free Course Launch — AMER 2025-11,Organic Search,Organic Search,63,B,false,false,0,New,,,,false,false,false,,5,7,U-020,,,
LEAD-10457,2026-08-01,Tundra Foods,Procurement / Finance,CFO,Indonesia,APAC,Webinar,Inbound Marketing,CMP-034,Salesforce Event Follow-up — EMEA 2026-03,Webinar,Salesforce Community,69,B,false,false,0,Disqualified,,,,false,false,false,No Salesforce org,3,5,U-026,,,
LEAD-10458,2026-01-25,Foundry Media,Analytics Lead,RevOps Manager,Canada,AMER,Conference,Inbound Marketing,CMP-035,Dashboard Makeover Challenge — EMEA 2026-05,Conference,Conference,64,B,false,false,0,New,,,,false,false,false,,1,8,U-017,,,
LEAD-10459,2026-09-14,Vertex Works,Salesforce Admin,Platform Owner,Australia,APAC,Outbound Sequence,Outbound,CMP-039,Reports-to-CRMA Migration — EMEA 2026-02,Outbound Sequence,Salesforce Community,21,D,false,false,0,Disqualified,,,,false,false,false,No budget,6,11,U-016,,,
LEAD-10460,2025-12-02,North Systems,Salesforce Admin,Senior Salesforce Admin,Brazil,AMER,Organic Search,Product,CMP-013,Team Upskilling Offer — LATAM 2026-01,Organic Search,Organic Search,69,B,true,true,87,MQL,2025-12-15,,,true,false,false,,,2,,,,
LEAD-10461,2026-02-04,Juniper Telecom,Individual Learner,Career Switcher,Netherlands,EMEA,Paid Search,Product,CMP-003,Free Course Launch — EMEA 2025-12,Paid Search,Conference,68,B,true,true,6,SQL,2026-02-10,2026-02-28,,true,true,false,,,2,,U-004,,
LEAD-10462,2026-01-30,Vantage Motors,Salesforce Admin,Salesforce Administrator,UAE,EMEA,Outbound Sequence,Outbound,CMP-041,Reports-to-CRMA Migration — AMER 2025-04,Outbound Sequence,Outbound Sequence,47,C,false,false,0,Converted,2026-02-14,2026-02-18,2026-03-22,true,true,true,,5,8,U-021,U-007,ACC-1044,OPP-20092
LEAD-10463,2025-09-06,Vertex Foods,L&D / Enablement Manager,L&D Manager,UAE,EMEA,Free Course,Inbound Marketing,CMP-024,Team Upskilling Offer — AMER 2025-05,Free Course,Salesforce Community,86,A,false,false,0,Converted,2025-09-20,2025-09-22,2025-10-04,true,true,true,,1,9,U-022,U-007,ACC-1073,OPP-20093
LEAD-10464,2026-04-21,Ember Media,Analytics Lead,Director of Sales Operations,Brazil,AMER,Conference,Product,CMP-035,Dashboard Makeover Challenge — EMEA 2026-05,Conference,Conference,76,A,true,true,83,Converted,2026-05-10,2026-05-26,2026-06-02,true,true,true,,,2,,U-008,ACC-1028,OPP-20094
LEAD-10465,2026-05-04,Lattice Group,Individual Learner,Junior Consultant,Germany,EMEA,Outbound Sequence,Outbound,CMP-039,Reports-to-CRMA Migration — EMEA 2026-02,Outbound Sequence,Free Course,28,D,false,false,0,Working,,,,false,false,false,,1,1,U-016,,,
LEAD-10466,2026-06-04,Vantage Partners,Procurement / Finance,Procurement Manager,Canada,AMER,Organic Search,Product,CMP-016,Dashboard Makeover Challenge — AMER 2026-04,Organic Search,Webinar,100,A,true,false,57,SQL,2026-06-07,2026-06-19,,true,true,false,,,2,,U-010,,
LEAD-10467,2025-09-04,Kestrel Care,Analytics Lead,Head of Analytics,United States,AMER,SI Partner Referral,Partner / Referral,CMP-042,Certification Season — AMER 2025-04,SI Partner Referral,Free Course,79,A,false,false,0,Nurture,2025-09-23,,,true,false,false,,3,3,U-027,,,
LEAD-10468,2026-09-14,Harbor Media,Individual Learner,Data Analyst,Australia,APAC,AI Assistant Referral,Product,CMP-019,Reports-to-CRMA Migration — APAC 2026-02,AI Assistant Referral,AI Assistant Referral,64,B,true,false,69,New,,,,false,false,false,,,1,,,,
LEAD-10469,2026-01-01,Pallas Insurance,Analytics Lead,Director of Sales Operations,Sweden,EMEA,Organic Search,Product,CMP-018,Free Course Launch — AMER 2025-11,Organic Search,Customer Referral,88,A,true,true,97,Working,,,,false,false,false,,,0,,,,
LEAD-10470,2026-05-10,Orbital Group,Individual Learner,Data Analyst,Indonesia,APAC,Paid Social,Inbound Marketing,CMP-007,Admin to Analyst Path — EMEA 2025-05,Paid Social,Paid Social,47,C,false,false,0,Nurture,2026-05-13,,,true,false,false,,0,3,U-023,,,
LEAD-10471,2025-07-25,Kestrel Group,Individual Learner,Business Analyst,Germany,EMEA,Organic Search,Product,CMP-016,Dashboard Makeover Challenge — AMER 2026-04,Organic Search,Free Course,56,B,true,false,57,MQL,2025-08-12,,,true,false,false,,,0,,,,
LEAD-10472,2026-06-09,Umbra Insurance,Procurement / Finance,Finance Director,Brazil,AMER,Outbound Sequence,Outbound,CMP-041,Reports-to-CRMA Migration — AMER 2025-04,Outbound Sequence,Outbound Sequence,36,C,false,false,0,Disqualified,,,,false,false,false,Student — free course only,2,11,U-022,,,
LEAD-10473,2025-10-13,North Care,Individual Learner,Business Analyst,Mexico,AMER,Organic Search,Inbound Marketing,CMP-015,Reports-to-CRMA Migration — AMER 2025-11,Organic Search,Paid Social,29,D,false,false,0,MQL,2025-10-21,,,true,false,false,,0,10,U-018,,,
LEAD-10474,2026-03-29,Sable Bank,Individual Learner,Career Switcher,Chile,LATAM,AI Assistant Referral,Inbound Marketing,CMP-019,Reports-to-CRMA Migration — APAC 2026-02,AI Assistant Referral,AI Assistant Referral,55,B,false,false,0,Nurture,2026-04-04,,,true,false,false,,2,10,U-024,,,
LEAD-10475,2026-02-03,Halcyon Media,Individual Learner,Data Analyst,Australia,APAC,Paid Social,Product,CMP-010,Certification Season — LATAM 2025-06,Paid Social,Paid Social,21,D,true,true,40,Working,,,,false,false,false,,,0,,,,
LEAD-10476,2026-04-20,Meridian Telecom,Individual Learner,Business Analyst,United States,AMER,Paid Social,Product,CMP-010,Certification Season — LATAM 2025-06,Paid Social,Paid Search,28,D,true,false,41,New,,,,false,false,false,,,1,,,,
LEAD-10477,2025-09-10,Quanta Capital,Analytics Lead,Head of Analytics,Canada,AMER,Conference,Inbound Marketing,CMP-035,Dashboard Makeover Challenge — EMEA 2026-05,Conference,AI Assistant Referral,69,B,false,false,0,MQL,2025-09-27,,,true,false,false,,2,5,U-027,,,
LEAD-10478,2025-06-11,Aster Bank,Individual Learner,Career Switcher,France,EMEA,Free Course,Inbound Marketing,CMP-026,Reports-to-CRMA Migration — AMER 2025-08,Free Course,Free Course,52,B,false,false,0,New,,,,false,false,false,,3,1,U-023,,,
LEAD-10479,2026-02-01,Cinder Care,Analytics Lead,BI Lead,India,APAC,Free Course,Product,CMP-028,Certification Season — AMER 2025-11,Free Course,Free Course,88,A,true,false,59,SQL,2026-02-02,2026-02-14,,true,true,false,,,2,,U-010,,
LEAD-10480,2025-12-23,Lumen Foods,Salesforce Admin,Salesforce Administrator,Chile,LATAM,Paid Search,Inbound Marketing,CMP-002,Reports-to-CRMA Migration — AMER 2025-08,Paid Search,Outbound Sequence,45,C,false,false,0,SQL,2026-01-04,2026-01-23,,true,true,false,,2,10,U-023,U-013,,
LEAD-10481,2026-06-21,Onyx Energy,Analytics Lead,BI Lead,Indonesia,APAC,Outbound Sequence,Outbound,CMP-037,Team Upskilling Offer — EMEA 2025-04,Outbound Sequence,Outbound Sequence,50,B,false,true,0,New,,,,false,false,false,,2,2,U-023,,,
LEAD-10482,2025-11-10,Wexler Care,Individual Learner,Data Analyst,Argentina,LATAM,Organic Search,Product,CMP-014,Einstein Discovery Workshop — APAC 2025-09,Organic Search,Organic Search,73,A,true,true,70,MQL,2025-11-17,,,true,false,false,,,0,,,,
LEAD-10483,2025-04-30,Solstice Consulting,L&D / Enablement Manager,Training Director,Chile,LATAM,Free Course,Product,CMP-024,Team Upskilling Offer — AMER 2025-05,Free Course,Free Course,76,A,true,true,71,Converted,2025-05-15,2025-05-19,2025-05-25,true,true,true,,,1,,U-012,ACC-1033,OPP-20095
LEAD-10484,2026-01-08,Pallas Bank,L&D / Enablement Manager,L&D Manager,Mexico,AMER,Outbound Sequence,Outbound,CMP-040,AI Search Visibility — AMER 2026-05,Outbound Sequence,Outbound Sequence,62,B,false,true,0,SQL,2026-01-17,2026-01-27,,true,true,false,,3,4,U-019,U-014,,
LEAD-10485,2026-04-29,Cinder Logistics,Individual Learner,Career Switcher,Brazil,AMER,Outbound Sequence,Outbound,CMP-038,Certification Season — AMER 2025-04,Outbound Sequence,Outbound Sequence,17,D,false,false,0,Disqualified,,,,false,false,false,Went silent,4,9,U-024,,,
LEAD-10486,2026-07-01,Onyx Works,Analytics Lead,Director of Sales Operations,Canada,AMER,Salesforce Community,Product,CMP-031,Admin to Analyst Path — EMEA 2026-07,Salesforce Community,Salesforce Community,78,A,true,true,75,SQL,2026-07-21,2026-08-09,,true,true,false,,,2,,U-007,,
LEAD-10487,2025-05-10,Solstice Retail,Individual Learner,Business Analyst,France,EMEA,Paid Search,Product,CMP-003,Free Course Launch — EMEA 2025-12,Paid Search,Paid Search,81,A,true,true,86,SQL,2025-05-14,2025-06-03,,true,true,false,,,1,,U-005,,
LEAD-10488,2025-09-17,Vantage Foods,Procurement / Finance,CFO,Mexico,AMER,Free Course,Product,CMP-028,Certification Season — AMER 2025-11,Free Course,Free Course,88,A,true,false,95,Converted,2025-10-08,2025-10-20,2025-11-16,true,true,true,,,1,,U-012,ACC-1033,OPP-20096
LEAD-10489,2026-08-04,Lumen Capital,Analytics Lead,BI Lead,Canada,AMER,Organic Search,Product,CMP-016,Dashboard Makeover Challenge — AMER 2026-04,Organic Search,Organic Search,64,B,true,false,86,SQL,2026-08-14,2026-09-03,,true,true,false,,,1,,U-013,,
LEAD-10490,2025-04-10,Aster Digital,Analytics Lead,BI Lead,Sweden,EMEA,Paid Social,Product,CMP-007,Admin to Analyst Path — EMEA 2025-05,Paid Social,Paid Social,77,A,true,true,93,Converted,2025-04-27,2025-05-07,2025-05-24,true,true,true,,,2,,U-010,ACC-1047,OPP-20097
LEAD-10491,2025-12-18,Pallas Capital,Analytics Lead,Director of Sales Operations,Sweden,EMEA,Free Course,Product,CMP-027,Q3 Pipeline Push — APAC 2025-05,Free Course,Free Course,100,A,true,true,9,SQL,2025-12-21,2026-01-11,,true,true,false,,,1,,U-012,,
LEAD-10492,2026-02-11,Cinder Energy,Individual Learner,Data Analyst,Indonesia,APAC,Paid Social,Inbound Marketing,CMP-007,Admin to Analyst Path — EMEA 2025-05,Paid Social,Paid Social,3,D,false,false,0,Disqualified,,,,false,false,false,No budget,2,9,U-025,,,
LEAD-10493,2025-04-11,Sable Digital,Analytics Lead,BI Lead,Sweden,EMEA,Paid Search,Product,CMP-001,Salesforce Event Follow-up — AMER 2026-02,Paid Search,Outbound Sequence,78,A,true,true,31,New,,,,false,false,false,,,2,,,,
LEAD-10494,2026-06-07,Dovetail Logistics,Analytics Lead,RevOps Manager,Australia,APAC,Paid Search,Inbound Marketing,CMP-004,Q3 Pipeline Push — AMER 2025-11,Paid Search,Paid Search,68,B,false,false,0,Converted,2026-06-12,2026-06-18,2026-07-06,true,true,true,,1,7,U-016,U-002,ACC-1046,OPP-20098
LEAD-10495,2025-09-22,Juniper Works,Individual Learner,Junior Consultant,United Kingdom,EMEA,Paid Search,Inbound Marketing,CMP-006,AI Search Visibility — AMER 2026-02,Paid Search,Paid Search,63,B,false,false,0,Working,,,,false,false,false,,0,4,U-021,,,
LEAD-10496,2026-08-24,Dovetail Media,Analytics Lead,Director of Sales Operations,Mexico,AMER,Paid Search,Inbound Marketing,CMP-002,Reports-to-CRMA Migration — AMER 2025-08,Paid Search,Paid Search,65,B,false,false,0,Converted,2026-09-07,2026-09-30,2026-10-13,true,true,true,,3,10,U-024,U-011,ACC-1083,OPP-20099
LEAD-10497,2026-03-11,Harbor Retail,Individual Learner,Career Switcher,Colombia,LATAM,Webinar,Inbound Marketing,CMP-033,Admin to Analyst Path — EMEA 2026-07,Webinar,Conference,41,C,false,false,0,New,,,,false,false,false,,4,6,U-025,,,
LEAD-10498,2026-04-17,Umbra Energy,L&D / Enablement Manager,Head of Enablement,Mexico,AMER,AI Assistant Referral,Product,CMP-021,SAQL Masterclass — LATAM 2025-09,AI Assistant Referral,AI Assistant Referral,79,A,true,false,37,MQL,2026-04-17,,,true,false,false,,,2,,,,
LEAD-10499,2026-08-02,Zephyr Consulting,L&D / Enablement Manager,L&D Manager,Brazil,AMER,Paid Search,Inbound Marketing,CMP-004,Q3 Pipeline Push — AMER 2025-11,Paid Search,Paid Search,62,B,false,false,0,Converted,2026-08-20,2026-09-15,2026-09-30,true,true,true,,3,7,U-015,U-011,ACC-1090,OPP-20100
LEAD-10500,2025-11-17,Halcyon Works,Analytics Lead,BI Lead,Mexico,AMER,Paid Search,Inbound Marketing,CMP-003,Free Course Launch — EMEA 2025-12,Paid Search,Paid Search,54,B,false,false,0,Converted,2025-11-30,2025-12-14,2026-01-09,true,true,true,,4,4,U-020,U-009,ACC-1010,OPP-20101
LEAD-10501,2026-05-09,Dovetail Media,L&D / Enablement Manager,Head of Enablement,Spain,EMEA,Paid Search,Inbound Marketing,CMP-003,Free Course Launch — EMEA 2025-12,Paid Search,Organic Search,73,A,false,false,0,SQL,2026-05-24,2026-06-11,,true,true,false,,1,7,U-026,U-014,,
LEAD-10502,2026-02-11,Zephyr Media,Individual Learner,Career Switcher,Brazil,AMER,Free Course,Product,CMP-023,Dashboard Makeover Challenge — AMER 2025-06,Free Course,Free Course,50,B,true,true,65,MQL,2026-03-03,,,true,false,false,,,2,,,,
LEAD-10503,2026-03-02,Ember Health,Individual Learner,Data Analyst,Mexico,AMER,Customer Referral,Partner / Referral,CMP-046,Certification Season — AMER 2026-03,Customer Referral,Customer Referral,49,C,false,false,0,MQL,2026-03-04,,,true,false,false,,0,9,U-021,,,
LEAD-10504,2025-06-21,Lumen Logistics,Procurement / Finance,Head of Vendor Management,India,APAC,Outbound Sequence,Outbound,CMP-040,AI Search Visibility — AMER 2026-05,Outbound Sequence,Paid Search,29,D,false,false,0,Disqualified,,,,false,false,false,Duplicate,2,6,U-020,,,
LEAD-10505,2025-10-08,Pallas Capital,Individual Learner,Data Analyst,India,APAC,Organic Search,Inbound Marketing,CMP-018,Free Course Launch — AMER 2025-11,Organic Search,Organic Search,29,D,false,true,0,Nurture,2025-10-17,,,true,false,false,,2,3,U-016,,,
LEAD-10506,2025-10-27,Cobalt Pharma,Analytics Lead,Director of Sales Operations,Canada,AMER,Webinar,Product,CMP-034,Salesforce Event Follow-up — EMEA 2026-03,Webinar,Webinar,67,B,true,false,34,Nurture,2025-11-12,,,true,false,false,,,0,,,,
LEAD-10507,2025-12-23,Meridian Technologies,Analytics Lead,Director of Sales Operations,Mexico,AMER,Webinar,Product,CMP-032,Salesforce Event Follow-up — AMER 2025-12,Webinar,Webinar,100,A,true,true,47,Disqualified,,,,false,false,false,No Salesforce org,,1,,,,
LEAD-10508,2025-12-12,North Media,Analytics Lead,Head of Analytics,India,APAC,AI Assistant Referral,Product,CMP-020,Dashboard Makeover Challenge — AMER 2025-12,AI Assistant Referral,AI Assistant Referral,64,B,true,true,38,SQL,2025-12-13,2025-12-26,,true,true,false,,,2,,U-001,,
LEAD-10509,2025-09-17,Quanta Digital,Individual Learner,Junior Consultant,Canada,AMER,Paid Social,Inbound Marketing,CMP-010,Certification Season — LATAM 2025-06,Paid Social,Paid Search,11,D,false,true,0,Disqualified,,,,false,false,false,No budget,1,8,U-027,,,
LEAD-10510,2026-03-18,Vantage Digital,L&D / Enablement Manager,People Development Lead,United Kingdom,EMEA,Free Course,Product,CMP-027,Q3 Pipeline Push — APAC 2025-05,Free Course,Outbound Sequence,94,A,true,false,75,SQL,2026-04-03,2026-04-26,,true,true,false,,,1,,U-008,,
LEAD-10511,2025-04-04,Ember Retail,Individual Learner,Junior Consultant,Canada,AMER,Free Course,Product,CMP-028,Certification Season — AMER 2025-11,Free Course,Free Course,47,C,true,true,79,Disqualified,,,,false,false,false,Went silent,,2,,,,
LEAD-10512,2025-09-23,Foundry Foods,Analytics Lead,Director of Sales Operations,France,EMEA,Customer Referral,Partner / Referral,CMP-045,Einstein Discovery Workshop — AMER 2025-09,Customer Referral,Customer Referral,43,C,false,true,0,Converted,2025-10-12,2025-10-31,2025-11-15,true,true,true,,4,8,U-026,U-010,ACC-1058,OPP-20102
LEAD-10513,2026-04-05,Rivet Consulting,Salesforce Admin,CRM Manager,Australia,APAC,Free Course,Inbound Marketing,CMP-028,Certification Season — AMER 2025-11,Free Course,Free Course,51,B,false,false,0,Converted,2026-04-25,2026-05-20,2026-05-23,true,true,true,,3,1,U-022,U-012,ACC-1116,OPP-20103
LEAD-10514,2025-05-06,Foundry Consulting,Individual Learner,Data Analyst,Indonesia,APAC,Salesforce Community,Product,CMP-031,Admin to Analyst Path — EMEA 2026-07,Salesforce Community,Salesforce Community,59,B,true,true,15,Nurture,2025-05-07,,,true,false,false,,,1,,,,
LEAD-10515,2026-03-30,Orbital Group,Analytics Lead,BI Lead,Sweden,EMEA,Paid Search,Inbound Marketing,CMP-002,Reports-to-CRMA Migration — AMER 2025-08,Paid Search,Paid Search,66,B,false,false,0,Converted,2026-04-06,2026-04-15,2026-05-06,true,true,true,,0,2,U-018,U-005,ACC-1067,OPP-20104
LEAD-10516,2025-06-25,Wexler Digital,Individual Learner,Career Switcher,Brazil,AMER,Paid Search,Inbound Marketing,CMP-001,Salesforce Event Follow-up — AMER 2026-02,Paid Search,Paid Search,43,C,false,true,0,SQL,2025-07-01,2025-07-13,,true,true,false,,0,11,U-025,U-002,,
LEAD-10517,2025-09-05,Pallas Bank,Analytics Lead,Head of Analytics,India,APAC,SI Partner Referral,Partner / Referral,CMP-043,SAQL Masterclass — APAC 2026-01,SI Partner Referral,SI Partner Referral,35,C,false,false,0,Disqualified,,,,false,false,false,No Salesforce org,3,7,U-017,,,
LEAD-10518,2026-02-23,Wexler Retail,Analytics Lead,Director of Sales Operations,Indonesia,APAC,Outbound Sequence,Outbound,CMP-041,Reports-to-CRMA Migration — AMER 2025-04,Outbound Sequence,Outbound Sequence,41,C,false,false,0,Disqualified,,,,false,false,false,No budget,2,8,U-023,,,
LEAD-10519,2025-05-17,Foundry Telecom,Individual Learner,Junior Consultant,Australia,APAC,Organic Search,Product,CMP-016,Dashboard Makeover Challenge — AMER 2026-04,Organic Search,Free Course,63,B,true,false,5,MQL,2025-05-20,,,true,false,false,,,1,,,,
LEAD-10520,2025-06-02,Rivet Works,Individual Learner,Data Analyst,United States,AMER,Organic Search,Product,CMP-013,Team Upskilling Offer — LATAM 2026-01,Organic Search,Organic Search,65,B,true,true,36,Working,,,,false,false,false,,,2,,,,
LEAD-10521,2025-04-07,Foundry Bank,Analytics Lead,RevOps Manager,Brazil,AMER,Organic Search,Product,CMP-018,Free Course Launch — AMER 2025-11,Organic Search,Organic Search,96,A,true,false,26,MQL,2025-04-20,,,true,false,false,,,1,,,,
LEAD-10522,2026-05-25,Pallas Systems,Individual Learner,Data Analyst,Sweden,EMEA,Organic Search,Product,CMP-012,AI Search Visibility — AMER 2026-07,Organic Search,Organic Search,62,B,true,false,47,Working,,,,false,false,false,,,2,,,,
LEAD-10523,2026-04-17,Pallas Digital,Individual Learner,Career Switcher,France,EMEA,Organic Search,Product,CMP-012,AI Search Visibility — AMER 2026-07,Organic Search,Organic Search,76,A,true,true,25,MQL,2026-05-04,,,true,false,false,,,0,,,,
LEAD-10524,2026-02-03,Aster Works,Salesforce Admin,CRM Manager,United States,AMER,Paid Social,Product,CMP-010,Certification Season — LATAM 2025-06,Paid Social,Paid Social,26,D,true,false,45,Disqualified,,,,false,false,false,Wrong geo,,2,,,,
LEAD-10525,2026-06-05,Solstice Media,L&D / Enablement Manager,People Development Lead,Mexico,AMER,Outbound Sequence,Outbound,CMP-040,AI Search Visibility — AMER 2026-05,Outbound Sequence,Outbound Sequence,66,B,false,false,0,Converted,2026-06-18,2026-07-11,2026-08-12,true,true,true,,4,11,U-020,U-010,ACC-1091,OPP-20105
LEAD-10526,2025-11-17,Beacon Insurance,Individual Learner,Career Switcher,Spain,EMEA,AI Assistant Referral,Product,CMP-019,Reports-to-CRMA Migration — APAC 2026-02,AI Assistant Referral,AI Assistant Referral,69,B,true,true,95,Nurture,2025-12-01,,,true,false,false,,,1,,,,
LEAD-10527,2025-12-27,Harbor Consulting,Salesforce Admin,Platform Owner,Netherlands,EMEA,Salesforce Community,Product,CMP-030,SAQL Masterclass — AMER 2025-08,Salesforce Community,Salesforce Community,69,B,true,true,0,Converted,2026-01-12,2026-01-30,2026-02-10,true,true,true,,,0,,U-001,ACC-1054,OPP-20106
LEAD-10528,2026-03-14,Pallas Motors,Analytics Lead,Head of Analytics,Mexico,AMER,Organic Search,Inbound Marketing,CMP-017,SAQL Masterclass — AMER 2026-05,Organic Search,Organic Search,77,A,false,false,0,MQL,2026-03-21,,,true,false,false,,2,7,U-025,,,
LEAD-10529,2026-08-08,Lattice Retail,Salesforce Admin,Senior Salesforce Admin,Singapore,APAC,Outbound Sequence,Outbound,CMP-038,Certification Season — AMER 2025-04,Outbound Sequence,Free Course,51,B,false,false,0,Nurture,2026-08-16,,,true,false,false,,4,11,U-021,,,
LEAD-10530,2025-11-15,Meridian Foods,Individual Learner,Career Switcher,Spain,EMEA,SI Partner Referral,Partner / Referral,CMP-044,Reports-to-CRMA Migration — AMER 2025-06,SI Partner Referral,SI Partner Referral,43,C,true,false,65,Working,,,,false,false,false,,,0,,,,
LEAD-10531,2026-06-28,Cinder Energy,Analytics Lead,BI Lead,Japan,APAC,Customer Referral,Partner / Referral,CMP-046,Certification Season — AMER 2026-03,Customer Referral,Customer Referral,72,A,true,true,48,Converted,2026-07-15,2026-08-02,2026-08-15,true,true,true,,,1,,U-007,ACC-1036,OPP-20107
LEAD-10532,2025-04-10,Aster Foods,Procurement / Finance,Head of Vendor Management,India,APAC,Customer Referral,Partner / Referral,CMP-045,Einstein Discovery Workshop — AMER 2025-09,Customer Referral,Salesforce Community,99,A,false,false,0,Disqualified,,,,false,false,false,Student — free course only,1,9,U-025,,,
LEAD-10533,2025-05-07,Halcyon Partners,Individual Learner,Career Switcher,Japan,APAC,SI Partner Referral,Partner / Referral,CMP-044,Reports-to-CRMA Migration — AMER 2025-06,SI Partner Referral,SI Partner Referral,32,C,false,true,0,Working,,,,false,false,false,,2,3,U-017,,,
LEAD-10534,2026-08-18,Cinder Energy,Analytics Lead,BI Lead,Mexico,AMER,Webinar,Product,CMP-032,Salesforce Event Follow-up — AMER 2025-12,Webinar,Salesforce Community,73,A,true,true,95,Converted,2026-09-01,2026-09-27,2026-10-13,true,true,true,,,0,,U-009,ACC-1055,OPP-20108
LEAD-10535,2025-10-07,Orbital Capital,Individual Learner,Business Analyst,Germany,EMEA,Organic Search,Product,CMP-016,Dashboard Makeover Challenge — AMER 2026-04,Organic Search,Organic Search,52,B,true,true,2,MQL,2025-10-19,,,true,false,false,,,2,,,,
LEAD-10536,2026-07-03,Vertex Group,Analytics Lead,Director of Sales Operations,Mexico,AMER,Outbound Sequence,Outbound,CMP-041,Reports-to-CRMA Migration — AMER 2025-04,Outbound Sequence,Outbound Sequence,29,D,false,false,0,New,,,,false,false,false,,0,4,U-023,,,
LEAD-10537,2025-06-06,Sable Works,Salesforce Admin,CRM Manager,United States,AMER,Free Course,Product,CMP-024,Team Upskilling Offer — AMER 2025-05,Free Course,Free Course,80,A,true,false,32,Working,,,,false,false,false,,,0,,,,
LEAD-10538,2026-01-01,Cobalt Capital,Analytics Lead,Head of Analytics,Sweden,EMEA,Salesforce Community,Product,CMP-029,Classroom Batch Push — EMEA 2025-11,Salesforce Community,SI Partner Referral,75,A,true,false,29,Converted,2026-01-18,2026-02-06,2026-03-02,true,true,true,,,1,,U-010,ACC-1138,OPP-20109
LEAD-10539,2025-07-09,Umbra Systems,Procurement / Finance,Finance Director,Netherlands,EMEA,Organic Search,Inbound Marketing,CMP-012,AI Search Visibility — AMER 2026-07,Organic Search,Organic Search,80,A,false,false,0,Working,,,,false,false,false,,5,1,U-022,,,
LEAD-10540,2025-09-17,Aster Partners,Salesforce Admin,Salesforce Administrator,India,APAC,Paid Social,Inbound Marketing,CMP-007,Admin to Analyst Path — EMEA 2025-05,Paid Social,Customer Referral,69,B,false,false,0,New,,,,false,false,false,,2,7,U-017,,,
LEAD-10541,2025-05-09,Ember Partners,Salesforce Admin,Salesforce Administrator,Singapore,APAC,Organic Search,Inbound Marketing,CMP-017,SAQL Masterclass — AMER 2026-05,Organic Search,Webinar,71,A,false,true,0,Disqualified,,,,false,false,false,Went silent,1,1,U-021,,,
LEAD-10542,2025-04-16,Harbor Energy,Individual Learner,Career Switcher,India,APAC,Paid Search,Product,CMP-002,Reports-to-CRMA Migration — AMER 2025-08,Paid Search,Webinar,53,B,true,true,71,SQL,2025-05-06,2025-05-27,,true,true,false,,,2,,U-003,,
LEAD-10543,2026-09-08,Zephyr Media,Individual Learner,Junior Consultant,UAE,EMEA,Free Course,Inbound Marketing,CMP-026,Reports-to-CRMA Migration — AMER 2025-08,Free Course,Free Course,62,B,false,false,0,Nurture,2026-09-09,,,true,false,false,,2,4,U-016,,,
LEAD-10544,2025-05-18,Wexler Digital,Analytics Lead,BI Lead,Mexico,AMER,Organic Search,Product,CMP-018,Free Course Launch — AMER 2025-11,Organic Search,Salesforce Community,73,A,true,false,69,Disqualified,,,,false,false,false,No budget,,1,,,,
LEAD-10545,2026-04-07,Solstice Logistics,Individual Learner,Business Analyst,United Kingdom,EMEA,Outbound Sequence,Outbound,CMP-040,AI Search Visibility — AMER 2026-05,Outbound Sequence,Outbound Sequence,29,D,false,false,0,Working,,,,false,false,false,,3,8,U-026,,,
LEAD-10546,2026-09-09,Beacon Digital,Salesforce Admin,Salesforce Administrator,Germany,EMEA,Paid Social,Inbound Marketing,CMP-009,Salesforce Event Follow-up — AMER 2026-01,Paid Social,Paid Social,67,B,false,false,0,Working,,,,false,false,false,,0,3,U-020,,,
LEAD-10547,2026-06-13,Dovetail Group,Procurement / Finance,Head of Vendor Management,Indonesia,APAC,Free Course,Product,CMP-024,Team Upskilling Offer — AMER 2025-05,Free Course,Free Course,66,B,true,true,7,Converted,2026-06-15,2026-06-19,2026-07-07,true,true,true,,,2,,U-007,ACC-1094,OPP-20110
LEAD-10548,2026-07-16,Halcyon Motors,Salesforce Admin,Senior Salesforce Admin,Mexico,AMER,Paid Search,Inbound Marketing,CMP-006,AI Search Visibility — AMER 2026-02,Paid Search,Paid Search,69,B,false,false,0,MQL,2026-07-26,,,true,false,false,,3,6,U-023,,,
LEAD-10549,2026-07-28,Quanta Group,Procurement / Finance,Finance Director,France,EMEA,Outbound Sequence,Outbound,CMP-038,Certification Season — AMER 2025-04,Outbound Sequence,Outbound Sequence,33,C,false,false,0,Working,,,,false,false,false,,2,3,U-017,,,
LEAD-10550,2026-08-25,Aster Technologies,Salesforce Admin,Platform Owner,UAE,EMEA,Organic Search,Inbound Marketing,CMP-016,Dashboard Makeover Challenge — AMER 2026-04,Organic Search,Paid Social,77,A,false,false,0,Converted,2026-08-28,2026-09-14,2026-10-07,true,true,true,,2,2,U-021,U-005,ACC-1048,OPP-20111
LEAD-10551,2025-08-16,North Media,Salesforce Admin,Salesforce Administrator,Germany,EMEA,Customer Referral,Partner / Referral,CMP-045,Einstein Discovery Workshop — AMER 2025-09,Customer Referral,Customer Referral,89,A,true,false,8,Working,,,,false,false,false,,,2,,,,
LEAD-10552,2025-07-29,Beacon Group,Procurement / Finance,CFO,Germany,EMEA,Webinar,Inbound Marketing,CMP-033,Admin to Analyst Path — EMEA 2026-07,Webinar,Paid Search,58,B,false,false,0,New,,,,false,false,false,,1,3,U-021,,,
LEAD-10553,2025-06-29,North Partners,Analytics Lead,RevOps Manager,Sweden,EMEA,Salesforce Community,Product,CMP-030,SAQL Masterclass — AMER 2025-08,Salesforce Community,Salesforce Community,89,A,true,true,9,SQL,2025-07-13,2025-07-20,,true,true,false,,,2,,U-006,,
LEAD-10554,2025-05-31,Sable Insurance,Analytics Lead,RevOps Manager,UAE,EMEA,Free Course,Product,CMP-028,Certification Season — AMER 2025-11,Free Course,Organic Search,82,A,true,true,64,Converted,2025-05-31,2025-06-15,2025-06-24,true,true,true,,,0,,U-003,ACC-1093,OPP-20112
LEAD-10555,2026-08-12,Orbital Group,Individual Learner,Junior Consultant,United States,AMER,AI Assistant Referral,Product,CMP-020,Dashboard Makeover Challenge — AMER 2025-12,AI Assistant Referral,AI Assistant Referral,55,B,true,false,44,Disqualified,,,,false,false,false,Wrong geo,,1,,,,
LEAD-10556,2026-06-21,Wexler Motors,Procurement / Finance,Finance Director,Canada,AMER,AI Assistant Referral,Product,CMP-020,Dashboard Makeover Challenge — AMER 2025-12,AI Assistant Referral,Conference,76,A,true,false,53,MQL,2026-07-03,,,true,false,false,,,0,,,,
LEAD-10557,2026-09-13,Foundry Pharma,Individual Learner,Data Analyst,Canada,AMER,Salesforce Community,Inbound Marketing,CMP-030,SAQL Masterclass — AMER 2025-08,Salesforce Community,AI Assistant Referral,47,C,false,false,0,Nurture,2026-09-28,,,true,false,false,,3,8,U-025,,,
LEAD-10558,2025-12-26,Quanta Care,Individual Learner,Career Switcher,Brazil,AMER,Outbound Sequence,Outbound,CMP-040,AI Search Visibility — AMER 2026-05,Outbound Sequence,Outbound Sequence,39,C,false,false,0,Disqualified,,,,false,false,false,Student — free course only,5,4,U-023,,,
LEAD-10559,2026-01-24,Vertex Group,L&D / Enablement Manager,Head of Enablement,Brazil,AMER,Organic Search,Inbound Marketing,CMP-017,SAQL Masterclass — AMER 2026-05,Organic Search,Organic Search,78,A,false,false,0,Working,,,,false,false,false,,2,3,U-017,,,
LEAD-10560,2026-05-17,Ember Consulting,Salesforce Admin,Salesforce Administrator,Sweden,EMEA,Free Course,Product,CMP-023,Dashboard Makeover Challenge — AMER 2025-06,Free Course,Webinar,77,A,true,false,75,MQL,2026-06-04,,,true,false,false,,,1,,,,
LEAD-10561,2026-01-28,Lattice Foods,Individual Learner,Junior Consultant,Brazil,AMER,Paid Search,Inbound Marketing,CMP-003,Free Course Launch — EMEA 2025-12,Paid Search,Paid Search,47,C,false,false,0,Converted,2026-02-02,2026-02-04,2026-02-18,true,true,true,,3,10,U-024,U-005,ACC-1136,OPP-20113
LEAD-10562,2025-11-22,Tundra Media,Salesforce Admin,Platform Owner,Japan,APAC,Customer Referral,Partner / Referral,CMP-046,Certification Season — AMER 2026-03,Customer Referral,Conference,96,A,true,true,8,MQL,2025-11-29,,,true,false,false,,,1,,,,
LEAD-10563,2025-10-10,Lumen Insurance,Analytics Lead,RevOps Manager,Brazil,AMER,Conference,Inbound Marketing,CMP-036,Einstein Discovery Workshop — AMER 2026-04,Conference,Outbound Sequence,64,B,false,false,0,Working,,,,false,false,false,,2,8,U-020,,,
LEAD-10564,2025-12-04,Aster Insurance,Procurement / Finance,Procurement Manager,Brazil,AMER,Outbound Sequence,Outbound,CMP-037,Team Upskilling Offer — EMEA 2025-04,Outbound Sequence,Outbound Sequence,52,B,false,false,0,SQL,2025-12-16,2026-01-02,,true,true,false,,2,9,U-026,U-001,,
LEAD-10565,2025-08-05,Vertex Motors,Individual Learner,Career Switcher,Brazil,AMER,Free Course,Product,CMP-026,Reports-to-CRMA Migration — AMER 2025-08,Free Course,Free Course,46,C,true,false,89,SQL,2025-08-17,2025-08-23,,true,true,false,,,1,,U-001,,
LEAD-10566,2026-09-07,Juniper Technologies,L&D / Enablement Manager,People Development Lead,Brazil,AMER,SI Partner Referral,Partner / Referral,CMP-044,Reports-to-CRMA Migration — AMER 2025-06,SI Partner Referral,AI Assistant Referral,59,B,false,false,0,MQL,2026-09-27,,,true,false,false,,2,5,U-024,,,
LEAD-10567,2025-09-16,Meridian Energy,L&D / Enablement Manager,Training Director,Argentina,LATAM,Organic Search,Inbound Marketing,CMP-018,Free Course Launch — AMER 2025-11,Organic Search,Salesforce Community,69,B,false,false,0,SQL,2025-10-04,2025-10-18,,true,true,false,,3,10,U-020,U-010,,
LEAD-10568,2025-06-07,Orbital Telecom,L&D / Enablement Manager,Head of Enablement,Brazil,AMER,Free Course,Inbound Marketing,CMP-026,Reports-to-CRMA Migration — AMER 2025-08,Free Course,Paid Social,88,A,false,false,0,SQL,2025-06-18,2025-07-05,,true,true,false,,3,10,U-017,U-001,,
LEAD-10569,2025-12-01,Halcyon Retail,Analytics Lead,BI Lead,Australia,APAC,Paid Social,Product,CMP-009,Salesforce Event Follow-up — AMER 2026-01,Paid Social,Outbound Sequence,48,C,true,false,17,MQL,2025-12-17,,,true,false,false,,,0,,,,
LEAD-10570,2025-09-19,Ember Systems,Individual Learner,Career Switcher,Netherlands,EMEA,Outbound Sequence,Outbound,CMP-039,Reports-to-CRMA Migration — EMEA 2026-02,Outbound Sequence,Outbound Sequence,20,D,false,false,0,Disqualified,,,,false,false,false,Student — free course only,4,1,U-020,,,
LEAD-10571,2026-01-14,Kestrel Motors,Salesforce Admin,Salesforce Administrator,Australia,APAC,Conference,Inbound Marketing,CMP-035,Dashboard Makeover Challenge — EMEA 2026-05,Conference,Conference,61,B,false,false,0,Working,,,,false,false,false,,2,7,U-022,,,
LEAD-10572,2025-06-05,Tundra Insurance,Individual Learner,Junior Consultant,Japan,APAC,Organic Search,Product,CMP-015,Reports-to-CRMA Migration — AMER 2025-11,Organic Search,Organic Search,85,A,true,true,80,SQL,2025-06-18,2025-07-03,,true,true,false,,,1,,U-004,,
LEAD-10573,2026-04-07,Quanta Care,Procurement / Finance,Head of Vendor Management,Mexico,AMER,AI Assistant Referral,Inbound Marketing,CMP-021,SAQL Masterclass — LATAM 2025-09,AI Assistant Referral,Outbound Sequence,76,A,false,false,0,SQL,2026-04-21,2026-04-29,,true,true,false,,1,6,U-021,U-003,,
LEAD-10574,2026-05-08,Quanta Health,Salesforce Admin,Senior Salesforce Admin,Brazil,AMER,Paid Search,Product,CMP-006,AI Search Visibility — AMER 2026-02,Paid Search,Paid Search,89,A,true,true,24,Disqualified,,,,false,false,false,Student — free course only,,2,,,,
LEAD-10575,2026-07-29,Rivet Capital,Individual Learner,Data Analyst,Germany,EMEA,Paid Search,Inbound Marketing,CMP-003,Free Course Launch — EMEA 2025-12,Paid Search,Paid Search,50,B,false,false,0,SQL,2026-08-18,2026-09-03,,true,true,false,,3,3,U-027,U-002,,
LEAD-10576,2026-06-15,Lumen Retail,Individual Learner,Career Switcher,Brazil,AMER,AI Assistant Referral,Product,CMP-020,Dashboard Makeover Challenge — AMER 2025-12,AI Assistant Referral,AI Assistant Referral,57,B,true,false,30,New,,,,false,false,false,,,1,,,,
LEAD-10577,2026-03-31,Foundry Insurance,L&D / Enablement Manager,Training Director,Canada,AMER,Webinar,Inbound Marketing,CMP-034,Salesforce Event Follow-up — EMEA 2026-03,Webinar,Webinar,51,B,false,false,0,Working,,,,false,false,false,,1,4,U-018,,,
LEAD-10578,2025-11-24,Cobalt Foods,Salesforce Admin,CRM Manager,Australia,APAC,Organic Search,Product,CMP-013,Team Upskilling Offer — LATAM 2026-01,Organic Search,Organic Search,73,A,true,false,18,Converted,2025-12-02,2025-12-28,2026-01-10,true,true,true,,,1,,U-012,ACC-1042,OPP-20114
LEAD-10579,2025-11-28,Vantage Capital,Individual Learner,Data Analyst,Mexico,AMER,AI Assistant Referral,Inbound Marketing,CMP-022,Dashboard Makeover Challenge — AMER 2025-10,AI Assistant Referral,Organic Search,49,C,false,true,0,SQL,2025-12-03,2025-12-08,,true,true,false,,6,5,U-016,U-005,,
LEAD-10580,2026-06-14,Kestrel Group,Individual Learner,Business Analyst,France,EMEA,Paid Social,Product,CMP-009,Salesforce Event Follow-up — AMER 2026-01,Paid Social,Paid Social,48,C,true,true,61,Converted,2026-06-14,2026-06-24,2026-07-25,true,true,true,,,2,,U-003,ACC-1136,OPP-20115
LEAD-10581,2025-06-19,Quanta Pharma,Individual Learner,Junior Consultant,Spain,EMEA,Salesforce Community,Product,CMP-030,SAQL Masterclass — AMER 2025-08,Salesforce Community,Salesforce Community,47,C,true,true,57,Nurture,2025-07-01,,,true,false,false,,,2,,,,
LEAD-10582,2025-08-20,Wexler Energy,Analytics Lead,Director of Sales Operations,United States,AMER,Salesforce Community,Inbound Marketing,CMP-030,SAQL Masterclass — AMER 2025-08,Salesforce Community,Salesforce Community,63,B,false,false,0,Converted,2025-08-31,2025-09-24,2025-10-22,true,true,true,,3,11,U-017,U-009,ACC-1089,OPP-20116
LEAD-10583,2025-06-10,Harbor Insurance,Procurement / Finance,Head of Vendor Management,United Kingdom,EMEA,Free Course,Product,CMP-028,Certification Season — AMER 2025-11,Free Course,Free Course,69,B,true,true,91,Converted,2025-06-17,2025-06-18,2025-07-18,true,true,true,,,2,,U-012,ACC-1087,OPP-20117
LEAD-10584,2025-06-06,Onyx Foods,Analytics Lead,Head of Analytics,Mexico,AMER,Outbound Sequence,Outbound,CMP-040,AI Search Visibility — AMER 2026-05,Outbound Sequence,Outbound Sequence,32,C,false,false,0,Disqualified,,,,false,false,false,Wrong geo,1,9,U-022,,,
LEAD-10585,2026-03-23,Dovetail Insurance,Individual Learner,Junior Consultant,UAE,EMEA,Organic Search,Inbound Marketing,CMP-015,Reports-to-CRMA Migration — AMER 2025-11,Organic Search,Organic Search,30,C,false,true,0,Working,,,,false,false,false,,5,11,U-022,,,
LEAD-10586,2025-06-06,Orbital Logistics,Individual Learner,Career Switcher,Brazil,AMER,Paid Search,Inbound Marketing,CMP-002,Reports-to-CRMA Migration — AMER 2025-08,Paid Search,Paid Search,65,B,false,false,0,New,,,,false,false,false,,0,5,U-021,,,
LEAD-10587,2026-02-20,Harbor Care,Individual Learner,Career Switcher,UAE,EMEA,Outbound Sequence,Outbound,CMP-040,AI Search Visibility — AMER 2026-05,Outbound Sequence,Outbound Sequence,57,B,true,false,33,SQL,2026-02-28,2026-03-03,,true,true,false,,2,11,U-023,U-002,,
LEAD-10588,2026-03-09,Wexler Retail,Salesforce Admin,Salesforce Administrator,Colombia,LATAM,Organic Search,Product,CMP-015,Reports-to-CRMA Migration — AMER 2025-11,Organic Search,Organic Search,95,A,true,false,87,MQL,2026-03-09,,,true,false,false,,,1,,,,
LEAD-10589,2026-05-31,Ember Energy,Individual Learner,Business Analyst,United States,AMER,Paid Social,Inbound Marketing,CMP-008,Admin to Analyst Path — EMEA 2026-02,Paid Social,Webinar,19,D,false,false,0,Working,,,,false,false,false,,4,7,U-019,,,
LEAD-10590,2025-07-01,Foundry Media,Analytics Lead,RevOps Manager,Germany,EMEA,Webinar,Inbound Marketing,CMP-034,Salesforce Event Follow-up — EMEA 2026-03,Webinar,Webinar,83,A,false,false,0,SQL,2025-07-15,2025-07-16,,true,true,false,,1,11,U-015,U-006,,
LEAD-10591,2025-10-28,Zephyr Energy,Salesforce Admin,Salesforce Administrator,Australia,APAC,Paid Search,Inbound Marketing,CMP-004,Q3 Pipeline Push — AMER 2025-11,Paid Search,Paid Search,74,A,false,false,0,MQL,2025-11-11,,,true,false,false,,1,2,U-018,,,
LEAD-10592,2026-03-25,Dovetail Health,Procurement / Finance,CFO,Australia,APAC,Organic Search,Inbound Marketing,CMP-014,Einstein Discovery Workshop — APAC 2025-09,Organic Search,Organic Search,65,B,false,true,0,Converted,2026-03-27,2026-04-06,2026-04-23,true,true,true,,0,5,U-016,U-010,ACC-1017,OPP-20118
LEAD-10593,2025-10-05,Beacon Partners,L&D / Enablement Manager,L&D Manager,Brazil,AMER,Outbound Sequence,Outbound,CMP-039,Reports-to-CRMA Migration — EMEA 2026-02,Outbound Sequence,Outbound Sequence,65,B,false,false,0,SQL,2025-10-15,2025-10-29,,true,true,false,,4,1,U-015,U-002,,
LEAD-10594,2026-03-19,Aster Logistics,Analytics Lead,BI Lead,Chile,LATAM,Organic Search,Product,CMP-014,Einstein Discovery Workshop — APAC 2025-09,Organic Search,Organic Search,79,A,true,false,51,Nurture,2026-03-27,,,true,false,false,,,0,,,,
LEAD-10595,2025-04-30,Pallas Pharma,Salesforce Admin,CRM Manager,Germany,EMEA,AI Assistant Referral,Inbound Marketing,CMP-020,Dashboard Makeover Challenge — AMER 2025-12,AI Assistant Referral,AI Assistant Referral,63,B,false,false,0,MQL,2025-05-05,,,true,false,false,,4,6,U-017,,,
LEAD-10596,2025-05-21,Quanta Media,Individual Learner,Business Analyst,Australia,APAC,Paid Social,Inbound Marketing,CMP-009,Salesforce Event Follow-up — AMER 2026-01,Paid Social,Customer Referral,10,D,false,false,0,Converted,2025-05-28,2025-06-09,2025-07-05,true,true,true,,0,9,U-016,U-006,ACC-1039,OPP-20119
LEAD-10597,2025-06-18,Kestrel Consulting,Analytics Lead,RevOps Manager,United States,AMER,Customer Referral,Partner / Referral,CMP-046,Certification Season — AMER 2026-03,Customer Referral,Conference,83,A,false,false,0,Working,,,,false,false,false,,6,4,U-023,,,
LEAD-10598,2026-06-28,Dovetail Systems,Individual Learner,Business Analyst,Germany,EMEA,Free Course,Product,CMP-025,Certification Season — EMEA 2025-09,Free Course,Free Course,63,B,true,true,60,MQL,2026-07-10,,,true,false,false,,,2,,,,
LEAD-10599,2026-04-02,Solstice Pharma,Individual Learner,Junior Consultant,Canada,AMER,SI Partner Referral,Partner / Referral,CMP-042,Certification Season — AMER 2025-04,SI Partner Referral,SI Partner Referral,47,C,false,true,0,Nurture,2026-04-18,,,true,false,false,,4,10,U-020,,,
LEAD-10600,2025-06-17,North Works,Individual Learner,Career Switcher,Mexico,AMER,Free Course,Product,CMP-027,Q3 Pipeline Push — APAC 2025-05,Free Course,Salesforce Community,68,B,true,true,38,Nurture,2025-06-27,,,true,false,false,,,0,,,,
LEAD-10601,2025-10-25,Quanta Pharma,Individual Learner,Data Analyst,Spain,EMEA,Organic Search,Product,CMP-011,Admin to Analyst Path — LATAM 2025-04,Organic Search,Organic Search,51,B,true,false,72,Converted,2025-10-29,2025-11-07,2025-11-14,true,true,true,,,0,,U-001,ACC-1067,OPP-20120
LEAD-10602,2026-02-24,Rivet Group,Salesforce Admin,Salesforce Administrator,Canada,AMER,Free Course,Product,CMP-026,Reports-to-CRMA Migration — AMER 2025-08,Free Course,Free Course,61,B,true,true,29,SQL,2026-02-28,2026-03-05,,true,true,false,,,0,,U-002,,
LEAD-10603,2025-07-02,Vantage Media,Analytics Lead,RevOps Manager,Germany,EMEA,Organic Search,Product,CMP-018,Free Course Launch — AMER 2025-11,Organic Search,Customer Referral,86,A,true,false,89,MQL,2025-07-09,,,true,false,false,,,0,,,,
LEAD-10604,2026-07-13,Wexler Media,Individual Learner,Junior Consultant,United Kingdom,EMEA,SI Partner Referral,Partner / Referral,CMP-043,SAQL Masterclass — APAC 2026-01,SI Partner Referral,SI Partner Referral,60,B,false,false,0,Converted,2026-07-14,2026-07-28,2026-08-20,true,true,true,,2,6,U-022,U-001,ACC-1091,OPP-20121
LEAD-10605,2026-06-22,Rivet Care,Individual Learner,Data Analyst,Indonesia,APAC,Paid Social,Product,CMP-010,Certification Season — LATAM 2025-06,Paid Social,Organic Search,19,D,true,false,28,New,,,,false,false,false,,,0,,,,
LEAD-10606,2026-02-25,North Systems,Procurement / Finance,Head of Vendor Management,Singapore,APAC,Free Course,Product,CMP-028,Certification Season — AMER 2025-11,Free Course,Paid Search,99,A,true,false,86,SQL,2026-03-01,2026-03-23,,true,true,false,,,1,,U-014,,
LEAD-10607,2026-08-13,Onyx Consulting,Analytics Lead,RevOps Manager,Mexico,AMER,Conference,Inbound Marketing,CMP-036,Einstein Discovery Workshop — AMER 2026-04,Conference,Conference,47,C,false,false,0,Working,,,,false,false,false,,0,6,U-019,,,
LEAD-10608,2025-08-08,Cinder Technologies,Individual Learner,Business Analyst,United Kingdom,EMEA,AI Assistant Referral,Inbound Marketing,CMP-020,Dashboard Makeover Challenge — AMER 2025-12,AI Assistant Referral,AI Assistant Referral,55,B,false,false,0,Working,,,,false,false,false,,0,1,U-027,,,
LEAD-10609,2026-02-09,Ember Insurance,Individual Learner,Data Analyst,Canada,AMER,Paid Social,Inbound Marketing,CMP-008,Admin to Analyst Path — EMEA 2026-02,Paid Social,Paid Search,19,D,false,false,0,Disqualified,,,,false,false,false,No budget,2,1,U-025,,,
LEAD-10610,2026-07-16,Cinder Foods,Individual Learner,Career Switcher,Brazil,AMER,Organic Search,Product,CMP-015,Reports-to-CRMA Migration — AMER 2025-11,Organic Search,Organic Search,59,B,true,true,29,MQL,2026-07-23,,,true,false,false,,,1,,,,
LEAD-10611,2025-07-04,Solstice Energy,Individual Learner,Data Analyst,Brazil,AMER,Organic Search,Product,CMP-016,Dashboard Makeover Challenge — AMER 2026-04,Organic Search,Organic Search,66,B,true,true,49,SQL,2025-07-18,2025-08-01,,true,true,false,,,1,,U-006,,
LEAD-10612,2025-08-19,Vantage Health,Individual Learner,Business Analyst,Canada,AMER,Paid Social,Inbound Marketing,CMP-009,Salesforce Event Follow-up — AMER 2026-01,Paid Social,Paid Social,29,D,false,false,0,Disqualified,,,,false,false,false,Student — free course only,1,6,U-026,,,
LEAD-10613,2025-10-07,Ember Bank,L&D / Enablement Manager,L&D Manager,France,EMEA,Organic Search,Product,CMP-016,Dashboard Makeover Challenge — AMER 2026-04,Organic Search,Outbound Sequence,85,A,true,true,3,MQL,2025-10-20,,,true,false,false,,,2,,,,
LEAD-10614,2026-03-20,Foundry Group,Salesforce Admin,Senior Salesforce Admin,Sweden,EMEA,Free Course,Product,CMP-023,Dashboard Makeover Challenge — AMER 2025-06,Free Course,Paid Social,91,A,true,true,81,Converted,2026-04-02,2026-04-19,2026-04-28,true,true,true,,,1,,U-003,ACC-1087,OPP-20122
LEAD-10615,2025-07-15,Sable Foods,Procurement / Finance,Finance Director,United Kingdom,EMEA,Free Course,Product,CMP-025,Certification Season — EMEA 2025-09,Free Course,Paid Social,82,A,true,true,100,SQL,2025-07-21,2025-07-22,,true,true,false,,,2,,U-009,,
LEAD-10616,2026-04-28,Orbital Motors,Procurement / Finance,Procurement Manager,Netherlands,EMEA,SI Partner Referral,Partner / Referral,CMP-043,SAQL Masterclass — APAC 2026-01,SI Partner Referral,SI Partner Referral,68,B,false,false,0,SQL,2026-05-03,2026-05-27,,true,true,false,,2,7,U-020,U-006,,
LEAD-10617,2026-02-23,Cobalt Bank,Procurement / Finance,Procurement Manager,United States,AMER,Paid Search,Inbound Marketing,CMP-005,Certification Season — AMER 2025-12,Paid Search,Paid Search,68,B,false,false,0,Converted,2026-02-23,2026-03-11,2026-04-13,true,true,true,,1,5,U-027,U-002,ACC-1052,OPP-20123
LEAD-10618,2026-06-25,Halcyon Care,Salesforce Admin,Salesforce Administrator,United States,AMER,Webinar,Inbound Marketing,CMP-033,Admin to Analyst Path — EMEA 2026-07,Webinar,Webinar,43,C,false,true,0,SQL,2026-07-13,2026-07-19,,true,true,false,,0,1,U-023,U-014,,
LEAD-10619,2026-08-26,Dovetail Media,Analytics Lead,Director of Sales Operations,Germany,EMEA,Paid Social,Product,CMP-009,Salesforce Event Follow-up — AMER 2026-01,Paid Social,Salesforce Community,43,C,true,false,8,Nurture,2026-08-30,,,true,false,false,,,2,,,,
LEAD-10620,2025-04-07,Umbra Digital,Individual Learner,Career Switcher,UAE,EMEA,Salesforce Community,Inbound Marketing,CMP-031,Admin to Analyst Path — EMEA 2026-07,Salesforce Community,Salesforce Community,41,C,false,false,0,Disqualified,,,,false,false,false,Went silent,3,9,U-023,,,
LEAD-10621,2026-02-28,Umbra Retail,Individual Learner,Junior Consultant,UAE,EMEA,Organic Search,Product,CMP-011,Admin to Analyst Path — LATAM 2025-04,Organic Search,Organic Search,66,B,true,true,70,MQL,2026-03-15,,,true,false,false,,,1,,,,
LEAD-10622,2025-05-19,Vantage Retail,L&D / Enablement Manager,People Development Lead,Indonesia,APAC,Outbound Sequence,Outbound,CMP-041,Reports-to-CRMA Migration — AMER 2025-04,Outbound Sequence,Outbound Sequence,67,B,false,false,0,Converted,2025-06-07,2025-06-11,2025-07-11,true,true,true,,3,6,U-022,U-007,ACC-1095,OPP-20124
LEAD-10623,2025-10-27,Orbital Works,Analytics Lead,Director of Sales Operations,India,APAC,Outbound Sequence,Outbound,CMP-040,AI Search Visibility — AMER 2026-05,Outbound Sequence,Outbound Sequence,54,B,false,false,0,Converted,2025-11-17,2025-11-19,2025-12-13,true,true,true,,4,9,U-023,U-008,ACC-1066,OPP-20125
LEAD-10624,2026-08-08,Umbra Care,Individual Learner,Data Analyst,United Kingdom,EMEA,Organic Search,Product,CMP-014,Einstein Discovery Workshop — APAC 2025-09,Organic Search,Organic Search,63,B,true,true,50,Nurture,2026-08-20,,,true,false,false,,,2,,,,
LEAD-10625,2025-08-28,Orbital Systems,Procurement / Finance,Head of Vendor Management,Brazil,AMER,Organic Search,Inbound Marketing,CMP-015,Reports-to-CRMA Migration — AMER 2025-11,Organic Search,Paid Search,81,A,false,false,0,Converted,2025-08-28,2025-08-30,2025-09-30,true,true,true,,4,6,U-020,U-001,ACC-1094,OPP-20126
LEAD-10626,2025-12-04,Vertex Telecom,Salesforce Admin,Platform Owner,Brazil,AMER,Organic Search,Product,CMP-015,Reports-to-CRMA Migration — AMER 2025-11,Organic Search,Organic Search,67,B,true,false,4,Disqualified,,,,false,false,false,Went silent,,0,,,,
LEAD-10627,2026-05-02,Cinder Capital,Analytics Lead,BI Lead,Mexico,AMER,Paid Search,Inbound Marketing,CMP-003,Free Course Launch — EMEA 2025-12,Paid Search,Paid Search,65,B,false,false,0,Disqualified,,,,false,false,false,Free course is enough,2,3,U-024,,,
LEAD-10628,2026-04-19,Orbital Group,Salesforce Admin,Senior Salesforce Admin,UAE,EMEA,Outbound Sequence,Outbound,CMP-039,Reports-to-CRMA Migration — EMEA 2026-02,Outbound Sequence,Outbound Sequence,67,B,false,true,0,SQL,2026-05-01,2026-05-08,,true,true,false,,2,7,U-017,U-013,,
LEAD-10629,2025-07-30,Kestrel Works,Salesforce Admin,CRM Manager,UAE,EMEA,Outbound Sequence,Outbound,CMP-041,Reports-to-CRMA Migration — AMER 2025-04,Outbound Sequence,Outbound Sequence,36,C,false,false,0,Disqualified,,,,false,false,false,Went silent,0,2,U-024,,,
LEAD-10630,2026-06-12,Harbor Care,Analytics Lead,Head of Analytics,Mexico,AMER,Webinar,Inbound Marketing,CMP-032,Salesforce Event Follow-up — AMER 2025-12,Webinar,Webinar,45,C,false,false,0,Converted,2026-06-28,2026-07-22,2026-08-07,true,true,true,,3,10,U-023,U-002,ACC-1028,OPP-20127
LEAD-10631,2026-06-20,Beacon Foods,Individual Learner,Data Analyst,Canada,AMER,Paid Search,Inbound Marketing,CMP-006,AI Search Visibility — AMER 2026-02,Paid Search,Salesforce Community,54,B,false,false,0,Disqualified,,,,false,false,false,Free course is enough,3,2,U-026,,,
LEAD-10632,2025-09-23,Lattice Group,Salesforce Admin,Senior Salesforce Admin,Japan,APAC,Customer Referral,Partner / Referral,CMP-046,Certification Season — AMER 2026-03,Customer Referral,Customer Referral,63,B,false,false,0,MQL,2025-09-26,,,true,false,false,,3,3,U-019,,,
LEAD-10633,2025-07-24,Zephyr Bank,Individual Learner,Data Analyst,Netherlands,EMEA,Paid Social,Inbound Marketing,CMP-009,Salesforce Event Follow-up — AMER 2026-01,Paid Social,Salesforce Community,10,D,false,false,0,New,,,,false,false,false,,3,2,U-023,,,
LEAD-10634,2026-01-28,Umbra Care,Individual Learner,Business Analyst,United States,AMER,Paid Search,Product,CMP-003,Free Course Launch — EMEA 2025-12,Paid Search,Paid Search,79,A,true,false,85,MQL,2026-02-18,,,true,false,false,,,2,,,,
LEAD-10635,2026-03-25,Quanta Motors,Salesforce Admin,Senior Salesforce Admin,Spain,EMEA,Outbound Sequence,Outbound,CMP-041,Reports-to-CRMA Migration — AMER 2025-04,Outbound Sequence,Outbound Sequence,31,C,false,false,0,Disqualified,,,,false,false,false,Competitor,2,7,U-024,,,
LEAD-10636,2026-06-21,Beacon Systems,Salesforce Admin,Salesforce Administrator,Canada,AMER,Organic Search,Inbound Marketing,CMP-017,SAQL Masterclass — AMER 2026-05,Organic Search,Customer Referral,49,C,false,false,0,Disqualified,,,,false,false,false,Competitor,2,4,U-017,,,
LEAD-10637,2025-07-13,Zephyr Consulting,Salesforce Admin,Platform Owner,United States,AMER,Free Course,Product,CMP-026,Reports-to-CRMA Migration — AMER 2025-08,Free Course,Outbound Sequence,100,A,true,true,98,MQL,2025-07-25,,,true,false,false,,,0,,,,
LEAD-10638,2026-05-25,Aster Capital,Salesforce Admin,Salesforce Administrator,Chile,LATAM,Organic Search,Inbound Marketing,CMP-018,Free Course Launch — AMER 2025-11,Organic Search,Organic Search,56,B,false,false,0,Nurture,2026-06-07,,,true,false,false,,2,9,U-020,,,
LEAD-10639,2025-05-13,Vertex Systems,L&D / Enablement Manager,Head of Enablement,France,EMEA,Paid Social,Inbound Marketing,CMP-009,Salesforce Event Follow-up — AMER 2026-01,Paid Social,Paid Social,36,C,false,false,0,Working,,,,false,false,false,,2,3,U-026,,,
LEAD-10640,2026-03-25,Zephyr Retail,Analytics Lead,BI Lead,Canada,AMER,AI Assistant Referral,Inbound Marketing,CMP-022,Dashboard Makeover Challenge — AMER 2025-10,AI Assistant Referral,AI Assistant Referral,79,A,false,false,0,Converted,2026-03-28,2026-04-05,2026-05-03,true,true,true,,3,4,U-021,U-007,ACC-1071,OPP-20128
LEAD-10641,2026-06-23,Quanta Consulting,Analytics Lead,Director of Sales Operations,Brazil,AMER,Organic Search,Product,CMP-018,Free Course Launch — AMER 2025-11,Organic Search,Conference,76,A,true,false,75,New,,,,false,false,false,,,1,,,,
LEAD-10642,2025-10-01,Orbital Systems,Individual Learner,Junior Consultant,Australia,APAC,Paid Search,Inbound Marketing,CMP-005,Certification Season — AMER 2025-12,Paid Search,Paid Search,48,C,false,false,0,Converted,2025-10-06,2025-10-13,2025-11-03,true,true,true,,1,7,U-019,U-014,ACC-1024,OPP-20129
LEAD-10643,2026-06-27,Dovetail Digital,Salesforce Admin,Platform Owner,UAE,EMEA,SI Partner Referral,Partner / Referral,CMP-042,Certification Season — AMER 2025-04,SI Partner Referral,SI Partner Referral,48,C,false,false,0,MQL,2026-06-28,,,true,false,false,,0,7,U-021,,,
LEAD-10644,2025-11-10,Juniper Pharma,Analytics Lead,BI Lead,India,APAC,Free Course,Inbound Marketing,CMP-027,Q3 Pipeline Push — APAC 2025-05,Free Course,Free Course,91,A,false,false,0,SQL,2025-11-30,2025-12-22,,true,true,false,,3,8,U-025,U-002,,
LEAD-10645,2026-02-03,Foundry Group,Individual Learner,Career Switcher,Japan,APAC,Conference,Inbound Marketing,CMP-036,Einstein Discovery Workshop — AMER 2026-04,Conference,Conference,14,D,false,false,0,Converted,2026-02-18,2026-03-15,2026-03-21,true,true,true,,1,2,U-022,U-003,ACC-1071,OPP-20130
LEAD-10646,2026-02-20,Tundra Media,Individual Learner,Data Analyst,Australia,APAC,Webinar,Product,CMP-034,Salesforce Event Follow-up — EMEA 2026-03,Webinar,Paid Search,80,A,true,true,42,SQL,2026-03-05,2026-03-30,,true,true,false,,,0,,U-003,,
LEAD-10647,2025-04-25,Lattice Systems,Individual Learner,Career Switcher,Brazil,AMER,Outbound Sequence,Outbound,CMP-040,AI Search Visibility — AMER 2026-05,Outbound Sequence,Outbound Sequence,48,C,false,false,0,Converted,2025-05-09,2025-05-13,2025-06-10,true,true,true,,1,1,U-021,U-009,ACC-1122,OPP-20131
LEAD-10648,2025-05-04,Cinder Technologies,Analytics Lead,Director of Sales Operations,Canada,AMER,Conference,Inbound Marketing,CMP-035,Dashboard Makeover Challenge — EMEA 2026-05,Conference,Conference,58,B,false,false,0,Converted,2025-05-25,2025-05-26,2025-06-07,true,true,true,,2,11,U-016,U-011,ACC-1037,OPP-20132
LEAD-10649,2025-10-01,Meridian Pharma,Salesforce Admin,CRM Manager,UAE,EMEA,Organic Search,Inbound Marketing,CMP-016,Dashboard Makeover Challenge — AMER 2026-04,Organic Search,Paid Search,60,B,false,false,0,MQL,2025-10-22,,,true,false,false,,3,9,U-025,,,
LEAD-10650,2025-09-14,Halcyon Digital,Analytics Lead,RevOps Manager,UAE,EMEA,Customer Referral,Partner / Referral,CMP-045,Einstein Discovery Workshop — AMER 2025-09,Customer Referral,Customer Referral,67,B,false,false,0,Disqualified,,,,false,false,false,Went silent,0,5,U-015,,,
LEAD-10651,2025-10-03,Vantage Pharma,Salesforce Admin,CRM Manager,Spain,EMEA,Organic Search,Product,CMP-013,Team Upskilling Offer — LATAM 2026-01,Organic Search,Salesforce Community,76,A,true,false,51,Nurture,2025-10-19,,,true,false,false,,,2,,,,
LEAD-10652,2025-09-22,Pallas Motors,Individual Learner,Data Analyst,Germany,EMEA,Paid Search,Inbound Marketing,CMP-001,Salesforce Event Follow-up — AMER 2026-02,Paid Search,Paid Search,55,B,false,false,0,New,,,,false,false,false,,3,4,U-025,,,
LEAD-10653,2025-06-24,Vantage Retail,L&D / Enablement Manager,Head of Enablement,United Kingdom,EMEA,SI Partner Referral,Partner / Referral,CMP-042,Certification Season — AMER 2025-04,SI Partner Referral,SI Partner Referral,42,C,false,false,0,MQL,2025-06-26,,,true,false,false,,1,7,U-023,,,
LEAD-10654,2026-08-25,Orbital Foods,Individual Learner,Junior Consultant,Colombia,LATAM,Outbound Sequence,Outbound,CMP-039,Reports-to-CRMA Migration — EMEA 2026-02,Outbound Sequence,Outbound Sequence,45,C,true,true,91,Working,,,,false,false,false,,0,6,U-027,,,
LEAD-10655,2026-05-27,Aster Foods,L&D / Enablement Manager,Training Director,Mexico,AMER,Conference,Inbound Marketing,CMP-035,Dashboard Makeover Challenge — EMEA 2026-05,Conference,Customer Referral,61,B,false,false,0,Disqualified,,,,false,false,false,No budget,4,9,U-016,,,
LEAD-10656,2026-07-20,Quanta Health,Individual Learner,Data Analyst,India,APAC,Free Course,Product,CMP-023,Dashboard Makeover Challenge — AMER 2025-06,Free Course,Outbound Sequence,78,A,true,true,29,Working,,,,false,false,false,,,1,,,,
LEAD-10657,2026-01-20,Tundra Pharma,Salesforce Admin,Senior Salesforce Admin,Canada,AMER,Outbound Sequence,Outbound,CMP-037,Team Upskilling Offer — EMEA 2025-04,Outbound Sequence,Outbound Sequence,43,C,false,false,0,Disqualified,,,,false,false,false,No budget,4,2,U-017,,,
LEAD-10658,2026-05-05,Orbital Systems,Individual Learner,Career Switcher,Chile,LATAM,AI Assistant Referral,Product,CMP-022,Dashboard Makeover Challenge — AMER 2025-10,AI Assistant Referral,AI Assistant Referral,46,C,true,false,23,SQL,2026-05-20,2026-05-31,,true,true,false,,,1,,U-008,,
LEAD-10659,2026-04-17,Foundry Capital,Analytics Lead,BI Lead,Singapore,APAC,Free Course,Product,CMP-028,Certification Season — AMER 2025-11,Free Course,Free Course,95,A,true,false,88,Converted,2026-04-23,2026-05-11,2026-05-24,true,true,true,,,1,,U-005,ACC-1129,OPP-20133
LEAD-10660,2026-04-11,Quanta Capital,Analytics Lead,Director of Sales Operations,Mexico,AMER,Organic Search,Inbound Marketing,CMP-013,Team Upskilling Offer — LATAM 2026-01,Organic Search,Free Course,70,A,false,false,0,SQL,2026-04-15,2026-05-10,,true,true,false,,1,10,U-016,U-012,,
LEAD-10661,2025-11-10,Cinder Works,Salesforce Admin,Platform Owner,Canada,AMER,Conference,Inbound Marketing,CMP-036,Einstein Discovery Workshop — AMER 2026-04,Conference,Outbound Sequence,50,B,false,true,0,MQL,2025-11-21,,,true,false,false,,3,10,U-021,,,
LEAD-10662,2025-12-02,Dovetail Technologies,Analytics Lead,BI Lead,Sweden,EMEA,Paid Social,Product,CMP-008,Admin to Analyst Path — EMEA 2026-02,Paid Social,Paid Social,61,B,true,true,70,Disqualified,,,,false,false,false,Competitor,,2,,,,
LEAD-10663,2025-10-15,Dovetail Care,Salesforce Admin,Platform Owner,Australia,APAC,Free Course,Product,CMP-028,Certification Season — AMER 2025-11,Free Course,Free Course,73,A,true,true,42,MQL,2025-11-03,,,true,false,false,,,2,,,,
LEAD-10664,2025-12-17,Halcyon Technologies,Individual Learner,Junior Consultant,United Kingdom,EMEA,Free Course,Inbound Marketing,CMP-025,Certification Season — EMEA 2025-09,Free Course,Free Course,79,A,false,true,0,Disqualified,,,,false,false,false,Competitor,0,5,U-025,,,
LEAD-10665,2026-07-22,Kestrel Energy,Individual Learner,Junior Consultant,Brazil,AMER,Organic Search,Inbound Marketing,CMP-016,Dashboard Makeover Challenge — AMER 2026-04,Organic Search,Organic Search,62,B,false,false,0,Working,,,,false,false,false,,3,7,U-023,,,
LEAD-10666,2026-06-01,Halcyon Digital,Salesforce Admin,Senior Salesforce Admin,UAE,EMEA,Free Course,Product,CMP-027,Q3 Pipeline Push — APAC 2025-05,Free Course,Conference,67,B,true,false,97,Converted,2026-06-15,2026-06-29,2026-07-08,true,true,true,,,2,,U-001,ACC-1091,OPP-20134
LEAD-10667,2026-03-10,Zephyr Bank,Individual Learner,Business Analyst,United States,AMER,Outbound Sequence,Outbound,CMP-038,Certification Season — AMER 2025-04,Outbound Sequence,Outbound Sequence,3,D,false,false,0,SQL,2026-03-22,2026-03-23,,true,true,false,,4,11,U-019,U-006,,
LEAD-10668,2026-07-04,Kestrel Logistics,Salesforce Admin,CRM Manager,United States,AMER,Conference,Inbound Marketing,CMP-035,Dashboard Makeover Challenge — EMEA 2026-05,Conference,Conference,64,B,false,false,0,SQL,2026-07-18,2026-07-26,,true,true,false,,3,8,U-016,U-014,,
LEAD-10669,2025-12-02,Wexler Motors,Procurement / Finance,Head of Vendor Management,Spain,EMEA,AI Assistant Referral,Product,CMP-021,SAQL Masterclass — LATAM 2025-09,AI Assistant Referral,AI Assistant Referral,100,A,true,true,56,MQL,2025-12-13,,,true,false,false,,,2,,,,
LEAD-10670,2025-07-04,Cobalt Capital,Individual Learner,Business Analyst,Brazil,AMER,Free Course,Inbound Marketing,CMP-026,Reports-to-CRMA Migration — AMER 2025-08,Free Course,Free Course,50,B,false,false,0,SQL,2025-07-08,2025-07-16,,true,true,false,,1,2,U-016,U-011,,
LEAD-10671,2026-07-24,Lumen Digital,Salesforce Admin,Senior Salesforce Admin,Spain,EMEA,Organic Search,Inbound Marketing,CMP-013,Team Upskilling Offer — LATAM 2026-01,Organic Search,Organic Search,74,A,false,false,0,Disqualified,,,,false,false,false,No Salesforce org,3,11,U-019,,,
LEAD-10672,2025-05-19,Meridian Technologies,L&D / Enablement Manager,Training Director,United States,AMER,Paid Search,Inbound Marketing,CMP-005,Certification Season — AMER 2025-12,Paid Search,Paid Search,48,C,false,false,0,Converted,2025-05-26,2025-06-02,2025-07-04,true,true,true,,4,7,U-021,U-009,ACC-1035,OPP-20135
LEAD-10673,2026-02-20,Aster Media,Analytics Lead,RevOps Manager,United States,AMER,Organic Search,Product,CMP-017,SAQL Masterclass — AMER 2026-05,Organic Search,Organic Search,91,A,true,true,50,Disqualified,,,,false,false,false,Went silent,,0,,,,
LEAD-10674,2025-11-02,Tundra Health,Analytics Lead,Director of Sales Operations,Japan,APAC,Conference,Inbound Marketing,CMP-035,Dashboard Makeover Challenge — EMEA 2026-05,Conference,AI Assistant Referral,70,A,false,false,0,Converted,2025-11-21,2025-12-12,2026-01-11,true,true,true,,2,5,U-018,U-011,ACC-1054,OPP-20136
LEAD-10675,2026-05-14,Vertex Works,Analytics Lead,Director of Sales Operations,Mexico,AMER,Free Course,Product,CMP-025,Certification Season — EMEA 2025-09,Free Course,Webinar,79,A,true,false,10,MQL,2026-05-14,,,true,false,false,,,0,,,,
LEAD-10676,2025-05-26,Cinder Works,L&D / Enablement Manager,People Development Lead,India,APAC,Outbound Sequence,Outbound,CMP-038,Certification Season — AMER 2025-04,Outbound Sequence,Outbound Sequence,64,B,false,false,0,MQL,2025-06-08,,,true,false,false,,2,1,U-023,,,
LEAD-10677,2026-01-09,Tundra Partners,Salesforce Admin,Platform Owner,Brazil,AMER,Salesforce Community,Inbound Marketing,CMP-030,SAQL Masterclass — AMER 2025-08,Salesforce Community,Salesforce Community,65,B,false,false,0,New,,,,false,false,false,,2,1,U-022,,,
LEAD-10678,2025-06-22,North Insurance,L&D / Enablement Manager,People Development Lead,Singapore,APAC,Organic Search,Inbound Marketing,CMP-014,Einstein Discovery Workshop — APAC 2025-09,Organic Search,Customer Referral,90,A,false,false,0,Nurture,2025-07-12,,,true,false,false,,3,2,U-022,,,
LEAD-10679,2025-09-04,Onyx Technologies,Salesforce Admin,Platform Owner,Netherlands,EMEA,AI Assistant Referral,Inbound Marketing,CMP-020,Dashboard Makeover Challenge — AMER 2025-12,AI Assistant Referral,Organic Search,73,A,false,true,0,New,,,,false,false,false,,4,4,U-016,,,
LEAD-10680,2025-04-04,North Consulting,Individual Learner,Junior Consultant,Germany,EMEA,Paid Social,Inbound Marketing,CMP-008,Admin to Analyst Path — EMEA 2026-02,Paid Social,Paid Social,22,D,false,false,0,Working,,,,false,false,false,,2,3,U-023,,,
LEAD-10681,2025-10-03,North Capital,Individual Learner,Career Switcher,India,APAC,AI Assistant Referral,Inbound Marketing,CMP-022,Dashboard Makeover Challenge — AMER 2025-10,AI Assistant Referral,Organic Search,44,C,false,false,0,SQL,2025-10-09,2025-11-03,,true,true,false,,5,3,U-026,U-003,,
LEAD-10682,2025-08-28,Kestrel Care,Analytics Lead,BI Lead,United States,AMER,Webinar,Product,CMP-034,Salesforce Event Follow-up — EMEA 2026-03,Webinar,Outbound Sequence,76,A,true,false,59,MQL,2025-09-06,,,true,false,false,,,0,,,,
LEAD-10683,2026-04-06,North Technologies,Analytics Lead,RevOps Manager,Canada,AMER,SI Partner Referral,Partner / Referral,CMP-043,SAQL Masterclass — APAC 2026-01,SI Partner Referral,SI Partner Referral,84,A,false,false,0,MQL,2026-04-06,,,true,false,false,,2,5,U-017,,,
LEAD-10684,2025-12-16,Umbra Bank,Salesforce Admin,Platform Owner,Colombia,LATAM,SI Partner Referral,Partner / Referral,CMP-044,Reports-to-CRMA Migration — AMER 2025-06,SI Partner Referral,SI Partner Referral,66,B,false,true,0,SQL,2025-12-27,2026-01-03,,true,true,false,,0,2,U-023,U-007,,
LEAD-10685,2025-08-30,Meridian Digital,Salesforce Admin,Platform Owner,Argentina,LATAM,Conference,Inbound Marketing,CMP-035,Dashboard Makeover Challenge — EMEA 2026-05,Conference,Paid Search,50,B,false,false,0,Working,,,,false,false,false,,4,8,U-020,,,
LEAD-10686,2025-10-02,Cobalt Bank,Individual Learner,Career Switcher,Indonesia,APAC,Paid Social,Product,CMP-010,Certification Season — LATAM 2025-06,Paid Social,Paid Social,42,C,true,true,81,New,,,,false,false,false,,,0,,,,
LEAD-10687,2026-01-18,Cobalt Health,Procurement / Finance,CFO,Brazil,AMER,Organic Search,Inbound Marketing,CMP-017,SAQL Masterclass — AMER 2026-05,Organic Search,Organic Search,79,A,false,false,0,Nurture,2026-01-20,,,true,false,false,,2,3,U-025,,,
LEAD-10688,2025-07-28,Ember Logistics,Analytics Lead,RevOps Manager,Chile,LATAM,Paid Search,Inbound Marketing,CMP-001,Salesforce Event Follow-up — AMER 2026-02,Paid Search,Salesforce Community,79,A,false,false,0,MQL,2025-08-18,,,true,false,false,,3,1,U-026,,,
LEAD-10689,2026-06-04,Ember Systems,Analytics Lead,RevOps Manager,Singapore,APAC,Outbound Sequence,Outbound,CMP-041,Reports-to-CRMA Migration — AMER 2025-04,Outbound Sequence,Outbound Sequence,41,C,false,false,0,Working,,,,false,false,false,,3,1,U-027,,,
LEAD-10690,2026-04-16,Halcyon Media,Individual Learner,Career Switcher,Mexico,AMER,Free Course,Inbound Marketing,CMP-026,Reports-to-CRMA Migration — AMER 2025-08,Free Course,Free Course,56,B,false,true,0,Converted,2026-04-23,2026-05-01,2026-05-06,true,true,true,,3,8,U-021,U-005,ACC-1099,OPP-20137
LEAD-10691,2026-02-04,Kestrel Consulting,Individual Learner,Data Analyst,Canada,AMER,Salesforce Community,Product,CMP-030,SAQL Masterclass — AMER 2025-08,Salesforce Community,SI Partner Referral,49,C,true,true,49,Converted,2026-02-13,2026-03-02,2026-03-25,true,true,true,,,2,,U-009,ACC-1004,OPP-20138
LEAD-10692,2025-08-24,Cinder Health,Analytics Lead,BI Lead,Japan,APAC,Free Course,Product,CMP-027,Q3 Pipeline Push — APAC 2025-05,Free Course,Salesforce Community,73,A,true,false,26,MQL,2025-08-30,,,true,false,false,,,0,,,,
LEAD-10693,2026-09-12,Vertex Technologies,Individual Learner,Data Analyst,Netherlands,EMEA,Paid Search,Product,CMP-004,Q3 Pipeline Push — AMER 2025-11,Paid Search,Webinar,44,C,true,true,90,Converted,2026-09-20,2026-09-24,2026-10-11,true,true,true,,,0,,U-006,ACC-1057,OPP-20139
LEAD-10694,2025-11-19,Vantage Motors,L&D / Enablement Manager,Training Director,Indonesia,APAC,Organic Search,Product,CMP-016,Dashboard Makeover Challenge — AMER 2026-04,Organic Search,Organic Search,95,A,true,false,54,Disqualified,,,,false,false,false,No budget,,0,,,,
LEAD-10695,2026-03-01,Halcyon Retail,L&D / Enablement Manager,Training Director,Japan,APAC,SI Partner Referral,Partner / Referral,CMP-044,Reports-to-CRMA Migration — AMER 2025-06,SI Partner Referral,SI Partner Referral,60,B,false,false,0,Converted,2026-03-17,2026-04-09,2026-04-14,true,true,true,,1,9,U-027,U-014,ACC-1037,OPP-20140
LEAD-10696,2026-07-08,Onyx Retail,Individual Learner,Data Analyst,Singapore,APAC,Paid Social,Inbound Marketing,CMP-010,Certification Season — LATAM 2025-06,Paid Social,Paid Social,34,C,false,false,0,Disqualified,,,,false,false,false,Competitor,0,10,U-020,,,
LEAD-10697,2025-11-20,Umbra Insurance,Individual Learner,Data Analyst,Netherlands,EMEA,Salesforce Community,Product,CMP-029,Classroom Batch Push — EMEA 2025-11,Salesforce Community,AI Assistant Referral,41,C,true,true,3,Nurture,2025-11-20,,,true,false,false,,,1,,,,
LEAD-10698,2025-08-18,Meridian Media,L&D / Enablement Manager,Training Director,Netherlands,EMEA,Paid Search,Product,CMP-003,Free Course Launch — EMEA 2025-12,Paid Search,Outbound Sequence,87,A,true,false,67,SQL,2025-09-04,2025-09-19,,true,true,false,,,0,,U-014,,
LEAD-10699,2025-08-02,Quanta Foods,L&D / Enablement Manager,Head of Enablement,Canada,AMER,Paid Search,Product,CMP-005,Certification Season — AMER 2025-12,Paid Search,Paid Search,69,B,true,true,30,MQL,2025-08-10,,,true,false,false,,,2,,,,
LEAD-10700,2025-08-18,North Insurance,Individual Learner,Business Analyst,Spain,EMEA,Customer Referral,Partner / Referral,CMP-046,Certification Season — AMER 2026-03,Customer Referral,Free Course,41,C,false,false,0,Disqualified,,,,false,false,false,Competitor,0,1,U-023,,,
LEAD-10701,2026-03-05,Cinder Media,Procurement / Finance,Procurement Manager,Netherlands,EMEA,Organic Search,Product,CMP-014,Einstein Discovery Workshop — APAC 2025-09,Organic Search,Organic Search,99,A,true,false,63,Converted,2026-03-26,2026-04-07,2026-05-08,true,true,true,,,1,,U-007,ACC-1096,OPP-20141
LEAD-10702,2025-10-18,Solstice Care,Individual Learner,Data Analyst,United States,AMER,AI Assistant Referral,Product,CMP-020,Dashboard Makeover Challenge — AMER 2025-12,AI Assistant Referral,AI Assistant Referral,76,A,true,true,66,Working,,,,false,false,false,,,1,,,,
LEAD-10703,2026-02-01,Vertex Energy,Individual Learner,Career Switcher,Australia,APAC,Paid Search,Inbound Marketing,CMP-002,Reports-to-CRMA Migration — AMER 2025-08,Paid Search,Customer Referral,65,B,false,false,0,MQL,2026-02-21,,,true,false,false,,2,3,U-023,,,
LEAD-10704,2026-07-13,Sable Works,Individual Learner,Career Switcher,Colombia,LATAM,Organic Search,Inbound Marketing,CMP-014,Einstein Discovery Workshop — APAC 2025-09,Organic Search,Organic Search,36,C,false,false,0,New,,,,false,false,false,,0,7,U-016,,,
LEAD-10705,2025-09-12,Vertex Technologies,Procurement / Finance,Procurement Manager,India,APAC,Free Course,Product,CMP-027,Q3 Pipeline Push — APAC 2025-05,Free Course,Free Course,95,A,true,true,11,Nurture,2025-09-15,,,true,false,false,,,0,,,,
LEAD-10706,2025-07-24,Zephyr Technologies,L&D / Enablement Manager,Training Director,Sweden,EMEA,Webinar,Product,CMP-032,Salesforce Event Follow-up — AMER 2025-12,Webinar,Outbound Sequence,80,A,true,false,50,MQL,2025-08-08,,,true,false,false,,,1,,,,
LEAD-10707,2025-12-01,Vertex Retail,Salesforce Admin,Salesforce Administrator,France,EMEA,Customer Referral,Partner / Referral,CMP-046,Certification Season — AMER 2026-03,Customer Referral,Customer Referral,95,A,true,true,37,Converted,2025-12-19,2025-12-25,2026-01-10,true,true,true,,,0,,U-002,ACC-1130,OPP-20142
LEAD-10708,2026-08-07,Rivet Foods,Salesforce Admin,Platform Owner,Brazil,AMER,Outbound Sequence,Outbound,CMP-037,Team Upskilling Offer — EMEA 2025-04,Outbound Sequence,Conference,29,D,false,false,0,SQL,2026-08-11,2026-08-22,,true,true,false,,2,11,U-021,U-011,,
LEAD-10709,2026-06-15,Ember Consulting,Analytics Lead,RevOps Manager,Australia,APAC,AI Assistant Referral,Product,CMP-020,Dashboard Makeover Challenge — AMER 2025-12,AI Assistant Referral,AI Assistant Referral,92,A,true,false,25,SQL,2026-07-06,2026-07-07,,true,true,false,,,2,,U-012,,
LEAD-10710,2025-08-29,North Media,L&D / Enablement Manager,People Development Lead,Brazil,AMER,Webinar,Inbound Marketing,CMP-034,Salesforce Event Follow-up — EMEA 2026-03,Webinar,Webinar,71,A,false,false,0,Converted,2025-09-04,2025-09-26,2025-10-24,true,true,true,,2,9,U-019,U-004,ACC-1062,OPP-20143
LEAD-10711,2026-07-17,Halcyon Telecom,Salesforce Admin,Salesforce Administrator,UAE,EMEA,Webinar,Product,CMP-034,Salesforce Event Follow-up — EMEA 2026-03,Webinar,Webinar,77,A,true,true,29,Nurture,2026-07-29,,,true,false,false,,,0,,,,
LEAD-10712,2025-10-11,Wexler Bank,Procurement / Finance,Head of Vendor Management,France,EMEA,Outbound Sequence,Outbound,CMP-040,AI Search Visibility — AMER 2026-05,Outbound Sequence,Outbound Sequence,44,C,false,true,0,Working,,,,false,false,false,,2,6,U-023,,,
LEAD-10713,2025-06-23,Dovetail Digital,Analytics Lead,Head of Analytics,Indonesia,APAC,Webinar,Inbound Marketing,CMP-034,Salesforce Event Follow-up — EMEA 2026-03,Webinar,Conference,66,B,false,false,0,MQL,2025-07-09,,,true,false,false,,1,3,U-023,,,
LEAD-10714,2025-04-16,Rivet Group,Individual Learner,Data Analyst,United Kingdom,EMEA,Organic Search,Product,CMP-014,Einstein Discovery Workshop — APAC 2025-09,Organic Search,Organic Search,66,B,true,true,56,Working,,,,false,false,false,,,2,,,,
LEAD-10715,2026-05-10,Harbor Technologies,Salesforce Admin,CRM Manager,Brazil,AMER,Organic Search,Product,CMP-014,Einstein Discovery Workshop — APAC 2025-09,Organic Search,Webinar,83,A,true,false,68,Converted,2026-05-31,2026-06-05,2026-06-29,true,true,true,,,2,,U-005,ACC-1055,OPP-20144
LEAD-10716,2026-02-15,Cinder Digital,Salesforce Admin,Platform Owner,Chile,LATAM,Organic Search,Product,CMP-016,Dashboard Makeover Challenge — AMER 2026-04,Organic Search,Organic Search,91,A,true,false,56,SQL,2026-03-03,2026-03-04,,true,true,false,,,0,,U-011,,
LEAD-10717,2026-05-17,Tundra Foods,Individual Learner,Business Analyst,Mexico,AMER,Paid Search,Inbound Marketing,CMP-006,AI Search Visibility — AMER 2026-02,Paid Search,Conference,58,B,false,false,0,MQL,2026-05-31,,,true,false,false,,2,1,U-018,,,
LEAD-10718,2025-10-27,Halcyon Systems,Individual Learner,Junior Consultant,Singapore,APAC,Outbound Sequence,Outbound,CMP-038,Certification Season — AMER 2025-04,Outbound Sequence,Paid Social,43,C,false,false,0,SQL,2025-11-10,2025-11-11,,true,true,false,,2,3,U-017,U-009,,
LEAD-10719,2025-07-15,Umbra Energy,Salesforce Admin,CRM Manager,United States,AMER,Paid Search,Inbound Marketing,CMP-002,Reports-to-CRMA Migration — AMER 2025-08,Paid Search,Webinar,93,A,false,false,0,MQL,2025-07-25,,,true,false,false,,2,2,U-025,,,
LEAD-10720,2026-04-09,North Digital,Individual Learner,Data Analyst,India,APAC,Paid Social,Inbound Marketing,CMP-009,Salesforce Event Follow-up — AMER 2026-01,Paid Social,Paid Social,36,C,false,false,0,Working,,,,false,false,false,,2,8,U-017,,,
LEAD-10721,2026-05-15,Wexler Systems,Individual Learner,Data Analyst,Germany,EMEA,Free Course,Product,CMP-025,Certification Season — EMEA 2025-09,Free Course,Free Course,78,A,true,false,69,MQL,2026-05-30,,,true,false,false,,,1,,,,
LEAD-10722,2026-08-19,Meridian Logistics,Salesforce Admin,Senior Salesforce Admin,Brazil,AMER,Free Course,Product,CMP-028,Certification Season — AMER 2025-11,Free Course,Free Course,79,A,true,true,99,Nurture,2026-08-20,,,true,false,false,,,2,,,,
LEAD-10723,2025-12-26,Lattice Retail,Procurement / Finance,Head of Vendor Management,United States,AMER,Free Course,Product,CMP-027,Q3 Pipeline Push — APAC 2025-05,Free Course,Customer Referral,96,A,true,true,26,Disqualified,,,,false,false,false,Wrong geo,,1,,,,
LEAD-10724,2026-08-16,Lumen Group,L&D / Enablement Manager,L&D Manager,Mexico,AMER,AI Assistant Referral,Product,CMP-021,SAQL Masterclass — LATAM 2025-09,AI Assistant Referral,AI Assistant Referral,85,A,true,false,33,Disqualified,,,,false,false,false,Wrong geo,,0,,,,
LEAD-10725,2026-06-11,Solstice Logistics,Procurement / Finance,CFO,Japan,APAC,Salesforce Community,Product,CMP-030,SAQL Masterclass — AMER 2025-08,Salesforce Community,Salesforce Community,75,A,true,true,9,SQL,2026-06-27,2026-07-01,,true,true,false,,,1,,U-010,,
LEAD-10726,2026-07-03,Harbor Capital,Salesforce Admin,Platform Owner,Canada,AMER,Organic Search,Product,CMP-014,Einstein Discovery Workshop — APAC 2025-09,Organic Search,Conference,73,A,true,false,58,SQL,2026-07-03,2026-07-14,,true,true,false,,,1,,U-011,,
LEAD-10727,2025-11-17,Halcyon Retail,Individual Learner,Junior Consultant,Brazil,AMER,Paid Social,Inbound Marketing,CMP-010,Certification Season — LATAM 2025-06,Paid Social,Customer Referral,11,D,false,false,0,MQL,2025-11-21,,,true,false,false,,5,4,U-027,,,
LEAD-10728,2025-06-07,Orbital Technologies,Salesforce Admin,Salesforce Administrator,Mexico,AMER,Organic Search,Product,CMP-017,SAQL Masterclass — AMER 2026-05,Organic Search,Organic Search,79,A,true,true,69,MQL,2025-06-26,,,true,false,false,,,2,,,,
LEAD-10729,2025-12-23,Lumen Retail,Salesforce Admin,CRM Manager,United States,AMER,SI Partner Referral,Partner / Referral,CMP-044,Reports-to-CRMA Migration — AMER 2025-06,SI Partner Referral,Organic Search,46,C,false,false,0,MQL,2026-01-02,,,true,false,false,,3,5,U-022,,,
LEAD-10730,2025-05-25,North Digital,Individual Learner,Junior Consultant,Brazil,AMER,Paid Social,Product,CMP-009,Salesforce Event Follow-up — AMER 2026-01,Paid Social,Paid Social,37,C,true,false,11,New,,,,false,false,false,,,2,,,,
LEAD-10731,2026-02-03,Umbra Telecom,Analytics Lead,BI Lead,Mexico,AMER,Organic Search,Product,CMP-017,SAQL Masterclass — AMER 2026-05,Organic Search,Organic Search,71,A,true,false,19,Disqualified,,,,false,false,false,No budget,,2,,,,
LEAD-10732,2026-02-28,Foundry Logistics,Analytics Lead,Head of Analytics,Brazil,AMER,Free Course,Product,CMP-027,Q3 Pipeline Push — APAC 2025-05,Free Course,Free Course,43,C,true,true,58,New,,,,false,false,false,,,0,,,,
LEAD-10733,2025-09-13,Vantage Insurance,Analytics Lead,Head of Analytics,Brazil,AMER,Free Course,Product,CMP-023,Dashboard Makeover Challenge — AMER 2025-06,Free Course,Conference,94,A,true,true,32,SQL,2025-09-20,2025-10-14,,true,true,false,,,2,,U-009,,
LEAD-10734,2025-07-10,Aster Pharma,Procurement / Finance,CFO,Spain,EMEA,Paid Search,Inbound Marketing,CMP-002,Reports-to-CRMA Migration — AMER 2025-08,Paid Search,Paid Search,79,A,false,false,0,Converted,2025-07-12,2025-07-30,2025-08-11,true,true,true,,2,1,U-018,U-011,ACC-1079,OPP-20145
LEAD-10735,2026-03-22,Cobalt Energy,Individual Learner,Business Analyst,Netherlands,EMEA,Organic Search,Inbound Marketing,CMP-012,AI Search Visibility — AMER 2026-07,Organic Search,AI Assistant Referral,50,B,false,false,0,Converted,2026-03-29,2026-04-06,2026-04-21,true,true,true,,1,1,U-024,U-013,ACC-1072,OPP-20146
LEAD-10736,2025-06-23,North Logistics,Individual Learner,Junior Consultant,Colombia,LATAM,Outbound Sequence,Outbound,CMP-039,Reports-to-CRMA Migration — EMEA 2026-02,Outbound Sequence,Outbound Sequence,39,C,false,false,0,Disqualified,,,,false,false,false,Wrong geo,1,11,U-022,,,
LEAD-10737,2025-06-01,Vantage Systems,Salesforce Admin,Senior Salesforce Admin,India,APAC,Webinar,Inbound Marketing,CMP-033,Admin to Analyst Path — EMEA 2026-07,Webinar,Webinar,37,C,false,false,0,New,,,,false,false,false,,2,10,U-027,,,
LEAD-10738,2026-02-18,Rivet Motors,Procurement / Finance,Procurement Manager,France,EMEA,Organic Search,Product,CMP-012,AI Search Visibility — AMER 2026-07,Organic Search,Organic Search,91,A,true,true,8,Converted,2026-02-25,2026-03-16,2026-03-23,true,true,true,,,0,,U-002,ACC-1029,OPP-20147
LEAD-10739,2025-05-10,Cobalt Technologies,Procurement / Finance,CFO,Mexico,AMER,Paid Search,Product,CMP-001,Salesforce Event Follow-up — AMER 2026-02,Paid Search,Webinar,100,A,true,true,27,Nurture,2025-05-30,,,true,false,false,,,1,,,,
LEAD-10740,2025-10-02,Tundra Consulting,L&D / Enablement Manager,Training Director,Colombia,LATAM,Salesforce Community,Product,CMP-029,Classroom Batch Push — EMEA 2025-11,Salesforce Community,Salesforce Community,58,B,true,false,11,New,,,,false,false,false,,,0,,,,
LEAD-10741,2025-04-22,Foundry Group,Salesforce Admin,Platform Owner,UAE,EMEA,Organic Search,Inbound Marketing,CMP-011,Admin to Analyst Path — LATAM 2025-04,Organic Search,Organic Search,66,B,false,false,0,MQL,2025-04-29,,,true,false,false,,3,9,U-027,,,
LEAD-10742,2025-10-22,Beacon Technologies,Individual Learner,Junior Consultant,UAE,EMEA,Conference,Inbound Marketing,CMP-035,Dashboard Makeover Challenge — EMEA 2026-05,Conference,Free Course,41,C,false,false,0,Working,,,,false,false,false,,1,10,U-027,,,
LEAD-10743,2026-01-12,Rivet Motors,Individual Learner,Junior Consultant,Australia,APAC,Organic Search,Inbound Marketing,CMP-015,Reports-to-CRMA Migration — AMER 2025-11,Organic Search,Organic Search,64,B,false,false,0,Converted,2026-01-24,2026-02-09,2026-02-19,true,true,true,,0,11,U-017,U-012,ACC-1091,OPP-20148
LEAD-10744,2025-09-20,Beacon Group,Salesforce Admin,Senior Salesforce Admin,United Kingdom,EMEA,Organic Search,Inbound Marketing,CMP-018,Free Course Launch — AMER 2025-11,Organic Search,Organic Search,90,A,false,false,0,Converted,2025-10-03,2025-10-29,2025-11-11,true,true,true,,0,11,U-022,U-006,ACC-1130,OPP-20149
LEAD-10745,2025-07-15,Foundry Energy,Analytics Lead,Head of Analytics,United Kingdom,EMEA,Paid Search,Product,CMP-006,AI Search Visibility — AMER 2026-02,Paid Search,Paid Search,94,A,true,true,95,MQL,2025-07-27,,,true,false,false,,,2,,,,
LEAD-10746,2026-07-24,Onyx Health,L&D / Enablement Manager,Head of Enablement,UAE,EMEA,Free Course,Product,CMP-028,Certification Season — AMER 2025-11,Free Course,Webinar,74,A,true,false,34,MQL,2026-08-05,,,true,false,false,,,2,,,,
LEAD-10747,2025-07-17,Lumen Retail,Procurement / Finance,CFO,Japan,APAC,Free Course,Product,CMP-027,Q3 Pipeline Push — APAC 2025-05,Free Course,Free Course,93,A,true,false,27,New,,,,false,false,false,,,2,,,,
LEAD-10748,2026-04-22,Vertex Health,Individual Learner,Data Analyst,Canada,AMER,Free Course,Product,CMP-023,Dashboard Makeover Challenge — AMER 2025-06,Free Course,Free Course,62,B,true,true,44,Converted,2026-05-09,2026-05-20,2026-06-08,true,true,true,,,1,,U-003,ACC-1100,OPP-20150
LEAD-10749,2025-11-14,Ember Partners,Salesforce Admin,Salesforce Administrator,Argentina,LATAM,Organic Search,Product,CMP-011,Admin to Analyst Path — LATAM 2025-04,Organic Search,Organic Search,72,A,true,true,91,MQL,2025-12-02,,,true,false,false,,,2,,,,
LEAD-10750,2026-08-17,Kestrel Foods,Salesforce Admin,Platform Owner,United Kingdom,EMEA,SI Partner Referral,Partner / Referral,CMP-043,SAQL Masterclass — APAC 2026-01,SI Partner Referral,SI Partner Referral,63,B,false,false,0,Converted,2026-08-24,2026-08-31,2026-10-03,true,true,true,,2,11,U-027,U-004,ACC-1072,OPP-20151
LEAD-10751,2025-11-13,Cobalt Technologies,Analytics Lead,Director of Sales Operations,Brazil,AMER,Organic Search,Product,CMP-011,Admin to Analyst Path — LATAM 2025-04,Organic Search,Organic Search,86,A,true,true,10,Converted,2025-11-24,2025-12-15,2025-12-24,true,true,true,,,2,,U-005,ACC-1034,OPP-20152
LEAD-10752,2025-05-25,Meridian Consulting,Salesforce Admin,Senior Salesforce Admin,Canada,AMER,Paid Social,Product,CMP-007,Admin to Analyst Path — EMEA 2025-05,Paid Social,Webinar,46,C,true,true,89,MQL,2025-05-30,,,true,false,false,,,0,,,,
LEAD-10753,2026-01-27,Kestrel Media,Analytics Lead,Director of Sales Operations,Canada,AMER,AI Assistant Referral,Product,CMP-019,Reports-to-CRMA Migration — APAC 2026-02,AI Assistant Referral,AI Assistant Referral,80,A,true,true,60,SQL,2026-02-13,2026-02-19,,true,true,false,,,1,,U-014,,
LEAD-10754,2026-01-28,Aster Partners,Individual Learner,Junior Consultant,United States,AMER,Conference,Inbound Marketing,CMP-036,Einstein Discovery Workshop — AMER 2026-04,Conference,AI Assistant Referral,49,C,false,false,0,SQL,2026-02-10,2026-02-16,,true,true,false,,1,10,U-026,U-012,,
LEAD-10755,2025-07-28,Zephyr Consulting,Salesforce Admin,CRM Manager,Germany,EMEA,Free Course,Product,CMP-023,Dashboard Makeover Challenge — AMER 2025-06,Free Course,Outbound Sequence,65,B,true,true,17,SQL,2025-08-12,2025-08-20,,true,true,false,,,2,,U-001,,
LEAD-10756,2025-10-05,North Care,Salesforce Admin,Platform Owner,India,APAC,SI Partner Referral,Partner / Referral,CMP-042,Certification Season — AMER 2025-04,SI Partner Referral,SI Partner Referral,69,B,true,false,60,Working,,,,false,false,false,,,0,,,,
LEAD-10757,2025-05-08,Pallas Insurance,Individual Learner,Junior Consultant,Brazil,AMER,Outbound Sequence,Outbound,CMP-040,AI Search Visibility — AMER 2026-05,Outbound Sequence,Outbound Sequence,16,D,false,false,0,Disqualified,,,,false,false,false,Free course is enough,1,3,U-016,,,
LEAD-10758,2026-06-02,Ember Works,Analytics Lead,RevOps Manager,Australia,APAC,SI Partner Referral,Partner / Referral,CMP-042,Certification Season — AMER 2025-04,SI Partner Referral,SI Partner Referral,59,B,false,false,0,MQL,2026-06-05,,,true,false,false,,5,4,U-024,,,
LEAD-10759,2025-06-29,Zephyr Retail,Salesforce Admin,Platform Owner,Japan,APAC,Outbound Sequence,Outbound,CMP-040,AI Search Visibility — AMER 2026-05,Outbound Sequence,Outbound Sequence,15,D,false,false,0,Disqualified,,,,false,false,false,Free course is enough,3,5,U-020,,,
LEAD-10760,2026-03-29,Beacon Technologies,Analytics Lead,Director of Sales Operations,India,APAC,Outbound Sequence,Outbound,CMP-038,Certification Season — AMER 2025-04,Outbound Sequence,Outbound Sequence,39,C,false,false,0,New,,,,false,false,false,,3,11,U-025,,,
LEAD-10761,2026-08-08,Beacon Bank,Analytics Lead,Head of Analytics,Canada,AMER,Free Course,Product,CMP-028,Certification Season — AMER 2025-11,Free Course,Free Course,72,A,true,false,66,Disqualified,,,,false,false,false,Went silent,,0,,,,
LEAD-10762,2026-07-01,Meridian Logistics,Individual Learner,Data Analyst,United States,AMER,Salesforce Community,Product,CMP-030,SAQL Masterclass — AMER 2025-08,Salesforce Community,Free Course,63,B,true,false,95,SQL,2026-07-13,2026-07-26,,true,true,false,,,2,,U-012,,
LEAD-10763,2025-05-23,Vertex Works,Salesforce Admin,Senior Salesforce Admin,Colombia,LATAM,Paid Search,Inbound Marketing,CMP-003,Free Course Launch — EMEA 2025-12,Paid Search,Paid Search,78,A,false,false,0,Disqualified,,,,false,false,false,Student — free course only,0,9,U-021,,,
LEAD-10764,2026-03-24,Lattice Media,Individual Learner,Data Analyst,Brazil,AMER,Paid Search,Inbound Marketing,CMP-006,AI Search Visibility — AMER 2026-02,Paid Search,AI Assistant Referral,44,C,false,true,0,MQL,2026-03-25,,,true,false,false,,5,5,U-025,,,
LEAD-10765,2025-10-13,Vertex Capital,Individual Learner,Business Analyst,United States,AMER,Organic Search,Inbound Marketing,CMP-015,Reports-to-CRMA Migration — AMER 2025-11,Organic Search,Organic Search,64,B,false,false,0,MQL,2025-10-19,,,true,false,false,,0,7,U-025,,,
LEAD-10766,2025-12-15,Juniper Telecom,Salesforce Admin,Platform Owner,UAE,EMEA,Salesforce Community,Product,CMP-030,SAQL Masterclass — AMER 2025-08,Salesforce Community,Salesforce Community,60,B,true,true,26,MQL,2025-12-22,,,true,false,false,,,2,,,,
LEAD-10767,2025-11-28,North Logistics,L&D / Enablement Manager,L&D Manager,Mexico,AMER,Free Course,Product,CMP-025,Certification Season — EMEA 2025-09,Free Course,Webinar,83,A,true,false,99,MQL,2025-12-10,,,true,false,false,,,0,,,,
LEAD-10768,2025-11-15,Harbor Insurance,Salesforce Admin,Platform Owner,France,EMEA,Organic Search,Product,CMP-013,Team Upskilling Offer — LATAM 2026-01,Organic Search,Organic Search,78,A,true,true,84,Nurture,2025-11-23,,,true,false,false,,,0,,,,
LEAD-10769,2025-05-17,Lattice Bank,L&D / Enablement Manager,Head of Enablement,United States,AMER,AI Assistant Referral,Product,CMP-022,Dashboard Makeover Challenge — AMER 2025-10,AI Assistant Referral,AI Assistant Referral,94,A,true,false,72,Disqualified,,,,false,false,false,Wrong geo,,0,,,,
LEAD-10770,2026-07-25,Pallas Health,Procurement / Finance,CFO,Spain,EMEA,Paid Search,Product,CMP-004,Q3 Pipeline Push — AMER 2025-11,Paid Search,Free Course,100,A,true,false,75,New,,,,false,false,false,,,0,,,,
LEAD-10771,2025-06-11,Vantage Capital,Salesforce Admin,CRM Manager,UAE,EMEA,Salesforce Community,Product,CMP-031,Admin to Analyst Path — EMEA 2026-07,Salesforce Community,Conference,57,B,true,true,19,SQL,2025-06-22,2025-07-18,,true,true,false,,,2,,U-009,,
LEAD-10772,2026-01-04,Wexler Capital,Salesforce Admin,CRM Manager,Canada,AMER,AI Assistant Referral,Product,CMP-020,Dashboard Makeover Challenge — AMER 2025-12,AI Assistant Referral,AI Assistant Referral,68,B,true,true,51,New,,,,false,false,false,,,2,,,,
LEAD-10773,2025-08-26,Beacon Consulting,Salesforce Admin,Senior Salesforce Admin,United States,AMER,Webinar,Inbound Marketing,CMP-032,Salesforce Event Follow-up — AMER 2025-12,Webinar,Webinar,25,D,false,false,0,Disqualified,,,,false,false,false,Duplicate,2,8,U-020,,,
LEAD-10774,2026-01-18,Beacon Works,Salesforce Admin,Platform Owner,UAE,EMEA,Paid Social,Product,CMP-007,Admin to Analyst Path — EMEA 2025-05,Paid Social,Customer Referral,51,B,true,true,69,Disqualified,,,,false,false,false,Competitor,,0,,,,
LEAD-10775,2025-08-09,Onyx Partners,Salesforce Admin,Senior Salesforce Admin,Spain,EMEA,Organic Search,Product,CMP-013,Team Upskilling Offer — LATAM 2026-01,Organic Search,Organic Search,100,A,true,true,8,MQL,2025-08-29,,,true,false,false,,,2,,,,
LEAD-10776,2025-10-12,Solstice Partners,L&D / Enablement Manager,Training Director,Chile,LATAM,SI Partner Referral,Partner / Referral,CMP-043,SAQL Masterclass — APAC 2026-01,SI Partner Referral,SI Partner Referral,59,B,false,false,0,SQL,2025-10-31,2025-11-10,,true,true,false,,5,5,U-021,U-010,,
LEAD-10777,2026-06-01,Vertex Care,Individual Learner,Data Analyst,Spain,EMEA,Paid Search,Product,CMP-005,Certification Season — AMER 2025-12,Paid Search,Customer Referral,58,B,true,false,81,Disqualified,,,,false,false,false,Duplicate,,0,,,,
LEAD-10778,2025-04-05,Vertex Telecom,Procurement / Finance,Procurement Manager,Brazil,AMER,Salesforce Community,Product,CMP-029,Classroom Batch Push — EMEA 2025-11,Salesforce Community,Salesforce Community,84,A,true,false,100,Converted,2025-04-14,2025-04-25,2025-05-24,true,true,true,,,2,,U-001,ACC-1010,OPP-20153
LEAD-10779,2025-05-08,Sable Logistics,L&D / Enablement Manager,People Development Lead,United Kingdom,EMEA,Paid Search,Product,CMP-001,Salesforce Event Follow-up — AMER 2026-02,Paid Search,Paid Search,100,A,true,true,13,MQL,2025-05-08,,,true,false,false,,,1,,,,
LEAD-10780,2025-06-19,Tundra Systems,Salesforce Admin,Senior Salesforce Admin,Sweden,EMEA,Webinar,Inbound Marketing,CMP-034,Salesforce Event Follow-up — EMEA 2026-03,Webinar,Webinar,50,B,false,false,0,MQL,2025-07-09,,,true,false,false,,2,1,U-021,,,
LEAD-10781,2026-02-21,Ember Works,Salesforce Admin,Platform Owner,Sweden,EMEA,Webinar,Inbound Marketing,CMP-034,Salesforce Event Follow-up — EMEA 2026-03,Webinar,Webinar,48,C,false,false,0,Disqualified,,,,false,false,false,Duplicate,1,6,U-023,,,
LEAD-10782,2025-11-27,Meridian Care,L&D / Enablement Manager,People Development Lead,Spain,EMEA,Paid Social,Product,CMP-007,Admin to Analyst Path — EMEA 2025-05,Paid Social,Paid Social,60,B,true,true,9,New,,,,false,false,false,,,1,,,,
LEAD-10783,2025-04-05,Vantage Media,Analytics Lead,RevOps Manager,Canada,AMER,Outbound Sequence,Outbound,CMP-037,Team Upskilling Offer — EMEA 2025-04,Outbound Sequence,Outbound Sequence,34,C,false,false,0,Disqualified,,,,false,false,false,Free course is enough,3,8,U-022,,,
LEAD-10784,2026-02-26,Quanta Digital,Procurement / Finance,CFO,Sweden,EMEA,Organic Search,Product,CMP-016,Dashboard Makeover Challenge — AMER 2026-04,Organic Search,Organic Search,100,A,true,true,9,Disqualified,,,,false,false,false,Duplicate,,1,,,,
LEAD-10785,2026-09-07,Pallas Insurance,Individual Learner,Business Analyst,United Kingdom,EMEA,Customer Referral,Partner / Referral,CMP-045,Einstein Discovery Workshop — AMER 2025-09,Customer Referral,Customer Referral,32,C,false,false,0,Working,,,,false,false,false,,0,5,U-019,,,
LEAD-10786,2025-04-19,Lattice Partners,Salesforce Admin,Platform Owner,India,APAC,Free Course,Product,CMP-028,Certification Season — AMER 2025-11,Free Course,Free Course,83,A,true,false,14,Disqualified,,,,false,false,false,Wrong geo,,0,,,,
LEAD-10787,2026-01-09,Onyx Group,Procurement / Finance,CFO,United Kingdom,EMEA,Free Course,Inbound Marketing,CMP-028,Certification Season — AMER 2025-11,Free Course,Free Course,92,A,false,false,0,SQL,2026-01-17,2026-01-26,,true,true,false,,4,9,U-025,U-008,,
LEAD-10788,2026-05-07,Lattice Capital,Individual Learner,Business Analyst,Chile,LATAM,Outbound Sequence,Outbound,CMP-041,Reports-to-CRMA Migration — AMER 2025-04,Outbound Sequence,Outbound Sequence,23,D,false,false,0,Working,,,,false,false,false,,1,5,U-025,,,
LEAD-10789,2026-02-19,Juniper Partners,Analytics Lead,BI Lead,Mexico,AMER,Organic Search,Inbound Marketing,CMP-014,Einstein Discovery Workshop — APAC 2025-09,Organic Search,Organic Search,89,A,false,false,0,Working,,,,false,false,false,,0,4,U-019,,,
LEAD-10790,2025-10-06,Tundra Bank,Individual Learner,Junior Consultant,Sweden,EMEA,Paid Search,Inbound Marketing,CMP-006,AI Search Visibility — AMER 2026-02,Paid Search,Customer Referral,43,C,false,false,0,Disqualified,,,,false,false,false,Duplicate,2,9,U-015,,,
LEAD-10791,2026-05-09,Lattice Systems,Individual Learner,Business Analyst,Germany,EMEA,Conference,Inbound Marketing,CMP-036,Einstein Discovery Workshop — AMER 2026-04,Conference,Conference,33,C,false,false,0,Disqualified,,,,false,false,false,Went silent,3,6,U-021,,,
LEAD-10792,2026-09-04,Sable Foods,L&D / Enablement Manager,Head of Enablement,Japan,APAC,Outbound Sequence,Outbound,CMP-037,Team Upskilling Offer — EMEA 2025-04,Outbound Sequence,Free Course,40,C,false,false,0,Working,,,,false,false,false,,4,7,U-023,,,
LEAD-10793,2026-02-13,Solstice Group,Salesforce Admin,Platform Owner,United Kingdom,EMEA,AI Assistant Referral,Inbound Marketing,CMP-021,SAQL Masterclass — LATAM 2025-09,AI Assistant Referral,AI Assistant Referral,65,B,false,false,0,SQL,2026-03-06,2026-03-09,,true,true,false,,2,5,U-019,U-011,,
LEAD-10794,2026-01-20,Wexler Pharma,Procurement / Finance,Head of Vendor Management,Canada,AMER,Paid Search,Product,CMP-004,Q3 Pipeline Push — AMER 2025-11,Paid Search,Paid Search,92,A,true,true,93,Disqualified,,,,false,false,false,Duplicate,,2,,,,
LEAD-10795,2025-05-24,Dovetail Works,Individual Learner,Junior Consultant,Japan,APAC,Free Course,Product,CMP-027,Q3 Pipeline Push — APAC 2025-05,Free Course,Free Course,67,B,true,false,95,Converted,2025-05-28,2025-06-16,2025-06-26,true,true,true,,,2,,U-013,ACC-1055,OPP-20154
LEAD-10796,2025-09-26,Cobalt Logistics,Salesforce Admin,Salesforce Administrator,Mexico,AMER,Outbound Sequence,Outbound,CMP-041,Reports-to-CRMA Migration — AMER 2025-04,Outbound Sequence,Outbound Sequence,44,C,false,false,0,Disqualified,,,,false,false,false,Went silent,1,3,U-016,,,
LEAD-10797,2026-03-03,North Group,Analytics Lead,BI Lead,Canada,AMER,Salesforce Community,Product,CMP-031,Admin to Analyst Path — EMEA 2026-07,Salesforce Community,Salesforce Community,81,A,true,false,85,SQL,2026-03-20,2026-03-21,,true,true,false,,,2,,U-009,,
LEAD-10798,2026-01-21,Orbital Pharma,Analytics Lead,RevOps Manager,France,EMEA,SI Partner Referral,Partner / Referral,CMP-043,SAQL Masterclass — APAC 2026-01,SI Partner Referral,SI Partner Referral,74,A,false,false,0,Converted,2026-02-03,2026-02-12,2026-03-08,true,true,true,,0,3,U-017,U-004,ACC-1099,OPP-20155
LEAD-10799,2026-07-08,Aster Digital,Salesforce Admin,Salesforce Administrator,Australia,APAC,Paid Search,Inbound Marketing,CMP-006,AI Search Visibility — AMER 2026-02,Paid Search,Paid Search,56,B,false,false,0,Converted,2026-07-28,2026-07-30,2026-08-06,true,true,true,,2,10,U-017,U-009,ACC-1082,OPP-20156
LEAD-10800,2025-06-12,Wexler Media,L&D / Enablement Manager,Training Director,United States,AMER,Conference,Inbound Marketing,CMP-035,Dashboard Makeover Challenge — EMEA 2026-05,Conference,Salesforce Community,67,B,false,false,0,SQL,2025-07-01,2025-07-23,,true,true,false,,2,3,U-025,U-012,,
LEAD-10801,2025-07-13,Solstice Digital,Procurement / Finance,Procurement Manager,Spain,EMEA,Paid Search,Inbound Marketing,CMP-004,Q3 Pipeline Push — AMER 2025-11,Paid Search,Paid Search,90,A,false,true,0,MQL,2025-08-02,,,true,false,false,,1,9,U-023,,,
LEAD-10802,2025-09-13,Orbital Pharma,Individual Learner,Career Switcher,Brazil,AMER,Customer Referral,Partner / Referral,CMP-046,Certification Season — AMER 2026-03,Customer Referral,Customer Referral,44,C,true,true,38,Disqualified,,,,false,false,false,Competitor,,0,,,,
LEAD-10803,2025-09-23,Beacon Pharma,Individual Learner,Junior Consultant,Sweden,EMEA,Outbound Sequence,Outbound,CMP-040,AI Search Visibility — AMER 2026-05,Outbound Sequence,Outbound Sequence,28,D,false,false,0,Nurture,2025-10-14,,,true,false,false,,2,11,U-015,,,
LEAD-10804,2026-03-28,Juniper Energy,Individual Learner,Data Analyst,India,APAC,Free Course,Product,CMP-028,Certification Season — AMER 2025-11,Free Course,Free Course,66,B,true,true,92,MQL,2026-04-11,,,true,false,false,,,0,,,,
LEAD-10805,2025-11-24,Onyx Pharma,Salesforce Admin,Salesforce Administrator,Germany,EMEA,Organic Search,Inbound Marketing,CMP-016,Dashboard Makeover Challenge — AMER 2026-04,Organic Search,Organic Search,73,A,false,false,0,Converted,2025-12-03,2025-12-08,2025-12-10,true,true,true,,4,11,U-024,U-011,ACC-1116,OPP-20157
LEAD-10806,2025-12-07,Juniper Digital,Analytics Lead,Director of Sales Operations,United States,AMER,Webinar,Inbound Marketing,CMP-034,Salesforce Event Follow-up — EMEA 2026-03,Webinar,Webinar,35,C,false,false,0,Working,,,,false,false,false,,4,2,U-024,,,
LEAD-10807,2025-10-25,Onyx Technologies,Salesforce Admin,CRM Manager,United Kingdom,EMEA,Outbound Sequence,Outbound,CMP-040,AI Search Visibility — AMER 2026-05,Outbound Sequence,Outbound Sequence,35,C,false,false,0,Nurture,2025-11-05,,,true,false,false,,2,3,U-026,,,
LEAD-10808,2026-04-27,Vantage Works,Analytics Lead,Director of Sales Operations,United Kingdom,EMEA,Webinar,Inbound Marketing,CMP-033,Admin to Analyst Path — EMEA 2026-07,Webinar,Webinar,65,B,false,false,0,Converted,2026-05-04,2026-05-17,2026-05-31,true,true,true,,2,10,U-027,U-001,ACC-1101,OPP-20158
LEAD-10809,2025-05-22,Kestrel Works,Analytics Lead,Head of Analytics,Mexico,AMER,Free Course,Product,CMP-027,Q3 Pipeline Push — APAC 2025-05,Free Course,AI Assistant Referral,88,A,true,false,85,Converted,2025-06-11,2025-06-29,2025-07-27,true,true,true,,,0,,U-012,ACC-1100,OPP-20159
LEAD-10810,2025-05-14,Rivet Insurance,L&D / Enablement Manager,L&D Manager,Mexico,AMER,Paid Search,Product,CMP-003,Free Course Launch — EMEA 2025-12,Paid Search,Paid Search,87,A,true,true,37,MQL,2025-05-26,,,true,false,false,,,1,,,,
LEAD-10811,2025-05-30,Quanta Capital,Analytics Lead,Director of Sales Operations,Canada,AMER,Outbound Sequence,Outbound,CMP-040,AI Search Visibility — AMER 2026-05,Outbound Sequence,Paid Social,54,B,false,false,0,SQL,2025-06-12,2025-06-15,,true,true,false,,2,10,U-021,U-014,,
LEAD-10812,2026-03-24,Foundry Media,Individual Learner,Career Switcher,Australia,APAC,Salesforce Community,Product,CMP-030,SAQL Masterclass — AMER 2025-08,Salesforce Community,Salesforce Community,43,C,true,false,67,Nurture,2026-04-02,,,true,false,false,,,0,,,,
LEAD-10813,2025-05-16,Tundra Retail,Individual Learner,Data Analyst,UAE,EMEA,Salesforce Community,Product,CMP-031,Admin to Analyst Path — EMEA 2026-07,Salesforce Community,Salesforce Community,40,C,true,false,70,Disqualified,,,,false,false,false,Student — free course only,,0,,,,
LEAD-10814,2025-11-08,Wexler Care,Individual Learner,Junior Consultant,United States,AMER,Free Course,Product,CMP-025,Certification Season — EMEA 2025-09,Free Course,Free Course,100,A,true,true,74,Converted,2025-11-09,2025-11-24,2025-12-01,true,true,true,,,1,,U-014,ACC-1016,OPP-20160
LEAD-10815,2026-05-28,Lattice Retail,Individual Learner,Career Switcher,Canada,AMER,Webinar,Inbound Marketing,CMP-032,Salesforce Event Follow-up — AMER 2025-12,Webinar,Paid Social,39,C,false,false,0,New,,,,false,false,false,,2,3,U-023,,,
LEAD-10816,2026-07-30,Beacon Pharma,Procurement / Finance,Procurement Manager,Sweden,EMEA,Organic Search,Inbound Marketing,CMP-012,AI Search Visibility — AMER 2026-07,Organic Search,Paid Social,78,A,false,false,0,SQL,2026-08-04,2026-08-24,,true,true,false,,2,6,U-027,U-002,,
LEAD-10817,2025-06-21,Dovetail Media,Analytics Lead,BI Lead,India,APAC,Organic Search,Product,CMP-013,Team Upskilling Offer — LATAM 2026-01,Organic Search,Organic Search,74,A,true,false,16,Nurture,2025-06-30,,,true,false,false,,,1,,,,
LEAD-10818,2026-08-19,Vertex Retail,Analytics Lead,BI Lead,Brazil,AMER,Organic Search,Inbound Marketing,CMP-015,Reports-to-CRMA Migration — AMER 2025-11,Organic Search,SI Partner Referral,86,A,false,false,0,Nurture,2026-09-07,,,true,false,false,,1,2,U-023,,,
LEAD-10819,2026-03-27,Juniper Partners,Individual Learner,Junior Consultant,Brazil,AMER,Free Course,Product,CMP-023,Dashboard Makeover Challenge — AMER 2025-06,Free Course,Customer Referral,47,C,true,false,94,MQL,2026-03-30,,,true,false,false,,,0,,,,
LEAD-10820,2026-07-20,Lattice Digital,Salesforce Admin,Senior Salesforce Admin,Brazil,AMER,Paid Search,Inbound Marketing,CMP-002,Reports-to-CRMA Migration — AMER 2025-08,Paid Search,Paid Search,49,C,false,false,0,Nurture,2026-07-28,,,true,false,false,,5,6,U-022,,,
LEAD-10821,2026-01-01,Tundra Bank,Salesforce Admin,CRM Manager,Mexico,AMER,Salesforce Community,Inbound Marketing,CMP-029,Classroom Batch Push — EMEA 2025-11,Salesforce Community,Salesforce Community,28,D,false,false,0,Working,,,,false,false,false,,2,7,U-019,,,
LEAD-10822,2025-08-28,Cobalt Group,Analytics Lead,Director of Sales Operations,Colombia,LATAM,Conference,Inbound Marketing,CMP-036,Einstein Discovery Workshop — AMER 2026-04,Conference,Conference,73,A,false,false,0,Disqualified,,,,false,false,false,Free course is enough,3,4,U-018,,,
LEAD-10823,2025-11-19,Ember Logistics,Analytics Lead,RevOps Manager,Netherlands,EMEA,Free Course,Product,CMP-026,Reports-to-CRMA Migration — AMER 2025-08,Free Course,Paid Social,80,A,true,true,10,Disqualified,,,,false,false,false,Duplicate,,2,,,,
LEAD-10824,2026-01-26,Cobalt Media,Salesforce Admin,Salesforce Administrator,India,APAC,Customer Referral,Partner / Referral,CMP-045,Einstein Discovery Workshop — AMER 2025-09,Customer Referral,Customer Referral,81,A,true,false,40,MQL,2026-02-07,,,true,false,false,,,2,,,,
LEAD-10825,2025-07-16,Kestrel Partners,Procurement / Finance,Finance Director,India,APAC,Paid Social,Inbound Marketing,CMP-010,Certification Season — LATAM 2025-06,Paid Social,Paid Social,63,B,false,false,0,SQL,2025-08-02,2025-08-27,,true,true,false,,2,4,U-020,U-009,,
LEAD-10826,2026-08-11,Lumen Media,Procurement / Finance,Finance Director,Indonesia,APAC,Organic Search,Product,CMP-011,Admin to Analyst Path — LATAM 2025-04,Organic Search,Organic Search,92,A,true,true,96,SQL,2026-08-24,2026-09-14,,true,true,false,,,1,,U-010,,
LEAD-10827,2026-01-05,Zephyr Care,Individual Learner,Data Analyst,Canada,AMER,Webinar,Product,CMP-034,Salesforce Event Follow-up — EMEA 2026-03,Webinar,Webinar,49,C,true,true,38,New,,,,false,false,false,,,1,,,,
LEAD-10828,2025-11-04,Ember Systems,Individual Learner,Business Analyst,Singapore,APAC,Organic Search,Product,CMP-015,Reports-to-CRMA Migration — AMER 2025-11,Organic Search,Organic Search,65,B,true,false,78,MQL,2025-11-25,,,true,false,false,,,1,,,,
LEAD-10829,2026-06-08,North Bank,Individual Learner,Business Analyst,Sweden,EMEA,Conference,Inbound Marketing,CMP-035,Dashboard Makeover Challenge — EMEA 2026-05,Conference,Outbound Sequence,73,A,false,false,0,Working,,,,false,false,false,,2,9,U-026,,,
LEAD-10830,2026-01-22,Quanta Digital,L&D / Enablement Manager,L&D Manager,Netherlands,EMEA,AI Assistant Referral,Inbound Marketing,CMP-022,Dashboard Makeover Challenge — AMER 2025-10,AI Assistant Referral,AI Assistant Referral,61,B,false,false,0,Converted,2026-02-04,2026-02-13,2026-02-16,true,true,true,,5,7,U-022,U-002,ACC-1095,OPP-20161
LEAD-10831,2026-03-16,Kestrel Motors,Salesforce Admin,CRM Manager,United States,AMER,Organic Search,Product,CMP-013,Team Upskilling Offer — LATAM 2026-01,Organic Search,Webinar,90,A,true,true,86,Working,,,,false,false,false,,,0,,,,
LEAD-10832,2026-05-30,Vertex Media,Salesforce Admin,Platform Owner,Brazil,AMER,Salesforce Community,Product,CMP-031,Admin to Analyst Path — EMEA 2026-07,Salesforce Community,Salesforce Community,75,A,true,true,13,MQL,2026-06-16,,,true,false,false,,,1,,,,
LEAD-10833,2026-06-01,Juniper Bank,Individual Learner,Junior Consultant,Indonesia,APAC,Organic Search,Inbound Marketing,CMP-017,SAQL Masterclass — AMER 2026-05,Organic Search,Organic Search,55,B,false,false,0,Disqualified,,,,false,false,false,Free course is enough,2,7,U-017,,,
LEAD-10834,2026-03-24,Sable Works,Salesforce Admin,Salesforce Administrator,United States,AMER,Organic Search,Product,CMP-012,AI Search Visibility — AMER 2026-07,Organic Search,Organic Search,94,A,true,false,87,Converted,2026-03-29,2026-04-12,2026-04-28,true,true,true,,,0,,U-001,ACC-1008,OPP-20162
LEAD-10835,2026-05-05,Juniper Works,L&D / Enablement Manager,L&D Manager,United Kingdom,EMEA,Paid Social,Product,CMP-008,Admin to Analyst Path — EMEA 2026-02,Paid Social,Paid Social,84,A,true,false,57,MQL,2026-05-22,,,true,false,false,,,2,,,,
LEAD-10836,2025-11-11,Aster Telecom,Individual Learner,Junior Consultant,Australia,APAC,Organic Search,Product,CMP-013,Team Upskilling Offer — LATAM 2026-01,Organic Search,AI Assistant Referral,63,B,true,false,36,MQL,2025-12-01,,,true,false,false,,,2,,,,
LEAD-10837,2025-12-19,Lumen Logistics,Procurement / Finance,Finance Director,Netherlands,EMEA,Outbound Sequence,Outbound,CMP-038,Certification Season — AMER 2025-04,Outbound Sequence,Outbound Sequence,79,A,false,false,0,MQL,2025-12-31,,,true,false,false,,3,5,U-017,,,
LEAD-10838,2025-11-19,Lattice Media,Individual Learner,Data Analyst,Indonesia,APAC,Free Course,Product,CMP-023,Dashboard Makeover Challenge — AMER 2025-06,Free Course,Free Course,55,B,true,false,68,MQL,2025-11-22,,,true,false,false,,,2,,,,
LEAD-10839,2026-04-09,Harbor Media,L&D / Enablement Manager,Training Director,Mexico,AMER,Customer Referral,Partner / Referral,CMP-045,Einstein Discovery Workshop — AMER 2025-09,Customer Referral,Customer Referral,72,A,false,false,0,SQL,2026-04-21,2026-05-06,,true,true,false,,4,3,U-027,U-007,,
LEAD-10840,2025-08-24,Kestrel Systems,Procurement / Finance,Procurement Manager,Brazil,AMER,Outbound Sequence,Outbound,CMP-039,Reports-to-CRMA Migration — EMEA 2026-02,Outbound Sequence,Outbound Sequence,27,D,false,false,0,New,,,,false,false,false,,1,2,U-021,,,
LEAD-10841,2025-09-11,Cinder Technologies,Procurement / Finance,Finance Director,France,EMEA,Free Course,Product,CMP-028,Certification Season — AMER 2025-11,Free Course,Conference,80,A,true,false,76,SQL,2025-09-11,2025-09-20,,true,true,false,,,1,,U-014,,
LEAD-10842,2025-04-20,Onyx Foods,Individual Learner,Business Analyst,Brazil,AMER,Paid Social,Product,CMP-007,Admin to Analyst Path — EMEA 2025-05,Paid Social,Paid Social,47,C,true,true,79,Nurture,2025-05-04,,,true,false,false,,,1,,,,
LEAD-10843,2026-04-01,Pallas Telecom,Individual Learner,Business Analyst,Australia,APAC,Conference,Inbound Marketing,CMP-035,Dashboard Makeover Challenge — EMEA 2026-05,Conference,Paid Social,18,D,false,false,0,Working,,,,false,false,false,,2,9,U-015,,,
LEAD-10844,2025-07-23,Orbital Insurance,L&D / Enablement Manager,L&D Manager,Sweden,EMEA,Webinar,Inbound Marketing,CMP-033,Admin to Analyst Path — EMEA 2026-07,Webinar,Webinar,39,C,false,false,0,Disqualified,,,,false,false,false,Went silent,2,1,U-022,,,
LEAD-10845,2025-12-15,Solstice Digital,Analytics Lead,Director of Sales Operations,United States,AMER,Conference,Inbound Marketing,CMP-035,Dashboard Makeover Challenge — EMEA 2026-05,Conference,Paid Social,60,B,false,false,0,SQL,2025-12-20,2026-01-10,,true,true,false,,1,4,U-024,U-012,,
LEAD-10846,2026-06-09,Kestrel Works,Individual Learner,Data Analyst,United Kingdom,EMEA,Free Course,Product,CMP-025,Certification Season — EMEA 2025-09,Free Course,Free Course,69,B,true,true,21,SQL,2026-06-27,2026-07-15,,true,true,false,,,2,,U-007,,
LEAD-10847,2025-08-20,Orbital Pharma,L&D / Enablement Manager,Training Director,Singapore,APAC,Outbound Sequence,Outbound,CMP-040,AI Search Visibility — AMER 2026-05,Outbound Sequence,Outbound Sequence,62,B,false,false,0,SQL,2025-08-25,2025-08-29,,true,true,false,,4,6,U-018,U-013,,
LEAD-10848,2026-05-03,Foundry Capital,Procurement / Finance,CFO,Sweden,EMEA,Webinar,Product,CMP-034,Salesforce Event Follow-up — EMEA 2026-03,Webinar,Salesforce Community,100,A,true,true,79,Converted,2026-05-09,2026-05-14,2026-05-25,true,true,true,,,2,,U-012,ACC-1073,OPP-20163
LEAD-10849,2026-01-11,Meridian Care,Analytics Lead,BI Lead,Mexico,AMER,Paid Search,Inbound Marketing,CMP-006,AI Search Visibility — AMER 2026-02,Paid Search,Free Course,92,A,false,false,0,SQL,2026-01-26,2026-02-08,,true,true,false,,0,8,U-025,U-005,,
LEAD-10850,2026-04-25,Kestrel Consulting,Individual Learner,Business Analyst,Sweden,EMEA,Conference,Inbound Marketing,CMP-035,Dashboard Makeover Challenge — EMEA 2026-05,Conference,Conference,23,D,false,false,0,New,,,,false,false,false,,0,9,U-024,,,
LEAD-10851,2026-08-29,Zephyr Works,Individual Learner,Business Analyst,France,EMEA,Paid Search,Inbound Marketing,CMP-005,Certification Season — AMER 2025-12,Paid Search,Customer Referral,41,C,false,false,0,Disqualified,,,,false,false,false,No Salesforce org,2,3,U-022,,,
LEAD-10852,2025-09-09,Lattice Digital,Salesforce Admin,Platform Owner,Mexico,AMER,Paid Search,Inbound Marketing,CMP-002,Reports-to-CRMA Migration — AMER 2025-08,Paid Search,Paid Search,54,B,false,false,0,Converted,2025-09-30,2025-10-19,2025-11-12,true,true,true,,3,7,U-018,U-013,ACC-1063,OPP-20164
LEAD-10853,2026-04-03,Juniper Group,Individual Learner,Junior Consultant,Canada,AMER,SI Partner Referral,Partner / Referral,CMP-044,Reports-to-CRMA Migration — AMER 2025-06,SI Partner Referral,SI Partner Referral,33,C,false,false,0,Converted,2026-04-06,2026-04-11,2026-05-11,true,true,true,,3,1,U-015,U-009,ACC-1076,OPP-20165
LEAD-10854,2026-03-15,Pallas Logistics,L&D / Enablement Manager,Head of Enablement,Japan,APAC,Outbound Sequence,Outbound,CMP-037,Team Upskilling Offer — EMEA 2025-04,Outbound Sequence,Outbound Sequence,78,A,false,false,0,SQL,2026-03-19,2026-04-05,,true,true,false,,3,7,U-025,U-003,,
LEAD-10855,2026-08-18,Beacon Energy,Procurement / Finance,Procurement Manager,United Kingdom,EMEA,Paid Search,Inbound Marketing,CMP-001,Salesforce Event Follow-up — AMER 2026-02,Paid Search,Webinar,79,A,false,false,0,Disqualified,,,,false,false,false,Duplicate,3,2,U-017,,,
LEAD-10856,2025-06-14,Cinder Health,Analytics Lead,BI Lead,Germany,EMEA,Outbound Sequence,Outbound,CMP-038,Certification Season — AMER 2025-04,Outbound Sequence,Outbound Sequence,61,B,false,false,0,Converted,2025-06-16,2025-07-04,2025-07-31,true,true,true,,4,6,U-023,U-013,ACC-1007,OPP-20166
LEAD-10857,2025-05-22,Lumen Media,Analytics Lead,Director of Sales Operations,Brazil,AMER,Free Course,Product,CMP-023,Dashboard Makeover Challenge — AMER 2025-06,Free Course,Outbound Sequence,91,A,true,false,66,SQL,2025-05-24,2025-06-14,,true,true,false,,,2,,U-002,,
LEAD-10858,2025-04-18,Sable Motors,Individual Learner,Junior Consultant,Germany,EMEA,Outbound Sequence,Outbound,CMP-041,Reports-to-CRMA Migration — AMER 2025-04,Outbound Sequence,AI Assistant Referral,39,C,false,false,0,Working,,,,false,false,false,,3,1,U-017,,,
LEAD-10859,2025-12-03,Vertex Media,Analytics Lead,Head of Analytics,Sweden,EMEA,Organic Search,Product,CMP-012,AI Search Visibility — AMER 2026-07,Organic Search,Organic Search,92,A,true,true,59,Converted,2025-12-23,2025-12-26,2026-01-06,true,true,true,,,2,,U-010,ACC-1072,OPP-20167
LEAD-10860,2025-12-21,Aster Technologies,Salesforce Admin,Senior Salesforce Admin,Canada,AMER,Paid Search,Product,CMP-005,Certification Season — AMER 2025-12,Paid Search,Paid Search,94,A,true,false,100,Disqualified,,,,false,false,false,Went silent,,1,,,,
LEAD-10861,2025-08-02,Halcyon Motors,Individual Learner,Career Switcher,UAE,EMEA,Free Course,Inbound Marketing,CMP-028,Certification Season — AMER 2025-11,Free Course,Free Course,53,B,false,false,0,MQL,2025-08-07,,,true,false,false,,2,6,U-021,,,
LEAD-10862,2025-05-13,Lattice Consulting,Individual Learner,Junior Consultant,Canada,AMER,Free Course,Product,CMP-027,Q3 Pipeline Push — APAC 2025-05,Free Course,Free Course,76,A,true,true,78,SQL,2025-05-25,2025-06-07,,true,true,false,,,1,,U-004,,
LEAD-10863,2025-07-31,Zephyr Partners,Salesforce Admin,Salesforce Administrator,France,EMEA,Paid Search,Product,CMP-002,Reports-to-CRMA Migration — AMER 2025-08,Paid Search,Paid Search,89,A,true,true,60,MQL,2025-08-15,,,true,false,false,,,0,,,,
LEAD-10864,2026-02-21,Halcyon Media,Individual Learner,Junior Consultant,United States,AMER,Outbound Sequence,Outbound,CMP-038,Certification Season — AMER 2025-04,Outbound Sequence,Conference,25,D,false,false,0,SQL,2026-02-21,2026-03-06,,true,true,false,,2,2,U-019,U-010,,
LEAD-10865,2025-06-23,Cinder Health,Salesforce Admin,CRM Manager,Canada,AMER,Customer Referral,Partner / Referral,CMP-045,Einstein Discovery Workshop — AMER 2025-09,Customer Referral,Customer Referral,57,B,false,false,0,Converted,2025-06-27,2025-07-07,2025-08-07,true,true,true,,3,4,U-015,U-006,ACC-1013,OPP-20168
LEAD-10866,2025-11-08,Onyx Care,Analytics Lead,RevOps Manager,United States,AMER,Paid Search,Inbound Marketing,CMP-005,Certification Season — AMER 2025-12,Paid Search,Paid Search,51,B,false,false,0,SQL,2025-11-15,2025-12-01,,true,true,false,,3,7,U-026,U-013,,
LEAD-10867,2026-03-22,Umbra Foods,Procurement / Finance,Head of Vendor Management,UAE,EMEA,Free Course,Product,CMP-025,Certification Season — EMEA 2025-09,Free Course,Free Course,94,A,true,true,96,Disqualified,,,,false,false,false,Student — free course only,,2,,,,
LEAD-10868,2026-07-13,Zephyr Telecom,Individual Learner,Junior Consultant,Brazil,AMER,Outbound Sequence,Outbound,CMP-040,AI Search Visibility — AMER 2026-05,Outbound Sequence,Free Course,39,C,false,false,0,Disqualified,,,,false,false,false,Competitor,2,7,U-018,,,
LEAD-10869,2026-01-11,Foundry Capital,Individual Learner,Junior Consultant,India,APAC,Paid Social,Product,CMP-007,Admin to Analyst Path — EMEA 2025-05,Paid Social,Paid Social,44,C,true,true,19,Converted,2026-01-24,2026-02-06,2026-03-06,true,true,true,,,1,,U-007,ACC-1067,OPP-20169
LEAD-10870,2025-12-01,Cinder Media,Analytics Lead,BI Lead,Mexico,AMER,Conference,Inbound Marketing,CMP-036,Einstein Discovery Workshop — AMER 2026-04,Conference,Conference,67,B,false,false,0,SQL,2025-12-02,2025-12-05,,true,true,false,,4,9,U-021,U-006,,
LEAD-10871,2025-04-01,Lattice Partners,Analytics Lead,RevOps Manager,United States,AMER,Paid Social,Inbound Marketing,CMP-009,Salesforce Event Follow-up — AMER 2026-01,Paid Social,Paid Social,40,C,false,false,0,Nurture,2025-04-12,,,true,false,false,,4,3,U-019,,,
LEAD-10872,2026-03-01,Wexler Energy,Analytics Lead,Director of Sales Operations,Brazil,AMER,Salesforce Community,Product,CMP-030,SAQL Masterclass — AMER 2025-08,Salesforce Community,Organic Search,78,A,true,false,59,SQL,2026-03-01,2026-03-04,,true,true,false,,,0,,U-004,,
LEAD-10873,2025-07-07,Zephyr Technologies,Individual Learner,Career Switcher,Brazil,AMER,AI Assistant Referral,Product,CMP-022,Dashboard Makeover Challenge — AMER 2025-10,AI Assistant Referral,Webinar,77,A,true,false,81,Converted,2025-07-24,2025-07-28,2025-08-31,true,true,true,,,0,,U-006,ACC-1021,OPP-20170
LEAD-10874,2026-03-31,Tundra Bank,Individual Learner,Business Analyst,Canada,AMER,AI Assistant Referral,Product,CMP-021,SAQL Masterclass — LATAM 2025-09,AI Assistant Referral,SI Partner Referral,49,C,true,false,95,MQL,2026-04-11,,,true,false,false,,,0,,,,
LEAD-10875,2026-02-26,Onyx Digital,Analytics Lead,RevOps Manager,United States,AMER,Organic Search,Product,CMP-011,Admin to Analyst Path — LATAM 2025-04,Organic Search,Organic Search,87,A,true,true,49,MQL,2026-03-06,,,true,false,false,,,2,,,,
LEAD-10876,2025-08-02,Cinder Retail,Individual Learner,Business Analyst,Sweden,EMEA,Paid Social,Inbound Marketing,CMP-007,Admin to Analyst Path — EMEA 2025-05,Paid Social,Customer Referral,15,D,false,false,0,Working,,,,false,false,false,,2,4,U-023,,,
LEAD-10877,2026-03-05,Zephyr Logistics,Procurement / Finance,Head of Vendor Management,UAE,EMEA,Free Course,Product,CMP-026,Reports-to-CRMA Migration — AMER 2025-08,Free Course,Free Course,80,A,true,true,34,New,,,,false,false,false,,,0,,,,
LEAD-10878,2026-03-28,North Energy,Individual Learner,Career Switcher,Canada,AMER,Conference,Inbound Marketing,CMP-036,Einstein Discovery Workshop — AMER 2026-04,Conference,Conference,32,C,false,false,0,Working,,,,false,false,false,,2,9,U-015,,,
LEAD-10879,2026-03-10,Beacon Partners,L&D / Enablement Manager,L&D Manager,Spain,EMEA,Paid Social,Inbound Marketing,CMP-010,Certification Season — LATAM 2025-06,Paid Social,Paid Social,60,B,false,false,0,SQL,2026-03-30,2026-04-09,,true,true,false,,2,3,U-025,U-001,,
LEAD-10880,2025-04-14,Juniper Media,Salesforce Admin,Platform Owner,UAE,EMEA,Salesforce Community,Product,CMP-031,Admin to Analyst Path — EMEA 2026-07,Salesforce Community,Salesforce Community,82,A,true,true,89,MQL,2025-04-27,,,true,false,false,,,1,,,,
LEAD-10881,2025-08-08,Vertex Insurance,L&D / Enablement Manager,People Development Lead,Brazil,AMER,Conference,Product,CMP-035,Dashboard Makeover Challenge — EMEA 2026-05,Conference,Free Course,76,A,true,false,10,Converted,2025-08-14,2025-08-30,2025-09-07,true,true,true,,,2,,U-011,ACC-1041,OPP-20171
LEAD-10882,2026-08-08,Wexler Logistics,Salesforce Admin,Salesforce Administrator,Spain,EMEA,Organic Search,Product,CMP-014,Einstein Discovery Workshop — APAC 2025-09,Organic Search,Organic Search,73,A,true,true,63,Nurture,2026-08-11,,,true,false,false,,,2,,,,
LEAD-10883,2025-04-19,Onyx Pharma,Individual Learner,Data Analyst,Canada,AMER,SI Partner Referral,Partner / Referral,CMP-042,Certification Season — AMER 2025-04,SI Partner Referral,SI Partner Referral,42,C,false,false,0,New,,,,false,false,false,,1,6,U-018,,,
LEAD-10884,2025-08-10,Foundry Partners,L&D / Enablement Manager,People Development Lead,Mexico,AMER,Organic Search,Inbound Marketing,CMP-018,Free Course Launch — AMER 2025-11,Organic Search,Conference,92,A,false,false,0,MQL,2025-08-17,,,true,false,false,,0,6,U-023,,,
LEAD-10885,2026-06-03,Lumen Technologies,L&D / Enablement Manager,People Development Lead,Brazil,AMER,Paid Search,Product,CMP-002,Reports-to-CRMA Migration — AMER 2025-08,Paid Search,SI Partner Referral,100,A,true,true,30,Converted,2026-06-17,2026-07-06,2026-07-22,true,true,true,,,1,,U-010,ACC-1055,OPP-20172
LEAD-10886,2025-10-30,Pallas Bank,Individual Learner,Business Analyst,UAE,EMEA,Organic Search,Product,CMP-015,Reports-to-CRMA Migration — AMER 2025-11,Organic Search,Organic Search,62,B,true,true,51,MQL,2025-11-07,,,true,false,false,,,1,,,,
LEAD-10887,2026-09-13,Meridian Capital,Analytics Lead,Director of Sales Operations,Indonesia,APAC,Webinar,Product,CMP-034,Salesforce Event Follow-up — EMEA 2026-03,Webinar,Webinar,71,A,true,false,22,Converted,2026-09-23,2026-09-28,2026-10-21,true,true,true,,,1,,U-009,ACC-1025,OPP-20173
LEAD-10888,2026-09-03,Cinder Capital,Individual Learner,Business Analyst,Mexico,AMER,Paid Social,Product,CMP-010,Certification Season — LATAM 2025-06,Paid Social,Webinar,54,B,true,true,77,SQL,2026-09-09,2026-09-13,,true,true,false,,,2,,U-014,,
LEAD-10889,2025-04-04,Harbor Technologies,Individual Learner,Business Analyst,Spain,EMEA,AI Assistant Referral,Product,CMP-021,SAQL Masterclass — LATAM 2025-09,AI Assistant Referral,Paid Search,57,B,true,false,20,SQL,2025-04-04,2025-04-29,,true,true,false,,,2,,U-007,,
LEAD-10890,2026-02-16,Solstice Systems,Salesforce Admin,CRM Manager,Canada,AMER,Salesforce Community,Product,CMP-030,SAQL Masterclass — AMER 2025-08,Salesforce Community,Salesforce Community,48,C,true,true,87,Disqualified,,,,false,false,false,Free course is enough,,2,,,,
LEAD-10891,2025-10-03,Lattice Foods,Analytics Lead,RevOps Manager,Australia,APAC,Webinar,Product,CMP-033,Admin to Analyst Path — EMEA 2026-07,Webinar,Webinar,68,B,true,true,31,SQL,2025-10-03,2025-10-21,,true,true,false,,,1,,U-006,,
LEAD-10892,2026-07-01,Lattice Pharma,Individual Learner,Data Analyst,Indonesia,APAC,Salesforce Community,Product,CMP-030,SAQL Masterclass — AMER 2025-08,Salesforce Community,Salesforce Community,49,C,true,true,82,Converted,2026-07-18,2026-08-07,2026-08-24,true,true,true,,,0,,U-010,ACC-1021,OPP-20174
LEAD-10893,2026-04-11,Umbra Bank,L&D / Enablement Manager,Training Director,Argentina,LATAM,Free Course,Product,CMP-026,Reports-to-CRMA Migration — AMER 2025-08,Free Course,Outbound Sequence,82,A,true,true,4,Converted,2026-04-14,2026-04-25,2026-05-13,true,true,true,,,1,,U-005,ACC-1096,OPP-20175
LEAD-10894,2025-09-30,Quanta Care,Analytics Lead,RevOps Manager,United States,AMER,Webinar,Inbound Marketing,CMP-033,Admin to Analyst Path — EMEA 2026-07,Webinar,Conference,68,B,false,false,0,Converted,2025-10-01,2025-10-24,2025-11-06,true,true,true,,2,5,U-024,U-005,ACC-1005,OPP-20176
LEAD-10895,2025-05-11,Zephyr Motors,L&D / Enablement Manager,Head of Enablement,Netherlands,EMEA,Paid Social,Inbound Marketing,CMP-007,Admin to Analyst Path — EMEA 2025-05,Paid Social,Paid Social,32,C,false,false,0,Disqualified,,,,false,false,false,Free course is enough,1,9,U-020,,,
LEAD-10896,2025-08-12,Aster Consulting,Salesforce Admin,Platform Owner,France,EMEA,Free Course,Product,CMP-024,Team Upskilling Offer — AMER 2025-05,Free Course,Free Course,81,A,true,false,34,Working,,,,false,false,false,,,2,,,,
LEAD-10897,2026-07-29,Wexler Works,Individual Learner,Business Analyst,Mexico,AMER,Conference,Inbound Marketing,CMP-036,Einstein Discovery Workshop — AMER 2026-04,Conference,Conference,19,D,false,false,0,New,,,,false,false,false,,1,9,U-024,,,
LEAD-10898,2025-05-22,Harbor Systems,Individual Learner,Business Analyst,Spain,EMEA,Webinar,Inbound Marketing,CMP-032,Salesforce Event Follow-up — AMER 2025-12,Webinar,Webinar,42,C,false,false,0,Disqualified,,,,false,false,false,Went silent,0,2,U-015,,,
LEAD-10899,2025-11-30,Wexler Consulting,Individual Learner,Data Analyst,Germany,EMEA,Webinar,Inbound Marketing,CMP-032,Salesforce Event Follow-up — AMER 2025-12,Webinar,Free Course,35,C,false,false,0,New,,,,false,false,false,,2,5,U-023,,,
LEAD-10900,2025-06-15,Tundra Group,Salesforce Admin,Senior Salesforce Admin,Mexico,AMER,Outbound Sequence,Outbound,CMP-039,Reports-to-CRMA Migration — EMEA 2026-02,Outbound Sequence,Outbound Sequence,32,C,false,false,0,MQL,2025-07-04,,,true,false,false,,2,1,U-025,,,
LEAD-10901,2025-09-15,Juniper Care,Individual Learner,Junior Consultant,Canada,AMER,Webinar,Inbound Marketing,CMP-033,Admin to Analyst Path — EMEA 2026-07,Webinar,Webinar,28,D,false,false,0,Working,,,,false,false,false,,2,3,U-017,,,
LEAD-10902,2025-09-22,Lattice Media,L&D / Enablement Manager,Head of Enablement,Australia,APAC,Free Course,Product,CMP-028,Certification Season — AMER 2025-11,Free Course,Free Course,92,A,true,false,32,Converted,2025-09-23,2025-10-16,2025-11-13,true,true,true,,,1,,U-007,ACC-1062,OPP-20177
LEAD-10903,2025-11-05,Aster Group,Individual Learner,Career Switcher,Chile,LATAM,Free Course,Product,CMP-027,Q3 Pipeline Push — APAC 2025-05,Free Course,Free Course,44,C,true,false,74,SQL,2025-11-05,2025-11-19,,true,true,false,,,0,,U-014,,
LEAD-10904,2025-04-25,Umbra Systems,Salesforce Admin,Senior Salesforce Admin,Australia,APAC,Free Course,Product,CMP-024,Team Upskilling Offer — AMER 2025-05,Free Course,Free Course,100,A,true,true,8,Converted,2025-05-04,2025-05-05,2025-05-29,true,true,true,,,1,,U-004,ACC-1117,OPP-20178
LEAD-10905,2026-05-16,Foundry Care,L&D / Enablement Manager,L&D Manager,Australia,APAC,Salesforce Community,Inbound Marketing,CMP-029,Classroom Batch Push — EMEA 2025-11,Salesforce Community,Salesforce Community,42,C,false,false,0,SQL,2026-05-31,2026-06-05,,true,true,false,,5,4,U-016,U-008,,
LEAD-10906,2026-03-19,Onyx Media,Individual Learner,Data Analyst,Brazil,AMER,SI Partner Referral,Partner / Referral,CMP-042,Certification Season — AMER 2025-04,SI Partner Referral,Webinar,58,B,false,false,0,Working,,,,false,false,false,,2,9,U-021,,,
LEAD-10907,2026-03-17,Kestrel Works,Salesforce Admin,CRM Manager,Mexico,AMER,Outbound Sequence,Outbound,CMP-040,AI Search Visibility — AMER 2026-05,Outbound Sequence,Organic Search,40,C,false,false,0,MQL,2026-03-31,,,true,false,false,,3,9,U-025,,,
LEAD-10908,2026-05-09,Onyx Care,Individual Learner,Junior Consultant,United States,AMER,SI Partner Referral,Partner / Referral,CMP-044,Reports-to-CRMA Migration — AMER 2025-06,SI Partner Referral,SI Partner Referral,61,B,false,false,0,MQL,2026-05-29,,,true,false,false,,3,7,U-025,,,
LEAD-10909,2025-12-14,Ember Works,Individual Learner,Career Switcher,Brazil,AMER,Organic Search,Inbound Marketing,CMP-014,Einstein Discovery Workshop — APAC 2025-09,Organic Search,Organic Search,55,B,false,false,0,New,,,,false,false,false,,3,2,U-022,,,
LEAD-10910,2025-07-19,Lumen Energy,Procurement / Finance,Head of Vendor Management,Brazil,AMER,Salesforce Community,Product,CMP-031,Admin to Analyst Path — EMEA 2026-07,Salesforce Community,Paid Search,96,A,true,true,39,Disqualified,,,,false,false,false,Competitor,,0,,,,
LEAD-10911,2025-04-10,Solstice Retail,Salesforce Admin,Platform Owner,Japan,APAC,Conference,Inbound Marketing,CMP-036,Einstein Discovery Workshop — AMER 2026-04,Conference,Conference,68,B,false,false,0,Nurture,2025-04-13,,,true,false,false,,2,10,U-020,,,
LEAD-10912,2025-08-06,Aster Media,L&D / Enablement Manager,Training Director,United States,AMER,Paid Search,Product,CMP-006,AI Search Visibility — AMER 2026-02,Paid Search,Paid Search,89,A,true,false,83,SQL,2025-08-26,2025-09-06,,true,true,false,,,2,,U-009,,
LEAD-10913,2026-08-31,Umbra Logistics,Analytics Lead,Director of Sales Operations,Brazil,AMER,AI Assistant Referral,Inbound Marketing,CMP-022,Dashboard Makeover Challenge — AMER 2025-10,AI Assistant Referral,AI Assistant Referral,71,A,false,false,0,New,,,,false,false,false,,1,4,U-025,,,
LEAD-10914,2025-11-06,Harbor Systems,Individual Learner,Career Switcher,Brazil,AMER,Customer Referral,Partner / Referral,CMP-046,Certification Season — AMER 2026-03,Customer Referral,Customer Referral,71,A,true,true,8,Working,,,,false,false,false,,,1,,,,
LEAD-10915,2025-06-05,Dovetail Media,Individual Learner,Data Analyst,United States,AMER,SI Partner Referral,Partner / Referral,CMP-042,Certification Season — AMER 2025-04,SI Partner Referral,SI Partner Referral,41,C,false,false,0,MQL,2025-06-13,,,true,false,false,,2,5,U-020,,,
LEAD-10916,2025-10-28,Vantage Technologies,Individual Learner,Junior Consultant,Brazil,AMER,AI Assistant Referral,Inbound Marketing,CMP-020,Dashboard Makeover Challenge — AMER 2025-12,AI Assistant Referral,AI Assistant Referral,66,B,false,false,0,MQL,2025-11-08,,,true,false,false,,1,3,U-016,,,
LEAD-10917,2026-01-13,Pallas Digital,Individual Learner,Junior Consultant,Spain,EMEA,Paid Social,Inbound Marketing,CMP-008,Admin to Analyst Path — EMEA 2026-02,Paid Social,Conference,41,C,false,false,0,Disqualified,,,,false,false,false,Competitor,2,10,U-018,,,
LEAD-10918,2026-04-09,Solstice Works,Individual Learner,Data Analyst,Brazil,AMER,Webinar,Inbound Marketing,CMP-032,Salesforce Event Follow-up — AMER 2025-12,Webinar,Webinar,1,D,false,false,0,New,,,,false,false,false,,1,4,U-019,,,
LEAD-10919,2026-04-08,Quanta Energy,Procurement / Finance,Head of Vendor Management,United States,AMER,Salesforce Community,Product,CMP-030,SAQL Masterclass — AMER 2025-08,Salesforce Community,Salesforce Community,78,A,true,true,87,Converted,2026-04-23,2026-05-13,2026-06-10,true,true,true,,,2,,U-005,ACC-1059,OPP-20179
LEAD-10920,2026-07-29,Dovetail Health,Analytics Lead,RevOps Manager,India,APAC,Paid Search,Product,CMP-002,Reports-to-CRMA Migration — AMER 2025-08,Paid Search,Paid Search,96,A,true,true,80,Converted,2026-08-10,2026-08-18,2026-09-16,true,true,true,,,2,,U-001,ACC-1022,OPP-20180
LEAD-10921,2026-06-22,Rivet Pharma,Individual Learner,Data Analyst,Mexico,AMER,Free Course,Product,CMP-023,Dashboard Makeover Challenge — AMER 2025-06,Free Course,Free Course,55,B,true,false,53,MQL,2026-07-04,,,true,false,false,,,0,,,,
LEAD-10922,2026-02-09,Halcyon Systems,Individual Learner,Data Analyst,Canada,AMER,Conference,Inbound Marketing,CMP-035,Dashboard Makeover Challenge — EMEA 2026-05,Conference,Conference,21,D,false,false,0,Disqualified,,,,false,false,false,No budget,1,11,U-017,,,
LEAD-10923,2026-02-18,Harbor Care,Individual Learner,Junior Consultant,Indonesia,APAC,Free Course,Product,CMP-025,Certification Season — EMEA 2025-09,Free Course,Paid Social,45,C,true,true,100,Working,,,,false,false,false,,,1,,,,
LEAD-10924,2025-07-03,Vantage Energy,Individual Learner,Career Switcher,UAE,EMEA,Free Course,Product,CMP-028,Certification Season — AMER 2025-11,Free Course,Free Course,37,C,true,true,10,Disqualified,,,,false,false,false,Competitor,,1,,,,
LEAD-10925,2025-07-22,Onyx Consulting,Analytics Lead,BI Lead,Netherlands,EMEA,Free Course,Product,CMP-026,Reports-to-CRMA Migration — AMER 2025-08,Free Course,SI Partner Referral,84,A,true,false,62,MQL,2025-07-25,,,true,false,false,,,0,,,,
LEAD-10926,2026-05-29,Orbital Consulting,Individual Learner,Junior Consultant,Canada,AMER,Free Course,Inbound Marketing,CMP-027,Q3 Pipeline Push — APAC 2025-05,Free Course,Salesforce Community,66,B,false,false,0,SQL,2026-06-09,2026-06-21,,true,true,false,,1,7,U-015,U-001,,
LEAD-10927,2025-07-09,Ember Media,Individual Learner,Business Analyst,Brazil,AMER,Organic Search,Product,CMP-013,Team Upskilling Offer — LATAM 2026-01,Organic Search,Organic Search,46,C,true,true,11,MQL,2025-07-11,,,true,false,false,,,1,,,,
LEAD-10928,2025-08-26,Pallas Motors,Salesforce Admin,Salesforce Administrator,Mexico,AMER,AI Assistant Referral,Product,CMP-020,Dashboard Makeover Challenge — AMER 2025-12,AI Assistant Referral,AI Assistant Referral,65,B,true,true,80,SQL,2025-09-05,2025-09-18,,true,true,false,,,1,,U-010,,
LEAD-10929,2025-10-17,Quanta Works,Individual Learner,Junior Consultant,Mexico,AMER,Free Course,Product,CMP-023,Dashboard Makeover Challenge — AMER 2025-06,Free Course,Free Course,62,B,true,false,55,Disqualified,,,,false,false,false,Student — free course only,,0,,,,
LEAD-10930,2026-06-30,Aster Insurance,Analytics Lead,Director of Sales Operations,Canada,AMER,Salesforce Community,Product,CMP-029,Classroom Batch Push — EMEA 2025-11,Salesforce Community,Organic Search,89,A,true,false,31,SQL,2026-07-08,2026-07-25,,true,true,false,,,0,,U-007,,
LEAD-10931,2025-04-21,Dovetail Energy,L&D / Enablement Manager,L&D Manager,Germany,EMEA,Outbound Sequence,Outbound,CMP-038,Certification Season — AMER 2025-04,Outbound Sequence,Customer Referral,34,C,false,false,0,New,,,,false,false,false,,0,6,U-019,,,
LEAD-10932,2025-09-27,Solstice Capital,Analytics Lead,BI Lead,Brazil,AMER,AI Assistant Referral,Product,CMP-021,SAQL Masterclass — LATAM 2025-09,AI Assistant Referral,AI Assistant Referral,82,A,true,true,27,SQL,2025-10-10,2025-10-23,,true,true,false,,,0,,U-014,,
LEAD-10933,2025-06-08,Sable Health,Analytics Lead,BI Lead,Spain,EMEA,AI Assistant Referral,Product,CMP-022,Dashboard Makeover Challenge — AMER 2025-10,AI Assistant Referral,AI Assistant Referral,77,A,true,false,9,New,,,,false,false,false,,,2,,,,
LEAD-10934,2026-01-23,North Retail,Salesforce Admin,Platform Owner,Germany,EMEA,Organic Search,Inbound Marketing,CMP-017,SAQL Masterclass — AMER 2026-05,Organic Search,Paid Social,59,B,false,false,0,Converted,2026-02-06,2026-02-20,2026-03-20,true,true,true,,5,6,U-016,U-004,ACC-1005,OPP-20181
LEAD-10935,2026-06-20,Cobalt Insurance,Analytics Lead,RevOps Manager,Germany,EMEA,Salesforce Community,Inbound Marketing,CMP-030,SAQL Masterclass — AMER 2025-08,Salesforce Community,Salesforce Community,47,C,false,true,0,Converted,2026-06-22,2026-06-27,2026-07-12,true,true,true,,1,1,U-023,U-009,ACC-1012,OPP-20182
LEAD-10936,2026-07-04,Wexler Foods,Individual Learner,Career Switcher,United States,AMER,Free Course,Product,CMP-027,Q3 Pipeline Push — APAC 2025-05,Free Course,Free Course,60,B,true,false,27,Converted,2026-07-08,2026-07-29,2026-08-24,true,true,true,,,0,,U-001,ACC-1083,OPP-20183
LEAD-10937,2025-04-21,Harbor Partners,Salesforce Admin,CRM Manager,Germany,EMEA,AI Assistant Referral,Product,CMP-020,Dashboard Makeover Challenge — AMER 2025-12,AI Assistant Referral,Webinar,80,A,true,true,12,Converted,2025-04-26,2025-05-16,2025-05-26,true,true,true,,,1,,U-003,ACC-1011,OPP-20184
LEAD-10938,2025-07-22,Solstice Bank,Analytics Lead,Head of Analytics,Mexico,AMER,Conference,Product,CMP-036,Einstein Discovery Workshop — AMER 2026-04,Conference,Conference,82,A,true,true,68,SQL,2025-08-09,2025-09-04,,true,true,false,,,1,,U-006,,
LEAD-10939,2025-06-22,Quanta Telecom,Individual Learner,Career Switcher,Mexico,AMER,Salesforce Community,Product,CMP-029,Classroom Batch Push — EMEA 2025-11,Salesforce Community,Paid Search,70,A,true,true,53,MQL,2025-06-24,,,true,false,false,,,1,,,,
LEAD-10940,2026-05-12,North Digital,Individual Learner,Junior Consultant,Singapore,APAC,Paid Social,Inbound Marketing,CMP-009,Salesforce Event Follow-up — AMER 2026-01,Paid Social,SI Partner Referral,38,C,false,true,0,Disqualified,,,,false,false,false,Student — free course only,3,3,U-021,,,
LEAD-10941,2026-09-15,Kestrel Foods,Salesforce Admin,Salesforce Administrator,United States,AMER,Free Course,Product,CMP-028,Certification Season — AMER 2025-11,Free Course,Free Course,86,A,true,true,44,Converted,2026-09-27,2026-09-28,2026-10-12,true,true,true,,,2,,U-005,ACC-1055,OPP-20185
LEAD-10942,2025-12-12,Lattice Group,Individual Learner,Junior Consultant,Japan,APAC,Organic Search,Inbound Marketing,CMP-012,AI Search Visibility — AMER 2026-07,Organic Search,Organic Search,48,C,false,false,0,SQL,2025-12-31,2026-01-16,,true,true,false,,1,7,U-018,U-002,,
LEAD-10943,2026-05-26,Meridian Partners,L&D / Enablement Manager,People Development Lead,Netherlands,EMEA,Customer Referral,Partner / Referral,CMP-045,Einstein Discovery Workshop — AMER 2025-09,Customer Referral,Customer Referral,61,B,false,false,0,SQL,2026-06-13,2026-06-25,,true,true,false,,1,6,U-020,U-012,,
LEAD-10944,2025-11-08,Quanta Media,L&D / Enablement Manager,Head of Enablement,Canada,AMER,Paid Social,Product,CMP-008,Admin to Analyst Path — EMEA 2026-02,Paid Social,Paid Social,48,C,true,true,12,Disqualified,,,,false,false,false,Went silent,,0,,,,
LEAD-10945,2025-11-24,Orbital Media,Salesforce Admin,Senior Salesforce Admin,Argentina,LATAM,Paid Social,Inbound Marketing,CMP-010,Certification Season — LATAM 2025-06,Paid Social,Paid Social,62,B,false,false,0,Converted,2025-12-14,2025-12-28,2026-01-07,true,true,true,,0,11,U-018,U-001,ACC-1078,OPP-20186
LEAD-10946,2025-11-26,Cobalt Works,Analytics Lead,Director of Sales Operations,Germany,EMEA,Paid Social,Inbound Marketing,CMP-010,Certification Season — LATAM 2025-06,Paid Social,Outbound Sequence,44,C,false,false,0,Converted,2025-12-16,2025-12-19,2026-01-07,true,true,true,,2,11,U-017,U-008,ACC-1115,OPP-20187
LEAD-10947,2025-08-30,Foundry Bank,Individual Learner,Data Analyst,Singapore,APAC,Conference,Inbound Marketing,CMP-036,Einstein Discovery Workshop — AMER 2026-04,Conference,Free Course,47,C,false,false,0,Converted,2025-08-31,2025-09-15,2025-09-27,true,true,true,,2,3,U-021,U-009,ACC-1034,OPP-20188
LEAD-10948,2026-03-14,Pallas Foods,Individual Learner,Data Analyst,Germany,EMEA,Outbound Sequence,Outbound,CMP-037,Team Upskilling Offer — EMEA 2025-04,Outbound Sequence,Customer Referral,27,D,false,false,0,Disqualified,,,,false,false,false,Competitor,3,10,U-022,,,
LEAD-10949,2026-01-07,Harbor Health,Individual Learner,Data Analyst,India,APAC,Organic Search,Product,CMP-011,Admin to Analyst Path — LATAM 2025-04,Organic Search,Paid Social,73,A,true,false,62,New,,,,false,false,false,,,1,,,,
LEAD-10950,2026-09-18,Foundry Motors,Individual Learner,Career Switcher,Canada,AMER,Free Course,Inbound Marketing,CMP-026,Reports-to-CRMA Migration — AMER 2025-08,Free Course,Free Course,54,B,false,false,0,MQL,2026-09-25,,,true,false,false,,3,10,U-017,,,
LEAD-10951,2025-07-26,Zephyr Media,Individual Learner,Business Analyst,Canada,AMER,Outbound Sequence,Outbound,CMP-037,Team Upskilling Offer — EMEA 2025-04,Outbound Sequence,Outbound Sequence,23,D,false,true,0,Disqualified,,,,false,false,false,Free course is enough,4,4,U-027,,,
LEAD-10952,2025-12-08,Onyx Telecom,Individual Learner,Junior Consultant,France,EMEA,Paid Social,Inbound Marketing,CMP-009,Salesforce Event Follow-up — AMER 2026-01,Paid Social,AI Assistant Referral,37,C,false,false,0,New,,,,false,false,false,,3,3,U-022,,,
LEAD-10953,2026-08-01,Lumen Motors,Individual Learner,Career Switcher,Indonesia,APAC,Paid Search,Inbound Marketing,CMP-002,Reports-to-CRMA Migration — AMER 2025-08,Paid Search,Paid Search,68,B,false,false,0,SQL,2026-08-10,2026-08-27,,true,true,false,,1,4,U-022,U-007,,
LEAD-10954,2026-08-19,Sable Pharma,L&D / Enablement Manager,People Development Lead,Mexico,AMER,Conference,Inbound Marketing,CMP-036,Einstein Discovery Workshop — AMER 2026-04,Conference,Conference,53,B,false,false,0,MQL,2026-08-19,,,true,false,false,,2,2,U-021,,,
LEAD-10955,2026-08-25,Quanta Media,Procurement / Finance,Finance Director,Brazil,AMER,Free Course,Product,CMP-024,Team Upskilling Offer — AMER 2025-05,Free Course,Outbound Sequence,95,A,true,true,11,MQL,2026-09-08,,,true,false,false,,,2,,,,
LEAD-10956,2025-10-28,Onyx Telecom,Individual Learner,Data Analyst,United States,AMER,Organic Search,Product,CMP-016,Dashboard Makeover Challenge — AMER 2026-04,Organic Search,Paid Search,58,B,true,true,13,MQL,2025-11-18,,,true,false,false,,,1,,,,
LEAD-10957,2025-09-16,Pallas Retail,Salesforce Admin,Salesforce Administrator,Canada,AMER,SI Partner Referral,Partner / Referral,CMP-042,Certification Season — AMER 2025-04,SI Partner Referral,SI Partner Referral,81,A,false,false,0,SQL,2025-09-23,2025-10-07,,true,true,false,,4,7,U-025,U-005,,
LEAD-10958,2025-12-26,Aster Pharma,Salesforce Admin,Senior Salesforce Admin,Germany,EMEA,Paid Search,Product,CMP-004,Q3 Pipeline Push — AMER 2025-11,Paid Search,Paid Search,57,B,true,true,37,Converted,2026-01-09,2026-01-25,2026-02-06,true,true,true,,,2,,U-011,ACC-1133,OPP-20189
LEAD-10959,2026-01-26,Halcyon Retail,Analytics Lead,Director of Sales Operations,United Kingdom,EMEA,Free Course,Product,CMP-027,Q3 Pipeline Push — APAC 2025-05,Free Course,Free Course,66,B,true,true,37,Nurture,2026-02-04,,,true,false,false,,,0,,,,
LEAD-10960,2026-07-17,Vertex Health,Individual Learner,Career Switcher,France,EMEA,Conference,Product,CMP-036,Einstein Discovery Workshop — AMER 2026-04,Conference,Salesforce Community,80,A,true,false,17,MQL,2026-07-28,,,true,false,false,,,2,,,,
LEAD-10961,2025-08-09,Umbra Partners,L&D / Enablement Manager,L&D Manager,Canada,AMER,Organic Search,Inbound Marketing,CMP-016,Dashboard Makeover Challenge — AMER 2026-04,Organic Search,Organic Search,74,A,false,false,0,MQL,2025-08-10,,,true,false,false,,2,1,U-026,,,
LEAD-10962,2026-08-29,Lumen Works,Individual Learner,Business Analyst,Mexico,AMER,Organic Search,Inbound Marketing,CMP-012,AI Search Visibility — AMER 2026-07,Organic Search,Organic Search,43,C,false,false,0,MQL,2026-09-12,,,true,false,false,,4,6,U-018,,,
LEAD-10963,2026-04-11,Juniper Pharma,Individual Learner,Career Switcher,Indonesia,APAC,Paid Search,Inbound Marketing,CMP-006,AI Search Visibility — AMER 2026-02,Paid Search,Salesforce Community,49,C,false,false,0,Converted,2026-05-01,2026-05-09,2026-05-25,true,true,true,,0,9,U-024,U-007,ACC-1059,OPP-20190
LEAD-10964,2026-06-22,Meridian Works,L&D / Enablement Manager,People Development Lead,Mexico,AMER,Paid Social,Inbound Marketing,CMP-010,Certification Season — LATAM 2025-06,Paid Social,Paid Social,54,B,false,false,0,Disqualified,,,,false,false,false,No budget,1,6,U-021,,,
LEAD-10965,2025-05-24,Pallas Logistics,Procurement / Finance,Finance Director,Brazil,AMER,Customer Referral,Partner / Referral,CMP-045,Einstein Discovery Workshop — AMER 2025-09,Customer Referral,Customer Referral,81,A,false,false,0,SQL,2025-05-27,2025-06-22,,true,true,false,,3,5,U-027,U-002,,
LEAD-10966,2025-08-13,Pallas Telecom,Analytics Lead,Director of Sales Operations,France,EMEA,SI Partner Referral,Partner / Referral,CMP-042,Certification Season — AMER 2025-04,SI Partner Referral,Webinar,48,C,false,false,0,SQL,2025-08-14,2025-08-20,,true,true,false,,1,3,U-016,U-009,,
LEAD-10967,2025-12-21,Onyx Motors,Analytics Lead,BI Lead,United States,AMER,Free Course,Product,CMP-028,Certification Season — AMER 2025-11,Free Course,Free Course,81,A,true,true,60,Working,,,,false,false,false,,,2,,,,
LEAD-10968,2025-09-12,North Bank,L&D / Enablement Manager,L&D Manager,Canada,AMER,Outbound Sequence,Outbound,CMP-041,Reports-to-CRMA Migration — AMER 2025-04,Outbound Sequence,Outbound Sequence,42,C,false,false,0,Disqualified,,,,false,false,false,Wrong geo,3,8,U-021,,,
LEAD-10969,2026-05-25,Lattice Insurance,L&D / Enablement Manager,Head of Enablement,Singapore,APAC,Customer Referral,Partner / Referral,CMP-045,Einstein Discovery Workshop — AMER 2025-09,Customer Referral,Customer Referral,92,A,false,false,0,Converted,2026-06-03,2026-06-28,2026-07-31,true,true,true,,2,1,U-023,U-014,ACC-1046,OPP-20191
LEAD-10970,2025-10-26,Ember Works,Individual Learner,Data Analyst,Brazil,AMER,Webinar,Inbound Marketing,CMP-033,Admin to Analyst Path — EMEA 2026-07,Webinar,Webinar,51,B,false,false,0,Nurture,2025-11-03,,,true,false,false,,4,1,U-023,,,
LEAD-10971,2026-03-11,Solstice Care,Salesforce Admin,CRM Manager,Spain,EMEA,Free Course,Product,CMP-026,Reports-to-CRMA Migration — AMER 2025-08,Free Course,Free Course,84,A,true,true,20,MQL,2026-03-11,,,true,false,false,,,2,,,,
LEAD-10972,2025-08-10,Beacon Systems,L&D / Enablement Manager,People Development Lead,Japan,APAC,Webinar,Inbound Marketing,CMP-034,Salesforce Event Follow-up — EMEA 2026-03,Webinar,Webinar,54,B,false,false,0,SQL,2025-08-23,2025-09-05,,true,true,false,,2,2,U-017,U-006,,
LEAD-10973,2025-08-10,Cobalt Insurance,L&D / Enablement Manager,People Development Lead,United States,AMER,Organic Search,Product,CMP-012,AI Search Visibility — AMER 2026-07,Organic Search,Organic Search,72,A,true,false,90,MQL,2025-08-12,,,true,false,false,,,0,,,,
LEAD-10974,2026-09-01,Solstice Logistics,Individual Learner,Data Analyst,Mexico,AMER,Salesforce Community,Product,CMP-031,Admin to Analyst Path — EMEA 2026-07,Salesforce Community,Customer Referral,46,C,true,true,61,SQL,2026-09-14,2026-10-04,,true,true,false,,,1,,U-009,,
LEAD-10975,2025-11-01,Juniper Motors,Analytics Lead,BI Lead,Netherlands,EMEA,Free Course,Product,CMP-023,Dashboard Makeover Challenge — AMER 2025-06,Free Course,Free Course,74,A,true,true,26,Nurture,2025-11-10,,,true,false,false,,,2,,,,
LEAD-10976,2026-04-16,Harbor Systems,Salesforce Admin,Senior Salesforce Admin,Brazil,AMER,Paid Search,Inbound Marketing,CMP-001,Salesforce Event Follow-up — AMER 2026-02,Paid Search,Conference,65,B,false,false,0,MQL,2026-04-21,,,true,false,false,,8,11,U-018,,,
LEAD-10977,2025-10-23,Halcyon Foods,L&D / Enablement Manager,L&D Manager,United States,AMER,Conference,Inbound Marketing,CMP-036,Einstein Discovery Workshop — AMER 2026-04,Conference,Conference,58,B,false,false,0,SQL,2025-11-06,2025-11-18,,true,true,false,,1,9,U-022,U-004,,
LEAD-10978,2025-08-05,Solstice Digital,Individual Learner,Career Switcher,United States,AMER,Organic Search,Product,CMP-012,AI Search Visibility — AMER 2026-07,Organic Search,AI Assistant Referral,49,C,true,true,19,Working,,,,false,false,false,,,0,,,,
LEAD-10979,2025-11-12,North Telecom,Salesforce Admin,Senior Salesforce Admin,Spain,EMEA,Salesforce Community,Product,CMP-031,Admin to Analyst Path — EMEA 2026-07,Salesforce Community,Salesforce Community,75,A,true,false,53,SQL,2025-12-01,2025-12-03,,true,true,false,,,1,,U-005,,
LEAD-10980,2025-12-14,Meridian Works,Salesforce Admin,Senior Salesforce Admin,UAE,EMEA,Paid Social,Product,CMP-009,Salesforce Event Follow-up — AMER 2026-01,Paid Social,Webinar,77,A,true,false,82,Working,,,,false,false,false,,,1,,,,
LEAD-10981,2026-09-15,Wexler Logistics,L&D / Enablement Manager,Training Director,Singapore,APAC,Outbound Sequence,Outbound,CMP-037,Team Upskilling Offer — EMEA 2025-04,Outbound Sequence,Customer Referral,48,C,false,true,0,MQL,2026-10-02,,,true,false,false,,3,11,U-024,,,
LEAD-10982,2025-06-10,Foundry Insurance,Procurement / Finance,Finance Director,UAE,EMEA,Free Course,Product,CMP-023,Dashboard Makeover Challenge — AMER 2025-06,Free Course,Free Course,100,A,true,false,99,SQL,2025-06-23,2025-06-25,,true,true,false,,,2,,U-010,,
LEAD-10983,2025-12-13,Beacon Digital,Individual Learner,Junior Consultant,Canada,AMER,Free Course,Product,CMP-025,Certification Season — EMEA 2025-09,Free Course,Salesforce Community,56,B,true,false,74,SQL,2025-12-18,2026-01-01,,true,true,false,,,2,,U-009,,
LEAD-10984,2026-03-28,Dovetail Works,Analytics Lead,Head of Analytics,Canada,AMER,Organic Search,Product,CMP-011,Admin to Analyst Path — LATAM 2025-04,Organic Search,Organic Search,76,A,true,false,20,SQL,2026-04-15,2026-05-08,,true,true,false,,,0,,U-011,,
LEAD-10985,2026-04-26,Vertex Care,Individual Learner,Career Switcher,Germany,EMEA,Customer Referral,Partner / Referral,CMP-045,Einstein Discovery Workshop — AMER 2025-09,Customer Referral,Customer Referral,51,B,false,false,0,Converted,2026-05-14,2026-06-06,2026-06-13,true,true,true,,3,8,U-020,U-005,ACC-1021,OPP-20192
LEAD-10986,2026-05-07,Cinder Consulting,Procurement / Finance,Finance Director,United States,AMER,Free Course,Product,CMP-024,Team Upskilling Offer — AMER 2025-05,Free Course,Free Course,91,A,true,false,25,SQL,2026-05-23,2026-06-04,,true,true,false,,,2,,U-007,,
LEAD-10987,2025-08-27,Dovetail Energy,Salesforce Admin,Senior Salesforce Admin,Brazil,AMER,Outbound Sequence,Outbound,CMP-038,Certification Season — AMER 2025-04,Outbound Sequence,AI Assistant Referral,38,C,false,false,0,Disqualified,,,,false,false,false,Went silent,1,9,U-015,,,
LEAD-10988,2025-12-13,Rivet Care,Analytics Lead,Director of Sales Operations,United States,AMER,Salesforce Community,Product,CMP-030,SAQL Masterclass — AMER 2025-08,Salesforce Community,Salesforce Community,86,A,true,false,13,MQL,2026-01-01,,,true,false,false,,,0,,,,
LEAD-10989,2026-03-02,Cobalt Pharma,Salesforce Admin,Senior Salesforce Admin,France,EMEA,AI Assistant Referral,Inbound Marketing,CMP-021,SAQL Masterclass — LATAM 2025-09,AI Assistant Referral,AI Assistant Referral,49,C,false,false,0,Converted,2026-03-04,2026-03-25,2026-04-07,true,true,true,,2,11,U-026,U-013,ACC-1016,OPP-20193
LEAD-10990,2026-02-09,Tundra Media,Procurement / Finance,Finance Director,Brazil,AMER,Organic Search,Inbound Marketing,CMP-018,Free Course Launch — AMER 2025-11,Organic Search,Organic Search,79,A,false,false,0,SQL,2026-02-10,2026-03-02,,true,true,false,,2,5,U-024,U-011,,
LEAD-10991,2025-11-01,Dovetail Group,Analytics Lead,Head of Analytics,Indonesia,APAC,Paid Search,Inbound Marketing,CMP-004,Q3 Pipeline Push — AMER 2025-11,Paid Search,AI Assistant Referral,73,A,false,false,0,Working,,,,false,false,false,,1,11,U-022,,,
LEAD-10992,2025-10-19,Juniper Foods,Salesforce Admin,CRM Manager,United States,AMER,Paid Social,Inbound Marketing,CMP-010,Certification Season — LATAM 2025-06,Paid Social,Paid Social,68,B,false,false,0,Converted,2025-10-31,2025-11-17,2025-12-20,true,true,true,,2,4,U-015,U-010,ACC-1011,OPP-20194
LEAD-10993,2025-07-17,Pallas Digital,L&D / Enablement Manager,Head of Enablement,United Kingdom,EMEA,Paid Search,Inbound Marketing,CMP-002,Reports-to-CRMA Migration — AMER 2025-08,Paid Search,Paid Search,73,A,false,false,0,SQL,2025-08-05,2025-08-10,,true,true,false,,3,1,U-024,U-002,,
LEAD-10994,2026-01-07,Tundra Consulting,Procurement / Finance,Head of Vendor Management,Mexico,AMER,Customer Referral,Partner / Referral,CMP-046,Certification Season — AMER 2026-03,Customer Referral,AI Assistant Referral,78,A,false,false,0,MQL,2026-01-08,,,true,false,false,,1,9,U-016,,,
LEAD-10995,2025-07-10,Dovetail Energy,Individual Learner,Career Switcher,Brazil,AMER,Webinar,Inbound Marketing,CMP-034,Salesforce Event Follow-up — EMEA 2026-03,Webinar,Webinar,41,C,false,false,0,Working,,,,false,false,false,,4,8,U-021,,,
LEAD-10996,2025-10-15,North Technologies,Salesforce Admin,Senior Salesforce Admin,Argentina,LATAM,Paid Social,Product,CMP-007,Admin to Analyst Path — EMEA 2025-05,Paid Social,Paid Social,60,B,true,true,4,MQL,2025-11-01,,,true,false,false,,,1,,,,
LEAD-10997,2025-10-30,Pallas Retail,Individual Learner,Business Analyst,Colombia,LATAM,Organic Search,Product,CMP-018,Free Course Launch — AMER 2025-11,Organic Search,Organic Search,76,A,true,true,56,Disqualified,,,,false,false,false,No Salesforce org,,2,,,,
LEAD-10998,2026-08-10,Halcyon Foods,L&D / Enablement Manager,People Development Lead,Canada,AMER,Paid Social,Inbound Marketing,CMP-007,Admin to Analyst Path — EMEA 2025-05,Paid Social,Organic Search,72,A,false,false,0,Converted,2026-08-22,2026-09-14,2026-10-13,true,true,true,,0,9,U-019,U-005,ACC-1090,OPP-20195
LEAD-10999,2026-03-29,Juniper Energy,Analytics Lead,Director of Sales Operations,India,APAC,Paid Social,Product,CMP-008,Admin to Analyst Path — EMEA 2026-02,Paid Social,Salesforce Community,58,B,true,false,6,Working,,,,false,false,false,,,1,,,,
LEAD-11000,2026-07-06,Cinder Systems,Salesforce Admin,Salesforce Administrator,United States,AMER,Conference,Inbound Marketing,CMP-036,Einstein Discovery Workshop — AMER 2026-04,Conference,Conference,64,B,false,false,0,Working,,,,false,false,false,,1,6,U-026,,,
LEAD-11001,2025-05-06,Quanta Bank,L&D / Enablement Manager,Training Director,United States,AMER,SI Partner Referral,Partner / Referral,CMP-044,Reports-to-CRMA Migration — AMER 2025-06,SI Partner Referral,SI Partner Referral,100,A,false,false,0,MQL,2025-05-23,,,true,false,false,,3,10,U-018,,,
LEAD-11002,2025-09-27,Aster Motors,Individual Learner,Career Switcher,Canada,AMER,Free Course,Product,CMP-025,Certification Season — EMEA 2025-09,Free Course,Conference,54,B,true,true,33,Nurture,2025-10-07,,,true,false,false,,,2,,,,
LEAD-11003,2025-10-24,Quanta Retail,Individual Learner,Career Switcher,Germany,EMEA,AI Assistant Referral,Product,CMP-022,Dashboard Makeover Challenge — AMER 2025-10,AI Assistant Referral,AI Assistant Referral,73,A,true,true,91,Nurture,2025-10-24,,,true,false,false,,,2,,,,
LEAD-11004,2025-04-18,Juniper Group,L&D / Enablement Manager,Training Director,United States,AMER,Paid Search,Inbound Marketing,CMP-003,Free Course Launch — EMEA 2025-12,Paid Search,Paid Search,80,A,false,false,0,Working,,,,false,false,false,,2,6,U-024,,,
LEAD-11005,2026-01-30,Quanta Capital,Salesforce Admin,Salesforce Administrator,Brazil,AMER,Paid Search,Inbound Marketing,CMP-004,Q3 Pipeline Push — AMER 2025-11,Paid Search,Paid Search,77,A,false,true,0,MQL,2026-02-19,,,true,false,false,,1,11,U-027,,,
LEAD-11006,2026-03-11,Juniper Bank,Salesforce Admin,Senior Salesforce Admin,Mexico,AMER,Paid Social,Product,CMP-009,Salesforce Event Follow-up — AMER 2026-01,Paid Social,Paid Social,58,B,true,true,54,SQL,2026-03-22,2026-03-24,,true,true,false,,,0,,U-011,,
LEAD-11007,2026-02-26,Ember Bank,Analytics Lead,Head of Analytics,Chile,LATAM,Free Course,Product,CMP-023,Dashboard Makeover Challenge — AMER 2025-06,Free Course,Free Course,80,A,true,false,60,SQL,2026-03-07,2026-03-10,,true,true,false,,,1,,U-008,,
LEAD-11008,2025-05-26,Halcyon Retail,Individual Learner,Career Switcher,Mexico,AMER,Organic Search,Product,CMP-014,Einstein Discovery Workshop — APAC 2025-09,Organic Search,Organic Search,71,A,true,true,80,Disqualified,,,,false,false,false,Free course is enough,,2,,,,
LEAD-11009,2026-01-28,Tundra Partners,Individual Learner,Junior Consultant,Mexico,AMER,Outbound Sequence,Outbound,CMP-038,Certification Season — AMER 2025-04,Outbound Sequence,Outbound Sequence,12,D,false,false,0,New,,,,false,false,false,,0,9,U-015,,,
LEAD-11010,2026-08-03,Pallas Consulting,Salesforce Admin,CRM Manager,Australia,APAC,Customer Referral,Partner / Referral,CMP-045,Einstein Discovery Workshop — AMER 2025-09,Customer Referral,Organic Search,58,B,false,false,0,Nurture,2026-08-03,,,true,false,false,,3,7,U-015,,,
LEAD-11011,2025-06-27,North Telecom,Salesforce Admin,Salesforce Administrator,Mexico,AMER,Organic Search,Product,CMP-016,Dashboard Makeover Challenge — AMER 2026-04,Organic Search,Organic Search,70,A,true,false,70,Converted,2025-06-27,2025-07-19,2025-08-08,true,true,true,,,0,,U-005,ACC-1088,OPP-20196
LEAD-11012,2025-10-05,Halcyon Works,Individual Learner,Career Switcher,United States,AMER,Free Course,Product,CMP-025,Certification Season — EMEA 2025-09,Free Course,Free Course,73,A,true,false,79,Disqualified,,,,false,false,false,Competitor,,2,,,,
LEAD-11013,2025-08-13,Beacon Capital,Salesforce Admin,Platform Owner,Canada,AMER,Salesforce Community,Product,CMP-030,SAQL Masterclass — AMER 2025-08,Salesforce Community,Salesforce Community,51,B,true,true,74,SQL,2025-08-29,2025-09-13,,true,true,false,,,1,,U-007,,
LEAD-11014,2025-12-22,Quanta Consulting,Individual Learner,Business Analyst,Singapore,APAC,Webinar,Inbound Marketing,CMP-034,Salesforce Event Follow-up — EMEA 2026-03,Webinar,Webinar,11,D,false,false,0,Disqualified,,,,false,false,false,Duplicate,3,2,U-021,,,
LEAD-11015,2025-06-19,Solstice Consulting,Individual Learner,Junior Consultant,Colombia,LATAM,Outbound Sequence,Outbound,CMP-039,Reports-to-CRMA Migration — EMEA 2026-02,Outbound Sequence,Outbound Sequence,28,D,false,false,0,New,,,,false,false,false,,5,1,U-021,,,
LEAD-11016,2025-06-09,Vertex Health,L&D / Enablement Manager,Training Director,Canada,AMER,Outbound Sequence,Outbound,CMP-037,Team Upskilling Offer — EMEA 2025-04,Outbound Sequence,Outbound Sequence,55,B,false,false,0,MQL,2025-06-11,,,true,false,false,,2,4,U-022,,,
LEAD-11017,2026-08-23,Cinder Insurance,Procurement / Finance,Finance Director,Germany,EMEA,Organic Search,Product,CMP-018,Free Course Launch — AMER 2025-11,Organic Search,AI Assistant Referral,79,A,true,false,72,Disqualified,,,,false,false,false,Wrong geo,,0,,,,
LEAD-11018,2025-07-05,Wexler Technologies,Individual Learner,Business Analyst,UAE,EMEA,Conference,Product,CMP-036,Einstein Discovery Workshop — AMER 2026-04,Conference,Organic Search,50,B,true,true,82,MQL,2025-07-11,,,true,false,false,,,0,,,,
LEAD-11019,2025-08-12,Solstice Media,Individual Learner,Business Analyst,United States,AMER,Paid Social,Inbound Marketing,CMP-007,Admin to Analyst Path — EMEA 2025-05,Paid Social,Paid Social,14,D,false,false,0,MQL,2025-08-29,,,true,false,false,,2,7,U-020,,,
LEAD-11020,2025-09-12,Kestrel Energy,Procurement / Finance,Head of Vendor Management,Netherlands,EMEA,Free Course,Product,CMP-028,Certification Season — AMER 2025-11,Free Course,Free Course,100,A,true,true,51,Nurture,2025-09-20,,,true,false,false,,,0,,,,
LEAD-11021,2025-08-30,Halcyon Works,Individual Learner,Career Switcher,UAE,EMEA,Outbound Sequence,Outbound,CMP-039,Reports-to-CRMA Migration — EMEA 2026-02,Outbound Sequence,Outbound Sequence,23,D,false,false,0,Working,,,,false,false,false,,2,2,U-027,,,
LEAD-11022,2026-08-21,Zephyr Retail,Salesforce Admin,Platform Owner,Mexico,AMER,Salesforce Community,Product,CMP-031,Admin to Analyst Path — EMEA 2026-07,Salesforce Community,Salesforce Community,64,B,true,false,47,Disqualified,,,,false,false,false,No Salesforce org,,0,,,,
LEAD-11023,2026-05-31,Solstice Logistics,Individual Learner,Data Analyst,Indonesia,APAC,Free Course,Product,CMP-023,Dashboard Makeover Challenge — AMER 2025-06,Free Course,Free Course,45,C,true,false,10,New,,,,false,false,false,,,0,,,,
LEAD-11024,2025-05-07,Dovetail Media,Analytics Lead,Director of Sales Operations,Chile,LATAM,Paid Search,Inbound Marketing,CMP-004,Q3 Pipeline Push — AMER 2025-11,Paid Search,Webinar,68,B,false,false,0,Converted,2025-05-11,2025-05-22,2025-06-05,true,true,true,,4,3,U-018,U-012,ACC-1007,OPP-20197
LEAD-11025,2025-07-13,Kestrel Health,Procurement / Finance,Procurement Manager,Argentina,LATAM,Paid Search,Inbound Marketing,CMP-004,Q3 Pipeline Push — AMER 2025-11,Paid Search,Paid Search,66,B,false,false,0,Working,,,,false,false,false,,5,10,U-019,,,
LEAD-11026,2026-03-11,Ember Telecom,L&D / Enablement Manager,People Development Lead,Canada,AMER,Organic Search,Inbound Marketing,CMP-015,Reports-to-CRMA Migration — AMER 2025-11,Organic Search,Organic Search,87,A,false,true,0,SQL,2026-03-14,2026-03-29,,true,true,false,,3,9,U-022,U-012,,
LEAD-11027,2026-09-11,Sable Insurance,Analytics Lead,Head of Analytics,Canada,AMER,Organic Search,Inbound Marketing,CMP-016,Dashboard Makeover Challenge — AMER 2026-04,Organic Search,Organic Search,69,B,false,false,0,Converted,2026-09-24,2026-10-02,2026-10-09,true,true,true,,1,8,U-021,U-003,ACC-1097,OPP-20198
LEAD-11028,2026-08-21,Zephyr Telecom,Salesforce Admin,Platform Owner,Germany,EMEA,Conference,Inbound Marketing,CMP-036,Einstein Discovery Workshop — AMER 2026-04,Conference,Paid Search,51,B,false,false,0,MQL,2026-09-01,,,true,false,false,,4,5,U-023,,,
LEAD-11029,2025-07-27,Halcyon Digital,Salesforce Admin,Salesforce Administrator,Canada,AMER,SI Partner Referral,Partner / Referral,CMP-044,Reports-to-CRMA Migration — AMER 2025-06,SI Partner Referral,SI Partner Referral,86,A,true,false,48,MQL,2025-08-16,,,true,false,false,,,1,,,,
LEAD-11030,2025-07-24,Vertex Care,L&D / Enablement Manager,People Development Lead,Argentina,LATAM,Salesforce Community,Product,CMP-029,Classroom Batch Push — EMEA 2025-11,Salesforce Community,Salesforce Community,61,B,true,false,96,Converted,2025-07-24,2025-08-16,2025-09-04,true,true,true,,,2,,U-003,ACC-1097,OPP-20199
LEAD-11031,2026-06-28,Solstice Care,Individual Learner,Junior Consultant,Chile,LATAM,SI Partner Referral,Partner / Referral,CMP-042,Certification Season — AMER 2025-04,SI Partner Referral,SI Partner Referral,59,B,false,false,0,Converted,2026-07-15,2026-07-26,2026-08-17,true,true,true,,4,10,U-021,U-004,ACC-1008,OPP-20200
LEAD-11032,2026-07-08,Dovetail Motors,Individual Learner,Career Switcher,Japan,APAC,Salesforce Community,Product,CMP-029,Classroom Batch Push — EMEA 2025-11,Salesforce Community,AI Assistant Referral,34,C,true,true,75,Disqualified,,,,false,false,false,Free course is enough,,0,,,,
LEAD-11033,2026-06-23,Vertex Energy,Salesforce Admin,Senior Salesforce Admin,Brazil,AMER,Customer Referral,Partner / Referral,CMP-045,Einstein Discovery Workshop — AMER 2025-09,Customer Referral,Outbound Sequence,35,C,false,false,0,MQL,2026-06-23,,,true,false,false,,1,10,U-015,,,
LEAD-11034,2026-01-28,Orbital Works,Analytics Lead,Director of Sales Operations,Canada,AMER,Organic Search,Inbound Marketing,CMP-018,Free Course Launch — AMER 2025-11,Organic Search,Paid Search,97,A,false,false,0,Working,,,,false,false,false,,3,3,U-023,,,
LEAD-11035,2025-05-16,Orbital Systems,Individual Learner,Junior Consultant,France,EMEA,Webinar,Inbound Marketing,CMP-032,Salesforce Event Follow-up — AMER 2025-12,Webinar,Webinar,33,C,false,false,0,New,,,,false,false,false,,2,6,U-017,,,
LEAD-11036,2026-06-13,Juniper Bank,Salesforce Admin,Senior Salesforce Admin,Brazil,AMER,Organic Search,Product,CMP-014,Einstein Discovery Workshop — APAC 2025-09,Organic Search,Organic Search,67,B,true,false,57,SQL,2026-06-14,2026-07-01,,true,true,false,,,1,,U-014,,
LEAD-11037,2025-07-07,Aster Health,Analytics Lead,BI Lead,Mexico,AMER,Organic Search,Product,CMP-014,Einstein Discovery Workshop — APAC 2025-09,Organic Search,Salesforce Community,100,A,true,true,36,Nurture,2025-07-27,,,true,false,false,,,1,,,,
LEAD-11038,2026-07-24,Umbra Energy,Individual Learner,Data Analyst,Mexico,AMER,SI Partner Referral,Partner / Referral,CMP-042,Certification Season — AMER 2025-04,SI Partner Referral,SI Partner Referral,61,B,false,false,0,New,,,,false,false,false,,1,7,U-024,,,
LEAD-11039,2026-09-13,Umbra Motors,L&D / Enablement Manager,People Development Lead,Mexico,AMER,Customer Referral,Partner / Referral,CMP-045,Einstein Discovery Workshop — AMER 2025-09,Customer Referral,Customer Referral,89,A,false,false,0,SQL,2026-09-30,2026-10-11,,true,true,false,,4,11,U-026,U-010,,
LEAD-11040,2026-04-24,Cobalt Group,Individual Learner,Business Analyst,Netherlands,EMEA,Organic Search,Inbound Marketing,CMP-015,Reports-to-CRMA Migration — AMER 2025-11,Organic Search,Organic Search,50,B,false,false,0,SQL,2026-04-25,2026-05-08,,true,true,false,,2,8,U-026,U-009,,
LEAD-11041,2026-03-15,Beacon Logistics,Individual Learner,Junior Consultant,Brazil,AMER,Salesforce Community,Inbound Marketing,CMP-029,Classroom Batch Push — EMEA 2025-11,Salesforce Community,Paid Social,29,D,false,false,0,Disqualified,,,,false,false,false,Wrong geo,0,4,U-026,,,
LEAD-11042,2025-05-14,Onyx Works,L&D / Enablement Manager,L&D Manager,Germany,EMEA,Paid Social,Product,CMP-007,Admin to Analyst Path — EMEA 2025-05,Paid Social,Paid Social,96,A,true,false,73,MQL,2025-06-02,,,true,false,false,,,1,,,,
LEAD-11043,2025-07-19,Solstice Health,Analytics Lead,BI Lead,France,EMEA,Paid Search,Product,CMP-003,Free Course Launch — EMEA 2025-12,Paid Search,Paid Search,100,A,true,false,87,MQL,2025-08-04,,,true,false,false,,,1,,,,
LEAD-11044,2025-06-29,Juniper Consulting,Individual Learner,Data Analyst,Colombia,LATAM,Paid Social,Inbound Marketing,CMP-008,Admin to Analyst Path — EMEA 2026-02,Paid Social,Paid Social,29,D,false,false,0,Working,,,,false,false,false,,1,3,U-019,,,
LEAD-11045,2025-05-17,Umbra Group,Salesforce Admin,Salesforce Administrator,India,APAC,AI Assistant Referral,Product,CMP-022,Dashboard Makeover Challenge — AMER 2025-10,AI Assistant Referral,AI Assistant Referral,100,A,true,true,19,Converted,2025-05-24,2025-06-03,2025-06-28,true,true,true,,,1,,U-005,ACC-1060,OPP-20201
LEAD-11046,2025-07-11,Ember Care,Individual Learner,Data Analyst,Canada,AMER,Conference,Inbound Marketing,CMP-035,Dashboard Makeover Challenge — EMEA 2026-05,Conference,Webinar,33,C,false,false,0,Disqualified,,,,false,false,false,Wrong geo,2,1,U-015,,,
LEAD-11047,2026-04-12,Zephyr Capital,L&D / Enablement Manager,Training Director,Brazil,AMER,Salesforce Community,Product,CMP-030,SAQL Masterclass — AMER 2025-08,Salesforce Community,SI Partner Referral,68,B,true,true,40,Converted,2026-04-28,2026-05-07,2026-05-18,true,true,true,,,1,,U-008,ACC-1114,OPP-20202
LEAD-11048,2026-07-28,Vertex Pharma,Individual Learner,Career Switcher,Chile,LATAM,Conference,Product,CMP-036,Einstein Discovery Workshop — AMER 2026-04,Conference,Conference,41,C,true,false,46,MQL,2026-08-12,,,true,false,false,,,2,,,,
LEAD-11049,2025-07-17,Ember Retail,Individual Learner,Junior Consultant,Canada,AMER,Outbound Sequence,Outbound,CMP-040,AI Search Visibility — AMER 2026-05,Outbound Sequence,Salesforce Community,14,D,false,false,0,New,,,,false,false,false,,2,5,U-017,,,
LEAD-11050,2026-03-04,Orbital Media,Individual Learner,Data Analyst,Canada,AMER,SI Partner Referral,Partner / Referral,CMP-042,Certification Season — AMER 2025-04,SI Partner Referral,Free Course,39,C,false,false,0,Working,,,,false,false,false,,3,9,U-024,,,
LEAD-11051,2026-07-27,Halcyon Telecom,Individual Learner,Junior Consultant,United States,AMER,Organic Search,Inbound Marketing,CMP-017,SAQL Masterclass — AMER 2026-05,Organic Search,Paid Search,48,C,false,false,0,Converted,2026-08-14,2026-08-23,2026-09-02,true,true,true,,3,11,U-018,U-006,ACC-1032,OPP-20203
LEAD-11052,2026-09-08,Kestrel Media,Analytics Lead,Director of Sales Operations,United Kingdom,EMEA,Customer Referral,Partner / Referral,CMP-046,Certification Season — AMER 2026-03,Customer Referral,Paid Search,63,B,false,false,0,Working,,,,false,false,false,,4,5,U-018,,,
LEAD-11053,2026-01-20,Juniper Digital,Salesforce Admin,Senior Salesforce Admin,UAE,EMEA,SI Partner Referral,Partner / Referral,CMP-043,SAQL Masterclass — APAC 2026-01,SI Partner Referral,SI Partner Referral,58,B,false,true,0,Converted,2026-02-03,2026-02-25,2026-03-05,true,true,true,,3,3,U-026,U-003,ACC-1119,OPP-20204
LEAD-11054,2025-10-30,Juniper Capital,L&D / Enablement Manager,Head of Enablement,United States,AMER,Organic Search,Product,CMP-017,SAQL Masterclass — AMER 2026-05,Organic Search,Salesforce Community,93,A,true,true,81,Nurture,2025-11-11,,,true,false,false,,,0,,,,
LEAD-11055,2026-04-25,Onyx Technologies,Analytics Lead,Head of Analytics,Australia,APAC,Paid Social,Inbound Marketing,CMP-008,Admin to Analyst Path — EMEA 2026-02,Paid Social,Organic Search,56,B,false,false,0,SQL,2026-05-02,2026-05-25,,true,true,false,,2,2,U-023,U-002,,
LEAD-11056,2025-04-12,North Pharma,Salesforce Admin,Platform Owner,UAE,EMEA,Paid Search,Inbound Marketing,CMP-002,Reports-to-CRMA Migration — AMER 2025-08,Paid Search,Salesforce Community,68,B,false,false,0,Disqualified,,,,false,false,false,No budget,2,9,U-016,,,
LEAD-11057,2025-05-24,Tundra Care,Individual Learner,Business Analyst,Mexico,AMER,AI Assistant Referral,Product,CMP-022,Dashboard Makeover Challenge — AMER 2025-10,AI Assistant Referral,SI Partner Referral,58,B,true,false,87,SQL,2025-05-28,2025-05-30,,true,true,false,,,2,,U-011,,
LEAD-11058,2025-12-29,Cinder Bank,Procurement / Finance,Head of Vendor Management,Mexico,AMER,Paid Search,Product,CMP-002,Reports-to-CRMA Migration — AMER 2025-08,Paid Search,Paid Search,95,A,true,true,9,MQL,2026-01-11,,,true,false,false,,,2,,,,
LEAD-11059,2025-07-26,Onyx Telecom,Individual Learner,Junior Consultant,Japan,APAC,Paid Social,Product,CMP-008,Admin to Analyst Path — EMEA 2026-02,Paid Social,AI Assistant Referral,65,B,true,false,86,SQL,2025-08-08,2025-08-15,,true,true,false,,,1,,U-014,,
LEAD-11060,2026-03-23,Tundra Digital,Procurement / Finance,Finance Director,United States,AMER,Paid Search,Inbound Marketing,CMP-004,Q3 Pipeline Push — AMER 2025-11,Paid Search,Organic Search,77,A,false,false,0,Converted,2026-03-26,2026-04-01,2026-04-12,true,true,true,,6,2,U-025,U-014,ACC-1122,OPP-20205
LEAD-11061,2025-07-28,Juniper Foods,Salesforce Admin,Salesforce Administrator,France,EMEA,Outbound Sequence,Outbound,CMP-040,AI Search Visibility — AMER 2026-05,Outbound Sequence,Salesforce Community,54,B,false,false,0,Disqualified,,,,false,false,false,Went silent,1,1,U-025,,,
LEAD-11062,2025-08-13,Beacon Foods,Analytics Lead,Director of Sales Operations,Brazil,AMER,Salesforce Community,Inbound Marketing,CMP-031,Admin to Analyst Path — EMEA 2026-07,Salesforce Community,Salesforce Community,64,B,false,false,0,Converted,2025-08-27,2025-09-22,2025-10-15,true,true,true,,0,4,U-027,U-007,ACC-1047,OPP-20206
LEAD-11063,2026-07-04,Sable Consulting,L&D / Enablement Manager,Training Director,United States,AMER,Webinar,Inbound Marketing,CMP-033,Admin to Analyst Path — EMEA 2026-07,Webinar,Webinar,47,C,false,false,0,SQL,2026-07-12,2026-07-14,,true,true,false,,3,7,U-025,U-003,,
LEAD-11064,2025-04-27,North Foods,Procurement / Finance,Finance Director,Brazil,AMER,Webinar,Inbound Marketing,CMP-033,Admin to Analyst Path — EMEA 2026-07,Webinar,Webinar,71,A,false,true,0,Disqualified,,,,false,false,false,No budget,1,10,U-019,,,
LEAD-11065,2025-11-13,Kestrel Systems,Individual Learner,Business Analyst,Singapore,APAC,Organic Search,Product,CMP-016,Dashboard Makeover Challenge — AMER 2026-04,Organic Search,Paid Search,53,B,true,true,14,Converted,2025-12-03,2025-12-08,2025-12-11,true,true,true,,,2,,U-003,ACC-1025,OPP-20207
LEAD-11066,2025-10-21,Halcyon Health,Salesforce Admin,Salesforce Administrator,United States,AMER,Organic Search,Product,CMP-015,Reports-to-CRMA Migration — AMER 2025-11,Organic Search,Organic Search,76,A,true,false,35,MQL,2025-10-26,,,true,false,false,,,0,,,,
LEAD-11067,2025-04-06,Juniper Consulting,Procurement / Finance,CFO,Sweden,EMEA,SI Partner Referral,Partner / Referral,CMP-042,Certification Season — AMER 2025-04,SI Partner Referral,AI Assistant Referral,87,A,true,false,19,Converted,2025-04-06,2025-04-12,2025-05-05,true,true,true,,,2,,U-003,ACC-1112,OPP-20208
LEAD-11068,2026-04-29,Juniper Energy,Individual Learner,Career Switcher,United Kingdom,EMEA,Salesforce Community,Product,CMP-031,Admin to Analyst Path — EMEA 2026-07,Salesforce Community,Customer Referral,53,B,true,false,79,SQL,2026-05-17,2026-05-27,,true,true,false,,,0,,U-001,,
LEAD-11069,2025-12-23,Orbital Motors,Analytics Lead,BI Lead,Netherlands,EMEA,Organic Search,Product,CMP-018,Free Course Launch — AMER 2025-11,Organic Search,Organic Search,100,A,true,false,53,Converted,2026-01-13,2026-01-17,2026-02-03,true,true,true,,,0,,U-001,ACC-1007,OPP-20209
LEAD-11070,2025-12-24,Lattice Retail,Individual Learner,Junior Consultant,United States,AMER,AI Assistant Referral,Inbound Marketing,CMP-020,Dashboard Makeover Challenge — AMER 2025-12,AI Assistant Referral,Paid Search,53,B,false,false,0,MQL,2026-01-08,,,true,false,false,,2,5,U-025,,,
LEAD-11071,2025-09-04,Pallas Energy,Individual Learner,Data Analyst,Australia,APAC,Paid Search,Product,CMP-006,AI Search Visibility — AMER 2026-02,Paid Search,Paid Search,56,B,true,false,56,MQL,2025-09-08,,,true,false,false,,,0,,,,
LEAD-11072,2025-06-30,Zephyr Motors,Individual Learner,Data Analyst,Indonesia,APAC,Organic Search,Inbound Marketing,CMP-018,Free Course Launch — AMER 2025-11,Organic Search,Organic Search,19,D,false,false,0,Disqualified,,,,false,false,false,Wrong geo,2,9,U-026,,,
LEAD-11073,2026-06-04,Lattice Works,Individual Learner,Business Analyst,Canada,AMER,Outbound Sequence,Outbound,CMP-040,AI Search Visibility — AMER 2026-05,Outbound Sequence,Outbound Sequence,24,D,false,false,0,MQL,2026-06-10,,,true,false,false,,0,6,U-024,,,
LEAD-11074,2026-04-12,Vantage Insurance,Salesforce Admin,CRM Manager,United States,AMER,Free Course,Product,CMP-028,Certification Season — AMER 2025-11,Free Course,Organic Search,84,A,true,true,63,Nurture,2026-04-27,,,true,false,false,,,2,,,,
LEAD-11075,2025-10-23,Orbital Telecom,Analytics Lead,Director of Sales Operations,Japan,APAC,Free Course,Product,CMP-026,Reports-to-CRMA Migration — AMER 2025-08,Free Course,Free Course,81,A,true,false,78,MQL,2025-11-04,,,true,false,false,,,2,,,,
LEAD-11076,2026-01-13,Harbor Energy,Procurement / Finance,CFO,Spain,EMEA,Conference,Inbound Marketing,CMP-036,Einstein Discovery Workshop — AMER 2026-04,Conference,Conference,59,B,false,false,0,Disqualified,,,,false,false,false,Student — free course only,1,10,U-017,,,
LEAD-11077,2026-01-11,Kestrel Foods,Analytics Lead,Director of Sales Operations,Indonesia,APAC,Outbound Sequence,Outbound,CMP-038,Certification Season — AMER 2025-04,Outbound Sequence,Outbound Sequence,59,B,false,false,0,Disqualified,,,,false,false,false,No Salesforce org,3,11,U-027,,,
LEAD-11078,2025-11-18,Vertex Insurance,Individual Learner,Data Analyst,Canada,AMER,Organic Search,Product,CMP-011,Admin to Analyst Path — LATAM 2025-04,Organic Search,Organic Search,50,B,true,false,11,SQL,2025-11-19,2025-11-21,,true,true,false,,,1,,U-014,,
LEAD-11079,2026-05-27,Juniper Systems,L&D / Enablement Manager,Head of Enablement,Indonesia,APAC,Paid Search,Inbound Marketing,CMP-005,Certification Season — AMER 2025-12,Paid Search,Paid Search,87,A,false,false,0,SQL,2026-06-14,2026-06-16,,true,true,false,,1,7,U-022,U-004,,
LEAD-11080,2025-05-25,Cobalt Systems,L&D / Enablement Manager,People Development Lead,Mexico,AMER,Outbound Sequence,Outbound,CMP-041,Reports-to-CRMA Migration — AMER 2025-04,Outbound Sequence,Outbound Sequence,67,B,false,false,0,SQL,2025-06-13,2025-06-24,,true,true,false,,2,6,U-022,U-006,,
LEAD-11081,2026-06-21,Solstice Pharma,L&D / Enablement Manager,Training Director,Mexico,AMER,SI Partner Referral,Partner / Referral,CMP-044,Reports-to-CRMA Migration — AMER 2025-06,SI Partner Referral,SI Partner Referral,67,B,false,false,0,SQL,2026-06-22,2026-07-10,,true,true,false,,2,10,U-024,U-005,,
LEAD-11082,2025-09-14,Halcyon Insurance,Salesforce Admin,Senior Salesforce Admin,Sweden,EMEA,SI Partner Referral,Partner / Referral,CMP-044,Reports-to-CRMA Migration — AMER 2025-06,SI Partner Referral,SI Partner Referral,62,B,false,false,0,Working,,,,false,false,false,,2,1,U-021,,,
LEAD-11083,2025-04-02,Tundra Health,Analytics Lead,Head of Analytics,Canada,AMER,AI Assistant Referral,Inbound Marketing,CMP-019,Reports-to-CRMA Migration — APAC 2026-02,AI Assistant Referral,AI Assistant Referral,54,B,false,false,0,SQL,2025-04-20,2025-04-22,,true,true,false,,1,10,U-027,U-007,,
LEAD-11084,2025-04-30,Harbor Pharma,Individual Learner,Career Switcher,United States,AMER,AI Assistant Referral,Inbound Marketing,CMP-022,Dashboard Makeover Challenge — AMER 2025-10,AI Assistant Referral,AI Assistant Referral,66,B,false,false,0,MQL,2025-05-21,,,true,false,false,,3,11,U-027,,,
LEAD-11085,2026-02-27,Foundry Telecom,Individual Learner,Business Analyst,Australia,APAC,Paid Social,Product,CMP-007,Admin to Analyst Path — EMEA 2025-05,Paid Social,Paid Social,35,C,true,true,7,Working,,,,false,false,false,,,1,,,,
LEAD-11086,2026-01-18,Orbital Insurance,Individual Learner,Business Analyst,India,APAC,Free Course,Product,CMP-025,Certification Season — EMEA 2025-09,Free Course,Free Course,89,A,true,true,81,SQL,2026-01-25,2026-02-13,,true,true,false,,,1,,U-011,,
LEAD-11087,2025-04-03,Vertex Systems,L&D / Enablement Manager,L&D Manager,Canada,AMER,Paid Social,Inbound Marketing,CMP-007,Admin to Analyst Path — EMEA 2025-05,Paid Social,Paid Social,58,B,false,false,0,MQL,2025-04-17,,,true,false,false,,2,7,U-018,,,
LEAD-11088,2026-07-15,Rivet Insurance,Salesforce Admin,Platform Owner,Argentina,LATAM,Paid Search,Inbound Marketing,CMP-004,Q3 Pipeline Push — AMER 2025-11,Paid Search,Paid Search,38,C,false,false,0,Disqualified,,,,false,false,false,Competitor,4,6,U-022,,,
LEAD-11089,2026-01-10,Sable Technologies,Salesforce Admin,Platform Owner,United Kingdom,EMEA,Paid Search,Product,CMP-002,Reports-to-CRMA Migration — AMER 2025-08,Paid Search,Paid Search,82,A,true,true,5,Working,,,,false,false,false,,,0,,,,
LEAD-11090,2026-04-09,Foundry Pharma,Individual Learner,Business Analyst,Mexico,AMER,Organic Search,Product,CMP-015,Reports-to-CRMA Migration — AMER 2025-11,Organic Search,Outbound Sequence,56,B,true,false,37,SQL,2026-04-30,2026-05-24,,true,true,false,,,0,,U-007,,
LEAD-11091,2026-02-18,Solstice Pharma,Procurement / Finance,Head of Vendor Management,France,EMEA,Paid Search,Inbound Marketing,CMP-003,Free Course Launch — EMEA 2025-12,Paid Search,Webinar,71,A,false,false,0,MQL,2026-02-24,,,true,false,false,,1,1,U-023,,,
LEAD-11092,2025-09-12,Tundra Energy,Salesforce Admin,CRM Manager,France,EMEA,Paid Social,Inbound Marketing,CMP-008,Admin to Analyst Path — EMEA 2026-02,Paid Social,Customer Referral,53,B,false,false,0,Nurture,2025-09-21,,,true,false,false,,3,5,U-018,,,
LEAD-11093,2025-04-13,Umbra Digital,Salesforce Admin,Senior Salesforce Admin,United Kingdom,EMEA,Conference,Inbound Marketing,CMP-035,Dashboard Makeover Challenge — EMEA 2026-05,Conference,Customer Referral,40,C,false,false,0,Converted,2025-05-02,2025-05-11,2025-05-21,true,true,true,,2,7,U-027,U-011,ACC-1116,OPP-20210
LEAD-11094,2025-11-18,Zephyr Capital,Individual Learner,Career Switcher,Spain,EMEA,Organic Search,Product,CMP-016,Dashboard Makeover Challenge — AMER 2026-04,Organic Search,Organic Search,88,A,true,false,24,SQL,2025-11-29,2025-12-14,,true,true,false,,,2,,U-007,,
LEAD-11095,2025-08-28,Kestrel Logistics,Individual Learner,Career Switcher,United States,AMER,Organic Search,Inbound Marketing,CMP-018,Free Course Launch — AMER 2025-11,Organic Search,SI Partner Referral,50,B,false,false,0,MQL,2025-09-10,,,true,false,false,,4,5,U-024,,,
LEAD-11096,2026-03-11,Cinder Systems,Procurement / Finance,CFO,Canada,AMER,Salesforce Community,Product,CMP-029,Classroom Batch Push — EMEA 2025-11,Salesforce Community,Salesforce Community,73,A,true,true,53,Converted,2026-03-24,2026-03-26,2026-04-19,true,true,true,,,0,,U-009,ACC-1100,OPP-20211
LEAD-11097,2025-07-13,Juniper Technologies,Salesforce Admin,Salesforce Administrator,Argentina,LATAM,AI Assistant Referral,Product,CMP-019,Reports-to-CRMA Migration — APAC 2026-02,AI Assistant Referral,Paid Search,74,A,true,true,51,Nurture,2025-07-14,,,true,false,false,,,1,,,,
LEAD-11098,2025-11-24,Solstice Media,Individual Learner,Business Analyst,Canada,AMER,Salesforce Community,Inbound Marketing,CMP-031,Admin to Analyst Path — EMEA 2026-07,Salesforce Community,Salesforce Community,18,D,false,true,0,Disqualified,,,,false,false,false,Student — free course only,2,9,U-019,,,
LEAD-11099,2026-03-12,Wexler Logistics,Procurement / Finance,CFO,United States,AMER,Free Course,Product,CMP-027,Q3 Pipeline Push — APAC 2025-05,Free Course,Free Course,93,A,true,false,71,MQL,2026-03-29,,,true,false,false,,,1,,,,
LEAD-11100,2025-10-04,Wexler Retail,Analytics Lead,RevOps Manager,Germany,EMEA,Free Course,Product,CMP-028,Certification Season — AMER 2025-11,Free Course,Paid Social,76,A,true,true,98,MQL,2025-10-11,,,true,false,false,,,1,,,,
LEAD-11101,2025-10-30,Foundry Group,Salesforce Admin,CRM Manager,Japan,APAC,Organic Search,Inbound Marketing,CMP-014,Einstein Discovery Workshop — APAC 2025-09,Organic Search,Organic Search,80,A,false,false,0,SQL,2025-11-19,2025-11-20,,true,true,false,,4,1,U-020,U-009,,
LEAD-11102,2026-05-20,Zephyr Motors,Individual Learner,Career Switcher,Brazil,AMER,Paid Search,Inbound Marketing,CMP-003,Free Course Launch — EMEA 2025-12,Paid Search,Paid Search,39,C,false,false,0,MQL,2026-05-31,,,true,false,false,,2,3,U-027,,,
LEAD-11103,2025-07-22,Vantage Media,Salesforce Admin,CRM Manager,Canada,AMER,Conference,Inbound Marketing,CMP-035,Dashboard Makeover Challenge — EMEA 2026-05,Conference,Conference,62,B,false,false,0,MQL,2025-08-07,,,true,false,false,,2,3,U-019,,,
LEAD-11104,2025-10-03,Lumen Media,Procurement / Finance,Procurement Manager,Japan,APAC,Organic Search,Inbound Marketing,CMP-017,SAQL Masterclass — AMER 2026-05,Organic Search,Organic Search,93,A,false,false,0,MQL,2025-10-06,,,true,false,false,,3,5,U-021,,,
LEAD-11105,2026-09-09,Meridian Media,Individual Learner,Data Analyst,Germany,EMEA,Outbound Sequence,Outbound,CMP-039,Reports-to-CRMA Migration — EMEA 2026-02,Outbound Sequence,Organic Search,37,C,false,false,0,New,,,,false,false,false,,3,9,U-015,,,
LEAD-11106,2025-09-15,Umbra Health,Analytics Lead,Director of Sales Operations,Japan,APAC,AI Assistant Referral,Product,CMP-019,Reports-to-CRMA Migration — APAC 2026-02,AI Assistant Referral,AI Assistant Referral,71,A,true,true,9,MQL,2025-09-20,,,true,false,false,,,0,,,,
LEAD-11107,2025-10-04,Sable Group,Individual Learner,Business Analyst,Spain,EMEA,Free Course,Product,CMP-024,Team Upskilling Offer — AMER 2025-05,Free Course,Free Course,61,B,true,false,10,Working,,,,false,false,false,,,2,,,,
LEAD-11108,2025-08-26,Orbital Health,Analytics Lead,RevOps Manager,Spain,EMEA,Conference,Inbound Marketing,CMP-035,Dashboard Makeover Challenge — EMEA 2026-05,Conference,Conference,73,A,false,false,0,New,,,,false,false,false,,3,1,U-021,,,
LEAD-11109,2025-12-24,Rivet Energy,Salesforce Admin,Platform Owner,Mexico,AMER,Paid Search,Inbound Marketing,CMP-006,AI Search Visibility — AMER 2026-02,Paid Search,AI Assistant Referral,35,C,false,true,0,Working,,,,false,false,false,,1,5,U-023,,,
LEAD-11110,2026-03-19,Tundra Insurance,Salesforce Admin,CRM Manager,Sweden,EMEA,Paid Social,Product,CMP-010,Certification Season — LATAM 2025-06,Paid Social,Paid Social,46,C,true,false,34,Working,,,,false,false,false,,,2,,,,
LEAD-11111,2025-05-23,Vantage Insurance,Individual Learner,Junior Consultant,Brazil,AMER,Salesforce Community,Inbound Marketing,CMP-031,Admin to Analyst Path — EMEA 2026-07,Salesforce Community,Salesforce Community,44,C,false,true,0,SQL,2025-05-28,2025-06-07,,true,true,false,,1,4,U-019,U-007,,
LEAD-11112,2025-11-16,Wexler Foods,Analytics Lead,RevOps Manager,Mexico,AMER,Paid Search,Product,CMP-002,Reports-to-CRMA Migration — AMER 2025-08,Paid Search,Paid Search,76,A,true,true,19,Converted,2025-11-30,2025-12-12,2025-12-27,true,true,true,,,0,,U-014,ACC-1111,OPP-20212
LEAD-11113,2025-11-15,Pallas Bank,Analytics Lead,Director of Sales Operations,Sweden,EMEA,Paid Social,Inbound Marketing,CMP-008,Admin to Analyst Path — EMEA 2026-02,Paid Social,Paid Social,62,B,false,false,0,Disqualified,,,,false,false,false,No budget,0,1,U-021,,,
LEAD-11114,2026-03-27,Cinder Foods,Individual Learner,Business Analyst,UAE,EMEA,Paid Search,Product,CMP-001,Salesforce Event Follow-up — AMER 2026-02,Paid Search,Paid Search,76,A,true,false,57,Nurture,2026-04-03,,,true,false,false,,,1,,,,
LEAD-11115,2026-02-13,Onyx Partners,Individual Learner,Junior Consultant,United States,AMER,Outbound Sequence,Outbound,CMP-037,Team Upskilling Offer — EMEA 2025-04,Outbound Sequence,Free Course,37,C,false,false,0,Working,,,,false,false,false,,0,6,U-027,,,
LEAD-11116,2026-07-27,Lattice Telecom,Individual Learner,Business Analyst,Australia,APAC,Paid Social,Product,CMP-007,Admin to Analyst Path — EMEA 2025-05,Paid Social,Paid Search,38,C,true,true,92,Disqualified,,,,false,false,false,Competitor,,2,,,,
LEAD-11117,2025-04-03,Solstice Foods,L&D / Enablement Manager,People Development Lead,Spain,EMEA,Free Course,Product,CMP-027,Q3 Pipeline Push — APAC 2025-05,Free Course,Salesforce Community,93,A,true,true,17,Working,,,,false,false,false,,,2,,,,
LEAD-11118,2026-01-07,Aster Group,Individual Learner,Career Switcher,United States,AMER,Outbound Sequence,Outbound,CMP-039,Reports-to-CRMA Migration — EMEA 2026-02,Outbound Sequence,Outbound Sequence,18,D,false,false,0,Working,,,,false,false,false,,4,11,U-027,,,
LEAD-11119,2026-07-25,Juniper Works,Individual Learner,Data Analyst,Spain,EMEA,Paid Search,Inbound Marketing,CMP-006,AI Search Visibility — AMER 2026-02,Paid Search,Organic Search,52,B,false,false,0,New,,,,false,false,false,,3,11,U-020,,,
LEAD-11120,2026-09-17,Umbra Retail,L&D / Enablement Manager,Training Director,United States,AMER,Paid Social,Inbound Marketing,CMP-007,Admin to Analyst Path — EMEA 2025-05,Paid Social,SI Partner Referral,47,C,false,true,0,MQL,2026-10-01,,,true,false,false,,4,10,U-019,,,
LEAD-11121,2025-08-29,Kestrel Care,Salesforce Admin,Senior Salesforce Admin,United States,AMER,Organic Search,Inbound Marketing,CMP-012,AI Search Visibility — AMER 2026-07,Organic Search,Customer Referral,74,A,false,false,0,Nurture,2025-09-10,,,true,false,false,,1,7,U-015,,,
LEAD-11122,2025-12-06,Meridian Pharma,Procurement / Finance,Finance Director,Canada,AMER,Paid Search,Inbound Marketing,CMP-006,AI Search Visibility — AMER 2026-02,Paid Search,Paid Search,94,A,false,false,0,SQL,2025-12-06,2025-12-25,,true,true,false,,1,1,U-022,U-005,,
LEAD-11123,2025-04-20,Cinder Group,Analytics Lead,BI Lead,Canada,AMER,SI Partner Referral,Partner / Referral,CMP-044,Reports-to-CRMA Migration — AMER 2025-06,SI Partner Referral,Outbound Sequence,55,B,false,false,0,Disqualified,,,,false,false,false,Duplicate,3,3,U-026,,,
LEAD-11124,2026-08-27,Pallas Digital,Analytics Lead,BI Lead,United States,AMER,Customer Referral,Partner / Referral,CMP-046,Certification Season — AMER 2026-03,Customer Referral,Webinar,61,B,false,false,0,Converted,2026-08-30,2026-09-08,2026-10-01,true,true,true,,2,7,U-017,U-007,ACC-1086,OPP-20213
LEAD-11125,2025-08-30,Zephyr Works,Salesforce Admin,Senior Salesforce Admin,France,EMEA,Organic Search,Inbound Marketing,CMP-011,Admin to Analyst Path — LATAM 2025-04,Organic Search,Organic Search,57,B,false,false,0,Working,,,,false,false,false,,0,2,U-026,,,
LEAD-11126,2026-05-06,North Logistics,Analytics Lead,Head of Analytics,Australia,APAC,Organic Search,Product,CMP-013,Team Upskilling Offer — LATAM 2026-01,Organic Search,Organic Search,65,B,true,false,64,New,,,,false,false,false,,,2,,,,
LEAD-11127,2025-12-21,Harbor Insurance,Individual Learner,Junior Consultant,Brazil,AMER,SI Partner Referral,Partner / Referral,CMP-043,SAQL Masterclass — APAC 2026-01,SI Partner Referral,Salesforce Community,40,C,false,false,0,New,,,,false,false,false,,2,10,U-016,,,
LEAD-11128,2026-06-02,Dovetail Logistics,Individual Learner,Data Analyst,United States,AMER,Paid Social,Product,CMP-010,Certification Season — LATAM 2025-06,Paid Social,Paid Social,45,C,true,true,75,Converted,2026-06-19,2026-06-21,2026-07-03,true,true,true,,,0,,U-011,ACC-1024,OPP-20214
LEAD-11129,2026-05-17,Ember Telecom,Analytics Lead,BI Lead,United States,AMER,Free Course,Product,CMP-024,Team Upskilling Offer — AMER 2025-05,Free Course,Free Course,77,A,true,false,89,Working,,,,false,false,false,,,2,,,,
LEAD-11130,2026-05-01,Tundra Insurance,Individual Learner,Data Analyst,Canada,AMER,Paid Social,Inbound Marketing,CMP-009,Salesforce Event Follow-up — AMER 2026-01,Paid Social,Customer Referral,15,D,false,false,0,Disqualified,,,,false,false,false,No Salesforce org,1,11,U-027,,,
LEAD-11131,2025-07-13,Meridian Motors,Analytics Lead,Head of Analytics,Mexico,AMER,Paid Search,Inbound Marketing,CMP-006,AI Search Visibility — AMER 2026-02,Paid Search,Paid Search,65,B,false,false,0,SQL,2025-07-29,2025-08-07,,true,true,false,,3,10,U-024,U-004,,
LEAD-11132,2026-02-21,Vertex Pharma,Analytics Lead,Head of Analytics,Canada,AMER,Free Course,Inbound Marketing,CMP-024,Team Upskilling Offer — AMER 2025-05,Free Course,Customer Referral,76,A,false,false,0,Converted,2026-03-03,2026-03-15,2026-03-28,true,true,true,,0,3,U-024,U-012,ACC-1114,OPP-20215
LEAD-11133,2026-01-17,Beacon Consulting,Analytics Lead,Director of Sales Operations,Canada,AMER,Outbound Sequence,Outbound,CMP-040,AI Search Visibility — AMER 2026-05,Outbound Sequence,Paid Social,60,B,false,true,0,New,,,,false,false,false,,4,8,U-016,,,
LEAD-11134,2026-07-24,Onyx Technologies,Individual Learner,Business Analyst,Brazil,AMER,Paid Social,Product,CMP-009,Salesforce Event Follow-up — AMER 2026-01,Paid Social,Paid Search,33,C,true,true,15,New,,,,false,false,false,,,1,,,,
LEAD-11135,2026-05-11,Solstice Energy,Salesforce Admin,Salesforce Administrator,Brazil,AMER,Free Course,Product,CMP-026,Reports-to-CRMA Migration — AMER 2025-08,Free Course,Conference,78,A,true,true,60,Disqualified,,,,false,false,false,Student — free course only,,0,,,,
LEAD-11136,2026-08-06,Sable Consulting,Individual Learner,Junior Consultant,Canada,AMER,Outbound Sequence,Outbound,CMP-040,AI Search Visibility — AMER 2026-05,Outbound Sequence,Outbound Sequence,8,D,false,false,0,Disqualified,,,,false,false,false,Student — free course only,2,9,U-026,,,
LEAD-11137,2026-05-16,Umbra Consulting,Analytics Lead,BI Lead,Colombia,LATAM,Organic Search,Product,CMP-014,Einstein Discovery Workshop — APAC 2025-09,Organic Search,Conference,78,A,true,false,71,SQL,2026-05-23,2026-05-31,,true,true,false,,,2,,U-009,,
LEAD-11138,2025-11-21,Halcyon Retail,Analytics Lead,BI Lead,United States,AMER,Outbound Sequence,Outbound,CMP-041,Reports-to-CRMA Migration — AMER 2025-04,Outbound Sequence,Organic Search,36,C,false,false,0,Disqualified,,,,false,false,false,Competitor,2,8,U-022,,,
LEAD-11139,2025-07-16,Meridian Telecom,Individual Learner,Junior Consultant,India,APAC,Free Course,Product,CMP-025,Certification Season — EMEA 2025-09,Free Course,AI Assistant Referral,34,C,true,true,7,Disqualified,,,,false,false,false,Wrong geo,,2,,,,
LEAD-11140,2025-09-16,Rivet Consulting,Individual Learner,Business Analyst,Australia,APAC,Salesforce Community,Product,CMP-029,Classroom Batch Push — EMEA 2025-11,Salesforce Community,Salesforce Community,50,B,true,true,3,Converted,2025-09-21,2025-09-30,2025-10-12,true,true,true,,,2,,U-006,ACC-1045,OPP-20216
LEAD-11141,2025-07-22,Vertex Health,Individual Learner,Junior Consultant,Mexico,AMER,Organic Search,Product,CMP-017,SAQL Masterclass — AMER 2026-05,Organic Search,Organic Search,54,B,true,true,23,Converted,2025-08-08,2025-08-16,2025-09-02,true,true,true,,,0,,U-013,ACC-1094,OPP-20217
LEAD-11142,2025-10-12,Vertex Motors,L&D / Enablement Manager,Head of Enablement,UAE,EMEA,SI Partner Referral,Partner / Referral,CMP-042,Certification Season — AMER 2025-04,SI Partner Referral,SI Partner Referral,100,A,false,false,0,Converted,2025-10-15,2025-10-22,2025-11-09,true,true,true,,2,10,U-015,U-008,ACC-1085,OPP-20218
LEAD-11143,2025-10-03,Quanta Partners,Individual Learner,Junior Consultant,United States,AMER,Organic Search,Product,CMP-017,SAQL Masterclass — AMER 2026-05,Organic Search,Organic Search,85,A,true,true,23,SQL,2025-10-15,2025-11-08,,true,true,false,,,0,,U-012,,
LEAD-11144,2026-02-23,Lumen Retail,Individual Learner,Data Analyst,Sweden,EMEA,AI Assistant Referral,Product,CMP-021,SAQL Masterclass — LATAM 2025-09,AI Assistant Referral,AI Assistant Referral,33,C,true,true,39,New,,,,false,false,false,,,1,,,,
LEAD-11145,2026-02-09,North Bank,Analytics Lead,BI Lead,Netherlands,EMEA,AI Assistant Referral,Inbound Marketing,CMP-019,Reports-to-CRMA Migration — APAC 2026-02,AI Assistant Referral,Customer Referral,87,A,false,false,0,MQL,2026-02-10,,,true,false,false,,3,10,U-019,,,
LEAD-11146,2025-12-16,Vantage Capital,L&D / Enablement Manager,Training Director,Singapore,APAC,Webinar,Product,CMP-033,Admin to Analyst Path — EMEA 2026-07,Webinar,Webinar,95,A,true,true,84,MQL,2025-12-26,,,true,false,false,,,0,,,,
LEAD-11147,2026-03-05,Umbra Consulting,Salesforce Admin,Salesforce Administrator,Brazil,AMER,Salesforce Community,Product,CMP-030,SAQL Masterclass — AMER 2025-08,Salesforce Community,Salesforce Community,65,B,true,true,54,Disqualified,,,,false,false,false,Duplicate,,0,,,,
LEAD-11148,2025-12-01,Dovetail Consulting,L&D / Enablement Manager,People Development Lead,Netherlands,EMEA,Outbound Sequence,Outbound,CMP-041,Reports-to-CRMA Migration — AMER 2025-04,Outbound Sequence,Outbound Sequence,69,B,false,false,0,New,,,,false,false,false,,0,6,U-016,,,
LEAD-11149,2025-10-09,Lattice Care,Individual Learner,Business Analyst,Mexico,AMER,Organic Search,Product,CMP-012,AI Search Visibility — AMER 2026-07,Organic Search,Webinar,54,B,true,true,65,Converted,2025-10-28,2025-11-02,2025-11-19,true,true,true,,,0,,U-002,ACC-1029,OPP-20219
LEAD-11150,2025-06-30,Quanta Group,Individual Learner,Business Analyst,United States,AMER,Outbound Sequence,Outbound,CMP-039,Reports-to-CRMA Migration — EMEA 2026-02,Outbound Sequence,Webinar,28,D,false,false,0,Working,,,,false,false,false,,2,8,U-022,,,
LEAD-11151,2025-04-20,Harbor Telecom,Individual Learner,Business Analyst,Sweden,EMEA,Paid Social,Inbound Marketing,CMP-008,Admin to Analyst Path — EMEA 2026-02,Paid Social,Paid Social,10,D,false,false,0,Disqualified,,,,false,false,false,No Salesforce org,4,3,U-015,,,
LEAD-11152,2026-03-22,Kestrel Bank,Individual Learner,Career Switcher,Singapore,APAC,Paid Search,Inbound Marketing,CMP-003,Free Course Launch — EMEA 2025-12,Paid Search,Salesforce Community,71,A,false,false,0,New,,,,false,false,false,,1,11,U-017,,,
LEAD-11153,2025-06-05,Kestrel Telecom,L&D / Enablement Manager,People Development Lead,Mexico,AMER,Free Course,Product,CMP-028,Certification Season — AMER 2025-11,Free Course,Free Course,99,A,true,true,84,Converted,2025-06-20,2025-07-05,2025-07-22,true,true,true,,,2,,U-004,ACC-1006,OPP-20220
LEAD-11154,2026-03-06,Solstice Bank,L&D / Enablement Manager,Training Director,Sweden,EMEA,Free Course,Product,CMP-027,Q3 Pipeline Push — APAC 2025-05,Free Course,Outbound Sequence,89,A,true,false,16,Nurture,2026-03-13,,,true,false,false,,,1,,,,
LEAD-11155,2025-12-05,Aster Pharma,Salesforce Admin,Salesforce Administrator,Argentina,LATAM,Organic Search,Inbound Marketing,CMP-016,Dashboard Makeover Challenge — AMER 2026-04,Organic Search,Organic Search,49,C,false,true,0,Disqualified,,,,false,false,false,No budget,5,10,U-024,,,
LEAD-11156,2026-03-02,Vantage Energy,Individual Learner,Career Switcher,Canada,AMER,Free Course,Product,CMP-028,Certification Season — AMER 2025-11,Free Course,Conference,44,C,true,true,53,Disqualified,,,,false,false,false,Duplicate,,0,,,,
LEAD-11157,2025-04-10,Beacon Group,Individual Learner,Business Analyst,United States,AMER,AI Assistant Referral,Inbound Marketing,CMP-022,Dashboard Makeover Challenge — AMER 2025-10,AI Assistant Referral,AI Assistant Referral,35,C,false,false,0,Disqualified,,,,false,false,false,No budget,4,8,U-021,,,
LEAD-11158,2026-07-22,Sable Pharma,Salesforce Admin,Senior Salesforce Admin,Canada,AMER,SI Partner Referral,Partner / Referral,CMP-043,SAQL Masterclass — APAC 2026-01,SI Partner Referral,SI Partner Referral,74,A,false,false,0,Converted,2026-07-29,2026-08-09,2026-08-29,true,true,true,,0,3,U-019,U-012,ACC-1076,OPP-20221
LEAD-11159,2026-08-08,Kestrel Foods,Salesforce Admin,CRM Manager,United States,AMER,Free Course,Product,CMP-025,Certification Season — EMEA 2025-09,Free Course,Free Course,92,A,true,false,76,SQL,2026-08-18,2026-08-21,,true,true,false,,,1,,U-005,,
LEAD-11160,2025-12-05,Vertex Group,Individual Learner,Junior Consultant,Mexico,AMER,Conference,Inbound Marketing,CMP-036,Einstein Discovery Workshop — AMER 2026-04,Conference,Conference,39,C,false,false,0,Disqualified,,,,false,false,false,No Salesforce org,0,7,U-027,,,
LEAD-11161,2026-03-31,Rivet Pharma,L&D / Enablement Manager,Head of Enablement,Mexico,AMER,Paid Search,Product,CMP-005,Certification Season — AMER 2025-12,Paid Search,Organic Search,84,A,true,false,18,MQL,2026-04-17,,,true,false,false,,,2,,,,
LEAD-11162,2026-04-23,Rivet Motors,Salesforce Admin,CRM Manager,Canada,AMER,Salesforce Community,Inbound Marketing,CMP-029,Classroom Batch Push — EMEA 2025-11,Salesforce Community,Conference,49,C,false,false,0,SQL,2026-04-30,2026-05-02,,true,true,false,,3,7,U-020,U-012,,
LEAD-11163,2026-02-14,Kestrel Media,Individual Learner,Business Analyst,Mexico,AMER,Conference,Inbound Marketing,CMP-035,Dashboard Makeover Challenge — EMEA 2026-05,Conference,Conference,25,D,false,false,0,New,,,,false,false,false,,3,10,U-017,,,
LEAD-11164,2026-07-28,Solstice Foods,Individual Learner,Career Switcher,Singapore,APAC,Paid Social,Inbound Marketing,CMP-008,Admin to Analyst Path — EMEA 2026-02,Paid Social,Paid Social,28,D,false,true,0,New,,,,false,false,false,,0,9,U-027,,,
LEAD-11165,2026-03-18,Vertex Technologies,L&D / Enablement Manager,Head of Enablement,France,EMEA,Webinar,Inbound Marketing,CMP-034,Salesforce Event Follow-up — EMEA 2026-03,Webinar,Webinar,63,B,false,false,0,Converted,2026-04-07,2026-04-30,2026-05-27,true,true,true,,4,7,U-020,U-010,ACC-1092,OPP-20222
LEAD-11166,2025-05-29,Harbor Partners,Individual Learner,Career Switcher,Indonesia,APAC,Paid Social,Inbound Marketing,CMP-008,Admin to Analyst Path — EMEA 2026-02,Paid Social,Paid Social,45,C,false,false,0,Working,,,,false,false,false,,3,9,U-024,,,
LEAD-11167,2025-04-12,Lumen Digital,Analytics Lead,Director of Sales Operations,Mexico,AMER,Paid Search,Inbound Marketing,CMP-001,Salesforce Event Follow-up — AMER 2026-02,Paid Search,Paid Social,75,A,false,false,0,Nurture,2025-04-23,,,true,false,false,,3,9,U-027,,,
LEAD-11168,2026-07-12,Quanta Logistics,Individual Learner,Business Analyst,United States,AMER,Webinar,Inbound Marketing,CMP-033,Admin to Analyst Path — EMEA 2026-07,Webinar,Salesforce Community,36,C,false,false,0,Working,,,,false,false,false,,0,4,U-025,,,
LEAD-11169,2025-10-10,Onyx Consulting,Individual Learner,Data Analyst,Indonesia,APAC,Salesforce Community,Product,CMP-030,SAQL Masterclass — AMER 2025-08,Salesforce Community,Customer Referral,56,B,true,true,29,MQL,2025-10-27,,,true,false,false,,,0,,,,
LEAD-11170,2025-05-20,Halcyon Logistics,Analytics Lead,RevOps Manager,Spain,EMEA,Webinar,Product,CMP-034,Salesforce Event Follow-up — EMEA 2026-03,Webinar,Customer Referral,90,A,true,false,71,SQL,2025-05-28,2025-05-31,,true,true,false,,,1,,U-009,,
LEAD-11171,2025-10-30,Ember Telecom,L&D / Enablement Manager,Head of Enablement,Mexico,AMER,Webinar,Inbound Marketing,CMP-034,Salesforce Event Follow-up — EMEA 2026-03,Webinar,Outbound Sequence,70,A,false,false,0,MQL,2025-11-19,,,true,false,false,,0,7,U-021,,,
LEAD-11172,2025-10-08,Meridian Pharma,L&D / Enablement Manager,Training Director,Canada,AMER,Paid Search,Product,CMP-001,Salesforce Event Follow-up — AMER 2026-02,Paid Search,Paid Search,95,A,true,false,54,New,,,,false,false,false,,,0,,,,
LEAD-11173,2026-05-01,Dovetail Consulting,Analytics Lead,Head of Analytics,Canada,AMER,SI Partner Referral,Partner / Referral,CMP-044,Reports-to-CRMA Migration — AMER 2025-06,SI Partner Referral,Salesforce Community,94,A,true,true,42,New,,,,false,false,false,,,0,,,,
LEAD-11174,2025-11-02,Orbital Digital,Salesforce Admin,Platform Owner,Brazil,AMER,Free Course,Product,CMP-024,Team Upskilling Offer — AMER 2025-05,Free Course,Customer Referral,72,A,true,false,35,SQL,2025-11-10,2025-11-25,,true,true,false,,,1,,U-002,,
LEAD-11175,2025-10-18,Juniper Partners,Salesforce Admin,Platform Owner,Sweden,EMEA,Paid Search,Inbound Marketing,CMP-002,Reports-to-CRMA Migration — AMER 2025-08,Paid Search,AI Assistant Referral,47,C,false,false,0,MQL,2025-10-29,,,true,false,false,,2,6,U-017,,,
LEAD-11176,2026-02-26,Foundry Foods,L&D / Enablement Manager,Training Director,United States,AMER,SI Partner Referral,Partner / Referral,CMP-044,Reports-to-CRMA Migration — AMER 2025-06,SI Partner Referral,SI Partner Referral,85,A,false,false,0,SQL,2026-03-19,2026-04-09,,true,true,false,,1,1,U-022,U-005,,
LEAD-11177,2025-11-06,Vertex Technologies,L&D / Enablement Manager,Head of Enablement,Australia,APAC,Outbound Sequence,Outbound,CMP-038,Certification Season — AMER 2025-04,Outbound Sequence,Paid Search,76,A,false,false,0,MQL,2025-11-21,,,true,false,false,,4,4,U-017,,,
LEAD-11178,2025-04-23,Juniper Works,Analytics Lead,Director of Sales Operations,Spain,EMEA,Free Course,Product,CMP-023,Dashboard Makeover Challenge — AMER 2025-06,Free Course,Free Course,92,A,true,true,43,New,,,,false,false,false,,,0,,,,
LEAD-11179,2026-05-15,Dovetail Systems,Salesforce Admin,Senior Salesforce Admin,Singapore,APAC,AI Assistant Referral,Inbound Marketing,CMP-019,Reports-to-CRMA Migration — APAC 2026-02,AI Assistant Referral,AI Assistant Referral,62,B,false,false,0,Disqualified,,,,false,false,false,Duplicate,2,10,U-024,,,
LEAD-11180,2026-07-06,Solstice Media,Individual Learner,Junior Consultant,Brazil,AMER,Organic Search,Product,CMP-015,Reports-to-CRMA Migration — AMER 2025-11,Organic Search,Organic Search,74,A,true,true,70,Converted,2026-07-15,2026-08-07,2026-08-17,true,true,true,,,0,,U-011,ACC-1040,OPP-20223
LEAD-11181,2026-06-17,Rivet Retail,L&D / Enablement Manager,People Development Lead,United States,AMER,Free Course,Product,CMP-025,Certification Season — EMEA 2025-09,Free Course,Free Course,100,A,true,true,4,SQL,2026-07-05,2026-07-07,,true,true,false,,,1,,U-012,,
LEAD-11182,2025-10-02,Cobalt Technologies,Analytics Lead,BI Lead,Mexico,AMER,Outbound Sequence,Outbound,CMP-039,Reports-to-CRMA Migration — EMEA 2026-02,Outbound Sequence,Outbound Sequence,45,C,false,false,0,SQL,2025-10-07,2025-10-21,,true,true,false,,3,6,U-024,U-004,,
LEAD-11183,2026-02-24,North Bank,Individual Learner,Junior Consultant,Brazil,AMER,Paid Social,Product,CMP-009,Salesforce Event Follow-up — AMER 2026-01,Paid Social,Paid Social,45,C,true,true,96,Converted,2026-02-27,2026-03-25,2026-04-06,true,true,true,,,2,,U-002,ACC-1044,OPP-20224
LEAD-11184,2025-08-05,Beacon Retail,Individual Learner,Career Switcher,Brazil,AMER,Organic Search,Product,CMP-014,Einstein Discovery Workshop — APAC 2025-09,Organic Search,Organic Search,54,B,true,false,95,MQL,2025-08-08,,,true,false,false,,,2,,,,
LEAD-11185,2025-06-14,Pallas Telecom,Individual Learner,Business Analyst,Indonesia,APAC,Organic Search,Product,CMP-017,SAQL Masterclass — AMER 2026-05,Organic Search,Organic Search,66,B,true,false,70,Disqualified,,,,false,false,false,No Salesforce org,,1,,,,
LEAD-11186,2025-08-17,Rivet Motors,Individual Learner,Data Analyst,Australia,APAC,Paid Search,Inbound Marketing,CMP-004,Q3 Pipeline Push — AMER 2025-11,Paid Search,Webinar,35,C,false,false,0,Disqualified,,,,false,false,false,Went silent,4,2,U-017,,,
LEAD-11187,2025-10-04,Orbital Digital,Individual Learner,Business Analyst,Canada,AMER,Organic Search,Product,CMP-013,Team Upskilling Offer — LATAM 2026-01,Organic Search,Organic Search,73,A,true,false,47,MQL,2025-10-15,,,true,false,false,,,0,,,,
LEAD-11188,2025-11-04,Rivet Retail,Individual Learner,Business Analyst,Sweden,EMEA,SI Partner Referral,Partner / Referral,CMP-044,Reports-to-CRMA Migration — AMER 2025-06,SI Partner Referral,Conference,46,C,false,true,0,Converted,2025-11-10,2025-11-22,2025-12-13,true,true,true,,1,8,U-024,U-001,ACC-1104,OPP-20225
LEAD-11189,2025-04-06,Kestrel Bank,Individual Learner,Career Switcher,United States,AMER,Organic Search,Inbound Marketing,CMP-015,Reports-to-CRMA Migration — AMER 2025-11,Organic Search,Organic Search,58,B,false,false,0,MQL,2025-04-10,,,true,false,false,,1,4,U-015,,,
LEAD-11190,2025-06-30,Dovetail Motors,Individual Learner,Business Analyst,Mexico,AMER,AI Assistant Referral,Inbound Marketing,CMP-020,Dashboard Makeover Challenge — AMER 2025-12,AI Assistant Referral,AI Assistant Referral,43,C,false,true,0,Disqualified,,,,false,false,false,Went silent,4,6,U-022,,,
LEAD-11191,2026-02-01,Ember Foods,Procurement / Finance,Procurement Manager,Sweden,EMEA,Paid Search,Product,CMP-006,AI Search Visibility — AMER 2026-02,Paid Search,Paid Search,100,A,true,false,45,Disqualified,,,,false,false,false,Went silent,,0,,,,
LEAD-11192,2025-09-07,Rivet Group,Procurement / Finance,Head of Vendor Management,Argentina,LATAM,Free Course,Product,CMP-027,Q3 Pipeline Push — APAC 2025-05,Free Course,Organic Search,100,A,true,false,70,SQL,2025-09-10,2025-09-13,,true,true,false,,,1,,U-001,,
LEAD-11193,2026-08-17,Zephyr Partners,Analytics Lead,Head of Analytics,Mexico,AMER,Free Course,Product,CMP-026,Reports-to-CRMA Migration — AMER 2025-08,Free Course,Free Course,98,A,true,true,54,Disqualified,,,,false,false,false,No budget,,1,,,,
LEAD-11194,2026-03-22,Vertex Works,L&D / Enablement Manager,L&D Manager,UAE,EMEA,Organic Search,Product,CMP-018,Free Course Launch — AMER 2025-11,Organic Search,Organic Search,80,A,true,true,91,Converted,2026-04-12,2026-04-26,2026-05-22,true,true,true,,,1,,U-006,ACC-1118,OPP-20226
LEAD-11195,2026-05-22,Tundra Technologies,Individual Learner,Data Analyst,Japan,APAC,Free Course,Product,CMP-023,Dashboard Makeover Challenge — AMER 2025-06,Free Course,Free Course,71,A,true,true,66,MQL,2026-06-02,,,true,false,false,,,0,,,,
LEAD-11196,2025-07-18,Cinder Retail,L&D / Enablement Manager,Head of Enablement,Chile,LATAM,Salesforce Community,Inbound Marketing,CMP-029,Classroom Batch Push — EMEA 2025-11,Salesforce Community,Salesforce Community,68,B,false,false,0,Nurture,2025-07-20,,,true,false,false,,6,7,U-015,,,
LEAD-11197,2026-04-07,Cinder Consulting,L&D / Enablement Manager,Training Director,UAE,EMEA,Paid Social,Product,CMP-007,Admin to Analyst Path — EMEA 2025-05,Paid Social,Paid Social,76,A,true,false,73,Nurture,2026-04-20,,,true,false,false,,,0,,,,
LEAD-11198,2025-07-04,Cinder Media,Individual Learner,Business Analyst,Indonesia,APAC,Paid Social,Inbound Marketing,CMP-009,Salesforce Event Follow-up — AMER 2026-01,Paid Social,Paid Social,10,D,false,false,0,Working,,,,false,false,false,,0,10,U-022,,,
LEAD-11199,2025-12-17,Dovetail Pharma,Individual Learner,Junior Consultant,UAE,EMEA,SI Partner Referral,Partner / Referral,CMP-044,Reports-to-CRMA Migration — AMER 2025-06,SI Partner Referral,SI Partner Referral,48,C,false,false,0,Converted,2025-12-23,2025-12-27,2025-12-31,true,true,true,,2,2,U-026,U-012,ACC-1087,OPP-20227
LEAD-11200,2026-03-22,Lattice Insurance,Individual Learner,Career Switcher,Germany,EMEA,Outbound Sequence,Outbound,CMP-037,Team Upskilling Offer — EMEA 2025-04,Outbound Sequence,Outbound Sequence,23,D,false,false,0,Working,,,,false,false,false,,1,8,U-015,,,
LEAD-11201,2025-12-22,Tundra Telecom,Salesforce Admin,CRM Manager,Brazil,AMER,Organic Search,Product,CMP-011,Admin to Analyst Path — LATAM 2025-04,Organic Search,AI Assistant Referral,76,A,true,true,14,MQL,2025-12-27,,,true,false,false,,,2,,,,
LEAD-11202,2026-01-24,Aster Partners,Analytics Lead,BI Lead,Canada,AMER,Paid Social,Product,CMP-009,Salesforce Event Follow-up — AMER 2026-01,Paid Social,Salesforce Community,68,B,true,true,29,Nurture,2026-01-30,,,true,false,false,,,0,,,,
LEAD-11203,2025-07-05,Solstice Logistics,Individual Learner,Business Analyst,Brazil,AMER,Conference,Product,CMP-036,Einstein Discovery Workshop — AMER 2026-04,Conference,Conference,58,B,true,false,12,MQL,2025-07-10,,,true,false,false,,,1,,,,
LEAD-11204,2025-11-08,Meridian Insurance,Individual Learner,Junior Consultant,Germany,EMEA,Organic Search,Product,CMP-011,Admin to Analyst Path — LATAM 2025-04,Organic Search,Customer Referral,41,C,true,true,87,New,,,,false,false,false,,,2,,,,
LEAD-11205,2026-08-29,Meridian Group,Procurement / Finance,Head of Vendor Management,Mexico,AMER,Outbound Sequence,Outbound,CMP-040,AI Search Visibility — AMER 2026-05,Outbound Sequence,Outbound Sequence,33,C,false,false,0,Working,,,,false,false,false,,4,9,U-027,,,
LEAD-11206,2026-04-05,Foundry Logistics,L&D / Enablement Manager,People Development Lead,Mexico,AMER,Free Course,Product,CMP-026,Reports-to-CRMA Migration — AMER 2025-08,Free Course,Webinar,100,A,true,true,73,SQL,2026-04-21,2026-04-30,,true,true,false,,,1,,U-013,,
LEAD-11207,2025-04-19,Cinder Logistics,Salesforce Admin,Salesforce Administrator,United Kingdom,EMEA,Conference,Inbound Marketing,CMP-035,Dashboard Makeover Challenge — EMEA 2026-05,Conference,SI Partner Referral,33,C,false,false,0,Working,,,,false,false,false,,3,4,U-020,,,
LEAD-11208,2025-05-09,Wexler Motors,Individual Learner,Career Switcher,Brazil,AMER,Paid Social,Product,CMP-009,Salesforce Event Follow-up — AMER 2026-01,Paid Social,SI Partner Referral,33,C,true,true,100,Working,,,,false,false,false,,,2,,,,
LEAD-11209,2026-07-03,Rivet Pharma,Procurement / Finance,Head of Vendor Management,United States,AMER,Free Course,Product,CMP-024,Team Upskilling Offer — AMER 2025-05,Free Course,Organic Search,100,A,true,false,30,Converted,2026-07-05,2026-07-25,2026-08-24,true,true,true,,,2,,U-001,ACC-1060,OPP-20228
LEAD-11210,2025-10-18,Solstice Systems,Salesforce Admin,Platform Owner,Sweden,EMEA,SI Partner Referral,Partner / Referral,CMP-044,Reports-to-CRMA Migration — AMER 2025-06,SI Partner Referral,Outbound Sequence,92,A,false,false,0,Converted,2025-11-06,2025-11-28,2025-12-11,true,true,true,,2,4,U-016,U-008,ACC-1027,OPP-20229
LEAD-11211,2026-02-22,Tundra Pharma,Individual Learner,Career Switcher,Brazil,AMER,Conference,Inbound Marketing,CMP-036,Einstein Discovery Workshop — AMER 2026-04,Conference,Conference,25,D,false,false,0,New,,,,false,false,false,,2,6,U-023,,,
LEAD-11212,2025-04-03,Rivet Bank,Analytics Lead,BI Lead,Sweden,EMEA,Organic Search,Product,CMP-012,AI Search Visibility — AMER 2026-07,Organic Search,Organic Search,63,B,true,false,47,New,,,,false,false,false,,,2,,,,
LEAD-11213,2026-02-05,Lumen Capital,Procurement / Finance,Procurement Manager,Brazil,AMER,Organic Search,Product,CMP-014,Einstein Discovery Workshop — APAC 2025-09,Organic Search,Organic Search,100,A,true,true,69,SQL,2026-02-17,2026-02-23,,true,true,false,,,2,,U-013,,
LEAD-11214,2025-12-01,Orbital Capital,Individual Learner,Junior Consultant,Mexico,AMER,AI Assistant Referral,Product,CMP-020,Dashboard Makeover Challenge — AMER 2025-12,AI Assistant Referral,AI Assistant Referral,47,C,true,true,14,MQL,2025-12-02,,,true,false,false,,,2,,,,
LEAD-11215,2026-05-20,Vertex Partners,L&D / Enablement Manager,L&D Manager,Sweden,EMEA,AI Assistant Referral,Inbound Marketing,CMP-021,SAQL Masterclass — LATAM 2025-09,AI Assistant Referral,AI Assistant Referral,93,A,false,false,0,Disqualified,,,,false,false,false,Duplicate,3,9,U-020,,,
LEAD-11216,2025-06-19,Aster Systems,Analytics Lead,Head of Analytics,United States,AMER,Organic Search,Product,CMP-014,Einstein Discovery Workshop — APAC 2025-09,Organic Search,Conference,85,A,true,true,81,Converted,2025-06-21,2025-06-26,2025-07-16,true,true,true,,,0,,U-002,ACC-1102,OPP-20230
LEAD-11217,2026-01-07,Wexler Partners,Salesforce Admin,CRM Manager,Canada,AMER,AI Assistant Referral,Inbound Marketing,CMP-022,Dashboard Makeover Challenge — AMER 2025-10,AI Assistant Referral,AI Assistant Referral,37,C,false,false,0,Converted,2026-01-11,2026-01-24,2026-02-18,true,true,true,,0,9,U-024,U-014,ACC-1124,OPP-20231
LEAD-11218,2026-06-18,Vantage Works,Individual Learner,Career Switcher,Chile,LATAM,Organic Search,Inbound Marketing,CMP-012,AI Search Visibility — AMER 2026-07,Organic Search,Organic Search,54,B,false,false,0,SQL,2026-07-09,2026-07-16,,true,true,false,,1,4,U-020,U-007,,
LEAD-11219,2025-08-25,Pallas Capital,Individual Learner,Junior Consultant,United States,AMER,Paid Social,Product,CMP-008,Admin to Analyst Path — EMEA 2026-02,Paid Social,Paid Social,43,C,true,true,83,Converted,2025-09-09,2025-09-19,2025-10-22,true,true,true,,,1,,U-014,ACC-1128,OPP-20232
LEAD-11220,2025-11-16,Cinder Care,Analytics Lead,Head of Analytics,Sweden,EMEA,Customer Referral,Partner / Referral,CMP-046,Certification Season — AMER 2026-03,Customer Referral,Paid Search,82,A,true,true,92,SQL,2025-11-25,2025-12-17,,true,true,false,,,2,,U-008,,
LEAD-11221,2026-01-19,Cobalt Group,Individual Learner,Business Analyst,Mexico,AMER,Webinar,Inbound Marketing,CMP-032,Salesforce Event Follow-up — AMER 2025-12,Webinar,Customer Referral,38,C,false,false,0,Disqualified,,,,false,false,false,Duplicate,1,3,U-024,,,
LEAD-11222,2025-08-29,Harbor Technologies,L&D / Enablement Manager,L&D Manager,Japan,APAC,Organic Search,Inbound Marketing,CMP-012,AI Search Visibility — AMER 2026-07,Organic Search,Organic Search,70,A,false,false,0,SQL,2025-09-12,2025-09-23,,true,true,false,,2,11,U-020,U-004,,
LEAD-11223,2025-11-05,Harbor Logistics,Individual Learner,Career Switcher,United States,AMER,Webinar,Inbound Marketing,CMP-034,Salesforce Event Follow-up — EMEA 2026-03,Webinar,SI Partner Referral,20,D,false,false,0,MQL,2025-11-13,,,true,false,false,,2,9,U-019,,,
LEAD-11224,2026-01-18,Onyx Retail,L&D / Enablement Manager,Head of Enablement,Brazil,AMER,Webinar,Inbound Marketing,CMP-033,Admin to Analyst Path — EMEA 2026-07,Webinar,Webinar,72,A,false,false,0,Disqualified,,,,false,false,false,Duplicate,3,11,U-017,,,
LEAD-11225,2025-10-17,Tundra Technologies,Individual Learner,Junior Consultant,Indonesia,APAC,Conference,Inbound Marketing,CMP-036,Einstein Discovery Workshop — AMER 2026-04,Conference,Conference,33,C,false,false,0,New,,,,false,false,false,,4,5,U-018,,,
LEAD-11226,2025-08-02,Pallas Foods,Individual Learner,Data Analyst,Indonesia,APAC,Paid Search,Inbound Marketing,CMP-002,Reports-to-CRMA Migration — AMER 2025-08,Paid Search,Paid Search,59,B,false,false,0,MQL,2025-08-11,,,true,false,false,,2,11,U-023,,,
LEAD-11227,2025-05-21,Rivet Technologies,Individual Learner,Data Analyst,Sweden,EMEA,Webinar,Inbound Marketing,CMP-034,Salesforce Event Follow-up — EMEA 2026-03,Webinar,Webinar,52,B,false,false,0,SQL,2025-06-04,2025-06-07,,true,true,false,,1,5,U-023,U-003,,
LEAD-11228,2026-09-14,Wexler Works,Individual Learner,Career Switcher,Spain,EMEA,Organic Search,Inbound Marketing,CMP-011,Admin to Analyst Path — LATAM 2025-04,Organic Search,SI Partner Referral,46,C,false,false,0,Converted,2026-09-14,2026-10-06,2026-10-21,true,true,true,,2,11,U-016,U-003,ACC-1042,OPP-20233
LEAD-11229,2025-10-29,Meridian Pharma,Procurement / Finance,Head of Vendor Management,France,EMEA,Outbound Sequence,Outbound,CMP-041,Reports-to-CRMA Migration — AMER 2025-04,Outbound Sequence,Outbound Sequence,47,C,false,false,0,Disqualified,,,,false,false,false,No budget,2,3,U-016,,,
LEAD-11230,2025-11-17,Cobalt Pharma,Individual Learner,Data Analyst,France,EMEA,Free Course,Product,CMP-028,Certification Season — AMER 2025-11,Free Course,Free Course,57,B,true,false,28,Nurture,2025-12-02,,,true,false,false,,,2,,,,
LEAD-11231,2025-04-20,Pallas Care,L&D / Enablement Manager,People Development Lead,Canada,AMER,Organic Search,Product,CMP-011,Admin to Analyst Path — LATAM 2025-04,Organic Search,Salesforce Community,92,A,true,false,63,MQL,2025-05-06,,,true,false,false,,,2,,,,
LEAD-11232,2025-09-12,Juniper Care,Individual Learner,Junior Consultant,Singapore,APAC,SI Partner Referral,Partner / Referral,CMP-042,Certification Season — AMER 2025-04,SI Partner Referral,Free Course,30,C,false,false,0,New,,,,false,false,false,,2,4,U-019,,,
LEAD-11233,2026-01-30,Foundry Consulting,Individual Learner,Business Analyst,Sweden,EMEA,Outbound Sequence,Outbound,CMP-038,Certification Season — AMER 2025-04,Outbound Sequence,Free Course,35,C,false,false,0,New,,,,false,false,false,,0,10,U-020,,,
LEAD-11234,2025-09-30,Halcyon Pharma,L&D / Enablement Manager,Training Director,Netherlands,EMEA,SI Partner Referral,Partner / Referral,CMP-044,Reports-to-CRMA Migration — AMER 2025-06,SI Partner Referral,SI Partner Referral,53,B,false,false,0,Nurture,2025-10-06,,,true,false,false,,2,10,U-022,,,
LEAD-11235,2025-04-17,Halcyon Digital,Individual Learner,Business Analyst,India,APAC,Paid Search,Inbound Marketing,CMP-003,Free Course Launch — EMEA 2025-12,Paid Search,Paid Search,52,B,false,false,0,MQL,2025-04-17,,,true,false,false,,3,11,U-017,,,
LEAD-11236,2025-09-10,Harbor Consulting,Analytics Lead,Head of Analytics,United States,AMER,Paid Search,Product,CMP-001,Salesforce Event Follow-up — AMER 2026-02,Paid Search,Free Course,100,A,true,true,96,MQL,2025-09-18,,,true,false,false,,,1,,,,
LEAD-11237,2026-06-25,Lumen Motors,Salesforce Admin,Platform Owner,Brazil,AMER,AI Assistant Referral,Product,CMP-019,Reports-to-CRMA Migration — APAC 2026-02,AI Assistant Referral,Webinar,86,A,true,false,28,Disqualified,,,,false,false,false,Went silent,,0,,,,
LEAD-11238,2026-02-13,Kestrel Health,Salesforce Admin,Platform Owner,Australia,APAC,Organic Search,Inbound Marketing,CMP-011,Admin to Analyst Path — LATAM 2025-04,Organic Search,Organic Search,48,C,false,false,0,Converted,2026-02-21,2026-03-03,2026-04-01,true,true,true,,2,4,U-023,U-010,ACC-1137,OPP-20234
LEAD-11239,2026-01-16,Dovetail Systems,L&D / Enablement Manager,Training Director,France,EMEA,Paid Search,Inbound Marketing,CMP-004,Q3 Pipeline Push — AMER 2025-11,Paid Search,Paid Search,72,A,false,false,0,Converted,2026-01-19,2026-01-25,2026-02-28,true,true,true,,3,3,U-027,U-006,ACC-1120,OPP-20235
LEAD-11240,2026-06-06,Tundra Insurance,Analytics Lead,BI Lead,United States,AMER,Salesforce Community,Product,CMP-031,Admin to Analyst Path — EMEA 2026-07,Salesforce Community,Salesforce Community,68,B,true,true,64,Nurture,2026-06-10,,,true,false,false,,,1,,,,
LEAD-11241,2026-03-01,Juniper Care,Individual Learner,Career Switcher,Canada,AMER,Conference,Inbound Marketing,CMP-036,Einstein Discovery Workshop — AMER 2026-04,Conference,Customer Referral,41,C,false,false,0,Working,,,,false,false,false,,2,9,U-022,,,
LEAD-11242,2025-09-24,Lumen Foods,L&D / Enablement Manager,Head of Enablement,Netherlands,EMEA,Conference,Inbound Marketing,CMP-035,Dashboard Makeover Challenge — EMEA 2026-05,Conference,Organic Search,56,B,false,false,0,Working,,,,false,false,false,,2,2,U-021,,,
LEAD-11243,2026-09-10,Wexler Motors,Analytics Lead,Head of Analytics,Mexico,AMER,AI Assistant Referral,Inbound Marketing,CMP-020,Dashboard Makeover Challenge — AMER 2025-12,AI Assistant Referral,SI Partner Referral,78,A,false,false,0,SQL,2026-09-24,2026-10-17,,true,true,false,,2,6,U-026,U-008,,
LEAD-11244,2025-09-21,North Retail,Salesforce Admin,Senior Salesforce Admin,United States,AMER,Outbound Sequence,Outbound,CMP-041,Reports-to-CRMA Migration — AMER 2025-04,Outbound Sequence,SI Partner Referral,40,C,false,false,0,Disqualified,,,,false,false,false,Competitor,4,11,U-015,,,
LEAD-11245,2026-08-09,Umbra Logistics,Individual Learner,Junior Consultant,Japan,APAC,Salesforce Community,Product,CMP-029,Classroom Batch Push — EMEA 2025-11,Salesforce Community,Salesforce Community,55,B,true,true,53,Nurture,2026-08-18,,,true,false,false,,,1,,,,
LEAD-11246,2025-09-21,Vantage Pharma,Analytics Lead,BI Lead,Indonesia,APAC,Free Course,Product,CMP-026,Reports-to-CRMA Migration — AMER 2025-08,Free Course,Free Course,100,A,true,true,19,SQL,2025-09-22,2025-10-13,,true,true,false,,,0,,U-012,,
LEAD-11247,2026-07-24,Cinder Logistics,Analytics Lead,Director of Sales Operations,Spain,EMEA,Salesforce Community,Inbound Marketing,CMP-030,SAQL Masterclass — AMER 2025-08,Salesforce Community,Free Course,61,B,false,false,0,Converted,2026-08-06,2026-08-14,2026-09-13,true,true,true,,0,2,U-026,U-007,ACC-1061,OPP-20236
LEAD-11248,2026-02-27,Tundra Capital,Analytics Lead,BI Lead,India,APAC,Organic Search,Product,CMP-011,Admin to Analyst Path — LATAM 2025-04,Organic Search,Organic Search,86,A,true,false,7,New,,,,false,false,false,,,0,,,,
LEAD-11249,2025-09-03,Wexler Foods,Salesforce Admin,Platform Owner,Mexico,AMER,Conference,Inbound Marketing,CMP-036,Einstein Discovery Workshop — AMER 2026-04,Conference,Conference,59,B,false,false,0,New,,,,false,false,false,,1,3,U-025,,,
LEAD-11250,2026-05-04,Pallas Group,Procurement / Finance,Procurement Manager,United States,AMER,Salesforce Community,Product,CMP-030,SAQL Masterclass — AMER 2025-08,Salesforce Community,Salesforce Community,93,A,true,false,93,SQL,2026-05-12,2026-05-19,,true,true,false,,,1,,U-013,,
LEAD-11251,2026-05-05,Halcyon Systems,Salesforce Admin,Salesforce Administrator,Spain,EMEA,Paid Social,Inbound Marketing,CMP-008,Admin to Analyst Path — EMEA 2026-02,Paid Social,Paid Social,35,C,false,true,0,SQL,2026-05-09,2026-06-01,,true,true,false,,5,8,U-021,U-002,,
LEAD-11252,2026-03-13,Orbital Technologies,Procurement / Finance,CFO,Canada,AMER,Paid Social,Product,CMP-008,Admin to Analyst Path — EMEA 2026-02,Paid Social,Outbound Sequence,67,B,true,true,40,Converted,2026-03-27,2026-03-28,2026-04-15,true,true,true,,,1,,U-006,ACC-1109,OPP-20237
LEAD-11253,2026-01-18,Quanta Motors,Individual Learner,Business Analyst,Germany,EMEA,Paid Search,Inbound Marketing,CMP-005,Certification Season — AMER 2025-12,Paid Search,Organic Search,49,C,false,true,0,Disqualified,,,,false,false,false,Duplicate,2,10,U-019,,,
LEAD-11254,2026-08-24,Orbital Bank,Individual Learner,Business Analyst,United States,AMER,Webinar,Inbound Marketing,CMP-033,Admin to Analyst Path — EMEA 2026-07,Webinar,Paid Search,41,C,false,false,0,New,,,,false,false,false,,1,4,U-022,,,
LEAD-11255,2025-05-12,Halcyon Capital,Individual Learner,Junior Consultant,United Kingdom,EMEA,Paid Social,Inbound Marketing,CMP-007,Admin to Analyst Path — EMEA 2025-05,Paid Social,Organic Search,15,D,false,false,0,Disqualified,,,,false,false,false,Free course is enough,2,8,U-027,,,
LEAD-11256,2025-04-13,Vertex Pharma,Salesforce Admin,Platform Owner,India,APAC,Free Course,Product,CMP-027,Q3 Pipeline Push — APAC 2025-05,Free Course,Free Course,67,B,true,true,18,Nurture,2025-05-03,,,true,false,false,,,0,,,,
LEAD-11257,2025-11-08,Vertex Technologies,Analytics Lead,Director of Sales Operations,India,APAC,Paid Search,Product,CMP-005,Certification Season — AMER 2025-12,Paid Search,AI Assistant Referral,85,A,true,false,54,Converted,2025-11-16,2025-11-26,2025-12-02,true,true,true,,,2,,U-012,ACC-1065,OPP-20238
LEAD-11258,2026-03-07,Cobalt Telecom,Analytics Lead,RevOps Manager,Canada,AMER,Outbound Sequence,Outbound,CMP-037,Team Upskilling Offer — EMEA 2025-04,Outbound Sequence,Outbound Sequence,48,C,false,false,0,Converted,2026-03-10,2026-03-28,2026-04-22,true,true,true,,2,3,U-017,U-006,ACC-1062,OPP-20239
LEAD-11259,2026-06-05,Quanta Capital,Salesforce Admin,Salesforce Administrator,Spain,EMEA,Paid Social,Inbound Marketing,CMP-009,Salesforce Event Follow-up — AMER 2026-01,Paid Social,Paid Social,48,C,false,false,0,Nurture,2026-06-10,,,true,false,false,,3,10,U-022,,,
LEAD-11260,2025-10-24,Sable Logistics,Procurement / Finance,Procurement Manager,Mexico,AMER,Conference,Inbound Marketing,CMP-035,Dashboard Makeover Challenge — EMEA 2026-05,Conference,SI Partner Referral,81,A,false,false,0,MQL,2025-10-30,,,true,false,false,,0,9,U-027,,,
LEAD-11261,2025-06-16,Harbor Consulting,Salesforce Admin,Salesforce Administrator,United States,AMER,Outbound Sequence,Outbound,CMP-041,Reports-to-CRMA Migration — AMER 2025-04,Outbound Sequence,Outbound Sequence,24,D,false,false,0,New,,,,false,false,false,,4,9,U-017,,,
LEAD-11262,2026-04-11,Cinder Motors,L&D / Enablement Manager,People Development Lead,Singapore,APAC,Paid Search,Inbound Marketing,CMP-003,Free Course Launch — EMEA 2025-12,Paid Search,Paid Search,69,B,false,false,0,Nurture,2026-04-17,,,true,false,false,,0,11,U-018,,,
LEAD-11263,2026-02-19,Sable Telecom,Analytics Lead,BI Lead,Mexico,AMER,Organic Search,Product,CMP-016,Dashboard Makeover Challenge — AMER 2026-04,Organic Search,Organic Search,95,A,true,true,13,Converted,2026-02-24,2026-03-04,2026-03-25,true,true,true,,,0,,U-004,ACC-1062,OPP-20240
LEAD-11264,2025-09-29,Wexler Pharma,Individual Learner,Junior Consultant,India,APAC,Outbound Sequence,Outbound,CMP-041,Reports-to-CRMA Migration — AMER 2025-04,Outbound Sequence,Outbound Sequence,40,C,false,false,0,Disqualified,,,,false,false,false,Went silent,1,2,U-026,,,
LEAD-11265,2025-06-04,Kestrel Systems,Analytics Lead,RevOps Manager,Brazil,AMER,SI Partner Referral,Partner / Referral,CMP-042,Certification Season — AMER 2025-04,SI Partner Referral,SI Partner Referral,76,A,false,false,0,Converted,2025-06-10,2025-06-28,2025-07-29,true,true,true,,1,5,U-021,U-004,ACC-1022,OPP-20241
LEAD-11266,2025-11-03,Juniper Care,L&D / Enablement Manager,Head of Enablement,Japan,APAC,Outbound Sequence,Outbound,CMP-041,Reports-to-CRMA Migration — AMER 2025-04,Outbound Sequence,Webinar,82,A,true,true,98,SQL,2025-11-18,2025-11-20,,true,true,false,,1,5,U-025,U-011,,
LEAD-11267,2026-05-02,Ember Pharma,Salesforce Admin,Platform Owner,Mexico,AMER,Organic Search,Product,CMP-016,Dashboard Makeover Challenge — AMER 2026-04,Organic Search,Organic Search,100,A,true,true,24,Converted,2026-05-13,2026-05-16,2026-05-23,true,true,true,,,2,,U-001,ACC-1050,OPP-20242
LEAD-11268,2025-04-27,Onyx Telecom,Procurement / Finance,Procurement Manager,Germany,EMEA,Outbound Sequence,Outbound,CMP-041,Reports-to-CRMA Migration — AMER 2025-04,Outbound Sequence,Outbound Sequence,40,C,false,true,0,Working,,,,false,false,false,,1,3,U-025,,,
LEAD-11269,2026-08-06,Rivet Partners,Analytics Lead,BI Lead,Canada,AMER,Free Course,Inbound Marketing,CMP-027,Q3 Pipeline Push — APAC 2025-05,Free Course,Free Course,68,B,false,false,0,MQL,2026-08-19,,,true,false,false,,1,1,U-016,,,
LEAD-11270,2025-11-23,Tundra Media,Individual Learner,Career Switcher,Netherlands,EMEA,Paid Search,Inbound Marketing,CMP-003,Free Course Launch — EMEA 2025-12,Paid Search,Webinar,53,B,false,false,0,SQL,2025-12-03,2025-12-25,,true,true,false,,1,10,U-026,U-001,,
LEAD-11271,2025-11-22,Dovetail Digital,L&D / Enablement Manager,Head of Enablement,United States,AMER,Free Course,Product,CMP-027,Q3 Pipeline Push — APAC 2025-05,Free Course,Organic Search,96,A,true,false,95,MQL,2025-12-04,,,true,false,false,,,2,,,,
LEAD-11272,2026-04-19,Solstice Foods,Analytics Lead,RevOps Manager,Mexico,AMER,Conference,Inbound Marketing,CMP-036,Einstein Discovery Workshop — AMER 2026-04,Conference,Conference,47,C,false,false,0,Converted,2026-04-27,2026-05-22,2026-06-06,true,true,true,,3,10,U-023,U-005,ACC-1019,OPP-20243
LEAD-11273,2026-03-30,Halcyon Capital,Salesforce Admin,Senior Salesforce Admin,Brazil,AMER,AI Assistant Referral,Inbound Marketing,CMP-022,Dashboard Makeover Challenge — AMER 2025-10,AI Assistant Referral,Webinar,55,B,false,true,0,Converted,2026-04-04,2026-04-26,2026-05-05,true,true,true,,1,1,U-015,U-007,ACC-1057,OPP-20244
LEAD-11274,2026-01-01,Meridian Pharma,L&D / Enablement Manager,People Development Lead,United Kingdom,EMEA,Salesforce Community,Inbound Marketing,CMP-030,SAQL Masterclass — AMER 2025-08,Salesforce Community,Paid Social,76,A,false,false,0,Working,,,,false,false,false,,2,11,U-026,,,
LEAD-11275,2026-02-27,Pallas Pharma,Individual Learner,Data Analyst,Canada,AMER,AI Assistant Referral,Product,CMP-019,Reports-to-CRMA Migration — APAC 2026-02,AI Assistant Referral,Paid Social,56,B,true,false,76,Working,,,,false,false,false,,,2,,,,
LEAD-11276,2026-07-29,Solstice Foods,Individual Learner,Business Analyst,Netherlands,EMEA,Outbound Sequence,Outbound,CMP-038,Certification Season — AMER 2025-04,Outbound Sequence,AI Assistant Referral,38,C,false,true,0,New,,,,false,false,false,,1,8,U-022,,,
LEAD-11277,2026-04-18,Juniper Motors,Salesforce Admin,Senior Salesforce Admin,Mexico,AMER,Conference,Inbound Marketing,CMP-036,Einstein Discovery Workshop — AMER 2026-04,Conference,Conference,46,C,false,false,0,MQL,2026-04-24,,,true,false,false,,0,8,U-019,,,
LEAD-11278,2026-03-31,Foundry Capital,Salesforce Admin,Salesforce Administrator,Mexico,AMER,Paid Social,Inbound Marketing,CMP-008,Admin to Analyst Path — EMEA 2026-02,Paid Social,Paid Social,39,C,false,false,0,Working,,,,false,false,false,,3,10,U-019,,,
LEAD-11279,2025-12-01,Zephyr Bank,Individual Learner,Data Analyst,Mexico,AMER,Paid Search,Inbound Marketing,CMP-001,Salesforce Event Follow-up — AMER 2026-02,Paid Search,AI Assistant Referral,63,B,false,false,0,New,,,,false,false,false,,3,3,U-026,,,
LEAD-11280,2026-01-14,Quanta Motors,Individual Learner,Data Analyst,United Kingdom,EMEA,Paid Search,Inbound Marketing,CMP-005,Certification Season — AMER 2025-12,Paid Search,AI Assistant Referral,35,C,false,false,0,Working,,,,false,false,false,,2,9,U-016,,,
LEAD-11281,2026-09-15,Aster Consulting,Salesforce Admin,Platform Owner,Germany,EMEA,Conference,Inbound Marketing,CMP-035,Dashboard Makeover Challenge — EMEA 2026-05,Conference,Conference,75,A,false,false,0,MQL,2026-10-04,,,true,false,false,,3,6,U-018,,,
LEAD-11282,2026-06-07,Pallas Care,Procurement / Finance,Head of Vendor Management,India,APAC,Outbound Sequence,Outbound,CMP-041,Reports-to-CRMA Migration — AMER 2025-04,Outbound Sequence,Free Course,51,B,false,false,0,MQL,2026-06-21,,,true,false,false,,4,3,U-025,,,
LEAD-11283,2025-10-19,Quanta Retail,Procurement / Finance,CFO,Colombia,LATAM,SI Partner Referral,Partner / Referral,CMP-042,Certification Season — AMER 2025-04,SI Partner Referral,SI Partner Referral,60,B,false,false,0,Disqualified,,,,false,false,false,Wrong geo,1,10,U-027,,,
LEAD-11284,2026-09-15,North Insurance,L&D / Enablement Manager,Training Director,Canada,AMER,Organic Search,Product,CMP-015,Reports-to-CRMA Migration — AMER 2025-11,Organic Search,Organic Search,100,A,true,false,17,SQL,2026-09-25,2026-10-02,,true,true,false,,,2,,U-002,,
LEAD-11285,2026-08-19,Harbor Consulting,Individual Learner,Business Analyst,Germany,EMEA,Paid Search,Product,CMP-003,Free Course Launch — EMEA 2025-12,Paid Search,Webinar,53,B,true,false,10,MQL,2026-08-19,,,true,false,false,,,1,,,,
LEAD-11286,2025-04-10,North Insurance,Procurement / Finance,CFO,United States,AMER,Webinar,Inbound Marketing,CMP-034,Salesforce Event Follow-up — EMEA 2026-03,Webinar,Webinar,44,C,false,false,0,MQL,2025-04-29,,,true,false,false,,4,5,U-024,,,
LEAD-11287,2025-09-03,Cobalt Logistics,L&D / Enablement Manager,Head of Enablement,Japan,APAC,Paid Search,Product,CMP-002,Reports-to-CRMA Migration — AMER 2025-08,Paid Search,Paid Search,100,A,true,true,44,Disqualified,,,,false,false,false,Free course is enough,,0,,,,
LEAD-11288,2026-07-14,Wexler Digital,Salesforce Admin,CRM Manager,Mexico,AMER,Outbound Sequence,Outbound,CMP-039,Reports-to-CRMA Migration — EMEA 2026-02,Outbound Sequence,Outbound Sequence,38,C,false,true,0,New,,,,false,false,false,,4,10,U-020,,,
LEAD-11289,2025-11-17,Lumen Pharma,Individual Learner,Business Analyst,Canada,AMER,Organic Search,Product,CMP-017,SAQL Masterclass — AMER 2026-05,Organic Search,Organic Search,64,B,true,true,80,New,,,,false,false,false,,,0,,,,
LEAD-11290,2026-04-17,Vantage Retail,L&D / Enablement Manager,People Development Lead,Argentina,LATAM,Paid Search,Product,CMP-005,Certification Season — AMER 2025-12,Paid Search,Paid Search,100,A,true,true,3,Nurture,2026-04-30,,,true,false,false,,,1,,,,
LEAD-11291,2025-10-23,Wexler Motors,Analytics Lead,Head of Analytics,Canada,AMER,Paid Search,Product,CMP-002,Reports-to-CRMA Migration — AMER 2025-08,Paid Search,Paid Search,80,A,true,false,64,MQL,2025-10-24,,,true,false,false,,,0,,,,
LEAD-11292,2025-08-31,Umbra Logistics,Procurement / Finance,Head of Vendor Management,France,EMEA,Webinar,Inbound Marketing,CMP-033,Admin to Analyst Path — EMEA 2026-07,Webinar,Webinar,65,B,false,false,0,Working,,,,false,false,false,,5,3,U-026,,,
LEAD-11293,2026-04-18,Foundry Media,Procurement / Finance,Head of Vendor Management,Mexico,AMER,Organic Search,Product,CMP-012,AI Search Visibility — AMER 2026-07,Organic Search,Salesforce Community,82,A,true,false,62,MQL,2026-04-29,,,true,false,false,,,1,,,,
LEAD-11294,2025-10-15,Foundry Health,Salesforce Admin,Senior Salesforce Admin,Japan,APAC,Conference,Inbound Marketing,CMP-035,Dashboard Makeover Challenge — EMEA 2026-05,Conference,Outbound Sequence,41,C,false,false,0,Disqualified,,,,false,false,false,Free course is enough,3,8,U-025,,,
LEAD-11295,2025-04-09,Cobalt Pharma,Salesforce Admin,Salesforce Administrator,Netherlands,EMEA,Salesforce Community,Inbound Marketing,CMP-031,Admin to Analyst Path — EMEA 2026-07,Salesforce Community,Conference,50,B,false,false,0,SQL,2025-04-14,2025-04-17,,true,true,false,,3,4,U-026,U-014,,
LEAD-11296,2026-05-27,Foundry Care,Individual Learner,Career Switcher,United States,AMER,Organic Search,Product,CMP-016,Dashboard Makeover Challenge — AMER 2026-04,Organic Search,Organic Search,61,B,true,true,64,Converted,2026-05-31,2026-06-22,2026-07-10,true,true,true,,,1,,U-013,ACC-1023,OPP-20245
LEAD-11297,2025-12-03,Kestrel Media,L&D / Enablement Manager,L&D Manager,UAE,EMEA,Paid Social,Inbound Marketing,CMP-010,Certification Season — LATAM 2025-06,Paid Social,Paid Social,49,C,false,false,0,Nurture,2025-12-21,,,true,false,false,,1,2,U-020,,,
LEAD-11298,2025-06-01,Lumen Works,Salesforce Admin,CRM Manager,Mexico,AMER,Organic Search,Inbound Marketing,CMP-017,SAQL Masterclass — AMER 2026-05,Organic Search,Organic Search,52,B,false,false,0,SQL,2025-06-01,2025-06-03,,true,true,false,,4,4,U-025,U-014,,
LEAD-11299,2026-08-09,Onyx Media,L&D / Enablement Manager,Head of Enablement,United Kingdom,EMEA,Organic Search,Product,CMP-011,Admin to Analyst Path — LATAM 2025-04,Organic Search,Organic Search,95,A,true,true,55,MQL,2026-08-13,,,true,false,false,,,0,,,,
LEAD-11300,2026-08-23,Ember Logistics,Procurement / Finance,CFO,United Kingdom,EMEA,Salesforce Community,Product,CMP-029,Classroom Batch Push — EMEA 2025-11,Salesforce Community,Salesforce Community,86,A,true,true,24,Nurture,2026-08-23,,,true,false,false,,,1,,,,
LEAD-11301,2026-06-29,Tundra Systems,Analytics Lead,RevOps Manager,Canada,AMER,Organic Search,Product,CMP-014,Einstein Discovery Workshop — APAC 2025-09,Organic Search,Organic Search,93,A,true,true,98,Disqualified,,,,false,false,false,Competitor,,2,,,,
LEAD-11302,2026-04-25,Dovetail Works,Individual Learner,Career Switcher,Spain,EMEA,Free Course,Product,CMP-026,Reports-to-CRMA Migration — AMER 2025-08,Free Course,Free Course,77,A,true,true,12,Nurture,2026-04-26,,,true,false,false,,,2,,,,
LEAD-11303,2025-10-30,Lattice Technologies,Individual Learner,Junior Consultant,France,EMEA,Organic Search,Product,CMP-013,Team Upskilling Offer — LATAM 2026-01,Organic Search,Organic Search,74,A,true,true,75,Converted,2025-11-20,2025-12-06,2025-12-11,true,true,true,,,0,,U-007,ACC-1091,OPP-20246
LEAD-11304,2025-08-15,Sable Energy,Salesforce Admin,CRM Manager,France,EMEA,Paid Search,Inbound Marketing,CMP-003,Free Course Launch — EMEA 2025-12,Paid Search,Paid Social,49,C,false,false,0,MQL,2025-09-02,,,true,false,false,,3,2,U-023,,,
LEAD-11305,2025-06-13,Cinder Logistics,Analytics Lead,Director of Sales Operations,UAE,EMEA,Free Course,Inbound Marketing,CMP-026,Reports-to-CRMA Migration — AMER 2025-08,Free Course,Free Course,69,B,false,false,0,SQL,2025-07-04,2025-07-26,,true,true,false,,1,6,U-025,U-003,,
LEAD-11306,2025-04-27,Vertex Motors,Salesforce Admin,Senior Salesforce Admin,Sweden,EMEA,Organic Search,Product,CMP-013,Team Upskilling Offer — LATAM 2026-01,Organic Search,Organic Search,91,A,true,true,97,Nurture,2025-05-07,,,true,false,false,,,2,,,,
LEAD-11307,2025-11-13,Aster Systems,Individual Learner,Junior Consultant,Canada,AMER,Paid Search,Product,CMP-003,Free Course Launch — EMEA 2025-12,Paid Search,Paid Search,80,A,true,true,99,Nurture,2025-12-04,,,true,false,false,,,1,,,,
LEAD-11308,2025-10-11,Kestrel Pharma,L&D / Enablement Manager,Training Director,Australia,APAC,Free Course,Inbound Marketing,CMP-026,Reports-to-CRMA Migration — AMER 2025-08,Free Course,Outbound Sequence,65,B,false,false,0,SQL,2025-10-20,2025-11-08,,true,true,false,,0,8,U-027,U-008,,
LEAD-11309,2025-04-28,Lumen Logistics,Analytics Lead,RevOps Manager,United Kingdom,EMEA,Customer Referral,Partner / Referral,CMP-045,Einstein Discovery Workshop — AMER 2025-09,Customer Referral,Customer Referral,63,B,false,false,0,Converted,2025-05-15,2025-05-30,2025-06-26,true,true,true,,3,10,U-025,U-008,ACC-1127,OPP-20247
LEAD-11310,2025-10-25,Orbital Works,Salesforce Admin,Platform Owner,India,APAC,Outbound Sequence,Outbound,CMP-037,Team Upskilling Offer — EMEA 2025-04,Outbound Sequence,Salesforce Community,43,C,false,true,0,Disqualified,,,,false,false,false,Went silent,4,6,U-020,,,
LEAD-11311,2025-07-14,Aster Motors,L&D / Enablement Manager,Training Director,United Kingdom,EMEA,Free Course,Product,CMP-026,Reports-to-CRMA Migration — AMER 2025-08,Free Course,Free Course,96,A,true,true,16,Disqualified,,,,false,false,false,No budget,,1,,,,
LEAD-11312,2025-10-29,Vertex Group,Analytics Lead,Director of Sales Operations,Chile,LATAM,Organic Search,Inbound Marketing,CMP-017,SAQL Masterclass — AMER 2026-05,Organic Search,Conference,100,A,false,false,0,Converted,2025-11-09,2025-11-10,2025-11-18,true,true,true,,5,10,U-017,U-011,ACC-1003,OPP-20248
LEAD-11313,2025-10-30,Cobalt Bank,Individual Learner,Business Analyst,Brazil,AMER,Paid Search,Inbound Marketing,CMP-002,Reports-to-CRMA Migration — AMER 2025-08,Paid Search,Paid Search,48,C,false,false,0,Converted,2025-11-20,2025-12-12,2026-01-12,true,true,true,,2,7,U-025,U-008,ACC-1112,OPP-20249
LEAD-11314,2026-06-09,Lumen Capital,Individual Learner,Junior Consultant,United States,AMER,Free Course,Product,CMP-026,Reports-to-CRMA Migration — AMER 2025-08,Free Course,Free Course,64,B,true,true,19,Converted,2026-06-20,2026-07-16,2026-07-23,true,true,true,,,1,,U-014,ACC-1093,OPP-20250
LEAD-11315,2026-07-12,Cinder Capital,Individual Learner,Career Switcher,France,EMEA,Conference,Inbound Marketing,CMP-035,Dashboard Makeover Challenge — EMEA 2026-05,Conference,Salesforce Community,38,C,false,false,0,Working,,,,false,false,false,,3,7,U-027,,,
LEAD-11316,2026-06-27,Wexler Bank,Individual Learner,Data Analyst,UAE,EMEA,Salesforce Community,Product,CMP-029,Classroom Batch Push — EMEA 2025-11,Salesforce Community,Salesforce Community,37,C,true,false,76,Working,,,,false,false,false,,,2,,,,
LEAD-11317,2025-04-02,Quanta Systems,Individual Learner,Data Analyst,Mexico,AMER,AI Assistant Referral,Inbound Marketing,CMP-019,Reports-to-CRMA Migration — APAC 2026-02,AI Assistant Referral,Webinar,44,C,false,false,0,New,,,,false,false,false,,1,2,U-025,,,
LEAD-11318,2025-09-19,Kestrel Systems,L&D / Enablement Manager,Training Director,Indonesia,APAC,Customer Referral,Partner / Referral,CMP-046,Certification Season — AMER 2026-03,Customer Referral,Free Course,62,B,false,false,0,MQL,2025-09-22,,,true,false,false,,2,6,U-024,,,
LEAD-11319,2026-04-29,Pallas Foods,Individual Learner,Data Analyst,Canada,AMER,Customer Referral,Partner / Referral,CMP-046,Certification Season — AMER 2026-03,Customer Referral,Conference,61,B,false,true,0,New,,,,false,false,false,,3,7,U-021,,,
LEAD-11320,2025-12-29,Kestrel Works,Individual Learner,Data Analyst,Germany,EMEA,AI Assistant Referral,Inbound Marketing,CMP-022,Dashboard Makeover Challenge — AMER 2025-10,AI Assistant Referral,AI Assistant Referral,38,C,false,false,0,SQL,2026-01-04,2026-01-22,,true,true,false,,1,11,U-025,U-010,,
LEAD-11321,2026-07-18,Ember Logistics,Analytics Lead,Director of Sales Operations,Brazil,AMER,AI Assistant Referral,Inbound Marketing,CMP-020,Dashboard Makeover Challenge — AMER 2025-12,AI Assistant Referral,AI Assistant Referral,81,A,false,false,0,Converted,2026-07-30,2026-08-14,2026-08-24,true,true,true,,1,4,U-026,U-012,ACC-1103,OPP-20251
LEAD-11322,2025-10-13,Lumen Group,Salesforce Admin,Platform Owner,Brazil,AMER,Organic Search,Product,CMP-011,Admin to Analyst Path — LATAM 2025-04,Organic Search,Salesforce Community,62,B,true,false,68,Converted,2025-10-15,2025-11-09,2025-11-16,true,true,true,,,0,,U-007,ACC-1115,OPP-20252
LEAD-11323,2025-06-11,Cinder Care,Salesforce Admin,Salesforce Administrator,Japan,APAC,Free Course,Inbound Marketing,CMP-023,Dashboard Makeover Challenge — AMER 2025-06,Free Course,Free Course,37,C,false,false,0,Working,,,,false,false,false,,0,5,U-026,,,
LEAD-11324,2025-06-13,Vantage Motors,L&D / Enablement Manager,L&D Manager,Canada,AMER,Organic Search,Product,CMP-015,Reports-to-CRMA Migration — AMER 2025-11,Organic Search,Organic Search,79,A,true,true,23,Disqualified,,,,false,false,false,No Salesforce org,,2,,,,
LEAD-11325,2026-07-11,Vantage Telecom,Individual Learner,Data Analyst,Chile,LATAM,Paid Social,Inbound Marketing,CMP-008,Admin to Analyst Path — EMEA 2026-02,Paid Social,Paid Social,39,C,false,false,0,Working,,,,false,false,false,,0,7,U-026,,,
LEAD-11326,2026-08-15,Solstice Bank,Procurement / Finance,CFO,Sweden,EMEA,SI Partner Referral,Partner / Referral,CMP-043,SAQL Masterclass — APAC 2026-01,SI Partner Referral,Free Course,76,A,false,false,0,New,,,,false,false,false,,0,5,U-015,,,
LEAD-11327,2025-04-17,North Media,Individual Learner,Career Switcher,India,APAC,Salesforce Community,Inbound Marketing,CMP-029,Classroom Batch Push — EMEA 2025-11,Salesforce Community,Salesforce Community,49,C,false,false,0,Nurture,2025-04-30,,,true,false,false,,2,9,U-017,,,
LEAD-11328,2026-04-09,Solstice Media,Procurement / Finance,Head of Vendor Management,Mexico,AMER,Conference,Inbound Marketing,CMP-035,Dashboard Makeover Challenge — EMEA 2026-05,Conference,Conference,59,B,false,false,0,SQL,2026-04-09,2026-04-27,,true,true,false,,1,8,U-020,U-011,,
LEAD-11329,2026-04-13,Orbital Insurance,Individual Learner,Data Analyst,United Kingdom,EMEA,Organic Search,Inbound Marketing,CMP-015,Reports-to-CRMA Migration — AMER 2025-11,Organic Search,Free Course,43,C,false,false,0,Disqualified,,,,false,false,false,Wrong geo,2,3,U-022,,,
LEAD-11330,2025-05-29,Vertex Care,Individual Learner,Junior Consultant,India,APAC,Organic Search,Product,CMP-018,Free Course Launch — AMER 2025-11,Organic Search,Organic Search,50,B,true,true,17,Converted,2025-06-01,2025-06-26,2025-07-13,true,true,true,,,2,,U-004,ACC-1033,OPP-20253
LEAD-11331,2025-11-04,Lattice Works,Individual Learner,Career Switcher,Mexico,AMER,Free Course,Product,CMP-025,Certification Season — EMEA 2025-09,Free Course,Outbound Sequence,86,A,true,false,41,MQL,2025-11-24,,,true,false,false,,,1,,,,
LEAD-11332,2025-05-02,Lumen Logistics,L&D / Enablement Manager,People Development Lead,Mexico,AMER,Salesforce Community,Product,CMP-031,Admin to Analyst Path — EMEA 2026-07,Salesforce Community,Salesforce Community,75,A,true,true,77,Converted,2025-05-18,2025-06-04,2025-06-18,true,true,true,,,1,,U-010,ACC-1028,OPP-20254
LEAD-11333,2025-09-03,Meridian Care,Salesforce Admin,Platform Owner,Canada,AMER,Outbound Sequence,Outbound,CMP-041,Reports-to-CRMA Migration — AMER 2025-04,Outbound Sequence,Outbound Sequence,32,C,false,false,0,New,,,,false,false,false,,0,6,U-016,,,
LEAD-11334,2025-08-31,Foundry Pharma,L&D / Enablement Manager,L&D Manager,United Kingdom,EMEA,Paid Search,Inbound Marketing,CMP-003,Free Course Launch — EMEA 2025-12,Paid Search,Paid Search,90,A,false,false,0,Working,,,,false,false,false,,2,5,U-027,,,
LEAD-11335,2026-06-11,Cinder Bank,Individual Learner,Career Switcher,Netherlands,EMEA,Salesforce Community,Product,CMP-030,SAQL Masterclass — AMER 2025-08,Salesforce Community,Salesforce Community,50,B,true,true,76,New,,,,false,false,false,,,0,,,,
LEAD-11336,2025-12-25,Lumen Foods,Procurement / Finance,Finance Director,Brazil,AMER,Paid Search,Inbound Marketing,CMP-002,Reports-to-CRMA Migration — AMER 2025-08,Paid Search,Webinar,97,A,false,true,0,Working,,,,false,false,false,,1,3,U-015,,,
LEAD-11337,2026-04-03,Kestrel Foods,Salesforce Admin,CRM Manager,Singapore,APAC,Customer Referral,Partner / Referral,CMP-046,Certification Season — AMER 2026-03,Customer Referral,Customer Referral,65,B,false,false,0,Converted,2026-04-20,2026-05-02,2026-05-18,true,true,true,,5,2,U-027,U-013,ACC-1027,OPP-20255
LEAD-11338,2025-09-05,Pallas Logistics,Individual Learner,Business Analyst,United States,AMER,Paid Social,Product,CMP-008,Admin to Analyst Path — EMEA 2026-02,Paid Social,Paid Social,39,C,true,false,80,Working,,,,false,false,false,,,0,,,,
LEAD-11339,2025-07-22,Umbra Motors,Salesforce Admin,Platform Owner,Mexico,AMER,Outbound Sequence,Outbound,CMP-038,Certification Season — AMER 2025-04,Outbound Sequence,Conference,36,C,false,false,0,New,,,,false,false,false,,4,10,U-025,,,
LEAD-11340,2025-04-16,Solstice Retail,Individual Learner,Data Analyst,United States,AMER,AI Assistant Referral,Inbound Marketing,CMP-020,Dashboard Makeover Challenge — AMER 2025-12,AI Assistant Referral,AI Assistant Referral,55,B,false,false,0,SQL,2025-04-29,2025-04-30,,true,true,false,,3,3,U-023,U-005,,
LEAD-11341,2025-11-16,Umbra Foods,Individual Learner,Data Analyst,France,EMEA,Paid Social,Product,CMP-008,Admin to Analyst Path — EMEA 2026-02,Paid Social,Paid Social,40,C,true,true,5,MQL,2025-11-26,,,true,false,false,,,2,,,,
LEAD-11342,2025-05-31,Halcyon Pharma,Procurement / Finance,CFO,Canada,AMER,Organic Search,Inbound Marketing,CMP-011,Admin to Analyst Path — LATAM 2025-04,Organic Search,Organic Search,66,B,false,true,0,Disqualified,,,,false,false,false,No Salesforce org,4,2,U-023,,,
LEAD-11343,2025-08-29,Lumen Foods,Individual Learner,Junior Consultant,Sweden,EMEA,AI Assistant Referral,Inbound Marketing,CMP-022,Dashboard Makeover Challenge — AMER 2025-10,AI Assistant Referral,AI Assistant Referral,67,B,false,false,0,MQL,2025-09-10,,,true,false,false,,2,7,U-022,,,
LEAD-11344,2026-08-03,Rivet Pharma,Salesforce Admin,Platform Owner,Sweden,EMEA,SI Partner Referral,Partner / Referral,CMP-044,Reports-to-CRMA Migration — AMER 2025-06,SI Partner Referral,SI Partner Referral,84,A,false,true,0,SQL,2026-08-11,2026-08-19,,true,true,false,,1,10,U-017,U-012,,
LEAD-11345,2026-01-09,Foundry Bank,Procurement / Finance,Procurement Manager,United States,AMER,Paid Search,Inbound Marketing,CMP-004,Q3 Pipeline Push — AMER 2025-11,Paid Search,Paid Search,43,C,false,false,0,SQL,2026-01-14,2026-01-26,,true,true,false,,1,1,U-022,U-012,,
LEAD-11346,2026-06-18,Beacon Digital,Individual Learner,Business Analyst,Brazil,AMER,AI Assistant Referral,Product,CMP-019,Reports-to-CRMA Migration — APAC 2026-02,AI Assistant Referral,Paid Search,62,B,true,true,88,MQL,2026-06-23,,,true,false,false,,,0,,,,
LEAD-11347,2026-04-07,Quanta Technologies,L&D / Enablement Manager,People Development Lead,Canada,AMER,Outbound Sequence,Outbound,CMP-037,Team Upskilling Offer — EMEA 2025-04,Outbound Sequence,Outbound Sequence,46,C,false,false,0,MQL,2026-04-20,,,true,false,false,,2,1,U-021,,,
LEAD-11348,2025-04-21,Foundry Consulting,L&D / Enablement Manager,Training Director,Spain,EMEA,Paid Search,Inbound Marketing,CMP-005,Certification Season — AMER 2025-12,Paid Search,Paid Search,81,A,false,false,0,New,,,,false,false,false,,1,4,U-018,,,
LEAD-11349,2026-01-03,Harbor Motors,Procurement / Finance,Finance Director,Canada,AMER,Outbound Sequence,Outbound,CMP-039,Reports-to-CRMA Migration — EMEA 2026-02,Outbound Sequence,Webinar,50,B,false,false,0,MQL,2026-01-03,,,true,false,false,,4,4,U-015,,,
LEAD-11350,2026-03-31,Cinder Capital,Salesforce Admin,Salesforce Administrator,Canada,AMER,Webinar,Inbound Marketing,CMP-032,Salesforce Event Follow-up — AMER 2025-12,Webinar,Outbound Sequence,39,C,false,false,0,Disqualified,,,,false,false,false,Wrong geo,1,9,U-018,,,
LEAD-11351,2025-11-10,North Group,Individual Learner,Business Analyst,Spain,EMEA,Salesforce Community,Product,CMP-031,Admin to Analyst Path — EMEA 2026-07,Salesforce Community,Outbound Sequence,61,B,true,false,35,Converted,2025-11-24,2025-12-19,2026-01-22,true,true,true,,,2,,U-006,ACC-1112,OPP-20256
LEAD-11352,2025-07-16,Sable Consulting,Analytics Lead,Director of Sales Operations,United States,AMER,Free Course,Product,CMP-026,Reports-to-CRMA Migration — AMER 2025-08,Free Course,Free Course,69,B,true,true,14,Nurture,2025-07-25,,,true,false,false,,,2,,,,
LEAD-11353,2025-06-11,Wexler Technologies,Salesforce Admin,Salesforce Administrator,Singapore,APAC,Conference,Inbound Marketing,CMP-036,Einstein Discovery Workshop — AMER 2026-04,Conference,Conference,42,C,false,false,0,Disqualified,,,,false,false,false,Competitor,0,3,U-022,,,
LEAD-11354,2025-12-24,Vertex Digital,Individual Learner,Career Switcher,Spain,EMEA,Organic Search,Inbound Marketing,CMP-015,Reports-to-CRMA Migration — AMER 2025-11,Organic Search,Salesforce Community,57,B,false,false,0,New,,,,false,false,false,,2,5,U-015,,,
LEAD-11355,2025-11-06,Foundry Insurance,Procurement / Finance,Procurement Manager,Japan,APAC,Outbound Sequence,Outbound,CMP-037,Team Upskilling Offer — EMEA 2025-04,Outbound Sequence,Outbound Sequence,49,C,false,false,0,MQL,2025-11-15,,,true,false,false,,1,9,U-024,,,
LEAD-11356,2026-07-11,Vertex Energy,Salesforce Admin,CRM Manager,UAE,EMEA,Organic Search,Product,CMP-018,Free Course Launch — AMER 2025-11,Organic Search,Organic Search,100,A,true,true,6,New,,,,false,false,false,,,0,,,,
LEAD-11357,2025-09-25,Kestrel Capital,L&D / Enablement Manager,People Development Lead,Canada,AMER,AI Assistant Referral,Product,CMP-022,Dashboard Makeover Challenge — AMER 2025-10,AI Assistant Referral,AI Assistant Referral,92,A,true,false,59,New,,,,false,false,false,,,2,,,,
LEAD-11358,2025-05-05,Rivet Partners,Individual Learner,Data Analyst,Brazil,AMER,Outbound Sequence,Outbound,CMP-038,Certification Season — AMER 2025-04,Outbound Sequence,Outbound Sequence,34,C,false,false,0,New,,,,false,false,false,,2,2,U-019,,,
LEAD-11359,2025-12-25,Cinder Telecom,Individual Learner,Data Analyst,Brazil,AMER,Paid Social,Product,CMP-008,Admin to Analyst Path — EMEA 2026-02,Paid Social,Paid Social,56,B,true,true,84,MQL,2025-12-30,,,true,false,false,,,1,,,,
LEAD-11360,2025-09-11,Wexler Technologies,Individual Learner,Data Analyst,Singapore,APAC,Free Course,Product,CMP-026,Reports-to-CRMA Migration — AMER 2025-08,Free Course,Free Course,70,A,true,false,84,MQL,2025-09-25,,,true,false,false,,,2,,,,
LEAD-11361,2026-03-25,Vertex Technologies,L&D / Enablement Manager,Training Director,Mexico,AMER,Conference,Inbound Marketing,CMP-035,Dashboard Makeover Challenge — EMEA 2026-05,Conference,Paid Search,61,B,false,false,0,Converted,2026-04-02,2026-04-28,2026-05-20,true,true,true,,3,4,U-018,U-012,ACC-1072,OPP-20257
LEAD-11362,2025-06-26,Pallas Capital,Procurement / Finance,Head of Vendor Management,Chile,LATAM,AI Assistant Referral,Inbound Marketing,CMP-019,Reports-to-CRMA Migration — APAC 2026-02,AI Assistant Referral,AI Assistant Referral,78,A,false,false,0,Converted,2025-06-27,2025-07-22,2025-07-26,true,true,true,,4,9,U-020,U-004,ACC-1088,OPP-20258
LEAD-11363,2025-04-26,Juniper Systems,Individual Learner,Data Analyst,United States,AMER,Organic Search,Product,CMP-017,SAQL Masterclass — AMER 2026-05,Organic Search,Organic Search,66,B,true,false,8,SQL,2025-05-12,2025-05-23,,true,true,false,,,2,,U-012,,
LEAD-11364,2025-10-19,Foundry Logistics,Procurement / Finance,Procurement Manager,Australia,APAC,Organic Search,Inbound Marketing,CMP-018,Free Course Launch — AMER 2025-11,Organic Search,Organic Search,71,A,false,true,0,Converted,2025-10-28,2025-11-18,2025-12-12,true,true,true,,4,10,U-022,U-011,ACC-1093,OPP-20259
LEAD-11365,2025-08-13,Sable Energy,Individual Learner,Business Analyst,Brazil,AMER,Free Course,Product,CMP-024,Team Upskilling Offer — AMER 2025-05,Free Course,Free Course,63,B,true,true,96,MQL,2025-08-15,,,true,false,false,,,0,,,,
LEAD-11366,2025-05-16,Zephyr Partners,L&D / Enablement Manager,Training Director,United States,AMER,Paid Search,Inbound Marketing,CMP-001,Salesforce Event Follow-up — AMER 2026-02,Paid Search,Outbound Sequence,65,B,false,false,0,MQL,2025-05-30,,,true,false,false,,2,3,U-022,,,
LEAD-11367,2025-12-26,Lumen Pharma,Analytics Lead,Director of Sales Operations,Brazil,AMER,Salesforce Community,Product,CMP-030,SAQL Masterclass — AMER 2025-08,Salesforce Community,Paid Search,68,B,true,true,0,MQL,2025-12-29,,,true,false,false,,,0,,,,
LEAD-11368,2025-07-01,Umbra Works,Analytics Lead,Director of Sales Operations,Singapore,APAC,Conference,Inbound Marketing,CMP-035,Dashboard Makeover Challenge — EMEA 2026-05,Conference,Conference,58,B,false,false,0,MQL,2025-07-19,,,true,false,false,,1,8,U-023,,,
LEAD-11369,2026-07-12,Onyx Insurance,Individual Learner,Data Analyst,Singapore,APAC,Outbound Sequence,Outbound,CMP-037,Team Upskilling Offer — EMEA 2025-04,Outbound Sequence,Outbound Sequence,24,D,false,false,0,Working,,,,false,false,false,,3,4,U-021,,,
LEAD-11370,2026-03-16,Aster Energy,Salesforce Admin,Platform Owner,Brazil,AMER,Webinar,Inbound Marketing,CMP-032,Salesforce Event Follow-up — AMER 2025-12,Webinar,Webinar,50,B,false,false,0,SQL,2026-03-17,2026-03-23,,true,true,false,,2,1,U-021,U-004,,
LEAD-11371,2025-11-22,Wexler Health,L&D / Enablement Manager,People Development Lead,Indonesia,APAC,Webinar,Inbound Marketing,CMP-034,Salesforce Event Follow-up — EMEA 2026-03,Webinar,Webinar,51,B,false,false,0,MQL,2025-11-26,,,true,false,false,,5,7,U-020,,,
LEAD-11372,2025-06-28,Dovetail Systems,Analytics Lead,RevOps Manager,Brazil,AMER,Organic Search,Product,CMP-016,Dashboard Makeover Challenge — AMER 2026-04,Organic Search,Organic Search,91,A,true,true,59,MQL,2025-07-12,,,true,false,false,,,2,,,,
LEAD-11373,2026-01-08,Aster Capital,Analytics Lead,BI Lead,Spain,EMEA,Paid Search,Product,CMP-001,Salesforce Event Follow-up — AMER 2026-02,Paid Search,Organic Search,66,B,true,true,90,Converted,2026-01-26,2026-02-13,2026-03-10,true,true,true,,,0,,U-002,ACC-1128,OPP-20260
LEAD-11374,2025-09-12,Wexler Partners,Analytics Lead,RevOps Manager,Mexico,AMER,Organic Search,Product,CMP-014,Einstein Discovery Workshop — APAC 2025-09,Organic Search,Organic Search,78,A,true,false,11,Working,,,,false,false,false,,,0,,,,
LEAD-11375,2026-08-26,Solstice Pharma,Salesforce Admin,Platform Owner,Mexico,AMER,Paid Search,Inbound Marketing,CMP-002,Reports-to-CRMA Migration — AMER 2025-08,Paid Search,Paid Social,61,B,false,false,0,SQL,2026-09-15,2026-10-09,,true,true,false,,4,9,U-021,U-013,,
LEAD-11376,2025-08-30,Kestrel Energy,L&D / Enablement Manager,Head of Enablement,France,EMEA,Paid Search,Inbound Marketing,CMP-006,AI Search Visibility — AMER 2026-02,Paid Search,Paid Search,61,B,false,false,0,MQL,2025-09-05,,,true,false,false,,0,1,U-018,,,
LEAD-11377,2025-12-26,Vantage Logistics,Individual Learner,Junior Consultant,Canada,AMER,Customer Referral,Partner / Referral,CMP-045,Einstein Discovery Workshop — AMER 2025-09,Customer Referral,Customer Referral,58,B,true,true,27,SQL,2026-01-03,2026-01-04,,true,true,false,,,0,,U-007,,
LEAD-11378,2025-10-08,Aster Retail,Procurement / Finance,Finance Director,Chile,LATAM,Paid Social,Product,CMP-010,Certification Season — LATAM 2025-06,Paid Social,Paid Social,79,A,true,true,60,Nurture,2025-10-22,,,true,false,false,,,2,,,,
LEAD-11379,2026-06-06,Kestrel Logistics,Procurement / Finance,Procurement Manager,Mexico,AMER,Outbound Sequence,Outbound,CMP-041,Reports-to-CRMA Migration — AMER 2025-04,Outbound Sequence,Outbound Sequence,72,A,false,false,0,SQL,2026-06-11,2026-07-04,,true,true,false,,4,9,U-025,U-014,,
LEAD-11380,2025-05-15,Sable Capital,Individual Learner,Career Switcher,Japan,APAC,Organic Search,Inbound Marketing,CMP-016,Dashboard Makeover Challenge — AMER 2026-04,Organic Search,Organic Search,44,C,false,false,0,Working,,,,false,false,false,,5,9,U-025,,,
LEAD-11381,2025-10-24,Lumen Group,L&D / Enablement Manager,Head of Enablement,Canada,AMER,Paid Search,Product,CMP-005,Certification Season — AMER 2025-12,Paid Search,Free Course,91,A,true,true,20,MQL,2025-11-05,,,true,false,false,,,1,,,,
LEAD-11382,2025-07-01,Cinder Insurance,Individual Learner,Data Analyst,United States,AMER,Free Course,Product,CMP-027,Q3 Pipeline Push — APAC 2025-05,Free Course,Customer Referral,72,A,true,true,36,Converted,2025-07-10,2025-07-14,2025-08-01,true,true,true,,,0,,U-013,ACC-1094,OPP-20261
LEAD-11383,2026-05-01,Cobalt Motors,Individual Learner,Data Analyst,Mexico,AMER,Free Course,Product,CMP-028,Certification Season — AMER 2025-11,Free Course,Free Course,78,A,true,true,0,MQL,2026-05-16,,,true,false,false,,,1,,,,
LEAD-11384,2026-08-02,Tundra Media,Salesforce Admin,Salesforce Administrator,United States,AMER,Outbound Sequence,Outbound,CMP-041,Reports-to-CRMA Migration — AMER 2025-04,Outbound Sequence,Outbound Sequence,44,C,false,false,0,Working,,,,false,false,false,,4,5,U-018,,,
LEAD-11385,2026-03-22,Foundry Foods,Analytics Lead,Head of Analytics,Canada,AMER,Paid Social,Product,CMP-009,Salesforce Event Follow-up — AMER 2026-01,Paid Social,Paid Social,48,C,true,true,19,Working,,,,false,false,false,,,1,,,,
LEAD-11386,2026-01-27,Quanta Care,Procurement / Finance,Finance Director,United Kingdom,EMEA,Organic Search,Product,CMP-011,Admin to Analyst Path — LATAM 2025-04,Organic Search,Organic Search,81,A,true,false,55,SQL,2026-02-14,2026-02-16,,true,true,false,,,2,,U-002,,
LEAD-11387,2026-09-04,Lattice Care,Individual Learner,Career Switcher,Japan,APAC,Paid Search,Inbound Marketing,CMP-006,AI Search Visibility — AMER 2026-02,Paid Search,Paid Search,42,C,false,false,0,Disqualified,,,,false,false,false,No budget,3,4,U-015,,,
LEAD-11388,2026-07-12,Orbital Capital,L&D / Enablement Manager,Head of Enablement,Canada,AMER,Webinar,Inbound Marketing,CMP-033,Admin to Analyst Path — EMEA 2026-07,Webinar,AI Assistant Referral,43,C,false,false,0,MQL,2026-07-22,,,true,false,false,,5,11,U-027,,,
LEAD-11389,2026-08-15,Tundra Consulting,Individual Learner,Junior Consultant,United Kingdom,EMEA,Conference,Product,CMP-036,Einstein Discovery Workshop — AMER 2026-04,Conference,Conference,67,B,true,true,8,New,,,,false,false,false,,,0,,,,
LEAD-11390,2026-03-14,Foundry Technologies,Individual Learner,Career Switcher,Mexico,AMER,Outbound Sequence,Outbound,CMP-038,Certification Season — AMER 2025-04,Outbound Sequence,Outbound Sequence,1,D,false,false,0,Working,,,,false,false,false,,0,10,U-024,,,
LEAD-11391,2026-02-03,Wexler Motors,Analytics Lead,Director of Sales Operations,United States,AMER,Salesforce Community,Product,CMP-029,Classroom Batch Push — EMEA 2025-11,Salesforce Community,Salesforce Community,57,B,true,false,95,Converted,2026-02-05,2026-02-18,2026-03-22,true,true,true,,,0,,U-010,ACC-1110,OPP-20262
LEAD-11392,2025-11-28,Vertex Motors,Individual Learner,Career Switcher,Netherlands,EMEA,Paid Search,Inbound Marketing,CMP-006,AI Search Visibility — AMER 2026-02,Paid Search,Paid Search,37,C,false,false,0,New,,,,false,false,false,,2,3,U-018,,,
LEAD-11393,2026-02-09,Halcyon Insurance,Individual Learner,Career Switcher,UAE,EMEA,Paid Social,Inbound Marketing,CMP-008,Admin to Analyst Path — EMEA 2026-02,Paid Social,Paid Social,29,D,false,false,0,MQL,2026-03-01,,,true,false,false,,0,3,U-023,,,
LEAD-11394,2026-03-15,Rivet Digital,Individual Learner,Junior Consultant,Spain,EMEA,Outbound Sequence,Outbound,CMP-041,Reports-to-CRMA Migration — AMER 2025-04,Outbound Sequence,Customer Referral,12,D,false,false,0,Working,,,,false,false,false,,4,2,U-015,,,
LEAD-11395,2025-07-11,Aster Telecom,Individual Learner,Business Analyst,Canada,AMER,Free Course,Product,CMP-023,Dashboard Makeover Challenge — AMER 2025-06,Free Course,Free Course,44,C,true,false,97,Converted,2025-07-11,2025-07-22,2025-08-01,true,true,true,,,2,,U-003,ACC-1096,OPP-20263
LEAD-11396,2025-04-19,Wexler Works,Individual Learner,Junior Consultant,Canada,AMER,Paid Search,Inbound Marketing,CMP-002,Reports-to-CRMA Migration — AMER 2025-08,Paid Search,Paid Search,48,C,false,false,0,MQL,2025-04-19,,,true,false,false,,1,7,U-017,,,
LEAD-11397,2026-03-14,Vantage Technologies,L&D / Enablement Manager,Head of Enablement,Netherlands,EMEA,Outbound Sequence,Outbound,CMP-040,AI Search Visibility — AMER 2026-05,Outbound Sequence,AI Assistant Referral,38,C,false,false,0,Disqualified,,,,false,false,false,No Salesforce org,3,9,U-024,,,
LEAD-11398,2026-01-12,Orbital Pharma,Individual Learner,Junior Consultant,Brazil,AMER,Outbound Sequence,Outbound,CMP-038,Certification Season — AMER 2025-04,Outbound Sequence,Paid Social,29,D,false,false,0,Disqualified,,,,false,false,false,No Salesforce org,0,5,U-018,,,
LEAD-11399,2025-04-29,Vertex Retail,Analytics Lead,BI Lead,United Kingdom,EMEA,Paid Search,Inbound Marketing,CMP-003,Free Course Launch — EMEA 2025-12,Paid Search,Paid Search,56,B,false,false,0,Disqualified,,,,false,false,false,Student — free course only,4,10,U-024,,,
LEAD-11400,2026-07-19,Halcyon Digital,Salesforce Admin,Salesforce Administrator,Colombia,LATAM,Organic Search,Product,CMP-016,Dashboard Makeover Challenge — AMER 2026-04,Organic Search,Organic Search,63,B,true,true,7,Working,,,,false,false,false,,,1,,,,
LEAD-11401,2025-05-07,Sable Pharma,Individual Learner,Business Analyst,Canada,AMER,Webinar,Inbound Marketing,CMP-033,Admin to Analyst Path — EMEA 2026-07,Webinar,Webinar,65,B,false,false,0,New,,,,false,false,false,,0,9,U-024,,,
LEAD-11402,2025-08-18,Halcyon Telecom,L&D / Enablement Manager,Training Director,Canada,AMER,Organic Search,Inbound Marketing,CMP-011,Admin to Analyst Path — LATAM 2025-04,Organic Search,Organic Search,86,A,false,false,0,Nurture,2025-08-25,,,true,false,false,,1,6,U-020,,,
LEAD-11403,2026-04-13,Solstice Consulting,Individual Learner,Junior Consultant,Germany,EMEA,Organic Search,Product,CMP-017,SAQL Masterclass — AMER 2026-05,Organic Search,Organic Search,43,C,true,false,99,MQL,2026-04-13,,,true,false,false,,,2,,,,
LEAD-11404,2026-03-27,Juniper Foods,Individual Learner,Career Switcher,Indonesia,APAC,Organic Search,Inbound Marketing,CMP-012,AI Search Visibility — AMER 2026-07,Organic Search,Organic Search,40,C,false,false,0,Converted,2026-04-05,2026-04-26,2026-05-29,true,true,true,,1,6,U-015,U-009,ACC-1077,OPP-20264
LEAD-11405,2026-09-13,Halcyon Telecom,Procurement / Finance,CFO,Netherlands,EMEA,Customer Referral,Partner / Referral,CMP-046,Certification Season — AMER 2026-03,Customer Referral,Customer Referral,65,B,false,false,0,Nurture,2026-09-16,,,true,false,false,,2,5,U-026,,,
LEAD-11406,2025-04-23,Meridian Works,Procurement / Finance,Head of Vendor Management,Sweden,EMEA,Salesforce Community,Inbound Marketing,CMP-030,SAQL Masterclass — AMER 2025-08,Salesforce Community,Salesforce Community,62,B,false,false,0,SQL,2025-05-11,2025-05-25,,true,true,false,,3,9,U-024,U-002,,
LEAD-11407,2025-04-15,Sable Health,Salesforce Admin,Salesforce Administrator,Germany,EMEA,Paid Search,Inbound Marketing,CMP-003,Free Course Launch — EMEA 2025-12,Paid Search,Webinar,67,B,false,false,0,New,,,,false,false,false,,3,11,U-025,,,
LEAD-11408,2025-10-22,Kestrel Digital,Individual Learner,Junior Consultant,Canada,AMER,Outbound Sequence,Outbound,CMP-041,Reports-to-CRMA Migration — AMER 2025-04,Outbound Sequence,Outbound Sequence,17,D,false,false,0,New,,,,false,false,false,,2,4,U-027,,,
LEAD-11409,2025-04-13,Umbra Foods,Individual Learner,Business Analyst,United States,AMER,Paid Search,Product,CMP-006,AI Search Visibility — AMER 2026-02,Paid Search,Free Course,67,B,true,false,50,SQL,2025-04-15,2025-05-07,,true,true,false,,,2,,U-011,,
LEAD-11410,2025-04-09,Orbital Insurance,Salesforce Admin,CRM Manager,Singapore,APAC,Paid Social,Inbound Marketing,CMP-010,Certification Season — LATAM 2025-06,Paid Social,Paid Social,36,C,false,false,0,New,,,,false,false,false,,3,3,U-015,,,
LEAD-11411,2026-03-16,Orbital Group,Analytics Lead,Director of Sales Operations,Spain,EMEA,Outbound Sequence,Outbound,CMP-040,AI Search Visibility — AMER 2026-05,Outbound Sequence,Outbound Sequence,62,B,false,false,0,Converted,2026-03-23,2026-03-25,2026-04-07,true,true,true,,1,8,U-019,U-005,ACC-1005,OPP-20265
LEAD-11412,2026-04-02,Juniper Insurance,Procurement / Finance,CFO,Mexico,AMER,Conference,Inbound Marketing,CMP-035,Dashboard Makeover Challenge — EMEA 2026-05,Conference,Conference,65,B,false,false,0,Disqualified,,,,false,false,false,No Salesforce org,1,3,U-018,,,
LEAD-11413,2025-08-05,Ember Group,Salesforce Admin,Salesforce Administrator,Brazil,AMER,Salesforce Community,Inbound Marketing,CMP-031,Admin to Analyst Path — EMEA 2026-07,Salesforce Community,Outbound Sequence,58,B,false,false,0,SQL,2025-08-26,2025-09-19,,true,true,false,,2,8,U-026,U-003,,
LEAD-11414,2025-10-30,Aster Bank,Salesforce Admin,Platform Owner,Brazil,AMER,Paid Social,Product,CMP-008,Admin to Analyst Path — EMEA 2026-02,Paid Social,Paid Social,44,C,true,true,65,Converted,2025-11-04,2025-11-09,2025-11-29,true,true,true,,,1,,U-005,ACC-1095,OPP-20266
LEAD-11415,2025-08-13,Sable Consulting,Individual Learner,Junior Consultant,Brazil,AMER,Paid Search,Inbound Marketing,CMP-001,Salesforce Event Follow-up — AMER 2026-02,Paid Search,Salesforce Community,44,C,false,false,0,Converted,2025-08-22,2025-09-02,2025-09-26,true,true,true,,2,9,U-024,U-001,ACC-1044,OPP-20267
LEAD-11416,2025-05-19,Onyx Telecom,Individual Learner,Data Analyst,Singapore,APAC,Outbound Sequence,Outbound,CMP-040,AI Search Visibility — AMER 2026-05,Outbound Sequence,Outbound Sequence,3,D,false,false,0,Working,,,,false,false,false,,2,8,U-026,,,
LEAD-11417,2025-05-03,Meridian Consulting,Salesforce Admin,Salesforce Administrator,United States,AMER,Organic Search,Inbound Marketing,CMP-016,Dashboard Makeover Challenge — AMER 2026-04,Organic Search,Conference,81,A,false,false,0,SQL,2025-05-22,2025-06-12,,true,true,false,,2,2,U-023,U-012,,
LEAD-11418,2025-11-05,Wexler Bank,Procurement / Finance,CFO,Netherlands,EMEA,Paid Social,Inbound Marketing,CMP-010,Certification Season — LATAM 2025-06,Paid Social,Paid Social,63,B,false,false,0,SQL,2025-11-25,2025-12-17,,true,true,false,,4,6,U-015,U-007,,
LEAD-11419,2026-06-13,Wexler Care,Individual Learner,Career Switcher,Singapore,APAC,Conference,Inbound Marketing,CMP-036,Einstein Discovery Workshop — AMER 2026-04,Conference,Organic Search,52,B,false,false,0,MQL,2026-06-18,,,true,false,false,,2,10,U-015,,,
LEAD-11420,2026-01-30,Pallas Group,Procurement / Finance,Procurement Manager,France,EMEA,Organic Search,Inbound Marketing,CMP-018,Free Course Launch — AMER 2025-11,Organic Search,Organic Search,100,A,false,false,0,New,,,,false,false,false,,2,6,U-022,,,
LEAD-11421,2026-06-08,Quanta Foods,Analytics Lead,Director of Sales Operations,Brazil,AMER,Organic Search,Inbound Marketing,CMP-015,Reports-to-CRMA Migration — AMER 2025-11,Organic Search,SI Partner Referral,64,B,false,false,0,New,,,,false,false,false,,0,1,U-027,,,
LEAD-11422,2026-05-03,Lumen Telecom,Analytics Lead,BI Lead,Germany,EMEA,Free Course,Product,CMP-027,Q3 Pipeline Push — APAC 2025-05,Free Course,Organic Search,83,A,true,true,84,MQL,2026-05-12,,,true,false,false,,,2,,,,
LEAD-11423,2025-07-14,Harbor Care,Salesforce Admin,Platform Owner,France,EMEA,Outbound Sequence,Outbound,CMP-040,AI Search Visibility — AMER 2026-05,Outbound Sequence,Paid Search,24,D,false,false,0,Disqualified,,,,false,false,false,Went silent,0,3,U-017,,,
LEAD-11424,2025-07-19,Orbital Partners,Individual Learner,Business Analyst,Sweden,EMEA,Organic Search,Inbound Marketing,CMP-017,SAQL Masterclass — AMER 2026-05,Organic Search,Organic Search,36,C,false,false,0,Working,,,,false,false,false,,2,7,U-027,,,
LEAD-11425,2026-08-21,Kestrel Partners,L&D / Enablement Manager,Head of Enablement,Spain,EMEA,Webinar,Inbound Marketing,CMP-033,Admin to Analyst Path — EMEA 2026-07,Webinar,Webinar,68,B,false,false,0,Disqualified,,,,false,false,false,No Salesforce org,3,11,U-022,,,
LEAD-11426,2026-07-19,Beacon Partners,L&D / Enablement Manager,People Development Lead,United States,AMER,Outbound Sequence,Outbound,CMP-038,Certification Season — AMER 2025-04,Outbound Sequence,Salesforce Community,37,C,false,false,0,Nurture,2026-07-24,,,true,false,false,,3,6,U-024,,,
LEAD-11427,2026-06-23,Juniper Capital,Salesforce Admin,Platform Owner,Canada,AMER,AI Assistant Referral,Inbound Marketing,CMP-021,SAQL Masterclass — LATAM 2025-09,AI Assistant Referral,AI Assistant Referral,70,A,false,false,0,Working,,,,false,false,false,,0,9,U-015,,,
LEAD-11428,2025-10-17,Solstice Partners,Salesforce Admin,Platform Owner,Spain,EMEA,Conference,Inbound Marketing,CMP-035,Dashboard Makeover Challenge — EMEA 2026-05,Conference,AI Assistant Referral,57,B,false,true,0,SQL,2025-10-29,2025-11-01,,true,true,false,,2,9,U-017,U-008,,
LEAD-11429,2025-12-27,Onyx Retail,Individual Learner,Junior Consultant,Japan,APAC,Conference,Inbound Marketing,CMP-035,Dashboard Makeover Challenge — EMEA 2026-05,Conference,Conference,30,C,false,false,0,Working,,,,false,false,false,,2,11,U-025,,,
LEAD-11430,2025-06-23,Quanta Bank,Individual Learner,Career Switcher,Singapore,APAC,Outbound Sequence,Outbound,CMP-040,AI Search Visibility — AMER 2026-05,Outbound Sequence,Customer Referral,37,C,false,true,0,Disqualified,,,,false,false,false,Wrong geo,2,4,U-026,,,
LEAD-11431,2026-07-02,Vantage Care,Salesforce Admin,Salesforce Administrator,India,APAC,Paid Social,Product,CMP-008,Admin to Analyst Path — EMEA 2026-02,Paid Social,Paid Social,42,C,true,false,53,New,,,,false,false,false,,,0,,,,
LEAD-11432,2026-08-09,Pallas Digital,Analytics Lead,BI Lead,Mexico,AMER,AI Assistant Referral,Product,CMP-019,Reports-to-CRMA Migration — APAC 2026-02,AI Assistant Referral,SI Partner Referral,56,B,true,false,41,Working,,,,false,false,false,,,2,,,,
LEAD-11433,2026-01-28,Solstice Partners,Individual Learner,Data Analyst,Australia,APAC,Organic Search,Product,CMP-016,Dashboard Makeover Challenge — AMER 2026-04,Organic Search,Salesforce Community,58,B,true,false,96,Converted,2026-02-11,2026-03-02,2026-03-21,true,true,true,,,1,,U-002,ACC-1038,OPP-20268
LEAD-11434,2025-06-29,Cobalt Bank,Individual Learner,Career Switcher,Mexico,AMER,AI Assistant Referral,Product,CMP-019,Reports-to-CRMA Migration — APAC 2026-02,AI Assistant Referral,AI Assistant Referral,65,B,true,true,94,SQL,2025-06-30,2025-07-13,,true,true,false,,,1,,U-001,,
LEAD-11435,2026-03-06,Harbor Care,L&D / Enablement Manager,Head of Enablement,Mexico,AMER,Salesforce Community,Inbound Marketing,CMP-029,Classroom Batch Push — EMEA 2025-11,Salesforce Community,Salesforce Community,46,C,false,false,0,Converted,2026-03-23,2026-04-03,2026-04-26,true,true,true,,1,3,U-023,U-002,ACC-1013,OPP-20269
LEAD-11436,2026-04-18,Zephyr Bank,Salesforce Admin,CRM Manager,Brazil,AMER,AI Assistant Referral,Product,CMP-022,Dashboard Makeover Challenge — AMER 2025-10,AI Assistant Referral,AI Assistant Referral,65,B,true,true,96,Converted,2026-05-05,2026-05-27,2026-06-13,true,true,true,,,0,,U-014,ACC-1130,OPP-20270
LEAD-11437,2026-08-11,Sable Logistics,L&D / Enablement Manager,L&D Manager,Canada,AMER,Paid Search,Inbound Marketing,CMP-001,Salesforce Event Follow-up — AMER 2026-02,Paid Search,Outbound Sequence,88,A,false,false,0,SQL,2026-08-20,2026-09-05,,true,true,false,,4,3,U-025,U-005,,
LEAD-11438,2026-02-23,Sable Motors,L&D / Enablement Manager,L&D Manager,Japan,APAC,Organic Search,Product,CMP-017,SAQL Masterclass — AMER 2026-05,Organic Search,Organic Search,94,A,true,false,7,Converted,2026-03-12,2026-04-05,2026-04-27,true,true,true,,,0,,U-007,ACC-1000,OPP-20271
LEAD-11439,2026-06-19,Vertex Group,Salesforce Admin,Salesforce Administrator,Spain,EMEA,Outbound Sequence,Outbound,CMP-040,AI Search Visibility — AMER 2026-05,Outbound Sequence,Outbound Sequence,40,C,false,false,0,Working,,,,false,false,false,,2,9,U-022,,,
LEAD-11440,2026-04-17,North Technologies,Procurement / Finance,Procurement Manager,UAE,EMEA,Outbound Sequence,Outbound,CMP-037,Team Upskilling Offer — EMEA 2025-04,Outbound Sequence,Outbound Sequence,54,B,false,false,0,MQL,2026-05-06,,,true,false,false,,2,1,U-026,,,
LEAD-11441,2025-06-21,Harbor Insurance,Individual Learner,Career Switcher,Brazil,AMER,Paid Search,Product,CMP-002,Reports-to-CRMA Migration — AMER 2025-08,Paid Search,Webinar,63,B,true,true,41,MQL,2025-06-27,,,true,false,false,,,1,,,,
LEAD-11442,2025-09-07,Cinder Pharma,Individual Learner,Career Switcher,United States,AMER,Paid Search,Inbound Marketing,CMP-006,AI Search Visibility — AMER 2026-02,Paid Search,Paid Search,63,B,false,false,0,MQL,2025-09-09,,,true,false,false,,1,3,U-015,,,
LEAD-11443,2025-07-07,Sable Systems,Procurement / Finance,Finance Director,Japan,APAC,Free Course,Product,CMP-026,Reports-to-CRMA Migration — AMER 2025-08,Free Course,Free Course,100,A,true,false,41,Converted,2025-07-14,2025-07-28,2025-08-19,true,true,true,,,1,,U-007,ACC-1057,OPP-20272
LEAD-11444,2026-09-12,Lattice Energy,Salesforce Admin,Salesforce Administrator,Brazil,AMER,Organic Search,Inbound Marketing,CMP-015,Reports-to-CRMA Migration — AMER 2025-11,Organic Search,Customer Referral,84,A,false,false,0,MQL,2026-10-01,,,true,false,false,,3,8,U-027,,,
LEAD-11445,2026-09-02,Onyx Energy,L&D / Enablement Manager,L&D Manager,United States,AMER,AI Assistant Referral,Product,CMP-021,SAQL Masterclass — LATAM 2025-09,AI Assistant Referral,Salesforce Community,100,A,true,true,68,MQL,2026-09-05,,,true,false,false,,,0,,,,
LEAD-11446,2026-02-28,Zephyr Capital,Analytics Lead,Director of Sales Operations,Australia,APAC,Outbound Sequence,Outbound,CMP-039,Reports-to-CRMA Migration — EMEA 2026-02,Outbound Sequence,Paid Social,47,C,false,false,0,MQL,2026-03-02,,,true,false,false,,3,10,U-017,,,
LEAD-11447,2026-06-26,Vantage Care,L&D / Enablement Manager,People Development Lead,Singapore,APAC,Salesforce Community,Product,CMP-029,Classroom Batch Push — EMEA 2025-11,Salesforce Community,AI Assistant Referral,67,B,true,true,91,SQL,2026-06-26,2026-07-19,,true,true,false,,,0,,U-013,,
LEAD-11448,2025-11-29,Wexler Motors,Individual Learner,Career Switcher,Indonesia,APAC,Organic Search,Inbound Marketing,CMP-016,Dashboard Makeover Challenge — AMER 2026-04,Organic Search,Organic Search,56,B,false,false,0,SQL,2025-12-08,2025-12-25,,true,true,false,,1,5,U-019,U-010,,
LEAD-11449,2025-12-05,Harbor Media,Procurement / Finance,CFO,UAE,EMEA,Organic Search,Inbound Marketing,CMP-014,Einstein Discovery Workshop — APAC 2025-09,Organic Search,Webinar,79,A,false,false,0,Working,,,,false,false,false,,3,3,U-027,,,
LEAD-11450,2025-12-28,Foundry Bank,Salesforce Admin,Senior Salesforce Admin,Canada,AMER,Salesforce Community,Inbound Marketing,CMP-031,Admin to Analyst Path — EMEA 2026-07,Salesforce Community,Salesforce Community,56,B,false,false,0,SQL,2026-01-05,2026-01-22,,true,true,false,,1,4,U-027,U-005,,
LEAD-11451,2025-10-19,Onyx Works,Procurement / Finance,CFO,Mexico,AMER,Conference,Inbound Marketing,CMP-036,Einstein Discovery Workshop — AMER 2026-04,Conference,Conference,49,C,false,false,0,New,,,,false,false,false,,1,1,U-015,,,
LEAD-11452,2025-11-30,Onyx Care,Salesforce Admin,CRM Manager,Indonesia,APAC,Free Course,Product,CMP-025,Certification Season — EMEA 2025-09,Free Course,Free Course,59,B,true,true,62,Converted,2025-11-30,2025-12-01,2025-12-13,true,true,true,,,0,,U-007,ACC-1117,OPP-20273
LEAD-11453,2025-04-30,Solstice Motors,L&D / Enablement Manager,Head of Enablement,Netherlands,EMEA,Organic Search,Inbound Marketing,CMP-011,Admin to Analyst Path — LATAM 2025-04,Organic Search,Organic Search,84,A,false,false,0,SQL,2025-05-14,2025-05-20,,true,true,false,,0,4,U-018,U-014,,
LEAD-11454,2025-12-11,Lumen Foods,Salesforce Admin,Senior Salesforce Admin,Indonesia,APAC,Outbound Sequence,Outbound,CMP-037,Team Upskilling Offer — EMEA 2025-04,Outbound Sequence,SI Partner Referral,18,D,false,false,0,Disqualified,,,,false,false,false,Competitor,2,2,U-021,,,
LEAD-11455,2026-07-05,Vertex Logistics,Salesforce Admin,Platform Owner,Canada,AMER,Conference,Inbound Marketing,CMP-036,Einstein Discovery Workshop — AMER 2026-04,Conference,Paid Search,58,B,false,false,0,New,,,,false,false,false,,3,10,U-027,,,
LEAD-11456,2025-09-16,Sable Digital,Individual Learner,Career Switcher,Canada,AMER,Paid Search,Inbound Marketing,CMP-004,Q3 Pipeline Push — AMER 2025-11,Paid Search,Paid Social,62,B,false,false,0,SQL,2025-09-21,2025-10-15,,true,true,false,,2,8,U-027,U-009,,
LEAD-11457,2026-04-17,Vantage Consulting,Procurement / Finance,CFO,Canada,AMER,Organic Search,Inbound Marketing,CMP-017,SAQL Masterclass — AMER 2026-05,Organic Search,Organic Search,67,B,false,false,0,SQL,2026-05-03,2026-05-29,,true,true,false,,5,8,U-023,U-004,,
LEAD-11458,2025-09-05,Umbra Energy,Salesforce Admin,Senior Salesforce Admin,Singapore,APAC,AI Assistant Referral,Product,CMP-019,Reports-to-CRMA Migration — APAC 2026-02,AI Assistant Referral,AI Assistant Referral,67,B,true,true,15,Converted,2025-09-17,2025-09-29,2025-10-05,true,true,true,,,0,,U-007,ACC-1024,OPP-20274
LEAD-11459,2025-09-21,Cinder Foods,L&D / Enablement Manager,Training Director,Australia,APAC,Conference,Inbound Marketing,CMP-035,Dashboard Makeover Challenge — EMEA 2026-05,Conference,Conference,77,A,false,false,0,SQL,2025-10-05,2025-10-27,,true,true,false,,5,6,U-026,U-012,,
LEAD-11460,2026-04-27,Lumen Pharma,Individual Learner,Business Analyst,Brazil,AMER,Free Course,Product,CMP-028,Certification Season — AMER 2025-11,Free Course,Free Course,67,B,true,false,71,Nurture,2026-05-17,,,true,false,false,,,1,,,,
LEAD-11461,2026-04-21,Umbra Capital,Individual Learner,Junior Consultant,Colombia,LATAM,Webinar,Product,CMP-032,Salesforce Event Follow-up — AMER 2025-12,Webinar,Outbound Sequence,70,A,true,true,47,Disqualified,,,,false,false,false,Duplicate,,0,,,,
LEAD-11462,2026-04-03,Lattice Works,Salesforce Admin,Platform Owner,Mexico,AMER,Webinar,Inbound Marketing,CMP-033,Admin to Analyst Path — EMEA 2026-07,Webinar,Organic Search,39,C,false,false,0,Disqualified,,,,false,false,false,Duplicate,2,4,U-015,,,
LEAD-11463,2026-09-09,Dovetail Foods,Individual Learner,Data Analyst,United States,AMER,Organic Search,Product,CMP-011,Admin to Analyst Path — LATAM 2025-04,Organic Search,Organic Search,54,B,true,false,2,MQL,2026-09-18,,,true,false,false,,,0,,,,
LEAD-11464,2025-10-22,Onyx Systems,L&D / Enablement Manager,People Development Lead,Japan,APAC,Outbound Sequence,Outbound,CMP-040,AI Search Visibility — AMER 2026-05,Outbound Sequence,Conference,63,B,false,false,0,Nurture,2025-11-03,,,true,false,false,,4,4,U-022,,,
LEAD-11465,2026-02-21,Zephyr Digital,Salesforce Admin,Senior Salesforce Admin,UAE,EMEA,AI Assistant Referral,Inbound Marketing,CMP-019,Reports-to-CRMA Migration — APAC 2026-02,AI Assistant Referral,Customer Referral,88,A,false,false,0,MQL,2026-02-23,,,true,false,false,,4,4,U-025,,,
LEAD-11466,2026-03-12,Kestrel Health,Individual Learner,Data Analyst,United Kingdom,EMEA,Conference,Inbound Marketing,CMP-036,Einstein Discovery Workshop — AMER 2026-04,Conference,Paid Search,51,B,false,false,0,Working,,,,false,false,false,,2,10,U-016,,,
LEAD-11467,2025-07-10,Tundra Logistics,Procurement / Finance,Finance Director,Indonesia,APAC,Free Course,Product,CMP-028,Certification Season — AMER 2025-11,Free Course,Webinar,97,A,true,true,57,Converted,2025-07-27,2025-08-03,2025-08-29,true,true,true,,,0,,U-003,ACC-1018,OPP-20275
LEAD-11468,2026-06-16,Tundra Retail,Individual Learner,Junior Consultant,UAE,EMEA,SI Partner Referral,Partner / Referral,CMP-042,Certification Season — AMER 2025-04,SI Partner Referral,AI Assistant Referral,44,C,false,false,0,Converted,2026-06-27,2026-07-17,2026-07-23,true,true,true,,0,6,U-020,U-007,ACC-1094,OPP-20276
LEAD-11469,2025-08-13,North Technologies,Individual Learner,Career Switcher,Canada,AMER,Salesforce Community,Product,CMP-029,Classroom Batch Push — EMEA 2025-11,Salesforce Community,Salesforce Community,67,B,true,true,17,MQL,2025-08-26,,,true,false,false,,,2,,,,
LEAD-11470,2026-09-04,Zephyr Retail,Individual Learner,Data Analyst,Indonesia,APAC,Organic Search,Inbound Marketing,CMP-011,Admin to Analyst Path — LATAM 2025-04,Organic Search,Organic Search,57,B,false,false,0,SQL,2026-09-04,2026-09-24,,true,true,false,,4,7,U-021,U-006,,
LEAD-11471,2025-11-23,Beacon Capital,Procurement / Finance,Procurement Manager,United States,AMER,Outbound Sequence,Outbound,CMP-038,Certification Season — AMER 2025-04,Outbound Sequence,Outbound Sequence,45,C,false,false,0,MQL,2025-11-30,,,true,false,false,,2,8,U-020,,,
LEAD-11472,2026-05-10,Rivet Capital,Individual Learner,Junior Consultant,Canada,AMER,AI Assistant Referral,Product,CMP-020,Dashboard Makeover Challenge — AMER 2025-12,AI Assistant Referral,AI Assistant Referral,57,B,true,false,67,MQL,2026-05-27,,,true,false,false,,,1,,,,
LEAD-11473,2025-12-03,Rivet Retail,Analytics Lead,Director of Sales Operations,United States,AMER,Paid Social,Inbound Marketing,CMP-009,Salesforce Event Follow-up — AMER 2026-01,Paid Social,Conference,47,C,false,false,0,Disqualified,,,,false,false,false,Competitor,1,2,U-015,,,
LEAD-11474,2025-08-03,Zephyr Media,L&D / Enablement Manager,L&D Manager,Spain,EMEA,Outbound Sequence,Outbound,CMP-041,Reports-to-CRMA Migration — AMER 2025-04,Outbound Sequence,Outbound Sequence,71,A,false,false,0,Converted,2025-08-21,2025-09-08,2025-10-05,true,true,true,,4,4,U-019,U-014,ACC-1083,OPP-20277
LEAD-11475,2025-12-09,Beacon Partners,L&D / Enablement Manager,Training Director,India,APAC,SI Partner Referral,Partner / Referral,CMP-044,Reports-to-CRMA Migration — AMER 2025-06,SI Partner Referral,SI Partner Referral,95,A,false,false,0,MQL,2025-12-18,,,true,false,false,,1,9,U-027,,,
LEAD-11476,2025-06-01,Orbital Foods,Individual Learner,Data Analyst,Sweden,EMEA,Salesforce Community,Product,CMP-031,Admin to Analyst Path — EMEA 2026-07,Salesforce Community,Paid Social,39,C,true,true,75,Disqualified,,,,false,false,false,Competitor,,0,,,,
LEAD-11477,2026-09-09,North Logistics,Salesforce Admin,Platform Owner,United States,AMER,Salesforce Community,Product,CMP-031,Admin to Analyst Path — EMEA 2026-07,Salesforce Community,Salesforce Community,66,B,true,true,20,MQL,2026-09-29,,,true,false,false,,,1,,,,
LEAD-11478,2025-08-12,Vantage Retail,Individual Learner,Junior Consultant,UAE,EMEA,Paid Search,Product,CMP-003,Free Course Launch — EMEA 2025-12,Paid Search,Paid Search,71,A,true,false,87,New,,,,false,false,false,,,1,,,,
LEAD-11479,2025-04-13,Ember Capital,Individual Learner,Data Analyst,United States,AMER,Paid Search,Inbound Marketing,CMP-003,Free Course Launch — EMEA 2025-12,Paid Search,Paid Search,50,B,false,true,0,Working,,,,false,false,false,,2,1,U-027,,,
LEAD-11480,2025-12-24,Dovetail Retail,Salesforce Admin,Salesforce Administrator,United States,AMER,Paid Social,Inbound Marketing,CMP-010,Certification Season — LATAM 2025-06,Paid Social,Paid Social,43,C,false,false,0,Converted,2025-12-27,2026-01-04,2026-01-26,true,true,true,,3,5,U-021,U-003,ACC-1073,OPP-20278
LEAD-11481,2025-07-12,Tundra Telecom,Individual Learner,Career Switcher,United States,AMER,Organic Search,Product,CMP-017,SAQL Masterclass — AMER 2026-05,Organic Search,Organic Search,40,C,true,true,77,New,,,,false,false,false,,,1,,,,
LEAD-11482,2026-06-26,Sable Pharma,Individual Learner,Junior Consultant,Colombia,LATAM,Customer Referral,Partner / Referral,CMP-045,Einstein Discovery Workshop — AMER 2025-09,Customer Referral,Customer Referral,71,A,true,true,64,Converted,2026-07-17,2026-08-06,2026-08-19,true,true,true,,,2,,U-002,ACC-1104,OPP-20279
LEAD-11483,2025-07-31,Wexler Care,Salesforce Admin,Senior Salesforce Admin,Brazil,AMER,AI Assistant Referral,Product,CMP-020,Dashboard Makeover Challenge — AMER 2025-12,AI Assistant Referral,Free Course,62,B,true,true,53,Working,,,,false,false,false,,,1,,,,
LEAD-11484,2025-06-06,Halcyon Pharma,Individual Learner,Career Switcher,Indonesia,APAC,Outbound Sequence,Outbound,CMP-039,Reports-to-CRMA Migration — EMEA 2026-02,Outbound Sequence,SI Partner Referral,38,C,false,false,0,Disqualified,,,,false,false,false,Wrong geo,2,7,U-016,,,
LEAD-11485,2026-07-24,Cinder Media,Salesforce Admin,CRM Manager,Singapore,APAC,SI Partner Referral,Partner / Referral,CMP-044,Reports-to-CRMA Migration — AMER 2025-06,SI Partner Referral,SI Partner Referral,61,B,false,false,0,MQL,2026-08-10,,,true,false,false,,2,9,U-026,,,
LEAD-11486,2025-06-19,Vantage Group,Individual Learner,Data Analyst,Netherlands,EMEA,Conference,Inbound Marketing,CMP-035,Dashboard Makeover Challenge — EMEA 2026-05,Conference,Conference,52,B,false,false,0,Working,,,,false,false,false,,2,6,U-023,,,
LEAD-11487,2026-02-15,Vantage Systems,Individual Learner,Junior Consultant,Chile,LATAM,Webinar,Inbound Marketing,CMP-032,Salesforce Event Follow-up — AMER 2025-12,Webinar,Customer Referral,44,C,false,false,0,Working,,,,false,false,false,,3,10,U-020,,,
LEAD-11488,2025-05-09,Onyx Digital,Individual Learner,Junior Consultant,Germany,EMEA,Free Course,Product,CMP-026,Reports-to-CRMA Migration — AMER 2025-08,Free Course,Free Course,66,B,true,true,97,MQL,2025-05-14,,,true,false,false,,,0,,,,
LEAD-11489,2025-06-25,Solstice Pharma,Salesforce Admin,CRM Manager,Colombia,LATAM,Outbound Sequence,Outbound,CMP-037,Team Upskilling Offer — EMEA 2025-04,Outbound Sequence,Paid Search,66,B,false,false,0,Working,,,,false,false,false,,3,1,U-022,,,
LEAD-11490,2025-05-24,Tundra Logistics,Individual Learner,Business Analyst,Brazil,AMER,Outbound Sequence,Outbound,CMP-041,Reports-to-CRMA Migration — AMER 2025-04,Outbound Sequence,Outbound Sequence,42,C,false,false,0,Disqualified,,,,false,false,false,Student — free course only,3,11,U-025,,,
LEAD-11491,2025-10-27,Quanta Capital,Salesforce Admin,Senior Salesforce Admin,Brazil,AMER,Organic Search,Product,CMP-013,Team Upskilling Offer — LATAM 2026-01,Organic Search,Organic Search,100,A,true,false,82,Converted,2025-11-12,2025-11-25,2025-12-02,true,true,true,,,0,,U-011,ACC-1119,OPP-20280
LEAD-11492,2026-04-04,Cobalt Bank,Analytics Lead,Head of Analytics,Mexico,AMER,Customer Referral,Partner / Referral,CMP-046,Certification Season — AMER 2026-03,Customer Referral,Customer Referral,58,B,false,false,0,Disqualified,,,,false,false,false,Wrong geo,4,10,U-020,,,
LEAD-11493,2025-08-29,Foundry Group,Analytics Lead,BI Lead,Canada,AMER,AI Assistant Referral,Inbound Marketing,CMP-022,Dashboard Makeover Challenge — AMER 2025-10,AI Assistant Referral,Paid Social,77,A,false,true,0,Working,,,,false,false,false,,2,8,U-017,,,
LEAD-11494,2025-05-29,Wexler Motors,L&D / Enablement Manager,Training Director,Australia,APAC,Outbound Sequence,Outbound,CMP-038,Certification Season — AMER 2025-04,Outbound Sequence,Salesforce Community,39,C,false,true,0,Working,,,,false,false,false,,1,2,U-023,,,
LEAD-11495,2025-08-21,Meridian Retail,L&D / Enablement Manager,Head of Enablement,India,APAC,Organic Search,Product,CMP-011,Admin to Analyst Path — LATAM 2025-04,Organic Search,Organic Search,71,A,true,false,0,Nurture,2025-08-28,,,true,false,false,,,1,,,,
LEAD-11496,2025-06-10,Solstice Capital,Individual Learner,Career Switcher,Canada,AMER,SI Partner Referral,Partner / Referral,CMP-044,Reports-to-CRMA Migration — AMER 2025-06,SI Partner Referral,SI Partner Referral,57,B,false,false,0,Nurture,2025-06-25,,,true,false,false,,0,3,U-026,,,
LEAD-11497,2026-01-25,Cinder Foods,Procurement / Finance,Procurement Manager,Brazil,AMER,SI Partner Referral,Partner / Referral,CMP-043,SAQL Masterclass — APAC 2026-01,SI Partner Referral,SI Partner Referral,55,B,false,false,0,Nurture,2026-02-10,,,true,false,false,,0,8,U-018,,,
LEAD-11498,2025-04-26,Harbor Telecom,Procurement / Finance,Finance Director,Colombia,LATAM,Organic Search,Inbound Marketing,CMP-011,Admin to Analyst Path — LATAM 2025-04,Organic Search,Organic Search,66,B,false,false,0,Converted,2025-05-09,2025-05-24,2025-06-15,true,true,true,,0,10,U-021,U-002,ACC-1001,OPP-20281
LEAD-11499,2026-03-05,Harbor Insurance,L&D / Enablement Manager,Training Director,India,APAC,Paid Social,Inbound Marketing,CMP-008,Admin to Analyst Path — EMEA 2026-02,Paid Social,Paid Social,68,B,false,false,0,Converted,2026-03-10,2026-03-31,2026-04-25,true,true,true,,3,6,U-023,U-006,ACC-1041,OPP-20282
LEAD-11500,2025-09-01,Rivet Technologies,Individual Learner,Data Analyst,India,APAC,Customer Referral,Partner / Referral,CMP-046,Certification Season — AMER 2026-03,Customer Referral,Customer Referral,54,B,true,false,39,Nurture,2025-09-04,,,true,false,false,,,2,,,,
LEAD-11501,2026-04-13,Wexler Motors,L&D / Enablement Manager,Head of Enablement,Mexico,AMER,Paid Search,Inbound Marketing,CMP-005,Certification Season — AMER 2025-12,Paid Search,Paid Search,80,A,false,false,0,Converted,2026-04-20,2026-05-08,2026-05-31,true,true,true,,2,9,U-026,U-012,ACC-1094,OPP-20283
LEAD-11502,2026-09-02,Beacon Health,Salesforce Admin,Senior Salesforce Admin,Brazil,AMER,AI Assistant Referral,Product,CMP-021,SAQL Masterclass — LATAM 2025-09,AI Assistant Referral,AI Assistant Referral,77,A,true,false,1,MQL,2026-09-03,,,true,false,false,,,0,,,,
LEAD-11503,2026-02-11,Foundry Care,Salesforce Admin,Salesforce Administrator,Mexico,AMER,Paid Search,Inbound Marketing,CMP-003,Free Course Launch — EMEA 2025-12,Paid Search,Paid Search,67,B,false,false,0,Nurture,2026-02-14,,,true,false,false,,2,11,U-018,,,
LEAD-11504,2026-06-24,Meridian Bank,Analytics Lead,Head of Analytics,Brazil,AMER,Paid Search,Product,CMP-005,Certification Season — AMER 2025-12,Paid Search,SI Partner Referral,81,A,true,false,84,New,,,,false,false,false,,,1,,,,
LEAD-11505,2026-01-19,North Telecom,Analytics Lead,Head of Analytics,UAE,EMEA,Webinar,Inbound Marketing,CMP-032,Salesforce Event Follow-up — AMER 2025-12,Webinar,Webinar,64,B,false,false,0,SQL,2026-01-24,2026-02-05,,true,true,false,,3,2,U-015,U-014,,
LEAD-11506,2025-04-27,Cobalt Works,Individual Learner,Business Analyst,Canada,AMER,Free Course,Product,CMP-028,Certification Season — AMER 2025-11,Free Course,Free Course,67,B,true,true,34,SQL,2025-05-01,2025-05-24,,true,true,false,,,2,,U-009,,
LEAD-11507,2026-09-10,Orbital Consulting,Procurement / Finance,Procurement Manager,Netherlands,EMEA,Outbound Sequence,Outbound,CMP-040,AI Search Visibility — AMER 2026-05,Outbound Sequence,Outbound Sequence,66,B,true,true,14,SQL,2026-09-16,2026-10-10,,true,true,false,,0,2,U-020,U-009,,
LEAD-11508,2025-06-13,Rivet Retail,Individual Learner,Data Analyst,Spain,EMEA,Conference,Inbound Marketing,CMP-035,Dashboard Makeover Challenge — EMEA 2026-05,Conference,Conference,49,C,false,false,0,Nurture,2025-06-26,,,true,false,false,,2,11,U-021,,,
LEAD-11509,2025-04-09,Meridian Consulting,Analytics Lead,Head of Analytics,United States,AMER,Paid Social,Inbound Marketing,CMP-010,Certification Season — LATAM 2025-06,Paid Social,Free Course,70,A,false,false,0,Converted,2025-04-24,2025-04-29,2025-06-01,true,true,true,,4,11,U-022,U-009,ACC-1008,OPP-20284
LEAD-11510,2026-04-23,Tundra Foods,L&D / Enablement Manager,Training Director,United States,AMER,Organic Search,Product,CMP-018,Free Course Launch — AMER 2025-11,Organic Search,Organic Search,93,A,true,true,58,MQL,2026-05-08,,,true,false,false,,,1,,,,
LEAD-11511,2026-07-24,Sable Energy,Procurement / Finance,CFO,UAE,EMEA,Webinar,Inbound Marketing,CMP-033,Admin to Analyst Path — EMEA 2026-07,Webinar,Webinar,65,B,false,false,0,MQL,2026-07-30,,,true,false,false,,4,8,U-026,,,
LEAD-11512,2025-05-27,Cobalt Digital,Salesforce Admin,Salesforce Administrator,Canada,AMER,Paid Social,Inbound Marketing,CMP-010,Certification Season — LATAM 2025-06,Paid Social,Paid Social,29,D,false,false,0,Disqualified,,,,false,false,false,Student — free course only,3,3,U-020,,,
LEAD-11513,2025-11-25,Lattice Logistics,Individual Learner,Junior Consultant,Brazil,AMER,AI Assistant Referral,Product,CMP-019,Reports-to-CRMA Migration — APAC 2026-02,AI Assistant Referral,Outbound Sequence,84,A,true,true,22,Disqualified,,,,false,false,false,Duplicate,,0,,,,
LEAD-11514,2026-03-13,North Group,Individual Learner,Career Switcher,Canada,AMER,Salesforce Community,Product,CMP-030,SAQL Masterclass — AMER 2025-08,Salesforce Community,Salesforce Community,38,C,true,false,93,MQL,2026-03-25,,,true,false,false,,,2,,,,
LEAD-11515,2025-06-21,Ember Energy,L&D / Enablement Manager,L&D Manager,Germany,EMEA,Webinar,Product,CMP-032,Salesforce Event Follow-up — AMER 2025-12,Webinar,Webinar,53,B,true,false,27,SQL,2025-07-12,2025-08-07,,true,true,false,,,0,,U-009,,
LEAD-11516,2026-07-23,Umbra Care,Individual Learner,Junior Consultant,United States,AMER,Outbound Sequence,Outbound,CMP-037,Team Upskilling Offer — EMEA 2025-04,Outbound Sequence,Outbound Sequence,55,B,false,false,0,Converted,2026-07-30,2026-08-17,2026-08-26,true,true,true,,0,8,U-016,U-014,ACC-1057,OPP-20285
LEAD-11517,2025-05-24,Orbital Partners,Analytics Lead,RevOps Manager,Mexico,AMER,SI Partner Referral,Partner / Referral,CMP-042,Certification Season — AMER 2025-04,SI Partner Referral,Outbound Sequence,78,A,false,false,0,Nurture,2025-06-08,,,true,false,false,,2,9,U-017,,,
LEAD-11518,2026-08-19,North Retail,Individual Learner,Business Analyst,Sweden,EMEA,Conference,Inbound Marketing,CMP-036,Einstein Discovery Workshop — AMER 2026-04,Conference,Conference,54,B,false,false,0,Nurture,2026-08-30,,,true,false,false,,0,9,U-019,,,
LEAD-11519,2026-04-19,Lumen Care,Procurement / Finance,Head of Vendor Management,Mexico,AMER,Free Course,Product,CMP-024,Team Upskilling Offer — AMER 2025-05,Free Course,Free Course,100,A,true,true,13,SQL,2026-04-24,2026-05-16,,true,true,false,,,0,,U-007,,
LEAD-11520,2025-11-19,Wexler Foods,Analytics Lead,BI Lead,Spain,EMEA,Outbound Sequence,Outbound,CMP-037,Team Upskilling Offer — EMEA 2025-04,Outbound Sequence,Paid Search,62,B,false,false,0,Disqualified,,,,false,false,false,Wrong geo,4,6,U-015,,,
LEAD-11521,2025-05-05,Kestrel Group,Individual Learner,Business Analyst,Japan,APAC,Organic Search,Product,CMP-018,Free Course Launch — AMER 2025-11,Organic Search,Organic Search,40,C,true,true,7,New,,,,false,false,false,,,0,,,,
LEAD-11522,2026-02-10,Rivet Technologies,Salesforce Admin,Senior Salesforce Admin,Chile,LATAM,Paid Search,Inbound Marketing,CMP-006,AI Search Visibility — AMER 2026-02,Paid Search,Paid Search,98,A,false,false,0,MQL,2026-02-15,,,true,false,false,,0,7,U-021,,,
LEAD-11523,2025-09-02,Ember Media,Salesforce Admin,CRM Manager,Netherlands,EMEA,Free Course,Product,CMP-026,Reports-to-CRMA Migration — AMER 2025-08,Free Course,Free Course,66,B,true,true,59,Converted,2025-09-20,2025-10-10,2025-11-10,true,true,true,,,2,,U-002,ACC-1017,OPP-20286
LEAD-11524,2025-05-03,Kestrel Pharma,Analytics Lead,RevOps Manager,Canada,AMER,Organic Search,Inbound Marketing,CMP-015,Reports-to-CRMA Migration — AMER 2025-11,Organic Search,Paid Search,70,A,false,false,0,SQL,2025-05-10,2025-05-27,,true,true,false,,2,4,U-017,U-006,,
LEAD-11525,2025-10-13,Rivet Systems,Individual Learner,Business Analyst,United States,AMER,SI Partner Referral,Partner / Referral,CMP-042,Certification Season — AMER 2025-04,SI Partner Referral,Outbound Sequence,48,C,false,false,0,MQL,2025-10-25,,,true,false,false,,2,5,U-024,,,
LEAD-11526,2025-05-23,Foundry Group,Procurement / Finance,Finance Director,Germany,EMEA,Customer Referral,Partner / Referral,CMP-045,Einstein Discovery Workshop — AMER 2025-09,Customer Referral,Customer Referral,85,A,true,false,84,SQL,2025-06-01,2025-06-11,,true,true,false,,,2,,U-011,,
LEAD-11527,2025-12-30,Tundra Health,Individual Learner,Junior Consultant,Brazil,AMER,Paid Search,Inbound Marketing,CMP-002,Reports-to-CRMA Migration — AMER 2025-08,Paid Search,Paid Search,61,B,false,false,0,MQL,2026-01-04,,,true,false,false,,2,8,U-019,,,
LEAD-11528,2026-02-19,Zephyr Digital,Individual Learner,Junior Consultant,Mexico,AMER,Webinar,Product,CMP-032,Salesforce Event Follow-up — AMER 2025-12,Webinar,Webinar,46,C,true,true,51,Working,,,,false,false,false,,,1,,,,
LEAD-11529,2026-03-09,Vertex Motors,Individual Learner,Data Analyst,Brazil,AMER,Webinar,Inbound Marketing,CMP-033,Admin to Analyst Path — EMEA 2026-07,Webinar,Webinar,65,B,false,false,0,Converted,2026-03-15,2026-03-30,2026-04-13,true,true,true,,2,11,U-026,U-005,ACC-1078,OPP-20287
LEAD-11530,2025-10-17,Halcyon Systems,L&D / Enablement Manager,L&D Manager,Canada,AMER,Conference,Inbound Marketing,CMP-036,Einstein Discovery Workshop — AMER 2026-04,Conference,Paid Social,66,B,false,false,0,Converted,2025-10-17,2025-10-20,2025-10-28,true,true,true,,4,5,U-026,U-002,ACC-1015,OPP-20288
LEAD-11531,2026-08-26,North Care,L&D / Enablement Manager,Head of Enablement,Mexico,AMER,Webinar,Inbound Marketing,CMP-033,Admin to Analyst Path — EMEA 2026-07,Webinar,Webinar,35,C,false,false,0,Working,,,,false,false,false,,3,8,U-021,,,
LEAD-11532,2025-06-23,Rivet Care,Individual Learner,Data Analyst,Canada,AMER,Outbound Sequence,Outbound,CMP-038,Certification Season — AMER 2025-04,Outbound Sequence,Outbound Sequence,34,C,false,false,0,New,,,,false,false,false,,2,5,U-020,,,
LEAD-11533,2026-04-16,Sable Care,Analytics Lead,Head of Analytics,Singapore,APAC,AI Assistant Referral,Inbound Marketing,CMP-019,Reports-to-CRMA Migration — APAC 2026-02,AI Assistant Referral,Salesforce Community,67,B,false,false,0,New,,,,false,false,false,,2,10,U-019,,,
LEAD-11534,2026-08-22,Tundra Media,L&D / Enablement Manager,Training Director,Mexico,AMER,Paid Search,Product,CMP-001,Salesforce Event Follow-up — AMER 2026-02,Paid Search,Paid Search,90,A,true,false,77,MQL,2026-08-29,,,true,false,false,,,1,,,,
LEAD-11535,2025-10-11,Onyx Logistics,L&D / Enablement Manager,Training Director,Chile,LATAM,Customer Referral,Partner / Referral,CMP-045,Einstein Discovery Workshop — AMER 2025-09,Customer Referral,Customer Referral,82,A,false,false,0,Converted,2025-11-01,2025-11-13,2025-11-25,true,true,true,,1,1,U-025,U-001,ACC-1087,OPP-20289
LEAD-11536,2025-11-12,Dovetail Capital,Individual Learner,Junior Consultant,Brazil,AMER,Paid Search,Inbound Marketing,CMP-002,Reports-to-CRMA Migration — AMER 2025-08,Paid Search,Paid Search,61,B,false,false,0,Converted,2025-11-22,2025-12-09,2026-01-02,true,true,true,,1,10,U-026,U-013,ACC-1036,OPP-20290
LEAD-11537,2025-11-25,Lattice Bank,L&D / Enablement Manager,L&D Manager,Sweden,EMEA,Organic Search,Product,CMP-018,Free Course Launch — AMER 2025-11,Organic Search,Organic Search,84,A,true,true,30,MQL,2025-12-03,,,true,false,false,,,2,,,,
LEAD-11538,2026-05-29,Beacon Motors,L&D / Enablement Manager,People Development Lead,Brazil,AMER,Outbound Sequence,Outbound,CMP-040,AI Search Visibility — AMER 2026-05,Outbound Sequence,Outbound Sequence,43,C,false,false,0,Nurture,2026-06-13,,,true,false,false,,3,8,U-020,,,
LEAD-11539,2026-05-22,Pallas Technologies,Procurement / Finance,Finance Director,Canada,AMER,Outbound Sequence,Outbound,CMP-040,AI Search Visibility — AMER 2026-05,Outbound Sequence,Outbound Sequence,66,B,false,false,0,Converted,2026-05-26,2026-05-30,2026-06-26,true,true,true,,2,9,U-017,U-004,ACC-1006,OPP-20291
LEAD-11540,2025-11-06,Vantage Works,Salesforce Admin,Salesforce Administrator,United States,AMER,Organic Search,Product,CMP-016,Dashboard Makeover Challenge — AMER 2026-04,Organic Search,Organic Search,71,A,true,true,4,SQL,2025-11-23,2025-11-26,,true,true,false,,,0,,U-012,,
LEAD-11541,2025-06-24,Quanta Foods,Salesforce Admin,Senior Salesforce Admin,Japan,APAC,SI Partner Referral,Partner / Referral,CMP-043,SAQL Masterclass — APAC 2026-01,SI Partner Referral,Free Course,72,A,false,true,0,SQL,2025-06-30,2025-07-11,,true,true,false,,2,6,U-025,U-014,,
LEAD-11542,2025-07-03,Harbor Digital,Individual Learner,Data Analyst,United Kingdom,EMEA,Organic Search,Product,CMP-011,Admin to Analyst Path — LATAM 2025-04,Organic Search,Organic Search,68,B,true,false,55,Disqualified,,,,false,false,false,Wrong geo,,0,,,,
LEAD-11543,2025-06-28,Beacon Insurance,Salesforce Admin,Senior Salesforce Admin,Indonesia,APAC,Free Course,Product,CMP-027,Q3 Pipeline Push — APAC 2025-05,Free Course,Free Course,63,B,true,false,17,MQL,2025-06-28,,,true,false,false,,,2,,,,
LEAD-11544,2026-08-16,Pallas Insurance,Analytics Lead,BI Lead,France,EMEA,Paid Search,Product,CMP-001,Salesforce Event Follow-up — AMER 2026-02,Paid Search,Salesforce Community,72,A,true,true,97,Nurture,2026-08-21,,,true,false,false,,,1,,,,
LEAD-11545,2026-04-03,Ember Care,Procurement / Finance,Finance Director,Netherlands,EMEA,Paid Search,Inbound Marketing,CMP-002,Reports-to-CRMA Migration — AMER 2025-08,Paid Search,Paid Search,100,A,false,false,0,MQL,2026-04-09,,,true,false,false,,2,8,U-026,,,
LEAD-11546,2025-04-26,Quanta Bank,Individual Learner,Junior Consultant,United States,AMER,Paid Search,Product,CMP-006,AI Search Visibility — AMER 2026-02,Paid Search,Paid Search,60,B,true,false,45,MQL,2025-05-03,,,true,false,false,,,1,,,,
LEAD-11547,2025-09-25,Rivet Group,Analytics Lead,Director of Sales Operations,France,EMEA,Paid Search,Inbound Marketing,CMP-004,Q3 Pipeline Push — AMER 2025-11,Paid Search,Customer Referral,67,B,false,false,0,MQL,2025-10-06,,,true,false,false,,4,2,U-024,,,
LEAD-11548,2026-05-15,Harbor Partners,Analytics Lead,Director of Sales Operations,Netherlands,EMEA,Outbound Sequence,Outbound,CMP-037,Team Upskilling Offer — EMEA 2025-04,Outbound Sequence,Outbound Sequence,66,B,false,false,0,MQL,2026-06-04,,,true,false,false,,4,1,U-016,,,
LEAD-11549,2025-05-08,Wexler Media,L&D / Enablement Manager,L&D Manager,Brazil,AMER,Salesforce Community,Inbound Marketing,CMP-030,SAQL Masterclass — AMER 2025-08,Salesforce Community,Salesforce Community,72,A,false,false,0,MQL,2025-05-17,,,true,false,false,,2,5,U-015,,,
LEAD-11550,2025-12-20,Harbor Partners,Analytics Lead,Director of Sales Operations,France,EMEA,Free Course,Product,CMP-025,Certification Season — EMEA 2025-09,Free Course,Free Course,63,B,true,false,52,SQL,2026-01-01,2026-01-24,,true,true,false,,,2,,U-003,,
LEAD-11551,2026-01-01,Orbital Works,Salesforce Admin,Senior Salesforce Admin,Mexico,AMER,Outbound Sequence,Outbound,CMP-040,AI Search Visibility — AMER 2026-05,Outbound Sequence,Outbound Sequence,33,C,false,false,0,New,,,,false,false,false,,3,5,U-016,,,
LEAD-11552,2026-01-06,North Digital,Individual Learner,Junior Consultant,Germany,EMEA,AI Assistant Referral,Product,CMP-021,SAQL Masterclass — LATAM 2025-09,AI Assistant Referral,Conference,67,B,true,true,100,New,,,,false,false,false,,,1,,,,
LEAD-11553,2026-02-20,Tundra Energy,Individual Learner,Business Analyst,Germany,EMEA,Webinar,Inbound Marketing,CMP-032,Salesforce Event Follow-up — AMER 2025-12,Webinar,Webinar,28,D,false,false,0,Disqualified,,,,false,false,false,Student — free course only,2,5,U-016,,,
LEAD-11554,2025-11-17,Foundry Logistics,Individual Learner,Junior Consultant,Canada,AMER,Free Course,Product,CMP-027,Q3 Pipeline Push — APAC 2025-05,Free Course,Free Course,42,C,true,true,25,Working,,,,false,false,false,,,0,,,,
LEAD-11555,2025-04-19,Wexler Bank,Individual Learner,Junior Consultant,Canada,AMER,Organic Search,Inbound Marketing,CMP-017,SAQL Masterclass — AMER 2026-05,Organic Search,Organic Search,42,C,false,false,0,Disqualified,,,,false,false,false,Duplicate,2,10,U-023,,,
LEAD-11556,2026-01-03,Lattice Logistics,L&D / Enablement Manager,L&D Manager,Brazil,AMER,AI Assistant Referral,Product,CMP-021,SAQL Masterclass — LATAM 2025-09,AI Assistant Referral,Free Course,100,A,true,true,76,Nurture,2026-01-22,,,true,false,false,,,0,,,,
LEAD-11557,2025-07-21,Wexler Partners,L&D / Enablement Manager,Head of Enablement,United States,AMER,Organic Search,Inbound Marketing,CMP-018,Free Course Launch — AMER 2025-11,Organic Search,Organic Search,79,A,false,false,0,MQL,2025-07-21,,,true,false,false,,2,1,U-015,,,
LEAD-11558,2025-08-31,Cobalt Group,Individual Learner,Junior Consultant,Indonesia,APAC,Outbound Sequence,Outbound,CMP-037,Team Upskilling Offer — EMEA 2025-04,Outbound Sequence,Outbound Sequence,31,C,false,false,0,New,,,,false,false,false,,1,6,U-017,,,
LEAD-11559,2026-01-11,Zephyr Bank,Salesforce Admin,CRM Manager,Mexico,AMER,Paid Social,Inbound Marketing,CMP-007,Admin to Analyst Path — EMEA 2025-05,Paid Social,Paid Social,45,C,false,false,0,Converted,2026-01-27,2026-02-21,2026-03-24,true,true,true,,4,2,U-025,U-012,ACC-1024,OPP-20292
LEAD-11560,2026-08-20,Beacon Retail,Individual Learner,Career Switcher,Brazil,AMER,Organic Search,Inbound Marketing,CMP-012,AI Search Visibility — AMER 2026-07,Organic Search,Customer Referral,57,B,false,false,0,SQL,2026-08-22,2026-08-26,,true,true,false,,2,8,U-016,U-010,,
LEAD-11561,2026-02-25,Umbra Motors,Procurement / Finance,Finance Director,Mexico,AMER,Outbound Sequence,Outbound,CMP-038,Certification Season — AMER 2025-04,Outbound Sequence,Outbound Sequence,56,B,true,true,27,Disqualified,,,,false,false,false,Wrong geo,0,2,U-020,,,
LEAD-11562,2025-05-25,Cinder Energy,Analytics Lead,RevOps Manager,Mexico,AMER,Outbound Sequence,Outbound,CMP-038,Certification Season — AMER 2025-04,Outbound Sequence,Outbound Sequence,61,B,false,false,0,MQL,2025-06-14,,,true,false,false,,0,1,U-026,,,
LEAD-11563,2026-02-10,Quanta Works,Procurement / Finance,Procurement Manager,India,APAC,Paid Search,Inbound Marketing,CMP-002,Reports-to-CRMA Migration — AMER 2025-08,Paid Search,SI Partner Referral,80,A,false,false,0,Converted,2026-02-18,2026-03-08,2026-04-07,true,true,true,,1,8,U-015,U-009,ACC-1117,OPP-20293
LEAD-11564,2026-06-08,Solstice Logistics,Individual Learner,Data Analyst,Canada,AMER,Outbound Sequence,Outbound,CMP-038,Certification Season — AMER 2025-04,Outbound Sequence,Outbound Sequence,20,D,false,false,0,MQL,2026-06-22,,,true,false,false,,4,5,U-018,,,
LEAD-11565,2025-10-23,Beacon Capital,Analytics Lead,RevOps Manager,France,EMEA,Outbound Sequence,Outbound,CMP-038,Certification Season — AMER 2025-04,Outbound Sequence,Organic Search,58,B,false,false,0,Working,,,,false,false,false,,3,7,U-021,,,
LEAD-11566,2026-06-25,Halcyon Insurance,L&D / Enablement Manager,Training Director,Australia,APAC,Salesforce Community,Inbound Marketing,CMP-030,SAQL Masterclass — AMER 2025-08,Salesforce Community,Salesforce Community,67,B,false,false,0,Converted,2026-06-29,2026-07-12,2026-07-14,true,true,true,,4,6,U-022,U-004,ACC-1055,OPP-20294
LEAD-11567,2026-02-02,Solstice Digital,Procurement / Finance,CFO,United States,AMER,Paid Social,Inbound Marketing,CMP-007,Admin to Analyst Path — EMEA 2025-05,Paid Social,AI Assistant Referral,49,C,false,false,0,Disqualified,,,,false,false,false,Wrong geo,3,2,U-022,,,
LEAD-11568,2025-11-30,Solstice Pharma,Procurement / Finance,Finance Director,Mexico,AMER,Paid Social,Inbound Marketing,CMP-008,Admin to Analyst Path — EMEA 2026-02,Paid Social,Paid Social,73,A,false,false,0,SQL,2025-12-17,2025-12-23,,true,true,false,,1,11,U-018,U-005,,
LEAD-11569,2026-02-15,Solstice Telecom,Salesforce Admin,Senior Salesforce Admin,Brazil,AMER,Free Course,Product,CMP-027,Q3 Pipeline Push — APAC 2025-05,Free Course,Free Course,84,A,true,true,5,SQL,2026-03-07,2026-03-28,,true,true,false,,,2,,U-001,,
LEAD-11570,2025-07-19,Beacon Consulting,Analytics Lead,RevOps Manager,Netherlands,EMEA,Customer Referral,Partner / Referral,CMP-045,Einstein Discovery Workshop — AMER 2025-09,Customer Referral,Customer Referral,67,B,false,true,0,MQL,2025-08-06,,,true,false,false,,1,5,U-026,,,
LEAD-11571,2026-02-05,Foundry Foods,Salesforce Admin,Senior Salesforce Admin,Japan,APAC,Paid Social,Product,CMP-008,Admin to Analyst Path — EMEA 2026-02,Paid Social,Paid Social,79,A,true,false,9,MQL,2026-02-11,,,true,false,false,,,2,,,,
LEAD-11572,2025-09-28,Halcyon Telecom,Salesforce Admin,Platform Owner,Mexico,AMER,Free Course,Product,CMP-027,Q3 Pipeline Push — APAC 2025-05,Free Course,Free Course,95,A,true,true,34,MQL,2025-10-17,,,true,false,false,,,0,,,,
LEAD-11573,2025-05-28,Rivet Group,L&D / Enablement Manager,Head of Enablement,Germany,EMEA,Paid Social,Product,CMP-007,Admin to Analyst Path — EMEA 2025-05,Paid Social,Salesforce Community,74,A,true,true,5,MQL,2025-06-05,,,true,false,false,,,2,,,,
LEAD-11574,2026-05-25,North Bank,Individual Learner,Career Switcher,Sweden,EMEA,Webinar,Product,CMP-034,Salesforce Event Follow-up — EMEA 2026-03,Webinar,Paid Social,62,B,true,true,82,Converted,2026-06-03,2026-06-20,2026-07-07,true,true,true,,,0,,U-008,ACC-1083,OPP-20295
LEAD-11575,2025-05-26,Cobalt Technologies,Analytics Lead,BI Lead,Australia,APAC,Outbound Sequence,Outbound,CMP-041,Reports-to-CRMA Migration — AMER 2025-04,Outbound Sequence,Paid Social,54,B,false,true,0,SQL,2025-05-29,2025-06-24,,true,true,false,,3,8,U-020,U-005,,
LEAD-11576,2025-09-15,Foundry Foods,Individual Learner,Business Analyst,United States,AMER,SI Partner Referral,Partner / Referral,CMP-044,Reports-to-CRMA Migration — AMER 2025-06,SI Partner Referral,SI Partner Referral,39,C,false,false,0,Disqualified,,,,false,false,false,Student — free course only,3,2,U-015,,,
LEAD-11577,2026-02-26,Harbor Care,Analytics Lead,RevOps Manager,Spain,EMEA,Conference,Inbound Marketing,CMP-035,Dashboard Makeover Challenge — EMEA 2026-05,Conference,Conference,65,B,false,false,0,MQL,2026-03-06,,,true,false,false,,2,1,U-023,,,
LEAD-11578,2026-03-07,Foundry Telecom,Individual Learner,Junior Consultant,Brazil,AMER,AI Assistant Referral,Inbound Marketing,CMP-019,Reports-to-CRMA Migration — APAC 2026-02,AI Assistant Referral,AI Assistant Referral,33,C,false,false,0,MQL,2026-03-26,,,true,false,false,,3,8,U-020,,,
LEAD-11579,2026-09-19,Kestrel Partners,Salesforce Admin,Salesforce Administrator,Canada,AMER,Paid Search,Inbound Marketing,CMP-005,Certification Season — AMER 2025-12,Paid Search,Organic Search,72,A,false,false,0,Converted,2026-10-07,2026-10-29,2026-11-15,true,true,true,,4,3,U-023,U-011,ACC-1048,OPP-20296
LEAD-11580,2025-11-21,Beacon Retail,Salesforce Admin,Senior Salesforce Admin,Spain,EMEA,Organic Search,Product,CMP-018,Free Course Launch — AMER 2025-11,Organic Search,Organic Search,78,A,true,false,43,MQL,2025-11-28,,,true,false,false,,,2,,,,
LEAD-11581,2025-11-20,Dovetail Foods,Analytics Lead,BI Lead,Canada,AMER,Paid Social,Inbound Marketing,CMP-010,Certification Season — LATAM 2025-06,Paid Social,Paid Social,20,D,false,false,0,New,,,,false,false,false,,1,6,U-026,,,
LEAD-11582,2025-10-01,North Partners,Salesforce Admin,Platform Owner,Australia,APAC,SI Partner Referral,Partner / Referral,CMP-044,Reports-to-CRMA Migration — AMER 2025-06,SI Partner Referral,SI Partner Referral,68,B,false,false,0,Converted,2025-10-22,2025-11-03,2025-11-17,true,true,true,,1,1,U-015,U-012,ACC-1123,OPP-20297
LEAD-11583,2026-02-11,Aster Retail,Individual Learner,Career Switcher,United Kingdom,EMEA,Webinar,Inbound Marketing,CMP-032,Salesforce Event Follow-up — AMER 2025-12,Webinar,Webinar,35,C,false,false,0,Working,,,,false,false,false,,0,8,U-019,,,
LEAD-11584,2026-04-01,Vertex Bank,Procurement / Finance,Procurement Manager,Mexico,AMER,Salesforce Community,Product,CMP-030,SAQL Masterclass — AMER 2025-08,Salesforce Community,Salesforce Community,61,B,true,true,16,Converted,2026-04-22,2026-05-07,2026-06-04,true,true,true,,,0,,U-012,ACC-1022,OPP-20298
LEAD-11585,2026-03-16,Umbra Foods,L&D / Enablement Manager,Training Director,Australia,APAC,Outbound Sequence,Outbound,CMP-040,AI Search Visibility — AMER 2026-05,Outbound Sequence,Outbound Sequence,58,B,false,false,0,Nurture,2026-03-31,,,true,false,false,,6,10,U-015,,,
LEAD-11586,2025-12-06,Solstice Capital,Analytics Lead,RevOps Manager,Canada,AMER,SI Partner Referral,Partner / Referral,CMP-044,Reports-to-CRMA Migration — AMER 2025-06,SI Partner Referral,Paid Search,64,B,false,false,0,SQL,2025-12-22,2025-12-29,,true,true,false,,5,1,U-025,U-004,,
LEAD-11587,2025-07-16,Meridian Retail,Procurement / Finance,CFO,Canada,AMER,AI Assistant Referral,Inbound Marketing,CMP-019,Reports-to-CRMA Migration — APAC 2026-02,AI Assistant Referral,AI Assistant Referral,100,A,false,false,0,MQL,2025-07-21,,,true,false,false,,0,1,U-023,,,
LEAD-11588,2025-08-12,Wexler Telecom,Salesforce Admin,Salesforce Administrator,Germany,EMEA,Conference,Inbound Marketing,CMP-035,Dashboard Makeover Challenge — EMEA 2026-05,Conference,Customer Referral,51,B,false,false,0,MQL,2025-08-14,,,true,false,false,,4,6,U-027,,,
LEAD-11589,2026-03-10,Kestrel Works,Individual Learner,Junior Consultant,United Kingdom,EMEA,Outbound Sequence,Outbound,CMP-038,Certification Season — AMER 2025-04,Outbound Sequence,Salesforce Community,20,D,false,false,0,New,,,,false,false,false,,3,9,U-025,,,
LEAD-11590,2026-08-09,Lumen Foods,Individual Learner,Data Analyst,Mexico,AMER,Salesforce Community,Product,CMP-031,Admin to Analyst Path — EMEA 2026-07,Salesforce Community,Salesforce Community,76,A,true,true,21,Disqualified,,,,false,false,false,Wrong geo,,1,,,,
LEAD-11591,2025-10-11,Vertex Works,L&D / Enablement Manager,People Development Lead,Mexico,AMER,AI Assistant Referral,Product,CMP-021,SAQL Masterclass — LATAM 2025-09,AI Assistant Referral,Customer Referral,100,A,true,true,62,SQL,2025-11-01,2025-11-06,,true,true,false,,,1,,U-013,,
LEAD-11592,2026-07-09,Cobalt Retail,Individual Learner,Business Analyst,Sweden,EMEA,Free Course,Inbound Marketing,CMP-024,Team Upskilling Offer — AMER 2025-05,Free Course,Free Course,52,B,false,false,0,SQL,2026-07-12,2026-07-18,,true,true,false,,2,9,U-015,U-002,,
LEAD-11593,2025-10-05,Lattice Consulting,Salesforce Admin,Platform Owner,Netherlands,EMEA,Outbound Sequence,Outbound,CMP-040,AI Search Visibility — AMER 2026-05,Outbound Sequence,Free Course,58,B,false,false,0,MQL,2025-10-05,,,true,false,false,,1,5,U-021,,,
LEAD-11594,2026-05-04,Umbra Consulting,Individual Learner,Career Switcher,Brazil,AMER,Customer Referral,Partner / Referral,CMP-045,Einstein Discovery Workshop — AMER 2025-09,Customer Referral,Organic Search,45,C,false,false,0,Disqualified,,,,false,false,false,Competitor,1,7,U-018,,,
LEAD-11595,2025-05-13,Quanta Motors,Individual Learner,Career Switcher,Netherlands,EMEA,Free Course,Product,CMP-027,Q3 Pipeline Push — APAC 2025-05,Free Course,Free Course,52,B,true,false,7,MQL,2025-05-19,,,true,false,false,,,1,,,,
LEAD-11596,2025-05-18,Pallas Capital,Individual Learner,Career Switcher,United States,AMER,Free Course,Product,CMP-023,Dashboard Makeover Challenge — AMER 2025-06,Free Course,Free Course,79,A,true,true,6,Converted,2025-05-31,2025-06-14,2025-07-01,true,true,true,,,0,,U-007,ACC-1055,OPP-20299
LEAD-11597,2026-03-08,Foundry Retail,Individual Learner,Business Analyst,Canada,AMER,Organic Search,Inbound Marketing,CMP-014,Einstein Discovery Workshop — APAC 2025-09,Organic Search,Salesforce Community,44,C,false,false,0,New,,,,false,false,false,,1,11,U-027,,,
LEAD-11598,2025-09-17,Vertex Works,Individual Learner,Career Switcher,United Kingdom,EMEA,Organic Search,Product,CMP-017,SAQL Masterclass — AMER 2026-05,Organic Search,Organic Search,76,A,true,true,51,MQL,2025-10-08,,,true,false,false,,,2,,,,
LEAD-11599,2025-11-12,Ember Health,Analytics Lead,Director of Sales Operations,Mexico,AMER,Organic Search,Inbound Marketing,CMP-015,Reports-to-CRMA Migration — AMER 2025-11,Organic Search,Outbound Sequence,70,A,false,false,0,SQL,2025-11-22,2025-12-05,,true,true,false,,0,7,U-022,U-011,,
LEAD-11600,2026-06-07,Beacon Health,Procurement / Finance,Head of Vendor Management,United States,AMER,Organic Search,Inbound Marketing,CMP-015,Reports-to-CRMA Migration — AMER 2025-11,Organic Search,Customer Referral,80,A,false,false,0,SQL,2026-06-11,2026-06-21,,true,true,false,,1,3,U-020,U-002,,
LEAD-11601,2026-03-15,Lattice Pharma,Individual Learner,Junior Consultant,Brazil,AMER,Organic Search,Product,CMP-014,Einstein Discovery Workshop — APAC 2025-09,Organic Search,Paid Search,63,B,true,true,70,SQL,2026-03-21,2026-04-04,,true,true,false,,,1,,U-002,,
LEAD-11602,2025-06-22,Kestrel Foods,Salesforce Admin,Salesforce Administrator,Colombia,LATAM,Paid Search,Inbound Marketing,CMP-005,Certification Season — AMER 2025-12,Paid Search,Paid Search,60,B,false,false,0,Nurture,2025-06-29,,,true,false,false,,1,9,U-023,,,
LEAD-11603,2025-10-28,Cobalt Insurance,Individual Learner,Junior Consultant,UAE,EMEA,AI Assistant Referral,Product,CMP-019,Reports-to-CRMA Migration — APAC 2026-02,AI Assistant Referral,AI Assistant Referral,79,A,true,true,28,MQL,2025-11-09,,,true,false,false,,,2,,,,
LEAD-11604,2025-04-21,Quanta Pharma,Procurement / Finance,Procurement Manager,France,EMEA,Paid Search,Inbound Marketing,CMP-005,Certification Season — AMER 2025-12,Paid Search,Paid Search,88,A,false,false,0,Converted,2025-04-28,2025-05-04,2025-06-03,true,true,true,,2,2,U-022,U-001,ACC-1026,OPP-20300
LEAD-11605,2025-08-11,Sable Capital,Individual Learner,Data Analyst,United Kingdom,EMEA,Paid Search,Inbound Marketing,CMP-006,AI Search Visibility — AMER 2026-02,Paid Search,Paid Search,51,B,false,false,0,Nurture,2025-09-01,,,true,false,false,,1,3,U-026,,,
LEAD-11606,2026-03-20,Kestrel Systems,Analytics Lead,Director of Sales Operations,Singapore,APAC,AI Assistant Referral,Inbound Marketing,CMP-021,SAQL Masterclass — LATAM 2025-09,AI Assistant Referral,Paid Social,76,A,false,false,0,Nurture,2026-04-07,,,true,false,false,,2,9,U-016,,,
LEAD-11607,2025-06-02,Sable Digital,Salesforce Admin,Salesforce Administrator,Mexico,AMER,Outbound Sequence,Outbound,CMP-038,Certification Season — AMER 2025-04,Outbound Sequence,Conference,34,C,false,false,0,Working,,,,false,false,false,,3,10,U-015,,,
LEAD-11608,2026-08-24,Zephyr Capital,Individual Learner,Business Analyst,Canada,AMER,Customer Referral,Partner / Referral,CMP-045,Einstein Discovery Workshop — AMER 2025-09,Customer Referral,Customer Referral,94,A,true,true,46,SQL,2026-09-12,2026-09-25,,true,true,false,,,2,,U-011,,
LEAD-11609,2025-08-15,Sable Pharma,Salesforce Admin,Salesforce Administrator,Netherlands,EMEA,Outbound Sequence,Outbound,CMP-039,Reports-to-CRMA Migration — EMEA 2026-02,Outbound Sequence,Outbound Sequence,29,D,false,true,0,MQL,2025-08-29,,,true,false,false,,2,3,U-017,,,
LEAD-11610,2025-09-17,Kestrel Systems,L&D / Enablement Manager,Head of Enablement,Mexico,AMER,Paid Search,Product,CMP-002,Reports-to-CRMA Migration — AMER 2025-08,Paid Search,Outbound Sequence,71,A,true,true,18,MQL,2025-09-24,,,true,false,false,,,0,,,,
LEAD-11611,2025-04-22,Vertex Works,Individual Learner,Junior Consultant,United States,AMER,Conference,Inbound Marketing,CMP-036,Einstein Discovery Workshop — AMER 2026-04,Conference,Conference,43,C,false,false,0,MQL,2025-04-24,,,true,false,false,,3,7,U-017,,,
LEAD-11612,2025-04-25,Wexler Capital,L&D / Enablement Manager,Training Director,United States,AMER,Organic Search,Product,CMP-017,SAQL Masterclass — AMER 2026-05,Organic Search,Organic Search,93,A,true,false,86,SQL,2025-05-08,2025-05-09,,true,true,false,,,1,,U-012,,
LEAD-11613,2025-06-05,Quanta Energy,Salesforce Admin,Salesforce Administrator,Mexico,AMER,Paid Social,Product,CMP-008,Admin to Analyst Path — EMEA 2026-02,Paid Social,Organic Search,53,B,true,true,6,MQL,2025-06-16,,,true,false,false,,,1,,,,
LEAD-11614,2025-10-28,Orbital Consulting,Individual Learner,Junior Consultant,UAE,EMEA,Paid Social,Inbound Marketing,CMP-007,Admin to Analyst Path — EMEA 2025-05,Paid Social,Customer Referral,42,C,false,false,0,Converted,2025-11-13,2025-12-04,2025-12-15,true,true,true,,1,1,U-017,U-002,ACC-1026,OPP-20301
LEAD-11615,2025-11-16,Wexler Motors,Individual Learner,Business Analyst,United States,AMER,Paid Social,Product,CMP-010,Certification Season — LATAM 2025-06,Paid Social,SI Partner Referral,44,C,true,false,72,SQL,2025-11-18,2025-11-30,,true,true,false,,,1,,U-003,,
LEAD-11616,2026-06-14,Cobalt Capital,Individual Learner,Career Switcher,Japan,APAC,Paid Social,Product,CMP-010,Certification Season — LATAM 2025-06,Paid Social,SI Partner Referral,39,C,true,true,59,New,,,,false,false,false,,,2,,,,
LEAD-11617,2026-07-02,Rivet Partners,Salesforce Admin,Senior Salesforce Admin,Germany,EMEA,Paid Search,Product,CMP-005,Certification Season — AMER 2025-12,Paid Search,Outbound Sequence,65,B,true,false,65,Nurture,2026-07-19,,,true,false,false,,,2,,,,
LEAD-11618,2025-07-22,Cinder Foods,Individual Learner,Data Analyst,Canada,AMER,Webinar,Inbound Marketing,CMP-034,Salesforce Event Follow-up — EMEA 2026-03,Webinar,Webinar,63,B,false,false,0,MQL,2025-08-07,,,true,false,false,,4,1,U-023,,,
LEAD-11619,2025-04-26,Pallas Telecom,Analytics Lead,BI Lead,Brazil,AMER,Conference,Inbound Marketing,CMP-035,Dashboard Makeover Challenge — EMEA 2026-05,Conference,Conference,60,B,false,false,0,MQL,2025-05-14,,,true,false,false,,4,5,U-024,,,
LEAD-11620,2026-02-04,Umbra Digital,Salesforce Admin,Senior Salesforce Admin,Spain,EMEA,Free Course,Product,CMP-025,Certification Season — EMEA 2025-09,Free Course,Free Course,82,A,true,false,97,MQL,2026-02-09,,,true,false,false,,,1,,,,
LEAD-11621,2025-10-04,Pallas Health,Analytics Lead,RevOps Manager,Australia,APAC,Free Course,Product,CMP-024,Team Upskilling Offer — AMER 2025-05,Free Course,Customer Referral,61,B,true,true,75,SQL,2025-10-07,2025-10-10,,true,true,false,,,1,,U-006,,
LEAD-11622,2025-06-30,Beacon Foods,Individual Learner,Data Analyst,Japan,APAC,Organic Search,Inbound Marketing,CMP-012,AI Search Visibility — AMER 2026-07,Organic Search,Organic Search,71,A,false,false,0,Converted,2025-07-21,2025-08-07,2025-08-12,true,true,true,,4,7,U-016,U-006,ACC-1106,OPP-20302
LEAD-11623,2025-12-06,Vertex Technologies,Salesforce Admin,Salesforce Administrator,UAE,EMEA,Salesforce Community,Inbound Marketing,CMP-029,Classroom Batch Push — EMEA 2025-11,Salesforce Community,Salesforce Community,69,B,false,false,0,MQL,2025-12-09,,,true,false,false,,1,8,U-018,,,
LEAD-11624,2026-08-12,Beacon Motors,Procurement / Finance,Head of Vendor Management,Colombia,LATAM,Webinar,Product,CMP-034,Salesforce Event Follow-up — EMEA 2026-03,Webinar,Webinar,64,B,true,false,77,SQL,2026-08-16,2026-08-24,,true,true,false,,,1,,U-008,,
LEAD-11625,2026-01-21,Lumen Logistics,Individual Learner,Business Analyst,Brazil,AMER,Paid Search,Inbound Marketing,CMP-002,Reports-to-CRMA Migration — AMER 2025-08,Paid Search,Paid Search,80,A,false,false,0,Converted,2026-01-25,2026-02-12,2026-02-25,true,true,true,,2,6,U-018,U-008,ACC-1095,OPP-20303
LEAD-11626,2026-09-19,Cobalt Telecom,Salesforce Admin,Platform Owner,Brazil,AMER,Paid Search,Product,CMP-001,Salesforce Event Follow-up — AMER 2026-02,Paid Search,Webinar,83,A,true,true,27,Disqualified,,,,false,false,false,Student — free course only,,1,,,,
LEAD-11627,2026-07-23,Quanta Technologies,L&D / Enablement Manager,Training Director,United States,AMER,Free Course,Inbound Marketing,CMP-028,Certification Season — AMER 2025-11,Free Course,Free Course,90,A,false,true,0,SQL,2026-07-24,2026-08-14,,true,true,false,,2,5,U-022,U-010,,
LEAD-11628,2026-03-03,Harbor Retail,Individual Learner,Data Analyst,United States,AMER,Free Course,Product,CMP-023,Dashboard Makeover Challenge — AMER 2025-06,Free Course,Free Course,56,B,true,false,56,New,,,,false,false,false,,,1,,,,
LEAD-11629,2026-07-02,Juniper Bank,L&D / Enablement Manager,Training Director,Singapore,APAC,Conference,Inbound Marketing,CMP-036,Einstein Discovery Workshop — AMER 2026-04,Conference,Conference,70,A,false,false,0,MQL,2026-07-02,,,true,false,false,,2,7,U-016,,,
LEAD-11630,2025-07-01,Kestrel Insurance,Individual Learner,Junior Consultant,UAE,EMEA,Webinar,Product,CMP-034,Salesforce Event Follow-up — EMEA 2026-03,Webinar,Webinar,48,C,true,true,82,MQL,2025-07-22,,,true,false,false,,,1,,,,
LEAD-11631,2026-08-18,Aster Energy,Individual Learner,Junior Consultant,Mexico,AMER,Organic Search,Product,CMP-013,Team Upskilling Offer — LATAM 2026-01,Organic Search,Organic Search,55,B,true,true,74,New,,,,false,false,false,,,2,,,,
LEAD-11632,2026-08-19,Solstice Insurance,Salesforce Admin,Platform Owner,United States,AMER,Webinar,Inbound Marketing,CMP-033,Admin to Analyst Path — EMEA 2026-07,Webinar,Webinar,70,A,false,false,0,New,,,,false,false,false,,1,11,U-026,,,
LEAD-11633,2025-06-27,Cobalt Consulting,Individual Learner,Data Analyst,Sweden,EMEA,Free Course,Product,CMP-023,Dashboard Makeover Challenge — AMER 2025-06,Free Course,SI Partner Referral,80,A,true,false,80,Working,,,,false,false,false,,,1,,,,
LEAD-11634,2026-06-21,Orbital Works,Procurement / Finance,Finance Director,UAE,EMEA,Salesforce Community,Product,CMP-030,SAQL Masterclass — AMER 2025-08,Salesforce Community,Salesforce Community,98,A,true,false,14,Nurture,2026-06-27,,,true,false,false,,,0,,,,
LEAD-11635,2026-09-13,Aster Bank,Individual Learner,Data Analyst,Mexico,AMER,SI Partner Referral,Partner / Referral,CMP-043,SAQL Masterclass — APAC 2026-01,SI Partner Referral,SI Partner Referral,71,A,true,true,98,MQL,2026-09-29,,,true,false,false,,,0,,,,
LEAD-11636,2026-03-17,Pallas Consulting,Analytics Lead,BI Lead,Sweden,EMEA,Paid Search,Inbound Marketing,CMP-006,AI Search Visibility — AMER 2026-02,Paid Search,Conference,57,B,false,false,0,Converted,2026-03-31,2026-04-03,2026-04-08,true,true,true,,1,8,U-020,U-002,ACC-1076,OPP-20304
LEAD-11637,2026-01-08,Solstice Digital,Individual Learner,Career Switcher,United States,AMER,Organic Search,Inbound Marketing,CMP-017,SAQL Masterclass — AMER 2026-05,Organic Search,Organic Search,74,A,false,false,0,Working,,,,false,false,false,,0,9,U-021,,,
LEAD-11638,2025-09-14,Vantage Telecom,Individual Learner,Data Analyst,Canada,AMER,SI Partner Referral,Partner / Referral,CMP-043,SAQL Masterclass — APAC 2026-01,SI Partner Referral,Webinar,58,B,false,false,0,SQL,2025-09-17,2025-10-11,,true,true,false,,1,3,U-021,U-009,,
LEAD-11639,2025-09-06,Solstice Media,Individual Learner,Career Switcher,United Kingdom,EMEA,Customer Referral,Partner / Referral,CMP-046,Certification Season — AMER 2026-03,Customer Referral,Customer Referral,76,A,true,false,94,Converted,2025-09-17,2025-10-10,2025-11-09,true,true,true,,,1,,U-012,ACC-1033,OPP-20305
LEAD-11640,2026-06-19,Pallas Retail,Individual Learner,Business Analyst,Mexico,AMER,Paid Social,Inbound Marketing,CMP-007,Admin to Analyst Path — EMEA 2025-05,Paid Social,Paid Social,54,B,false,false,0,Working,,,,false,false,false,,2,11,U-021,,,
LEAD-11641,2026-09-18,Beacon Bank,Salesforce Admin,Salesforce Administrator,Japan,APAC,Conference,Inbound Marketing,CMP-035,Dashboard Makeover Challenge — EMEA 2026-05,Conference,Paid Search,73,A,false,false,0,Nurture,2026-10-08,,,true,false,false,,3,4,U-025,,,
LEAD-11642,2026-05-05,Lumen Consulting,Analytics Lead,Director of Sales Operations,Canada,AMER,Paid Social,Product,CMP-007,Admin to Analyst Path — EMEA 2025-05,Paid Social,Outbound Sequence,59,B,true,false,55,MQL,2026-05-16,,,true,false,false,,,2,,,,
LEAD-11643,2026-04-28,Vantage Consulting,Analytics Lead,RevOps Manager,United States,AMER,SI Partner Referral,Partner / Referral,CMP-042,Certification Season — AMER 2025-04,SI Partner Referral,Conference,72,A,false,false,0,MQL,2026-05-10,,,true,false,false,,4,10,U-023,,,
LEAD-11644,2025-10-30,Orbital Telecom,Individual Learner,Career Switcher,India,APAC,Organic Search,Product,CMP-016,Dashboard Makeover Challenge — AMER 2026-04,Organic Search,Organic Search,64,B,true,true,21,New,,,,false,false,false,,,0,,,,
LEAD-11645,2026-05-10,Juniper Energy,Individual Learner,Career Switcher,Canada,AMER,Conference,Inbound Marketing,CMP-036,Einstein Discovery Workshop — AMER 2026-04,Conference,Conference,68,B,false,false,0,Converted,2026-05-14,2026-05-20,2026-05-28,true,true,true,,2,6,U-018,U-005,ACC-1123,OPP-20306
LEAD-11646,2025-06-18,Zephyr Technologies,Individual Learner,Data Analyst,Sweden,EMEA,Outbound Sequence,Outbound,CMP-040,AI Search Visibility — AMER 2026-05,Outbound Sequence,Outbound Sequence,22,D,false,true,0,Disqualified,,,,false,false,false,No budget,3,5,U-019,,,
LEAD-11647,2026-02-02,Ember Energy,Procurement / Finance,Head of Vendor Management,Canada,AMER,Free Course,Product,CMP-025,Certification Season — EMEA 2025-09,Free Course,Free Course,100,A,true,true,76,New,,,,false,false,false,,,2,,,,
LEAD-11648,2025-09-15,Dovetail Care,Procurement / Finance,Procurement Manager,Brazil,AMER,Organic Search,Product,CMP-018,Free Course Launch — AMER 2025-11,Organic Search,Free Course,93,A,true,true,82,MQL,2025-09-25,,,true,false,false,,,2,,,,
LEAD-11649,2026-05-13,Beacon Group,Individual Learner,Junior Consultant,United States,AMER,Organic Search,Inbound Marketing,CMP-015,Reports-to-CRMA Migration — AMER 2025-11,Organic Search,Organic Search,28,D,false,true,0,New,,,,false,false,false,,3,4,U-015,,,
LEAD-11650,2025-05-14,Wexler Pharma,Procurement / Finance,Procurement Manager,Mexico,AMER,Customer Referral,Partner / Referral,CMP-045,Einstein Discovery Workshop — AMER 2025-09,Customer Referral,Customer Referral,83,A,true,false,10,Nurture,2025-05-20,,,true,false,false,,,1,,,,
LEAD-11651,2025-09-01,Pallas Media,L&D / Enablement Manager,L&D Manager,India,APAC,Free Course,Product,CMP-025,Certification Season — EMEA 2025-09,Free Course,Free Course,97,A,true,true,88,MQL,2025-09-01,,,true,false,false,,,1,,,,
LEAD-11652,2026-06-28,Orbital Energy,Salesforce Admin,Salesforce Administrator,Canada,AMER,Organic Search,Product,CMP-018,Free Course Launch — AMER 2025-11,Organic Search,Organic Search,52,B,true,false,7,MQL,2026-06-28,,,true,false,false,,,1,,,,
LEAD-11653,2025-12-09,Lumen Technologies,L&D / Enablement Manager,Head of Enablement,Germany,EMEA,AI Assistant Referral,Product,CMP-021,SAQL Masterclass — LATAM 2025-09,AI Assistant Referral,AI Assistant Referral,100,A,true,false,64,Disqualified,,,,false,false,false,No budget,,2,,,,
LEAD-11654,2026-03-21,Wexler Insurance,L&D / Enablement Manager,Training Director,Spain,EMEA,Organic Search,Inbound Marketing,CMP-017,SAQL Masterclass — AMER 2026-05,Organic Search,Free Course,80,A,false,false,0,SQL,2026-03-25,2026-04-20,,true,true,false,,2,7,U-025,U-014,,
LEAD-11655,2026-03-13,Zephyr Works,Analytics Lead,Head of Analytics,Spain,EMEA,Paid Social,Inbound Marketing,CMP-010,Certification Season — LATAM 2025-06,Paid Social,Paid Social,57,B,false,false,0,MQL,2026-04-01,,,true,false,false,,0,7,U-021,,,
LEAD-11656,2026-01-22,Halcyon Retail,L&D / Enablement Manager,Head of Enablement,Mexico,AMER,Organic Search,Product,CMP-018,Free Course Launch — AMER 2025-11,Organic Search,Organic Search,99,A,true,true,75,New,,,,false,false,false,,,2,,,,
LEAD-11657,2025-08-03,Ember Systems,Salesforce Admin,Platform Owner,Japan,APAC,Organic Search,Product,CMP-011,Admin to Analyst Path — LATAM 2025-04,Organic Search,Organic Search,89,A,true,true,88,Working,,,,false,false,false,,,0,,,,
LEAD-11658,2025-08-06,Rivet Energy,L&D / Enablement Manager,Training Director,UAE,EMEA,Salesforce Community,Product,CMP-031,Admin to Analyst Path — EMEA 2026-07,Salesforce Community,Outbound Sequence,74,A,true,true,80,Converted,2025-08-19,2025-09-03,2025-09-16,true,true,true,,,1,,U-005,ACC-1033,OPP-20307
LEAD-11659,2026-04-28,Orbital Partners,Individual Learner,Career Switcher,Australia,APAC,SI Partner Referral,Partner / Referral,CMP-042,Certification Season — AMER 2025-04,SI Partner Referral,SI Partner Referral,50,B,true,false,17,SQL,2026-05-02,2026-05-15,,true,true,false,,,1,,U-014,,
LEAD-11660,2025-12-13,Cobalt Foods,Individual Learner,Business Analyst,Mexico,AMER,Organic Search,Product,CMP-011,Admin to Analyst Path — LATAM 2025-04,Organic Search,Paid Search,52,B,true,false,5,MQL,2025-12-15,,,true,false,false,,,1,,,,
LEAD-11661,2025-12-29,Umbra Telecom,Salesforce Admin,Senior Salesforce Admin,Mexico,AMER,Conference,Inbound Marketing,CMP-035,Dashboard Makeover Challenge — EMEA 2026-05,Conference,Conference,38,C,false,false,0,Disqualified,,,,false,false,false,No Salesforce org,1,8,U-019,,,
LEAD-11662,2026-06-06,Vantage Foods,Individual Learner,Junior Consultant,UAE,EMEA,Paid Social,Product,CMP-009,Salesforce Event Follow-up — AMER 2026-01,Paid Social,Paid Social,57,B,true,false,0,MQL,2026-06-22,,,true,false,false,,,0,,,,
LEAD-11663,2026-01-04,Beacon Partners,Salesforce Admin,Senior Salesforce Admin,Brazil,AMER,Salesforce Community,Product,CMP-030,SAQL Masterclass — AMER 2025-08,Salesforce Community,Salesforce Community,53,B,true,true,37,MQL,2026-01-11,,,true,false,false,,,2,,,,
LEAD-11664,2025-10-09,North Digital,Procurement / Finance,Head of Vendor Management,UAE,EMEA,Organic Search,Product,CMP-016,Dashboard Makeover Challenge — AMER 2026-04,Organic Search,Organic Search,87,A,true,true,98,New,,,,false,false,false,,,2,,,,
LEAD-11665,2025-12-22,Beacon Retail,Individual Learner,Career Switcher,United Kingdom,EMEA,Conference,Inbound Marketing,CMP-036,Einstein Discovery Workshop — AMER 2026-04,Conference,Conference,47,C,false,false,0,MQL,2025-12-23,,,true,false,false,,3,1,U-024,,,
LEAD-11666,2025-07-19,Dovetail Care,Individual Learner,Data Analyst,United States,AMER,Paid Search,Product,CMP-004,Q3 Pipeline Push — AMER 2025-11,Paid Search,Paid Search,39,C,true,false,48,Working,,,,false,false,false,,,0,,,,
LEAD-11667,2025-09-14,Juniper Digital,Individual Learner,Business Analyst,United Kingdom,EMEA,Free Course,Product,CMP-023,Dashboard Makeover Challenge — AMER 2025-06,Free Course,Free Course,55,B,true,true,80,MQL,2025-10-02,,,true,false,false,,,2,,,,
LEAD-11668,2025-06-20,Vantage Logistics,Analytics Lead,Head of Analytics,Sweden,EMEA,Paid Search,Product,CMP-003,Free Course Launch — EMEA 2025-12,Paid Search,Free Course,72,A,true,true,93,MQL,2025-06-21,,,true,false,false,,,0,,,,
LEAD-11669,2025-11-23,Quanta Telecom,Individual Learner,Business Analyst,Canada,AMER,Organic Search,Product,CMP-013,Team Upskilling Offer — LATAM 2026-01,Organic Search,Outbound Sequence,61,B,true,true,29,Working,,,,false,false,false,,,2,,,,
LEAD-11670,2025-07-28,Quanta Energy,Individual Learner,Business Analyst,UAE,EMEA,AI Assistant Referral,Inbound Marketing,CMP-021,SAQL Masterclass — LATAM 2025-09,AI Assistant Referral,AI Assistant Referral,35,C,false,true,0,Disqualified,,,,false,false,false,Student — free course only,4,9,U-017,,,
LEAD-11671,2026-01-25,Umbra Bank,Analytics Lead,Head of Analytics,United Kingdom,EMEA,Organic Search,Inbound Marketing,CMP-014,Einstein Discovery Workshop — APAC 2025-09,Organic Search,Conference,97,A,false,false,0,Converted,2026-02-02,2026-02-10,2026-02-21,true,true,true,,1,9,U-025,U-013,ACC-1044,OPP-20308
LEAD-11672,2025-04-27,Solstice Telecom,Analytics Lead,RevOps Manager,Sweden,EMEA,AI Assistant Referral,Product,CMP-019,Reports-to-CRMA Migration — APAC 2026-02,AI Assistant Referral,AI Assistant Referral,85,A,true,true,16,Disqualified,,,,false,false,false,Competitor,,1,,,,
LEAD-11673,2026-04-13,Vantage Media,Salesforce Admin,Platform Owner,Japan,APAC,Organic Search,Inbound Marketing,CMP-011,Admin to Analyst Path — LATAM 2025-04,Organic Search,Organic Search,60,B,false,false,0,SQL,2026-04-28,2026-05-07,,true,true,false,,2,11,U-027,U-004,,
LEAD-11674,2025-09-11,Tundra Consulting,Analytics Lead,RevOps Manager,Brazil,AMER,Salesforce Community,Product,CMP-031,Admin to Analyst Path — EMEA 2026-07,Salesforce Community,Salesforce Community,65,B,true,false,48,SQL,2025-09-19,2025-10-10,,true,true,false,,,1,,U-012,,
LEAD-11675,2025-10-21,Pallas Health,Analytics Lead,BI Lead,Japan,APAC,Free Course,Product,CMP-026,Reports-to-CRMA Migration — AMER 2025-08,Free Course,Paid Social,81,A,true,false,43,SQL,2025-10-30,2025-11-15,,true,true,false,,,1,,U-001,,
LEAD-11676,2025-10-17,Foundry Energy,Individual Learner,Business Analyst,Spain,EMEA,Organic Search,Product,CMP-014,Einstein Discovery Workshop — APAC 2025-09,Organic Search,Free Course,80,A,true,true,54,SQL,2025-10-20,2025-10-23,,true,true,false,,,2,,U-003,,
LEAD-11677,2026-08-18,Tundra Insurance,Salesforce Admin,Senior Salesforce Admin,Canada,AMER,Organic Search,Product,CMP-017,SAQL Masterclass — AMER 2026-05,Organic Search,Customer Referral,96,A,true,false,75,Disqualified,,,,false,false,false,Went silent,,2,,,,
LEAD-11678,2026-02-07,Dovetail Telecom,Individual Learner,Junior Consultant,Singapore,APAC,Outbound Sequence,Outbound,CMP-037,Team Upskilling Offer — EMEA 2025-04,Outbound Sequence,Outbound Sequence,27,D,false,false,0,Disqualified,,,,false,false,false,Went silent,3,10,U-026,,,
LEAD-11679,2026-06-09,Tundra Works,Analytics Lead,RevOps Manager,Brazil,AMER,Free Course,Inbound Marketing,CMP-028,Certification Season — AMER 2025-11,Free Course,Free Course,75,A,false,false,0,Converted,2026-06-23,2026-07-08,2026-08-01,true,true,true,,2,5,U-016,U-012,ACC-1131,OPP-20309
LEAD-11680,2026-01-14,Orbital Digital,Individual Learner,Data Analyst,Indonesia,APAC,Paid Search,Inbound Marketing,CMP-005,Certification Season — AMER 2025-12,Paid Search,Paid Search,44,C,false,false,0,MQL,2026-01-28,,,true,false,false,,1,2,U-017,,,
LEAD-11681,2026-09-12,Umbra Health,Procurement / Finance,Head of Vendor Management,Chile,LATAM,Organic Search,Product,CMP-011,Admin to Analyst Path — LATAM 2025-04,Organic Search,SI Partner Referral,100,A,true,false,81,SQL,2026-09-25,2026-10-09,,true,true,false,,,1,,U-007,,
LEAD-11682,2025-07-14,Kestrel Health,Individual Learner,Business Analyst,Mexico,AMER,Organic Search,Product,CMP-011,Admin to Analyst Path — LATAM 2025-04,Organic Search,AI Assistant Referral,67,B,true,true,65,Working,,,,false,false,false,,,0,,,,
LEAD-11683,2025-04-30,Quanta Pharma,Individual Learner,Data Analyst,United States,AMER,Free Course,Product,CMP-026,Reports-to-CRMA Migration — AMER 2025-08,Free Course,Free Course,54,B,true,true,14,SQL,2025-05-05,2025-05-16,,true,true,false,,,2,,U-007,,
LEAD-11684,2026-06-13,Onyx Energy,Analytics Lead,Head of Analytics,Sweden,EMEA,Organic Search,Inbound Marketing,CMP-013,Team Upskilling Offer — LATAM 2026-01,Organic Search,Organic Search,69,B,false,false,0,Disqualified,,,,false,false,false,Wrong geo,3,8,U-016,,,
LEAD-11685,2025-05-07,Sable Care,Individual Learner,Junior Consultant,Germany,EMEA,Webinar,Inbound Marketing,CMP-032,Salesforce Event Follow-up — AMER 2025-12,Webinar,Webinar,39,C,false,false,0,Disqualified,,,,false,false,false,Free course is enough,3,2,U-023,,,
LEAD-11686,2026-03-13,Umbra Motors,L&D / Enablement Manager,People Development Lead,United Kingdom,EMEA,Customer Referral,Partner / Referral,CMP-045,Einstein Discovery Workshop — AMER 2025-09,Customer Referral,Customer Referral,86,A,true,true,15,Disqualified,,,,false,false,false,Duplicate,,2,,,,
LEAD-11687,2026-07-17,Halcyon Pharma,Individual Learner,Career Switcher,Canada,AMER,AI Assistant Referral,Inbound Marketing,CMP-021,SAQL Masterclass — LATAM 2025-09,AI Assistant Referral,AI Assistant Referral,65,B,false,false,0,New,,,,false,false,false,,0,3,U-022,,,
LEAD-11688,2025-12-24,Lumen Telecom,Procurement / Finance,Head of Vendor Management,India,APAC,Outbound Sequence,Outbound,CMP-040,AI Search Visibility — AMER 2026-05,Outbound Sequence,Outbound Sequence,51,B,false,false,0,Nurture,2025-12-29,,,true,false,false,,4,6,U-019,,,
LEAD-11689,2025-06-04,Harbor Media,Individual Learner,Junior Consultant,Brazil,AMER,Organic Search,Product,CMP-016,Dashboard Makeover Challenge — AMER 2026-04,Organic Search,Organic Search,46,C,true,true,40,Disqualified,,,,false,false,false,Competitor,,2,,,,
LEAD-11690,2026-04-02,Vertex Technologies,Individual Learner,Junior Consultant,Mexico,AMER,Paid Social,Inbound Marketing,CMP-009,Salesforce Event Follow-up — AMER 2026-01,Paid Social,Paid Social,16,D,false,false,0,New,,,,false,false,false,,0,1,U-027,,,
LEAD-11691,2025-08-19,Ember Group,Salesforce Admin,Salesforce Administrator,Japan,APAC,Free Course,Product,CMP-026,Reports-to-CRMA Migration — AMER 2025-08,Free Course,Free Course,77,A,true,false,24,Converted,2025-09-04,2025-09-08,2025-09-24,true,true,true,,,0,,U-011,ACC-1044,OPP-20310
LEAD-11692,2026-06-29,Lumen Pharma,Salesforce Admin,Salesforce Administrator,Mexico,AMER,Organic Search,Product,CMP-013,Team Upskilling Offer — LATAM 2026-01,Organic Search,Organic Search,78,A,true,true,14,SQL,2026-07-18,2026-07-25,,true,true,false,,,1,,U-010,,
LEAD-11693,2025-05-23,Sable Motors,Salesforce Admin,Senior Salesforce Admin,Australia,APAC,Outbound Sequence,Outbound,CMP-039,Reports-to-CRMA Migration — EMEA 2026-02,Outbound Sequence,Outbound Sequence,3,D,false,false,0,New,,,,false,false,false,,5,10,U-027,,,
LEAD-11694,2026-01-20,Dovetail Care,L&D / Enablement Manager,People Development Lead,Japan,APAC,Organic Search,Inbound Marketing,CMP-014,Einstein Discovery Workshop — APAC 2025-09,Organic Search,Organic Search,70,A,false,false,0,Disqualified,,,,false,false,false,Duplicate,1,11,U-021,,,
LEAD-11695,2026-03-09,Pallas Energy,Individual Learner,Career Switcher,Chile,LATAM,Organic Search,Inbound Marketing,CMP-017,SAQL Masterclass — AMER 2026-05,Organic Search,Organic Search,27,D,false,false,0,Working,,,,false,false,false,,1,1,U-017,,,
LEAD-11696,2025-06-11,Lattice Systems,Individual Learner,Junior Consultant,Mexico,AMER,Outbound Sequence,Outbound,CMP-038,Certification Season — AMER 2025-04,Outbound Sequence,Outbound Sequence,48,C,false,false,0,MQL,2025-06-26,,,true,false,false,,2,2,U-015,,,
LEAD-11697,2025-10-03,Zephyr Media,Individual Learner,Business Analyst,Mexico,AMER,Organic Search,Inbound Marketing,CMP-012,AI Search Visibility — AMER 2026-07,Organic Search,Organic Search,48,C,false,false,0,Nurture,2025-10-07,,,true,false,false,,0,9,U-016,,,
LEAD-11698,2026-06-25,Sable Foods,L&D / Enablement Manager,Training Director,Canada,AMER,Paid Search,Inbound Marketing,CMP-004,Q3 Pipeline Push — AMER 2025-11,Paid Search,Salesforce Community,55,B,false,false,0,SQL,2026-07-02,2026-07-10,,true,true,false,,1,5,U-017,U-014,,
LEAD-11699,2025-07-12,Aster Pharma,Salesforce Admin,Salesforce Administrator,Mexico,AMER,SI Partner Referral,Partner / Referral,CMP-044,Reports-to-CRMA Migration — AMER 2025-06,SI Partner Referral,SI Partner Referral,55,B,false,false,0,Disqualified,,,,false,false,false,Duplicate,1,7,U-027,,,
LEAD-11700,2025-10-23,Quanta Health,Analytics Lead,Director of Sales Operations,Brazil,AMER,Organic Search,Product,CMP-012,AI Search Visibility — AMER 2026-07,Organic Search,Conference,94,A,true,false,60,MQL,2025-11-09,,,true,false,false,,,1,,,,
LEAD-11701,2025-04-13,Umbra Group,Analytics Lead,RevOps Manager,Netherlands,EMEA,Paid Social,Inbound Marketing,CMP-010,Certification Season — LATAM 2025-06,Paid Social,Paid Social,46,C,false,false,0,Disqualified,,,,false,false,false,Went silent,1,10,U-024,,,
LEAD-11702,2026-09-06,Quanta Bank,Salesforce Admin,Platform Owner,Colombia,LATAM,Paid Search,Product,CMP-002,Reports-to-CRMA Migration — AMER 2025-08,Paid Search,Paid Search,91,A,true,true,19,MQL,2026-09-21,,,true,false,false,,,1,,,,
LEAD-11703,2025-09-20,Dovetail Media,Analytics Lead,Head of Analytics,United States,AMER,Organic Search,Product,CMP-017,SAQL Masterclass — AMER 2026-05,Organic Search,Organic Search,96,A,true,true,92,New,,,,false,false,false,,,0,,,,
LEAD-11704,2025-04-07,Cobalt Telecom,Salesforce Admin,Platform Owner,France,EMEA,SI Partner Referral,Partner / Referral,CMP-043,SAQL Masterclass — APAC 2026-01,SI Partner Referral,Organic Search,67,B,true,false,9,MQL,2025-04-16,,,true,false,false,,,2,,,,
LEAD-11705,2025-12-11,Pallas Health,Individual Learner,Career Switcher,Canada,AMER,Free Course,Product,CMP-023,Dashboard Makeover Challenge — AMER 2025-06,Free Course,Free Course,45,C,true,false,1,MQL,2025-12-31,,,true,false,false,,,0,,,,
LEAD-11706,2025-09-16,Tundra Technologies,Analytics Lead,Head of Analytics,France,EMEA,Outbound Sequence,Outbound,CMP-040,AI Search Visibility — AMER 2026-05,Outbound Sequence,SI Partner Referral,51,B,false,false,0,MQL,2025-09-25,,,true,false,false,,1,6,U-016,,,
LEAD-11707,2026-06-28,Lattice Retail,Salesforce Admin,CRM Manager,Canada,AMER,Free Course,Product,CMP-028,Certification Season — AMER 2025-11,Free Course,Free Course,71,A,true,true,3,SQL,2026-07-02,2026-07-22,,true,true,false,,,0,,U-013,,
LEAD-11708,2026-09-18,Orbital Digital,Individual Learner,Career Switcher,Mexico,AMER,Paid Search,Inbound Marketing,CMP-006,AI Search Visibility — AMER 2026-02,Paid Search,Paid Search,54,B,false,false,0,Disqualified,,,,false,false,false,Free course is enough,3,9,U-025,,,
LEAD-11709,2025-04-15,Meridian Logistics,L&D / Enablement Manager,L&D Manager,Japan,APAC,Free Course,Product,CMP-026,Reports-to-CRMA Migration — AMER 2025-08,Free Course,Free Course,100,A,true,true,80,Nurture,2025-04-25,,,true,false,false,,,2,,,,
LEAD-11710,2025-12-21,Meridian Pharma,Individual Learner,Junior Consultant,Spain,EMEA,SI Partner Referral,Partner / Referral,CMP-042,Certification Season — AMER 2025-04,SI Partner Referral,SI Partner Referral,39,C,false,false,0,Working,,,,false,false,false,,1,8,U-023,,,
LEAD-11711,2025-08-06,Rivet Telecom,Individual Learner,Junior Consultant,Netherlands,EMEA,Organic Search,Product,CMP-018,Free Course Launch — AMER 2025-11,Organic Search,Free Course,68,B,true,true,60,MQL,2025-08-27,,,true,false,false,,,2,,,,
LEAD-11712,2025-06-23,Lumen Capital,L&D / Enablement Manager,Head of Enablement,Indonesia,APAC,Salesforce Community,Product,CMP-030,SAQL Masterclass — AMER 2025-08,Salesforce Community,Free Course,87,A,true,true,1,Converted,2025-06-29,2025-07-02,2025-08-04,true,true,true,,,2,,U-011,ACC-1068,OPP-20311
LEAD-11713,2025-06-18,Quanta Partners,Salesforce Admin,Salesforce Administrator,UAE,EMEA,Organic Search,Inbound Marketing,CMP-018,Free Course Launch — AMER 2025-11,Organic Search,Customer Referral,76,A,false,false,0,MQL,2025-06-21,,,true,false,false,,1,6,U-016,,,
LEAD-11714,2025-11-18,Pallas Bank,Procurement / Finance,Finance Director,Sweden,EMEA,AI Assistant Referral,Inbound Marketing,CMP-021,SAQL Masterclass — LATAM 2025-09,AI Assistant Referral,Outbound Sequence,89,A,false,false,0,MQL,2025-12-01,,,true,false,false,,1,8,U-027,,,
LEAD-11715,2025-08-04,Rivet Bank,Salesforce Admin,CRM Manager,Canada,AMER,Paid Social,Inbound Marketing,CMP-010,Certification Season — LATAM 2025-06,Paid Social,Webinar,63,B,false,false,0,MQL,2025-08-19,,,true,false,false,,0,2,U-018,,,
LEAD-11716,2026-02-22,Dovetail Care,Individual Learner,Career Switcher,Canada,AMER,Paid Search,Product,CMP-005,Certification Season — AMER 2025-12,Paid Search,Webinar,53,B,true,false,61,New,,,,false,false,false,,,0,,,,
LEAD-11717,2025-09-12,Umbra Retail,Individual Learner,Career Switcher,Japan,APAC,Salesforce Community,Inbound Marketing,CMP-030,SAQL Masterclass — AMER 2025-08,Salesforce Community,Salesforce Community,55,B,false,false,0,MQL,2025-09-13,,,true,false,false,,2,9,U-020,,,
LEAD-11718,2026-08-30,Orbital Systems,Salesforce Admin,Senior Salesforce Admin,Canada,AMER,Paid Search,Inbound Marketing,CMP-002,Reports-to-CRMA Migration — AMER 2025-08,Paid Search,Outbound Sequence,61,B,false,false,0,Working,,,,false,false,false,,1,6,U-022,,,
LEAD-11719,2026-05-11,Beacon Systems,L&D / Enablement Manager,People Development Lead,Australia,APAC,Outbound Sequence,Outbound,CMP-039,Reports-to-CRMA Migration — EMEA 2026-02,Outbound Sequence,Outbound Sequence,68,B,false,false,0,Nurture,2026-05-25,,,true,false,false,,3,8,U-016,,,
LEAD-11720,2026-03-10,Pallas Retail,Salesforce Admin,Salesforce Administrator,Singapore,APAC,Outbound Sequence,Outbound,CMP-038,Certification Season — AMER 2025-04,Outbound Sequence,Free Course,45,C,false,false,0,MQL,2026-03-16,,,true,false,false,,3,10,U-022,,,
LEAD-11721,2026-05-23,Ember Insurance,Procurement / Finance,Procurement Manager,Canada,AMER,Organic Search,Product,CMP-012,AI Search Visibility — AMER 2026-07,Organic Search,Organic Search,100,A,true,true,69,SQL,2026-06-07,2026-06-29,,true,true,false,,,1,,U-011,,
LEAD-11722,2026-04-20,Umbra Motors,Procurement / Finance,Finance Director,United States,AMER,Organic Search,Inbound Marketing,CMP-014,Einstein Discovery Workshop — APAC 2025-09,Organic Search,Organic Search,89,A,false,true,0,SQL,2026-05-11,2026-06-06,,true,true,false,,1,7,U-023,U-006,,
LEAD-11723,2025-09-01,Onyx Digital,L&D / Enablement Manager,Head of Enablement,Spain,EMEA,Organic Search,Inbound Marketing,CMP-012,AI Search Visibility — AMER 2026-07,Organic Search,Organic Search,79,A,false,false,0,Disqualified,,,,false,false,false,Competitor,1,6,U-024,,,
LEAD-11724,2025-09-17,Vertex Partners,Individual Learner,Business Analyst,Singapore,APAC,Organic Search,Product,CMP-017,SAQL Masterclass — AMER 2026-05,Organic Search,Organic Search,65,B,true,true,75,Working,,,,false,false,false,,,1,,,,
LEAD-11725,2025-12-03,Wexler Health,Analytics Lead,Head of Analytics,UAE,EMEA,Paid Search,Inbound Marketing,CMP-005,Certification Season — AMER 2025-12,Paid Search,Paid Search,78,A,false,false,0,MQL,2025-12-22,,,true,false,false,,3,11,U-022,,,
LEAD-11726,2026-07-22,Zephyr Capital,Individual Learner,Career Switcher,Indonesia,APAC,Webinar,Inbound Marketing,CMP-034,Salesforce Event Follow-up — EMEA 2026-03,Webinar,Outbound Sequence,18,D,false,false,0,Nurture,2026-08-01,,,true,false,false,,0,1,U-022,,,
LEAD-11727,2025-12-29,Halcyon Consulting,Salesforce Admin,Salesforce Administrator,France,EMEA,AI Assistant Referral,Product,CMP-019,Reports-to-CRMA Migration — APAC 2026-02,AI Assistant Referral,AI Assistant Referral,83,A,true,true,2,MQL,2026-01-12,,,true,false,false,,,0,,,,
LEAD-11728,2026-07-07,Cobalt Health,Salesforce Admin,Senior Salesforce Admin,Australia,APAC,AI Assistant Referral,Product,CMP-019,Reports-to-CRMA Migration — APAC 2026-02,AI Assistant Referral,AI Assistant Referral,81,A,true,false,62,Disqualified,,,,false,false,false,Duplicate,,0,,,,
LEAD-11729,2026-05-08,Juniper Digital,Individual Learner,Career Switcher,France,EMEA,Outbound Sequence,Outbound,CMP-037,Team Upskilling Offer — EMEA 2025-04,Outbound Sequence,Outbound Sequence,31,C,false,false,0,Working,,,,false,false,false,,2,11,U-015,,,
LEAD-11730,2025-04-20,Sable Digital,Salesforce Admin,Salesforce Administrator,Mexico,AMER,Paid Search,Product,CMP-002,Reports-to-CRMA Migration — AMER 2025-08,Paid Search,Salesforce Community,83,A,true,false,85,New,,,,false,false,false,,,0,,,,
LEAD-11731,2025-05-25,Vantage Retail,Procurement / Finance,CFO,Brazil,AMER,Conference,Inbound Marketing,CMP-035,Dashboard Makeover Challenge — EMEA 2026-05,Conference,Conference,55,B,false,false,0,Nurture,2025-06-07,,,true,false,false,,2,2,U-020,,,
LEAD-11732,2025-11-27,Onyx Technologies,Salesforce Admin,CRM Manager,Indonesia,APAC,Paid Social,Inbound Marketing,CMP-009,Salesforce Event Follow-up — AMER 2026-01,Paid Social,Paid Social,51,B,false,false,0,Nurture,2025-11-28,,,true,false,false,,1,11,U-023,,,
LEAD-11733,2025-12-09,Ember Care,Individual Learner,Business Analyst,Sweden,EMEA,Free Course,Inbound Marketing,CMP-023,Dashboard Makeover Challenge — AMER 2025-06,Free Course,Webinar,28,D,false,false,0,Disqualified,,,,false,false,false,Competitor,0,4,U-021,,,
LEAD-11734,2025-07-21,Cinder Energy,Individual Learner,Business Analyst,Mexico,AMER,Webinar,Inbound Marketing,CMP-033,Admin to Analyst Path — EMEA 2026-07,Webinar,Webinar,24,D,false,false,0,New,,,,false,false,false,,2,6,U-015,,,
LEAD-11735,2025-05-13,North Technologies,Analytics Lead,Head of Analytics,Colombia,LATAM,Paid Social,Inbound Marketing,CMP-007,Admin to Analyst Path — EMEA 2025-05,Paid Social,Paid Social,50,B,false,false,0,SQL,2025-05-23,2025-05-30,,true,true,false,,2,7,U-019,U-008,,
LEAD-11736,2025-11-04,Kestrel Group,L&D / Enablement Manager,L&D Manager,Argentina,LATAM,Paid Search,Inbound Marketing,CMP-004,Q3 Pipeline Push — AMER 2025-11,Paid Search,Paid Search,96,A,false,false,0,MQL,2025-11-17,,,true,false,false,,2,10,U-015,,,
LEAD-11737,2026-09-01,Beacon Systems,Individual Learner,Career Switcher,Argentina,LATAM,AI Assistant Referral,Product,CMP-022,Dashboard Makeover Challenge — AMER 2025-10,AI Assistant Referral,AI Assistant Referral,72,A,true,true,83,Disqualified,,,,false,false,false,Student — free course only,,1,,,,
LEAD-11738,2026-08-28,Vantage Retail,Analytics Lead,Head of Analytics,Indonesia,APAC,Paid Search,Inbound Marketing,CMP-004,Q3 Pipeline Push — AMER 2025-11,Paid Search,Conference,67,B,false,false,0,MQL,2026-09-08,,,true,false,false,,1,9,U-027,,,
LEAD-11739,2026-01-11,Zephyr Insurance,Analytics Lead,Head of Analytics,Brazil,AMER,SI Partner Referral,Partner / Referral,CMP-042,Certification Season — AMER 2025-04,SI Partner Referral,SI Partner Referral,94,A,true,true,3,MQL,2026-01-17,,,true,false,false,,,0,,,,
LEAD-11740,2025-05-17,Onyx Group,Individual Learner,Career Switcher,Brazil,AMER,Free Course,Product,CMP-026,Reports-to-CRMA Migration — AMER 2025-08,Free Course,Free Course,65,B,true,false,95,SQL,2025-05-30,2025-06-25,,true,true,false,,,2,,U-001,,
LEAD-11741,2026-03-11,Cobalt Insurance,Procurement / Finance,Head of Vendor Management,India,APAC,Outbound Sequence,Outbound,CMP-041,Reports-to-CRMA Migration — AMER 2025-04,Outbound Sequence,Outbound Sequence,38,C,false,false,0,MQL,2026-03-31,,,true,false,false,,6,10,U-023,,,
LEAD-11742,2026-04-03,Wexler Logistics,Salesforce Admin,Senior Salesforce Admin,United Kingdom,EMEA,AI Assistant Referral,Product,CMP-021,SAQL Masterclass — LATAM 2025-09,AI Assistant Referral,AI Assistant Referral,65,B,true,true,99,New,,,,false,false,false,,,0,,,,
LEAD-11743,2026-04-14,Harbor Partners,Individual Learner,Business Analyst,United States,AMER,Conference,Inbound Marketing,CMP-036,Einstein Discovery Workshop — AMER 2026-04,Conference,Conference,35,C,false,false,0,New,,,,false,false,false,,1,3,U-017,,,
LEAD-11744,2026-01-15,Sable Retail,Individual Learner,Data Analyst,Brazil,AMER,Paid Social,Product,CMP-009,Salesforce Event Follow-up — AMER 2026-01,Paid Social,Paid Social,59,B,true,true,54,Converted,2026-01-19,2026-01-24,2026-02-20,true,true,true,,,0,,U-002,ACC-1113,OPP-20312
LEAD-11745,2026-09-19,Sable Capital,Procurement / Finance,Procurement Manager,Argentina,LATAM,Paid Social,Product,CMP-008,Admin to Analyst Path — EMEA 2026-02,Paid Social,SI Partner Referral,77,A,true,true,61,MQL,2026-10-07,,,true,false,false,,,1,,,,
LEAD-11746,2025-07-28,Halcyon Consulting,Analytics Lead,Head of Analytics,Mexico,AMER,Outbound Sequence,Outbound,CMP-037,Team Upskilling Offer — EMEA 2025-04,Outbound Sequence,Paid Social,59,B,false,false,0,SQL,2025-08-10,2025-08-12,,true,true,false,,3,4,U-022,U-011,,
LEAD-11747,2025-06-03,Harbor Partners,Individual Learner,Junior Consultant,Japan,APAC,SI Partner Referral,Partner / Referral,CMP-043,SAQL Masterclass — APAC 2026-01,SI Partner Referral,SI Partner Referral,45,C,false,false,0,SQL,2025-06-16,2025-06-25,,true,true,false,,3,3,U-022,U-006,,
LEAD-11748,2026-04-23,Lumen Care,Procurement / Finance,Finance Director,Canada,AMER,Paid Search,Product,CMP-002,Reports-to-CRMA Migration — AMER 2025-08,Paid Search,Paid Search,83,A,true,true,61,New,,,,false,false,false,,,0,,,,
LEAD-11749,2025-04-15,North Partners,Procurement / Finance,Procurement Manager,UAE,EMEA,Organic Search,Product,CMP-012,AI Search Visibility — AMER 2026-07,Organic Search,Organic Search,100,A,true,true,8,SQL,2025-04-24,2025-05-17,,true,true,false,,,2,,U-011,,
LEAD-11750,2026-04-28,Cinder Retail,Individual Learner,Junior Consultant,Brazil,AMER,Outbound Sequence,Outbound,CMP-040,AI Search Visibility — AMER 2026-05,Outbound Sequence,Outbound Sequence,12,D,false,false,0,New,,,,false,false,false,,0,6,U-026,,,
LEAD-11751,2025-09-07,Harbor Health,Salesforce Admin,Platform Owner,Mexico,AMER,Organic Search,Product,CMP-016,Dashboard Makeover Challenge — AMER 2026-04,Organic Search,Salesforce Community,77,A,true,true,73,New,,,,false,false,false,,,1,,,,
LEAD-11752,2026-09-10,Pallas Media,Analytics Lead,Head of Analytics,Mexico,AMER,Organic Search,Inbound Marketing,CMP-014,Einstein Discovery Workshop — APAC 2025-09,Organic Search,Organic Search,51,B,false,false,0,New,,,,false,false,false,,0,10,U-017,,,
LEAD-11753,2026-05-07,Dovetail Energy,Individual Learner,Business Analyst,United States,AMER,Paid Social,Inbound Marketing,CMP-007,Admin to Analyst Path — EMEA 2025-05,Paid Social,Paid Social,24,D,false,false,0,New,,,,false,false,false,,0,4,U-020,,,
LEAD-11754,2026-07-05,Pallas Energy,Individual Learner,Career Switcher,Sweden,EMEA,Organic Search,Product,CMP-018,Free Course Launch — AMER 2025-11,Organic Search,Organic Search,71,A,true,false,81,SQL,2026-07-09,2026-07-14,,true,true,false,,,1,,U-010,,
LEAD-11755,2026-08-16,North Consulting,Individual Learner,Data Analyst,Spain,EMEA,Paid Search,Inbound Marketing,CMP-004,Q3 Pipeline Push — AMER 2025-11,Paid Search,Organic Search,63,B,false,false,0,Disqualified,,,,false,false,false,No Salesforce org,3,7,U-022,,,
LEAD-11756,2025-10-22,Sable Health,Individual Learner,Career Switcher,Canada,AMER,Free Course,Product,CMP-026,Reports-to-CRMA Migration — AMER 2025-08,Free Course,Free Course,46,C,true,true,5,MQL,2025-10-24,,,true,false,false,,,2,,,,
LEAD-11757,2025-05-05,Dovetail Technologies,L&D / Enablement Manager,Head of Enablement,United States,AMER,SI Partner Referral,Partner / Referral,CMP-043,SAQL Masterclass — APAC 2026-01,SI Partner Referral,SI Partner Referral,62,B,false,false,0,Converted,2025-05-09,2025-05-12,2025-05-25,true,true,true,,3,5,U-021,U-014,ACC-1036,OPP-20313
LEAD-11758,2025-07-25,Foundry Care,Salesforce Admin,CRM Manager,Australia,APAC,Conference,Inbound Marketing,CMP-035,Dashboard Makeover Challenge — EMEA 2026-05,Conference,Conference,52,B,false,false,0,Working,,,,false,false,false,,0,11,U-015,,,
LEAD-11759,2026-01-24,Juniper Bank,Analytics Lead,Director of Sales Operations,India,APAC,Outbound Sequence,Outbound,CMP-039,Reports-to-CRMA Migration — EMEA 2026-02,Outbound Sequence,Webinar,29,D,false,false,0,Working,,,,false,false,false,,2,10,U-021,,,
LEAD-11760,2025-08-03,Foundry Systems,Individual Learner,Data Analyst,Mexico,AMER,Paid Search,Inbound Marketing,CMP-002,Reports-to-CRMA Migration — AMER 2025-08,Paid Search,AI Assistant Referral,50,B,false,false,0,Converted,2025-08-24,2025-09-04,2025-09-12,true,true,true,,4,9,U-027,U-006,ACC-1089,OPP-20314
LEAD-11761,2025-07-16,Umbra Bank,Salesforce Admin,Platform Owner,India,APAC,Paid Search,Inbound Marketing,CMP-005,Certification Season — AMER 2025-12,Paid Search,Paid Search,76,A,false,false,0,Working,,,,false,false,false,,2,3,U-020,,,
LEAD-11762,2025-09-30,Kestrel Capital,Individual Learner,Data Analyst,Japan,APAC,Organic Search,Product,CMP-012,AI Search Visibility — AMER 2026-07,Organic Search,Organic Search,54,B,true,false,52,Converted,2025-10-09,2025-10-15,2025-11-17,true,true,true,,,0,,U-014,ACC-1084,OPP-20315
LEAD-11763,2026-04-07,Vantage Logistics,Analytics Lead,Director of Sales Operations,Brazil,AMER,Paid Social,Product,CMP-010,Certification Season — LATAM 2025-06,Paid Social,Free Course,48,C,true,false,6,MQL,2026-04-12,,,true,false,false,,,2,,,,
LEAD-11764,2026-08-21,Meridian Digital,Salesforce Admin,Platform Owner,Brazil,AMER,Paid Search,Product,CMP-003,Free Course Launch — EMEA 2025-12,Paid Search,Paid Search,90,A,true,true,72,SQL,2026-09-09,2026-10-04,,true,true,false,,,1,,U-008,,
LEAD-11765,2025-07-16,Foundry Retail,Individual Learner,Business Analyst,Indonesia,APAC,Outbound Sequence,Outbound,CMP-040,AI Search Visibility — AMER 2026-05,Outbound Sequence,Outbound Sequence,16,D,false,false,0,MQL,2025-07-26,,,true,false,false,,1,7,U-015,,,
LEAD-11766,2026-02-17,Ember Media,Salesforce Admin,Salesforce Administrator,Canada,AMER,Paid Search,Product,CMP-004,Q3 Pipeline Push — AMER 2025-11,Paid Search,Paid Search,86,A,true,true,3,New,,,,false,false,false,,,2,,,,
LEAD-11767,2026-03-01,Harbor Pharma,Individual Learner,Data Analyst,Indonesia,APAC,Outbound Sequence,Outbound,CMP-040,AI Search Visibility — AMER 2026-05,Outbound Sequence,Organic Search,30,C,false,true,0,New,,,,false,false,false,,0,1,U-020,,,
LEAD-11768,2025-11-01,Umbra Care,Individual Learner,Business Analyst,Mexico,AMER,Organic Search,Inbound Marketing,CMP-017,SAQL Masterclass — AMER 2026-05,Organic Search,Organic Search,33,C,false,false,0,Working,,,,false,false,false,,1,10,U-027,,,
LEAD-11769,2026-04-30,Cobalt Digital,Individual Learner,Junior Consultant,France,EMEA,Organic Search,Inbound Marketing,CMP-015,Reports-to-CRMA Migration — AMER 2025-11,Organic Search,Organic Search,41,C,false,false,0,Working,,,,false,false,false,,2,11,U-018,,,
LEAD-11770,2026-08-04,Aster Care,Salesforce Admin,Platform Owner,Indonesia,APAC,Salesforce Community,Product,CMP-030,SAQL Masterclass — AMER 2025-08,Salesforce Community,Salesforce Community,71,A,true,false,77,MQL,2026-08-21,,,true,false,false,,,0,,,,
LEAD-11771,2025-05-21,Beacon Pharma,Individual Learner,Business Analyst,Mexico,AMER,Paid Search,Inbound Marketing,CMP-005,Certification Season — AMER 2025-12,Paid Search,Paid Search,62,B,false,false,0,Working,,,,false,false,false,,1,9,U-026,,,
LEAD-11772,2025-11-01,Wexler Digital,Individual Learner,Data Analyst,Mexico,AMER,Free Course,Product,CMP-028,Certification Season — AMER 2025-11,Free Course,Organic Search,47,C,true,false,33,MQL,2025-11-13,,,true,false,false,,,2,,,,
LEAD-11773,2026-09-01,Aster Foods,Analytics Lead,BI Lead,Canada,AMER,Organic Search,Product,CMP-012,AI Search Visibility — AMER 2026-07,Organic Search,Organic Search,100,A,true,true,26,Disqualified,,,,false,false,false,Competitor,,0,,,,
LEAD-11774,2026-06-02,Dovetail Capital,Procurement / Finance,Finance Director,UAE,EMEA,Organic Search,Inbound Marketing,CMP-013,Team Upskilling Offer — LATAM 2026-01,Organic Search,Organic Search,75,A,false,false,0,Working,,,,false,false,false,,0,3,U-016,,,
LEAD-11775,2026-05-23,Zephyr Consulting,Individual Learner,Data Analyst,Mexico,AMER,Paid Search,Inbound Marketing,CMP-005,Certification Season — AMER 2025-12,Paid Search,Outbound Sequence,47,C,false,false,0,Disqualified,,,,false,false,false,No Salesforce org,0,7,U-020,,,
LEAD-11776,2026-05-11,Umbra Insurance,Individual Learner,Career Switcher,Brazil,AMER,Free Course,Product,CMP-026,Reports-to-CRMA Migration — AMER 2025-08,Free Course,Free Course,55,B,true,false,40,MQL,2026-05-16,,,true,false,false,,,0,,,,
LEAD-11777,2025-06-17,Quanta Foods,Analytics Lead,Director of Sales Operations,Singapore,APAC,Salesforce Community,Inbound Marketing,CMP-030,SAQL Masterclass — AMER 2025-08,Salesforce Community,Salesforce Community,53,B,false,false,0,New,,,,false,false,false,,2,6,U-024,,,
LEAD-11778,2026-04-18,Zephyr Works,Individual Learner,Data Analyst,UAE,EMEA,AI Assistant Referral,Product,CMP-022,Dashboard Makeover Challenge — AMER 2025-10,AI Assistant Referral,AI Assistant Referral,54,B,true,true,57,MQL,2026-04-21,,,true,false,false,,,2,,,,
LEAD-11779,2026-07-12,Tundra Foods,Analytics Lead,RevOps Manager,Canada,AMER,SI Partner Referral,Partner / Referral,CMP-044,Reports-to-CRMA Migration — AMER 2025-06,SI Partner Referral,SI Partner Referral,66,B,false,false,0,SQL,2026-07-18,2026-07-27,,true,true,false,,3,6,U-019,U-006,,
LEAD-11780,2026-02-13,Pallas Bank,L&D / Enablement Manager,People Development Lead,Mexico,AMER,Paid Search,Inbound Marketing,CMP-002,Reports-to-CRMA Migration — AMER 2025-08,Paid Search,SI Partner Referral,81,A,false,false,0,SQL,2026-03-01,2026-03-09,,true,true,false,,2,8,U-025,U-005,,
LEAD-11781,2025-12-21,Cobalt Media,Individual Learner,Business Analyst,India,APAC,Outbound Sequence,Outbound,CMP-039,Reports-to-CRMA Migration — EMEA 2026-02,Outbound Sequence,Outbound Sequence,29,D,false,false,0,New,,,,false,false,false,,1,10,U-021,,,
LEAD-11782,2025-07-25,North Bank,Analytics Lead,RevOps Manager,Brazil,AMER,SI Partner Referral,Partner / Referral,CMP-042,Certification Season — AMER 2025-04,SI Partner Referral,Organic Search,63,B,false,false,0,SQL,2025-07-27,2025-08-05,,true,true,false,,4,6,U-019,U-011,,
LEAD-11783,2025-12-01,North Digital,Procurement / Finance,CFO,Canada,AMER,Salesforce Community,Inbound Marketing,CMP-031,Admin to Analyst Path — EMEA 2026-07,Salesforce Community,Outbound Sequence,82,A,false,false,0,SQL,2025-12-10,2025-12-13,,true,true,false,,0,4,U-022,U-003,,
LEAD-11784,2025-06-27,Umbra Retail,Procurement / Finance,CFO,Mexico,AMER,Paid Search,Product,CMP-004,Q3 Pipeline Push — AMER 2025-11,Paid Search,Paid Search,74,A,true,true,48,Converted,2025-07-09,2025-07-12,2025-07-31,true,true,true,,,1,,U-008,ACC-1023,OPP-20316
LEAD-11785,2026-09-07,Sable Motors,Analytics Lead,Head of Analytics,Australia,APAC,Paid Social,Inbound Marketing,CMP-008,Admin to Analyst Path — EMEA 2026-02,Paid Social,Paid Social,70,A,false,false,0,MQL,2026-09-08,,,true,false,false,,1,6,U-019,,,
LEAD-11786,2025-06-16,Vertex Systems,Analytics Lead,Head of Analytics,France,EMEA,SI Partner Referral,Partner / Referral,CMP-044,Reports-to-CRMA Migration — AMER 2025-06,SI Partner Referral,SI Partner Referral,85,A,true,true,57,MQL,2025-06-21,,,true,false,false,,,0,,,,
LEAD-11787,2026-09-05,Solstice Partners,Analytics Lead,BI Lead,Singapore,APAC,Organic Search,Product,CMP-011,Admin to Analyst Path — LATAM 2025-04,Organic Search,Organic Search,91,A,true,false,83,Converted,2026-09-25,2026-10-12,2026-11-01,true,true,true,,,0,,U-013,ACC-1120,OPP-20317
LEAD-11788,2026-06-15,Onyx Consulting,Salesforce Admin,Salesforce Administrator,UAE,EMEA,Customer Referral,Partner / Referral,CMP-046,Certification Season — AMER 2026-03,Customer Referral,SI Partner Referral,76,A,true,false,96,Converted,2026-06-15,2026-06-27,2026-07-01,true,true,true,,,2,,U-013,ACC-1055,OPP-20318
LEAD-11789,2026-09-10,Solstice Energy,Salesforce Admin,Senior Salesforce Admin,France,EMEA,Salesforce Community,Inbound Marketing,CMP-030,SAQL Masterclass — AMER 2025-08,Salesforce Community,Organic Search,68,B,false,false,0,Working,,,,false,false,false,,2,11,U-024,,,
LEAD-11790,2025-11-23,Foundry Media,Salesforce Admin,Salesforce Administrator,Japan,APAC,SI Partner Referral,Partner / Referral,CMP-042,Certification Season — AMER 2025-04,SI Partner Referral,SI Partner Referral,47,C,false,false,0,SQL,2025-11-27,2025-12-02,,true,true,false,,2,6,U-020,U-002,,
LEAD-11791,2025-12-10,Juniper Care,Salesforce Admin,Platform Owner,United Kingdom,EMEA,AI Assistant Referral,Inbound Marketing,CMP-022,Dashboard Makeover Challenge — AMER 2025-10,AI Assistant Referral,AI Assistant Referral,75,A,false,true,0,MQL,2025-12-13,,,true,false,false,,4,11,U-027,,,
LEAD-11792,2025-12-26,Quanta Media,L&D / Enablement Manager,People Development Lead,United States,AMER,Free Course,Product,CMP-025,Certification Season — EMEA 2025-09,Free Course,Free Course,77,A,true,false,33,MQL,2026-01-12,,,true,false,false,,,0,,,,
LEAD-11793,2026-07-11,Meridian Retail,Individual Learner,Junior Consultant,Mexico,AMER,Paid Search,Inbound Marketing,CMP-001,Salesforce Event Follow-up — AMER 2026-02,Paid Search,Customer Referral,54,B,false,false,0,SQL,2026-07-26,2026-08-14,,true,true,false,,3,8,U-027,U-007,,
LEAD-11794,2025-10-26,Zephyr Technologies,Analytics Lead,Director of Sales Operations,Canada,AMER,Free Course,Inbound Marketing,CMP-025,Certification Season — EMEA 2025-09,Free Course,Free Course,61,B,false,false,0,New,,,,false,false,false,,3,4,U-025,,,
LEAD-11795,2025-06-18,Tundra Motors,Salesforce Admin,Salesforce Administrator,Brazil,AMER,Free Course,Product,CMP-024,Team Upskilling Offer — AMER 2025-05,Free Course,Webinar,69,B,true,true,26,MQL,2025-07-04,,,true,false,false,,,0,,,,
LEAD-11796,2025-04-02,Foundry Works,Individual Learner,Junior Consultant,Sweden,EMEA,Conference,Inbound Marketing,CMP-035,Dashboard Makeover Challenge — EMEA 2026-05,Conference,Customer Referral,41,C,false,false,0,Converted,2025-04-20,2025-04-28,2025-05-08,true,true,true,,2,8,U-021,U-008,ACC-1045,OPP-20319
LEAD-11797,2025-08-23,Aster Media,Salesforce Admin,CRM Manager,United Kingdom,EMEA,SI Partner Referral,Partner / Referral,CMP-044,Reports-to-CRMA Migration — AMER 2025-06,SI Partner Referral,SI Partner Referral,71,A,false,false,0,Disqualified,,,,false,false,false,Went silent,2,1,U-018,,,
LEAD-11798,2026-05-23,Onyx Works,Salesforce Admin,CRM Manager,Brazil,AMER,Webinar,Inbound Marketing,CMP-032,Salesforce Event Follow-up — AMER 2025-12,Webinar,Webinar,39,C,false,false,0,Disqualified,,,,false,false,false,No budget,3,7,U-022,,,
LEAD-11799,2025-04-01,Cobalt Digital,L&D / Enablement Manager,Training Director,Australia,APAC,Paid Social,Product,CMP-007,Admin to Analyst Path — EMEA 2025-05,Paid Social,Free Course,75,A,true,false,72,Converted,2025-04-04,2025-04-19,2025-04-21,true,true,true,,,0,,U-008,ACC-1132,OPP-20320
LEAD-11800,2026-07-18,Sable Foods,Individual Learner,Data Analyst,India,APAC,Organic Search,Product,CMP-017,SAQL Masterclass — AMER 2026-05,Organic Search,Organic Search,58,B,true,false,56,MQL,2026-07-19,,,true,false,false,,,1,,,,
LEAD-11801,2026-07-17,Onyx Group,Individual Learner,Business Analyst,Mexico,AMER,Outbound Sequence,Outbound,CMP-038,Certification Season — AMER 2025-04,Outbound Sequence,Outbound Sequence,26,D,false,false,0,MQL,2026-07-23,,,true,false,false,,3,10,U-027,,,
LEAD-11802,2026-08-05,Wexler Media,Salesforce Admin,Senior Salesforce Admin,Spain,EMEA,Organic Search,Product,CMP-018,Free Course Launch — AMER 2025-11,Organic Search,Organic Search,74,A,true,false,37,Disqualified,,,,false,false,false,No Salesforce org,,0,,,,
LEAD-11803,2026-03-05,Cinder Technologies,Analytics Lead,Head of Analytics,Singapore,APAC,SI Partner Referral,Partner / Referral,CMP-043,SAQL Masterclass — APAC 2026-01,SI Partner Referral,SI Partner Referral,45,C,false,false,0,Converted,2026-03-25,2026-04-12,2026-04-28,true,true,true,,2,5,U-016,U-010,ACC-1072,OPP-20321
LEAD-11804,2026-06-04,Vertex Technologies,Individual Learner,Business Analyst,Argentina,LATAM,Organic Search,Product,CMP-011,Admin to Analyst Path — LATAM 2025-04,Organic Search,Organic Search,87,A,true,true,97,Nurture,2026-06-05,,,true,false,false,,,1,,,,
LEAD-11805,2025-11-11,Dovetail Capital,L&D / Enablement Manager,Training Director,Mexico,AMER,Organic Search,Inbound Marketing,CMP-011,Admin to Analyst Path — LATAM 2025-04,Organic Search,Organic Search,76,A,false,false,0,SQL,2025-11-16,2025-12-08,,true,true,false,,4,8,U-021,U-001,,
LEAD-11806,2026-03-09,Lumen Energy,L&D / Enablement Manager,People Development Lead,United States,AMER,AI Assistant Referral,Product,CMP-022,Dashboard Makeover Challenge — AMER 2025-10,AI Assistant Referral,AI Assistant Referral,100,A,true,false,47,Converted,2026-03-22,2026-04-10,2026-04-18,true,true,true,,,0,,U-011,ACC-1113,OPP-20322
LEAD-11807,2025-06-18,Ember Care,Salesforce Admin,Senior Salesforce Admin,Brazil,AMER,Paid Search,Product,CMP-003,Free Course Launch — EMEA 2025-12,Paid Search,Paid Search,70,A,true,true,27,Converted,2025-07-06,2025-07-15,2025-08-17,true,true,true,,,2,,U-004,ACC-1005,OPP-20323
LEAD-11808,2025-06-08,Beacon Foods,Salesforce Admin,Salesforce Administrator,Mexico,AMER,SI Partner Referral,Partner / Referral,CMP-044,Reports-to-CRMA Migration — AMER 2025-06,SI Partner Referral,SI Partner Referral,86,A,false,false,0,Disqualified,,,,false,false,false,No Salesforce org,2,5,U-027,,,
LEAD-11809,2025-11-23,Cobalt Bank,Individual Learner,Business Analyst,United States,AMER,Paid Social,Product,CMP-009,Salesforce Event Follow-up — AMER 2026-01,Paid Social,Paid Social,51,B,true,true,56,Nurture,2025-12-12,,,true,false,false,,,1,,,,
LEAD-11810,2025-07-16,Lumen Care,Individual Learner,Career Switcher,Canada,AMER,Paid Search,Inbound Marketing,CMP-001,Salesforce Event Follow-up — AMER 2026-02,Paid Search,Paid Search,44,C,false,false,0,MQL,2025-07-17,,,true,false,false,,2,11,U-020,,,
LEAD-11811,2025-12-14,Quanta Digital,Individual Learner,Junior Consultant,France,EMEA,Salesforce Community,Product,CMP-029,Classroom Batch Push — EMEA 2025-11,Salesforce Community,Salesforce Community,53,B,true,false,2,SQL,2025-12-30,2025-12-31,,true,true,false,,,2,,U-003,,
LEAD-11812,2026-09-19,Vertex Logistics,Salesforce Admin,Senior Salesforce Admin,Singapore,APAC,Salesforce Community,Inbound Marketing,CMP-029,Classroom Batch Push — EMEA 2025-11,Salesforce Community,Salesforce Community,55,B,false,false,0,New,,,,false,false,false,,4,7,U-019,,,
LEAD-11813,2025-12-13,Juniper Systems,Individual Learner,Data Analyst,India,APAC,Paid Search,Inbound Marketing,CMP-004,Q3 Pipeline Push — AMER 2025-11,Paid Search,Salesforce Community,59,B,false,false,0,MQL,2025-12-16,,,true,false,false,,2,8,U-015,,,
LEAD-11814,2026-04-07,Ember Retail,Individual Learner,Junior Consultant,United Kingdom,EMEA,Webinar,Inbound Marketing,CMP-033,Admin to Analyst Path — EMEA 2026-07,Webinar,Conference,26,D,false,false,0,New,,,,false,false,false,,2,4,U-016,,,
LEAD-11815,2025-07-02,North Retail,Analytics Lead,RevOps Manager,Japan,APAC,Organic Search,Product,CMP-014,Einstein Discovery Workshop — APAC 2025-09,Organic Search,Conference,100,A,true,true,62,New,,,,false,false,false,,,2,,,,
LEAD-11816,2026-04-07,Lumen Works,Salesforce Admin,Platform Owner,Mexico,AMER,Paid Social,Product,CMP-010,Certification Season — LATAM 2025-06,Paid Social,Paid Social,71,A,true,true,52,New,,,,false,false,false,,,1,,,,
LEAD-11817,2026-04-19,Sable Technologies,Procurement / Finance,Finance Director,France,EMEA,Paid Search,Inbound Marketing,CMP-003,Free Course Launch — EMEA 2025-12,Paid Search,Paid Search,100,A,false,false,0,SQL,2026-04-26,2026-05-10,,true,true,false,,3,4,U-018,U-010,,
LEAD-11818,2026-05-26,Kestrel Systems,Individual Learner,Business Analyst,Brazil,AMER,Conference,Inbound Marketing,CMP-035,Dashboard Makeover Challenge — EMEA 2026-05,Conference,Conference,43,C,false,false,0,Disqualified,,,,false,false,false,Student — free course only,2,10,U-017,,,
LEAD-11819,2026-02-05,Lattice Bank,Individual Learner,Business Analyst,United States,AMER,AI Assistant Referral,Product,CMP-021,SAQL Masterclass — LATAM 2025-09,AI Assistant Referral,AI Assistant Referral,49,C,true,false,8,MQL,2026-02-14,,,true,false,false,,,2,,,,
LEAD-11820,2025-09-15,Aster Systems,Individual Learner,Business Analyst,Mexico,AMER,Free Course,Product,CMP-025,Certification Season — EMEA 2025-09,Free Course,Webinar,66,B,true,true,46,MQL,2025-09-23,,,true,false,false,,,1,,,,
LEAD-11821,2025-06-23,Orbital Works,Analytics Lead,BI Lead,United Kingdom,EMEA,Paid Search,Inbound Marketing,CMP-002,Reports-to-CRMA Migration — AMER 2025-08,Paid Search,Salesforce Community,62,B,false,false,0,SQL,2025-06-24,2025-07-17,,true,true,false,,3,6,U-020,U-008,,
LEAD-11822,2026-05-25,Foundry Logistics,Analytics Lead,Director of Sales Operations,Indonesia,APAC,Conference,Inbound Marketing,CMP-036,Einstein Discovery Workshop — AMER 2026-04,Conference,Conference,65,B,false,true,0,Working,,,,false,false,false,,0,10,U-021,,,
LEAD-11823,2025-06-24,North Foods,L&D / Enablement Manager,Training Director,France,EMEA,Paid Search,Inbound Marketing,CMP-004,Q3 Pipeline Push — AMER 2025-11,Paid Search,Paid Search,92,A,false,false,0,Working,,,,false,false,false,,0,10,U-027,,,
LEAD-11824,2026-05-17,Pallas Consulting,Salesforce Admin,CRM Manager,United States,AMER,Webinar,Product,CMP-034,Salesforce Event Follow-up — EMEA 2026-03,Webinar,Outbound Sequence,70,A,true,false,54,SQL,2026-05-26,2026-06-17,,true,true,false,,,2,,U-010,,
LEAD-11825,2025-09-26,North Energy,L&D / Enablement Manager,Training Director,Brazil,AMER,Organic Search,Product,CMP-012,AI Search Visibility — AMER 2026-07,Organic Search,Webinar,97,A,true,true,43,Converted,2025-10-14,2025-10-31,2025-11-29,true,true,true,,,2,,U-002,ACC-1037,OPP-20324
LEAD-11826,2025-09-16,Wexler Group,Individual Learner,Junior Consultant,Argentina,LATAM,Outbound Sequence,Outbound,CMP-038,Certification Season — AMER 2025-04,Outbound Sequence,AI Assistant Referral,18,D,false,false,0,New,,,,false,false,false,,3,2,U-025,,,
LEAD-11827,2025-12-23,Halcyon Care,Salesforce Admin,Salesforce Administrator,Canada,AMER,AI Assistant Referral,Inbound Marketing,CMP-019,Reports-to-CRMA Migration — APAC 2026-02,AI Assistant Referral,Paid Social,59,B,false,false,0,Disqualified,,,,false,false,false,No Salesforce org,0,2,U-027,,,
LEAD-11828,2025-11-07,Sable Telecom,Individual Learner,Data Analyst,Australia,APAC,Organic Search,Product,CMP-011,Admin to Analyst Path — LATAM 2025-04,Organic Search,Organic Search,52,B,true,true,12,MQL,2025-11-19,,,true,false,false,,,1,,,,
LEAD-11829,2026-05-04,Solstice Energy,Analytics Lead,RevOps Manager,Spain,EMEA,Organic Search,Product,CMP-011,Admin to Analyst Path — LATAM 2025-04,Organic Search,Organic Search,68,B,true,false,20,SQL,2026-05-19,2026-06-01,,true,true,false,,,1,,U-005,,
LEAD-11830,2026-08-21,Ember Logistics,Analytics Lead,BI Lead,Indonesia,APAC,Conference,Inbound Marketing,CMP-036,Einstein Discovery Workshop — AMER 2026-04,Conference,Conference,43,C,false,false,0,Converted,2026-09-06,2026-09-20,2026-10-02,true,true,true,,2,8,U-025,U-001,ACC-1045,OPP-20325
LEAD-11831,2025-05-30,Vantage Energy,Individual Learner,Career Switcher,United States,AMER,Paid Search,Product,CMP-004,Q3 Pipeline Push — AMER 2025-11,Paid Search,Webinar,87,A,true,true,86,MQL,2025-06-07,,,true,false,false,,,2,,,,
LEAD-11832,2025-12-03,Zephyr Insurance,L&D / Enablement Manager,Head of Enablement,Mexico,AMER,Free Course,Product,CMP-028,Certification Season — AMER 2025-11,Free Course,Free Course,86,A,true,true,29,Disqualified,,,,false,false,false,Student — free course only,,2,,,,
LEAD-11833,2025-04-23,Halcyon Foods,Procurement / Finance,Procurement Manager,Brazil,AMER,Salesforce Community,Inbound Marketing,CMP-030,SAQL Masterclass — AMER 2025-08,Salesforce Community,Salesforce Community,42,C,false,false,0,New,,,,false,false,false,,3,11,U-023,,,
LEAD-11834,2025-04-26,Kestrel Bank,Salesforce Admin,Platform Owner,France,EMEA,Free Course,Product,CMP-028,Certification Season — AMER 2025-11,Free Course,Paid Social,82,A,true,true,19,MQL,2025-05-05,,,true,false,false,,,1,,,,
LEAD-11835,2026-07-04,Tundra Group,Salesforce Admin,Senior Salesforce Admin,France,EMEA,Organic Search,Product,CMP-018,Free Course Launch — AMER 2025-11,Organic Search,Webinar,91,A,true,true,8,SQL,2026-07-05,2026-07-25,,true,true,false,,,0,,U-003,,
LEAD-11836,2025-08-12,Juniper Technologies,Salesforce Admin,Salesforce Administrator,Brazil,AMER,Organic Search,Product,CMP-018,Free Course Launch — AMER 2025-11,Organic Search,Organic Search,94,A,true,false,90,Converted,2025-08-26,2025-09-01,2025-10-02,true,true,true,,,2,,U-003,ACC-1075,OPP-20326
LEAD-11837,2026-03-30,Solstice Logistics,Individual Learner,Career Switcher,United States,AMER,Paid Social,Inbound Marketing,CMP-010,Certification Season — LATAM 2025-06,Paid Social,Paid Social,42,C,false,false,0,Nurture,2026-04-17,,,true,false,false,,4,6,U-019,,,
LEAD-11838,2025-10-26,Rivet Care,L&D / Enablement Manager,Head of Enablement,Singapore,APAC,AI Assistant Referral,Product,CMP-021,SAQL Masterclass — LATAM 2025-09,AI Assistant Referral,Conference,95,A,true,true,38,Converted,2025-10-29,2025-11-05,2025-11-15,true,true,true,,,1,,U-002,ACC-1120,OPP-20327
LEAD-11839,2025-10-13,Solstice Group,Analytics Lead,RevOps Manager,United States,AMER,Paid Social,Product,CMP-007,Admin to Analyst Path — EMEA 2025-05,Paid Social,Organic Search,42,C,true,true,12,New,,,,false,false,false,,,2,,,,
LEAD-11840,2025-04-25,Halcyon Capital,Analytics Lead,Head of Analytics,Sweden,EMEA,SI Partner Referral,Partner / Referral,CMP-042,Certification Season — AMER 2025-04,SI Partner Referral,SI Partner Referral,75,A,false,false,0,Working,,,,false,false,false,,3,6,U-018,,,
LEAD-11841,2026-07-13,Vertex Health,Individual Learner,Data Analyst,India,APAC,Outbound Sequence,Outbound,CMP-038,Certification Season — AMER 2025-04,Outbound Sequence,Outbound Sequence,52,B,false,false,0,MQL,2026-07-14,,,true,false,false,,4,7,U-016,,,
LEAD-11842,2025-07-04,Lumen Technologies,Individual Learner,Data Analyst,Germany,EMEA,Free Course,Product,CMP-026,Reports-to-CRMA Migration — AMER 2025-08,Free Course,Free Course,90,A,true,false,52,MQL,2025-07-15,,,true,false,false,,,2,,,,
LEAD-11843,2025-05-04,Lattice Retail,Procurement / Finance,Finance Director,Germany,EMEA,Salesforce Community,Product,CMP-030,SAQL Masterclass — AMER 2025-08,Salesforce Community,Organic Search,60,B,true,false,52,New,,,,false,false,false,,,0,,,,
LEAD-11844,2025-11-08,Harbor Media,Individual Learner,Junior Consultant,United States,AMER,Webinar,Inbound Marketing,CMP-034,Salesforce Event Follow-up — EMEA 2026-03,Webinar,Webinar,50,B,false,false,0,Disqualified,,,,false,false,false,Competitor,1,10,U-023,,,
LEAD-11845,2026-04-14,Zephyr Logistics,Salesforce Admin,Salesforce Administrator,Canada,AMER,Salesforce Community,Product,CMP-030,SAQL Masterclass — AMER 2025-08,Salesforce Community,Salesforce Community,92,A,true,false,32,Nurture,2026-04-25,,,true,false,false,,,1,,,,
LEAD-11846,2026-03-21,Wexler Bank,Procurement / Finance,Head of Vendor Management,Singapore,APAC,Organic Search,Inbound Marketing,CMP-013,Team Upskilling Offer — LATAM 2026-01,Organic Search,Organic Search,70,A,false,false,0,New,,,,false,false,false,,1,10,U-022,,,
LEAD-11847,2026-03-21,Cinder Telecom,Procurement / Finance,CFO,Chile,LATAM,AI Assistant Referral,Inbound Marketing,CMP-020,Dashboard Makeover Challenge — AMER 2025-12,AI Assistant Referral,AI Assistant Referral,65,B,false,false,0,MQL,2026-04-10,,,true,false,false,,3,7,U-022,,,
LEAD-11848,2025-10-29,Lumen Foods,Individual Learner,Data Analyst,India,APAC,Free Course,Product,CMP-023,Dashboard Makeover Challenge — AMER 2025-06,Free Course,Free Course,69,B,true,true,59,SQL,2025-11-14,2025-12-02,,true,true,false,,,0,,U-004,,
LEAD-11849,2026-08-16,Onyx Media,Analytics Lead,RevOps Manager,Germany,EMEA,Paid Search,Inbound Marketing,CMP-004,Q3 Pipeline Push — AMER 2025-11,Paid Search,Paid Search,56,B,false,false,0,Disqualified,,,,false,false,false,No Salesforce org,2,8,U-023,,,
LEAD-11850,2026-09-12,Wexler Technologies,Procurement / Finance,Finance Director,Indonesia,APAC,AI Assistant Referral,Inbound Marketing,CMP-019,Reports-to-CRMA Migration — APAC 2026-02,AI Assistant Referral,Paid Search,68,B,false,true,0,MQL,2026-09-30,,,true,false,false,,2,7,U-017,,,
LEAD-11851,2025-12-26,Halcyon Motors,Procurement / Finance,CFO,Indonesia,APAC,AI Assistant Referral,Product,CMP-019,Reports-to-CRMA Migration — APAC 2026-02,AI Assistant Referral,AI Assistant Referral,77,A,true,true,41,Working,,,,false,false,false,,,1,,,,
LEAD-11852,2026-03-02,Tundra Bank,Individual Learner,Data Analyst,Germany,EMEA,Webinar,Inbound Marketing,CMP-034,Salesforce Event Follow-up — EMEA 2026-03,Webinar,Outbound Sequence,43,C,false,false,0,MQL,2026-03-08,,,true,false,false,,4,9,U-026,,,
LEAD-11853,2026-08-17,Beacon Technologies,Procurement / Finance,Finance Director,Indonesia,APAC,Customer Referral,Partner / Referral,CMP-046,Certification Season — AMER 2026-03,Customer Referral,Customer Referral,94,A,false,false,0,Disqualified,,,,false,false,false,Wrong geo,1,6,U-021,,,
LEAD-11854,2026-08-28,Umbra Motors,Individual Learner,Junior Consultant,Sweden,EMEA,Paid Social,Inbound Marketing,CMP-010,Certification Season — LATAM 2025-06,Paid Social,AI Assistant Referral,49,C,false,false,0,Converted,2026-09-04,2026-09-22,2026-10-07,true,true,true,,3,10,U-027,U-003,ACC-1103,OPP-20328
LEAD-11855,2025-06-28,Cinder Health,Salesforce Admin,Platform Owner,Canada,AMER,Paid Social,Inbound Marketing,CMP-009,Salesforce Event Follow-up — AMER 2026-01,Paid Social,Free Course,44,C,false,false,0,SQL,2025-06-30,2025-07-26,,true,true,false,,1,5,U-020,U-014,,
LEAD-11856,2025-10-16,Ember Retail,L&D / Enablement Manager,People Development Lead,Japan,APAC,Free Course,Inbound Marketing,CMP-028,Certification Season — AMER 2025-11,Free Course,Free Course,78,A,false,false,0,Disqualified,,,,false,false,false,Free course is enough,0,10,U-025,,,
LEAD-11857,2025-07-09,Foundry Energy,Salesforce Admin,Senior Salesforce Admin,Canada,AMER,Paid Social,Inbound Marketing,CMP-007,Admin to Analyst Path — EMEA 2025-05,Paid Social,Free Course,30,C,false,false,0,Disqualified,,,,false,false,false,Free course is enough,2,7,U-020,,,
LEAD-11858,2026-07-02,Orbital Bank,Individual Learner,Junior Consultant,France,EMEA,Paid Social,Inbound Marketing,CMP-008,Admin to Analyst Path — EMEA 2026-02,Paid Social,Paid Social,23,D,false,false,0,Disqualified,,,,false,false,false,Competitor,3,5,U-020,,,
LEAD-11859,2026-08-02,Meridian Media,Individual Learner,Junior Consultant,UAE,EMEA,Paid Search,Product,CMP-006,AI Search Visibility — AMER 2026-02,Paid Search,AI Assistant Referral,41,C,true,true,5,Working,,,,false,false,false,,,0,,,,
LEAD-11860,2025-05-13,Umbra Bank,Salesforce Admin,Salesforce Administrator,Brazil,AMER,Conference,Inbound Marketing,CMP-036,Einstein Discovery Workshop — AMER 2026-04,Conference,Organic Search,60,B,false,false,0,Converted,2025-05-14,2025-05-26,2025-06-23,true,true,true,,3,8,U-018,U-006,ACC-1010,OPP-20329
LEAD-11861,2025-09-02,Lumen Capital,Analytics Lead,Director of Sales Operations,Brazil,AMER,Salesforce Community,Product,CMP-031,Admin to Analyst Path — EMEA 2026-07,Salesforce Community,Paid Search,78,A,true,false,66,SQL,2025-09-11,2025-09-18,,true,true,false,,,0,,U-002,,
LEAD-11862,2026-02-04,Aster Media,Analytics Lead,RevOps Manager,Canada,AMER,Free Course,Product,CMP-028,Certification Season — AMER 2025-11,Free Course,Free Course,95,A,true,true,38,SQL,2026-02-05,2026-02-16,,true,true,false,,,1,,U-001,,
LEAD-11863,2025-11-09,Foundry Digital,Salesforce Admin,Platform Owner,Canada,AMER,Salesforce Community,Inbound Marketing,CMP-029,Classroom Batch Push — EMEA 2025-11,Salesforce Community,AI Assistant Referral,50,B,false,false,0,Disqualified,,,,false,false,false,Competitor,1,1,U-027,,,
LEAD-11864,2026-09-07,Vertex Works,Individual Learner,Junior Consultant,Colombia,LATAM,Salesforce Community,Product,CMP-031,Admin to Analyst Path — EMEA 2026-07,Salesforce Community,Salesforce Community,65,B,true,true,53,SQL,2026-09-27,2026-10-09,,true,true,false,,,2,,U-011,,
LEAD-11865,2026-06-19,Vertex Systems,Analytics Lead,Director of Sales Operations,Germany,EMEA,Salesforce Community,Inbound Marketing,CMP-030,SAQL Masterclass — AMER 2025-08,Salesforce Community,Salesforce Community,68,B,false,true,0,MQL,2026-07-03,,,true,false,false,,0,2,U-021,,,
LEAD-11866,2026-05-25,Dovetail Media,Analytics Lead,Head of Analytics,Mexico,AMER,Organic Search,Product,CMP-011,Admin to Analyst Path — LATAM 2025-04,Organic Search,Customer Referral,98,A,true,true,52,Converted,2026-06-12,2026-06-16,2026-07-11,true,true,true,,,1,,U-012,ACC-1038,OPP-20330
LEAD-11867,2025-07-07,Cinder Retail,Individual Learner,Business Analyst,Colombia,LATAM,Webinar,Inbound Marketing,CMP-033,Admin to Analyst Path — EMEA 2026-07,Webinar,Webinar,36,C,false,false,0,Disqualified,,,,false,false,false,Competitor,3,8,U-017,,,
LEAD-11868,2025-11-04,Solstice Care,L&D / Enablement Manager,Head of Enablement,Colombia,LATAM,Outbound Sequence,Outbound,CMP-037,Team Upskilling Offer — EMEA 2025-04,Outbound Sequence,Outbound Sequence,46,C,false,true,0,Disqualified,,,,false,false,false,Duplicate,2,6,U-016,,,
LEAD-11869,2025-12-01,Vantage Insurance,Individual Learner,Career Switcher,Mexico,AMER,Webinar,Product,CMP-033,Admin to Analyst Path — EMEA 2026-07,Webinar,SI Partner Referral,44,C,true,true,38,Converted,2025-12-22,2025-12-30,2026-01-24,true,true,true,,,0,,U-004,ACC-1136,OPP-20331
LEAD-11870,2025-06-03,Juniper Digital,Individual Learner,Data Analyst,Argentina,LATAM,Outbound Sequence,Outbound,CMP-040,AI Search Visibility — AMER 2026-05,Outbound Sequence,Outbound Sequence,25,D,false,false,0,New,,,,false,false,false,,3,9,U-015,,,
LEAD-11871,2025-11-23,Lumen Systems,Individual Learner,Business Analyst,Sweden,EMEA,SI Partner Referral,Partner / Referral,CMP-042,Certification Season — AMER 2025-04,SI Partner Referral,SI Partner Referral,39,C,false,false,0,Disqualified,,,,false,false,false,Duplicate,2,8,U-019,,,
LEAD-11872,2025-11-10,Beacon Digital,Analytics Lead,RevOps Manager,Germany,EMEA,AI Assistant Referral,Product,CMP-021,SAQL Masterclass — LATAM 2025-09,AI Assistant Referral,AI Assistant Referral,81,A,true,true,100,MQL,2025-11-10,,,true,false,false,,,1,,,,
LEAD-11873,2026-05-17,Vertex Consulting,Salesforce Admin,Platform Owner,Mexico,AMER,Paid Search,Product,CMP-002,Reports-to-CRMA Migration — AMER 2025-08,Paid Search,Paid Search,77,A,true,true,96,SQL,2026-05-23,2026-05-29,,true,true,false,,,2,,U-008,,
LEAD-11874,2026-03-03,Sable Motors,Procurement / Finance,Procurement Manager,India,APAC,Customer Referral,Partner / Referral,CMP-046,Certification Season — AMER 2026-03,Customer Referral,Free Course,85,A,true,false,83,Converted,2026-03-06,2026-03-11,2026-03-31,true,true,true,,,2,,U-009,ACC-1118,OPP-20332
LEAD-11875,2026-07-11,Lumen Group,Salesforce Admin,Platform Owner,Germany,EMEA,Organic Search,Inbound Marketing,CMP-018,Free Course Launch — AMER 2025-11,Organic Search,Organic Search,75,A,false,false,0,Converted,2026-07-25,2026-08-15,2026-08-21,true,true,true,,3,4,U-017,U-006,ACC-1064,OPP-20333
LEAD-11876,2025-07-29,Ember Energy,Individual Learner,Business Analyst,Canada,AMER,Customer Referral,Partner / Referral,CMP-045,Einstein Discovery Workshop — AMER 2025-09,Customer Referral,Customer Referral,65,B,false,false,0,Converted,2025-08-07,2025-08-19,2025-09-18,true,true,true,,3,7,U-025,U-003,ACC-1137,OPP-20334
LEAD-11877,2025-06-12,Meridian Technologies,Analytics Lead,Director of Sales Operations,India,APAC,Free Course,Product,CMP-024,Team Upskilling Offer — AMER 2025-05,Free Course,Organic Search,80,A,true,false,32,Converted,2025-06-19,2025-07-06,2025-07-12,true,true,true,,,1,,U-002,ACC-1027,OPP-20335
LEAD-11878,2026-03-30,Umbra Group,L&D / Enablement Manager,People Development Lead,UAE,EMEA,SI Partner Referral,Partner / Referral,CMP-042,Certification Season — AMER 2025-04,SI Partner Referral,AI Assistant Referral,79,A,false,false,0,MQL,2026-04-04,,,true,false,false,,6,10,U-018,,,
LEAD-11879,2025-10-10,Meridian Health,L&D / Enablement Manager,Head of Enablement,Singapore,APAC,Webinar,Inbound Marketing,CMP-032,Salesforce Event Follow-up — AMER 2025-12,Webinar,Webinar,52,B,false,false,0,MQL,2025-10-16,,,true,false,false,,1,9,U-022,,,
LEAD-11880,2025-04-01,North Media,Salesforce Admin,Senior Salesforce Admin,United States,AMER,Salesforce Community,Product,CMP-031,Admin to Analyst Path — EMEA 2026-07,Salesforce Community,Free Course,64,B,true,true,25,Nurture,2025-04-03,,,true,false,false,,,0,,,,
LEAD-11881,2026-03-09,Foundry Capital,Procurement / Finance,Procurement Manager,United Kingdom,EMEA,Free Course,Product,CMP-025,Certification Season — EMEA 2025-09,Free Course,Free Course,100,A,true,false,93,Converted,2026-03-15,2026-04-08,2026-04-20,true,true,true,,,1,,U-008,ACC-1050,OPP-20336
LEAD-11882,2025-10-23,Zephyr Health,Procurement / Finance,Procurement Manager,Germany,EMEA,Organic Search,Product,CMP-013,Team Upskilling Offer — LATAM 2026-01,Organic Search,Organic Search,100,A,true,true,34,Disqualified,,,,false,false,false,Competitor,,2,,,,
LEAD-11883,2026-08-14,Wexler Works,Salesforce Admin,Senior Salesforce Admin,Japan,APAC,Organic Search,Inbound Marketing,CMP-012,AI Search Visibility — AMER 2026-07,Organic Search,Organic Search,64,B,false,false,0,MQL,2026-08-16,,,true,false,false,,1,4,U-019,,,
LEAD-11884,2025-09-14,Beacon Partners,Procurement / Finance,Procurement Manager,Canada,AMER,Outbound Sequence,Outbound,CMP-040,AI Search Visibility — AMER 2026-05,Outbound Sequence,Outbound Sequence,56,B,false,false,0,SQL,2025-09-17,2025-09-20,,true,true,false,,0,4,U-027,U-001,,
LEAD-11885,2025-05-07,Ember Health,Procurement / Finance,Procurement Manager,India,APAC,Paid Search,Inbound Marketing,CMP-001,Salesforce Event Follow-up — AMER 2026-02,Paid Search,Paid Search,60,B,false,false,0,Working,,,,false,false,false,,3,3,U-024,,,
LEAD-11886,2026-01-03,Rivet Systems,Analytics Lead,Director of Sales Operations,Brazil,AMER,Salesforce Community,Product,CMP-031,Admin to Analyst Path — EMEA 2026-07,Salesforce Community,Salesforce Community,71,A,true,true,36,New,,,,false,false,false,,,1,,,,
LEAD-11887,2026-07-30,Kestrel Partners,Analytics Lead,BI Lead,Indonesia,APAC,Salesforce Community,Product,CMP-030,SAQL Masterclass — AMER 2025-08,Salesforce Community,Salesforce Community,67,B,true,true,7,Converted,2026-08-20,2026-08-21,2026-09-08,true,true,true,,,1,,U-006,ACC-1026,OPP-20337
LEAD-11888,2026-02-27,Quanta Logistics,Salesforce Admin,Senior Salesforce Admin,Canada,AMER,Outbound Sequence,Outbound,CMP-041,Reports-to-CRMA Migration — AMER 2025-04,Outbound Sequence,Salesforce Community,69,B,false,false,0,MQL,2026-03-10,,,true,false,false,,3,10,U-016,,,
LEAD-11889,2025-05-14,Rivet Media,Analytics Lead,Head of Analytics,Canada,AMER,Free Course,Product,CMP-027,Q3 Pipeline Push — APAC 2025-05,Free Course,Free Course,74,A,true,false,39,Disqualified,,,,false,false,false,Student — free course only,,1,,,,
LEAD-11890,2025-12-31,Orbital Energy,Individual Learner,Career Switcher,Australia,APAC,AI Assistant Referral,Product,CMP-020,Dashboard Makeover Challenge — AMER 2025-12,AI Assistant Referral,Organic Search,30,C,true,true,76,New,,,,false,false,false,,,2,,,,
LEAD-11891,2025-08-11,Umbra Logistics,Salesforce Admin,Salesforce Administrator,Singapore,APAC,AI Assistant Referral,Product,CMP-019,Reports-to-CRMA Migration — APAC 2026-02,AI Assistant Referral,AI Assistant Referral,82,A,true,true,90,SQL,2025-08-17,2025-08-26,,true,true,false,,,1,,U-006,,
LEAD-11892,2026-06-03,Orbital Media,Individual Learner,Data Analyst,Singapore,APAC,Organic Search,Product,CMP-014,Einstein Discovery Workshop — APAC 2025-09,Organic Search,Organic Search,55,B,true,false,89,MQL,2026-06-06,,,true,false,false,,,2,,,,
LEAD-11893,2025-04-06,Beacon Motors,Individual Learner,Junior Consultant,Japan,APAC,Conference,Inbound Marketing,CMP-036,Einstein Discovery Workshop — AMER 2026-04,Conference,Conference,41,C,false,false,0,Disqualified,,,,false,false,false,Wrong geo,2,4,U-021,,,
LEAD-11894,2026-01-23,Tundra Digital,Analytics Lead,Director of Sales Operations,Spain,EMEA,Outbound Sequence,Outbound,CMP-038,Certification Season — AMER 2025-04,Outbound Sequence,Outbound Sequence,78,A,true,true,44,SQL,2026-02-03,2026-02-27,,true,true,false,,2,7,U-016,U-007,,
LEAD-11895,2026-08-14,Sable Care,Salesforce Admin,CRM Manager,Canada,AMER,AI Assistant Referral,Product,CMP-019,Reports-to-CRMA Migration — APAC 2026-02,AI Assistant Referral,AI Assistant Referral,52,B,true,true,37,Working,,,,false,false,false,,,0,,,,
LEAD-11896,2025-10-21,Ember Group,Procurement / Finance,Finance Director,Indonesia,APAC,Organic Search,Inbound Marketing,CMP-017,SAQL Masterclass — AMER 2026-05,Organic Search,Outbound Sequence,76,A,false,false,0,SQL,2025-11-04,2025-11-06,,true,true,false,,0,8,U-017,U-011,,
LEAD-11897,2026-05-19,Lattice Energy,Individual Learner,Junior Consultant,Canada,AMER,Webinar,Product,CMP-034,Salesforce Event Follow-up — EMEA 2026-03,Webinar,Webinar,63,B,true,false,46,Converted,2026-06-07,2026-06-19,2026-07-18,true,true,true,,,0,,U-002,ACC-1136,OPP-20338
LEAD-11898,2025-06-15,Lumen Insurance,Procurement / Finance,CFO,Colombia,LATAM,Webinar,Inbound Marketing,CMP-033,Admin to Analyst Path — EMEA 2026-07,Webinar,Customer Referral,51,B,false,false,0,MQL,2025-06-26,,,true,false,false,,3,9,U-019,,,
LEAD-11899,2026-04-10,Onyx Bank,Individual Learner,Career Switcher,Australia,APAC,Paid Search,Product,CMP-002,Reports-to-CRMA Migration — AMER 2025-08,Paid Search,Paid Search,81,A,true,false,44,MQL,2026-04-11,,,true,false,false,,,1,,,,
LEAD-11900,2025-04-22,Cobalt Foods,L&D / Enablement Manager,L&D Manager,United States,AMER,Paid Social,Inbound Marketing,CMP-009,Salesforce Event Follow-up — AMER 2026-01,Paid Social,Paid Search,57,B,false,false,0,MQL,2025-05-01,,,true,false,false,,2,7,U-015,,,
LEAD-11901,2026-01-30,Orbital Energy,Procurement / Finance,Head of Vendor Management,Canada,AMER,Paid Social,Inbound Marketing,CMP-008,Admin to Analyst Path — EMEA 2026-02,Paid Social,Paid Social,65,B,false,false,0,Nurture,2026-02-13,,,true,false,false,,2,2,U-026,,,
LEAD-11902,2026-01-12,Umbra Telecom,Salesforce Admin,Salesforce Administrator,United States,AMER,Organic Search,Inbound Marketing,CMP-011,Admin to Analyst Path — LATAM 2025-04,Organic Search,Organic Search,67,B,false,true,0,Converted,2026-01-23,2026-02-14,2026-03-20,true,true,true,,2,6,U-026,U-004,ACC-1125,OPP-20339
LEAD-11903,2026-04-08,Pallas Insurance,L&D / Enablement Manager,People Development Lead,Indonesia,APAC,Paid Search,Product,CMP-002,Reports-to-CRMA Migration — AMER 2025-08,Paid Search,Paid Search,84,A,true,true,57,Converted,2026-04-21,2026-04-29,2026-05-04,true,true,true,,,1,,U-007,ACC-1097,OPP-20340
LEAD-11904,2025-08-26,Cobalt Systems,L&D / Enablement Manager,Training Director,India,APAC,Paid Search,Inbound Marketing,CMP-002,Reports-to-CRMA Migration — AMER 2025-08,Paid Search,Salesforce Community,63,B,false,false,0,Nurture,2025-09-05,,,true,false,false,,2,6,U-023,,,
LEAD-11905,2025-12-01,Aster Telecom,Individual Learner,Business Analyst,Colombia,LATAM,SI Partner Referral,Partner / Referral,CMP-042,Certification Season — AMER 2025-04,SI Partner Referral,SI Partner Referral,38,C,false,false,0,Working,,,,false,false,false,,3,7,U-024,,,
LEAD-11906,2026-03-11,Cobalt Consulting,Salesforce Admin,Salesforce Administrator,United States,AMER,Salesforce Community,Inbound Marketing,CMP-030,SAQL Masterclass — AMER 2025-08,Salesforce Community,Salesforce Community,39,C,false,false,0,New,,,,false,false,false,,1,7,U-020,,,
LEAD-11907,2025-12-09,Pallas Care,Salesforce Admin,Senior Salesforce Admin,Canada,AMER,Webinar,Inbound Marketing,CMP-032,Salesforce Event Follow-up — AMER 2025-12,Webinar,Webinar,64,B,false,false,0,MQL,2025-12-24,,,true,false,false,,2,7,U-021,,,
LEAD-11908,2026-07-13,Lumen Retail,Salesforce Admin,Senior Salesforce Admin,Sweden,EMEA,Free Course,Product,CMP-028,Certification Season — AMER 2025-11,Free Course,Free Course,88,A,true,true,58,New,,,,false,false,false,,,1,,,,
LEAD-11909,2025-04-04,Pallas Retail,Salesforce Admin,Platform Owner,United States,AMER,AI Assistant Referral,Inbound Marketing,CMP-021,SAQL Masterclass — LATAM 2025-09,AI Assistant Referral,AI Assistant Referral,61,B,false,false,0,MQL,2025-04-18,,,true,false,false,,1,8,U-021,,,
LEAD-11910,2026-02-06,Vantage Partners,Individual Learner,Business Analyst,United Kingdom,EMEA,Paid Search,Inbound Marketing,CMP-006,AI Search Visibility — AMER 2026-02,Paid Search,Paid Social,50,B,false,false,0,Nurture,2026-02-14,,,true,false,false,,0,8,U-019,,,
LEAD-11911,2025-06-23,Vertex Media,Analytics Lead,Head of Analytics,United Kingdom,EMEA,Paid Search,Inbound Marketing,CMP-006,AI Search Visibility — AMER 2026-02,Paid Search,Paid Search,69,B,false,false,0,MQL,2025-06-26,,,true,false,false,,4,4,U-020,,,
LEAD-11912,2026-06-25,Sable Capital,Analytics Lead,Head of Analytics,Mexico,AMER,SI Partner Referral,Partner / Referral,CMP-042,Certification Season — AMER 2025-04,SI Partner Referral,SI Partner Referral,47,C,false,false,0,Disqualified,,,,false,false,false,No budget,0,4,U-018,,,
LEAD-11913,2026-06-05,Foundry Insurance,Individual Learner,Junior Consultant,United States,AMER,Organic Search,Inbound Marketing,CMP-014,Einstein Discovery Workshop — APAC 2025-09,Organic Search,Organic Search,45,C,false,false,0,MQL,2026-06-21,,,true,false,false,,1,9,U-024,,,
LEAD-11914,2026-07-27,Harbor Capital,Analytics Lead,RevOps Manager,Mexico,AMER,Outbound Sequence,Outbound,CMP-038,Certification Season — AMER 2025-04,Outbound Sequence,Outbound Sequence,77,A,true,false,62,Working,,,,false,false,false,,2,8,U-022,,,
LEAD-11915,2026-06-02,Beacon Telecom,Analytics Lead,Head of Analytics,Singapore,APAC,Free Course,Product,CMP-023,Dashboard Makeover Challenge — AMER 2025-06,Free Course,Paid Social,81,A,true,true,69,MQL,2026-06-15,,,true,false,false,,,2,,,,
LEAD-11916,2026-01-21,Ember Capital,L&D / Enablement Manager,Training Director,Brazil,AMER,Organic Search,Product,CMP-016,Dashboard Makeover Challenge — AMER 2026-04,Organic Search,Free Course,82,A,true,false,100,Disqualified,,,,false,false,false,Student — free course only,,1,,,,
LEAD-11917,2025-05-08,Kestrel Capital,Individual Learner,Junior Consultant,Spain,EMEA,Paid Social,Inbound Marketing,CMP-008,Admin to Analyst Path — EMEA 2026-02,Paid Social,Paid Social,38,C,false,false,0,Disqualified,,,,false,false,false,No budget,2,1,U-018,,,
LEAD-11918,2026-08-22,Sable Care,L&D / Enablement Manager,Training Director,United States,AMER,Paid Social,Inbound Marketing,CMP-008,Admin to Analyst Path — EMEA 2026-02,Paid Social,Paid Social,51,B,false,false,0,New,,,,false,false,false,,2,4,U-024,,,
LEAD-11919,2025-07-05,Beacon Foods,L&D / Enablement Manager,Training Director,Australia,APAC,Webinar,Inbound Marketing,CMP-034,Salesforce Event Follow-up — EMEA 2026-03,Webinar,Webinar,62,B,false,false,0,Converted,2025-07-18,2025-07-20,2025-08-19,true,true,true,,3,5,U-026,U-003,ACC-1071,OPP-20341
LEAD-11920,2025-10-11,Tundra Health,Analytics Lead,RevOps Manager,Indonesia,APAC,Paid Social,Inbound Marketing,CMP-007,Admin to Analyst Path — EMEA 2025-05,Paid Social,Paid Social,36,C,false,true,0,Disqualified,,,,false,false,false,Student — free course only,3,2,U-025,,,
LEAD-11921,2025-08-18,Harbor Telecom,Procurement / Finance,Finance Director,Mexico,AMER,Customer Referral,Partner / Referral,CMP-046,Certification Season — AMER 2026-03,Customer Referral,Organic Search,91,A,true,true,85,New,,,,false,false,false,,,2,,,,
LEAD-11922,2026-04-25,Beacon Logistics,Salesforce Admin,Platform Owner,Indonesia,APAC,SI Partner Referral,Partner / Referral,CMP-044,Reports-to-CRMA Migration — AMER 2025-06,SI Partner Referral,SI Partner Referral,77,A,false,false,0,Converted,2026-04-30,2026-05-04,2026-05-08,true,true,true,,0,11,U-021,U-014,ACC-1033,OPP-20342
LEAD-11923,2026-04-24,Onyx Digital,Individual Learner,Data Analyst,Brazil,AMER,Paid Search,Inbound Marketing,CMP-005,Certification Season — AMER 2025-12,Paid Search,Paid Search,57,B,false,false,0,MQL,2026-05-09,,,true,false,false,,2,11,U-020,,,
LEAD-11924,2026-05-24,Vantage Foods,Individual Learner,Business Analyst,France,EMEA,Paid Social,Product,CMP-007,Admin to Analyst Path — EMEA 2025-05,Paid Social,Paid Search,27,D,true,false,14,Working,,,,false,false,false,,,1,,,,
LEAD-11925,2025-11-19,Lattice Consulting,Individual Learner,Business Analyst,India,APAC,Paid Search,Inbound Marketing,CMP-003,Free Course Launch — EMEA 2025-12,Paid Search,SI Partner Referral,52,B,false,false,0,Converted,2025-11-23,2025-11-29,2025-12-13,true,true,true,,4,5,U-025,U-001,ACC-1005,OPP-20343
LEAD-11926,2026-01-10,Foundry Energy,Individual Learner,Business Analyst,Canada,AMER,Outbound Sequence,Outbound,CMP-039,Reports-to-CRMA Migration — EMEA 2026-02,Outbound Sequence,Outbound Sequence,21,D,false,false,0,Working,,,,false,false,false,,3,9,U-027,,,
LEAD-11927,2025-07-03,Vantage Health,Individual Learner,Career Switcher,France,EMEA,Free Course,Product,CMP-024,Team Upskilling Offer — AMER 2025-05,Free Course,Salesforce Community,54,B,true,true,24,SQL,2025-07-13,2025-07-18,,true,true,false,,,0,,U-008,,
LEAD-11928,2025-11-25,Foundry Pharma,L&D / Enablement Manager,L&D Manager,Mexico,AMER,Paid Social,Product,CMP-007,Admin to Analyst Path — EMEA 2025-05,Paid Social,Paid Social,91,A,true,true,99,Converted,2025-12-14,2025-12-23,2026-01-16,true,true,true,,,2,,U-006,ACC-1047,OPP-20344
LEAD-11929,2026-08-19,Quanta Energy,Individual Learner,Junior Consultant,United States,AMER,Organic Search,Product,CMP-014,Einstein Discovery Workshop — APAC 2025-09,Organic Search,Conference,66,B,true,true,60,Disqualified,,,,false,false,false,Free course is enough,,1,,,,
LEAD-11930,2025-09-22,Sable Works,Individual Learner,Business Analyst,Mexico,AMER,SI Partner Referral,Partner / Referral,CMP-044,Reports-to-CRMA Migration — AMER 2025-06,SI Partner Referral,SI Partner Referral,74,A,true,false,37,MQL,2025-10-07,,,true,false,false,,,1,,,,
LEAD-11931,2025-04-07,Orbital Telecom,Individual Learner,Junior Consultant,Sweden,EMEA,SI Partner Referral,Partner / Referral,CMP-043,SAQL Masterclass — APAC 2026-01,SI Partner Referral,Free Course,48,C,false,true,0,Converted,2025-04-17,2025-04-30,2025-05-20,true,true,true,,2,10,U-020,U-012,ACC-1004,OPP-20345
LEAD-11932,2025-10-29,Sable Logistics,Analytics Lead,BI Lead,Brazil,AMER,Salesforce Community,Product,CMP-030,SAQL Masterclass — AMER 2025-08,Salesforce Community,Webinar,64,B,true,true,80,SQL,2025-11-18,2025-12-04,,true,true,false,,,2,,U-004,,
LEAD-11933,2025-08-25,Orbital Partners,Individual Learner,Business Analyst,India,APAC,Organic Search,Inbound Marketing,CMP-017,SAQL Masterclass — AMER 2026-05,Organic Search,Organic Search,32,C,false,false,0,New,,,,false,false,false,,1,9,U-021,,,
LEAD-11934,2025-09-29,Aster Telecom,Salesforce Admin,Platform Owner,United States,AMER,Outbound Sequence,Outbound,CMP-038,Certification Season — AMER 2025-04,Outbound Sequence,Customer Referral,31,C,false,true,0,Disqualified,,,,false,false,false,Went silent,3,10,U-019,,,
LEAD-11935,2026-06-06,Solstice Care,L&D / Enablement Manager,Training Director,Canada,AMER,Paid Search,Inbound Marketing,CMP-001,Salesforce Event Follow-up — AMER 2026-02,Paid Search,Paid Search,58,B,false,false,0,MQL,2026-06-10,,,true,false,false,,1,10,U-024,,,
LEAD-11936,2025-05-11,Halcyon Group,Procurement / Finance,Head of Vendor Management,United States,AMER,Salesforce Community,Inbound Marketing,CMP-031,Admin to Analyst Path — EMEA 2026-07,Salesforce Community,Salesforce Community,48,C,false,false,0,New,,,,false,false,false,,3,10,U-019,,,
LEAD-11937,2026-07-18,Sable Works,Individual Learner,Career Switcher,Canada,AMER,SI Partner Referral,Partner / Referral,CMP-042,Certification Season — AMER 2025-04,SI Partner Referral,SI Partner Referral,38,C,false,false,0,Converted,2026-07-26,2026-08-12,2026-08-28,true,true,true,,2,11,U-025,U-008,ACC-1012,OPP-20346
LEAD-11938,2025-10-27,Quanta Retail,Individual Learner,Junior Consultant,Germany,EMEA,Free Course,Product,CMP-026,Reports-to-CRMA Migration — AMER 2025-08,Free Course,Organic Search,60,B,true,true,89,Disqualified,,,,false,false,false,No Salesforce org,,2,,,,
LEAD-11939,2025-06-09,Wexler Partners,Salesforce Admin,Salesforce Administrator,Canada,AMER,Outbound Sequence,Outbound,CMP-040,AI Search Visibility — AMER 2026-05,Outbound Sequence,Paid Search,44,C,false,false,0,MQL,2025-06-30,,,true,false,false,,2,4,U-018,,,
LEAD-11940,2026-05-15,Tundra Media,Salesforce Admin,Salesforce Administrator,Colombia,LATAM,Paid Search,Inbound Marketing,CMP-006,AI Search Visibility — AMER 2026-02,Paid Search,Paid Search,63,B,false,false,0,New,,,,false,false,false,,4,4,U-017,,,
LEAD-11941,2026-02-03,Umbra Foods,Analytics Lead,RevOps Manager,Mexico,AMER,Conference,Inbound Marketing,CMP-036,Einstein Discovery Workshop — AMER 2026-04,Conference,Webinar,42,C,false,true,0,Working,,,,false,false,false,,0,1,U-021,,,
LEAD-11942,2025-05-08,Pallas Health,Individual Learner,Data Analyst,Spain,EMEA,Paid Search,Inbound Marketing,CMP-003,Free Course Launch — EMEA 2025-12,Paid Search,Paid Search,46,C,false,false,0,Converted,2025-05-29,2025-06-02,2025-06-27,true,true,true,,2,10,U-021,U-014,ACC-1012,OPP-20347
LEAD-11943,2025-12-26,Beacon Digital,Individual Learner,Business Analyst,Mexico,AMER,Free Course,Product,CMP-028,Certification Season — AMER 2025-11,Free Course,Free Course,62,B,true,false,35,Nurture,2026-01-03,,,true,false,false,,,0,,,,
LEAD-11944,2026-08-13,Vantage Partners,Individual Learner,Career Switcher,Indonesia,APAC,Free Course,Product,CMP-026,Reports-to-CRMA Migration — AMER 2025-08,Free Course,Free Course,60,B,true,false,75,Nurture,2026-08-16,,,true,false,false,,,1,,,,
LEAD-11945,2025-06-06,Zephyr Pharma,Individual Learner,Business Analyst,United States,AMER,Outbound Sequence,Outbound,CMP-040,AI Search Visibility — AMER 2026-05,Outbound Sequence,AI Assistant Referral,38,C,false,false,0,New,,,,false,false,false,,1,10,U-018,,,
LEAD-11946,2025-05-15,Ember Pharma,Individual Learner,Career Switcher,Netherlands,EMEA,Free Course,Product,CMP-027,Q3 Pipeline Push — APAC 2025-05,Free Course,Free Course,65,B,true,true,49,SQL,2025-06-05,2025-06-24,,true,true,false,,,1,,U-010,,
LEAD-11947,2026-04-15,Orbital Partners,Analytics Lead,Head of Analytics,Sweden,EMEA,Outbound Sequence,Outbound,CMP-039,Reports-to-CRMA Migration — EMEA 2026-02,Outbound Sequence,Outbound Sequence,20,D,false,false,0,Disqualified,,,,false,false,false,Student — free course only,4,3,U-016,,,
LEAD-11948,2025-05-05,Aster Digital,Salesforce Admin,Senior Salesforce Admin,Japan,APAC,Organic Search,Product,CMP-014,Einstein Discovery Workshop — APAC 2025-09,Organic Search,Organic Search,72,A,true,true,41,SQL,2025-05-11,2025-05-13,,true,true,false,,,0,,U-006,,
LEAD-11949,2025-12-04,Beacon Bank,Individual Learner,Career Switcher,United States,AMER,Customer Referral,Partner / Referral,CMP-046,Certification Season — AMER 2026-03,Customer Referral,Customer Referral,72,A,false,true,0,MQL,2025-12-19,,,true,false,false,,2,4,U-019,,,
LEAD-11950,2026-01-09,Halcyon Retail,L&D / Enablement Manager,Training Director,Canada,AMER,SI Partner Referral,Partner / Referral,CMP-043,SAQL Masterclass — APAC 2026-01,SI Partner Referral,SI Partner Referral,92,A,true,false,27,Disqualified,,,,false,false,false,Duplicate,,2,,,,
LEAD-11951,2025-06-10,North Retail,Analytics Lead,Director of Sales Operations,Brazil,AMER,AI Assistant Referral,Product,CMP-020,Dashboard Makeover Challenge — AMER 2025-12,AI Assistant Referral,AI Assistant Referral,97,A,true,true,43,Disqualified,,,,false,false,false,Student — free course only,,1,,,,
LEAD-11952,2025-10-10,Tundra Care,Individual Learner,Business Analyst,Sweden,EMEA,Salesforce Community,Inbound Marketing,CMP-029,Classroom Batch Push — EMEA 2025-11,Salesforce Community,Salesforce Community,33,C,false,false,0,Disqualified,,,,false,false,false,No budget,0,5,U-015,,,
LEAD-11953,2025-05-27,Meridian Health,Salesforce Admin,Senior Salesforce Admin,Singapore,APAC,AI Assistant Referral,Product,CMP-019,Reports-to-CRMA Migration — APAC 2026-02,AI Assistant Referral,AI Assistant Referral,75,A,true,true,9,SQL,2025-06-05,2025-06-16,,true,true,false,,,2,,U-004,,
LEAD-11954,2025-10-26,Cobalt Group,Individual Learner,Business Analyst,Singapore,APAC,Paid Social,Product,CMP-010,Certification Season — LATAM 2025-06,Paid Social,Paid Social,36,C,true,true,1,Disqualified,,,,false,false,false,No Salesforce org,,2,,,,
LEAD-11955,2025-04-06,Aster Bank,Individual Learner,Business Analyst,United States,AMER,Free Course,Product,CMP-024,Team Upskilling Offer — AMER 2025-05,Free Course,Free Course,64,B,true,true,82,SQL,2025-04-08,2025-04-21,,true,true,false,,,1,,U-005,,
LEAD-11956,2026-02-27,Vertex Energy,Individual Learner,Business Analyst,Canada,AMER,Outbound Sequence,Outbound,CMP-040,AI Search Visibility — AMER 2026-05,Outbound Sequence,Customer Referral,31,C,false,true,0,Disqualified,,,,false,false,false,Duplicate,4,9,U-022,,,
LEAD-11957,2025-05-17,Harbor Telecom,L&D / Enablement Manager,Head of Enablement,UAE,EMEA,Outbound Sequence,Outbound,CMP-037,Team Upskilling Offer — EMEA 2025-04,Outbound Sequence,Outbound Sequence,44,C,false,false,0,MQL,2025-05-25,,,true,false,false,,4,1,U-022,,,
LEAD-11958,2026-02-09,Lumen Foods,Individual Learner,Career Switcher,Australia,APAC,Paid Search,Inbound Marketing,CMP-004,Q3 Pipeline Push — AMER 2025-11,Paid Search,Paid Search,47,C,false,false,0,SQL,2026-03-02,2026-03-25,,true,true,false,,3,1,U-027,U-004,,
LEAD-11959,2025-07-31,Rivet Energy,Individual Learner,Data Analyst,Australia,APAC,Paid Social,Inbound Marketing,CMP-007,Admin to Analyst Path — EMEA 2025-05,Paid Social,Conference,55,B,false,false,0,Converted,2025-08-07,2025-08-27,2025-09-29,true,true,true,,4,11,U-016,U-004,ACC-1027,OPP-20348
LEAD-11960,2025-09-20,Foundry Systems,Individual Learner,Career Switcher,India,APAC,Organic Search,Product,CMP-013,Team Upskilling Offer — LATAM 2026-01,Organic Search,Organic Search,82,A,true,true,50,SQL,2025-09-25,2025-10-02,,true,true,false,,,1,,U-014,,
LEAD-11961,2025-11-02,Pallas Retail,L&D / Enablement Manager,People Development Lead,United States,AMER,Free Course,Inbound Marketing,CMP-023,Dashboard Makeover Challenge — AMER 2025-06,Free Course,Free Course,90,A,false,false,0,New,,,,false,false,false,,0,4,U-017,,,
LEAD-11962,2026-07-01,Pallas Bank,L&D / Enablement Manager,Head of Enablement,France,EMEA,Salesforce Community,Product,CMP-030,SAQL Masterclass — AMER 2025-08,Salesforce Community,Conference,82,A,true,false,88,MQL,2026-07-01,,,true,false,false,,,2,,,,
LEAD-11963,2026-01-08,Orbital Logistics,L&D / Enablement Manager,Training Director,United States,AMER,Customer Referral,Partner / Referral,CMP-045,Einstein Discovery Workshop — AMER 2025-09,Customer Referral,Organic Search,100,A,true,true,61,SQL,2026-01-12,2026-01-23,,true,true,false,,,0,,U-013,,
LEAD-11964,2025-11-14,Rivet Works,Individual Learner,Junior Consultant,Germany,EMEA,Conference,Inbound Marketing,CMP-035,Dashboard Makeover Challenge — EMEA 2026-05,Conference,Conference,30,C,false,false,0,Disqualified,,,,false,false,false,Competitor,2,4,U-016,,,
LEAD-11965,2026-09-14,Quanta Health,Analytics Lead,RevOps Manager,Canada,AMER,Salesforce Community,Product,CMP-029,Classroom Batch Push — EMEA 2025-11,Salesforce Community,Conference,62,B,true,true,8,Converted,2026-09-18,2026-09-22,2026-10-15,true,true,true,,,1,,U-014,ACC-1063,OPP-20349
LEAD-11966,2025-12-05,Aster Motors,Salesforce Admin,Platform Owner,Netherlands,EMEA,Customer Referral,Partner / Referral,CMP-046,Certification Season — AMER 2026-03,Customer Referral,Customer Referral,52,B,false,false,0,Nurture,2025-12-13,,,true,false,false,,2,2,U-018,,,
LEAD-11967,2025-10-19,Onyx Logistics,Salesforce Admin,Salesforce Administrator,United Kingdom,EMEA,Webinar,Inbound Marketing,CMP-034,Salesforce Event Follow-up — EMEA 2026-03,Webinar,Webinar,61,B,false,false,0,MQL,2025-10-19,,,true,false,false,,4,11,U-017,,,
LEAD-11968,2025-07-02,Pallas Energy,Individual Learner,Data Analyst,UAE,EMEA,Organic Search,Inbound Marketing,CMP-012,AI Search Visibility — AMER 2026-07,Organic Search,Free Course,56,B,false,true,0,MQL,2025-07-04,,,true,false,false,,1,1,U-026,,,
LEAD-11969,2026-09-04,Dovetail Logistics,Individual Learner,Career Switcher,France,EMEA,Outbound Sequence,Outbound,CMP-040,AI Search Visibility — AMER 2026-05,Outbound Sequence,Paid Social,27,D,false,false,0,Working,,,,false,false,false,,2,4,U-027,,,
LEAD-11970,2026-08-22,Lumen Group,L&D / Enablement Manager,People Development Lead,United States,AMER,SI Partner Referral,Partner / Referral,CMP-044,Reports-to-CRMA Migration — AMER 2025-06,SI Partner Referral,SI Partner Referral,85,A,false,true,0,Working,,,,false,false,false,,2,9,U-021,,,
LEAD-11971,2026-08-23,Cinder Group,Salesforce Admin,Salesforce Administrator,United States,AMER,AI Assistant Referral,Inbound Marketing,CMP-021,SAQL Masterclass — LATAM 2025-09,AI Assistant Referral,AI Assistant Referral,73,A,false,false,0,Nurture,2026-09-01,,,true,false,false,,2,1,U-021,,,
LEAD-11972,2025-09-21,Cinder Retail,Procurement / Finance,Head of Vendor Management,Spain,EMEA,Free Course,Product,CMP-026,Reports-to-CRMA Migration — AMER 2025-08,Free Course,Free Course,88,A,true,false,89,New,,,,false,false,false,,,1,,,,
LEAD-11973,2026-02-14,Cinder Care,Individual Learner,Data Analyst,United States,AMER,Outbound Sequence,Outbound,CMP-039,Reports-to-CRMA Migration — EMEA 2026-02,Outbound Sequence,Paid Social,19,D,false,false,0,Working,,,,false,false,false,,4,5,U-022,,,
LEAD-11974,2026-05-29,Vertex Bank,Individual Learner,Junior Consultant,Sweden,EMEA,SI Partner Referral,Partner / Referral,CMP-042,Certification Season — AMER 2025-04,SI Partner Referral,SI Partner Referral,56,B,false,false,0,Disqualified,,,,false,false,false,Competitor,3,10,U-019,,,
LEAD-11975,2025-12-22,Ember Foods,Procurement / Finance,Head of Vendor Management,Canada,AMER,SI Partner Referral,Partner / Referral,CMP-042,Certification Season — AMER 2025-04,SI Partner Referral,SI Partner Referral,85,A,false,false,0,Nurture,2025-12-30,,,true,false,false,,1,7,U-017,,,
LEAD-11976,2026-01-24,Onyx Systems,L&D / Enablement Manager,People Development Lead,United Kingdom,EMEA,Paid Search,Inbound Marketing,CMP-006,AI Search Visibility — AMER 2026-02,Paid Search,Paid Search,95,A,false,true,0,Converted,2026-02-09,2026-03-07,2026-04-02,true,true,true,,3,10,U-026,U-012,ACC-1033,OPP-20350
LEAD-11977,2025-05-21,Umbra Retail,Individual Learner,Data Analyst,Colombia,LATAM,Free Course,Product,CMP-024,Team Upskilling Offer — AMER 2025-05,Free Course,Free Course,80,A,true,true,50,MQL,2025-06-10,,,true,false,false,,,0,,,,
LEAD-11978,2025-09-01,Lattice Insurance,Individual Learner,Business Analyst,Spain,EMEA,Organic Search,Inbound Marketing,CMP-017,SAQL Masterclass — AMER 2026-05,Organic Search,Salesforce Community,62,B,false,false,0,Nurture,2025-09-16,,,true,false,false,,1,11,U-022,,,
LEAD-11979,2025-05-22,Lattice Group,Procurement / Finance,Head of Vendor Management,Netherlands,EMEA,Organic Search,Product,CMP-015,Reports-to-CRMA Migration — AMER 2025-11,Organic Search,Organic Search,100,A,true,true,7,SQL,2025-06-12,2025-06-22,,true,true,false,,,2,,U-014,,
LEAD-11980,2025-07-11,Tundra Logistics,Salesforce Admin,Platform Owner,Indonesia,APAC,SI Partner Referral,Partner / Referral,CMP-043,SAQL Masterclass — APAC 2026-01,SI Partner Referral,Conference,54,B,false,false,0,Nurture,2025-07-30,,,true,false,false,,1,7,U-023,,,
LEAD-11981,2026-05-16,Solstice Capital,Procurement / Finance,CFO,United States,AMER,Salesforce Community,Product,CMP-030,SAQL Masterclass — AMER 2025-08,Salesforce Community,Salesforce Community,95,A,true,true,72,SQL,2026-06-01,2026-06-17,,true,true,false,,,1,,U-011,,
LEAD-11982,2025-10-16,Pallas Group,Individual Learner,Junior Consultant,France,EMEA,Organic Search,Product,CMP-011,Admin to Analyst Path — LATAM 2025-04,Organic Search,Customer Referral,77,A,true,false,83,Nurture,2025-10-26,,,true,false,false,,,0,,,,
LEAD-11983,2025-09-09,Harbor Care,Procurement / Finance,Finance Director,Mexico,AMER,Outbound Sequence,Outbound,CMP-040,AI Search Visibility — AMER 2026-05,Outbound Sequence,Outbound Sequence,78,A,true,true,99,Nurture,2025-09-20,,,true,false,false,,0,10,U-017,,,
LEAD-11984,2026-04-22,Orbital Digital,Salesforce Admin,Senior Salesforce Admin,United States,AMER,Organic Search,Inbound Marketing,CMP-016,Dashboard Makeover Challenge — AMER 2026-04,Organic Search,Organic Search,59,B,false,true,0,Converted,2026-04-25,2026-05-05,2026-05-10,true,true,true,,2,1,U-015,U-014,ACC-1052,OPP-20351
LEAD-11985,2026-08-10,Pallas Telecom,L&D / Enablement Manager,Training Director,Mexico,AMER,Organic Search,Product,CMP-011,Admin to Analyst Path — LATAM 2025-04,Organic Search,Organic Search,99,A,true,true,58,Converted,2026-08-12,2026-08-27,2026-09-03,true,true,true,,,2,,U-012,ACC-1075,OPP-20352
LEAD-11986,2025-07-03,Cinder Motors,Individual Learner,Career Switcher,Mexico,AMER,Free Course,Inbound Marketing,CMP-025,Certification Season — EMEA 2025-09,Free Course,Outbound Sequence,37,C,false,false,0,New,,,,false,false,false,,5,10,U-022,,,
LEAD-11987,2025-08-05,Ember Capital,Individual Learner,Business Analyst,Mexico,AMER,Organic Search,Inbound Marketing,CMP-011,Admin to Analyst Path — LATAM 2025-04,Organic Search,Organic Search,59,B,false,false,0,SQL,2025-08-19,2025-08-25,,true,true,false,,1,6,U-022,U-013,,
LEAD-11988,2025-06-11,Tundra Works,Individual Learner,Business Analyst,Japan,APAC,Free Course,Product,CMP-026,Reports-to-CRMA Migration — AMER 2025-08,Free Course,Outbound Sequence,58,B,true,false,45,SQL,2025-06-12,2025-06-24,,true,true,false,,,1,,U-013,,
LEAD-11989,2026-05-08,Pallas Pharma,Analytics Lead,Head of Analytics,Canada,AMER,Conference,Inbound Marketing,CMP-035,Dashboard Makeover Challenge — EMEA 2026-05,Conference,Conference,61,B,false,false,0,MQL,2026-05-12,,,true,false,false,,2,7,U-015,,,
LEAD-11990,2026-08-23,North Care,Individual Learner,Business Analyst,France,EMEA,Outbound Sequence,Outbound,CMP-038,Certification Season — AMER 2025-04,Outbound Sequence,Outbound Sequence,27,D,false,false,0,Working,,,,false,false,false,,2,5,U-023,,,
LEAD-11991,2026-05-07,Ember Bank,Analytics Lead,RevOps Manager,Mexico,AMER,Organic Search,Inbound Marketing,CMP-011,Admin to Analyst Path — LATAM 2025-04,Organic Search,SI Partner Referral,96,A,false,false,0,Nurture,2026-05-13,,,true,false,false,,3,10,U-020,,,
LEAD-11992,2025-11-27,Foundry Group,Individual Learner,Business Analyst,Sweden,EMEA,Free Course,Product,CMP-023,Dashboard Makeover Challenge — AMER 2025-06,Free Course,Webinar,77,A,true,false,88,Nurture,2025-12-16,,,true,false,false,,,0,,,,
LEAD-11993,2025-12-13,Tundra Logistics,Salesforce Admin,Senior Salesforce Admin,Australia,APAC,Outbound Sequence,Outbound,CMP-039,Reports-to-CRMA Migration — EMEA 2026-02,Outbound Sequence,Organic Search,28,D,false,false,0,New,,,,false,false,false,,3,7,U-016,,,
LEAD-11994,2026-02-28,Lattice Energy,Procurement / Finance,Procurement Manager,Singapore,APAC,Organic Search,Inbound Marketing,CMP-018,Free Course Launch — AMER 2025-11,Organic Search,Conference,87,A,false,false,0,MQL,2026-03-09,,,true,false,false,,0,9,U-023,,,
LEAD-11995,2026-03-01,Cinder Motors,Salesforce Admin,Platform Owner,Mexico,AMER,Organic Search,Inbound Marketing,CMP-018,Free Course Launch — AMER 2025-11,Organic Search,Outbound Sequence,50,B,false,false,0,SQL,2026-03-16,2026-03-31,,true,true,false,,0,4,U-020,U-007,,
LEAD-11996,2025-04-23,Sable Works,Individual Learner,Junior Consultant,UAE,EMEA,Organic Search,Product,CMP-018,Free Course Launch — AMER 2025-11,Organic Search,Organic Search,80,A,true,false,70,MQL,2025-04-28,,,true,false,false,,,0,,,,
LEAD-11997,2025-12-06,Halcyon Digital,Individual Learner,Business Analyst,Sweden,EMEA,Conference,Inbound Marketing,CMP-035,Dashboard Makeover Challenge — EMEA 2026-05,Conference,Conference,43,C,false,false,0,SQL,2025-12-17,2025-12-21,,true,true,false,,1,3,U-022,U-009,,
LEAD-11998,2026-07-10,Beacon Retail,Individual Learner,Business Analyst,Netherlands,EMEA,Paid Social,Inbound Marketing,CMP-010,Certification Season — LATAM 2025-06,Paid Social,Paid Social,23,D,false,false,0,Disqualified,,,,false,false,false,Free course is enough,2,10,U-018,,,
LEAD-11999,2025-08-08,Meridian Media,Individual Learner,Career Switcher,Argentina,LATAM,Organic Search,Product,CMP-016,Dashboard Makeover Challenge — AMER 2026-04,Organic Search,Organic Search,83,A,true,true,1,SQL,2025-08-22,2025-09-02,,true,true,false,,,2,,U-003,,
LEAD-12000,2026-04-18,Kestrel Partners,Individual Learner,Business Analyst,Colombia,LATAM,Paid Search,Product,CMP-003,Free Course Launch — EMEA 2025-12,Paid Search,Paid Search,67,B,true,true,48,SQL,2026-05-06,2026-05-20,,true,true,false,,,2,,U-008,,
LEAD-12001,2026-02-10,Dovetail Media,Salesforce Admin,CRM Manager,Japan,APAC,Outbound Sequence,Outbound,CMP-039,Reports-to-CRMA Migration — EMEA 2026-02,Outbound Sequence,Outbound Sequence,52,B,false,false,0,MQL,2026-02-12,,,true,false,false,,3,9,U-020,,,
LEAD-12002,2025-04-12,Vantage Motors,Procurement / Finance,CFO,Indonesia,APAC,Outbound Sequence,Outbound,CMP-040,AI Search Visibility — AMER 2026-05,Outbound Sequence,Free Course,49,C,false,false,0,New,,,,false,false,false,,4,2,U-015,,,
LEAD-12003,2025-06-08,Meridian Pharma,Analytics Lead,RevOps Manager,Spain,EMEA,Outbound Sequence,Outbound,CMP-038,Certification Season — AMER 2025-04,Outbound Sequence,AI Assistant Referral,52,B,false,false,0,MQL,2025-06-26,,,true,false,false,,3,9,U-020,,,
LEAD-12004,2025-08-24,Umbra Retail,Salesforce Admin,Salesforce Administrator,Canada,AMER,Customer Referral,Partner / Referral,CMP-046,Certification Season — AMER 2026-03,Customer Referral,Customer Referral,27,D,false,false,0,New,,,,false,false,false,,3,7,U-015,,,
LEAD-12005,2025-06-26,Kestrel Group,Individual Learner,Junior Consultant,United States,AMER,Outbound Sequence,Outbound,CMP-039,Reports-to-CRMA Migration — EMEA 2026-02,Outbound Sequence,AI Assistant Referral,17,D,false,true,0,SQL,2025-06-26,2025-07-16,,true,true,false,,1,5,U-022,U-002,,
LEAD-12006,2026-08-31,Meridian Digital,Individual Learner,Business Analyst,United Kingdom,EMEA,Organic Search,Product,CMP-015,Reports-to-CRMA Migration — AMER 2025-11,Organic Search,Outbound Sequence,57,B,true,true,96,MQL,2026-09-15,,,true,false,false,,,0,,,,
LEAD-12007,2026-08-26,Lattice Energy,Analytics Lead,RevOps Manager,Canada,AMER,Paid Search,Inbound Marketing,CMP-006,AI Search Visibility — AMER 2026-02,Paid Search,Paid Search,68,B,false,false,0,Converted,2026-09-09,2026-09-22,2026-10-19,true,true,true,,2,6,U-019,U-001,ACC-1104,OPP-20353
LEAD-12008,2026-05-24,Cinder Insurance,Individual Learner,Junior Consultant,Sweden,EMEA,Paid Social,Product,CMP-010,Certification Season — LATAM 2025-06,Paid Social,Paid Social,38,C,true,true,7,New,,,,false,false,false,,,2,,,,
LEAD-12009,2026-08-22,Meridian Media,L&D / Enablement Manager,Head of Enablement,Sweden,EMEA,Free Course,Product,CMP-028,Certification Season — AMER 2025-11,Free Course,Free Course,69,B,true,true,19,SQL,2026-09-12,2026-09-14,,true,true,false,,,1,,U-006,,
LEAD-12010,2026-02-26,Sable Consulting,Analytics Lead,BI Lead,Australia,APAC,SI Partner Referral,Partner / Referral,CMP-042,Certification Season — AMER 2025-04,SI Partner Referral,SI Partner Referral,77,A,false,false,0,Working,,,,false,false,false,,0,1,U-023,,,
LEAD-12011,2026-04-21,Orbital Insurance,Analytics Lead,BI Lead,Indonesia,APAC,Free Course,Product,CMP-024,Team Upskilling Offer — AMER 2025-05,Free Course,Free Course,87,A,true,true,42,MQL,2026-05-02,,,true,false,false,,,0,,,,
LEAD-12012,2025-12-12,Foundry Foods,Individual Learner,Business Analyst,Mexico,AMER,Paid Search,Inbound Marketing,CMP-006,AI Search Visibility — AMER 2026-02,Paid Search,Paid Search,54,B,false,false,0,SQL,2025-12-23,2026-01-17,,true,true,false,,1,9,U-018,U-013,,
LEAD-12013,2026-04-04,Beacon Energy,Individual Learner,Junior Consultant,United States,AMER,Paid Search,Inbound Marketing,CMP-005,Certification Season — AMER 2025-12,Paid Search,Paid Search,45,C,false,false,0,SQL,2026-04-17,2026-04-30,,true,true,false,,2,11,U-015,U-014,,
LEAD-12014,2025-09-14,Quanta Group,Salesforce Admin,Senior Salesforce Admin,Colombia,LATAM,Organic Search,Inbound Marketing,CMP-011,Admin to Analyst Path — LATAM 2025-04,Organic Search,Organic Search,91,A,false,false,0,MQL,2025-09-28,,,true,false,false,,4,2,U-016,,,
LEAD-12015,2025-12-19,Meridian Energy,L&D / Enablement Manager,Head of Enablement,United States,AMER,Organic Search,Inbound Marketing,CMP-014,Einstein Discovery Workshop — APAC 2025-09,Organic Search,Outbound Sequence,90,A,false,false,0,Converted,2026-01-09,2026-01-23,2026-01-28,true,true,true,,4,2,U-018,U-005,ACC-1012,OPP-20354
LEAD-12016,2025-06-13,Foundry Health,Analytics Lead,RevOps Manager,Sweden,EMEA,Free Course,Inbound Marketing,CMP-024,Team Upskilling Offer — AMER 2025-05,Free Course,SI Partner Referral,62,B,false,false,0,MQL,2025-06-16,,,true,false,false,,3,4,U-026,,,
LEAD-12017,2025-12-13,Rivet Retail,Individual Learner,Career Switcher,India,APAC,Outbound Sequence,Outbound,CMP-039,Reports-to-CRMA Migration — EMEA 2026-02,Outbound Sequence,Outbound Sequence,17,D,false,false,0,Working,,,,false,false,false,,3,5,U-024,,,
LEAD-12018,2025-04-09,Halcyon Technologies,Salesforce Admin,CRM Manager,Japan,APAC,Paid Social,Inbound Marketing,CMP-009,Salesforce Event Follow-up — AMER 2026-01,Paid Social,Paid Social,32,C,false,true,0,Disqualified,,,,false,false,false,No Salesforce org,2,5,U-015,,,
LEAD-12019,2026-07-07,Kestrel Media,Salesforce Admin,Senior Salesforce Admin,Brazil,AMER,Organic Search,Inbound Marketing,CMP-014,Einstein Discovery Workshop — APAC 2025-09,Organic Search,AI Assistant Referral,64,B,false,false,0,Converted,2026-07-19,2026-08-07,2026-08-20,true,true,true,,0,3,U-015,U-011,ACC-1070,OPP-20355
LEAD-12020,2026-06-29,Harbor Care,Salesforce Admin,Salesforce Administrator,France,EMEA,Paid Search,Inbound Marketing,CMP-001,Salesforce Event Follow-up — AMER 2026-02,Paid Search,Organic Search,54,B,false,false,0,MQL,2026-07-12,,,true,false,false,,1,3,U-026,,,
LEAD-12021,2026-07-03,Lumen Logistics,Individual Learner,Junior Consultant,Australia,APAC,Webinar,Inbound Marketing,CMP-034,Salesforce Event Follow-up — EMEA 2026-03,Webinar,Paid Search,42,C,false,false,0,Working,,,,false,false,false,,3,3,U-017,,,
LEAD-12022,2025-10-28,Pallas Systems,Analytics Lead,RevOps Manager,United States,AMER,Conference,Product,CMP-036,Einstein Discovery Workshop — AMER 2026-04,Conference,Conference,75,A,true,true,76,Nurture,2025-11-18,,,true,false,false,,,2,,,,
LEAD-12023,2025-12-16,Rivet Technologies,Analytics Lead,RevOps Manager,Germany,EMEA,Salesforce Community,Product,CMP-029,Classroom Batch Push — EMEA 2025-11,Salesforce Community,Salesforce Community,81,A,true,true,35,MQL,2025-12-24,,,true,false,false,,,2,,,,
LEAD-12024,2025-06-16,Vantage Foods,Salesforce Admin,Senior Salesforce Admin,Canada,AMER,Conference,Inbound Marketing,CMP-035,Dashboard Makeover Challenge — EMEA 2026-05,Conference,Conference,67,B,false,false,0,SQL,2025-06-25,2025-07-10,,true,true,false,,4,4,U-023,U-001,,
LEAD-12025,2026-08-16,Zephyr Systems,Analytics Lead,BI Lead,Singapore,APAC,Paid Social,Inbound Marketing,CMP-009,Salesforce Event Follow-up — AMER 2026-01,Paid Social,Organic Search,44,C,false,false,0,MQL,2026-09-03,,,true,false,false,,3,11,U-020,,,
LEAD-12026,2026-06-14,Ember Energy,Individual Learner,Career Switcher,Brazil,AMER,SI Partner Referral,Partner / Referral,CMP-042,Certification Season — AMER 2025-04,SI Partner Referral,SI Partner Referral,24,D,false,false,0,New,,,,false,false,false,,2,11,U-019,,,
LEAD-12027,2025-12-07,Dovetail Bank,Individual Learner,Career Switcher,India,APAC,Paid Social,Product,CMP-008,Admin to Analyst Path — EMEA 2026-02,Paid Social,Paid Social,37,C,true,true,44,New,,,,false,false,false,,,0,,,,
LEAD-12028,2026-06-17,Cobalt Group,L&D / Enablement Manager,Training Director,Brazil,AMER,Conference,Inbound Marketing,CMP-035,Dashboard Makeover Challenge — EMEA 2026-05,Conference,Conference,65,B,false,false,0,Converted,2026-06-29,2026-07-13,2026-07-28,true,true,true,,0,5,U-018,U-006,ACC-1040,OPP-20356
LEAD-12029,2025-05-27,Umbra Retail,Procurement / Finance,CFO,Indonesia,APAC,Outbound Sequence,Outbound,CMP-038,Certification Season — AMER 2025-04,Outbound Sequence,Outbound Sequence,79,A,false,false,0,SQL,2025-05-27,2025-06-16,,true,true,false,,2,4,U-025,U-002,,
LEAD-12030,2026-01-10,Tundra Foods,L&D / Enablement Manager,Training Director,United States,AMER,Conference,Inbound Marketing,CMP-036,Einstein Discovery Workshop — AMER 2026-04,Conference,AI Assistant Referral,36,C,false,false,0,MQL,2026-01-30,,,true,false,false,,3,7,U-015,,,
LEAD-12031,2025-10-24,Ember Digital,Individual Learner,Junior Consultant,Brazil,AMER,Organic Search,Inbound Marketing,CMP-014,Einstein Discovery Workshop — APAC 2025-09,Organic Search,Organic Search,48,C,false,false,0,Disqualified,,,,false,false,false,No budget,3,7,U-021,,,
LEAD-12032,2026-02-14,Rivet Care,Salesforce Admin,Platform Owner,Mexico,AMER,Free Course,Product,CMP-027,Q3 Pipeline Push — APAC 2025-05,Free Course,Free Course,91,A,true,false,97,Disqualified,,,,false,false,false,Duplicate,,0,,,,
LEAD-12033,2025-12-03,Sable Insurance,Individual Learner,Junior Consultant,Canada,AMER,Paid Social,Product,CMP-008,Admin to Analyst Path — EMEA 2026-02,Paid Social,Outbound Sequence,44,C,true,false,75,SQL,2025-12-19,2025-12-20,,true,true,false,,,1,,U-006,,
LEAD-12034,2026-04-25,Onyx Digital,L&D / Enablement Manager,Training Director,Netherlands,EMEA,AI Assistant Referral,Product,CMP-020,Dashboard Makeover Challenge — AMER 2025-12,AI Assistant Referral,AI Assistant Referral,89,A,true,true,71,New,,,,false,false,false,,,2,,,,
LEAD-12035,2025-06-18,Juniper Foods,L&D / Enablement Manager,Head of Enablement,United Kingdom,EMEA,Organic Search,Product,CMP-017,SAQL Masterclass — AMER 2026-05,Organic Search,Organic Search,93,A,true,false,23,Converted,2025-07-04,2025-07-13,2025-07-29,true,true,true,,,1,,U-005,ACC-1042,OPP-20357
LEAD-12036,2026-07-25,Lumen Energy,Individual Learner,Business Analyst,Canada,AMER,Organic Search,Product,CMP-016,Dashboard Makeover Challenge — AMER 2026-04,Organic Search,Paid Social,77,A,true,false,17,Converted,2026-08-05,2026-08-20,2026-09-08,true,true,true,,,2,,U-007,ACC-1107,OPP-20358
LEAD-12037,2025-10-23,Sable Health,Salesforce Admin,Senior Salesforce Admin,Sweden,EMEA,SI Partner Referral,Partner / Referral,CMP-044,Reports-to-CRMA Migration — AMER 2025-06,SI Partner Referral,SI Partner Referral,67,B,false,false,0,Working,,,,false,false,false,,2,8,U-021,,,
LEAD-12038,2026-05-10,Onyx Works,Analytics Lead,RevOps Manager,United States,AMER,Salesforce Community,Inbound Marketing,CMP-030,SAQL Masterclass — AMER 2025-08,Salesforce Community,Salesforce Community,65,B,false,false,0,SQL,2026-05-16,2026-06-11,,true,true,false,,0,4,U-015,U-009,,
LEAD-12039,2025-04-06,Juniper Pharma,Analytics Lead,BI Lead,Indonesia,APAC,Webinar,Inbound Marketing,CMP-034,Salesforce Event Follow-up — EMEA 2026-03,Webinar,Salesforce Community,73,A,false,false,0,SQL,2025-04-16,2025-04-23,,true,true,false,,3,6,U-022,U-011,,
LEAD-12040,2026-07-01,Kestrel Logistics,Procurement / Finance,Procurement Manager,Canada,AMER,Webinar,Inbound Marketing,CMP-032,Salesforce Event Follow-up — AMER 2025-12,Webinar,Webinar,60,B,false,false,0,SQL,2026-07-10,2026-08-03,,true,true,false,,3,5,U-025,U-004,,
LEAD-12041,2025-04-16,North Works,Salesforce Admin,Platform Owner,Germany,EMEA,AI Assistant Referral,Product,CMP-022,Dashboard Makeover Challenge — AMER 2025-10,AI Assistant Referral,Conference,83,A,true,false,46,SQL,2025-04-30,2025-05-15,,true,true,false,,,2,,U-010,,
LEAD-12042,2026-04-25,Lumen Health,Individual Learner,Data Analyst,Brazil,AMER,Outbound Sequence,Outbound,CMP-040,AI Search Visibility — AMER 2026-05,Outbound Sequence,Outbound Sequence,64,B,true,true,53,Disqualified,,,,false,false,false,No budget,2,7,U-016,,,
LEAD-12043,2026-05-06,Quanta Telecom,Salesforce Admin,Senior Salesforce Admin,Colombia,LATAM,Webinar,Inbound Marketing,CMP-032,Salesforce Event Follow-up — AMER 2025-12,Webinar,Conference,79,A,false,false,0,Disqualified,,,,false,false,false,Competitor,2,5,U-024,,,
LEAD-12044,2025-04-16,Halcyon Capital,Individual Learner,Career Switcher,Germany,EMEA,SI Partner Referral,Partner / Referral,CMP-044,Reports-to-CRMA Migration — AMER 2025-06,SI Partner Referral,SI Partner Referral,40,C,false,false,0,Converted,2025-05-03,2025-05-27,2025-05-30,true,true,true,,1,1,U-020,U-007,ACC-1097,OPP-20359
LEAD-12045,2026-03-19,Cobalt Retail,Analytics Lead,Director of Sales Operations,Brazil,AMER,Organic Search,Product,CMP-012,AI Search Visibility — AMER 2026-07,Organic Search,Paid Social,82,A,true,true,42,SQL,2026-03-26,2026-04-19,,true,true,false,,,0,,U-005,,
LEAD-12046,2026-01-03,Meridian Health,Individual Learner,Data Analyst,Argentina,LATAM,Salesforce Community,Product,CMP-030,SAQL Masterclass — AMER 2025-08,Salesforce Community,Salesforce Community,48,C,true,true,93,Converted,2026-01-24,2026-01-31,2026-02-17,true,true,true,,,2,,U-003,ACC-1103,OPP-20360
LEAD-12047,2026-08-12,Halcyon Telecom,Analytics Lead,RevOps Manager,United States,AMER,Conference,Inbound Marketing,CMP-036,Einstein Discovery Workshop — AMER 2026-04,Conference,Conference,76,A,false,false,0,MQL,2026-08-14,,,true,false,false,,2,3,U-025,,,
LEAD-12048,2025-08-10,Quanta Health,Individual Learner,Junior Consultant,United States,AMER,Paid Search,Inbound Marketing,CMP-001,Salesforce Event Follow-up — AMER 2026-02,Paid Search,Paid Search,42,C,false,false,0,Working,,,,false,false,false,,4,5,U-018,,,
LEAD-12049,2025-09-19,Sable Foods,Salesforce Admin,CRM Manager,France,EMEA,Paid Social,Product,CMP-009,Salesforce Event Follow-up — AMER 2026-01,Paid Social,Paid Social,65,B,true,false,36,MQL,2025-09-20,,,true,false,false,,,0,,,,
LEAD-12050,2026-05-12,Solstice Partners,Analytics Lead,BI Lead,Japan,APAC,Paid Search,Inbound Marketing,CMP-003,Free Course Launch — EMEA 2025-12,Paid Search,Paid Search,97,A,false,false,0,Converted,2026-06-01,2026-06-23,2026-07-11,true,true,true,,0,11,U-015,U-012,ACC-1128,OPP-20361
LEAD-12051,2025-09-23,Vertex Bank,Analytics Lead,Director of Sales Operations,Canada,AMER,Paid Social,Inbound Marketing,CMP-009,Salesforce Event Follow-up — AMER 2026-01,Paid Social,Paid Search,25,D,false,false,0,Disqualified,,,,false,false,false,No budget,1,11,U-017,,,
LEAD-12052,2026-03-29,Juniper Logistics,Individual Learner,Junior Consultant,Sweden,EMEA,Free Course,Product,CMP-025,Certification Season — EMEA 2025-09,Free Course,Free Course,86,A,true,false,40,New,,,,false,false,false,,,2,,,,
LEAD-12053,2026-06-01,Kestrel Foods,Analytics Lead,BI Lead,Spain,EMEA,Organic Search,Product,CMP-016,Dashboard Makeover Challenge — AMER 2026-04,Organic Search,Organic Search,91,A,true,true,76,Converted,2026-06-01,2026-06-20,2026-06-22,true,true,true,,,0,,U-014,ACC-1043,OPP-20362
LEAD-12054,2026-02-26,Zephyr Group,Procurement / Finance,CFO,Netherlands,EMEA,SI Partner Referral,Partner / Referral,CMP-043,SAQL Masterclass — APAC 2026-01,SI Partner Referral,Conference,74,A,true,true,29,Working,,,,false,false,false,,,0,,,,
LEAD-12055,2026-08-03,Meridian Systems,L&D / Enablement Manager,Training Director,Mexico,AMER,Free Course,Product,CMP-028,Certification Season — AMER 2025-11,Free Course,Organic Search,91,A,true,true,87,SQL,2026-08-22,2026-08-23,,true,true,false,,,1,,U-008,,
LEAD-12056,2025-10-24,North Logistics,Procurement / Finance,Finance Director,Canada,AMER,Salesforce Community,Product,CMP-030,SAQL Masterclass — AMER 2025-08,Salesforce Community,Salesforce Community,82,A,true,true,10,Converted,2025-11-01,2025-11-21,2025-12-07,true,true,true,,,2,,U-012,ACC-1119,OPP-20363
LEAD-12057,2025-10-05,Onyx Partners,L&D / Enablement Manager,Head of Enablement,United Kingdom,EMEA,Free Course,Product,CMP-026,Reports-to-CRMA Migration — AMER 2025-08,Free Course,Free Course,83,A,true,false,34,Converted,2025-10-07,2025-10-29,2025-12-02,true,true,true,,,1,,U-009,ACC-1101,OPP-20364
LEAD-12058,2026-06-11,Juniper Retail,Salesforce Admin,Senior Salesforce Admin,Brazil,AMER,Outbound Sequence,Outbound,CMP-038,Certification Season — AMER 2025-04,Outbound Sequence,Free Course,59,B,false,false,0,MQL,2026-06-23,,,true,false,false,,1,10,U-026,,,
LEAD-12059,2025-06-27,Juniper Technologies,Salesforce Admin,Platform Owner,Sweden,EMEA,Salesforce Community,Inbound Marketing,CMP-030,SAQL Masterclass — AMER 2025-08,Salesforce Community,Salesforce Community,66,B,false,false,0,SQL,2025-07-04,2025-07-19,,true,true,false,,1,8,U-019,U-013,,
LEAD-12060,2026-02-07,Vantage Insurance,Procurement / Finance,CFO,Australia,APAC,Free Course,Inbound Marketing,CMP-028,Certification Season — AMER 2025-11,Free Course,SI Partner Referral,73,A,false,false,0,Converted,2026-02-19,2026-03-15,2026-04-03,true,true,true,,2,5,U-016,U-001,ACC-1128,OPP-20365
LEAD-12061,2026-04-06,Ember Systems,Individual Learner,Junior Consultant,United States,AMER,AI Assistant Referral,Product,CMP-019,Reports-to-CRMA Migration — APAC 2026-02,AI Assistant Referral,AI Assistant Referral,45,C,true,false,97,Nurture,2026-04-23,,,true,false,false,,,1,,,,
LEAD-12062,2026-05-09,Solstice Motors,L&D / Enablement Manager,L&D Manager,United States,AMER,Organic Search,Product,CMP-014,Einstein Discovery Workshop — APAC 2025-09,Organic Search,AI Assistant Referral,93,A,true,false,32,SQL,2026-05-23,2026-06-06,,true,true,false,,,0,,U-005,,
LEAD-12063,2026-01-02,Meridian Bank,L&D / Enablement Manager,L&D Manager,India,APAC,Paid Social,Inbound Marketing,CMP-009,Salesforce Event Follow-up — AMER 2026-01,Paid Social,SI Partner Referral,58,B,false,false,0,Converted,2026-01-06,2026-01-07,2026-01-24,true,true,true,,3,6,U-024,U-007,ACC-1028,OPP-20366
LEAD-12064,2026-08-10,Beacon Pharma,Procurement / Finance,Procurement Manager,Japan,APAC,Paid Search,Inbound Marketing,CMP-005,Certification Season — AMER 2025-12,Paid Search,Organic Search,75,A,false,false,0,SQL,2026-08-15,2026-08-20,,true,true,false,,3,7,U-025,U-007,,
LEAD-12065,2026-03-04,Foundry Consulting,Procurement / Finance,CFO,Chile,LATAM,Customer Referral,Partner / Referral,CMP-046,Certification Season — AMER 2026-03,Customer Referral,Customer Referral,100,A,true,false,2,MQL,2026-03-25,,,true,false,false,,,0,,,,
LEAD-12066,2025-06-06,Cinder Logistics,Individual Learner,Business Analyst,Netherlands,EMEA,Free Course,Product,CMP-025,Certification Season — EMEA 2025-09,Free Course,Organic Search,78,A,true,true,71,Nurture,2025-06-27,,,true,false,false,,,1,,,,
LEAD-12067,2026-02-26,Cobalt Energy,Salesforce Admin,Salesforce Administrator,Japan,APAC,Paid Social,Inbound Marketing,CMP-009,Salesforce Event Follow-up — AMER 2026-01,Paid Social,Paid Social,22,D,false,false,0,Working,,,,false,false,false,,4,5,U-021,,,
LEAD-12068,2026-04-28,Cinder Consulting,Individual Learner,Data Analyst,Mexico,AMER,Organic Search,Inbound Marketing,CMP-017,SAQL Masterclass — AMER 2026-05,Organic Search,Organic Search,51,B,false,false,0,Disqualified,,,,false,false,false,Competitor,6,8,U-018,,,
LEAD-12069,2026-01-28,Lattice Group,L&D / Enablement Manager,People Development Lead,United Kingdom,EMEA,Salesforce Community,Product,CMP-029,Classroom Batch Push — EMEA 2025-11,Salesforce Community,Salesforce Community,78,A,true,true,75,MQL,2026-02-06,,,true,false,false,,,2,,,,
LEAD-12070,2026-05-10,Pallas Bank,Individual Learner,Junior Consultant,Netherlands,EMEA,Paid Social,Inbound Marketing,CMP-008,Admin to Analyst Path — EMEA 2026-02,Paid Social,Paid Social,14,D,false,false,0,Working,,,,false,false,false,,3,5,U-016,,,
LEAD-12071,2025-07-10,Zephyr Energy,Analytics Lead,RevOps Manager,Brazil,AMER,Organic Search,Inbound Marketing,CMP-014,Einstein Discovery Workshop — APAC 2025-09,Organic Search,Organic Search,74,A,false,false,0,SQL,2025-07-28,2025-08-12,,true,true,false,,0,5,U-016,U-002,,
LEAD-12072,2026-01-06,Vertex Logistics,L&D / Enablement Manager,Head of Enablement,United States,AMER,AI Assistant Referral,Product,CMP-020,Dashboard Makeover Challenge — AMER 2025-12,AI Assistant Referral,AI Assistant Referral,63,B,true,true,67,MQL,2026-01-18,,,true,false,false,,,1,,,,
LEAD-12073,2025-07-23,Aster Works,L&D / Enablement Manager,L&D Manager,Netherlands,EMEA,Paid Social,Inbound Marketing,CMP-009,Salesforce Event Follow-up — AMER 2026-01,Paid Social,Paid Social,68,B,false,false,0,New,,,,false,false,false,,3,4,U-020,,,
LEAD-12074,2026-09-19,Cobalt Foods,Individual Learner,Business Analyst,United States,AMER,Outbound Sequence,Outbound,CMP-041,Reports-to-CRMA Migration — AMER 2025-04,Outbound Sequence,Paid Social,44,C,false,true,0,MQL,2026-09-25,,,true,false,false,,1,4,U-024,,,
LEAD-12075,2026-06-13,Harbor Telecom,Analytics Lead,RevOps Manager,Brazil,AMER,Organic Search,Product,CMP-014,Einstein Discovery Workshop — APAC 2025-09,Organic Search,Customer Referral,71,A,true,false,3,Converted,2026-06-27,2026-07-10,2026-07-28,true,true,true,,,1,,U-014,ACC-1004,OPP-20367
LEAD-12076,2025-12-09,Lumen Media,Individual Learner,Career Switcher,Mexico,AMER,Conference,Inbound Marketing,CMP-035,Dashboard Makeover Challenge — EMEA 2026-05,Conference,Conference,60,B,false,false,0,MQL,2025-12-27,,,true,false,false,,2,10,U-023,,,
LEAD-12077,2025-12-29,Rivet Bank,Individual Learner,Career Switcher,France,EMEA,Organic Search,Inbound Marketing,CMP-015,Reports-to-CRMA Migration — AMER 2025-11,Organic Search,SI Partner Referral,63,B,false,false,0,MQL,2026-01-07,,,true,false,false,,1,7,U-026,,,
LEAD-12078,2026-01-25,Tundra Telecom,Analytics Lead,Director of Sales Operations,Brazil,AMER,Organic Search,Product,CMP-016,Dashboard Makeover Challenge — AMER 2026-04,Organic Search,AI Assistant Referral,89,A,true,false,95,Converted,2026-02-09,2026-02-20,2026-03-10,true,true,true,,,2,,U-007,ACC-1030,OPP-20368
LEAD-12079,2026-04-16,Zephyr Motors,Individual Learner,Data Analyst,Brazil,AMER,Free Course,Product,CMP-027,Q3 Pipeline Push — APAC 2025-05,Free Course,Free Course,65,B,true,false,64,MQL,2026-05-03,,,true,false,false,,,0,,,,
LEAD-12080,2025-11-16,Juniper Media,Procurement / Finance,Procurement Manager,Germany,EMEA,Paid Social,Inbound Marketing,CMP-008,Admin to Analyst Path — EMEA 2026-02,Paid Social,Paid Social,67,B,false,false,0,SQL,2025-11-21,2025-12-11,,true,true,false,,5,4,U-025,U-013,,
LEAD-12081,2025-11-26,Vertex Motors,Procurement / Finance,Finance Director,United States,AMER,Outbound Sequence,Outbound,CMP-039,Reports-to-CRMA Migration — EMEA 2026-02,Outbound Sequence,Salesforce Community,67,B,false,false,0,Converted,2025-12-08,2025-12-31,2026-01-09,true,true,true,,2,2,U-020,U-014,ACC-1122,OPP-20369
LEAD-12082,2026-08-28,Meridian Technologies,L&D / Enablement Manager,People Development Lead,United States,AMER,Webinar,Inbound Marketing,CMP-032,Salesforce Event Follow-up — AMER 2025-12,Webinar,Webinar,38,C,false,false,0,New,,,,false,false,false,,0,9,U-025,,,
LEAD-12083,2026-04-10,Juniper Health,Individual Learner,Data Analyst,India,APAC,Paid Social,Inbound Marketing,CMP-009,Salesforce Event Follow-up — AMER 2026-01,Paid Social,Paid Social,43,C,false,false,0,MQL,2026-04-23,,,true,false,false,,3,4,U-025,,,
LEAD-12084,2026-05-21,Kestrel Media,Individual Learner,Career Switcher,Sweden,EMEA,Conference,Inbound Marketing,CMP-036,Einstein Discovery Workshop — AMER 2026-04,Conference,Conference,35,C,false,false,0,Working,,,,false,false,false,,3,3,U-026,,,
LEAD-12085,2026-08-14,Lattice Technologies,Procurement / Finance,CFO,UAE,EMEA,Free Course,Product,CMP-024,Team Upskilling Offer — AMER 2025-05,Free Course,Outbound Sequence,100,A,true,false,47,Disqualified,,,,false,false,false,Went silent,,1,,,,
LEAD-12086,2026-06-30,Dovetail Foods,Analytics Lead,Head of Analytics,Japan,APAC,Paid Social,Inbound Marketing,CMP-007,Admin to Analyst Path — EMEA 2025-05,Paid Social,Paid Social,47,C,false,false,0,Converted,2026-07-12,2026-07-18,2026-08-03,true,true,true,,3,5,U-016,U-010,ACC-1095,OPP-20370
LEAD-12087,2026-02-09,Halcyon Bank,Procurement / Finance,Head of Vendor Management,India,APAC,Webinar,Product,CMP-032,Salesforce Event Follow-up — AMER 2025-12,Webinar,AI Assistant Referral,89,A,true,true,89,Converted,2026-02-26,2026-02-27,2026-03-04,true,true,true,,,2,,U-005,ACC-1096,OPP-20371
LEAD-12088,2026-04-29,Orbital Pharma,Analytics Lead,Head of Analytics,United States,AMER,Conference,Inbound Marketing,CMP-036,Einstein Discovery Workshop — AMER 2026-04,Conference,Conference,53,B,false,false,0,SQL,2026-05-10,2026-05-11,,true,true,false,,2,11,U-015,U-001,,
LEAD-12089,2025-08-01,Kestrel Technologies,Analytics Lead,BI Lead,Mexico,AMER,Customer Referral,Partner / Referral,CMP-045,Einstein Discovery Workshop — AMER 2025-09,Customer Referral,Customer Referral,71,A,false,false,0,Working,,,,false,false,false,,4,5,U-027,,,
LEAD-12090,2025-06-10,Orbital Foods,Analytics Lead,BI Lead,Netherlands,EMEA,Conference,Inbound Marketing,CMP-035,Dashboard Makeover Challenge — EMEA 2026-05,Conference,Conference,58,B,false,false,0,Disqualified,,,,false,false,false,No Salesforce org,3,8,U-016,,,
LEAD-12091,2026-04-16,Lattice Digital,Individual Learner,Career Switcher,Netherlands,EMEA,Paid Search,Inbound Marketing,CMP-003,Free Course Launch — EMEA 2025-12,Paid Search,Paid Search,43,C,false,false,0,Working,,,,false,false,false,,3,9,U-017,,,
LEAD-12092,2026-05-29,Juniper Capital,Salesforce Admin,Senior Salesforce Admin,Brazil,AMER,Paid Social,Product,CMP-010,Certification Season — LATAM 2025-06,Paid Social,Paid Social,62,B,true,true,56,Converted,2026-06-10,2026-06-21,2026-07-12,true,true,true,,,2,,U-012,ACC-1059,OPP-20372
LEAD-12093,2025-12-29,Harbor Systems,Individual Learner,Data Analyst,Spain,EMEA,Organic Search,Product,CMP-015,Reports-to-CRMA Migration — AMER 2025-11,Organic Search,Organic Search,75,A,true,false,58,Nurture,2026-01-11,,,true,false,false,,,2,,,,
LEAD-12094,2026-06-25,Cinder Media,Salesforce Admin,Senior Salesforce Admin,Netherlands,EMEA,Free Course,Product,CMP-026,Reports-to-CRMA Migration — AMER 2025-08,Free Course,Free Course,85,A,true,true,9,SQL,2026-07-03,2026-07-17,,true,true,false,,,0,,U-001,,
LEAD-12095,2025-07-22,Orbital Logistics,Salesforce Admin,CRM Manager,Japan,APAC,Customer Referral,Partner / Referral,CMP-045,Einstein Discovery Workshop — AMER 2025-09,Customer Referral,Customer Referral,71,A,false,false,0,MQL,2025-07-26,,,true,false,false,,2,10,U-018,,,
LEAD-12096,2026-04-24,Aster Motors,Individual Learner,Business Analyst,Brazil,AMER,Customer Referral,Partner / Referral,CMP-046,Certification Season — AMER 2026-03,Customer Referral,Customer Referral,53,B,false,false,0,Converted,2026-05-07,2026-05-26,2026-06-02,true,true,true,,2,6,U-021,U-002,ACC-1085,OPP-20373
LEAD-12097,2025-10-05,Quanta Partners,Individual Learner,Data Analyst,Japan,APAC,Salesforce Community,Product,CMP-029,Classroom Batch Push — EMEA 2025-11,Salesforce Community,AI Assistant Referral,61,B,true,false,78,Disqualified,,,,false,false,false,Student — free course only,,0,,,,
LEAD-12098,2026-08-26,Solstice Care,L&D / Enablement Manager,People Development Lead,Canada,AMER,Salesforce Community,Product,CMP-030,SAQL Masterclass — AMER 2025-08,Salesforce Community,AI Assistant Referral,82,A,true,false,57,SQL,2026-08-28,2026-09-14,,true,true,false,,,2,,U-014,,
LEAD-12099,2026-07-22,Vertex Partners,Analytics Lead,BI Lead,Brazil,AMER,SI Partner Referral,Partner / Referral,CMP-044,Reports-to-CRMA Migration — AMER 2025-06,SI Partner Referral,SI Partner Referral,51,B,false,true,0,Working,,,,false,false,false,,2,2,U-016,,,
LEAD-12100,2026-05-31,Wexler Works,Individual Learner,Career Switcher,Mexico,AMER,Organic Search,Product,CMP-013,Team Upskilling Offer — LATAM 2026-01,Organic Search,Webinar,74,A,true,false,27,Working,,,,false,false,false,,,0,,,,
LEAD-12101,2025-09-30,Solstice Media,L&D / Enablement Manager,People Development Lead,Netherlands,EMEA,Organic Search,Product,CMP-016,Dashboard Makeover Challenge — AMER 2026-04,Organic Search,Organic Search,93,A,true,false,91,MQL,2025-10-19,,,true,false,false,,,2,,,,
LEAD-12102,2026-09-09,Cobalt Energy,Individual Learner,Business Analyst,Netherlands,EMEA,Paid Search,Inbound Marketing,CMP-003,Free Course Launch — EMEA 2025-12,Paid Search,Paid Search,58,B,false,true,0,MQL,2026-09-12,,,true,false,false,,4,5,U-021,,,
LEAD-12103,2025-06-20,Juniper Logistics,Individual Learner,Career Switcher,Singapore,APAC,Webinar,Inbound Marketing,CMP-033,Admin to Analyst Path — EMEA 2026-07,Webinar,Free Course,29,D,false,false,0,New,,,,false,false,false,,1,4,U-019,,,
LEAD-12104,2025-05-30,Umbra Partners,Individual Learner,Data Analyst,Spain,EMEA,Customer Referral,Partner / Referral,CMP-046,Certification Season — AMER 2026-03,Customer Referral,Customer Referral,39,C,false,true,0,Disqualified,,,,false,false,false,Duplicate,4,3,U-021,,,
LEAD-12105,2026-05-27,Pallas Bank,Individual Learner,Business Analyst,United States,AMER,Conference,Inbound Marketing,CMP-036,Einstein Discovery Workshop — AMER 2026-04,Conference,Conference,5,D,false,false,0,New,,,,false,false,false,,1,2,U-026,,,
LEAD-12106,2025-06-20,Vantage Media,Individual Learner,Career Switcher,Spain,EMEA,Outbound Sequence,Outbound,CMP-038,Certification Season — AMER 2025-04,Outbound Sequence,Paid Search,15,D,false,false,0,Working,,,,false,false,false,,1,8,U-015,,,
LEAD-12107,2026-07-20,North Partners,Salesforce Admin,CRM Manager,Mexico,AMER,Conference,Inbound Marketing,CMP-035,Dashboard Makeover Challenge — EMEA 2026-05,Conference,Conference,61,B,false,false,0,Converted,2026-08-09,2026-08-22,2026-09-20,true,true,true,,3,6,U-026,U-011,ACC-1051,OPP-20374
LEAD-12108,2025-10-03,Ember Media,Analytics Lead,BI Lead,Brazil,AMER,Outbound Sequence,Outbound,CMP-041,Reports-to-CRMA Migration — AMER 2025-04,Outbound Sequence,Outbound Sequence,62,B,false,true,0,Disqualified,,,,false,false,false,Student — free course only,1,5,U-020,,,
LEAD-12109,2026-03-02,Tundra Insurance,L&D / Enablement Manager,Head of Enablement,Netherlands,EMEA,Free Course,Product,CMP-025,Certification Season — EMEA 2025-09,Free Course,Free Course,83,A,true,false,13,SQL,2026-03-23,2026-04-06,,true,true,false,,,1,,U-014,,
LEAD-12110,2026-01-30,Sable Consulting,Salesforce Admin,CRM Manager,Mexico,AMER,Organic Search,Inbound Marketing,CMP-014,Einstein Discovery Workshop — APAC 2025-09,Organic Search,Customer Referral,67,B,false,false,0,Nurture,2026-02-01,,,true,false,false,,2,7,U-026,,,
LEAD-12111,2025-06-23,Vantage Consulting,Procurement / Finance,Procurement Manager,Indonesia,APAC,Paid Search,Product,CMP-001,Salesforce Event Follow-up — AMER 2026-02,Paid Search,Paid Search,78,A,true,false,8,SQL,2025-06-24,2025-07-03,,true,true,false,,,2,,U-012,,
LEAD-12112,2025-11-29,Kestrel Retail,Analytics Lead,RevOps Manager,Germany,EMEA,Salesforce Community,Inbound Marketing,CMP-030,SAQL Masterclass — AMER 2025-08,Salesforce Community,Salesforce Community,66,B,false,false,0,Converted,2025-12-11,2025-12-28,2026-01-10,true,true,true,,3,10,U-018,U-010,ACC-1067,OPP-20375
LEAD-12113,2025-10-26,Foundry Insurance,Salesforce Admin,Senior Salesforce Admin,Spain,EMEA,Paid Search,Inbound Marketing,CMP-005,Certification Season — AMER 2025-12,Paid Search,Paid Search,81,A,false,false,0,SQL,2025-10-28,2025-11-16,,true,true,false,,0,2,U-022,U-001,,
LEAD-12114,2026-03-07,Rivet Group,L&D / Enablement Manager,Head of Enablement,Colombia,LATAM,Salesforce Community,Product,CMP-029,Classroom Batch Push — EMEA 2025-11,Salesforce Community,Salesforce Community,75,A,true,true,7,SQL,2026-03-20,2026-04-07,,true,true,false,,,1,,U-004,,
LEAD-12115,2025-12-26,Aster Consulting,Salesforce Admin,Senior Salesforce Admin,Argentina,LATAM,Paid Search,Inbound Marketing,CMP-001,Salesforce Event Follow-up — AMER 2026-02,Paid Search,Paid Search,48,C,false,false,0,Working,,,,false,false,false,,1,7,U-027,,,
LEAD-12116,2026-03-14,Tundra Logistics,Individual Learner,Data Analyst,Argentina,LATAM,Free Course,Product,CMP-025,Certification Season — EMEA 2025-09,Free Course,Free Course,63,B,true,true,45,Nurture,2026-03-21,,,true,false,false,,,0,,,,
LEAD-12117,2025-09-22,Beacon Consulting,L&D / Enablement Manager,Training Director,Japan,APAC,Paid Search,Inbound Marketing,CMP-002,Reports-to-CRMA Migration — AMER 2025-08,Paid Search,Paid Search,58,B,false,false,0,Nurture,2025-09-29,,,true,false,false,,3,5,U-025,,,
LEAD-12118,2025-06-04,Lattice Energy,Procurement / Finance,CFO,UAE,EMEA,Free Course,Product,CMP-026,Reports-to-CRMA Migration — AMER 2025-08,Free Course,Customer Referral,100,A,true,true,26,Nurture,2025-06-17,,,true,false,false,,,0,,,,
LEAD-12119,2026-02-28,Dovetail Digital,Individual Learner,Career Switcher,Netherlands,EMEA,Outbound Sequence,Outbound,CMP-041,Reports-to-CRMA Migration — AMER 2025-04,Outbound Sequence,Outbound Sequence,24,D,false,false,0,Working,,,,false,false,false,,2,6,U-016,,,
LEAD-12120,2026-04-23,North Partners,Salesforce Admin,Senior Salesforce Admin,Australia,APAC,SI Partner Referral,Partner / Referral,CMP-042,Certification Season — AMER 2025-04,SI Partner Referral,SI Partner Referral,69,B,false,false,0,MQL,2026-05-13,,,true,false,false,,3,8,U-022,,,
LEAD-12121,2026-01-22,Foundry Health,Salesforce Admin,CRM Manager,Japan,APAC,Outbound Sequence,Outbound,CMP-037,Team Upskilling Offer — EMEA 2025-04,Outbound Sequence,Customer Referral,53,B,false,false,0,New,,,,false,false,false,,3,5,U-019,,,
LEAD-12122,2026-04-02,Harbor Insurance,L&D / Enablement Manager,L&D Manager,Canada,AMER,Salesforce Community,Product,CMP-030,SAQL Masterclass — AMER 2025-08,Salesforce Community,Salesforce Community,82,A,true,false,28,SQL,2026-04-12,2026-04-14,,true,true,false,,,0,,U-007,,
LEAD-12123,2025-07-31,Vantage Care,Individual Learner,Data Analyst,Japan,APAC,Paid Search,Product,CMP-001,Salesforce Event Follow-up — AMER 2026-02,Paid Search,Paid Search,46,C,true,false,61,Disqualified,,,,false,false,false,Free course is enough,,1,,,,
LEAD-12124,2025-08-30,Cinder Partners,Individual Learner,Business Analyst,France,EMEA,Outbound Sequence,Outbound,CMP-040,AI Search Visibility — AMER 2026-05,Outbound Sequence,Outbound Sequence,11,D,false,false,0,New,,,,false,false,false,,2,2,U-016,,,
LEAD-12125,2025-04-27,Lumen Works,Salesforce Admin,Salesforce Administrator,United Kingdom,EMEA,Organic Search,Inbound Marketing,CMP-017,SAQL Masterclass — AMER 2026-05,Organic Search,Salesforce Community,62,B,false,false,0,New,,,,false,false,false,,4,9,U-018,,,
LEAD-12126,2025-08-30,Onyx Retail,Procurement / Finance,Procurement Manager,Brazil,AMER,Outbound Sequence,Outbound,CMP-038,Certification Season — AMER 2025-04,Outbound Sequence,Organic Search,66,B,false,false,0,SQL,2025-09-14,2025-09-25,,true,true,false,,1,5,U-027,U-008,,
LEAD-12127,2026-02-21,Lattice Media,Salesforce Admin,Salesforce Administrator,United States,AMER,AI Assistant Referral,Product,CMP-022,Dashboard Makeover Challenge — AMER 2025-10,AI Assistant Referral,AI Assistant Referral,85,A,true,true,20,MQL,2026-02-26,,,true,false,false,,,1,,,,
LEAD-12128,2026-09-01,Tundra Partners,L&D / Enablement Manager,L&D Manager,India,APAC,SI Partner Referral,Partner / Referral,CMP-044,Reports-to-CRMA Migration — AMER 2025-06,SI Partner Referral,Salesforce Community,91,A,true,false,5,MQL,2026-09-16,,,true,false,false,,,0,,,,
LEAD-12129,2025-11-27,Umbra Pharma,Individual Learner,Data Analyst,Mexico,AMER,Paid Search,Product,CMP-004,Q3 Pipeline Push — AMER 2025-11,Paid Search,Paid Search,95,A,true,true,57,Converted,2025-12-14,2025-12-31,2026-02-02,true,true,true,,,1,,U-008,ACC-1083,OPP-20376
LEAD-12130,2026-01-20,Harbor Works,Analytics Lead,Director of Sales Operations,United States,AMER,Outbound Sequence,Outbound,CMP-037,Team Upskilling Offer — EMEA 2025-04,Outbound Sequence,Paid Social,15,D,false,false,0,Disqualified,,,,false,false,false,Student — free course only,1,4,U-018,,,
LEAD-12131,2026-06-10,Rivet Bank,Salesforce Admin,Platform Owner,Brazil,AMER,Outbound Sequence,Outbound,CMP-040,AI Search Visibility — AMER 2026-05,Outbound Sequence,Paid Search,72,A,false,false,0,MQL,2026-06-14,,,true,false,false,,3,9,U-022,,,
LEAD-12132,2026-06-02,Foundry Capital,Salesforce Admin,Senior Salesforce Admin,Sweden,EMEA,Outbound Sequence,Outbound,CMP-039,Reports-to-CRMA Migration — EMEA 2026-02,Outbound Sequence,Outbound Sequence,59,B,false,false,0,Working,,,,false,false,false,,3,8,U-016,,,
LEAD-12133,2025-10-09,Kestrel Telecom,Individual Learner,Business Analyst,Australia,APAC,Free Course,Inbound Marketing,CMP-028,Certification Season — AMER 2025-11,Free Course,Free Course,59,B,false,false,0,New,,,,false,false,false,,5,2,U-017,,,
LEAD-12134,2026-03-15,Rivet Digital,Salesforce Admin,Salesforce Administrator,United States,AMER,Organic Search,Product,CMP-012,AI Search Visibility — AMER 2026-07,Organic Search,Organic Search,82,A,true,true,36,Converted,2026-03-23,2026-04-05,2026-04-22,true,true,true,,,1,,U-012,ACC-1118,OPP-20377
LEAD-12135,2025-10-03,Zephyr Telecom,Analytics Lead,BI Lead,Brazil,AMER,Customer Referral,Partner / Referral,CMP-045,Einstein Discovery Workshop — AMER 2025-09,Customer Referral,Customer Referral,58,B,false,false,0,SQL,2025-10-15,2025-11-10,,true,true,false,,4,6,U-026,U-004,,
LEAD-12136,2025-08-24,Cobalt Media,Procurement / Finance,Procurement Manager,Brazil,AMER,Conference,Inbound Marketing,CMP-036,Einstein Discovery Workshop — AMER 2026-04,Conference,Conference,68,B,false,false,0,Converted,2025-09-06,2025-09-24,2025-10-16,true,true,true,,2,8,U-015,U-003,ACC-1124,OPP-20378
LEAD-12137,2026-04-22,Juniper Health,Individual Learner,Junior Consultant,United States,AMER,Conference,Inbound Marketing,CMP-036,Einstein Discovery Workshop — AMER 2026-04,Conference,Webinar,44,C,false,false,0,Nurture,2026-05-07,,,true,false,false,,0,7,U-015,,,
LEAD-12138,2025-10-17,Lattice Consulting,Procurement / Finance,Procurement Manager,Argentina,LATAM,Organic Search,Product,CMP-015,Reports-to-CRMA Migration — AMER 2025-11,Organic Search,Organic Search,100,A,true,false,62,Converted,2025-11-01,2025-11-03,2025-11-09,true,true,true,,,0,,U-004,ACC-1069,OPP-20379
LEAD-12139,2025-11-14,Kestrel Media,L&D / Enablement Manager,People Development Lead,Canada,AMER,Outbound Sequence,Outbound,CMP-041,Reports-to-CRMA Migration — AMER 2025-04,Outbound Sequence,Outbound Sequence,47,C,false,false,0,SQL,2025-11-20,2025-11-25,,true,true,false,,5,4,U-015,U-006,,
LEAD-12140,2026-06-16,Kestrel Partners,Salesforce Admin,Senior Salesforce Admin,India,APAC,Organic Search,Product,CMP-011,Admin to Analyst Path — LATAM 2025-04,Organic Search,Organic Search,91,A,true,false,98,Nurture,2026-06-29,,,true,false,false,,,1,,,,
LEAD-12141,2026-01-22,Quanta Bank,Salesforce Admin,Salesforce Administrator,Canada,AMER,Organic Search,Inbound Marketing,CMP-011,Admin to Analyst Path — LATAM 2025-04,Organic Search,Organic Search,65,B,false,false,0,Nurture,2026-02-01,,,true,false,false,,1,3,U-016,,,
LEAD-12142,2026-01-21,Rivet Bank,Individual Learner,Business Analyst,United States,AMER,Outbound Sequence,Outbound,CMP-041,Reports-to-CRMA Migration — AMER 2025-04,Outbound Sequence,Outbound Sequence,27,D,false,false,0,Nurture,2026-02-06,,,true,false,false,,2,9,U-024,,,
LEAD-12143,2026-01-28,Wexler Energy,Individual Learner,Career Switcher,Brazil,AMER,Outbound Sequence,Outbound,CMP-037,Team Upskilling Offer — EMEA 2025-04,Outbound Sequence,Outbound Sequence,42,C,false,false,0,New,,,,false,false,false,,4,2,U-024,,,
LEAD-12144,2025-10-25,Lumen Consulting,Individual Learner,Business Analyst,Japan,APAC,SI Partner Referral,Partner / Referral,CMP-042,Certification Season — AMER 2025-04,SI Partner Referral,Salesforce Community,30,C,false,false,0,New,,,,false,false,false,,4,2,U-023,,,
LEAD-12145,2026-09-12,Vantage Health,Individual Learner,Junior Consultant,Canada,AMER,Paid Social,Product,CMP-009,Salesforce Event Follow-up — AMER 2026-01,Paid Social,Paid Social,40,C,true,true,78,New,,,,false,false,false,,,0,,,,
LEAD-12146,2025-07-26,Wexler Motors,L&D / Enablement Manager,Head of Enablement,Canada,AMER,Paid Social,Inbound Marketing,CMP-010,Certification Season — LATAM 2025-06,Paid Social,Paid Social,41,C,false,false,0,Disqualified,,,,false,false,false,Went silent,0,5,U-018,,,
LEAD-12147,2025-12-16,Ember Partners,Salesforce Admin,Senior Salesforce Admin,Canada,AMER,Outbound Sequence,Outbound,CMP-041,Reports-to-CRMA Migration — AMER 2025-04,Outbound Sequence,Customer Referral,41,C,false,false,0,New,,,,false,false,false,,1,8,U-027,,,
LEAD-12148,2025-11-29,Cobalt Logistics,Individual Learner,Career Switcher,Spain,EMEA,AI Assistant Referral,Product,CMP-019,Reports-to-CRMA Migration — APAC 2026-02,AI Assistant Referral,AI Assistant Referral,70,A,true,true,63,Converted,2025-12-05,2025-12-31,2026-01-21,true,true,true,,,2,,U-004,ACC-1011,OPP-20380
LEAD-12149,2026-04-05,Zephyr Health,L&D / Enablement Manager,Head of Enablement,Chile,LATAM,AI Assistant Referral,Inbound Marketing,CMP-021,SAQL Masterclass — LATAM 2025-09,AI Assistant Referral,AI Assistant Referral,100,A,false,false,0,Converted,2026-04-19,2026-05-06,2026-06-07,true,true,true,,2,7,U-022,U-014,ACC-1078,OPP-20381
LEAD-12150,2026-02-08,Juniper Energy,Analytics Lead,Director of Sales Operations,Australia,APAC,Customer Referral,Partner / Referral,CMP-046,Certification Season — AMER 2026-03,Customer Referral,SI Partner Referral,75,A,false,false,0,SQL,2026-02-22,2026-03-19,,true,true,false,,2,3,U-022,U-006,,
LEAD-12151,2026-03-30,Halcyon Retail,Salesforce Admin,Salesforce Administrator,Mexico,AMER,Outbound Sequence,Outbound,CMP-041,Reports-to-CRMA Migration — AMER 2025-04,Outbound Sequence,Outbound Sequence,34,C,false,false,0,SQL,2026-04-09,2026-04-10,,true,true,false,,5,2,U-016,U-012,,
LEAD-12152,2026-01-31,Beacon Motors,Individual Learner,Junior Consultant,United States,AMER,Paid Search,Inbound Marketing,CMP-006,AI Search Visibility — AMER 2026-02,Paid Search,Paid Search,56,B,false,false,0,Nurture,2026-02-11,,,true,false,false,,1,3,U-024,,,
LEAD-12153,2026-07-08,Quanta Foods,Procurement / Finance,Finance Director,Sweden,EMEA,Outbound Sequence,Outbound,CMP-039,Reports-to-CRMA Migration — EMEA 2026-02,Outbound Sequence,AI Assistant Referral,46,C,false,false,0,Converted,2026-07-27,2026-08-16,2026-09-14,true,true,true,,1,3,U-017,U-004,ACC-1029,OPP-20382
LEAD-12154,2025-10-10,Tundra Capital,Individual Learner,Business Analyst,Canada,AMER,Outbound Sequence,Outbound,CMP-038,Certification Season — AMER 2025-04,Outbound Sequence,Outbound Sequence,67,B,true,true,37,Converted,2025-10-14,2025-10-16,2025-11-11,true,true,true,,0,2,U-022,U-003,ACC-1095,OPP-20383
LEAD-12155,2025-10-29,Tundra Consulting,Procurement / Finance,Procurement Manager,UAE,EMEA,Customer Referral,Partner / Referral,CMP-045,Einstein Discovery Workshop — AMER 2025-09,Customer Referral,Customer Referral,72,A,true,true,97,Disqualified,,,,false,false,false,Went silent,,1,,,,
LEAD-12156,2025-07-26,Vertex Insurance,Individual Learner,Data Analyst,Germany,EMEA,Organic Search,Product,CMP-011,Admin to Analyst Path — LATAM 2025-04,Organic Search,Free Course,86,A,true,true,24,MQL,2025-08-12,,,true,false,false,,,1,,,,
LEAD-12157,2025-12-23,Zephyr Group,Procurement / Finance,Head of Vendor Management,Brazil,AMER,Free Course,Product,CMP-028,Certification Season — AMER 2025-11,Free Course,Free Course,73,A,true,true,44,SQL,2026-01-02,2026-01-07,,true,true,false,,,1,,U-013,,
LEAD-12158,2026-05-30,Solstice Care,Individual Learner,Junior Consultant,Brazil,AMER,Customer Referral,Partner / Referral,CMP-046,Certification Season — AMER 2026-03,Customer Referral,Customer Referral,56,B,true,true,24,SQL,2026-06-18,2026-07-09,,true,true,false,,,1,,U-014,,
LEAD-12159,2025-09-16,Aster Retail,Salesforce Admin,Platform Owner,Canada,AMER,Organic Search,Product,CMP-016,Dashboard Makeover Challenge — AMER 2026-04,Organic Search,Organic Search,99,A,true,false,14,New,,,,false,false,false,,,2,,,,
LEAD-12160,2025-06-14,Ember Motors,Individual Learner,Business Analyst,Netherlands,EMEA,Organic Search,Product,CMP-013,Team Upskilling Offer — LATAM 2026-01,Organic Search,Organic Search,45,C,true,true,80,MQL,2025-06-23,,,true,false,false,,,0,,,,
LEAD-12161,2025-08-26,Pallas Systems,Individual Learner,Data Analyst,India,APAC,Conference,Inbound Marketing,CMP-036,Einstein Discovery Workshop — AMER 2026-04,Conference,Conference,36,C,false,true,0,New,,,,false,false,false,,2,11,U-024,,,
LEAD-12162,2026-07-30,Lumen Health,Individual Learner,Business Analyst,France,EMEA,Conference,Inbound Marketing,CMP-035,Dashboard Makeover Challenge — EMEA 2026-05,Conference,Free Course,36,C,false,false,0,Working,,,,false,false,false,,5,7,U-018,,,
LEAD-12163,2026-01-23,Sable Systems,Individual Learner,Data Analyst,United Kingdom,EMEA,AI Assistant Referral,Product,CMP-022,Dashboard Makeover Challenge — AMER 2025-10,AI Assistant Referral,AI Assistant Referral,54,B,true,false,28,MQL,2026-01-31,,,true,false,false,,,2,,,,
LEAD-12164,2026-02-17,Lattice Capital,Individual Learner,Career Switcher,Australia,APAC,Organic Search,Product,CMP-015,Reports-to-CRMA Migration — AMER 2025-11,Organic Search,Paid Search,40,C,true,true,7,Disqualified,,,,false,false,false,No Salesforce org,,2,,,,
LEAD-12165,2025-12-09,Harbor Pharma,Individual Learner,Data Analyst,Spain,EMEA,Salesforce Community,Product,CMP-030,SAQL Masterclass — AMER 2025-08,Salesforce Community,Salesforce Community,45,C,true,true,59,SQL,2025-12-24,2026-01-14,,true,true,false,,,1,,U-010,,
LEAD-12166,2026-05-27,Tundra Retail,L&D / Enablement Manager,Training Director,United States,AMER,Outbound Sequence,Outbound,CMP-038,Certification Season — AMER 2025-04,Outbound Sequence,Webinar,56,B,false,false,0,MQL,2026-06-02,,,true,false,false,,5,2,U-022,,,
LEAD-12167,2026-03-21,Quanta Logistics,Individual Learner,Business Analyst,Australia,APAC,Free Course,Product,CMP-028,Certification Season — AMER 2025-11,Free Course,Paid Search,59,B,true,false,67,Converted,2026-03-27,2026-04-13,2026-05-09,true,true,true,,,2,,U-004,ACC-1127,OPP-20384
LEAD-12168,2026-05-20,Rivet Energy,Salesforce Admin,Platform Owner,India,APAC,SI Partner Referral,Partner / Referral,CMP-043,SAQL Masterclass — APAC 2026-01,SI Partner Referral,SI Partner Referral,62,B,false,false,0,MQL,2026-06-05,,,true,false,false,,1,1,U-018,,,
LEAD-12169,2026-01-05,Lattice Consulting,Salesforce Admin,Platform Owner,France,EMEA,Organic Search,Inbound Marketing,CMP-012,AI Search Visibility — AMER 2026-07,Organic Search,Organic Search,88,A,false,false,0,Converted,2026-01-18,2026-01-25,2026-02-01,true,true,true,,2,6,U-021,U-001,ACC-1091,OPP-20385
LEAD-12170,2026-04-15,Harbor Capital,Analytics Lead,BI Lead,Mexico,AMER,Free Course,Inbound Marketing,CMP-028,Certification Season — AMER 2025-11,Free Course,Free Course,73,A,false,false,0,Converted,2026-04-23,2026-05-09,2026-06-03,true,true,true,,1,6,U-017,U-006,ACC-1043,OPP-20386
LEAD-12171,2026-08-28,Aster Technologies,Individual Learner,Junior Consultant,Canada,AMER,Free Course,Product,CMP-024,Team Upskilling Offer — AMER 2025-05,Free Course,Webinar,73,A,true,false,36,Converted,2026-09-07,2026-09-17,2026-10-17,true,true,true,,,1,,U-013,ACC-1079,OPP-20387
LEAD-12172,2025-09-20,Tundra Pharma,L&D / Enablement Manager,Training Director,Mexico,AMER,Paid Search,Inbound Marketing,CMP-005,Certification Season — AMER 2025-12,Paid Search,Paid Search,56,B,false,false,0,Converted,2025-09-25,2025-10-18,2025-11-16,true,true,true,,5,3,U-027,U-012,ACC-1111,OPP-20388
LEAD-12173,2025-07-05,Halcyon Partners,Analytics Lead,Director of Sales Operations,Mexico,AMER,Customer Referral,Partner / Referral,CMP-046,Certification Season — AMER 2026-03,Customer Referral,Customer Referral,60,B,false,false,0,New,,,,false,false,false,,2,1,U-024,,,
LEAD-12174,2025-08-02,Tundra Digital,Individual Learner,Career Switcher,Brazil,AMER,SI Partner Referral,Partner / Referral,CMP-044,Reports-to-CRMA Migration — AMER 2025-06,SI Partner Referral,SI Partner Referral,65,B,false,true,0,Converted,2025-08-18,2025-08-23,2025-09-19,true,true,true,,0,1,U-026,U-003,ACC-1137,OPP-20389
LEAD-12175,2026-01-12,Beacon Foods,Analytics Lead,BI Lead,Germany,EMEA,Customer Referral,Partner / Referral,CMP-046,Certification Season — AMER 2026-03,Customer Referral,Customer Referral,86,A,true,false,62,Nurture,2026-01-30,,,true,false,false,,,0,,,,
LEAD-12176,2025-07-23,Halcyon Bank,Procurement / Finance,Finance Director,Mexico,AMER,Free Course,Product,CMP-023,Dashboard Makeover Challenge — AMER 2025-06,Free Course,Organic Search,88,A,true,true,87,MQL,2025-08-05,,,true,false,false,,,2,,,,
LEAD-12177,2025-11-20,Meridian Systems,Salesforce Admin,Platform Owner,Germany,EMEA,Salesforce Community,Product,CMP-029,Classroom Batch Push — EMEA 2025-11,Salesforce Community,Paid Social,65,B,true,true,51,MQL,2025-12-05,,,true,false,false,,,1,,,,
LEAD-12178,2026-06-25,Cobalt Pharma,L&D / Enablement Manager,People Development Lead,Brazil,AMER,Organic Search,Product,CMP-012,AI Search Visibility — AMER 2026-07,Organic Search,Organic Search,97,A,true,false,63,Nurture,2026-07-06,,,true,false,false,,,0,,,,
LEAD-12179,2025-11-12,Juniper Health,Individual Learner,Career Switcher,Germany,EMEA,Paid Search,Inbound Marketing,CMP-001,Salesforce Event Follow-up — AMER 2026-02,Paid Search,Paid Search,67,B,false,false,0,MQL,2025-11-14,,,true,false,false,,0,6,U-024,,,
LEAD-12180,2025-08-18,Cinder Energy,Salesforce Admin,Senior Salesforce Admin,Mexico,AMER,Conference,Inbound Marketing,CMP-036,Einstein Discovery Workshop — AMER 2026-04,Conference,Conference,37,C,false,false,0,New,,,,false,false,false,,1,7,U-016,,,
LEAD-12181,2025-08-04,Sable Telecom,Individual Learner,Data Analyst,United States,AMER,Outbound Sequence,Outbound,CMP-041,Reports-to-CRMA Migration — AMER 2025-04,Outbound Sequence,Webinar,28,D,false,false,0,Disqualified,,,,false,false,false,Duplicate,4,9,U-015,,,
LEAD-12182,2025-10-21,Juniper Pharma,Analytics Lead,Head of Analytics,Netherlands,EMEA,Paid Search,Inbound Marketing,CMP-003,Free Course Launch — EMEA 2025-12,Paid Search,Paid Search,88,A,false,false,0,SQL,2025-10-31,2025-11-08,,true,true,false,,0,6,U-024,U-011,,
LEAD-12183,2026-07-19,Dovetail Bank,Individual Learner,Career Switcher,Argentina,LATAM,Free Course,Product,CMP-027,Q3 Pipeline Push — APAC 2025-05,Free Course,AI Assistant Referral,50,B,true,true,89,Nurture,2026-07-21,,,true,false,false,,,2,,,,
LEAD-12184,2025-05-11,Zephyr Logistics,Salesforce Admin,Senior Salesforce Admin,Spain,EMEA,Customer Referral,Partner / Referral,CMP-046,Certification Season — AMER 2026-03,Customer Referral,Customer Referral,49,C,false,false,0,Converted,2025-05-16,2025-06-08,2025-06-14,true,true,true,,0,7,U-021,U-011,ACC-1060,OPP-20390
LEAD-12185,2025-10-02,Halcyon Foods,Individual Learner,Career Switcher,Netherlands,EMEA,Paid Search,Inbound Marketing,CMP-001,Salesforce Event Follow-up — AMER 2026-02,Paid Search,AI Assistant Referral,57,B,false,false,0,Disqualified,,,,false,false,false,No budget,0,9,U-026,,,
LEAD-12186,2025-06-14,Kestrel Partners,L&D / Enablement Manager,Head of Enablement,Sweden,EMEA,Free Course,Product,CMP-023,Dashboard Makeover Challenge — AMER 2025-06,Free Course,SI Partner Referral,89,A,true,true,77,Disqualified,,,,false,false,false,Went silent,,2,,,,
LEAD-12187,2025-05-27,Rivet Systems,Analytics Lead,BI Lead,Canada,AMER,Organic Search,Inbound Marketing,CMP-016,Dashboard Makeover Challenge — AMER 2026-04,Organic Search,Webinar,87,A,false,false,0,MQL,2025-06-10,,,true,false,false,,3,4,U-021,,,
LEAD-12188,2026-04-21,Dovetail Group,Salesforce Admin,CRM Manager,Brazil,AMER,Paid Social,Inbound Marketing,CMP-007,Admin to Analyst Path — EMEA 2025-05,Paid Social,Salesforce Community,31,C,false,false,0,Disqualified,,,,false,false,false,Wrong geo,2,8,U-026,,,
LEAD-12189,2026-08-15,Vantage Works,Salesforce Admin,Salesforce Administrator,Canada,AMER,Paid Search,Inbound Marketing,CMP-004,Q3 Pipeline Push — AMER 2025-11,Paid Search,Paid Search,49,C,false,false,0,SQL,2026-08-15,2026-08-29,,true,true,false,,3,7,U-020,U-001,,
LEAD-12190,2026-08-31,Umbra Works,L&D / Enablement Manager,Training Director,Canada,AMER,Paid Search,Inbound Marketing,CMP-004,Q3 Pipeline Push — AMER 2025-11,Paid Search,Paid Search,78,A,false,false,0,Converted,2026-09-14,2026-09-29,2026-10-08,true,true,true,,1,5,U-015,U-006,ACC-1125,OPP-20391
LEAD-12191,2025-08-13,Cinder Digital,Salesforce Admin,Platform Owner,Brazil,AMER,Paid Social,Inbound Marketing,CMP-008,Admin to Analyst Path — EMEA 2026-02,Paid Social,Customer Referral,42,C,false,false,0,Disqualified,,,,false,false,false,No Salesforce org,2,4,U-024,,,
LEAD-12192,2026-08-18,Halcyon Telecom,Individual Learner,Data Analyst,Spain,EMEA,Organic Search,Product,CMP-012,AI Search Visibility — AMER 2026-07,Organic Search,Customer Referral,50,B,true,true,48,SQL,2026-08-21,2026-09-04,,true,true,false,,,1,,U-007,,
LEAD-12193,2025-12-23,Ember Care,Salesforce Admin,Senior Salesforce Admin,Netherlands,EMEA,Webinar,Inbound Marketing,CMP-033,Admin to Analyst Path — EMEA 2026-07,Webinar,Webinar,63,B,false,false,0,Working,,,,false,false,false,,2,8,U-020,,,
LEAD-12194,2026-07-17,Onyx Capital,Analytics Lead,RevOps Manager,UAE,EMEA,Salesforce Community,Inbound Marketing,CMP-031,Admin to Analyst Path — EMEA 2026-07,Salesforce Community,Salesforce Community,56,B,false,false,0,MQL,2026-07-22,,,true,false,false,,2,10,U-018,,,
LEAD-12195,2026-01-14,Juniper Telecom,Analytics Lead,RevOps Manager,United Kingdom,EMEA,Paid Social,Inbound Marketing,CMP-008,Admin to Analyst Path — EMEA 2026-02,Paid Social,Paid Social,23,D,false,true,0,New,,,,false,false,false,,2,5,U-015,,,
LEAD-12196,2026-03-26,Wexler Energy,Individual Learner,Data Analyst,Canada,AMER,Free Course,Inbound Marketing,CMP-026,Reports-to-CRMA Migration — AMER 2025-08,Free Course,Free Course,61,B,false,false,0,MQL,2026-04-03,,,true,false,false,,2,8,U-027,,,
LEAD-12197,2025-11-02,Aster Capital,Individual Learner,Junior Consultant,Singapore,APAC,Paid Social,Product,CMP-010,Certification Season — LATAM 2025-06,Paid Social,Paid Social,46,C,true,false,47,Working,,,,false,false,false,,,0,,,,
LEAD-12198,2025-11-28,Vantage Digital,Salesforce Admin,CRM Manager,Brazil,AMER,Paid Search,Inbound Marketing,CMP-006,AI Search Visibility — AMER 2026-02,Paid Search,Paid Search,45,C,false,false,0,SQL,2025-12-11,2025-12-19,,true,true,false,,3,11,U-027,U-004,,
LEAD-12199,2025-10-28,Kestrel Digital,Individual Learner,Business Analyst,Mexico,AMER,Customer Referral,Partner / Referral,CMP-046,Certification Season — AMER 2026-03,Customer Referral,Conference,42,C,true,true,68,Disqualified,,,,false,false,false,No budget,,2,,,,
LEAD-12200,2026-01-27,Vantage Digital,Individual Learner,Business Analyst,Mexico,AMER,Paid Search,Inbound Marketing,CMP-006,AI Search Visibility — AMER 2026-02,Paid Search,Paid Search,52,B,false,false,0,MQL,2026-02-04,,,true,false,false,,0,1,U-019,,,
LEAD-12201,2025-05-04,Juniper Bank,Individual Learner,Data Analyst,Netherlands,EMEA,Paid Search,Inbound Marketing,CMP-001,Salesforce Event Follow-up — AMER 2026-02,Paid Search,Webinar,39,C,false,false,0,SQL,2025-05-08,2025-05-21,,true,true,false,,0,5,U-024,U-009,,
LEAD-12202,2026-01-04,Umbra Foods,Analytics Lead,BI Lead,Sweden,EMEA,Customer Referral,Partner / Referral,CMP-045,Einstein Discovery Workshop — AMER 2025-09,Customer Referral,Customer Referral,73,A,false,false,0,SQL,2026-01-10,2026-01-30,,true,true,false,,0,3,U-017,U-010,,
LEAD-12203,2026-03-10,Foundry Telecom,Procurement / Finance,Finance Director,United Kingdom,EMEA,SI Partner Referral,Partner / Referral,CMP-042,Certification Season — AMER 2025-04,SI Partner Referral,SI Partner Referral,75,A,false,true,0,Disqualified,,,,false,false,false,Competitor,0,8,U-022,,,
LEAD-12204,2026-08-22,Zephyr Systems,L&D / Enablement Manager,Head of Enablement,Australia,APAC,Free Course,Product,CMP-023,Dashboard Makeover Challenge — AMER 2025-06,Free Course,Webinar,100,A,true,true,33,SQL,2026-09-11,2026-09-16,,true,true,false,,,2,,U-002,,
LEAD-12205,2025-10-30,Halcyon Care,Procurement / Finance,Head of Vendor Management,UAE,EMEA,Paid Search,Inbound Marketing,CMP-002,Reports-to-CRMA Migration — AMER 2025-08,Paid Search,Paid Search,85,A,false,false,0,Converted,2025-11-20,2025-12-05,2025-12-13,true,true,true,,2,11,U-025,U-007,ACC-1108,OPP-20392
LEAD-12206,2025-06-02,Aster Systems,Individual Learner,Junior Consultant,Australia,APAC,Conference,Inbound Marketing,CMP-036,Einstein Discovery Workshop — AMER 2026-04,Conference,Organic Search,59,B,false,false,0,Nurture,2025-06-05,,,true,false,false,,3,2,U-017,,,
LEAD-12207,2026-06-12,Solstice Media,Procurement / Finance,CFO,Brazil,AMER,AI Assistant Referral,Product,CMP-019,Reports-to-CRMA Migration — APAC 2026-02,AI Assistant Referral,Organic Search,100,A,true,false,41,Disqualified,,,,false,false,false,Duplicate,,0,,,,
LEAD-12208,2025-07-07,Juniper Retail,Salesforce Admin,Platform Owner,Australia,APAC,SI Partner Referral,Partner / Referral,CMP-043,SAQL Masterclass — APAC 2026-01,SI Partner Referral,Webinar,75,A,false,false,0,MQL,2025-07-23,,,true,false,false,,0,4,U-018,,,
LEAD-12209,2026-01-31,Cinder Energy,Individual Learner,Data Analyst,Argentina,LATAM,Paid Search,Inbound Marketing,CMP-001,Salesforce Event Follow-up — AMER 2026-02,Paid Search,Organic Search,43,C,false,false,0,Converted,2026-02-08,2026-02-27,2026-03-30,true,true,true,,3,8,U-021,U-012,ACC-1078,OPP-20393
LEAD-12210,2026-08-05,Sable Technologies,Salesforce Admin,Salesforce Administrator,UAE,EMEA,Organic Search,Inbound Marketing,CMP-018,Free Course Launch — AMER 2025-11,Organic Search,Customer Referral,58,B,false,true,0,MQL,2026-08-19,,,true,false,false,,3,2,U-025,,,
LEAD-12211,2026-09-11,Harbor Care,Individual Learner,Career Switcher,Canada,AMER,Paid Social,Product,CMP-007,Admin to Analyst Path — EMEA 2025-05,Paid Social,Conference,44,C,true,false,96,Nurture,2026-10-02,,,true,false,false,,,2,,,,
LEAD-12212,2026-02-28,Onyx Pharma,Procurement / Finance,CFO,Australia,APAC,Paid Search,Product,CMP-004,Q3 Pipeline Push — AMER 2025-11,Paid Search,Paid Search,96,A,true,false,89,SQL,2026-03-18,2026-04-13,,true,true,false,,,0,,U-010,,
LEAD-12213,2026-02-03,Ember Energy,Procurement / Finance,CFO,India,APAC,Webinar,Inbound Marketing,CMP-033,Admin to Analyst Path — EMEA 2026-07,Webinar,Outbound Sequence,62,B,false,false,0,Converted,2026-02-21,2026-03-11,2026-04-02,true,true,true,,1,1,U-025,U-011,ACC-1115,OPP-20394
LEAD-12214,2026-01-17,Onyx Technologies,Individual Learner,Junior Consultant,Sweden,EMEA,Outbound Sequence,Outbound,CMP-041,Reports-to-CRMA Migration — AMER 2025-04,Outbound Sequence,Outbound Sequence,1,D,false,false,0,Working,,,,false,false,false,,2,7,U-015,,,
LEAD-12215,2025-12-12,Vertex Logistics,Individual Learner,Data Analyst,Germany,EMEA,Outbound Sequence,Outbound,CMP-037,Team Upskilling Offer — EMEA 2025-04,Outbound Sequence,Outbound Sequence,31,C,false,true,0,MQL,2025-12-21,,,true,false,false,,2,4,U-024,,,
LEAD-12216,2025-05-01,Wexler Motors,Salesforce Admin,Platform Owner,Japan,APAC,Free Course,Product,CMP-023,Dashboard Makeover Challenge — AMER 2025-06,Free Course,AI Assistant Referral,89,A,true,true,12,SQL,2025-05-17,2025-05-25,,true,true,false,,,0,,U-004,,
LEAD-12217,2025-04-06,Ember Group,Salesforce Admin,Salesforce Administrator,Mexico,AMER,Paid Social,Product,CMP-008,Admin to Analyst Path — EMEA 2026-02,Paid Social,AI Assistant Referral,53,B,true,false,57,Working,,,,false,false,false,,,2,,,,
LEAD-12218,2025-08-14,North Media,Individual Learner,Data Analyst,United States,AMER,Free Course,Product,CMP-026,Reports-to-CRMA Migration — AMER 2025-08,Free Course,Free Course,63,B,true,true,89,New,,,,false,false,false,,,2,,,,
LEAD-12219,2025-07-19,Halcyon Capital,Procurement / Finance,Procurement Manager,United Kingdom,EMEA,Salesforce Community,Product,CMP-029,Classroom Batch Push — EMEA 2025-11,Salesforce Community,Outbound Sequence,74,A,true,false,38,SQL,2025-07-30,2025-08-17,,true,true,false,,,0,,U-005,,
LEAD-12220,2025-04-20,Beacon Insurance,Salesforce Admin,Platform Owner,United States,AMER,Paid Search,Product,CMP-001,Salesforce Event Follow-up — AMER 2026-02,Paid Search,Paid Search,95,A,true,false,90,Disqualified,,,,false,false,false,Student — free course only,,2,,,,
LEAD-12221,2025-12-09,Sable Media,Analytics Lead,Director of Sales Operations,Mexico,AMER,AI Assistant Referral,Product,CMP-022,Dashboard Makeover Challenge — AMER 2025-10,AI Assistant Referral,AI Assistant Referral,83,A,true,false,12,New,,,,false,false,false,,,0,,,,
LEAD-12222,2025-09-18,Vertex Partners,Analytics Lead,Director of Sales Operations,Japan,APAC,Conference,Inbound Marketing,CMP-035,Dashboard Makeover Challenge — EMEA 2026-05,Conference,Paid Social,72,A,false,false,0,Converted,2025-10-03,2025-10-11,2025-11-05,true,true,true,,0,11,U-019,U-007,ACC-1131,OPP-20395
LEAD-12223,2025-07-05,Pallas Telecom,Salesforce Admin,CRM Manager,UAE,EMEA,Webinar,Product,CMP-033,Admin to Analyst Path — EMEA 2026-07,Webinar,Webinar,64,B,true,false,6,Converted,2025-07-05,2025-07-15,2025-07-24,true,true,true,,,2,,U-011,ACC-1060,OPP-20396
LEAD-12224,2025-08-11,Dovetail Foods,L&D / Enablement Manager,Head of Enablement,United Kingdom,EMEA,Salesforce Community,Product,CMP-029,Classroom Batch Push — EMEA 2025-11,Salesforce Community,Salesforce Community,57,B,true,true,100,Converted,2025-08-27,2025-09-04,2025-10-05,true,true,true,,,1,,U-001,ACC-1029,OPP-20397
LEAD-12225,2026-07-03,North Group,Individual Learner,Career Switcher,Colombia,LATAM,Customer Referral,Partner / Referral,CMP-046,Certification Season — AMER 2026-03,Customer Referral,Customer Referral,20,D,false,false,0,MQL,2026-07-05,,,true,false,false,,3,2,U-015,,,
LEAD-12226,2025-09-09,Tundra Systems,Individual Learner,Career Switcher,India,APAC,Conference,Inbound Marketing,CMP-035,Dashboard Makeover Challenge — EMEA 2026-05,Conference,Conference,37,C,false,false,0,New,,,,false,false,false,,2,2,U-020,,,
LEAD-12227,2025-09-14,Halcyon Care,Individual Learner,Junior Consultant,Indonesia,APAC,Webinar,Product,CMP-034,Salesforce Event Follow-up — EMEA 2026-03,Webinar,Webinar,20,D,true,true,87,Disqualified,,,,false,false,false,No Salesforce org,,1,,,,
LEAD-12228,2025-08-08,North Bank,Analytics Lead,Director of Sales Operations,United States,AMER,Free Course,Product,CMP-027,Q3 Pipeline Push — APAC 2025-05,Free Course,Free Course,74,A,true,false,35,Working,,,,false,false,false,,,2,,,,
LEAD-12229,2026-01-20,Cinder Consulting,Procurement / Finance,CFO,Australia,APAC,AI Assistant Referral,Product,CMP-019,Reports-to-CRMA Migration — APAC 2026-02,AI Assistant Referral,Conference,90,A,true,false,14,SQL,2026-02-06,2026-02-20,,true,true,false,,,2,,U-001,,
LEAD-12230,2025-09-23,Orbital Media,Analytics Lead,BI Lead,Mexico,AMER,Paid Search,Inbound Marketing,CMP-005,Certification Season — AMER 2025-12,Paid Search,Paid Search,70,A,false,false,0,Working,,,,false,false,false,,0,3,U-016,,,
LEAD-12231,2026-03-27,Onyx Systems,Analytics Lead,Director of Sales Operations,Canada,AMER,Outbound Sequence,Outbound,CMP-040,AI Search Visibility — AMER 2026-05,Outbound Sequence,Outbound Sequence,67,B,false,false,0,Disqualified,,,,false,false,false,No budget,1,3,U-017,,,
LEAD-12232,2026-04-18,Rivet Technologies,Salesforce Admin,Platform Owner,Canada,AMER,Organic Search,Product,CMP-011,Admin to Analyst Path — LATAM 2025-04,Organic Search,Organic Search,84,A,true,true,37,Disqualified,,,,false,false,false,Duplicate,,1,,,,
LEAD-12233,2026-06-11,Zephyr Energy,Procurement / Finance,Head of Vendor Management,Spain,EMEA,Webinar,Inbound Marketing,CMP-033,Admin to Analyst Path — EMEA 2026-07,Webinar,Webinar,64,B,false,false,0,Disqualified,,,,false,false,false,Student — free course only,2,3,U-027,,,
LEAD-12234,2026-02-05,Harbor Retail,L&D / Enablement Manager,Training Director,United Kingdom,EMEA,SI Partner Referral,Partner / Referral,CMP-042,Certification Season — AMER 2025-04,SI Partner Referral,SI Partner Referral,88,A,false,false,0,MQL,2026-02-22,,,true,false,false,,3,1,U-019,,,
LEAD-12235,2025-04-07,North Energy,Individual Learner,Data Analyst,United States,AMER,Paid Social,Inbound Marketing,CMP-007,Admin to Analyst Path — EMEA 2025-05,Paid Social,Paid Social,40,C,false,false,0,Working,,,,false,false,false,,2,6,U-021,,,
LEAD-12236,2025-11-06,Juniper Logistics,Procurement / Finance,Finance Director,United States,AMER,Organic Search,Inbound Marketing,CMP-013,Team Upskilling Offer — LATAM 2026-01,Organic Search,Organic Search,84,A,false,true,0,Converted,2025-11-06,2025-11-21,2025-11-30,true,true,true,,1,3,U-018,U-005,ACC-1007,OPP-20398
LEAD-12237,2026-06-05,Harbor Media,Individual Learner,Career Switcher,Canada,AMER,Organic Search,Inbound Marketing,CMP-018,Free Course Launch — AMER 2025-11,Organic Search,Organic Search,44,C,false,false,0,Converted,2026-06-10,2026-06-11,2026-07-04,true,true,true,,3,4,U-024,U-005,ACC-1070,OPP-20399
LEAD-12238,2026-05-24,Rivet Consulting,L&D / Enablement Manager,Training Director,Germany,EMEA,Paid Search,Product,CMP-004,Q3 Pipeline Push — AMER 2025-11,Paid Search,Paid Search,100,A,true,true,23,Nurture,2026-06-14,,,true,false,false,,,2,,,,
LEAD-12239,2025-05-31,Wexler Telecom,Salesforce Admin,Salesforce Administrator,Japan,APAC,Paid Search,Inbound Marketing,CMP-005,Certification Season — AMER 2025-12,Paid Search,Organic Search,64,B,false,false,0,Converted,2025-05-31,2025-06-05,2025-06-15,true,true,true,,1,9,U-018,U-010,ACC-1016,OPP-20400
LEAD-12240,2025-10-12,Cobalt Group,Salesforce Admin,Platform Owner,Spain,EMEA,Outbound Sequence,Outbound,CMP-040,AI Search Visibility — AMER 2026-05,Outbound Sequence,Paid Social,40,C,false,false,0,Converted,2025-10-29,2025-10-31,2025-11-17,true,true,true,,4,6,U-015,U-003,ACC-1029,OPP-20401
LEAD-12241,2026-03-24,Sable Logistics,Analytics Lead,RevOps Manager,Sweden,EMEA,Paid Social,Inbound Marketing,CMP-007,Admin to Analyst Path — EMEA 2025-05,Paid Social,Paid Social,43,C,false,false,0,Disqualified,,,,false,false,false,Wrong geo,1,7,U-017,,,
LEAD-12242,2026-01-24,Beacon Foods,Individual Learner,Business Analyst,Germany,EMEA,Organic Search,Product,CMP-012,AI Search Visibility — AMER 2026-07,Organic Search,Paid Social,65,B,true,true,87,MQL,2026-02-03,,,true,false,false,,,2,,,,
LEAD-12243,2025-06-15,Wexler Bank,Analytics Lead,Head of Analytics,Indonesia,APAC,AI Assistant Referral,Inbound Marketing,CMP-019,Reports-to-CRMA Migration — APAC 2026-02,AI Assistant Referral,Outbound Sequence,76,A,false,false,0,Disqualified,,,,false,false,false,Wrong geo,4,8,U-024,,,
LEAD-12244,2026-08-07,Solstice Partners,L&D / Enablement Manager,Head of Enablement,Indonesia,APAC,Webinar,Inbound Marketing,CMP-034,Salesforce Event Follow-up — EMEA 2026-03,Webinar,Webinar,88,A,false,false,0,SQL,2026-08-11,2026-08-20,,true,true,false,,4,8,U-024,U-006,,
LEAD-12245,2026-04-16,Tundra Retail,L&D / Enablement Manager,Training Director,Canada,AMER,Organic Search,Product,CMP-014,Einstein Discovery Workshop — APAC 2025-09,Organic Search,Outbound Sequence,88,A,true,true,46,Converted,2026-04-16,2026-04-28,2026-05-21,true,true,true,,,1,,U-001,ACC-1066,OPP-20402
LEAD-12246,2025-12-28,Lumen Technologies,Procurement / Finance,Head of Vendor Management,Australia,APAC,Outbound Sequence,Outbound,CMP-039,Reports-to-CRMA Migration — EMEA 2026-02,Outbound Sequence,Outbound Sequence,69,B,false,false,0,Converted,2026-01-13,2026-01-18,2026-02-09,true,true,true,,1,11,U-022,U-006,ACC-1113,OPP-20403
LEAD-12247,2026-04-27,Sable Group,Analytics Lead,BI Lead,United States,AMER,AI Assistant Referral,Product,CMP-021,SAQL Masterclass — LATAM 2025-09,AI Assistant Referral,AI Assistant Referral,76,A,true,false,14,Disqualified,,,,false,false,false,No budget,,1,,,,
LEAD-12248,2025-08-08,Vantage Media,Individual Learner,Data Analyst,Mexico,AMER,Organic Search,Inbound Marketing,CMP-011,Admin to Analyst Path — LATAM 2025-04,Organic Search,Organic Search,29,D,false,false,0,Disqualified,,,,false,false,false,No Salesforce org,1,6,U-022,,,
LEAD-12249,2025-09-11,Lumen Technologies,Salesforce Admin,CRM Manager,Canada,AMER,AI Assistant Referral,Product,CMP-020,Dashboard Makeover Challenge — AMER 2025-12,AI Assistant Referral,AI Assistant Referral,85,A,true,true,54,SQL,2025-09-12,2025-09-22,,true,true,false,,,2,,U-014,,
LEAD-12250,2026-09-19,Ember Retail,Salesforce Admin,Salesforce Administrator,Netherlands,EMEA,Outbound Sequence,Outbound,CMP-037,Team Upskilling Offer — EMEA 2025-04,Outbound Sequence,Outbound Sequence,43,C,false,true,0,MQL,2026-10-08,,,true,false,false,,1,5,U-020,,,
LEAD-12251,2026-06-20,Lattice Retail,Salesforce Admin,Salesforce Administrator,India,APAC,AI Assistant Referral,Product,CMP-020,Dashboard Makeover Challenge — AMER 2025-12,AI Assistant Referral,AI Assistant Referral,62,B,true,false,50,SQL,2026-07-08,2026-07-25,,true,true,false,,,2,,U-011,,
LEAD-12252,2026-02-26,Vantage Insurance,Salesforce Admin,Platform Owner,Canada,AMER,Conference,Inbound Marketing,CMP-036,Einstein Discovery Workshop — AMER 2026-04,Conference,Conference,34,C,false,false,0,Working,,,,false,false,false,,3,1,U-021,,,
LEAD-12253,2026-03-17,Zephyr Digital,Salesforce Admin,Senior Salesforce Admin,Mexico,AMER,Organic Search,Product,CMP-011,Admin to Analyst Path — LATAM 2025-04,Organic Search,Organic Search,88,A,true,true,49,SQL,2026-04-01,2026-04-26,,true,true,false,,,2,,U-002,,
LEAD-12254,2026-06-29,Dovetail Digital,Individual Learner,Data Analyst,UAE,EMEA,Paid Search,Inbound Marketing,CMP-006,AI Search Visibility — AMER 2026-02,Paid Search,Paid Search,68,B,false,false,0,Converted,2026-07-12,2026-07-31,2026-08-17,true,true,true,,1,5,U-018,U-009,ACC-1027,OPP-20404
LEAD-12255,2026-03-29,Sable Capital,Individual Learner,Business Analyst,Spain,EMEA,AI Assistant Referral,Product,CMP-020,Dashboard Makeover Challenge — AMER 2025-12,AI Assistant Referral,AI Assistant Referral,72,A,true,false,40,Working,,,,false,false,false,,,2,,,,
LEAD-12256,2025-06-12,Orbital Capital,Procurement / Finance,CFO,Brazil,AMER,Outbound Sequence,Outbound,CMP-038,Certification Season — AMER 2025-04,Outbound Sequence,Outbound Sequence,70,A,false,false,0,Converted,2025-06-30,2025-07-06,2025-07-20,true,true,true,,5,9,U-016,U-005,ACC-1126,OPP-20405
LEAD-12257,2026-05-13,Foundry Digital,Salesforce Admin,Platform Owner,France,EMEA,Customer Referral,Partner / Referral,CMP-045,Einstein Discovery Workshop — AMER 2025-09,Customer Referral,Customer Referral,68,B,false,false,0,Nurture,2026-06-03,,,true,false,false,,3,1,U-027,,,
LEAD-12258,2025-04-06,Vantage Capital,Individual Learner,Career Switcher,United States,AMER,Free Course,Product,CMP-027,Q3 Pipeline Push — APAC 2025-05,Free Course,Paid Social,50,B,true,false,11,MQL,2025-04-17,,,true,false,false,,,2,,,,
LEAD-12259,2025-07-11,Juniper Consulting,Analytics Lead,RevOps Manager,Brazil,AMER,Free Course,Product,CMP-026,Reports-to-CRMA Migration — AMER 2025-08,Free Course,Free Course,100,A,true,false,38,Disqualified,,,,false,false,false,Went silent,,0,,,,
LEAD-12260,2026-08-15,Vertex Works,L&D / Enablement Manager,People Development Lead,Brazil,AMER,Outbound Sequence,Outbound,CMP-040,AI Search Visibility — AMER 2026-05,Outbound Sequence,Outbound Sequence,47,C,false,false,0,Disqualified,,,,false,false,false,Competitor,0,4,U-025,,,
LEAD-12261,2026-04-14,Juniper Partners,Individual Learner,Junior Consultant,Canada,AMER,Outbound Sequence,Outbound,CMP-038,Certification Season — AMER 2025-04,Outbound Sequence,Outbound Sequence,27,D,false,false,0,Working,,,,false,false,false,,2,4,U-015,,,
LEAD-12262,2025-11-13,Umbra Care,Analytics Lead,Head of Analytics,India,APAC,Paid Search,Inbound Marketing,CMP-006,AI Search Visibility — AMER 2026-02,Paid Search,Paid Search,64,B,false,false,0,MQL,2025-11-17,,,true,false,false,,1,8,U-015,,,
LEAD-12263,2025-12-28,Dovetail Care,Individual Learner,Data Analyst,United States,AMER,Webinar,Inbound Marketing,CMP-032,Salesforce Event Follow-up — AMER 2025-12,Webinar,Webinar,42,C,false,false,0,Disqualified,,,,false,false,false,No budget,0,5,U-021,,,
LEAD-12264,2025-06-28,Zephyr Pharma,Procurement / Finance,Finance Director,United States,AMER,Paid Search,Inbound Marketing,CMP-006,AI Search Visibility — AMER 2026-02,Paid Search,Paid Search,76,A,false,false,0,MQL,2025-07-04,,,true,false,false,,3,10,U-025,,,
LEAD-12265,2025-11-12,Pallas Care,Analytics Lead,Head of Analytics,Canada,AMER,Paid Search,Inbound Marketing,CMP-002,Reports-to-CRMA Migration — AMER 2025-08,Paid Search,Paid Search,91,A,false,false,0,Converted,2025-11-17,2025-11-18,2025-11-28,true,true,true,,1,1,U-015,U-002,ACC-1123,OPP-20406
LEAD-12266,2025-10-31,Umbra Systems,Analytics Lead,Head of Analytics,Sweden,EMEA,Outbound Sequence,Outbound,CMP-040,AI Search Visibility — AMER 2026-05,Outbound Sequence,Outbound Sequence,65,B,false,false,0,Converted,2025-11-02,2025-11-24,2025-12-21,true,true,true,,2,8,U-025,U-001,ACC-1067,OPP-20407
LEAD-12267,2025-04-22,Ember Group,Salesforce Admin,CRM Manager,Indonesia,APAC,Salesforce Community,Product,CMP-030,SAQL Masterclass — AMER 2025-08,Salesforce Community,Salesforce Community,59,B,true,false,51,Disqualified,,,,false,false,false,No budget,,1,,,,
LEAD-12268,2025-06-09,Meridian Telecom,Procurement / Finance,CFO,France,EMEA,Free Course,Product,CMP-023,Dashboard Makeover Challenge — AMER 2025-06,Free Course,Free Course,84,A,true,true,88,SQL,2025-06-30,2025-07-06,,true,true,false,,,0,,U-005,,
LEAD-12269,2025-05-17,Beacon Consulting,Analytics Lead,BI Lead,Canada,AMER,Paid Search,Inbound Marketing,CMP-006,AI Search Visibility — AMER 2026-02,Paid Search,Paid Search,65,B,false,false,0,SQL,2025-05-22,2025-05-25,,true,true,false,,1,9,U-027,U-006,,
LEAD-12270,2025-06-19,Zephyr Telecom,L&D / Enablement Manager,L&D Manager,Germany,EMEA,Free Course,Product,CMP-027,Q3 Pipeline Push — APAC 2025-05,Free Course,Free Course,75,A,true,false,44,Nurture,2025-07-07,,,true,false,false,,,0,,,,
LEAD-12271,2025-12-09,Pallas Bank,Procurement / Finance,Head of Vendor Management,Spain,EMEA,Organic Search,Product,CMP-014,Einstein Discovery Workshop — APAC 2025-09,Organic Search,AI Assistant Referral,100,A,true,false,8,Converted,2025-12-11,2025-12-13,2025-12-15,true,true,true,,,1,,U-012,ACC-1042,OPP-20408
LEAD-12272,2026-07-03,Halcyon Technologies,Salesforce Admin,Salesforce Administrator,Germany,EMEA,Paid Search,Product,CMP-003,Free Course Launch — EMEA 2025-12,Paid Search,Paid Search,61,B,true,true,52,MQL,2026-07-06,,,true,false,false,,,1,,,,
LEAD-12273,2025-12-06,Dovetail Works,L&D / Enablement Manager,Training Director,United States,AMER,Salesforce Community,Product,CMP-029,Classroom Batch Push — EMEA 2025-11,Salesforce Community,Customer Referral,89,A,true,true,70,Working,,,,false,false,false,,,2,,,,
LEAD-12274,2025-12-23,Zephyr Telecom,Analytics Lead,BI Lead,United States,AMER,AI Assistant Referral,Inbound Marketing,CMP-022,Dashboard Makeover Challenge — AMER 2025-10,AI Assistant Referral,Customer Referral,72,A,false,false,0,Working,,,,false,false,false,,3,9,U-020,,,
LEAD-12275,2025-08-17,Quanta Technologies,Individual Learner,Data Analyst,Canada,AMER,Free Course,Product,CMP-026,Reports-to-CRMA Migration — AMER 2025-08,Free Course,Free Course,56,B,true,false,73,Nurture,2025-08-30,,,true,false,false,,,1,,,,
LEAD-12276,2026-05-21,Kestrel Retail,Analytics Lead,BI Lead,Singapore,APAC,Paid Social,Inbound Marketing,CMP-007,Admin to Analyst Path — EMEA 2025-05,Paid Social,Paid Social,35,C,false,false,0,New,,,,false,false,false,,4,1,U-022,,,
LEAD-12277,2026-02-01,Pallas Logistics,Individual Learner,Junior Consultant,Netherlands,EMEA,Conference,Inbound Marketing,CMP-036,Einstein Discovery Workshop — AMER 2026-04,Conference,Organic Search,17,D,false,false,0,New,,,,false,false,false,,1,4,U-026,,,
LEAD-12278,2025-05-06,Vertex Care,Procurement / Finance,Head of Vendor Management,United Kingdom,EMEA,AI Assistant Referral,Inbound Marketing,CMP-022,Dashboard Makeover Challenge — AMER 2025-10,AI Assistant Referral,AI Assistant Referral,57,B,false,false,0,Converted,2025-05-23,2025-06-17,2025-07-16,true,true,true,,2,6,U-015,U-001,ACC-1110,OPP-20409
LEAD-12279,2025-05-28,Foundry Digital,L&D / Enablement Manager,Head of Enablement,Germany,EMEA,Organic Search,Inbound Marketing,CMP-017,SAQL Masterclass — AMER 2026-05,Organic Search,Organic Search,66,B,false,true,0,Disqualified,,,,false,false,false,Student — free course only,2,9,U-027,,,
LEAD-12280,2026-02-25,Zephyr Foods,Procurement / Finance,CFO,UAE,EMEA,Salesforce Community,Product,CMP-031,Admin to Analyst Path — EMEA 2026-07,Salesforce Community,AI Assistant Referral,56,B,true,false,39,Nurture,2026-03-05,,,true,false,false,,,2,,,,
LEAD-12281,2025-11-18,Lumen Pharma,Individual Learner,Business Analyst,Germany,EMEA,Paid Search,Product,CMP-002,Reports-to-CRMA Migration — AMER 2025-08,Paid Search,Paid Search,76,A,true,false,14,MQL,2025-11-22,,,true,false,false,,,1,,,,
LEAD-12282,2026-04-27,Vantage Digital,Analytics Lead,Director of Sales Operations,Canada,AMER,Paid Social,Product,CMP-008,Admin to Analyst Path — EMEA 2026-02,Paid Social,Paid Social,62,B,true,true,94,MQL,2026-05-02,,,true,false,false,,,2,,,,
LEAD-12283,2025-07-28,Kestrel Works,L&D / Enablement Manager,Head of Enablement,Colombia,LATAM,AI Assistant Referral,Inbound Marketing,CMP-019,Reports-to-CRMA Migration — APAC 2026-02,AI Assistant Referral,AI Assistant Referral,90,A,false,false,0,SQL,2025-08-04,2025-08-27,,true,true,false,,2,1,U-024,U-011,,
LEAD-12284,2026-07-18,Vertex Telecom,Analytics Lead,RevOps Manager,Spain,EMEA,Customer Referral,Partner / Referral,CMP-046,Certification Season — AMER 2026-03,Customer Referral,Webinar,73,A,false,false,0,Converted,2026-07-31,2026-08-01,2026-08-27,true,true,true,,3,5,U-025,U-010,ACC-1124,OPP-20410
LEAD-12285,2026-06-27,Halcyon Logistics,Individual Learner,Data Analyst,United States,AMER,Free Course,Product,CMP-023,Dashboard Makeover Challenge — AMER 2025-06,Free Course,Free Course,73,A,true,true,74,Converted,2026-07-17,2026-08-10,2026-09-12,true,true,true,,,1,,U-011,ACC-1062,OPP-20411
LEAD-12286,2025-07-05,Cobalt Telecom,Individual Learner,Data Analyst,Mexico,AMER,Organic Search,Inbound Marketing,CMP-013,Team Upskilling Offer — LATAM 2026-01,Organic Search,Free Course,41,C,false,false,0,Working,,,,false,false,false,,2,1,U-019,,,
LEAD-12287,2025-06-02,Vertex Partners,Salesforce Admin,Senior Salesforce Admin,Netherlands,EMEA,SI Partner Referral,Partner / Referral,CMP-043,SAQL Masterclass — APAC 2026-01,SI Partner Referral,Customer Referral,64,B,false,false,0,New,,,,false,false,false,,0,1,U-016,,,
LEAD-12288,2026-04-15,Vertex Foods,Salesforce Admin,Senior Salesforce Admin,Sweden,EMEA,SI Partner Referral,Partner / Referral,CMP-042,Certification Season — AMER 2025-04,SI Partner Referral,SI Partner Referral,53,B,false,false,0,Disqualified,,,,false,false,false,No budget,3,8,U-020,,,
LEAD-12289,2026-05-31,Wexler Telecom,Individual Learner,Career Switcher,Mexico,AMER,Organic Search,Product,CMP-015,Reports-to-CRMA Migration — AMER 2025-11,Organic Search,Webinar,78,A,true,true,23,Nurture,2026-06-14,,,true,false,false,,,2,,,,
LEAD-12290,2026-03-18,Sable Insurance,Individual Learner,Career Switcher,United States,AMER,Webinar,Inbound Marketing,CMP-034,Salesforce Event Follow-up — EMEA 2026-03,Webinar,Webinar,35,C,false,false,0,Disqualified,,,,false,false,false,Competitor,2,4,U-025,,,
LEAD-12291,2025-04-19,Halcyon Technologies,L&D / Enablement Manager,Head of Enablement,Mexico,AMER,Free Course,Inbound Marketing,CMP-026,Reports-to-CRMA Migration — AMER 2025-08,Free Course,AI Assistant Referral,85,A,false,false,0,MQL,2025-04-27,,,true,false,false,,1,2,U-016,,,
LEAD-12292,2026-09-05,Harbor Motors,Salesforce Admin,Platform Owner,Colombia,LATAM,Salesforce Community,Product,CMP-029,Classroom Batch Push — EMEA 2025-11,Salesforce Community,Salesforce Community,57,B,true,true,32,Converted,2026-09-26,2026-09-27,2026-10-21,true,true,true,,,0,,U-013,ACC-1136,OPP-20412
LEAD-12293,2025-05-04,Zephyr Insurance,Analytics Lead,BI Lead,United States,AMER,Webinar,Inbound Marketing,CMP-032,Salesforce Event Follow-up — AMER 2025-12,Webinar,Webinar,84,A,false,false,0,Converted,2025-05-12,2025-06-07,2025-06-26,true,true,true,,0,11,U-027,U-010,ACC-1127,OPP-20413
LEAD-12294,2025-04-05,Kestrel Health,Procurement / Finance,Head of Vendor Management,India,APAC,Organic Search,Inbound Marketing,CMP-012,AI Search Visibility — AMER 2026-07,Organic Search,Conference,77,A,false,false,0,Converted,2025-04-20,2025-05-04,2025-05-21,true,true,true,,3,11,U-025,U-011,ACC-1132,OPP-20414
LEAD-12295,2025-10-11,Zephyr Logistics,Salesforce Admin,CRM Manager,Germany,EMEA,AI Assistant Referral,Inbound Marketing,CMP-022,Dashboard Makeover Challenge — AMER 2025-10,AI Assistant Referral,AI Assistant Referral,44,C,false,false,0,Nurture,2025-10-14,,,true,false,false,,3,5,U-016,,,
LEAD-12296,2026-02-11,Kestrel Consulting,Individual Learner,Data Analyst,Spain,EMEA,Outbound Sequence,Outbound,CMP-039,Reports-to-CRMA Migration — EMEA 2026-02,Outbound Sequence,Free Course,1,D,false,false,0,SQL,2026-02-22,2026-03-10,,true,true,false,,5,2,U-022,U-009,,
LEAD-12297,2026-06-08,Pallas Capital,Individual Learner,Data Analyst,Netherlands,EMEA,Free Course,Inbound Marketing,CMP-027,Q3 Pipeline Push — APAC 2025-05,Free Course,Outbound Sequence,72,A,false,false,0,Disqualified,,,,false,false,false,Duplicate,2,1,U-016,,,
LEAD-12298,2025-06-09,Cobalt Health,Individual Learner,Business Analyst,Spain,EMEA,Paid Search,Product,CMP-003,Free Course Launch — EMEA 2025-12,Paid Search,AI Assistant Referral,62,B,true,false,51,MQL,2025-06-19,,,true,false,false,,,2,,,,
LEAD-12299,2025-10-04,Rivet Pharma,Individual Learner,Data Analyst,France,EMEA,Webinar,Inbound Marketing,CMP-032,Salesforce Event Follow-up — AMER 2025-12,Webinar,SI Partner Referral,21,D,false,false,0,New,,,,false,false,false,,3,2,U-022,,,
LEAD-12300,2025-04-01,Quanta Retail,Analytics Lead,Director of Sales Operations,Singapore,APAC,Paid Social,Inbound Marketing,CMP-010,Certification Season — LATAM 2025-06,Paid Social,Paid Social,59,B,false,false,0,Converted,2025-04-10,2025-04-21,2025-05-11,true,true,true,,3,2,U-023,U-007,ACC-1049,OPP-20415
LEAD-12301,2026-07-24,Kestrel Capital,L&D / Enablement Manager,Training Director,United Kingdom,EMEA,Free Course,Product,CMP-028,Certification Season — AMER 2025-11,Free Course,Free Course,81,A,true,true,90,New,,,,false,false,false,,,2,,,,
LEAD-12302,2025-06-26,Foundry Media,L&D / Enablement Manager,People Development Lead,Canada,AMER,Free Course,Product,CMP-025,Certification Season — EMEA 2025-09,Free Course,Free Course,100,A,true,true,24,MQL,2025-06-28,,,true,false,false,,,1,,,,
LEAD-12303,2025-11-09,Rivet Foods,Salesforce Admin,Platform Owner,Spain,EMEA,Paid Social,Inbound Marketing,CMP-007,Admin to Analyst Path — EMEA 2025-05,Paid Social,Paid Social,24,D,false,false,0,New,,,,false,false,false,,3,10,U-025,,,
LEAD-12304,2026-01-09,Lumen Health,Individual Learner,Data Analyst,Germany,EMEA,AI Assistant Referral,Product,CMP-020,Dashboard Makeover Challenge — AMER 2025-12,AI Assistant Referral,Organic Search,54,B,true,false,87,MQL,2026-01-24,,,true,false,false,,,2,,,,
LEAD-12305,2025-06-29,Meridian Pharma,Individual Learner,Career Switcher,United Kingdom,EMEA,Free Course,Inbound Marketing,CMP-025,Certification Season — EMEA 2025-09,Free Course,Free Course,68,B,false,false,0,MQL,2025-07-19,,,true,false,false,,2,5,U-017,,,
LEAD-12306,2025-07-06,Lattice Systems,Analytics Lead,Head of Analytics,Chile,LATAM,Customer Referral,Partner / Referral,CMP-045,Einstein Discovery Workshop — AMER 2025-09,Customer Referral,Customer Referral,66,B,true,true,93,Disqualified,,,,false,false,false,Went silent,,1,,,,
LEAD-12307,2026-05-19,Zephyr Digital,Procurement / Finance,CFO,Mexico,AMER,Organic Search,Inbound Marketing,CMP-016,Dashboard Makeover Challenge — AMER 2026-04,Organic Search,Organic Search,84,A,false,false,0,SQL,2026-06-09,2026-06-17,,true,true,false,,2,7,U-025,U-011,,
LEAD-12308,2026-08-23,Meridian Media,Individual Learner,Business Analyst,Brazil,AMER,SI Partner Referral,Partner / Referral,CMP-042,Certification Season — AMER 2025-04,SI Partner Referral,SI Partner Referral,38,C,false,false,0,SQL,2026-08-26,2026-09-15,,true,true,false,,5,5,U-023,U-005,,
LEAD-12309,2025-08-19,Vertex Foods,Individual Learner,Junior Consultant,Netherlands,EMEA,Organic Search,Inbound Marketing,CMP-011,Admin to Analyst Path — LATAM 2025-04,Organic Search,Salesforce Community,40,C,false,false,0,Disqualified,,,,false,false,false,Competitor,0,11,U-026,,,
LEAD-12310,2025-11-18,Tundra Care,Individual Learner,Junior Consultant,Brazil,AMER,Organic Search,Inbound Marketing,CMP-011,Admin to Analyst Path — LATAM 2025-04,Organic Search,Organic Search,63,B,false,false,0,Working,,,,false,false,false,,1,2,U-026,,,
LEAD-12311,2026-08-25,Lattice Technologies,L&D / Enablement Manager,L&D Manager,United States,AMER,Customer Referral,Partner / Referral,CMP-046,Certification Season — AMER 2026-03,Customer Referral,Customer Referral,83,A,false,false,0,SQL,2026-08-31,2026-09-08,,true,true,false,,0,3,U-026,U-006,,
LEAD-12312,2026-07-24,Halcyon Consulting,Salesforce Admin,CRM Manager,Spain,EMEA,Salesforce Community,Product,CMP-031,Admin to Analyst Path — EMEA 2026-07,Salesforce Community,Webinar,48,C,true,true,16,MQL,2026-08-12,,,true,false,false,,,1,,,,
LEAD-12313,2025-11-05,Lumen Partners,Individual Learner,Career Switcher,Colombia,LATAM,Outbound Sequence,Outbound,CMP-039,Reports-to-CRMA Migration — EMEA 2026-02,Outbound Sequence,Outbound Sequence,33,C,false,false,0,Converted,2025-11-24,2025-11-27,2025-12-19,true,true,true,,1,1,U-016,U-002,ACC-1081,OPP-20416
LEAD-12314,2026-03-05,Rivet Insurance,Salesforce Admin,Senior Salesforce Admin,Mexico,AMER,Salesforce Community,Product,CMP-030,SAQL Masterclass — AMER 2025-08,Salesforce Community,Salesforce Community,72,A,true,false,75,SQL,2026-03-07,2026-04-01,,true,true,false,,,1,,U-006,,
LEAD-12315,2025-10-26,Kestrel Partners,Analytics Lead,Head of Analytics,Argentina,LATAM,Outbound Sequence,Outbound,CMP-041,Reports-to-CRMA Migration — AMER 2025-04,Outbound Sequence,Outbound Sequence,50,B,false,false,0,Disqualified,,,,false,false,false,No Salesforce org,3,5,U-021,,,
LEAD-12316,2025-04-07,Cobalt Media,Individual Learner,Business Analyst,Canada,AMER,Paid Search,Product,CMP-005,Certification Season — AMER 2025-12,Paid Search,Paid Search,62,B,true,false,94,Nurture,2025-04-26,,,true,false,false,,,0,,,,
LEAD-12317,2026-07-19,Meridian Insurance,Salesforce Admin,Salesforce Administrator,Mexico,AMER,Conference,Inbound Marketing,CMP-036,Einstein Discovery Workshop — AMER 2026-04,Conference,Organic Search,54,B,false,false,0,Nurture,2026-08-04,,,true,false,false,,3,5,U-022,,,
LEAD-12318,2025-11-23,Zephyr Digital,Individual Learner,Data Analyst,India,APAC,AI Assistant Referral,Product,CMP-019,Reports-to-CRMA Migration — APAC 2026-02,AI Assistant Referral,Organic Search,78,A,true,false,42,MQL,2025-12-05,,,true,false,false,,,0,,,,
LEAD-12319,2026-03-12,Aster Capital,Individual Learner,Business Analyst,Mexico,AMER,AI Assistant Referral,Product,CMP-022,Dashboard Makeover Challenge — AMER 2025-10,AI Assistant Referral,AI Assistant Referral,75,A,true,false,93,MQL,2026-03-13,,,true,false,false,,,2,,,,
LEAD-12320,2026-01-07,Meridian Foods,Analytics Lead,Director of Sales Operations,Japan,APAC,Outbound Sequence,Outbound,CMP-038,Certification Season — AMER 2025-04,Outbound Sequence,Outbound Sequence,35,C,false,false,0,New,,,,false,false,false,,1,1,U-024,,,
LEAD-12321,2026-09-16,Vantage Consulting,Procurement / Finance,Procurement Manager,Colombia,LATAM,Organic Search,Product,CMP-014,Einstein Discovery Workshop — APAC 2025-09,Organic Search,Organic Search,85,A,true,true,79,Converted,2026-09-17,2026-10-03,2026-10-15,true,true,true,,,2,,U-010,ACC-1131,OPP-20417
LEAD-12322,2026-07-19,Solstice Group,Analytics Lead,Head of Analytics,United Kingdom,EMEA,Free Course,Product,CMP-028,Certification Season — AMER 2025-11,Free Course,Free Course,92,A,true,true,65,MQL,2026-07-24,,,true,false,false,,,0,,,,
LEAD-12323,2026-04-18,Vertex Consulting,L&D / Enablement Manager,L&D Manager,Canada,AMER,Free Course,Product,CMP-027,Q3 Pipeline Push — APAC 2025-05,Free Course,Salesforce Community,100,A,true,true,71,Nurture,2026-05-03,,,true,false,false,,,1,,,,
LEAD-12324,2025-11-08,Pallas Partners,Procurement / Finance,CFO,United States,AMER,Webinar,Product,CMP-032,Salesforce Event Follow-up — AMER 2025-12,Webinar,Webinar,72,A,true,true,23,MQL,2025-11-23,,,true,false,false,,,1,,,,
LEAD-12325,2026-07-08,Wexler Motors,L&D / Enablement Manager,Training Director,United States,AMER,Paid Social,Inbound Marketing,CMP-009,Salesforce Event Follow-up — AMER 2026-01,Paid Social,Paid Social,67,B,false,true,0,Nurture,2026-07-24,,,true,false,false,,1,11,U-016,,,
LEAD-12326,2026-05-28,Meridian Logistics,L&D / Enablement Manager,People Development Lead,Germany,EMEA,Conference,Inbound Marketing,CMP-036,Einstein Discovery Workshop — AMER 2026-04,Conference,Customer Referral,52,B,false,false,0,Disqualified,,,,false,false,false,Student — free course only,4,3,U-027,,,
LEAD-12327,2026-09-15,Meridian Works,Salesforce Admin,CRM Manager,France,EMEA,SI Partner Referral,Partner / Referral,CMP-043,SAQL Masterclass — APAC 2026-01,SI Partner Referral,AI Assistant Referral,77,A,false,true,0,SQL,2026-10-05,2026-10-25,,true,true,false,,4,3,U-019,U-009,,
LEAD-12328,2025-09-24,Cinder Telecom,Individual Learner,Career Switcher,UAE,EMEA,Paid Social,Product,CMP-009,Salesforce Event Follow-up — AMER 2026-01,Paid Social,Paid Search,28,D,true,false,76,Working,,,,false,false,false,,,0,,,,
LEAD-12329,2026-05-11,Ember Works,Salesforce Admin,Platform Owner,Mexico,AMER,Paid Social,Product,CMP-008,Admin to Analyst Path — EMEA 2026-02,Paid Social,Conference,47,C,true,false,19,MQL,2026-05-28,,,true,false,false,,,0,,,,
LEAD-12330,2025-06-14,Foundry Digital,Individual Learner,Junior Consultant,Singapore,APAC,Salesforce Community,Inbound Marketing,CMP-029,Classroom Batch Push — EMEA 2025-11,Salesforce Community,Salesforce Community,37,C,false,false,0,Disqualified,,,,false,false,false,Duplicate,2,6,U-018,,,
LEAD-12331,2026-01-19,Zephyr Insurance,Analytics Lead,Director of Sales Operations,United States,AMER,Organic Search,Product,CMP-018,Free Course Launch — AMER 2025-11,Organic Search,Paid Search,72,A,true,true,90,New,,,,false,false,false,,,1,,,,
LEAD-12332,2025-05-21,Orbital Logistics,L&D / Enablement Manager,Training Director,Mexico,AMER,Salesforce Community,Product,CMP-030,SAQL Masterclass — AMER 2025-08,Salesforce Community,Paid Social,76,A,true,true,11,Working,,,,false,false,false,,,1,,,,
LEAD-12333,2025-10-02,Zephyr Bank,Salesforce Admin,CRM Manager,Sweden,EMEA,Outbound Sequence,Outbound,CMP-038,Certification Season — AMER 2025-04,Outbound Sequence,Outbound Sequence,14,D,false,false,0,Disqualified,,,,false,false,false,Went silent,2,6,U-015,,,
LEAD-12334,2025-12-31,Lattice Media,Individual Learner,Business Analyst,Indonesia,APAC,Paid Search,Inbound Marketing,CMP-001,Salesforce Event Follow-up — AMER 2026-02,Paid Search,Paid Search,34,C,false,false,0,New,,,,false,false,false,,4,8,U-018,,,
LEAD-12335,2025-06-16,Lumen Media,L&D / Enablement Manager,Training Director,Indonesia,APAC,Organic Search,Inbound Marketing,CMP-011,Admin to Analyst Path — LATAM 2025-04,Organic Search,Organic Search,53,B,false,false,0,Converted,2025-06-27,2025-06-29,2025-07-15,true,true,true,,1,10,U-027,U-011,ACC-1084,OPP-20418
LEAD-12336,2025-11-15,Orbital Foods,Analytics Lead,RevOps Manager,Australia,APAC,Outbound Sequence,Outbound,CMP-037,Team Upskilling Offer — EMEA 2025-04,Outbound Sequence,Outbound Sequence,53,B,false,false,0,Converted,2025-12-05,2025-12-27,2026-01-22,true,true,true,,2,10,U-023,U-011,ACC-1079,OPP-20419
LEAD-12337,2026-06-23,Wexler Health,Analytics Lead,Head of Analytics,Indonesia,APAC,Customer Referral,Partner / Referral,CMP-045,Einstein Discovery Workshop — AMER 2025-09,Customer Referral,Customer Referral,72,A,false,false,0,Disqualified,,,,false,false,false,Competitor,0,6,U-024,,,
LEAD-12338,2025-09-26,Solstice Pharma,Analytics Lead,Director of Sales Operations,France,EMEA,Paid Search,Inbound Marketing,CMP-002,Reports-to-CRMA Migration — AMER 2025-08,Paid Search,Outbound Sequence,54,B,false,true,0,MQL,2025-10-04,,,true,false,false,,3,8,U-020,,,
LEAD-12339,2026-01-30,Orbital Pharma,L&D / Enablement Manager,L&D Manager,United Kingdom,EMEA,Outbound Sequence,Outbound,CMP-037,Team Upskilling Offer — EMEA 2025-04,Outbound Sequence,Outbound Sequence,79,A,false,false,0,SQL,2026-02-02,2026-02-03,,true,true,false,,4,2,U-022,U-001,,
LEAD-12340,2026-05-30,Quanta Partners,Analytics Lead,Head of Analytics,Indonesia,APAC,Customer Referral,Partner / Referral,CMP-046,Certification Season — AMER 2026-03,Customer Referral,SI Partner Referral,69,B,false,false,0,New,,,,false,false,false,,2,9,U-016,,,
LEAD-12341,2026-01-15,Juniper Motors,Analytics Lead,BI Lead,Mexico,AMER,Outbound Sequence,Outbound,CMP-039,Reports-to-CRMA Migration — EMEA 2026-02,Outbound Sequence,Outbound Sequence,40,C,false,false,0,MQL,2026-02-03,,,true,false,false,,2,8,U-015,,,
LEAD-12342,2025-10-15,Quanta Motors,Individual Learner,Career Switcher,Spain,EMEA,Conference,Inbound Marketing,CMP-035,Dashboard Makeover Challenge — EMEA 2026-05,Conference,Conference,67,B,false,true,0,MQL,2025-10-31,,,true,false,false,,4,1,U-019,,,
LEAD-12343,2026-08-23,Pallas Pharma,Individual Learner,Career Switcher,Sweden,EMEA,Outbound Sequence,Outbound,CMP-037,Team Upskilling Offer — EMEA 2025-04,Outbound Sequence,Salesforce Community,45,C,false,false,0,Working,,,,false,false,false,,5,3,U-018,,,
LEAD-12344,2025-06-27,North Energy,Individual Learner,Junior Consultant,Singapore,APAC,Organic Search,Product,CMP-018,Free Course Launch — AMER 2025-11,Organic Search,Organic Search,57,B,true,false,5,MQL,2025-06-30,,,true,false,false,,,1,,,,
LEAD-12345,2026-08-21,Vertex Health,Individual Learner,Junior Consultant,UAE,EMEA,Organic Search,Product,CMP-011,Admin to Analyst Path — LATAM 2025-04,Organic Search,Organic Search,57,B,true,false,89,SQL,2026-08-26,2026-08-27,,true,true,false,,,0,,U-011,,
LEAD-12346,2026-02-01,Beacon Bank,Individual Learner,Business Analyst,France,EMEA,Organic Search,Inbound Marketing,CMP-015,Reports-to-CRMA Migration — AMER 2025-11,Organic Search,Salesforce Community,47,C,false,false,0,MQL,2026-02-13,,,true,false,false,,1,6,U-023,,,
LEAD-12347,2025-09-10,Sable Foods,L&D / Enablement Manager,Training Director,Netherlands,EMEA,AI Assistant Referral,Product,CMP-020,Dashboard Makeover Challenge — AMER 2025-12,AI Assistant Referral,AI Assistant Referral,100,A,true,true,10,SQL,2025-10-01,2025-10-02,,true,true,false,,,0,,U-001,,
LEAD-12348,2026-07-11,Kestrel Technologies,Salesforce Admin,CRM Manager,Chile,LATAM,Organic Search,Inbound Marketing,CMP-012,AI Search Visibility — AMER 2026-07,Organic Search,Organic Search,69,B,false,false,0,Converted,2026-07-26,2026-08-08,2026-08-21,true,true,true,,1,1,U-020,U-011,ACC-1069,OPP-20420
LEAD-12349,2026-06-23,Kestrel Partners,Individual Learner,Business Analyst,United States,AMER,Paid Search,Inbound Marketing,CMP-005,Certification Season — AMER 2025-12,Paid Search,Paid Search,52,B,false,false,0,MQL,2026-07-14,,,true,false,false,,1,2,U-018,,,
LEAD-12350,2025-08-07,Ember Health,L&D / Enablement Manager,Head of Enablement,United Kingdom,EMEA,Paid Social,Inbound Marketing,CMP-008,Admin to Analyst Path — EMEA 2026-02,Paid Social,Salesforce Community,65,B,false,false,0,SQL,2025-08-22,2025-09-13,,true,true,false,,1,8,U-015,U-011,,
LEAD-12351,2025-12-23,Meridian Partners,Analytics Lead,BI Lead,Mexico,AMER,Paid Search,Product,CMP-002,Reports-to-CRMA Migration — AMER 2025-08,Paid Search,Organic Search,86,A,true,false,22,MQL,2026-01-08,,,true,false,false,,,2,,,,
LEAD-12352,2026-05-26,Cobalt Telecom,Individual Learner,Career Switcher,Japan,APAC,Paid Search,Inbound Marketing,CMP-003,Free Course Launch — EMEA 2025-12,Paid Search,Paid Search,54,B,false,false,0,MQL,2026-06-03,,,true,false,false,,2,8,U-021,,,
LEAD-12353,2026-02-08,Solstice Partners,L&D / Enablement Manager,L&D Manager,Australia,APAC,Salesforce Community,Product,CMP-031,Admin to Analyst Path — EMEA 2026-07,Salesforce Community,Webinar,68,B,true,true,44,Converted,2026-02-23,2026-02-26,2026-03-10,true,true,true,,,2,,U-004,ACC-1077,OPP-20421
LEAD-12354,2026-05-11,Aster Group,Individual Learner,Data Analyst,Germany,EMEA,Paid Search,Product,CMP-003,Free Course Launch — EMEA 2025-12,Paid Search,Paid Search,70,A,true,true,33,SQL,2026-05-29,2026-06-16,,true,true,false,,,1,,U-003,,
LEAD-12355,2025-10-12,Pallas Foods,Individual Learner,Career Switcher,Canada,AMER,Outbound Sequence,Outbound,CMP-040,AI Search Visibility — AMER 2026-05,Outbound Sequence,Outbound Sequence,9,D,false,false,0,Disqualified,,,,false,false,false,Duplicate,1,3,U-016,,,
LEAD-12356,2026-02-26,Vertex Insurance,Salesforce Admin,CRM Manager,Australia,APAC,SI Partner Referral,Partner / Referral,CMP-044,Reports-to-CRMA Migration — AMER 2025-06,SI Partner Referral,AI Assistant Referral,81,A,false,false,0,Converted,2026-03-16,2026-03-24,2026-04-05,true,true,true,,3,6,U-019,U-002,ACC-1063,OPP-20422
LEAD-12357,2026-07-12,Juniper Partners,L&D / Enablement Manager,L&D Manager,India,APAC,Free Course,Inbound Marketing,CMP-024,Team Upskilling Offer — AMER 2025-05,Free Course,Free Course,61,B,false,false,0,MQL,2026-07-16,,,true,false,false,,2,4,U-017,,,
LEAD-12358,2026-01-07,Umbra Media,Procurement / Finance,CFO,Brazil,AMER,Free Course,Product,CMP-028,Certification Season — AMER 2025-11,Free Course,Free Course,100,A,true,false,29,New,,,,false,false,false,,,1,,,,
LEAD-12359,2026-01-16,Aster Media,Procurement / Finance,Procurement Manager,United States,AMER,AI Assistant Referral,Product,CMP-021,SAQL Masterclass — LATAM 2025-09,AI Assistant Referral,Free Course,92,A,true,true,61,SQL,2026-01-22,2026-02-12,,true,true,false,,,0,,U-008,,
LEAD-12360,2026-04-29,Lumen Energy,Analytics Lead,BI Lead,United States,AMER,AI Assistant Referral,Product,CMP-019,Reports-to-CRMA Migration — APAC 2026-02,AI Assistant Referral,AI Assistant Referral,97,A,true,true,78,Nurture,2026-05-01,,,true,false,false,,,2,,,,
LEAD-12361,2025-12-24,Sable Consulting,Salesforce Admin,Platform Owner,Singapore,APAC,Paid Search,Inbound Marketing,CMP-004,Q3 Pipeline Push — AMER 2025-11,Paid Search,Paid Social,68,B,false,false,0,New,,,,false,false,false,,1,5,U-015,,,
LEAD-12362,2025-04-06,Lattice Technologies,Analytics Lead,BI Lead,UAE,EMEA,Salesforce Community,Product,CMP-031,Admin to Analyst Path — EMEA 2026-07,Salesforce Community,Salesforce Community,71,A,true,true,9,New,,,,false,false,false,,,2,,,,
LEAD-12363,2025-12-13,Orbital Logistics,Salesforce Admin,Salesforce Administrator,Argentina,LATAM,Organic Search,Product,CMP-014,Einstein Discovery Workshop — APAC 2025-09,Organic Search,Conference,90,A,true,true,43,Converted,2025-12-24,2026-01-13,2026-01-29,true,true,true,,,1,,U-006,ACC-1103,OPP-20423
LEAD-12364,2026-01-05,Beacon Retail,Analytics Lead,RevOps Manager,Brazil,AMER,Organic Search,Inbound Marketing,CMP-018,Free Course Launch — AMER 2025-11,Organic Search,Free Course,91,A,false,false,0,SQL,2026-01-24,2026-02-01,,true,true,false,,0,8,U-020,U-002,,
LEAD-12365,2026-06-26,Foundry Technologies,Individual Learner,Career Switcher,United States,AMER,Customer Referral,Partner / Referral,CMP-046,Certification Season — AMER 2026-03,Customer Referral,Customer Referral,49,C,false,false,0,Converted,2026-07-08,2026-07-14,2026-07-28,true,true,true,,3,6,U-022,U-001,ACC-1054,OPP-20424
LEAD-12366,2026-03-23,Wexler Partners,Individual Learner,Business Analyst,United Kingdom,EMEA,Customer Referral,Partner / Referral,CMP-046,Certification Season — AMER 2026-03,Customer Referral,Outbound Sequence,62,B,true,false,67,MQL,2026-04-02,,,true,false,false,,,2,,,,
LEAD-12367,2026-09-01,Beacon Bank,Individual Learner,Data Analyst,Japan,APAC,Organic Search,Product,CMP-013,Team Upskilling Offer — LATAM 2026-01,Organic Search,Outbound Sequence,66,B,true,true,23,MQL,2026-09-22,,,true,false,false,,,2,,,,
LEAD-12368,2026-01-14,Lumen Bank,Individual Learner,Career Switcher,United Kingdom,EMEA,Outbound Sequence,Outbound,CMP-039,Reports-to-CRMA Migration — EMEA 2026-02,Outbound Sequence,Outbound Sequence,14,D,false,false,0,Disqualified,,,,false,false,false,No Salesforce org,4,5,U-027,,,
LEAD-12369,2025-10-31,Tundra Works,Salesforce Admin,Platform Owner,Canada,AMER,Webinar,Inbound Marketing,CMP-032,Salesforce Event Follow-up — AMER 2025-12,Webinar,Webinar,57,B,false,false,0,Nurture,2025-11-17,,,true,false,false,,5,11,U-021,,,
LEAD-12370,2026-08-07,Pallas Motors,Salesforce Admin,Salesforce Administrator,Singapore,APAC,AI Assistant Referral,Inbound Marketing,CMP-019,Reports-to-CRMA Migration — APAC 2026-02,AI Assistant Referral,AI Assistant Referral,57,B,false,false,0,MQL,2026-08-20,,,true,false,false,,3,7,U-019,,,
LEAD-12371,2025-12-24,North Digital,Individual Learner,Data Analyst,Indonesia,APAC,Free Course,Product,CMP-026,Reports-to-CRMA Migration — AMER 2025-08,Free Course,Free Course,74,A,true,true,5,Converted,2025-12-25,2026-01-19,2026-02-15,true,true,true,,,2,,U-014,ACC-1096,OPP-20425
LEAD-12372,2025-10-12,Beacon Partners,Salesforce Admin,CRM Manager,Brazil,AMER,Paid Search,Inbound Marketing,CMP-004,Q3 Pipeline Push — AMER 2025-11,Paid Search,Paid Search,59,B,false,false,0,Disqualified,,,,false,false,false,No budget,1,10,U-018,,,
LEAD-12373,2026-04-02,Dovetail Capital,Salesforce Admin,Salesforce Administrator,Mexico,AMER,Free Course,Product,CMP-023,Dashboard Makeover Challenge — AMER 2025-06,Free Course,Salesforce Community,85,A,true,true,73,Disqualified,,,,false,false,false,No budget,,2,,,,
LEAD-12374,2025-07-21,Zephyr Telecom,Individual Learner,Junior Consultant,Japan,APAC,Customer Referral,Partner / Referral,CMP-046,Certification Season — AMER 2026-03,Customer Referral,Outbound Sequence,42,C,true,false,83,Working,,,,false,false,false,,,1,,,,
LEAD-12375,2026-06-30,Lattice Group,Individual Learner,Business Analyst,United Kingdom,EMEA,Organic Search,Product,CMP-015,Reports-to-CRMA Migration — AMER 2025-11,Organic Search,SI Partner Referral,63,B,true,false,18,Working,,,,false,false,false,,,1,,,,
LEAD-12376,2026-01-20,Foundry Systems,Procurement / Finance,Finance Director,India,APAC,Outbound Sequence,Outbound,CMP-037,Team Upskilling Offer — EMEA 2025-04,Outbound Sequence,Outbound Sequence,55,B,false,true,0,MQL,2026-02-08,,,true,false,false,,3,2,U-023,,,
LEAD-12377,2026-08-31,North Foods,Individual Learner,Business Analyst,Mexico,AMER,Organic Search,Inbound Marketing,CMP-014,Einstein Discovery Workshop — APAC 2025-09,Organic Search,Customer Referral,37,C,false,false,0,New,,,,false,false,false,,1,4,U-024,,,
LEAD-12378,2026-03-07,Dovetail Foods,L&D / Enablement Manager,People Development Lead,Canada,AMER,AI Assistant Referral,Inbound Marketing,CMP-022,Dashboard Makeover Challenge — AMER 2025-10,AI Assistant Referral,AI Assistant Referral,86,A,false,false,0,Disqualified,,,,false,false,false,Went silent,1,11,U-018,,,
LEAD-12379,2026-07-23,Ember Health,Analytics Lead,Director of Sales Operations,Singapore,APAC,AI Assistant Referral,Product,CMP-021,SAQL Masterclass — LATAM 2025-09,AI Assistant Referral,AI Assistant Referral,76,A,true,true,57,Nurture,2026-07-23,,,true,false,false,,,1,,,,
LEAD-12380,2026-08-20,Onyx Works,L&D / Enablement Manager,L&D Manager,Mexico,AMER,Organic Search,Product,CMP-018,Free Course Launch — AMER 2025-11,Organic Search,Organic Search,100,A,true,false,8,Converted,2026-09-07,2026-09-22,2026-10-14,true,true,true,,,0,,U-005,ACC-1064,OPP-20426
LEAD-12381,2025-06-16,North Partners,Salesforce Admin,Salesforce Administrator,United Kingdom,EMEA,Organic Search,Product,CMP-012,AI Search Visibility — AMER 2026-07,Organic Search,Organic Search,86,A,true,false,82,SQL,2025-07-03,2025-07-19,,true,true,false,,,0,,U-005,,
LEAD-12382,2025-08-16,Beacon Foods,Analytics Lead,BI Lead,Indonesia,APAC,Paid Search,Inbound Marketing,CMP-006,AI Search Visibility — AMER 2026-02,Paid Search,Paid Search,75,A,false,false,0,MQL,2025-08-25,,,true,false,false,,3,4,U-018,,,
LEAD-12383,2026-01-30,Aster Digital,Individual Learner,Junior Consultant,Sweden,EMEA,Webinar,Inbound Marketing,CMP-034,Salesforce Event Follow-up — EMEA 2026-03,Webinar,Webinar,35,C,false,false,0,Working,,,,false,false,false,,3,7,U-020,,,
LEAD-12384,2025-11-16,Meridian Bank,Individual Learner,Career Switcher,Brazil,AMER,Outbound Sequence,Outbound,CMP-040,AI Search Visibility — AMER 2026-05,Outbound Sequence,Outbound Sequence,20,D,false,false,0,New,,,,false,false,false,,1,6,U-026,,,
LEAD-12385,2025-09-14,Kestrel Energy,Analytics Lead,RevOps Manager,Brazil,AMER,Organic Search,Product,CMP-016,Dashboard Makeover Challenge — AMER 2026-04,Organic Search,Organic Search,93,A,true,true,97,MQL,2025-09-24,,,true,false,false,,,1,,,,
LEAD-12386,2026-08-15,Cobalt Pharma,Individual Learner,Business Analyst,India,APAC,Free Course,Product,CMP-023,Dashboard Makeover Challenge — AMER 2025-06,Free Course,Free Course,74,A,true,false,39,SQL,2026-08-31,2026-09-22,,true,true,false,,,2,,U-003,,
LEAD-12387,2025-06-09,Lumen Insurance,L&D / Enablement Manager,Training Director,Canada,AMER,Outbound Sequence,Outbound,CMP-041,Reports-to-CRMA Migration — AMER 2025-04,Outbound Sequence,SI Partner Referral,72,A,false,true,0,New,,,,false,false,false,,0,11,U-015,,,
LEAD-12388,2026-02-19,Lattice Technologies,Individual Learner,Business Analyst,Colombia,LATAM,Webinar,Product,CMP-033,Admin to Analyst Path — EMEA 2026-07,Webinar,SI Partner Referral,16,D,true,false,64,Disqualified,,,,false,false,false,No Salesforce org,,0,,,,
LEAD-12389,2026-02-06,Foundry Retail,Salesforce Admin,CRM Manager,Australia,APAC,Organic Search,Product,CMP-012,AI Search Visibility — AMER 2026-07,Organic Search,Paid Search,80,A,true,false,20,SQL,2026-02-12,2026-03-02,,true,true,false,,,0,,U-013,,
LEAD-12390,2026-09-10,Rivet Energy,Salesforce Admin,Platform Owner,United States,AMER,Salesforce Community,Product,CMP-029,Classroom Batch Push — EMEA 2025-11,Salesforce Community,SI Partner Referral,72,A,true,true,100,Converted,2026-09-15,2026-10-01,2026-10-13,true,true,true,,,2,,U-003,ACC-1061,OPP-20427
LEAD-12391,2025-09-29,Cobalt Retail,Analytics Lead,RevOps Manager,United States,AMER,Organic Search,Product,CMP-011,Admin to Analyst Path — LATAM 2025-04,Organic Search,AI Assistant Referral,95,A,true,false,79,MQL,2025-10-03,,,true,false,false,,,1,,,,
LEAD-12392,2025-10-05,Aster Digital,Salesforce Admin,Salesforce Administrator,Indonesia,APAC,Paid Search,Product,CMP-005,Certification Season — AMER 2025-12,Paid Search,Conference,88,A,true,false,62,Disqualified,,,,false,false,false,No Salesforce org,,2,,,,
LEAD-12393,2025-11-26,Lattice Telecom,Salesforce Admin,CRM Manager,Netherlands,EMEA,Organic Search,Product,CMP-014,Einstein Discovery Workshop — APAC 2025-09,Organic Search,Organic Search,87,A,true,false,38,New,,,,false,false,false,,,2,,,,
LEAD-12394,2025-08-12,Lumen Partners,Salesforce Admin,Senior Salesforce Admin,Mexico,AMER,Paid Search,Inbound Marketing,CMP-006,AI Search Visibility — AMER 2026-02,Paid Search,Outbound Sequence,74,A,false,false,0,Disqualified,,,,false,false,false,Wrong geo,4,4,U-020,,,
LEAD-12395,2025-10-16,Cobalt Energy,L&D / Enablement Manager,Training Director,Argentina,LATAM,Conference,Inbound Marketing,CMP-035,Dashboard Makeover Challenge — EMEA 2026-05,Conference,Conference,63,B,false,false,0,SQL,2025-11-04,2025-11-15,,true,true,false,,1,10,U-022,U-006,,
LEAD-12396,2026-04-14,Lattice Bank,Procurement / Finance,Head of Vendor Management,India,APAC,Outbound Sequence,Outbound,CMP-041,Reports-to-CRMA Migration — AMER 2025-04,Outbound Sequence,Outbound Sequence,58,B,false,false,0,MQL,2026-04-18,,,true,false,false,,0,5,U-019,,,
LEAD-12397,2025-12-11,Aster Retail,Individual Learner,Data Analyst,Canada,AMER,Conference,Inbound Marketing,CMP-036,Einstein Discovery Workshop — AMER 2026-04,Conference,Conference,49,C,false,false,0,MQL,2025-12-24,,,true,false,false,,2,1,U-025,,,
LEAD-12398,2025-04-25,Foundry Retail,Individual Learner,Data Analyst,Colombia,LATAM,Free Course,Product,CMP-025,Certification Season — EMEA 2025-09,Free Course,Customer Referral,60,B,true,true,18,New,,,,false,false,false,,,0,,,,
LEAD-12399,2026-05-10,Quanta Bank,Individual Learner,Career Switcher,Mexico,AMER,Outbound Sequence,Outbound,CMP-037,Team Upskilling Offer — EMEA 2025-04,Outbound Sequence,Salesforce Community,29,D,false,false,0,Disqualified,,,,false,false,false,Duplicate,0,10,U-019,,,
LEAD-12400,2025-10-25,Dovetail Pharma,Individual Learner,Business Analyst,Brazil,AMER,Salesforce Community,Inbound Marketing,CMP-031,Admin to Analyst Path — EMEA 2026-07,Salesforce Community,Salesforce Community,46,C,false,false,0,Converted,2025-10-26,2025-11-21,2025-11-23,true,true,true,,3,6,U-027,U-003,ACC-1104,OPP-20428
LEAD-12401,2026-01-05,Cinder Works,Salesforce Admin,Salesforce Administrator,Mexico,AMER,Paid Search,Inbound Marketing,CMP-003,Free Course Launch — EMEA 2025-12,Paid Search,Paid Search,51,B,false,false,0,MQL,2026-01-17,,,true,false,false,,3,10,U-025,,,
LEAD-12402,2026-01-06,Meridian Group,Procurement / Finance,Head of Vendor Management,United States,AMER,Free Course,Product,CMP-026,Reports-to-CRMA Migration — AMER 2025-08,Free Course,SI Partner Referral,82,A,true,true,26,Converted,2026-01-12,2026-02-07,2026-02-22,true,true,true,,,2,,U-009,ACC-1001,OPP-20429
LEAD-12403,2026-01-01,Sable Partners,Procurement / Finance,Procurement Manager,Canada,AMER,Free Course,Inbound Marketing,CMP-026,Reports-to-CRMA Migration — AMER 2025-08,Free Course,Free Course,97,A,false,false,0,Nurture,2026-01-18,,,true,false,false,,4,5,U-018,,,
LEAD-12404,2026-05-06,Meridian Systems,Individual Learner,Business Analyst,Canada,AMER,Free Course,Product,CMP-024,Team Upskilling Offer — AMER 2025-05,Free Course,Free Course,73,A,true,true,9,Converted,2026-05-16,2026-06-05,2026-07-05,true,true,true,,,0,,U-006,ACC-1042,OPP-20430
LEAD-12405,2026-06-28,Solstice Insurance,Individual Learner,Junior Consultant,Mexico,AMER,Salesforce Community,Product,CMP-029,Classroom Batch Push — EMEA 2025-11,Salesforce Community,Salesforce Community,63,B,true,true,33,MQL,2026-07-03,,,true,false,false,,,2,,,,
LEAD-12406,2026-09-08,North Capital,Salesforce Admin,Senior Salesforce Admin,France,EMEA,Free Course,Inbound Marketing,CMP-025,Certification Season — EMEA 2025-09,Free Course,Free Course,80,A,false,false,0,SQL,2026-09-15,2026-09-23,,true,true,false,,3,4,U-017,U-008,,
LEAD-12407,2025-07-03,Dovetail Partners,Salesforce Admin,Senior Salesforce Admin,Netherlands,EMEA,Conference,Inbound Marketing,CMP-035,Dashboard Makeover Challenge — EMEA 2026-05,Conference,Conference,59,B,false,false,0,MQL,2025-07-23,,,true,false,false,,0,2,U-025,,,
LEAD-12408,2025-07-27,Umbra Technologies,L&D / Enablement Manager,People Development Lead,United States,AMER,Organic Search,Product,CMP-014,Einstein Discovery Workshop — APAC 2025-09,Organic Search,Organic Search,80,A,true,false,48,Disqualified,,,,false,false,false,No Salesforce org,,2,,,,
LEAD-12409,2025-12-22,Aster Care,Salesforce Admin,Platform Owner,Japan,APAC,Paid Search,Inbound Marketing,CMP-001,Salesforce Event Follow-up — AMER 2026-02,Paid Search,Customer Referral,84,A,false,false,0,SQL,2026-01-09,2026-02-04,,true,true,false,,0,8,U-022,U-009,,
LEAD-12410,2026-03-01,Ember Digital,Individual Learner,Junior Consultant,Argentina,LATAM,Paid Social,Inbound Marketing,CMP-010,Certification Season — LATAM 2025-06,Paid Social,Paid Social,47,C,false,false,0,Converted,2026-03-07,2026-03-09,2026-03-21,true,true,true,,1,2,U-022,U-013,ACC-1097,OPP-20431
LEAD-12411,2025-11-02,Beacon Consulting,Individual Learner,Data Analyst,India,APAC,Organic Search,Inbound Marketing,CMP-011,Admin to Analyst Path — LATAM 2025-04,Organic Search,AI Assistant Referral,60,B,false,false,0,Converted,2025-11-13,2025-11-25,2025-12-11,true,true,true,,1,5,U-019,U-007,ACC-1040,OPP-20432
LEAD-12412,2026-06-15,Dovetail Pharma,Individual Learner,Data Analyst,Mexico,AMER,Paid Search,Inbound Marketing,CMP-003,Free Course Launch — EMEA 2025-12,Paid Search,Paid Search,67,B,false,false,0,Converted,2026-06-24,2026-07-04,2026-08-01,true,true,true,,3,5,U-021,U-006,ACC-1118,OPP-20433
LEAD-12413,2025-11-21,Juniper Care,Procurement / Finance,Procurement Manager,Canada,AMER,Salesforce Community,Product,CMP-030,SAQL Masterclass — AMER 2025-08,Salesforce Community,Paid Social,75,A,true,false,39,MQL,2025-12-02,,,true,false,false,,,2,,,,
LEAD-12414,2026-05-30,Meridian Logistics,Salesforce Admin,Senior Salesforce Admin,Australia,APAC,Salesforce Community,Product,CMP-030,SAQL Masterclass — AMER 2025-08,Salesforce Community,Customer Referral,54,B,true,true,35,Converted,2026-05-31,2026-06-05,2026-06-08,true,true,true,,,0,,U-014,ACC-1054,OPP-20434
LEAD-12415,2026-02-09,Wexler Energy,Individual Learner,Business Analyst,Australia,APAC,Conference,Inbound Marketing,CMP-035,Dashboard Makeover Challenge — EMEA 2026-05,Conference,Organic Search,20,D,false,false,0,MQL,2026-02-16,,,true,false,false,,2,5,U-023,,,
LEAD-12416,2026-01-08,North Capital,L&D / Enablement Manager,Head of Enablement,Sweden,EMEA,Conference,Inbound Marketing,CMP-035,Dashboard Makeover Challenge — EMEA 2026-05,Conference,Conference,44,C,false,false,0,MQL,2026-01-18,,,true,false,false,,1,4,U-027,,,
LEAD-12417,2025-08-07,Cobalt Consulting,Procurement / Finance,CFO,Mexico,AMER,Outbound Sequence,Outbound,CMP-037,Team Upskilling Offer — EMEA 2025-04,Outbound Sequence,Outbound Sequence,67,B,false,false,0,Working,,,,false,false,false,,3,9,U-026,,,
LEAD-12418,2026-06-23,Umbra Pharma,Analytics Lead,Head of Analytics,Spain,EMEA,Free Course,Product,CMP-023,Dashboard Makeover Challenge — AMER 2025-06,Free Course,Webinar,100,A,true,true,89,Converted,2026-06-27,2026-07-02,2026-07-22,true,true,true,,,2,,U-011,ACC-1109,OPP-20435
LEAD-12419,2026-06-04,Wexler Partners,Analytics Lead,BI Lead,United Kingdom,EMEA,Organic Search,Inbound Marketing,CMP-014,Einstein Discovery Workshop — APAC 2025-09,Organic Search,Organic Search,66,B,false,false,0,SQL,2026-06-16,2026-07-04,,true,true,false,,2,10,U-021,U-002,,
LEAD-12420,2026-08-04,Wexler Telecom,Salesforce Admin,Platform Owner,Canada,AMER,Paid Social,Product,CMP-008,Admin to Analyst Path — EMEA 2026-02,Paid Social,Paid Social,50,B,true,true,61,Nurture,2026-08-19,,,true,false,false,,,0,,,,
LEAD-12421,2026-04-03,Lattice Care,Individual Learner,Junior Consultant,Canada,AMER,Free Course,Product,CMP-025,Certification Season — EMEA 2025-09,Free Course,Free Course,58,B,true,true,20,SQL,2026-04-04,2026-04-27,,true,true,false,,,0,,U-014,,
LEAD-12422,2025-10-15,Foundry Partners,L&D / Enablement Manager,L&D Manager,United Kingdom,EMEA,Paid Search,Product,CMP-005,Certification Season — AMER 2025-12,Paid Search,Paid Search,80,A,true,true,14,MQL,2025-11-02,,,true,false,false,,,1,,,,
LEAD-12423,2026-07-08,Halcyon Digital,Salesforce Admin,CRM Manager,Sweden,EMEA,Outbound Sequence,Outbound,CMP-039,Reports-to-CRMA Migration — EMEA 2026-02,Outbound Sequence,SI Partner Referral,61,B,false,true,0,SQL,2026-07-13,2026-08-04,,true,true,false,,2,2,U-027,U-008,,
LEAD-12424,2025-06-17,Harbor Pharma,Individual Learner,Junior Consultant,Singapore,APAC,AI Assistant Referral,Inbound Marketing,CMP-021,SAQL Masterclass — LATAM 2025-09,AI Assistant Referral,Free Course,43,C,false,false,0,MQL,2025-06-24,,,true,false,false,,1,10,U-016,,,
LEAD-12425,2025-12-27,Lattice Group,Procurement / Finance,Finance Director,Singapore,APAC,Organic Search,Product,CMP-015,Reports-to-CRMA Migration — AMER 2025-11,Organic Search,Organic Search,97,A,true,true,17,MQL,2026-01-06,,,true,false,false,,,1,,,,
LEAD-12426,2025-04-05,Vertex Logistics,Procurement / Finance,Finance Director,France,EMEA,AI Assistant Referral,Product,CMP-020,Dashboard Makeover Challenge — AMER 2025-12,AI Assistant Referral,AI Assistant Referral,88,A,true,true,14,Converted,2025-04-13,2025-04-19,2025-05-02,true,true,true,,,0,,U-002,ACC-1078,OPP-20436
LEAD-12427,2025-09-09,Lumen Media,Individual Learner,Business Analyst,Canada,AMER,Customer Referral,Partner / Referral,CMP-045,Einstein Discovery Workshop — AMER 2025-09,Customer Referral,Customer Referral,63,B,false,false,0,MQL,2025-09-14,,,true,false,false,,3,11,U-025,,,
LEAD-12428,2026-08-03,Meridian Foods,Individual Learner,Business Analyst,India,APAC,Salesforce Community,Inbound Marketing,CMP-030,SAQL Masterclass — AMER 2025-08,Salesforce Community,Conference,41,C,false,false,0,MQL,2026-08-16,,,true,false,false,,6,6,U-018,,,
LEAD-12429,2025-05-12,North Foods,Individual Learner,Data Analyst,Colombia,LATAM,Free Course,Product,CMP-026,Reports-to-CRMA Migration — AMER 2025-08,Free Course,AI Assistant Referral,53,B,true,true,79,Working,,,,false,false,false,,,1,,,,
LEAD-12430,2026-02-11,Beacon Foods,Individual Learner,Junior Consultant,United States,AMER,Organic Search,Inbound Marketing,CMP-011,Admin to Analyst Path — LATAM 2025-04,Organic Search,Organic Search,58,B,false,false,0,Converted,2026-03-01,2026-03-06,2026-03-09,true,true,true,,1,3,U-016,U-013,ACC-1051,OPP-20437
LEAD-12431,2025-06-27,Zephyr Works,Individual Learner,Career Switcher,Singapore,APAC,SI Partner Referral,Partner / Referral,CMP-043,SAQL Masterclass — APAC 2026-01,SI Partner Referral,SI Partner Referral,27,D,false,false,0,Disqualified,,,,false,false,false,Went silent,5,2,U-019,,,
LEAD-12432,2025-12-03,Tundra Bank,Salesforce Admin,Platform Owner,United States,AMER,Organic Search,Product,CMP-017,SAQL Masterclass — AMER 2026-05,Organic Search,Organic Search,75,A,true,false,84,MQL,2025-12-08,,,true,false,false,,,2,,,,
LEAD-12433,2026-04-06,Pallas Technologies,Salesforce Admin,Senior Salesforce Admin,Mexico,AMER,Salesforce Community,Product,CMP-030,SAQL Masterclass — AMER 2025-08,Salesforce Community,Salesforce Community,71,A,true,false,58,Working,,,,false,false,false,,,2,,,,
LEAD-12434,2025-07-27,Rivet Partners,Analytics Lead,RevOps Manager,Mexico,AMER,Free Course,Product,CMP-026,Reports-to-CRMA Migration — AMER 2025-08,Free Course,Organic Search,75,A,true,true,57,Converted,2025-08-07,2025-08-10,2025-09-07,true,true,true,,,1,,U-012,ACC-1027,OPP-20438
LEAD-12435,2026-05-25,Wexler Pharma,Individual Learner,Data Analyst,France,EMEA,Paid Search,Inbound Marketing,CMP-006,AI Search Visibility — AMER 2026-02,Paid Search,Paid Search,59,B,false,false,0,Nurture,2026-06-05,,,true,false,false,,2,7,U-015,,,
LEAD-12436,2026-09-15,Harbor Technologies,Analytics Lead,Head of Analytics,Brazil,AMER,Salesforce Community,Product,CMP-030,SAQL Masterclass — AMER 2025-08,Salesforce Community,AI Assistant Referral,58,B,true,true,14,Nurture,2026-09-21,,,true,false,false,,,1,,,,
LEAD-12437,2025-07-28,Foundry Pharma,Individual Learner,Junior Consultant,Singapore,APAC,SI Partner Referral,Partner / Referral,CMP-043,SAQL Masterclass — APAC 2026-01,SI Partner Referral,Customer Referral,27,D,false,false,0,New,,,,false,false,false,,3,2,U-021,,,
LEAD-12438,2025-07-21,Juniper Systems,Salesforce Admin,Platform Owner,United States,AMER,Outbound Sequence,Outbound,CMP-041,Reports-to-CRMA Migration — AMER 2025-04,Outbound Sequence,Salesforce Community,41,C,false,false,0,Disqualified,,,,false,false,false,Competitor,4,2,U-016,,,
LEAD-12439,2026-01-22,Juniper Partners,Salesforce Admin,CRM Manager,France,EMEA,Paid Search,Inbound Marketing,CMP-003,Free Course Launch — EMEA 2025-12,Paid Search,Paid Search,39,C,false,false,0,Converted,2026-01-29,2026-02-18,2026-03-04,true,true,true,,0,8,U-022,U-014,ACC-1067,OPP-20439
LEAD-12440,2025-10-04,Juniper Pharma,Analytics Lead,Director of Sales Operations,Brazil,AMER,Organic Search,Product,CMP-011,Admin to Analyst Path — LATAM 2025-04,Organic Search,Customer Referral,82,A,true,false,26,Converted,2025-10-09,2025-10-10,2025-10-27,true,true,true,,,2,,U-005,ACC-1001,OPP-20440
LEAD-12441,2026-03-29,Cobalt Pharma,L&D / Enablement Manager,People Development Lead,Germany,EMEA,Free Course,Product,CMP-027,Q3 Pipeline Push — APAC 2025-05,Free Course,Free Course,92,A,true,true,62,Disqualified,,,,false,false,false,No Salesforce org,,1,,,,
LEAD-12442,2026-08-19,Halcyon Works,L&D / Enablement Manager,Training Director,India,APAC,Organic Search,Product,CMP-011,Admin to Analyst Path — LATAM 2025-04,Organic Search,Organic Search,100,A,true,true,30,New,,,,false,false,false,,,2,,,,
LEAD-12443,2025-05-08,Meridian Digital,Individual Learner,Junior Consultant,United States,AMER,Conference,Inbound Marketing,CMP-036,Einstein Discovery Workshop — AMER 2026-04,Conference,Paid Search,58,B,false,false,0,SQL,2025-05-26,2025-06-04,,true,true,false,,1,4,U-027,U-004,,
LEAD-12444,2026-01-24,Vantage Health,Analytics Lead,RevOps Manager,Mexico,AMER,Customer Referral,Partner / Referral,CMP-045,Einstein Discovery Workshop — AMER 2025-09,Customer Referral,Customer Referral,82,A,true,true,3,Working,,,,false,false,false,,,0,,,,
LEAD-12445,2026-07-16,Harbor Capital,Individual Learner,Junior Consultant,Brazil,AMER,SI Partner Referral,Partner / Referral,CMP-043,SAQL Masterclass — APAC 2026-01,SI Partner Referral,SI Partner Referral,59,B,false,false,0,MQL,2026-07-31,,,true,false,false,,4,5,U-018,,,
LEAD-12446,2025-08-30,Juniper Group,Individual Learner,Data Analyst,Colombia,LATAM,Paid Social,Product,CMP-007,Admin to Analyst Path — EMEA 2025-05,Paid Social,Paid Social,35,C,true,true,5,Disqualified,,,,false,false,false,Student — free course only,,1,,,,
LEAD-12447,2026-02-28,Orbital Health,Analytics Lead,RevOps Manager,France,EMEA,Paid Search,Inbound Marketing,CMP-001,Salesforce Event Follow-up — AMER 2026-02,Paid Search,Organic Search,84,A,false,true,0,MQL,2026-03-03,,,true,false,false,,0,1,U-015,,,
LEAD-12448,2025-09-08,Cobalt Logistics,Individual Learner,Junior Consultant,United Kingdom,EMEA,Webinar,Product,CMP-032,Salesforce Event Follow-up — AMER 2025-12,Webinar,Webinar,43,C,true,true,5,MQL,2025-09-09,,,true,false,false,,,2,,,,
LEAD-12449,2026-04-14,Beacon Motors,Individual Learner,Junior Consultant,Mexico,AMER,Salesforce Community,Inbound Marketing,CMP-029,Classroom Batch Push — EMEA 2025-11,Salesforce Community,Salesforce Community,47,C,false,false,0,MQL,2026-04-21,,,true,false,false,,1,2,U-016,,,
LEAD-12450,2025-11-11,Vantage Insurance,L&D / Enablement Manager,L&D Manager,Spain,EMEA,Organic Search,Product,CMP-015,Reports-to-CRMA Migration — AMER 2025-11,Organic Search,Organic Search,86,A,true,true,97,Nurture,2025-11-16,,,true,false,false,,,1,,,,
LEAD-12451,2026-01-18,Zephyr Technologies,Individual Learner,Data Analyst,Singapore,APAC,SI Partner Referral,Partner / Referral,CMP-044,Reports-to-CRMA Migration — AMER 2025-06,SI Partner Referral,SI Partner Referral,60,B,false,false,0,SQL,2026-02-07,2026-02-09,,true,true,false,,2,3,U-023,U-003,,
LEAD-12452,2025-09-29,Juniper Group,Salesforce Admin,CRM Manager,Canada,AMER,Paid Social,Product,CMP-009,Salesforce Event Follow-up — AMER 2026-01,Paid Social,Paid Social,44,C,true,true,40,SQL,2025-10-12,2025-10-14,,true,true,false,,,1,,U-004,,
LEAD-12453,2025-11-24,Lumen Foods,Procurement / Finance,Finance Director,Sweden,EMEA,Organic Search,Product,CMP-016,Dashboard Makeover Challenge — AMER 2026-04,Organic Search,Salesforce Community,100,A,true,true,30,MQL,2025-12-03,,,true,false,false,,,0,,,,
LEAD-12454,2025-05-05,Aster Health,Salesforce Admin,Platform Owner,Canada,AMER,Outbound Sequence,Outbound,CMP-037,Team Upskilling Offer — EMEA 2025-04,Outbound Sequence,Outbound Sequence,48,C,false,false,0,New,,,,false,false,false,,4,2,U-027,,,
LEAD-12455,2026-06-04,Orbital Telecom,Individual Learner,Career Switcher,Canada,AMER,Customer Referral,Partner / Referral,CMP-046,Certification Season — AMER 2026-03,Customer Referral,Paid Social,50,B,false,false,0,Converted,2026-06-09,2026-06-14,2026-07-02,true,true,true,,2,1,U-020,U-006,ACC-1056,OPP-20441
LEAD-12456,2025-10-07,Tundra Energy,L&D / Enablement Manager,People Development Lead,Mexico,AMER,Free Course,Product,CMP-027,Q3 Pipeline Push — APAC 2025-05,Free Course,Free Course,95,A,true,true,37,MQL,2025-10-10,,,true,false,false,,,1,,,,
LEAD-12457,2025-10-06,Juniper Capital,Individual Learner,Business Analyst,United States,AMER,Outbound Sequence,Outbound,CMP-041,Reports-to-CRMA Migration — AMER 2025-04,Outbound Sequence,Outbound Sequence,9,D,false,false,0,Disqualified,,,,false,false,false,Free course is enough,3,9,U-026,,,
LEAD-12458,2026-03-06,Umbra Systems,Procurement / Finance,Head of Vendor Management,Sweden,EMEA,Outbound Sequence,Outbound,CMP-038,Certification Season — AMER 2025-04,Outbound Sequence,Outbound Sequence,42,C,false,false,0,Disqualified,,,,false,false,false,Duplicate,5,3,U-015,,,
LEAD-12459,2025-09-06,Dovetail Motors,Salesforce Admin,CRM Manager,Chile,LATAM,Paid Search,Inbound Marketing,CMP-004,Q3 Pipeline Push — AMER 2025-11,Paid Search,Free Course,45,C,false,false,0,Converted,2025-09-08,2025-09-09,2025-10-01,true,true,true,,2,1,U-019,U-009,ACC-1106,OPP-20442
LEAD-12460,2025-04-10,North Insurance,Individual Learner,Data Analyst,Indonesia,APAC,Paid Search,Inbound Marketing,CMP-006,AI Search Visibility — AMER 2026-02,Paid Search,Paid Search,62,B,false,false,0,Disqualified,,,,false,false,false,Free course is enough,1,11,U-019,,,
LEAD-12461,2026-01-26,Lattice Works,Individual Learner,Career Switcher,Australia,APAC,Free Course,Product,CMP-027,Q3 Pipeline Push — APAC 2025-05,Free Course,Paid Search,54,B,true,true,92,New,,,,false,false,false,,,0,,,,
LEAD-12462,2026-08-04,Tundra Group,Analytics Lead,BI Lead,Mexico,AMER,Conference,Inbound Marketing,CMP-036,Einstein Discovery Workshop — AMER 2026-04,Conference,Conference,62,B,false,false,0,MQL,2026-08-20,,,true,false,false,,2,7,U-015,,,
LEAD-12463,2025-10-04,Beacon Pharma,Salesforce Admin,Platform Owner,United States,AMER,AI Assistant Referral,Inbound Marketing,CMP-020,Dashboard Makeover Challenge — AMER 2025-12,AI Assistant Referral,AI Assistant Referral,92,A,false,false,0,MQL,2025-10-20,,,true,false,false,,4,8,U-026,,,
LEAD-12464,2026-01-18,North Consulting,Individual Learner,Business Analyst,France,EMEA,AI Assistant Referral,Product,CMP-022,Dashboard Makeover Challenge — AMER 2025-10,AI Assistant Referral,Paid Social,75,A,true,true,23,MQL,2026-01-26,,,true,false,false,,,2,,,,
LEAD-12465,2025-09-22,Tundra Energy,Analytics Lead,BI Lead,Singapore,APAC,Salesforce Community,Product,CMP-029,Classroom Batch Push — EMEA 2025-11,Salesforce Community,Salesforce Community,79,A,true,true,36,Converted,2025-09-22,2025-10-09,2025-10-19,true,true,true,,,1,,U-012,ACC-1086,OPP-20443
LEAD-12466,2025-06-06,Orbital Bank,Analytics Lead,Director of Sales Operations,Netherlands,EMEA,Customer Referral,Partner / Referral,CMP-045,Einstein Discovery Workshop — AMER 2025-09,Customer Referral,Customer Referral,45,C,false,false,0,Disqualified,,,,false,false,false,Student — free course only,3,9,U-018,,,
LEAD-12467,2026-05-27,Halcyon Pharma,Analytics Lead,RevOps Manager,Japan,APAC,Outbound Sequence,Outbound,CMP-038,Certification Season — AMER 2025-04,Outbound Sequence,Salesforce Community,50,B,false,false,0,Working,,,,false,false,false,,1,7,U-027,,,
LEAD-12468,2025-04-22,Vantage Logistics,Individual Learner,Junior Consultant,Netherlands,EMEA,Outbound Sequence,Outbound,CMP-041,Reports-to-CRMA Migration — AMER 2025-04,Outbound Sequence,Outbound Sequence,8,D,false,false,0,New,,,,false,false,false,,2,8,U-026,,,
LEAD-12469,2026-02-07,Vantage Energy,Individual Learner,Junior Consultant,UAE,EMEA,Organic Search,Inbound Marketing,CMP-013,Team Upskilling Offer — LATAM 2026-01,Organic Search,Organic Search,55,B,false,false,0,SQL,2026-02-27,2026-03-24,,true,true,false,,3,10,U-019,U-012,,
LEAD-12470,2026-01-01,Cinder Care,Procurement / Finance,CFO,Netherlands,EMEA,Paid Search,Product,CMP-002,Reports-to-CRMA Migration — AMER 2025-08,Paid Search,AI Assistant Referral,99,A,true,false,94,SQL,2026-01-02,2026-01-18,,true,true,false,,,1,,U-003,,
LEAD-12471,2025-07-21,Harbor Care,L&D / Enablement Manager,People Development Lead,Germany,EMEA,Conference,Product,CMP-035,Dashboard Makeover Challenge — EMEA 2026-05,Conference,Salesforce Community,88,A,true,true,20,Converted,2025-07-23,2025-07-24,2025-08-12,true,true,true,,,2,,U-001,ACC-1012,OPP-20444
LEAD-12472,2026-08-11,Halcyon Telecom,Individual Learner,Business Analyst,Australia,APAC,Free Course,Product,CMP-027,Q3 Pipeline Push — APAC 2025-05,Free Course,Free Course,44,C,true,false,95,Converted,2026-08-12,2026-08-24,2026-09-22,true,true,true,,,0,,U-010,ACC-1092,OPP-20445
LEAD-12473,2026-07-06,Wexler Care,Salesforce Admin,CRM Manager,UAE,EMEA,Organic Search,Inbound Marketing,CMP-017,SAQL Masterclass — AMER 2026-05,Organic Search,Organic Search,63,B,false,true,0,Converted,2026-07-11,2026-08-06,2026-08-30,true,true,true,,1,5,U-015,U-005,ACC-1120,OPP-20446
LEAD-12474,2025-05-17,Cobalt Digital,Salesforce Admin,CRM Manager,United Kingdom,EMEA,Salesforce Community,Product,CMP-029,Classroom Batch Push — EMEA 2025-11,Salesforce Community,Salesforce Community,82,A,true,true,46,Converted,2025-05-28,2025-06-01,2025-06-11,true,true,true,,,1,,U-009,ACC-1030,OPP-20447
LEAD-12475,2025-04-18,Kestrel Capital,Salesforce Admin,Platform Owner,Japan,APAC,Webinar,Inbound Marketing,CMP-033,Admin to Analyst Path — EMEA 2026-07,Webinar,Webinar,60,B,false,false,0,MQL,2025-04-23,,,true,false,false,,3,8,U-015,,,
LEAD-12476,2025-09-28,Halcyon Foods,Analytics Lead,Director of Sales Operations,Mexico,AMER,Free Course,Product,CMP-026,Reports-to-CRMA Migration — AMER 2025-08,Free Course,Free Course,84,A,true,true,47,Nurture,2025-09-29,,,true,false,false,,,2,,,,
LEAD-12477,2025-11-01,Aster Technologies,Analytics Lead,Director of Sales Operations,United States,AMER,Organic Search,Inbound Marketing,CMP-016,Dashboard Makeover Challenge — AMER 2026-04,Organic Search,Organic Search,72,A,false,false,0,New,,,,false,false,false,,1,3,U-024,,,
LEAD-12478,2025-08-20,Halcyon Works,Individual Learner,Business Analyst,France,EMEA,Outbound Sequence,Outbound,CMP-038,Certification Season — AMER 2025-04,Outbound Sequence,Outbound Sequence,15,D,false,false,0,New,,,,false,false,false,,2,6,U-022,,,
LEAD-12479,2026-06-04,North Logistics,Analytics Lead,Director of Sales Operations,Sweden,EMEA,Free Course,Product,CMP-027,Q3 Pipeline Push — APAC 2025-05,Free Course,Free Course,73,A,true,true,26,Working,,,,false,false,false,,,1,,,,
LEAD-12480,2025-12-06,Solstice Care,Individual Learner,Junior Consultant,United States,AMER,Paid Social,Inbound Marketing,CMP-008,Admin to Analyst Path — EMEA 2026-02,Paid Social,Paid Social,5,D,false,false,0,Disqualified,,,,false,false,false,Free course is enough,0,3,U-025,,,
LEAD-12481,2026-02-20,Umbra Foods,Procurement / Finance,Procurement Manager,Canada,AMER,Free Course,Product,CMP-026,Reports-to-CRMA Migration — AMER 2025-08,Free Course,Free Course,97,A,true,true,3,Converted,2026-02-28,2026-03-07,2026-03-16,true,true,true,,,0,,U-010,ACC-1071,OPP-20448
LEAD-12482,2026-07-10,Quanta Care,L&D / Enablement Manager,People Development Lead,Brazil,AMER,AI Assistant Referral,Product,CMP-022,Dashboard Makeover Challenge — AMER 2025-10,AI Assistant Referral,AI Assistant Referral,76,A,true,true,43,MQL,2026-07-26,,,true,false,false,,,2,,,,
LEAD-12483,2025-11-26,Rivet Capital,Analytics Lead,Director of Sales Operations,Brazil,AMER,SI Partner Referral,Partner / Referral,CMP-044,Reports-to-CRMA Migration — AMER 2025-06,SI Partner Referral,SI Partner Referral,76,A,false,false,0,MQL,2025-12-14,,,true,false,false,,1,2,U-020,,,
LEAD-12484,2026-05-24,Wexler Logistics,L&D / Enablement Manager,Head of Enablement,Brazil,AMER,AI Assistant Referral,Product,CMP-020,Dashboard Makeover Challenge — AMER 2025-12,AI Assistant Referral,AI Assistant Referral,75,A,true,false,94,New,,,,false,false,false,,,2,,,,
LEAD-12485,2026-08-17,North Capital,L&D / Enablement Manager,L&D Manager,Mexico,AMER,Salesforce Community,Product,CMP-030,SAQL Masterclass — AMER 2025-08,Salesforce Community,SI Partner Referral,87,A,true,true,93,Disqualified,,,,false,false,false,Student — free course only,,1,,,,
LEAD-12486,2025-05-22,Juniper Consulting,Salesforce Admin,Senior Salesforce Admin,Canada,AMER,Free Course,Product,CMP-025,Certification Season — EMEA 2025-09,Free Course,Free Course,75,A,true,false,6,Converted,2025-06-12,2025-06-25,2025-07-10,true,true,true,,,1,,U-010,ACC-1128,OPP-20449
LEAD-12487,2026-04-18,Harbor Consulting,Analytics Lead,BI Lead,Canada,AMER,Salesforce Community,Inbound Marketing,CMP-029,Classroom Batch Push — EMEA 2025-11,Salesforce Community,SI Partner Referral,61,B,false,false,0,New,,,,false,false,false,,0,11,U-022,,,
LEAD-12488,2026-03-26,Cobalt Consulting,Individual Learner,Business Analyst,UAE,EMEA,AI Assistant Referral,Product,CMP-022,Dashboard Makeover Challenge — AMER 2025-10,AI Assistant Referral,AI Assistant Referral,55,B,true,false,8,Disqualified,,,,false,false,false,Student — free course only,,0,,,,
LEAD-12489,2025-08-08,Harbor Partners,Salesforce Admin,Salesforce Administrator,Australia,APAC,Customer Referral,Partner / Referral,CMP-045,Einstein Discovery Workshop — AMER 2025-09,Customer Referral,Organic Search,85,A,true,false,84,MQL,2025-08-08,,,true,false,false,,,1,,,,
LEAD-12490,2026-01-17,Vantage Capital,Individual Learner,Junior Consultant,Brazil,AMER,Free Course,Product,CMP-023,Dashboard Makeover Challenge — AMER 2025-06,Free Course,Free Course,41,C,true,false,74,Working,,,,false,false,false,,,2,,,,
LEAD-12491,2026-08-04,Juniper Digital,Analytics Lead,BI Lead,United States,AMER,Outbound Sequence,Outbound,CMP-037,Team Upskilling Offer — EMEA 2025-04,Outbound Sequence,Outbound Sequence,50,B,false,false,0,New,,,,false,false,false,,2,1,U-027,,,
LEAD-12492,2025-12-05,Ember Health,Salesforce Admin,Senior Salesforce Admin,Colombia,LATAM,Organic Search,Product,CMP-017,SAQL Masterclass — AMER 2026-05,Organic Search,SI Partner Referral,100,A,true,false,74,SQL,2025-12-06,2025-12-13,,true,true,false,,,0,,U-001,,
LEAD-12493,2025-07-01,Rivet Logistics,Salesforce Admin,Platform Owner,Brazil,AMER,Free Course,Product,CMP-028,Certification Season — AMER 2025-11,Free Course,Free Course,86,A,true,true,95,Converted,2025-07-09,2025-07-16,2025-08-12,true,true,true,,,1,,U-010,ACC-1050,OPP-20450
LEAD-12494,2026-06-23,Umbra Consulting,Analytics Lead,Head of Analytics,Spain,EMEA,Conference,Inbound Marketing,CMP-035,Dashboard Makeover Challenge — EMEA 2026-05,Conference,SI Partner Referral,50,B,false,false,0,MQL,2026-07-05,,,true,false,false,,0,1,U-020,,,
LEAD-12495,2026-03-06,North Motors,Procurement / Finance,Head of Vendor Management,Sweden,EMEA,Organic Search,Product,CMP-018,Free Course Launch — AMER 2025-11,Organic Search,Paid Search,85,A,true,false,9,MQL,2026-03-15,,,true,false,false,,,1,,,,
LEAD-12496,2026-07-11,Cinder Consulting,Individual Learner,Business Analyst,UAE,EMEA,Webinar,Inbound Marketing,CMP-034,Salesforce Event Follow-up — EMEA 2026-03,Webinar,Conference,55,B,false,false,0,Disqualified,,,,false,false,false,Went silent,3,6,U-019,,,
LEAD-12497,2025-11-07,Kestrel Insurance,Analytics Lead,Head of Analytics,Australia,APAC,Free Course,Product,CMP-028,Certification Season — AMER 2025-11,Free Course,Free Course,85,A,true,true,6,Converted,2025-11-15,2025-12-06,2025-12-31,true,true,true,,,0,,U-013,ACC-1057,OPP-20451
LEAD-12498,2025-12-22,Onyx Group,Individual Learner,Data Analyst,United Kingdom,EMEA,Free Course,Product,CMP-026,Reports-to-CRMA Migration — AMER 2025-08,Free Course,Free Course,54,B,true,false,32,Nurture,2025-12-28,,,true,false,false,,,1,,,,
LEAD-12499,2026-05-19,Harbor Telecom,Individual Learner,Junior Consultant,Netherlands,EMEA,Paid Search,Inbound Marketing,CMP-005,Certification Season — AMER 2025-12,Paid Search,Paid Search,23,D,false,false,0,New,,,,false,false,false,,3,4,U-022,,,
LEAD-12500,2025-11-04,Quanta Consulting,Individual Learner,Junior Consultant,Singapore,APAC,Paid Social,Inbound Marketing,CMP-009,Salesforce Event Follow-up — AMER 2026-01,Paid Social,Paid Social,53,B,false,false,0,New,,,,false,false,false,,1,4,U-021,,,
LEAD-12501,2026-04-06,Rivet Energy,Analytics Lead,RevOps Manager,Netherlands,EMEA,Conference,Inbound Marketing,CMP-036,Einstein Discovery Workshop — AMER 2026-04,Conference,Conference,56,B,false,false,0,Disqualified,,,,false,false,false,No Salesforce org,0,8,U-017,,,
LEAD-12502,2025-08-23,Lattice Telecom,Individual Learner,Business Analyst,France,EMEA,SI Partner Referral,Partner / Referral,CMP-043,SAQL Masterclass — APAC 2026-01,SI Partner Referral,SI Partner Referral,63,B,false,false,0,MQL,2025-09-08,,,true,false,false,,0,9,U-026,,,
LEAD-12503,2025-10-31,Sable Insurance,Analytics Lead,Director of Sales Operations,Sweden,EMEA,Salesforce Community,Inbound Marketing,CMP-029,Classroom Batch Push — EMEA 2025-11,Salesforce Community,Salesforce Community,45,C,false,false,0,Nurture,2025-11-06,,,true,false,false,,0,10,U-023,,,
LEAD-12504,2026-09-10,Cinder Telecom,Salesforce Admin,Salesforce Administrator,India,APAC,Free Course,Product,CMP-026,Reports-to-CRMA Migration — AMER 2025-08,Free Course,Organic Search,83,A,true,false,100,Disqualified,,,,false,false,false,Duplicate,,1,,,,
LEAD-12505,2026-08-31,Lattice Pharma,Individual Learner,Career Switcher,Spain,EMEA,AI Assistant Referral,Inbound Marketing,CMP-020,Dashboard Makeover Challenge — AMER 2025-12,AI Assistant Referral,AI Assistant Referral,58,B,false,false,0,Converted,2026-09-16,2026-09-18,2026-10-11,true,true,true,,3,8,U-021,U-008,ACC-1068,OPP-20452
LEAD-12506,2026-01-14,Rivet Retail,Individual Learner,Career Switcher,Indonesia,APAC,Salesforce Community,Product,CMP-029,Classroom Batch Push — EMEA 2025-11,Salesforce Community,Conference,20,D,true,true,5,Disqualified,,,,false,false,false,No Salesforce org,,0,,,,
LEAD-12507,2026-07-05,Onyx Capital,Procurement / Finance,CFO,Japan,APAC,Organic Search,Inbound Marketing,CMP-014,Einstein Discovery Workshop — APAC 2025-09,Organic Search,Organic Search,86,A,false,false,0,Working,,,,false,false,false,,4,1,U-016,,,
LEAD-12508,2025-07-07,Zephyr Systems,Procurement / Finance,Finance Director,Canada,AMER,Organic Search,Inbound Marketing,CMP-016,Dashboard Makeover Challenge — AMER 2026-04,Organic Search,Organic Search,98,A,false,false,0,SQL,2025-07-27,2025-08-11,,true,true,false,,2,8,U-023,U-006,,
LEAD-12509,2025-09-03,North Energy,Salesforce Admin,Senior Salesforce Admin,UAE,EMEA,Organic Search,Product,CMP-012,AI Search Visibility — AMER 2026-07,Organic Search,Organic Search,85,A,true,true,85,SQL,2025-09-12,2025-09-28,,true,true,false,,,2,,U-008,,
LEAD-12510,2025-07-28,Lattice Consulting,L&D / Enablement Manager,Head of Enablement,Germany,EMEA,Paid Search,Inbound Marketing,CMP-005,Certification Season — AMER 2025-12,Paid Search,Paid Search,100,A,false,false,0,SQL,2025-08-07,2025-08-14,,true,true,false,,2,4,U-016,U-014,,
LEAD-12511,2025-12-19,Sable Bank,Individual Learner,Business Analyst,United States,AMER,Free Course,Product,CMP-023,Dashboard Makeover Challenge — AMER 2025-06,Free Course,Free Course,64,B,true,true,26,SQL,2025-12-26,2026-01-09,,true,true,false,,,1,,U-011,,
LEAD-12512,2025-12-21,Aster Digital,Individual Learner,Data Analyst,United Kingdom,EMEA,Paid Search,Inbound Marketing,CMP-002,Reports-to-CRMA Migration — AMER 2025-08,Paid Search,Paid Search,32,C,false,false,0,Working,,,,false,false,false,,2,4,U-015,,,
LEAD-12513,2026-02-08,Aster Bank,Salesforce Admin,Salesforce Administrator,Brazil,AMER,Paid Social,Inbound Marketing,CMP-009,Salesforce Event Follow-up — AMER 2026-01,Paid Social,Paid Social,65,B,false,false,0,Disqualified,,,,false,false,false,Wrong geo,0,11,U-015,,,
LEAD-12514,2025-09-11,Foundry Media,Salesforce Admin,CRM Manager,United States,AMER,Salesforce Community,Product,CMP-031,Admin to Analyst Path — EMEA 2026-07,Salesforce Community,Paid Search,66,B,true,true,13,SQL,2025-10-02,2025-10-10,,true,true,false,,,2,,U-003,,
LEAD-12515,2025-08-25,Harbor Capital,Salesforce Admin,Senior Salesforce Admin,Mexico,AMER,SI Partner Referral,Partner / Referral,CMP-043,SAQL Masterclass — APAC 2026-01,SI Partner Referral,SI Partner Referral,61,B,false,false,0,MQL,2025-09-02,,,true,false,false,,2,1,U-026,,,
LEAD-12516,2025-09-14,Foundry Foods,Individual Learner,Career Switcher,Brazil,AMER,Organic Search,Inbound Marketing,CMP-016,Dashboard Makeover Challenge — AMER 2026-04,Organic Search,Organic Search,70,A,false,false,0,Converted,2025-09-20,2025-10-10,2025-10-18,true,true,true,,3,1,U-020,U-002,ACC-1112,OPP-20453
LEAD-12517,2025-11-30,Sable Media,Individual Learner,Junior Consultant,Singapore,APAC,Paid Search,Inbound Marketing,CMP-002,Reports-to-CRMA Migration — AMER 2025-08,Paid Search,Paid Search,57,B,false,false,0,Converted,2025-12-05,2025-12-19,2025-12-22,true,true,true,,1,5,U-023,U-014,ACC-1000,OPP-20454
LEAD-12518,2025-10-12,Pallas Media,Individual Learner,Career Switcher,United States,AMER,Organic Search,Product,CMP-018,Free Course Launch — AMER 2025-11,Organic Search,Organic Search,55,B,true,false,38,New,,,,false,false,false,,,2,,,,
LEAD-12519,2025-05-04,Lattice Energy,Analytics Lead,Director of Sales Operations,Canada,AMER,Outbound Sequence,Outbound,CMP-039,Reports-to-CRMA Migration — EMEA 2026-02,Outbound Sequence,Outbound Sequence,46,C,true,false,68,New,,,,false,false,false,,0,4,U-020,,,
LEAD-12520,2025-04-01,Lattice Care,L&D / Enablement Manager,Head of Enablement,Chile,LATAM,Paid Social,Inbound Marketing,CMP-008,Admin to Analyst Path — EMEA 2026-02,Paid Social,Paid Social,37,C,false,false,0,MQL,2025-04-13,,,true,false,false,,3,10,U-026,,,
LEAD-12521,2026-03-27,Tundra Telecom,Salesforce Admin,Senior Salesforce Admin,United Kingdom,EMEA,Free Course,Product,CMP-023,Dashboard Makeover Challenge — AMER 2025-06,Free Course,Free Course,93,A,true,true,34,SQL,2026-04-04,2026-04-11,,true,true,false,,,2,,U-008,,
LEAD-12522,2026-02-09,Zephyr Consulting,Salesforce Admin,CRM Manager,Canada,AMER,Outbound Sequence,Outbound,CMP-039,Reports-to-CRMA Migration — EMEA 2026-02,Outbound Sequence,Customer Referral,33,C,false,false,0,New,,,,false,false,false,,1,4,U-025,,,
LEAD-12523,2026-09-01,Halcyon Energy,Analytics Lead,Head of Analytics,Brazil,AMER,Free Course,Inbound Marketing,CMP-027,Q3 Pipeline Push — APAC 2025-05,Free Course,Free Course,75,A,false,false,0,Nurture,2026-09-21,,,true,false,false,,2,4,U-027,,,
LEAD-12524,2026-08-06,Halcyon Systems,Individual Learner,Junior Consultant,Mexico,AMER,AI Assistant Referral,Inbound Marketing,CMP-020,Dashboard Makeover Challenge — AMER 2025-12,AI Assistant Referral,AI Assistant Referral,57,B,false,false,0,New,,,,false,false,false,,4,5,U-021,,,
LEAD-12525,2026-09-14,Vertex Retail,Individual Learner,Career Switcher,United Kingdom,EMEA,Free Course,Product,CMP-026,Reports-to-CRMA Migration — AMER 2025-08,Free Course,Free Course,80,A,true,false,90,Disqualified,,,,false,false,false,Wrong geo,,1,,,,
LEAD-12526,2025-10-27,Lattice Energy,Analytics Lead,Head of Analytics,Germany,EMEA,Paid Search,Inbound Marketing,CMP-001,Salesforce Event Follow-up — AMER 2026-02,Paid Search,AI Assistant Referral,47,C,false,false,0,SQL,2025-11-03,2025-11-21,,true,true,false,,5,11,U-017,U-012,,
LEAD-12527,2026-08-29,Orbital Digital,Salesforce Admin,Salesforce Administrator,Canada,AMER,Paid Search,Inbound Marketing,CMP-001,Salesforce Event Follow-up — AMER 2026-02,Paid Search,Paid Search,67,B,false,false,0,MQL,2026-09-11,,,true,false,false,,2,6,U-023,,,
LEAD-12528,2025-07-03,North Digital,Individual Learner,Business Analyst,India,APAC,Paid Search,Inbound Marketing,CMP-003,Free Course Launch — EMEA 2025-12,Paid Search,Paid Search,59,B,false,false,0,Working,,,,false,false,false,,2,9,U-015,,,
LEAD-12529,2025-08-14,Vantage Energy,L&D / Enablement Manager,Training Director,Mexico,AMER,Webinar,Product,CMP-034,Salesforce Event Follow-up — EMEA 2026-03,Webinar,Organic Search,53,B,true,true,80,Disqualified,,,,false,false,false,Went silent,,1,,,,
LEAD-12530,2025-08-19,Juniper Systems,Procurement / Finance,Head of Vendor Management,India,APAC,Free Course,Product,CMP-028,Certification Season — AMER 2025-11,Free Course,Free Course,88,A,true,true,83,Converted,2025-08-25,2025-08-28,2025-09-10,true,true,true,,,0,,U-004,ACC-1000,OPP-20455
LEAD-12531,2025-05-26,Orbital Energy,Individual Learner,Business Analyst,Singapore,APAC,Outbound Sequence,Outbound,CMP-039,Reports-to-CRMA Migration — EMEA 2026-02,Outbound Sequence,Outbound Sequence,45,C,false,false,0,Working,,,,false,false,false,,2,9,U-022,,,
LEAD-12532,2025-12-26,Harbor Systems,L&D / Enablement Manager,Head of Enablement,United States,AMER,Paid Social,Product,CMP-007,Admin to Analyst Path — EMEA 2025-05,Paid Social,Organic Search,41,C,true,true,83,Working,,,,false,false,false,,,2,,,,
LEAD-12533,2025-10-03,Ember Digital,Analytics Lead,Head of Analytics,Canada,AMER,Organic Search,Product,CMP-012,AI Search Visibility — AMER 2026-07,Organic Search,Organic Search,100,A,true,true,68,Nurture,2025-10-15,,,true,false,false,,,1,,,,
LEAD-12534,2026-02-12,Dovetail Energy,Individual Learner,Data Analyst,Australia,APAC,Paid Search,Inbound Marketing,CMP-002,Reports-to-CRMA Migration — AMER 2025-08,Paid Search,Paid Search,34,C,false,false,0,New,,,,false,false,false,,2,3,U-017,,,
LEAD-12535,2026-03-10,Pallas Pharma,L&D / Enablement Manager,Training Director,Brazil,AMER,Free Course,Product,CMP-024,Team Upskilling Offer — AMER 2025-05,Free Course,Free Course,92,A,true,true,23,Nurture,2026-03-31,,,true,false,false,,,0,,,,
LEAD-12536,2026-09-11,Onyx Health,Salesforce Admin,Salesforce Administrator,Australia,APAC,Free Course,Product,CMP-026,Reports-to-CRMA Migration — AMER 2025-08,Free Course,Free Course,81,A,true,false,94,MQL,2026-09-29,,,true,false,false,,,2,,,,
LEAD-12537,2025-11-21,Wexler Foods,L&D / Enablement Manager,Head of Enablement,Singapore,APAC,Paid Search,Inbound Marketing,CMP-002,Reports-to-CRMA Migration — AMER 2025-08,Paid Search,Paid Search,83,A,false,false,0,SQL,2025-12-11,2025-12-22,,true,true,false,,1,2,U-021,U-012,,
LEAD-12538,2025-11-10,Beacon Digital,Salesforce Admin,Salesforce Administrator,Japan,APAC,Paid Search,Inbound Marketing,CMP-005,Certification Season — AMER 2025-12,Paid Search,Paid Search,59,B,false,false,0,Disqualified,,,,false,false,false,No budget,5,10,U-015,,,
LEAD-12539,2026-07-10,Kestrel Pharma,Procurement / Finance,CFO,Indonesia,APAC,Organic Search,Product,CMP-011,Admin to Analyst Path — LATAM 2025-04,Organic Search,Organic Search,86,A,true,true,16,Working,,,,false,false,false,,,2,,,,
LEAD-12540,2025-08-07,Rivet Retail,Individual Learner,Junior Consultant,Canada,AMER,AI Assistant Referral,Inbound Marketing,CMP-022,Dashboard Makeover Challenge — AMER 2025-10,AI Assistant Referral,AI Assistant Referral,38,C,false,false,0,Disqualified,,,,false,false,false,Wrong geo,1,7,U-022,,,
LEAD-12541,2026-02-12,Wexler Retail,Individual Learner,Career Switcher,Chile,LATAM,Outbound Sequence,Outbound,CMP-037,Team Upskilling Offer — EMEA 2025-04,Outbound Sequence,Outbound Sequence,43,C,true,false,16,SQL,2026-03-02,2026-03-21,,true,true,false,,0,11,U-023,U-012,,
LEAD-12542,2025-10-04,Meridian Works,Salesforce Admin,Platform Owner,United Kingdom,EMEA,Paid Search,Inbound Marketing,CMP-003,Free Course Launch — EMEA 2025-12,Paid Search,Paid Search,72,A,false,false,0,MQL,2025-10-15,,,true,false,false,,1,7,U-017,,,
LEAD-12543,2026-02-12,Rivet Telecom,Analytics Lead,RevOps Manager,Mexico,AMER,Organic Search,Product,CMP-015,Reports-to-CRMA Migration — AMER 2025-11,Organic Search,Webinar,93,A,true,true,91,New,,,,false,false,false,,,1,,,,
LEAD-12544,2025-10-27,Umbra Group,Procurement / Finance,Procurement Manager,Mexico,AMER,Free Course,Product,CMP-024,Team Upskilling Offer — AMER 2025-05,Free Course,Free Course,92,A,true,true,22,Disqualified,,,,false,false,false,Free course is enough,,1,,,,
LEAD-12545,2026-04-06,Onyx Group,L&D / Enablement Manager,Head of Enablement,Mexico,AMER,AI Assistant Referral,Product,CMP-020,Dashboard Makeover Challenge — AMER 2025-12,AI Assistant Referral,Outbound Sequence,79,A,true,true,13,SQL,2026-04-06,2026-04-12,,true,true,false,,,1,,U-005,,
LEAD-12546,2026-06-25,Halcyon Group,Salesforce Admin,Salesforce Administrator,United States,AMER,Salesforce Community,Product,CMP-031,Admin to Analyst Path — EMEA 2026-07,Salesforce Community,Salesforce Community,69,B,true,true,82,Converted,2026-07-06,2026-07-29,2026-08-25,true,true,true,,,2,,U-001,ACC-1133,OPP-20456
LEAD-12547,2026-04-22,Meridian Consulting,Individual Learner,Career Switcher,Canada,AMER,Outbound Sequence,Outbound,CMP-039,Reports-to-CRMA Migration — EMEA 2026-02,Outbound Sequence,Outbound Sequence,25,D,false,false,0,Working,,,,false,false,false,,5,4,U-024,,,
LEAD-12548,2025-09-10,Onyx Capital,Salesforce Admin,Platform Owner,Brazil,AMER,Free Course,Product,CMP-024,Team Upskilling Offer — AMER 2025-05,Free Course,Customer Referral,96,A,true,true,49,Converted,2025-09-24,2025-10-13,2025-11-01,true,true,true,,,1,,U-004,ACC-1064,OPP-20457
LEAD-12549,2025-06-26,North Health,Individual Learner,Business Analyst,Germany,EMEA,Free Course,Product,CMP-023,Dashboard Makeover Challenge — AMER 2025-06,Free Course,Free Course,57,B,true,false,32,Converted,2025-07-01,2025-07-05,2025-07-22,true,true,true,,,2,,U-001,ACC-1050,OPP-20458
LEAD-12550,2025-11-01,Vantage Motors,Analytics Lead,Director of Sales Operations,Brazil,AMER,Customer Referral,Partner / Referral,CMP-045,Einstein Discovery Workshop — AMER 2025-09,Customer Referral,Customer Referral,68,B,true,true,47,SQL,2025-11-02,2025-11-22,,true,true,false,,,1,,U-001,,
LEAD-12551,2025-09-02,Cinder Insurance,L&D / Enablement Manager,People Development Lead,Argentina,LATAM,Outbound Sequence,Outbound,CMP-040,AI Search Visibility — AMER 2026-05,Outbound Sequence,Paid Social,21,D,false,false,0,Disqualified,,,,false,false,false,Student — free course only,2,1,U-019,,,
LEAD-12552,2025-07-16,Foundry Works,Individual Learner,Junior Consultant,Canada,AMER,Outbound Sequence,Outbound,CMP-040,AI Search Visibility — AMER 2026-05,Outbound Sequence,Organic Search,38,C,false,true,0,New,,,,false,false,false,,3,4,U-027,,,
LEAD-12553,2026-04-05,Lattice Consulting,Individual Learner,Business Analyst,Canada,AMER,Outbound Sequence,Outbound,CMP-037,Team Upskilling Offer — EMEA 2025-04,Outbound Sequence,Outbound Sequence,38,C,true,true,78,New,,,,false,false,false,,3,8,U-015,,,
LEAD-12554,2026-01-15,Orbital Foods,L&D / Enablement Manager,Training Director,India,APAC,AI Assistant Referral,Product,CMP-020,Dashboard Makeover Challenge — AMER 2025-12,AI Assistant Referral,AI Assistant Referral,90,A,true,false,40,SQL,2026-01-27,2026-02-02,,true,true,false,,,0,,U-007,,
LEAD-12555,2025-07-31,Foundry Motors,Individual Learner,Business Analyst,Mexico,AMER,Paid Search,Inbound Marketing,CMP-003,Free Course Launch — EMEA 2025-12,Paid Search,Free Course,49,C,false,false,0,Converted,2025-08-12,2025-09-03,2025-09-11,true,true,true,,1,8,U-021,U-007,ACC-1016,OPP-20459
LEAD-12556,2026-05-13,Aster Technologies,Analytics Lead,RevOps Manager,Canada,AMER,Outbound Sequence,Outbound,CMP-038,Certification Season — AMER 2025-04,Outbound Sequence,Outbound Sequence,53,B,false,false,0,Disqualified,,,,false,false,false,Wrong geo,3,6,U-020,,,
LEAD-12557,2026-05-04,Vantage Telecom,Individual Learner,Business Analyst,Canada,AMER,Free Course,Product,CMP-027,Q3 Pipeline Push — APAC 2025-05,Free Course,Free Course,83,A,true,false,7,MQL,2026-05-06,,,true,false,false,,,1,,,,
LEAD-12558,2026-06-15,Vertex Motors,Analytics Lead,Director of Sales Operations,UAE,EMEA,Customer Referral,Partner / Referral,CMP-046,Certification Season — AMER 2026-03,Customer Referral,Paid Social,73,A,false,false,0,SQL,2026-06-24,2026-07-14,,true,true,false,,0,8,U-027,U-008,,
LEAD-12559,2025-10-21,Cobalt Bank,Analytics Lead,Head of Analytics,Brazil,AMER,Outbound Sequence,Outbound,CMP-039,Reports-to-CRMA Migration — EMEA 2026-02,Outbound Sequence,Conference,29,D,false,false,0,Disqualified,,,,false,false,false,Student — free course only,0,5,U-023,,,
LEAD-12560,2025-09-22,Vertex Health,Salesforce Admin,Platform Owner,Indonesia,APAC,AI Assistant Referral,Product,CMP-022,Dashboard Makeover Challenge — AMER 2025-10,AI Assistant Referral,AI Assistant Referral,79,A,true,false,48,SQL,2025-10-06,2025-10-12,,true,true,false,,,0,,U-014,,
LEAD-12561,2026-07-08,Harbor Retail,L&D / Enablement Manager,People Development Lead,Germany,EMEA,Webinar,Inbound Marketing,CMP-033,Admin to Analyst Path — EMEA 2026-07,Webinar,Webinar,78,A,false,false,0,MQL,2026-07-10,,,true,false,false,,1,1,U-024,,,
LEAD-12562,2026-01-01,Quanta Logistics,L&D / Enablement Manager,People Development Lead,Colombia,LATAM,Free Course,Inbound Marketing,CMP-028,Certification Season — AMER 2025-11,Free Course,Free Course,83,A,false,false,0,New,,,,false,false,false,,1,5,U-027,,,
LEAD-12563,2026-07-03,Ember Pharma,Procurement / Finance,Finance Director,United States,AMER,Webinar,Inbound Marketing,CMP-034,Salesforce Event Follow-up — EMEA 2026-03,Webinar,AI Assistant Referral,38,C,false,false,0,Disqualified,,,,false,false,false,Student — free course only,2,10,U-025,,,
LEAD-12564,2026-05-23,Pallas Partners,Salesforce Admin,Salesforce Administrator,Canada,AMER,Free Course,Product,CMP-027,Q3 Pipeline Push — APAC 2025-05,Free Course,Webinar,87,A,true,true,57,Disqualified,,,,false,false,false,Student — free course only,,2,,,,
LEAD-12565,2026-02-19,Beacon Digital,L&D / Enablement Manager,Training Director,Singapore,APAC,Paid Search,Product,CMP-005,Certification Season — AMER 2025-12,Paid Search,Paid Search,88,A,true,false,1,Disqualified,,,,false,false,false,No budget,,2,,,,
LEAD-12566,2026-03-20,Lattice Systems,Salesforce Admin,Platform Owner,Mexico,AMER,Outbound Sequence,Outbound,CMP-038,Certification Season — AMER 2025-04,Outbound Sequence,Salesforce Community,65,B,false,false,0,SQL,2026-03-20,2026-03-21,,true,true,false,,3,5,U-019,U-003,,
LEAD-12567,2025-07-07,Meridian Retail,Analytics Lead,BI Lead,United States,AMER,AI Assistant Referral,Inbound Marketing,CMP-021,SAQL Masterclass — LATAM 2025-09,AI Assistant Referral,AI Assistant Referral,72,A,false,false,0,Working,,,,false,false,false,,3,11,U-016,,,
LEAD-12568,2025-11-12,Rivet Media,Analytics Lead,Head of Analytics,France,EMEA,Outbound Sequence,Outbound,CMP-039,Reports-to-CRMA Migration — EMEA 2026-02,Outbound Sequence,Paid Search,67,B,false,false,0,MQL,2025-12-03,,,true,false,false,,2,4,U-016,,,
LEAD-12569,2026-03-29,Solstice Retail,Analytics Lead,Head of Analytics,Mexico,AMER,Paid Social,Inbound Marketing,CMP-007,Admin to Analyst Path — EMEA 2025-05,Paid Social,Paid Social,21,D,false,false,0,Disqualified,,,,false,false,false,No budget,1,2,U-022,,,
LEAD-12570,2026-03-25,Aster Works,Individual Learner,Business Analyst,Mexico,AMER,Paid Social,Inbound Marketing,CMP-009,Salesforce Event Follow-up — AMER 2026-01,Paid Social,Paid Social,58,B,false,false,0,Converted,2026-04-07,2026-04-28,2026-05-31,true,true,true,,3,9,U-021,U-009,ACC-1019,OPP-20460
LEAD-12571,2025-08-20,Kestrel Capital,Salesforce Admin,CRM Manager,Sweden,EMEA,Outbound Sequence,Outbound,CMP-040,AI Search Visibility — AMER 2026-05,Outbound Sequence,Paid Social,20,D,false,false,0,MQL,2025-09-04,,,true,false,false,,1,5,U-020,,,
LEAD-12572,2026-08-11,Lumen Pharma,Analytics Lead,Head of Analytics,Netherlands,EMEA,Outbound Sequence,Outbound,CMP-041,Reports-to-CRMA Migration — AMER 2025-04,Outbound Sequence,Outbound Sequence,48,C,false,false,0,New,,,,false,false,false,,2,9,U-017,,,
LEAD-12573,2026-09-19,Cobalt Telecom,L&D / Enablement Manager,Head of Enablement,Brazil,AMER,Organic Search,Inbound Marketing,CMP-018,Free Course Launch — AMER 2025-11,Organic Search,Organic Search,81,A,false,false,0,Nurture,2026-10-01,,,true,false,false,,1,11,U-018,,,
LEAD-12574,2026-07-01,Lattice Health,Individual Learner,Junior Consultant,Sweden,EMEA,Paid Social,Inbound Marketing,CMP-010,Certification Season — LATAM 2025-06,Paid Social,Paid Social,15,D,false,false,0,Nurture,2026-07-03,,,true,false,false,,1,10,U-017,,,
LEAD-12575,2026-01-10,Orbital Digital,Analytics Lead,Director of Sales Operations,Japan,APAC,Outbound Sequence,Outbound,CMP-039,Reports-to-CRMA Migration — EMEA 2026-02,Outbound Sequence,Outbound Sequence,55,B,false,false,0,SQL,2026-01-27,2026-02-11,,true,true,false,,1,1,U-026,U-006,,
LEAD-12576,2025-10-06,Vertex Pharma,Salesforce Admin,Salesforce Administrator,UAE,EMEA,SI Partner Referral,Partner / Referral,CMP-043,SAQL Masterclass — APAC 2026-01,SI Partner Referral,SI Partner Referral,46,C,false,false,0,SQL,2025-10-11,2025-11-04,,true,true,false,,3,6,U-026,U-011,,
LEAD-12577,2025-10-14,Vantage Systems,Individual Learner,Career Switcher,United Kingdom,EMEA,Organic Search,Product,CMP-013,Team Upskilling Offer — LATAM 2026-01,Organic Search,Webinar,71,A,true,true,42,Disqualified,,,,false,false,false,Student — free course only,,0,,,,
LEAD-12578,2026-07-27,Beacon Partners,Salesforce Admin,Salesforce Administrator,Singapore,APAC,SI Partner Referral,Partner / Referral,CMP-042,Certification Season — AMER 2025-04,SI Partner Referral,Paid Social,63,B,false,false,0,SQL,2026-08-03,2026-08-04,,true,true,false,,3,4,U-017,U-013,,
LEAD-12579,2025-08-08,Solstice Logistics,Individual Learner,Career Switcher,Canada,AMER,Conference,Inbound Marketing,CMP-036,Einstein Discovery Workshop — AMER 2026-04,Conference,Salesforce Community,34,C,false,false,0,Disqualified,,,,false,false,false,Went silent,2,8,U-027,,,
LEAD-12580,2025-07-31,Zephyr Technologies,Analytics Lead,BI Lead,United Kingdom,EMEA,Conference,Inbound Marketing,CMP-036,Einstein Discovery Workshop — AMER 2026-04,Conference,Conference,66,B,false,false,0,Working,,,,false,false,false,,1,8,U-022,,,
LEAD-12581,2025-05-29,Aster Group,Individual Learner,Data Analyst,Netherlands,EMEA,Salesforce Community,Inbound Marketing,CMP-030,SAQL Masterclass — AMER 2025-08,Salesforce Community,Salesforce Community,37,C,false,false,0,New,,,,false,false,false,,2,10,U-024,,,
LEAD-12582,2026-02-08,Ember Insurance,Individual Learner,Junior Consultant,Germany,EMEA,Paid Search,Inbound Marketing,CMP-002,Reports-to-CRMA Migration — AMER 2025-08,Paid Search,AI Assistant Referral,73,A,false,false,0,Converted,2026-02-12,2026-02-25,2026-03-23,true,true,true,,1,4,U-023,U-009,ACC-1015,OPP-20461
LEAD-12583,2025-05-01,Lattice Systems,Analytics Lead,BI Lead,Brazil,AMER,Salesforce Community,Inbound Marketing,CMP-029,Classroom Batch Push — EMEA 2025-11,Salesforce Community,Salesforce Community,70,A,false,false,0,MQL,2025-05-19,,,true,false,false,,2,5,U-025,,,
LEAD-12584,2026-02-11,Umbra Partners,Salesforce Admin,CRM Manager,Singapore,APAC,Paid Social,Product,CMP-008,Admin to Analyst Path — EMEA 2026-02,Paid Social,Paid Social,58,B,true,true,13,SQL,2026-03-02,2026-03-28,,true,true,false,,,2,,U-004,,
LEAD-12585,2025-10-11,Harbor Bank,Individual Learner,Career Switcher,Australia,APAC,Salesforce Community,Product,CMP-029,Classroom Batch Push — EMEA 2025-11,Salesforce Community,Outbound Sequence,58,B,true,false,23,SQL,2025-10-27,2025-11-12,,true,true,false,,,2,,U-009,,
LEAD-12586,2026-08-19,Meridian Capital,Analytics Lead,Head of Analytics,Germany,EMEA,Paid Search,Inbound Marketing,CMP-005,Certification Season — AMER 2025-12,Paid Search,Paid Search,84,A,false,false,0,SQL,2026-08-19,2026-09-12,,true,true,false,,3,3,U-026,U-013,,
LEAD-12587,2026-07-03,Ember Digital,L&D / Enablement Manager,Training Director,United Kingdom,EMEA,Paid Search,Inbound Marketing,CMP-006,AI Search Visibility — AMER 2026-02,Paid Search,Paid Social,77,A,false,false,0,Disqualified,,,,false,false,false,Free course is enough,1,4,U-023,,,
LEAD-12588,2025-04-07,Quanta Retail,Individual Learner,Junior Consultant,France,EMEA,Salesforce Community,Product,CMP-031,Admin to Analyst Path — EMEA 2026-07,Salesforce Community,Organic Search,64,B,true,false,98,MQL,2025-04-25,,,true,false,false,,,0,,,,
LEAD-12589,2026-05-23,Juniper Telecom,Individual Learner,Career Switcher,Brazil,AMER,Paid Search,Product,CMP-002,Reports-to-CRMA Migration — AMER 2025-08,Paid Search,Paid Search,100,A,true,false,63,Nurture,2026-06-04,,,true,false,false,,,0,,,,
LEAD-12590,2025-10-23,Orbital Energy,Salesforce Admin,CRM Manager,Mexico,AMER,Outbound Sequence,Outbound,CMP-038,Certification Season — AMER 2025-04,Outbound Sequence,Salesforce Community,36,C,false,false,0,MQL,2025-11-08,,,true,false,false,,2,4,U-017,,,
LEAD-12591,2026-02-21,Foundry Care,Salesforce Admin,Salesforce Administrator,Netherlands,EMEA,Outbound Sequence,Outbound,CMP-039,Reports-to-CRMA Migration — EMEA 2026-02,Outbound Sequence,Outbound Sequence,45,C,false,false,0,SQL,2026-03-09,2026-03-23,,true,true,false,,3,1,U-022,U-003,,
LEAD-12592,2025-04-12,Rivet Insurance,Salesforce Admin,Senior Salesforce Admin,Argentina,LATAM,Free Course,Product,CMP-028,Certification Season — AMER 2025-11,Free Course,Free Course,77,A,true,true,83,Converted,2025-04-14,2025-04-18,2025-05-11,true,true,true,,,1,,U-013,ACC-1109,OPP-20462
LEAD-12593,2025-11-01,Tundra Digital,L&D / Enablement Manager,L&D Manager,Argentina,LATAM,AI Assistant Referral,Inbound Marketing,CMP-021,SAQL Masterclass — LATAM 2025-09,AI Assistant Referral,Paid Social,79,A,false,false,0,SQL,2025-11-07,2025-12-03,,true,true,false,,4,11,U-018,U-014,,
LEAD-12594,2025-04-06,Solstice Bank,Individual Learner,Data Analyst,Mexico,AMER,Paid Search,Inbound Marketing,CMP-004,Q3 Pipeline Push — AMER 2025-11,Paid Search,Customer Referral,57,B,false,false,0,MQL,2025-04-25,,,true,false,false,,1,2,U-017,,,
LEAD-12595,2025-06-08,Harbor Retail,Individual Learner,Junior Consultant,Japan,APAC,SI Partner Referral,Partner / Referral,CMP-044,Reports-to-CRMA Migration — AMER 2025-06,SI Partner Referral,SI Partner Referral,46,C,false,false,0,Converted,2025-06-11,2025-06-18,2025-07-14,true,true,true,,2,3,U-027,U-004,ACC-1005,OPP-20463
LEAD-12596,2026-03-06,Halcyon Systems,Salesforce Admin,CRM Manager,France,EMEA,Organic Search,Inbound Marketing,CMP-012,AI Search Visibility — AMER 2026-07,Organic Search,SI Partner Referral,47,C,false,false,0,Converted,2026-03-16,2026-03-17,2026-03-24,true,true,true,,1,5,U-023,U-010,ACC-1084,OPP-20464
LEAD-12597,2026-03-27,Cobalt Pharma,Salesforce Admin,Salesforce Administrator,United States,AMER,Organic Search,Product,CMP-016,Dashboard Makeover Challenge — AMER 2026-04,Organic Search,Organic Search,46,C,true,true,14,MQL,2026-03-30,,,true,false,false,,,1,,,,
LEAD-12598,2025-04-01,Onyx Pharma,Individual Learner,Junior Consultant,France,EMEA,Outbound Sequence,Outbound,CMP-039,Reports-to-CRMA Migration — EMEA 2026-02,Outbound Sequence,Webinar,15,D,false,false,0,New,,,,false,false,false,,5,8,U-020,,,
LEAD-12599,2026-05-10,Umbra Retail,Procurement / Finance,Finance Director,France,EMEA,Outbound Sequence,Outbound,CMP-041,Reports-to-CRMA Migration — AMER 2025-04,Outbound Sequence,AI Assistant Referral,68,B,false,false,0,SQL,2026-05-26,2026-05-28,,true,true,false,,1,8,U-022,U-012,,
LEAD-12600,2026-03-30,Dovetail Motors,Individual Learner,Junior Consultant,Sweden,EMEA,Organic Search,Product,CMP-012,AI Search Visibility — AMER 2026-07,Organic Search,Outbound Sequence,77,A,true,true,98,Nurture,2026-03-31,,,true,false,false,,,0,,,,
LEAD-12601,2025-10-18,Halcyon Media,Salesforce Admin,Salesforce Administrator,Argentina,LATAM,Paid Search,Inbound Marketing,CMP-001,Salesforce Event Follow-up — AMER 2026-02,Paid Search,Paid Search,73,A,false,false,0,SQL,2025-10-30,2025-11-05,,true,true,false,,1,9,U-019,U-009,,
LEAD-12602,2025-05-04,Tundra Systems,Individual Learner,Data Analyst,Brazil,AMER,Free Course,Product,CMP-025,Certification Season — EMEA 2025-09,Free Course,Free Course,85,A,true,true,31,SQL,2025-05-16,2025-06-03,,true,true,false,,,0,,U-010,,
LEAD-12603,2025-04-23,Sable Logistics,Individual Learner,Business Analyst,Germany,EMEA,Organic Search,Product,CMP-018,Free Course Launch — AMER 2025-11,Organic Search,Organic Search,79,A,true,true,33,New,,,,false,false,false,,,1,,,,
LEAD-12604,2025-07-02,Vantage Energy,Procurement / Finance,Head of Vendor Management,Canada,AMER,AI Assistant Referral,Product,CMP-020,Dashboard Makeover Challenge — AMER 2025-12,AI Assistant Referral,AI Assistant Referral,76,A,true,false,63,Converted,2025-07-17,2025-08-10,2025-08-12,true,true,true,,,0,,U-004,ACC-1066,OPP-20465
LEAD-12605,2026-06-16,Beacon Motors,Individual Learner,Junior Consultant,United Kingdom,EMEA,AI Assistant Referral,Inbound Marketing,CMP-019,Reports-to-CRMA Migration — APAC 2026-02,AI Assistant Referral,AI Assistant Referral,38,C,false,false,0,New,,,,false,false,false,,0,7,U-020,,,
LEAD-12606,2025-08-03,Onyx Media,Salesforce Admin,CRM Manager,United States,AMER,Conference,Inbound Marketing,CMP-035,Dashboard Makeover Challenge — EMEA 2026-05,Conference,Conference,54,B,false,false,0,Converted,2025-08-03,2025-08-24,2025-09-14,true,true,true,,3,3,U-017,U-011,ACC-1112,OPP-20466
LEAD-12607,2026-01-06,Lattice Care,L&D / Enablement Manager,Training Director,Canada,AMER,Free Course,Product,CMP-026,Reports-to-CRMA Migration — AMER 2025-08,Free Course,Free Course,95,A,true,false,37,Converted,2026-01-08,2026-01-15,2026-02-10,true,true,true,,,1,,U-013,ACC-1048,OPP-20467
LEAD-12608,2025-10-13,Lumen Care,Individual Learner,Career Switcher,Mexico,AMER,Free Course,Product,CMP-023,Dashboard Makeover Challenge — AMER 2025-06,Free Course,Free Course,49,C,true,true,55,Working,,,,false,false,false,,,0,,,,
LEAD-12609,2025-07-25,Solstice Foods,Individual Learner,Junior Consultant,Indonesia,APAC,Paid Search,Product,CMP-001,Salesforce Event Follow-up — AMER 2026-02,Paid Search,Paid Search,73,A,true,false,68,SQL,2025-07-29,2025-08-19,,true,true,false,,,1,,U-005,,
LEAD-12610,2025-05-25,Solstice Digital,Individual Learner,Junior Consultant,France,EMEA,AI Assistant Referral,Inbound Marketing,CMP-022,Dashboard Makeover Challenge — AMER 2025-10,AI Assistant Referral,AI Assistant Referral,61,B,false,false,0,MQL,2025-05-29,,,true,false,false,,3,10,U-025,,,
LEAD-12611,2025-09-25,Cobalt Motors,Individual Learner,Data Analyst,United Kingdom,EMEA,Webinar,Inbound Marketing,CMP-033,Admin to Analyst Path — EMEA 2026-07,Webinar,Webinar,46,C,false,false,0,New,,,,false,false,false,,2,2,U-022,,,
LEAD-12612,2026-08-15,Orbital Telecom,Individual Learner,Business Analyst,Brazil,AMER,Paid Search,Inbound Marketing,CMP-003,Free Course Launch — EMEA 2025-12,Paid Search,Paid Search,68,B,false,false,0,Disqualified,,,,false,false,false,Competitor,3,7,U-026,,,
LEAD-12613,2025-09-23,Aster Telecom,Individual Learner,Data Analyst,Sweden,EMEA,Salesforce Community,Inbound Marketing,CMP-031,Admin to Analyst Path — EMEA 2026-07,Salesforce Community,Salesforce Community,48,C,false,false,0,SQL,2025-09-28,2025-10-17,,true,true,false,,1,8,U-020,U-008,,
LEAD-12614,2025-09-24,Tundra Partners,Procurement / Finance,Procurement Manager,Chile,LATAM,Salesforce Community,Inbound Marketing,CMP-029,Classroom Batch Push — EMEA 2025-11,Salesforce Community,Salesforce Community,61,B,false,false,0,Disqualified,,,,false,false,false,Duplicate,2,5,U-025,,,
LEAD-12615,2025-08-16,Cobalt Retail,Procurement / Finance,Head of Vendor Management,France,EMEA,Outbound Sequence,Outbound,CMP-039,Reports-to-CRMA Migration — EMEA 2026-02,Outbound Sequence,Outbound Sequence,69,B,false,false,0,MQL,2025-08-27,,,true,false,false,,1,1,U-027,,,
LEAD-12616,2025-09-16,Dovetail Health,Individual Learner,Data Analyst,Singapore,APAC,Customer Referral,Partner / Referral,CMP-046,Certification Season — AMER 2026-03,Customer Referral,Customer Referral,64,B,true,true,16,MQL,2025-09-21,,,true,false,false,,,2,,,,
LEAD-12617,2026-08-15,Tundra Capital,Individual Learner,Business Analyst,United States,AMER,Webinar,Inbound Marketing,CMP-033,Admin to Analyst Path — EMEA 2026-07,Webinar,Webinar,64,B,false,false,0,Converted,2026-08-26,2026-09-06,2026-09-30,true,true,true,,2,9,U-019,U-011,ACC-1104,OPP-20468
LEAD-12618,2025-12-15,North Pharma,Salesforce Admin,Platform Owner,Chile,LATAM,Outbound Sequence,Outbound,CMP-038,Certification Season — AMER 2025-04,Outbound Sequence,Outbound Sequence,42,C,false,false,0,Converted,2025-12-31,2026-01-17,2026-01-28,true,true,true,,2,6,U-017,U-014,ACC-1086,OPP-20469
LEAD-12619,2026-09-11,Vantage Capital,Analytics Lead,RevOps Manager,UAE,EMEA,Paid Search,Inbound Marketing,CMP-006,AI Search Visibility — AMER 2026-02,Paid Search,Paid Search,51,B,false,false,0,Disqualified,,,,false,false,false,Duplicate,2,7,U-026,,,
LEAD-12620,2025-07-24,Beacon Technologies,Individual Learner,Career Switcher,Germany,EMEA,Conference,Inbound Marketing,CMP-036,Einstein Discovery Workshop — AMER 2026-04,Conference,Organic Search,47,C,false,false,0,New,,,,false,false,false,,2,5,U-015,,,
LEAD-12621,2025-07-13,Dovetail Insurance,Analytics Lead,Director of Sales Operations,United States,AMER,AI Assistant Referral,Inbound Marketing,CMP-022,Dashboard Makeover Challenge — AMER 2025-10,AI Assistant Referral,Paid Search,59,B,false,false,0,Converted,2025-07-13,2025-07-25,2025-08-28,true,true,true,,2,2,U-027,U-014,ACC-1083,OPP-20470
LEAD-12622,2025-06-06,Kestrel Capital,Analytics Lead,RevOps Manager,Mexico,AMER,Paid Social,Inbound Marketing,CMP-010,Certification Season — LATAM 2025-06,Paid Social,Paid Social,57,B,false,false,0,Converted,2025-06-19,2025-07-12,2025-07-28,true,true,true,,5,1,U-017,U-013,ACC-1060,OPP-20471
LEAD-12623,2025-12-01,Quanta Digital,Individual Learner,Data Analyst,Sweden,EMEA,Customer Referral,Partner / Referral,CMP-045,Einstein Discovery Workshop — AMER 2025-09,Customer Referral,Customer Referral,55,B,false,false,0,New,,,,false,false,false,,0,11,U-015,,,
LEAD-12624,2026-01-20,Onyx Works,Individual Learner,Junior Consultant,Germany,EMEA,Paid Social,Inbound Marketing,CMP-008,Admin to Analyst Path — EMEA 2026-02,Paid Social,SI Partner Referral,17,D,false,false,0,MQL,2026-02-06,,,true,false,false,,3,4,U-026,,,
LEAD-12625,2026-01-31,Orbital Telecom,Salesforce Admin,Salesforce Administrator,Canada,AMER,Paid Social,Product,CMP-009,Salesforce Event Follow-up — AMER 2026-01,Paid Social,Salesforce Community,54,B,true,true,50,SQL,2026-02-11,2026-03-08,,true,true,false,,,0,,U-001,,
LEAD-12626,2026-06-11,Cobalt Media,Individual Learner,Data Analyst,Spain,EMEA,Organic Search,Inbound Marketing,CMP-011,Admin to Analyst Path — LATAM 2025-04,Organic Search,Organic Search,49,C,false,false,0,SQL,2026-06-15,2026-06-19,,true,true,false,,3,2,U-017,U-013,,
LEAD-12627,2026-06-12,Ember Telecom,Salesforce Admin,Senior Salesforce Admin,Canada,AMER,Free Course,Product,CMP-028,Certification Season — AMER 2025-11,Free Course,Free Course,64,B,true,true,43,SQL,2026-06-23,2026-07-08,,true,true,false,,,0,,U-012,,
LEAD-12628,2026-03-08,Beacon Pharma,Analytics Lead,BI Lead,Netherlands,EMEA,Free Course,Product,CMP-026,Reports-to-CRMA Migration — AMER 2025-08,Free Course,Paid Search,86,A,true,true,89,Nurture,2026-03-25,,,true,false,false,,,2,,,,
LEAD-12629,2026-01-16,Beacon Systems,Analytics Lead,Head of Analytics,Mexico,AMER,AI Assistant Referral,Product,CMP-022,Dashboard Makeover Challenge — AMER 2025-10,AI Assistant Referral,Webinar,100,A,true,true,1,Converted,2026-01-27,2026-02-21,2026-03-18,true,true,true,,,1,,U-006,ACC-1014,OPP-20472
LEAD-12630,2026-06-01,Umbra Group,Individual Learner,Career Switcher,Canada,AMER,Salesforce Community,Product,CMP-030,SAQL Masterclass — AMER 2025-08,Salesforce Community,Paid Social,50,B,true,true,80,Disqualified,,,,false,false,false,Student — free course only,,0,,,,
LEAD-12631,2026-03-14,Halcyon Energy,Individual Learner,Data Analyst,Brazil,AMER,Free Course,Product,CMP-027,Q3 Pipeline Push — APAC 2025-05,Free Course,Paid Search,57,B,true,true,67,MQL,2026-03-29,,,true,false,false,,,1,,,,
LEAD-12632,2026-04-02,Vertex Retail,Individual Learner,Junior Consultant,India,APAC,Paid Search,Inbound Marketing,CMP-004,Q3 Pipeline Push — AMER 2025-11,Paid Search,Conference,46,C,false,false,0,SQL,2026-04-06,2026-04-25,,true,true,false,,1,9,U-024,U-004,,
LEAD-12633,2026-07-16,North Group,Individual Learner,Career Switcher,Japan,APAC,Free Course,Product,CMP-027,Q3 Pipeline Push — APAC 2025-05,Free Course,Free Course,49,C,true,true,62,New,,,,false,false,false,,,2,,,,
LEAD-12634,2025-06-01,Juniper Foods,L&D / Enablement Manager,L&D Manager,United States,AMER,Organic Search,Product,CMP-013,Team Upskilling Offer — LATAM 2026-01,Organic Search,SI Partner Referral,92,A,true,false,75,MQL,2025-06-07,,,true,false,false,,,1,,,,
LEAD-12635,2025-11-03,Beacon Care,Individual Learner,Junior Consultant,Brazil,AMER,AI Assistant Referral,Product,CMP-019,Reports-to-CRMA Migration — APAC 2026-02,AI Assistant Referral,AI Assistant Referral,31,C,true,false,30,SQL,2025-11-18,2025-12-09,,true,true,false,,,0,,U-002,,
LEAD-12636,2025-06-26,Quanta Works,Individual Learner,Business Analyst,Brazil,AMER,Paid Social,Product,CMP-008,Admin to Analyst Path — EMEA 2026-02,Paid Social,Outbound Sequence,25,D,true,false,39,Working,,,,false,false,false,,,2,,,,
LEAD-12637,2026-03-16,Juniper Foods,Analytics Lead,Head of Analytics,Japan,APAC,Paid Social,Inbound Marketing,CMP-007,Admin to Analyst Path — EMEA 2025-05,Paid Social,AI Assistant Referral,43,C,false,false,0,Nurture,2026-03-29,,,true,false,false,,1,9,U-025,,,
LEAD-12638,2025-12-15,Umbra Bank,Individual Learner,Junior Consultant,India,APAC,Webinar,Product,CMP-032,Salesforce Event Follow-up — AMER 2025-12,Webinar,SI Partner Referral,48,C,true,false,49,MQL,2026-01-04,,,true,false,false,,,1,,,,
LEAD-12639,2026-02-16,Onyx Consulting,Individual Learner,Career Switcher,Argentina,LATAM,Webinar,Product,CMP-034,Salesforce Event Follow-up — EMEA 2026-03,Webinar,Webinar,65,B,true,false,23,New,,,,false,false,false,,,0,,,,
LEAD-12640,2025-04-20,North Media,Analytics Lead,Director of Sales Operations,United States,AMER,Paid Social,Inbound Marketing,CMP-007,Admin to Analyst Path — EMEA 2025-05,Paid Social,Paid Social,47,C,false,false,0,SQL,2025-05-08,2025-05-09,,true,true,false,,4,3,U-027,U-004,,
LEAD-12641,2026-02-03,Zephyr Media,Analytics Lead,Director of Sales Operations,Brazil,AMER,Free Course,Inbound Marketing,CMP-027,Q3 Pipeline Push — APAC 2025-05,Free Course,Free Course,73,A,false,false,0,MQL,2026-02-10,,,true,false,false,,4,6,U-026,,,
LEAD-12642,2025-06-12,Halcyon Group,Procurement / Finance,Procurement Manager,Canada,AMER,Salesforce Community,Inbound Marketing,CMP-031,Admin to Analyst Path — EMEA 2026-07,Salesforce Community,Paid Search,48,C,false,true,0,MQL,2025-06-25,,,true,false,false,,2,5,U-016,,,
LEAD-12643,2026-04-08,Lumen Logistics,Salesforce Admin,Platform Owner,Australia,APAC,SI Partner Referral,Partner / Referral,CMP-042,Certification Season — AMER 2025-04,SI Partner Referral,SI Partner Referral,78,A,false,false,0,MQL,2026-04-26,,,true,false,false,,4,5,U-018,,,
LEAD-12644,2026-03-03,Aster Media,Salesforce Admin,Senior Salesforce Admin,France,EMEA,Outbound Sequence,Outbound,CMP-041,Reports-to-CRMA Migration — AMER 2025-04,Outbound Sequence,Outbound Sequence,42,C,false,false,0,New,,,,false,false,false,,3,6,U-023,,,
LEAD-12645,2026-05-19,Meridian Consulting,Individual Learner,Business Analyst,Mexico,AMER,Outbound Sequence,Outbound,CMP-041,Reports-to-CRMA Migration — AMER 2025-04,Outbound Sequence,Outbound Sequence,31,C,false,false,0,Disqualified,,,,false,false,false,Competitor,1,3,U-018,,,
LEAD-12646,2025-07-16,Juniper Pharma,Individual Learner,Junior Consultant,Indonesia,APAC,Salesforce Community,Product,CMP-029,Classroom Batch Push — EMEA 2025-11,Salesforce Community,Customer Referral,50,B,true,true,6,Disqualified,,,,false,false,false,Duplicate,,0,,,,
LEAD-12647,2026-03-19,Foundry Care,Individual Learner,Business Analyst,France,EMEA,Outbound Sequence,Outbound,CMP-038,Certification Season — AMER 2025-04,Outbound Sequence,Outbound Sequence,35,C,false,false,0,Disqualified,,,,false,false,false,Wrong geo,1,6,U-017,,,
LEAD-12648,2025-06-23,Pallas Telecom,Analytics Lead,Director of Sales Operations,Mexico,AMER,Organic Search,Inbound Marketing,CMP-018,Free Course Launch — AMER 2025-11,Organic Search,SI Partner Referral,58,B,false,false,0,Working,,,,false,false,false,,1,11,U-023,,,
LEAD-12649,2026-02-27,Juniper Capital,Individual Learner,Data Analyst,Spain,EMEA,Organic Search,Inbound Marketing,CMP-015,Reports-to-CRMA Migration — AMER 2025-11,Organic Search,Organic Search,40,C,false,true,0,Disqualified,,,,false,false,false,Competitor,0,3,U-019,,,
LEAD-12650,2025-04-03,Beacon Systems,Analytics Lead,BI Lead,Australia,APAC,Outbound Sequence,Outbound,CMP-038,Certification Season — AMER 2025-04,Outbound Sequence,Organic Search,63,B,false,false,0,MQL,2025-04-18,,,true,false,false,,2,4,U-024,,,
LEAD-12651,2025-09-28,Onyx Care,L&D / Enablement Manager,L&D Manager,Germany,EMEA,Conference,Inbound Marketing,CMP-035,Dashboard Makeover Challenge — EMEA 2026-05,Conference,Conference,58,B,false,false,0,Converted,2025-09-28,2025-10-06,2025-10-17,true,true,true,,3,11,U-015,U-004,ACC-1113,OPP-20473
LEAD-12652,2026-04-08,Zephyr Retail,Individual Learner,Data Analyst,Australia,APAC,Paid Search,Inbound Marketing,CMP-004,Q3 Pipeline Push — AMER 2025-11,Paid Search,Paid Search,44,C,false,false,0,Converted,2026-04-16,2026-04-24,2026-05-24,true,true,true,,2,3,U-023,U-007,ACC-1083,OPP-20474
LEAD-12653,2026-02-12,Cinder Media,Individual Learner,Business Analyst,India,APAC,Paid Search,Product,CMP-003,Free Course Launch — EMEA 2025-12,Paid Search,Customer Referral,72,A,true,true,21,Converted,2026-02-21,2026-03-17,2026-03-23,true,true,true,,,2,,U-003,ACC-1094,OPP-20475
LEAD-12654,2026-08-17,Solstice Retail,Procurement / Finance,Head of Vendor Management,United Kingdom,EMEA,AI Assistant Referral,Product,CMP-022,Dashboard Makeover Challenge — AMER 2025-10,AI Assistant Referral,Outbound Sequence,100,A,true,false,82,Working,,,,false,false,false,,,2,,,,
LEAD-12655,2025-07-02,Cinder Capital,Individual Learner,Junior Consultant,Sweden,EMEA,Outbound Sequence,Outbound,CMP-037,Team Upskilling Offer — EMEA 2025-04,Outbound Sequence,Outbound Sequence,14,D,false,false,0,New,,,,false,false,false,,5,10,U-015,,,
LEAD-12656,2025-10-07,Vantage Bank,Individual Learner,Junior Consultant,Singapore,APAC,Webinar,Inbound Marketing,CMP-032,Salesforce Event Follow-up — AMER 2025-12,Webinar,Organic Search,24,D,false,false,0,Disqualified,,,,false,false,false,Competitor,4,1,U-027,,,
LEAD-12657,2026-03-23,Wexler Technologies,L&D / Enablement Manager,People Development Lead,United Kingdom,EMEA,Paid Search,Product,CMP-004,Q3 Pipeline Push — AMER 2025-11,Paid Search,Paid Search,93,A,true,true,25,Nurture,2026-04-11,,,true,false,false,,,2,,,,
LEAD-12658,2026-08-31,Lattice Consulting,L&D / Enablement Manager,Training Director,United States,AMER,Organic Search,Inbound Marketing,CMP-015,Reports-to-CRMA Migration — AMER 2025-11,Organic Search,Organic Search,94,A,false,false,0,MQL,2026-09-07,,,true,false,false,,1,6,U-019,,,
LEAD-12659,2025-11-09,Juniper Capital,L&D / Enablement Manager,Head of Enablement,Spain,EMEA,SI Partner Referral,Partner / Referral,CMP-044,Reports-to-CRMA Migration — AMER 2025-06,SI Partner Referral,SI Partner Referral,66,B,false,false,0,Nurture,2025-11-27,,,true,false,false,,0,7,U-023,,,
LEAD-12660,2025-10-07,Dovetail Capital,Procurement / Finance,CFO,Netherlands,EMEA,Organic Search,Product,CMP-011,Admin to Analyst Path — LATAM 2025-04,Organic Search,Organic Search,100,A,true,false,79,Converted,2025-10-14,2025-10-30,2025-11-21,true,true,true,,,0,,U-010,ACC-1137,OPP-20476
LEAD-12661,2025-12-17,Lattice Energy,Individual Learner,Business Analyst,UAE,EMEA,Paid Social,Inbound Marketing,CMP-009,Salesforce Event Follow-up — AMER 2026-01,Paid Social,Customer Referral,23,D,false,false,0,New,,,,false,false,false,,2,8,U-026,,,
LEAD-12662,2026-02-06,Cinder Health,Individual Learner,Business Analyst,Canada,AMER,Webinar,Inbound Marketing,CMP-034,Salesforce Event Follow-up — EMEA 2026-03,Webinar,SI Partner Referral,28,D,false,false,0,MQL,2026-02-18,,,true,false,false,,4,6,U-024,,,
LEAD-12663,2025-05-31,Umbra Technologies,Individual Learner,Junior Consultant,Brazil,AMER,Paid Search,Product,CMP-004,Q3 Pipeline Push — AMER 2025-11,Paid Search,Customer Referral,56,B,true,true,81,MQL,2025-06-20,,,true,false,false,,,1,,,,
LEAD-12664,2026-08-22,Vertex Digital,Procurement / Finance,Procurement Manager,Singapore,APAC,Customer Referral,Partner / Referral,CMP-045,Einstein Discovery Workshop — AMER 2025-09,Customer Referral,Customer Referral,85,A,false,false,0,Converted,2026-09-01,2026-09-08,2026-09-27,true,true,true,,1,5,U-019,U-004,ACC-1093,OPP-20477
LEAD-12665,2026-08-22,Lattice Telecom,Individual Learner,Career Switcher,Mexico,AMER,SI Partner Referral,Partner / Referral,CMP-044,Reports-to-CRMA Migration — AMER 2025-06,SI Partner Referral,SI Partner Referral,54,B,false,false,0,Working,,,,false,false,false,,2,11,U-015,,,
LEAD-12666,2025-10-12,Rivet Group,Individual Learner,Data Analyst,Mexico,AMER,Organic Search,Inbound Marketing,CMP-015,Reports-to-CRMA Migration — AMER 2025-11,Organic Search,Webinar,48,C,false,false,0,Converted,2025-10-15,2025-10-23,2025-11-25,true,true,true,,4,5,U-021,U-006,ACC-1126,OPP-20478
LEAD-12667,2026-07-10,Zephyr Technologies,Salesforce Admin,Salesforce Administrator,United Kingdom,EMEA,Organic Search,Product,CMP-017,SAQL Masterclass — AMER 2026-05,Organic Search,Webinar,80,A,true,false,37,Nurture,2026-07-13,,,true,false,false,,,2,,,,
LEAD-12668,2026-04-20,Wexler Partners,Individual Learner,Junior Consultant,Mexico,AMER,Outbound Sequence,Outbound,CMP-040,AI Search Visibility — AMER 2026-05,Outbound Sequence,Webinar,37,C,false,false,0,Disqualified,,,,false,false,false,Free course is enough,2,7,U-016,,,
LEAD-12669,2026-08-12,Umbra Energy,Individual Learner,Junior Consultant,Indonesia,APAC,Free Course,Inbound Marketing,CMP-026,Reports-to-CRMA Migration — AMER 2025-08,Free Course,Webinar,30,C,false,false,0,New,,,,false,false,false,,1,8,U-021,,,
LEAD-12670,2026-02-08,Ember Works,Individual Learner,Career Switcher,Netherlands,EMEA,Free Course,Product,CMP-027,Q3 Pipeline Push — APAC 2025-05,Free Course,Free Course,59,B,true,true,39,MQL,2026-02-26,,,true,false,false,,,0,,,,
LEAD-12671,2026-08-16,Kestrel Health,Individual Learner,Junior Consultant,Canada,AMER,Outbound Sequence,Outbound,CMP-037,Team Upskilling Offer — EMEA 2025-04,Outbound Sequence,Paid Social,21,D,false,false,0,Working,,,,false,false,false,,1,5,U-019,,,
LEAD-12672,2025-04-11,Vertex Logistics,Individual Learner,Business Analyst,Indonesia,APAC,Paid Social,Product,CMP-007,Admin to Analyst Path — EMEA 2025-05,Paid Social,Paid Social,45,C,true,true,35,Nurture,2025-04-17,,,true,false,false,,,0,,,,
LEAD-12673,2026-07-23,Aster Motors,Analytics Lead,BI Lead,Germany,EMEA,AI Assistant Referral,Product,CMP-021,SAQL Masterclass — LATAM 2025-09,AI Assistant Referral,AI Assistant Referral,82,A,true,false,79,SQL,2026-08-11,2026-09-05,,true,true,false,,,0,,U-006,,
LEAD-12674,2025-07-17,Dovetail Works,Salesforce Admin,Salesforce Administrator,Mexico,AMER,Conference,Inbound Marketing,CMP-036,Einstein Discovery Workshop — AMER 2026-04,Conference,Conference,69,B,false,false,0,Converted,2025-07-29,2025-08-09,2025-08-31,true,true,true,,2,8,U-023,U-008,ACC-1036,OPP-20479
LEAD-12675,2026-07-26,Beacon Retail,Procurement / Finance,Head of Vendor Management,Mexico,AMER,Organic Search,Inbound Marketing,CMP-013,Team Upskilling Offer — LATAM 2026-01,Organic Search,Organic Search,64,B,false,false,0,Disqualified,,,,false,false,false,Went silent,1,7,U-018,,,
LEAD-12676,2025-12-01,Zephyr Motors,L&D / Enablement Manager,People Development Lead,France,EMEA,Free Course,Product,CMP-023,Dashboard Makeover Challenge — AMER 2025-06,Free Course,Free Course,90,A,true,true,99,SQL,2025-12-14,2025-12-16,,true,true,false,,,2,,U-002,,
LEAD-12677,2025-05-16,Dovetail Health,Individual Learner,Business Analyst,Sweden,EMEA,Salesforce Community,Inbound Marketing,CMP-031,Admin to Analyst Path — EMEA 2026-07,Salesforce Community,Salesforce Community,30,C,false,false,0,New,,,,false,false,false,,2,3,U-021,,,
LEAD-12678,2026-04-16,Foundry Foods,Individual Learner,Business Analyst,India,APAC,Free Course,Product,CMP-023,Dashboard Makeover Challenge — AMER 2025-06,Free Course,Free Course,56,B,true,false,28,MQL,2026-04-28,,,true,false,false,,,2,,,,
LEAD-12679,2025-12-31,Umbra Logistics,Procurement / Finance,Head of Vendor Management,Brazil,AMER,Free Course,Product,CMP-025,Certification Season — EMEA 2025-09,Free Course,Free Course,92,A,true,true,62,MQL,2026-01-02,,,true,false,false,,,0,,,,
LEAD-12680,2026-06-28,Cinder Works,Salesforce Admin,Senior Salesforce Admin,Mexico,AMER,Free Course,Inbound Marketing,CMP-027,Q3 Pipeline Push — APAC 2025-05,Free Course,Free Course,70,A,false,false,0,MQL,2026-06-29,,,true,false,false,,0,10,U-026,,,
LEAD-12681,2025-10-21,Vertex Telecom,Procurement / Finance,Head of Vendor Management,Indonesia,APAC,AI Assistant Referral,Inbound Marketing,CMP-019,Reports-to-CRMA Migration — APAC 2026-02,AI Assistant Referral,AI Assistant Referral,76,A,false,false,0,SQL,2025-11-11,2025-11-17,,true,true,false,,3,6,U-019,U-008,,
LEAD-12682,2025-12-13,Vertex Group,Individual Learner,Career Switcher,Mexico,AMER,Paid Search,Inbound Marketing,CMP-004,Q3 Pipeline Push — AMER 2025-11,Paid Search,Paid Search,43,C,false,false,0,Nurture,2025-12-23,,,true,false,false,,1,9,U-024,,,
LEAD-12683,2026-09-02,Tundra Bank,Salesforce Admin,Senior Salesforce Admin,Canada,AMER,Webinar,Inbound Marketing,CMP-032,Salesforce Event Follow-up — AMER 2025-12,Webinar,Webinar,68,B,false,false,0,Converted,2026-09-04,2026-09-09,2026-09-13,true,true,true,,1,2,U-021,U-014,ACC-1134,OPP-20480
LEAD-12684,2025-04-20,Meridian Technologies,Salesforce Admin,Senior Salesforce Admin,Canada,AMER,Conference,Inbound Marketing,CMP-036,Einstein Discovery Workshop — AMER 2026-04,Conference,Salesforce Community,24,D,false,false,0,Working,,,,false,false,false,,4,7,U-024,,,
LEAD-12685,2025-10-29,Kestrel Systems,Individual Learner,Career Switcher,Brazil,AMER,Paid Search,Inbound Marketing,CMP-005,Certification Season — AMER 2025-12,Paid Search,Paid Search,59,B,false,false,0,SQL,2025-11-18,2025-12-06,,true,true,false,,4,2,U-026,U-013,,
LEAD-12686,2025-11-24,North Media,Individual Learner,Business Analyst,United States,AMER,Free Course,Product,CMP-023,Dashboard Makeover Challenge — AMER 2025-06,Free Course,Free Course,61,B,true,true,15,Converted,2025-12-02,2025-12-04,2025-12-08,true,true,true,,,1,,U-006,ACC-1084,OPP-20481
LEAD-12687,2025-07-03,Wexler Retail,L&D / Enablement Manager,People Development Lead,Mexico,AMER,Salesforce Community,Product,CMP-030,SAQL Masterclass — AMER 2025-08,Salesforce Community,Paid Social,96,A,true,true,52,SQL,2025-07-18,2025-08-02,,true,true,false,,,0,,U-014,,
LEAD-12688,2025-04-09,Harbor Pharma,Analytics Lead,Director of Sales Operations,Sweden,EMEA,Customer Referral,Partner / Referral,CMP-046,Certification Season — AMER 2026-03,Customer Referral,Conference,86,A,true,false,17,Working,,,,false,false,false,,,1,,,,
LEAD-12689,2025-11-03,Quanta Technologies,Individual Learner,Data Analyst,Chile,LATAM,Paid Search,Inbound Marketing,CMP-006,AI Search Visibility — AMER 2026-02,Paid Search,Paid Search,49,C,false,false,0,New,,,,false,false,false,,0,8,U-025,,,
LEAD-12690,2026-09-11,Sable Group,Salesforce Admin,Senior Salesforce Admin,France,EMEA,Salesforce Community,Product,CMP-029,Classroom Batch Push — EMEA 2025-11,Salesforce Community,Salesforce Community,78,A,true,false,38,MQL,2026-09-18,,,true,false,false,,,2,,,,
LEAD-12691,2026-05-24,Tundra Foods,L&D / Enablement Manager,People Development Lead,Sweden,EMEA,AI Assistant Referral,Inbound Marketing,CMP-022,Dashboard Makeover Challenge — AMER 2025-10,AI Assistant Referral,AI Assistant Referral,91,A,false,false,0,MQL,2026-06-14,,,true,false,false,,4,7,U-018,,,
LEAD-12692,2025-09-23,Beacon Insurance,L&D / Enablement Manager,Head of Enablement,Sweden,EMEA,Paid Social,Product,CMP-008,Admin to Analyst Path — EMEA 2026-02,Paid Social,Paid Search,80,A,true,true,48,Converted,2025-10-12,2025-10-29,2025-11-10,true,true,true,,,0,,U-013,ACC-1074,OPP-20482
LEAD-12693,2025-12-12,Orbital Care,Analytics Lead,BI Lead,Mexico,AMER,Customer Referral,Partner / Referral,CMP-046,Certification Season — AMER 2026-03,Customer Referral,Customer Referral,67,B,false,false,0,SQL,2025-12-31,2026-01-20,,true,true,false,,1,11,U-027,U-003,,
LEAD-12694,2025-07-13,Dovetail Foods,Individual Learner,Junior Consultant,France,EMEA,Organic Search,Product,CMP-012,AI Search Visibility — AMER 2026-07,Organic Search,AI Assistant Referral,61,B,true,true,43,Nurture,2025-07-26,,,true,false,false,,,0,,,,
LEAD-12695,2025-11-01,Harbor Health,Individual Learner,Career Switcher,Mexico,AMER,Organic Search,Inbound Marketing,CMP-012,AI Search Visibility — AMER 2026-07,Organic Search,Organic Search,60,B,false,false,0,MQL,2025-11-04,,,true,false,false,,0,11,U-022,,,
LEAD-12696,2026-05-30,Lattice Care,Analytics Lead,RevOps Manager,Sweden,EMEA,Paid Social,Product,CMP-009,Salesforce Event Follow-up — AMER 2026-01,Paid Social,Paid Social,62,B,true,true,21,MQL,2026-06-10,,,true,false,false,,,0,,,,
LEAD-12697,2025-06-29,Solstice Logistics,Salesforce Admin,Senior Salesforce Admin,Mexico,AMER,AI Assistant Referral,Product,CMP-020,Dashboard Makeover Challenge — AMER 2025-12,AI Assistant Referral,AI Assistant Referral,98,A,true,false,35,New,,,,false,false,false,,,0,,,,
LEAD-12698,2025-05-09,Juniper Media,Individual Learner,Data Analyst,Mexico,AMER,Paid Search,Product,CMP-001,Salesforce Event Follow-up — AMER 2026-02,Paid Search,Paid Search,59,B,true,false,76,MQL,2025-05-15,,,true,false,false,,,1,,,,
LEAD-12699,2025-05-18,Vantage Insurance,Individual Learner,Data Analyst,United States,AMER,Paid Search,Inbound Marketing,CMP-006,AI Search Visibility — AMER 2026-02,Paid Search,Conference,55,B,false,false,0,MQL,2025-05-22,,,true,false,false,,1,8,U-027,,,
LEAD-12700,2026-02-03,Kestrel Retail,Salesforce Admin,Platform Owner,Singapore,APAC,Free Course,Product,CMP-028,Certification Season — AMER 2025-11,Free Course,Conference,88,A,true,true,86,Working,,,,false,false,false,,,0,,,,
LEAD-12701,2026-01-24,Orbital Works,L&D / Enablement Manager,L&D Manager,Netherlands,EMEA,Conference,Inbound Marketing,CMP-035,Dashboard Makeover Challenge — EMEA 2026-05,Conference,SI Partner Referral,67,B,false,false,0,New,,,,false,false,false,,1,7,U-023,,,
LEAD-12702,2026-07-18,Quanta Media,Individual Learner,Data Analyst,United States,AMER,Paid Search,Inbound Marketing,CMP-002,Reports-to-CRMA Migration — AMER 2025-08,Paid Search,Customer Referral,46,C,false,false,0,MQL,2026-08-06,,,true,false,false,,2,11,U-026,,,
LEAD-12703,2025-08-10,Halcyon Motors,Individual Learner,Data Analyst,India,APAC,Organic Search,Inbound Marketing,CMP-016,Dashboard Makeover Challenge — AMER 2026-04,Organic Search,Salesforce Community,78,A,false,false,0,MQL,2025-08-17,,,true,false,false,,2,4,U-015,,,
LEAD-12704,2025-06-08,Lumen Group,L&D / Enablement Manager,People Development Lead,United States,AMER,AI Assistant Referral,Inbound Marketing,CMP-020,Dashboard Makeover Challenge — AMER 2025-12,AI Assistant Referral,AI Assistant Referral,65,B,false,true,0,MQL,2025-06-28,,,true,false,false,,0,5,U-019,,,
LEAD-12705,2026-02-04,Quanta Technologies,Salesforce Admin,CRM Manager,Brazil,AMER,Salesforce Community,Inbound Marketing,CMP-031,Admin to Analyst Path — EMEA 2026-07,Salesforce Community,Free Course,44,C,false,true,0,New,,,,false,false,false,,2,8,U-027,,,
LEAD-12706,2025-09-16,Aster Telecom,Individual Learner,Career Switcher,Mexico,AMER,Organic Search,Product,CMP-015,Reports-to-CRMA Migration — AMER 2025-11,Organic Search,Organic Search,58,B,true,true,97,Nurture,2025-10-07,,,true,false,false,,,2,,,,
LEAD-12707,2026-06-19,Lattice Pharma,Individual Learner,Junior Consultant,Spain,EMEA,Outbound Sequence,Outbound,CMP-041,Reports-to-CRMA Migration — AMER 2025-04,Outbound Sequence,Paid Search,13,D,false,false,0,Working,,,,false,false,false,,2,4,U-019,,,
LEAD-12708,2025-06-09,Sable Bank,Analytics Lead,Head of Analytics,Mexico,AMER,Organic Search,Inbound Marketing,CMP-013,Team Upskilling Offer — LATAM 2026-01,Organic Search,Organic Search,66,B,false,false,0,Converted,2025-06-17,2025-07-12,2025-07-17,true,true,true,,1,8,U-017,U-013,ACC-1084,OPP-20483
LEAD-12709,2026-05-20,Rivet Foods,Salesforce Admin,CRM Manager,Brazil,AMER,Paid Social,Inbound Marketing,CMP-008,Admin to Analyst Path — EMEA 2026-02,Paid Social,Customer Referral,53,B,false,false,0,Converted,2026-06-05,2026-06-21,2026-07-14,true,true,true,,1,9,U-026,U-003,ACC-1138,OPP-20484
LEAD-12710,2025-10-01,North Pharma,Procurement / Finance,Procurement Manager,Australia,APAC,SI Partner Referral,Partner / Referral,CMP-042,Certification Season — AMER 2025-04,SI Partner Referral,SI Partner Referral,69,B,false,false,0,Converted,2025-10-20,2025-11-09,2025-11-24,true,true,true,,2,10,U-021,U-013,ACC-1132,OPP-20485
LEAD-12711,2025-11-30,Dovetail Systems,Individual Learner,Career Switcher,Netherlands,EMEA,Organic Search,Inbound Marketing,CMP-011,Admin to Analyst Path — LATAM 2025-04,Organic Search,Salesforce Community,45,C,false,false,0,New,,,,false,false,false,,2,5,U-027,,,
LEAD-12712,2026-07-27,Tundra Care,Salesforce Admin,Senior Salesforce Admin,Canada,AMER,Paid Search,Inbound Marketing,CMP-005,Certification Season — AMER 2025-12,Paid Search,Webinar,81,A,false,false,0,SQL,2026-07-30,2026-07-31,,true,true,false,,4,11,U-023,U-011,,
LEAD-12713,2025-06-14,Solstice Pharma,Salesforce Admin,Salesforce Administrator,Brazil,AMER,Paid Search,Inbound Marketing,CMP-001,Salesforce Event Follow-up — AMER 2026-02,Paid Search,Paid Search,79,A,false,false,0,Disqualified,,,,false,false,false,Competitor,3,8,U-017,,,
LEAD-12714,2026-03-14,Aster Retail,Salesforce Admin,CRM Manager,United States,AMER,Paid Social,Inbound Marketing,CMP-009,Salesforce Event Follow-up — AMER 2026-01,Paid Social,Paid Social,24,D,false,false,0,Working,,,,false,false,false,,2,1,U-016,,,
LEAD-12715,2025-06-23,Sable Retail,Analytics Lead,BI Lead,Netherlands,EMEA,Organic Search,Product,CMP-017,SAQL Masterclass — AMER 2026-05,Organic Search,Outbound Sequence,77,A,true,true,100,Converted,2025-06-30,2025-07-05,2025-07-16,true,true,true,,,0,,U-005,ACC-1069,OPP-20486
LEAD-12716,2025-12-29,Juniper Health,Salesforce Admin,Platform Owner,Mexico,AMER,Paid Search,Inbound Marketing,CMP-006,AI Search Visibility — AMER 2026-02,Paid Search,Paid Search,60,B,false,false,0,Disqualified,,,,false,false,false,Duplicate,0,7,U-018,,,
LEAD-12717,2026-01-05,Halcyon Systems,Individual Learner,Junior Consultant,United Kingdom,EMEA,Organic Search,Product,CMP-011,Admin to Analyst Path — LATAM 2025-04,Organic Search,Organic Search,63,B,true,false,30,SQL,2026-01-16,2026-01-21,,true,true,false,,,2,,U-006,,
LEAD-12718,2026-01-14,Kestrel Telecom,Salesforce Admin,Platform Owner,Canada,AMER,AI Assistant Referral,Inbound Marketing,CMP-019,Reports-to-CRMA Migration — APAC 2026-02,AI Assistant Referral,AI Assistant Referral,83,A,false,false,0,Converted,2026-01-26,2026-02-02,2026-03-07,true,true,true,,3,8,U-016,U-006,ACC-1099,OPP-20487
LEAD-12719,2025-05-30,Orbital Technologies,Salesforce Admin,CRM Manager,United States,AMER,Salesforce Community,Product,CMP-029,Classroom Batch Push — EMEA 2025-11,Salesforce Community,Salesforce Community,71,A,true,true,19,Converted,2025-06-17,2025-07-01,2025-07-27,true,true,true,,,1,,U-014,ACC-1081,OPP-20488
LEAD-12720,2026-07-21,Wexler Pharma,Analytics Lead,Director of Sales Operations,France,EMEA,Free Course,Inbound Marketing,CMP-024,Team Upskilling Offer — AMER 2025-05,Free Course,Webinar,54,B,false,false,0,MQL,2026-08-09,,,true,false,false,,2,4,U-019,,,
LEAD-12721,2026-03-28,Solstice Consulting,Individual Learner,Business Analyst,Mexico,AMER,Outbound Sequence,Outbound,CMP-039,Reports-to-CRMA Migration — EMEA 2026-02,Outbound Sequence,Outbound Sequence,29,D,false,false,0,Disqualified,,,,false,false,false,No budget,1,9,U-016,,,
LEAD-12722,2026-02-01,Dovetail Digital,Salesforce Admin,Senior Salesforce Admin,Brazil,AMER,Organic Search,Inbound Marketing,CMP-014,Einstein Discovery Workshop — APAC 2025-09,Organic Search,AI Assistant Referral,66,B,false,false,0,Converted,2026-02-19,2026-03-03,2026-03-22,true,true,true,,0,4,U-023,U-008,ACC-1064,OPP-20489
LEAD-12723,2025-11-12,Quanta Health,Individual Learner,Career Switcher,Mexico,AMER,Conference,Inbound Marketing,CMP-036,Einstein Discovery Workshop — AMER 2026-04,Conference,Conference,17,D,false,false,0,Working,,,,false,false,false,,4,11,U-015,,,
LEAD-12724,2025-07-16,Tundra Digital,Analytics Lead,BI Lead,Sweden,EMEA,Paid Search,Product,CMP-004,Q3 Pipeline Push — AMER 2025-11,Paid Search,Paid Search,84,A,true,false,5,Converted,2025-08-06,2025-08-20,2025-08-22,true,true,true,,,2,,U-001,ACC-1084,OPP-20490
LEAD-12725,2025-08-02,Juniper Retail,Procurement / Finance,Procurement Manager,Mexico,AMER,SI Partner Referral,Partner / Referral,CMP-043,SAQL Masterclass — APAC 2026-01,SI Partner Referral,SI Partner Referral,78,A,false,false,0,SQL,2025-08-05,2025-08-09,,true,true,false,,2,7,U-025,U-012,,
LEAD-12726,2026-08-03,Orbital Logistics,Analytics Lead,RevOps Manager,India,APAC,Salesforce Community,Product,CMP-029,Classroom Batch Push — EMEA 2025-11,Salesforce Community,Paid Search,55,B,true,true,11,New,,,,false,false,false,,,1,,,,
LEAD-12727,2025-08-08,Tundra Energy,L&D / Enablement Manager,Head of Enablement,Canada,AMER,Organic Search,Product,CMP-018,Free Course Launch — AMER 2025-11,Organic Search,Organic Search,91,A,true,true,39,Converted,2025-08-08,2025-08-10,2025-08-25,true,true,true,,,2,,U-006,ACC-1070,OPP-20491
LEAD-12728,2025-05-20,Meridian Retail,Individual Learner,Junior Consultant,Mexico,AMER,Webinar,Inbound Marketing,CMP-032,Salesforce Event Follow-up — AMER 2025-12,Webinar,Webinar,21,D,false,false,0,Nurture,2025-06-10,,,true,false,false,,1,4,U-019,,,
LEAD-12729,2026-06-09,Quanta Digital,Individual Learner,Career Switcher,Argentina,LATAM,Free Course,Product,CMP-024,Team Upskilling Offer — AMER 2025-05,Free Course,Free Course,56,B,true,false,35,Converted,2026-06-09,2026-06-21,2026-07-13,true,true,true,,,0,,U-006,ACC-1044,OPP-20492
LEAD-12730,2025-09-01,Cobalt Pharma,L&D / Enablement Manager,Training Director,Singapore,APAC,Paid Search,Inbound Marketing,CMP-002,Reports-to-CRMA Migration — AMER 2025-08,Paid Search,Free Course,76,A,false,false,0,MQL,2025-09-08,,,true,false,false,,0,3,U-020,,,
LEAD-12731,2026-07-25,Umbra Digital,L&D / Enablement Manager,People Development Lead,United States,AMER,AI Assistant Referral,Product,CMP-021,SAQL Masterclass — LATAM 2025-09,AI Assistant Referral,AI Assistant Referral,100,A,true,true,45,New,,,,false,false,false,,,2,,,,
LEAD-12732,2026-07-05,Vantage Consulting,Individual Learner,Data Analyst,Netherlands,EMEA,Webinar,Product,CMP-032,Salesforce Event Follow-up — AMER 2025-12,Webinar,Paid Search,28,D,true,false,95,MQL,2026-07-16,,,true,false,false,,,1,,,,
LEAD-12733,2026-05-18,Harbor Care,Individual Learner,Data Analyst,Netherlands,EMEA,Free Course,Inbound Marketing,CMP-027,Q3 Pipeline Push — APAC 2025-05,Free Course,Free Course,54,B,false,false,0,SQL,2026-05-18,2026-05-27,,true,true,false,,1,9,U-025,U-003,,
LEAD-12734,2025-11-09,Sable Pharma,Individual Learner,Business Analyst,Sweden,EMEA,Free Course,Product,CMP-028,Certification Season — AMER 2025-11,Free Course,Paid Social,52,B,true,true,37,Working,,,,false,false,false,,,2,,,,
LEAD-12735,2026-09-18,Cinder Technologies,Individual Learner,Career Switcher,UAE,EMEA,Paid Search,Inbound Marketing,CMP-004,Q3 Pipeline Push — AMER 2025-11,Paid Search,Paid Search,37,C,false,false,0,Working,,,,false,false,false,,0,2,U-024,,,
LEAD-12736,2025-08-13,Zephyr Motors,Individual Learner,Data Analyst,Netherlands,EMEA,Salesforce Community,Product,CMP-030,SAQL Masterclass — AMER 2025-08,Salesforce Community,Salesforce Community,32,C,true,true,86,New,,,,false,false,false,,,1,,,,
LEAD-12737,2025-04-26,Quanta Systems,Analytics Lead,Director of Sales Operations,India,APAC,Paid Social,Inbound Marketing,CMP-010,Certification Season — LATAM 2025-06,Paid Social,Paid Social,54,B,false,false,0,SQL,2025-05-05,2025-05-20,,true,true,false,,2,7,U-018,U-003,,
LEAD-12738,2026-06-09,Quanta Pharma,Procurement / Finance,Finance Director,United Kingdom,EMEA,AI Assistant Referral,Inbound Marketing,CMP-022,Dashboard Makeover Challenge — AMER 2025-10,AI Assistant Referral,Customer Referral,96,A,false,false,0,SQL,2026-06-14,2026-06-21,,true,true,false,,3,1,U-018,U-003,,
LEAD-12739,2026-07-11,Dovetail Retail,Salesforce Admin,Salesforce Administrator,United Kingdom,EMEA,Free Course,Product,CMP-023,Dashboard Makeover Challenge — AMER 2025-06,Free Course,Free Course,70,A,true,false,100,Working,,,,false,false,false,,,0,,,,
LEAD-12740,2026-05-03,Lattice Media,Salesforce Admin,Senior Salesforce Admin,Sweden,EMEA,Paid Social,Inbound Marketing,CMP-009,Salesforce Event Follow-up — AMER 2026-01,Paid Social,Organic Search,53,B,false,false,0,MQL,2026-05-18,,,true,false,false,,5,4,U-018,,,
LEAD-12741,2025-04-17,Ember Foods,L&D / Enablement Manager,Head of Enablement,Singapore,APAC,Outbound Sequence,Outbound,CMP-041,Reports-to-CRMA Migration — AMER 2025-04,Outbound Sequence,Outbound Sequence,42,C,false,false,0,Disqualified,,,,false,false,false,Competitor,2,8,U-018,,,
LEAD-12742,2025-09-19,Beacon Insurance,Individual Learner,Data Analyst,Chile,LATAM,Salesforce Community,Product,CMP-029,Classroom Batch Push — EMEA 2025-11,Salesforce Community,Organic Search,37,C,true,true,99,MQL,2025-10-01,,,true,false,false,,,1,,,,
LEAD-12743,2025-06-09,North Systems,Salesforce Admin,Senior Salesforce Admin,United States,AMER,Organic Search,Inbound Marketing,CMP-011,Admin to Analyst Path — LATAM 2025-04,Organic Search,Organic Search,57,B,false,false,0,Converted,2025-06-22,2025-06-28,2025-07-04,true,true,true,,3,4,U-021,U-006,ACC-1128,OPP-20493
LEAD-12744,2026-08-24,Tundra Health,Procurement / Finance,Procurement Manager,Netherlands,EMEA,Webinar,Inbound Marketing,CMP-034,Salesforce Event Follow-up — EMEA 2026-03,Webinar,Organic Search,64,B,false,false,0,Working,,,,false,false,false,,3,7,U-025,,,
LEAD-12745,2025-06-24,Lumen Foods,L&D / Enablement Manager,Head of Enablement,United States,AMER,Salesforce Community,Product,CMP-030,SAQL Masterclass — AMER 2025-08,Salesforce Community,Salesforce Community,66,B,true,true,99,Converted,2025-07-09,2025-08-04,2025-09-07,true,true,true,,,0,,U-009,ACC-1114,OPP-20494
LEAD-12746,2025-04-11,Aster Retail,Analytics Lead,Head of Analytics,Canada,AMER,Salesforce Community,Product,CMP-030,SAQL Masterclass — AMER 2025-08,Salesforce Community,Paid Social,80,A,true,true,75,SQL,2025-04-22,2025-05-16,,true,true,false,,,2,,U-013,,
LEAD-12747,2025-08-12,Wexler Motors,Procurement / Finance,Finance Director,United Kingdom,EMEA,Paid Social,Inbound Marketing,CMP-009,Salesforce Event Follow-up — AMER 2026-01,Paid Social,Paid Social,57,B,false,false,0,Converted,2025-08-30,2025-08-31,2025-09-10,true,true,true,,5,1,U-020,U-003,ACC-1053,OPP-20495
LEAD-12748,2025-10-11,Dovetail Media,Individual Learner,Data Analyst,United States,AMER,Organic Search,Inbound Marketing,CMP-011,Admin to Analyst Path — LATAM 2025-04,Organic Search,Organic Search,40,C,false,false,0,Nurture,2025-10-23,,,true,false,false,,1,8,U-025,,,
LEAD-12749,2026-04-18,Zephyr Health,Analytics Lead,Head of Analytics,Canada,AMER,Webinar,Inbound Marketing,CMP-032,Salesforce Event Follow-up — AMER 2025-12,Webinar,Free Course,79,A,false,false,0,MQL,2026-04-26,,,true,false,false,,2,3,U-018,,,
LEAD-12750,2026-06-06,Halcyon Motors,Individual Learner,Junior Consultant,UAE,EMEA,Paid Social,Inbound Marketing,CMP-010,Certification Season — LATAM 2025-06,Paid Social,Paid Social,38,C,false,false,0,New,,,,false,false,false,,3,5,U-018,,,
LEAD-12751,2026-08-25,Kestrel Bank,Procurement / Finance,CFO,France,EMEA,Outbound Sequence,Outbound,CMP-037,Team Upskilling Offer — EMEA 2025-04,Outbound Sequence,Outbound Sequence,81,A,false,false,0,Converted,2026-09-09,2026-09-24,2026-10-21,true,true,true,,2,8,U-020,U-010,ACC-1019,OPP-20496
LEAD-12752,2026-08-21,Meridian Group,Salesforce Admin,Salesforce Administrator,Canada,AMER,AI Assistant Referral,Inbound Marketing,CMP-020,Dashboard Makeover Challenge — AMER 2025-12,AI Assistant Referral,Outbound Sequence,32,C,false,false,0,Converted,2026-09-04,2026-09-15,2026-10-10,true,true,true,,5,2,U-016,U-013,ACC-1056,OPP-20497
LEAD-12753,2025-10-17,Cobalt Bank,Procurement / Finance,CFO,United Kingdom,EMEA,Salesforce Community,Inbound Marketing,CMP-029,Classroom Batch Push — EMEA 2025-11,Salesforce Community,Salesforce Community,68,B,false,false,0,Converted,2025-10-20,2025-10-31,2025-11-30,true,true,true,,2,10,U-027,U-008,ACC-1032,OPP-20498
LEAD-12754,2026-02-11,Vertex Group,Individual Learner,Business Analyst,India,APAC,Salesforce Community,Product,CMP-031,Admin to Analyst Path — EMEA 2026-07,Salesforce Community,Free Course,41,C,true,false,41,MQL,2026-03-04,,,true,false,false,,,2,,,,
LEAD-12755,2025-07-02,Umbra Logistics,Individual Learner,Data Analyst,United States,AMER,Free Course,Product,CMP-024,Team Upskilling Offer — AMER 2025-05,Free Course,Free Course,78,A,true,true,17,Disqualified,,,,false,false,false,Wrong geo,,2,,,,
LEAD-12756,2026-01-13,Lattice Health,Individual Learner,Junior Consultant,Brazil,AMER,Paid Search,Inbound Marketing,CMP-005,Certification Season — AMER 2025-12,Paid Search,Organic Search,53,B,false,false,0,Converted,2026-01-13,2026-01-20,2026-02-03,true,true,true,,0,5,U-027,U-006,ACC-1057,OPP-20499
LEAD-12757,2026-09-08,Wexler Retail,Individual Learner,Data Analyst,Canada,AMER,Outbound Sequence,Outbound,CMP-040,AI Search Visibility — AMER 2026-05,Outbound Sequence,Outbound Sequence,33,C,false,true,0,New,,,,false,false,false,,1,9,U-025,,,
LEAD-12758,2026-07-22,Ember Capital,Salesforce Admin,Salesforce Administrator,Canada,AMER,Organic Search,Product,CMP-016,Dashboard Makeover Challenge — AMER 2026-04,Organic Search,Organic Search,98,A,true,true,18,SQL,2026-08-07,2026-08-10,,true,true,false,,,1,,U-011,,
LEAD-12759,2026-06-10,Foundry Group,Procurement / Finance,Head of Vendor Management,India,APAC,Organic Search,Inbound Marketing,CMP-018,Free Course Launch — AMER 2025-11,Organic Search,Organic Search,93,A,false,false,0,MQL,2026-06-17,,,true,false,false,,2,2,U-020,,,
LEAD-12760,2026-07-22,Orbital Partners,Analytics Lead,Head of Analytics,Canada,AMER,Paid Social,Inbound Marketing,CMP-007,Admin to Analyst Path — EMEA 2025-05,Paid Social,Paid Social,62,B,false,true,0,Converted,2026-07-26,2026-08-19,2026-09-10,true,true,true,,0,6,U-023,U-003,ACC-1069,OPP-20500
LEAD-12761,2025-08-31,Juniper Foods,L&D / Enablement Manager,People Development Lead,UAE,EMEA,AI Assistant Referral,Product,CMP-021,SAQL Masterclass — LATAM 2025-09,AI Assistant Referral,Salesforce Community,83,A,true,true,14,SQL,2025-09-12,2025-09-29,,true,true,false,,,2,,U-009,,
LEAD-12762,2025-06-19,Umbra Media,Individual Learner,Data Analyst,United States,AMER,Salesforce Community,Product,CMP-030,SAQL Masterclass — AMER 2025-08,Salesforce Community,Salesforce Community,30,C,true,true,15,New,,,,false,false,false,,,0,,,,
LEAD-12763,2025-08-05,Meridian Care,Salesforce Admin,Salesforce Administrator,Netherlands,EMEA,Organic Search,Product,CMP-014,Einstein Discovery Workshop — APAC 2025-09,Organic Search,Organic Search,67,B,true,false,82,MQL,2025-08-05,,,true,false,false,,,1,,,,
LEAD-12764,2026-01-10,Zephyr Care,Individual Learner,Junior Consultant,Mexico,AMER,Conference,Inbound Marketing,CMP-035,Dashboard Makeover Challenge — EMEA 2026-05,Conference,Conference,20,D,false,false,0,Working,,,,false,false,false,,2,8,U-020,,,
LEAD-12765,2025-10-11,Umbra Health,Salesforce Admin,CRM Manager,Netherlands,EMEA,AI Assistant Referral,Product,CMP-021,SAQL Masterclass — LATAM 2025-09,AI Assistant Referral,AI Assistant Referral,92,A,true,true,27,MQL,2025-10-14,,,true,false,false,,,2,,,,
LEAD-12766,2026-07-24,Sable Telecom,Salesforce Admin,Platform Owner,Mexico,AMER,SI Partner Referral,Partner / Referral,CMP-042,Certification Season — AMER 2025-04,SI Partner Referral,SI Partner Referral,58,B,false,false,0,Converted,2026-08-14,2026-08-22,2026-09-03,true,true,true,,2,10,U-021,U-013,ACC-1006,OPP-20501
LEAD-12767,2025-09-06,Aster Retail,L&D / Enablement Manager,Head of Enablement,Brazil,AMER,Outbound Sequence,Outbound,CMP-041,Reports-to-CRMA Migration — AMER 2025-04,Outbound Sequence,Outbound Sequence,46,C,false,false,0,SQL,2025-09-19,2025-10-15,,true,true,false,,0,9,U-024,U-001,,
LEAD-12768,2026-01-08,Cinder Pharma,L&D / Enablement Manager,Head of Enablement,Brazil,AMER,Customer Referral,Partner / Referral,CMP-045,Einstein Discovery Workshop — AMER 2025-09,Customer Referral,Salesforce Community,82,A,true,true,1,Converted,2026-01-09,2026-01-19,2026-02-11,true,true,true,,,1,,U-006,ACC-1015,OPP-20502
LEAD-12769,2025-04-22,Solstice Consulting,Individual Learner,Career Switcher,Canada,AMER,Paid Search,Inbound Marketing,CMP-005,Certification Season — AMER 2025-12,Paid Search,Paid Search,30,C,false,false,0,SQL,2025-04-28,2025-05-24,,true,true,false,,3,11,U-027,U-012,,
LEAD-12770,2025-11-11,Quanta Pharma,Salesforce Admin,CRM Manager,Germany,EMEA,Organic Search,Product,CMP-012,AI Search Visibility — AMER 2026-07,Organic Search,Organic Search,89,A,true,true,64,Converted,2025-11-16,2025-11-28,2025-12-13,true,true,true,,,2,,U-013,ACC-1071,OPP-20503
LEAD-12771,2025-05-02,Kestrel Foods,Salesforce Admin,Salesforce Administrator,Brazil,AMER,Free Course,Product,CMP-024,Team Upskilling Offer — AMER 2025-05,Free Course,Free Course,84,A,true,false,72,Disqualified,,,,false,false,false,Went silent,,0,,,,
LEAD-12772,2025-09-26,Wexler Systems,L&D / Enablement Manager,Training Director,Mexico,AMER,SI Partner Referral,Partner / Referral,CMP-043,SAQL Masterclass — APAC 2026-01,SI Partner Referral,SI Partner Referral,83,A,false,false,0,Nurture,2025-09-29,,,true,false,false,,3,7,U-026,,,
LEAD-12773,2026-01-24,Cobalt Health,Individual Learner,Career Switcher,Australia,APAC,Webinar,Inbound Marketing,CMP-032,Salesforce Event Follow-up — AMER 2025-12,Webinar,Webinar,60,B,false,true,0,MQL,2026-02-04,,,true,false,false,,3,5,U-023,,,
LEAD-12774,2025-07-09,Beacon Foods,Individual Learner,Business Analyst,Mexico,AMER,Free Course,Product,CMP-023,Dashboard Makeover Challenge — AMER 2025-06,Free Course,Free Course,75,A,true,true,44,MQL,2025-07-13,,,true,false,false,,,2,,,,
LEAD-12775,2025-06-09,Halcyon Media,Salesforce Admin,Salesforce Administrator,Netherlands,EMEA,AI Assistant Referral,Product,CMP-021,SAQL Masterclass — LATAM 2025-09,AI Assistant Referral,AI Assistant Referral,87,A,true,true,38,SQL,2025-06-17,2025-07-03,,true,true,false,,,2,,U-009,,
LEAD-12776,2026-03-29,Halcyon Motors,Individual Learner,Junior Consultant,Mexico,AMER,AI Assistant Referral,Product,CMP-022,Dashboard Makeover Challenge — AMER 2025-10,AI Assistant Referral,Customer Referral,57,B,true,false,42,SQL,2026-04-12,2026-05-03,,true,true,false,,,2,,U-010,,
LEAD-12777,2025-09-24,Pallas Retail,Individual Learner,Business Analyst,France,EMEA,Paid Social,Inbound Marketing,CMP-008,Admin to Analyst Path — EMEA 2026-02,Paid Social,Paid Search,41,C,false,false,0,Disqualified,,,,false,false,false,No budget,4,6,U-018,,,
LEAD-12778,2026-02-17,Juniper Bank,Individual Learner,Business Analyst,Japan,APAC,Outbound Sequence,Outbound,CMP-037,Team Upskilling Offer — EMEA 2025-04,Outbound Sequence,Outbound Sequence,31,C,false,false,0,MQL,2026-03-08,,,true,false,false,,0,3,U-024,,,
LEAD-12779,2025-04-08,Lumen Foods,Individual Learner,Data Analyst,Brazil,AMER,AI Assistant Referral,Product,CMP-020,Dashboard Makeover Challenge — AMER 2025-12,AI Assistant Referral,Paid Social,60,B,true,false,98,MQL,2025-04-12,,,true,false,false,,,2,,,,
LEAD-12780,2026-06-28,Onyx Retail,Individual Learner,Career Switcher,Brazil,AMER,Paid Social,Inbound Marketing,CMP-010,Certification Season — LATAM 2025-06,Paid Social,Paid Social,33,C,false,false,0,Disqualified,,,,false,false,false,Student — free course only,1,4,U-018,,,
LEAD-12781,2025-07-25,Dovetail Digital,Individual Learner,Data Analyst,United States,AMER,Salesforce Community,Product,CMP-029,Classroom Batch Push — EMEA 2025-11,Salesforce Community,Salesforce Community,49,C,true,false,84,MQL,2025-08-10,,,true,false,false,,,0,,,,
LEAD-12782,2026-08-25,Wexler Retail,Individual Learner,Junior Consultant,United States,AMER,Salesforce Community,Product,CMP-029,Classroom Batch Push — EMEA 2025-11,Salesforce Community,Conference,6,D,true,true,39,Disqualified,,,,false,false,false,Went silent,,0,,,,
LEAD-12783,2025-06-03,Beacon Capital,Analytics Lead,Head of Analytics,Mexico,AMER,Outbound Sequence,Outbound,CMP-041,Reports-to-CRMA Migration — AMER 2025-04,Outbound Sequence,Outbound Sequence,42,C,false,false,0,Working,,,,false,false,false,,4,10,U-021,,,
LEAD-12784,2026-03-18,Quanta Telecom,Analytics Lead,BI Lead,Canada,AMER,Customer Referral,Partner / Referral,CMP-046,Certification Season — AMER 2026-03,Customer Referral,Customer Referral,68,B,false,false,0,Converted,2026-03-28,2026-04-08,2026-04-25,true,true,true,,4,1,U-022,U-012,ACC-1031,OPP-20504
LEAD-12785,2026-03-06,Onyx Pharma,Individual Learner,Career Switcher,Spain,EMEA,AI Assistant Referral,Product,CMP-019,Reports-to-CRMA Migration — APAC 2026-02,AI Assistant Referral,AI Assistant Referral,48,C,true,true,44,Converted,2026-03-07,2026-03-19,2026-04-03,true,true,true,,,2,,U-012,ACC-1121,OPP-20505
LEAD-12786,2025-05-24,Solstice Pharma,Individual Learner,Career Switcher,Canada,AMER,Outbound Sequence,Outbound,CMP-039,Reports-to-CRMA Migration — EMEA 2026-02,Outbound Sequence,Outbound Sequence,36,C,false,false,0,Converted,2025-06-13,2025-06-19,2025-07-07,true,true,true,,4,7,U-015,U-009,ACC-1078,OPP-20506
LEAD-12787,2025-04-06,Foundry Logistics,Analytics Lead,BI Lead,Mexico,AMER,Paid Search,Product,CMP-005,Certification Season — AMER 2025-12,Paid Search,Paid Search,85,A,true,false,56,SQL,2025-04-10,2025-04-15,,true,true,false,,,1,,U-010,,
LEAD-12788,2026-05-23,Juniper Telecom,Salesforce Admin,Platform Owner,Japan,APAC,Organic Search,Product,CMP-014,Einstein Discovery Workshop — APAC 2025-09,Organic Search,Organic Search,84,A,true,true,70,New,,,,false,false,false,,,1,,,,
LEAD-12789,2025-06-04,Ember Motors,Salesforce Admin,Salesforce Administrator,Canada,AMER,Paid Search,Product,CMP-006,AI Search Visibility — AMER 2026-02,Paid Search,Paid Search,86,A,true,true,33,SQL,2025-06-11,2025-06-27,,true,true,false,,,2,,U-004,,
LEAD-12790,2025-04-14,Lattice Partners,Individual Learner,Data Analyst,United States,AMER,Organic Search,Inbound Marketing,CMP-015,Reports-to-CRMA Migration — AMER 2025-11,Organic Search,AI Assistant Referral,56,B,false,false,0,SQL,2025-05-01,2025-05-17,,true,true,false,,3,6,U-027,U-010,,
LEAD-12791,2026-02-12,Sable Media,Individual Learner,Career Switcher,United Kingdom,EMEA,Organic Search,Inbound Marketing,CMP-013,Team Upskilling Offer — LATAM 2026-01,Organic Search,Free Course,32,C,false,false,0,Disqualified,,,,false,false,false,Competitor,2,11,U-027,,,
LEAD-12792,2026-02-02,Solstice Technologies,Individual Learner,Data Analyst,Chile,LATAM,Organic Search,Product,CMP-014,Einstein Discovery Workshop — APAC 2025-09,Organic Search,Organic Search,59,B,true,true,60,Nurture,2026-02-16,,,true,false,false,,,0,,,,
LEAD-12793,2025-10-08,Aster Digital,Analytics Lead,Director of Sales Operations,Spain,EMEA,Paid Search,Inbound Marketing,CMP-001,Salesforce Event Follow-up — AMER 2026-02,Paid Search,Webinar,55,B,false,true,0,Disqualified,,,,false,false,false,Student — free course only,4,2,U-026,,,
LEAD-12794,2026-02-09,Lumen Energy,Analytics Lead,RevOps Manager,United Kingdom,EMEA,Paid Search,Inbound Marketing,CMP-001,Salesforce Event Follow-up — AMER 2026-02,Paid Search,SI Partner Referral,69,B,false,true,0,SQL,2026-02-25,2026-03-13,,true,true,false,,2,4,U-022,U-002,,
LEAD-12795,2025-10-22,Foundry Care,Analytics Lead,Head of Analytics,Canada,AMER,AI Assistant Referral,Product,CMP-020,Dashboard Makeover Challenge — AMER 2025-12,AI Assistant Referral,AI Assistant Referral,93,A,true,false,16,Nurture,2025-11-08,,,true,false,false,,,2,,,,
LEAD-12796,2025-09-19,Harbor Consulting,Individual Learner,Business Analyst,United States,AMER,Organic Search,Product,CMP-016,Dashboard Makeover Challenge — AMER 2026-04,Organic Search,Paid Social,66,B,true,false,12,MQL,2025-10-07,,,true,false,false,,,1,,,,
LEAD-12797,2026-04-29,Tundra Health,Salesforce Admin,Salesforce Administrator,Singapore,APAC,Outbound Sequence,Outbound,CMP-041,Reports-to-CRMA Migration — AMER 2025-04,Outbound Sequence,Outbound Sequence,37,C,false,false,0,Disqualified,,,,false,false,false,Free course is enough,3,7,U-020,,,
LEAD-12798,2026-07-26,Vantage Works,Salesforce Admin,Salesforce Administrator,Germany,EMEA,Customer Referral,Partner / Referral,CMP-046,Certification Season — AMER 2026-03,Customer Referral,Customer Referral,71,A,true,true,25,SQL,2026-07-26,2026-08-02,,true,true,false,,,1,,U-008,,
LEAD-12799,2025-10-27,Vantage Insurance,Individual Learner,Junior Consultant,United States,AMER,Organic Search,Product,CMP-017,SAQL Masterclass — AMER 2026-05,Organic Search,Organic Search,44,C,true,true,63,SQL,2025-10-27,2025-11-02,,true,true,false,,,2,,U-006,,
