Date,ProductCode,ProductName,Requests,ErrorRatePct,P50LatencyMs,P95LatencyMs,UptimePct,HadIncident,IncidentSeverity
2025-04-01,PRO,Academy Pro,195235,0.236,183,701,99.9813,false,
2025-04-01,TEAM,Team Plan,247140,0.337,213,672,99.9674,false,
2025-04-01,ENTERPRISE,Enterprise Programme,123791,0.199,379,1352,100.0131,false,
2025-04-01,CLASSROOM,Classroom Seat-Days,4410,0.332,428,1375,100.0071,false,
2025-04-01,VOUCHER,Certification Vouchers,5614,0.11,410,1345,100.0062,false,
2025-04-02,PRO,Academy Pro,165980,0.302,186,661,100.0139,false,
2025-04-02,TEAM,Team Plan,248414,0.199,205,588,99.955,false,
2025-04-02,ENTERPRISE,Enterprise Programme,111613,0.356,423,1433,100.0026,false,
2025-04-02,CLASSROOM,Classroom Seat-Days,5905,0.294,451,1383,99.9968,false,
2025-04-02,VOUCHER,Certification Vouchers,6963,0.265,403,1243,99.9885,false,
2025-04-03,PRO,Academy Pro,220766,0.074,169,470,99.9672,false,
2025-04-03,TEAM,Team Plan,218383,0.509,166,774,100.0095,false,
2025-04-03,ENTERPRISE,Enterprise Programme,137649,0.26,437,1332,100.0006,false,
2025-04-03,CLASSROOM,Classroom Seat-Days,8611,0.335,434,1401,99.9758,false,
2025-04-03,VOUCHER,Certification Vouchers,7047,0.294,410,1423,99.9621,false,
2025-04-04,PRO,Academy Pro,178851,0.25,171,363,99.9584,false,
2025-04-04,TEAM,Team Plan,245228,0.344,174,433,100.0023,false,
2025-04-04,ENTERPRISE,Enterprise Programme,113419,0.382,445,1428,99.978,false,
2025-04-04,CLASSROOM,Classroom Seat-Days,4327,0.091,444,1353,99.9532,false,
2025-04-04,VOUCHER,Certification Vouchers,5350,0.272,375,1433,99.9487,false,
2025-04-05,PRO,Academy Pro,156927,0.291,194,602,99.9726,false,
2025-04-05,TEAM,Team Plan,279852,0.46,158,650,99.9854,false,
2025-04-05,ENTERPRISE,Enterprise Programme,113999,0.273,449,1388,99.9916,false,
2025-04-05,CLASSROOM,Classroom Seat-Days,6114,0.497,427,1459,99.9794,false,
2025-04-05,VOUCHER,Certification Vouchers,6882,0.185,455,1475,99.9686,false,
2025-04-06,PRO,Academy Pro,177218,0.155,177,948,99.9955,false,
2025-04-06,TEAM,Team Plan,286051,0.456,170,588,99.9707,false,
2025-04-06,ENTERPRISE,Enterprise Programme,83529,0.329,407,1373,99.998,false,
2025-04-06,CLASSROOM,Classroom Seat-Days,5046,0.289,499,1430,99.977,false,
2025-04-06,VOUCHER,Certification Vouchers,6306,0.213,414,1300,99.999,false,
2025-04-07,PRO,Academy Pro,158912,0.119,136,674,99.9758,false,
2025-04-07,TEAM,Team Plan,286433,0.41,175,552,100.0102,false,
2025-04-07,ENTERPRISE,Enterprise Programme,112073,0.135,450,1363,100.0125,false,
2025-04-07,CLASSROOM,Classroom Seat-Days,6620,0.404,433,1435,100.0193,false,
2025-04-07,VOUCHER,Certification Vouchers,5833,0.221,375,1492,99.9956,false,
2025-04-08,PRO,Academy Pro,162126,0.336,186,493,99.9831,false,
2025-04-08,TEAM,Team Plan,219514,0.124,252,725,99.9766,false,
2025-04-08,ENTERPRISE,Enterprise Programme,145110,0.359,420,1362,99.9682,false,
2025-04-08,CLASSROOM,Classroom Seat-Days,6072,0.127,355,1586,99.9876,false,
2025-04-08,VOUCHER,Certification Vouchers,5961,0.325,403,1428,99.9766,false,
2025-04-09,PRO,Academy Pro,190374,0.01,138,577,100.0052,false,
2025-04-09,TEAM,Team Plan,223232,0.241,180,797,99.9619,false,
2025-04-09,ENTERPRISE,Enterprise Programme,112747,0.291,356,1546,100.0027,false,
2025-04-09,CLASSROOM,Classroom Seat-Days,5896,0.192,444,1399,99.9981,false,
2025-04-09,VOUCHER,Certification Vouchers,6971,0.501,455,1349,99.9647,false,
2025-04-10,PRO,Academy Pro,192597,0.01,197,667,99.986,false,
2025-04-10,TEAM,Team Plan,238874,0.153,207,809,99.9707,false,
2025-04-10,ENTERPRISE,Enterprise Programme,158875,0.134,388,1504,99.9774,false,
2025-04-10,CLASSROOM,Classroom Seat-Days,7700,0.265,443,1386,99.9589,false,
2025-04-10,VOUCHER,Certification Vouchers,5405,0.434,469,1439,100.0374,false,
2025-04-11,PRO,Academy Pro,123729,0.297,217,678,100.0141,false,
2025-04-11,TEAM,Team Plan,203470,0.479,157,577,99.9785,false,
2025-04-11,ENTERPRISE,Enterprise Programme,117882,0.476,459,1372,99.9702,false,
2025-04-11,CLASSROOM,Classroom Seat-Days,6632,0.233,430,1394,99.9887,false,
2025-04-11,VOUCHER,Certification Vouchers,6227,0.346,415,1519,99.9919,false,
2025-04-12,PRO,Academy Pro,203539,0.317,208,789,99.9895,false,
2025-04-12,TEAM,Team Plan,245287,0.223,166,513,100.0117,false,
2025-04-12,ENTERPRISE,Enterprise Programme,108277,0.327,391,1359,100.0058,false,
2025-04-12,CLASSROOM,Classroom Seat-Days,7607,0.414,412,1371,100.0061,false,
2025-04-12,VOUCHER,Certification Vouchers,6182,0.28,425,1435,99.9523,false,
2025-04-13,PRO,Academy Pro,177683,0.476,182,827,99.9915,false,
2025-04-13,TEAM,Team Plan,338631,0.284,158,977,100.0246,false,
2025-04-13,ENTERPRISE,Enterprise Programme,147579,0.349,454,1527,100.0204,false,
2025-04-13,CLASSROOM,Classroom Seat-Days,5802,0.043,423,1521,99.9796,false,
2025-04-13,VOUCHER,Certification Vouchers,8751,3.187,429,670,96.6151,true,SEV2
2025-04-14,PRO,Academy Pro,190128,0.139,151,690,99.9943,false,
2025-04-14,TEAM,Team Plan,216741,0.376,151,536,99.9662,false,
2025-04-14,ENTERPRISE,Enterprise Programme,114440,0.256,386,1399,99.9614,false,
2025-04-14,CLASSROOM,Classroom Seat-Days,5816,0.271,396,1542,100.0182,false,
2025-04-14,VOUCHER,Certification Vouchers,7033,0.01,471,1281,100.0135,false,
2025-04-15,PRO,Academy Pro,206459,0.041,224,638,100.0185,false,
2025-04-15,TEAM,Team Plan,234023,0.29,197,477,99.9726,false,
2025-04-15,ENTERPRISE,Enterprise Programme,126207,0.191,465,1476,99.9715,false,
2025-04-15,CLASSROOM,Classroom Seat-Days,5173,0.225,442,1358,100.0175,false,
2025-04-15,VOUCHER,Certification Vouchers,6715,0.261,406,1369,100.0188,false,
2025-04-16,PRO,Academy Pro,151560,0.309,218,596,99.9728,false,
2025-04-16,TEAM,Team Plan,220010,0.172,198,725,100.033,false,
2025-04-16,ENTERPRISE,Enterprise Programme,90695,0.318,376,1360,99.9883,false,
2025-04-16,CLASSROOM,Classroom Seat-Days,6446,0.189,429,1705,99.995,false,
2025-04-16,VOUCHER,Certification Vouchers,7059,0.059,426,1453,99.9607,false,
2025-04-17,PRO,Academy Pro,188111,0.453,176,706,99.957,false,
2025-04-17,TEAM,Team Plan,338441,0.166,146,664,99.9678,false,
2025-04-17,ENTERPRISE,Enterprise Programme,95163,0.01,456,1466,99.9744,false,
2025-04-17,CLASSROOM,Classroom Seat-Days,6351,0.484,391,1577,99.9662,false,
2025-04-17,VOUCHER,Certification Vouchers,5365,0.491,426,1459,99.9815,false,
2025-04-18,PRO,Academy Pro,198260,3.861,190,1497,96.9651,true,SEV3
2025-04-18,TEAM,Team Plan,245860,0.326,182,618,100.0034,false,
2025-04-18,ENTERPRISE,Enterprise Programme,119360,0.249,372,1547,99.9738,false,
2025-04-18,CLASSROOM,Classroom Seat-Days,4643,0.28,475,1440,100.0305,false,
2025-04-18,VOUCHER,Certification Vouchers,6367,0.019,438,1362,99.9657,false,
2025-04-19,PRO,Academy Pro,220472,0.338,186,534,99.9587,false,
2025-04-19,TEAM,Team Plan,249112,0.238,151,700,99.9769,false,
2025-04-19,ENTERPRISE,Enterprise Programme,139952,0.226,441,1323,99.9697,false,
2025-04-19,CLASSROOM,Classroom Seat-Days,5779,0.122,379,1383,99.984,false,
2025-04-19,VOUCHER,Certification Vouchers,5946,0.249,478,1641,99.9941,false,
2025-04-20,PRO,Academy Pro,205117,0.277,166,516,99.9858,false,
2025-04-20,TEAM,Team Plan,171407,0.346,175,510,99.9986,false,
2025-04-20,ENTERPRISE,Enterprise Programme,96783,0.138,421,1434,100.0321,false,
2025-04-20,CLASSROOM,Classroom Seat-Days,4778,0.2,340,1136,99.9889,false,
2025-04-20,VOUCHER,Certification Vouchers,5888,0.266,524,1339,99.9958,false,
2025-04-21,PRO,Academy Pro,126651,0.092,199,418,99.9897,false,
2025-04-21,TEAM,Team Plan,284788,0.531,210,873,100.0129,false,
2025-04-21,ENTERPRISE,Enterprise Programme,125232,0.186,391,1501,99.9776,false,
2025-04-21,CLASSROOM,Classroom Seat-Days,7016,0.258,408,1376,100.0002,false,
2025-04-21,VOUCHER,Certification Vouchers,8150,0.286,423,1419,99.9638,false,
2025-04-22,PRO,Academy Pro,156199,0.404,193,797,100.0014,false,
2025-04-22,TEAM,Team Plan,301745,0.251,230,489,99.9527,false,
2025-04-22,ENTERPRISE,Enterprise Programme,104891,0.238,373,1455,100.0094,false,
2025-04-22,CLASSROOM,Classroom Seat-Days,5955,0.318,406,1420,99.9521,false,
2025-04-22,VOUCHER,Certification Vouchers,7146,0.162,419,1252,99.9749,false,
2025-04-23,PRO,Academy Pro,147708,0.382,198,693,99.9942,false,
2025-04-23,TEAM,Team Plan,303064,0.179,194,778,99.9999,false,
2025-04-23,ENTERPRISE,Enterprise Programme,133546,0.267,420,1493,100,false,
2025-04-23,CLASSROOM,Classroom Seat-Days,6426,0.381,426,1245,99.9831,false,
2025-04-23,VOUCHER,Certification Vouchers,8439,0.396,395,1438,100.0147,false,
2025-04-24,PRO,Academy Pro,232347,0.337,179,661,99.9511,false,
2025-04-24,TEAM,Team Plan,270016,0.38,180,638,99.9731,false,
2025-04-24,ENTERPRISE,Enterprise Programme,133857,0.01,415,1368,99.9416,false,
2025-04-24,CLASSROOM,Classroom Seat-Days,5409,0.481,479,1574,100.0085,false,
2025-04-24,VOUCHER,Certification Vouchers,6218,0.594,465,1332,99.9963,false,
2025-04-25,PRO,Academy Pro,158227,0.336,195,763,99.9974,false,
2025-04-25,TEAM,Team Plan,351348,0.072,221,460,99.9816,false,
2025-04-25,ENTERPRISE,Enterprise Programme,136255,0.112,434,1140,99.9867,false,
2025-04-25,CLASSROOM,Classroom Seat-Days,6180,0.508,433,1422,99.9464,false,
2025-04-25,VOUCHER,Certification Vouchers,6435,0.157,381,1400,99.9973,false,
2025-04-26,PRO,Academy Pro,177795,0.358,153,590,100.0028,false,
2025-04-26,TEAM,Team Plan,331811,0.346,215,584,99.9735,false,
2025-04-26,ENTERPRISE,Enterprise Programme,106270,0.25,453,1373,100.0149,false,
2025-04-26,CLASSROOM,Classroom Seat-Days,5636,0.308,419,1303,99.976,false,
2025-04-26,VOUCHER,Certification Vouchers,6145,0.233,395,1475,99.9466,false,
2025-04-27,PRO,Academy Pro,157951,0.113,148,790,99.9833,false,
2025-04-27,TEAM,Team Plan,167856,0.168,215,720,99.9825,false,
2025-04-27,ENTERPRISE,Enterprise Programme,121596,0.124,350,1445,99.9963,false,
2025-04-27,CLASSROOM,Classroom Seat-Days,7536,0.419,359,1574,100.0088,false,
2025-04-27,VOUCHER,Certification Vouchers,7512,0.277,414,1377,99.9672,false,
2025-04-28,PRO,Academy Pro,182656,0.159,209,602,99.9884,false,
2025-04-28,TEAM,Team Plan,148711,0.376,122,638,99.9791,false,
2025-04-28,ENTERPRISE,Enterprise Programme,91399,0.237,473,1561,99.9784,false,
2025-04-28,CLASSROOM,Classroom Seat-Days,5344,0.403,478,1411,99.993,false,
2025-04-28,VOUCHER,Certification Vouchers,5027,0.429,406,1340,99.9669,false,
2025-04-29,PRO,Academy Pro,189913,0.197,166,697,99.9905,false,
2025-04-29,TEAM,Team Plan,262604,0.563,141,678,99.9925,false,
2025-04-29,ENTERPRISE,Enterprise Programme,114136,0.259,435,1335,99.9623,false,
2025-04-29,CLASSROOM,Classroom Seat-Days,5879,0.317,432,1325,100.0076,false,
2025-04-29,VOUCHER,Certification Vouchers,7591,0.01,417,1391,100.0106,false,
2025-04-30,PRO,Academy Pro,198161,0.491,194,713,99.9839,false,
2025-04-30,TEAM,Team Plan,247733,0.194,149,750,99.9948,false,
2025-04-30,ENTERPRISE,Enterprise Programme,104863,0.286,434,1510,100.0005,false,
2025-04-30,CLASSROOM,Classroom Seat-Days,7210,0.254,463,1598,99.9995,false,
2025-04-30,VOUCHER,Certification Vouchers,5013,0.466,458,1318,99.9928,false,
2025-05-01,PRO,Academy Pro,181673,0.088,200,816,100.0074,false,
2025-05-01,TEAM,Team Plan,187839,0.192,182,424,99.9664,false,
2025-05-01,ENTERPRISE,Enterprise Programme,128152,0.293,426,1494,100.003,false,
2025-05-01,CLASSROOM,Classroom Seat-Days,5336,0.274,399,1191,99.9804,false,
2025-05-01,VOUCHER,Certification Vouchers,6446,0.403,444,1372,99.971,false,
2025-05-02,PRO,Academy Pro,213895,0.378,202,644,99.9739,false,
2025-05-02,TEAM,Team Plan,236808,0.257,191,661,99.9328,false,
2025-05-02,ENTERPRISE,Enterprise Programme,106811,0.379,416,1393,99.9423,false,
2025-05-02,CLASSROOM,Classroom Seat-Days,6893,0.168,423,1418,99.9556,false,
2025-05-02,VOUCHER,Certification Vouchers,4023,0.261,365,1078,100.0134,false,
2025-05-03,PRO,Academy Pro,157815,0.586,190,444,100.0203,false,
2025-05-03,TEAM,Team Plan,332221,0.436,222,721,99.9669,false,
2025-05-03,ENTERPRISE,Enterprise Programme,114980,0.183,399,1606,99.9722,false,
2025-05-03,CLASSROOM,Classroom Seat-Days,5640,0.621,447,1324,100.0086,false,
2025-05-03,VOUCHER,Certification Vouchers,6683,0.353,459,1353,99.9579,false,
2025-05-04,PRO,Academy Pro,160416,0.236,165,598,99.9859,false,
2025-05-04,TEAM,Team Plan,282640,0.484,195,673,99.9814,false,
2025-05-04,ENTERPRISE,Enterprise Programme,77917,0.159,398,1412,99.9883,false,
2025-05-04,CLASSROOM,Classroom Seat-Days,4994,0.476,410,1262,99.9633,false,
2025-05-04,VOUCHER,Certification Vouchers,6438,0.329,415,1566,100.0109,false,
2025-05-05,PRO,Academy Pro,187636,0.251,183,735,99.9821,false,
2025-05-05,TEAM,Team Plan,276530,0.317,205,685,99.9474,false,
2025-05-05,ENTERPRISE,Enterprise Programme,92335,0.324,431,1326,100.0208,false,
2025-05-05,CLASSROOM,Classroom Seat-Days,7364,0.325,422,1590,99.9923,false,
2025-05-05,VOUCHER,Certification Vouchers,6097,0.147,367,1403,99.9911,false,
2025-05-06,PRO,Academy Pro,167266,0.192,140,702,99.9686,false,
2025-05-06,TEAM,Team Plan,273372,0.111,191,757,99.9514,false,
2025-05-06,ENTERPRISE,Enterprise Programme,97218,0.493,474,1340,99.9768,false,
2025-05-06,CLASSROOM,Classroom Seat-Days,4860,0.293,423,1167,99.9954,false,
2025-05-06,VOUCHER,Certification Vouchers,4723,0.015,416,1494,99.9834,false,
2025-05-07,PRO,Academy Pro,170694,0.292,173,650,99.9799,false,
2025-05-07,TEAM,Team Plan,297382,0.374,229,740,99.9821,false,
2025-05-07,ENTERPRISE,Enterprise Programme,118845,0.288,451,1498,100.0012,false,
2025-05-07,CLASSROOM,Classroom Seat-Days,6213,0.164,430,1396,99.952,false,
2025-05-07,VOUCHER,Certification Vouchers,6102,0.485,428,1754,100.0024,false,
2025-05-08,PRO,Academy Pro,160324,0.427,152,448,100.0029,false,
2025-05-08,TEAM,Team Plan,322684,0.195,210,918,99.9949,false,
2025-05-08,ENTERPRISE,Enterprise Programme,92555,0.406,446,1423,99.9416,false,
2025-05-08,CLASSROOM,Classroom Seat-Days,5611,0.158,398,1349,99.9976,false,
2025-05-08,VOUCHER,Certification Vouchers,6193,0.165,425,1461,99.9791,false,
2025-05-09,PRO,Academy Pro,196851,0.483,155,527,99.9847,false,
2025-05-09,TEAM,Team Plan,337864,0.225,172,559,100.0071,false,
2025-05-09,ENTERPRISE,Enterprise Programme,117589,0.155,429,1465,99.9883,false,
2025-05-09,CLASSROOM,Classroom Seat-Days,6677,0.275,388,1260,99.9867,false,
2025-05-09,VOUCHER,Certification Vouchers,4409,0.327,391,1710,99.9799,false,
2025-05-10,PRO,Academy Pro,156464,6.339,167,1054,100.9605,true,SEV3
2025-05-10,TEAM,Team Plan,212172,0.357,198,632,99.9857,false,
2025-05-10,ENTERPRISE,Enterprise Programme,133391,0.284,404,1269,99.9647,false,
2025-05-10,CLASSROOM,Classroom Seat-Days,6618,0.498,463,1268,99.9814,false,
2025-05-10,VOUCHER,Certification Vouchers,4195,0.319,435,1448,99.9628,false,
2025-05-11,PRO,Academy Pro,160822,0.313,169,547,100.0078,false,
2025-05-11,TEAM,Team Plan,215219,0.01,159,823,100.0073,false,
2025-05-11,ENTERPRISE,Enterprise Programme,107314,0.374,414,1416,99.9793,false,
2025-05-11,CLASSROOM,Classroom Seat-Days,5792,0.384,427,1470,99.9852,false,
2025-05-11,VOUCHER,Certification Vouchers,5878,0.544,396,1465,99.9601,false,
2025-05-12,PRO,Academy Pro,209081,0.366,192,688,99.9643,false,
2025-05-12,TEAM,Team Plan,188595,0.296,148,761,99.9836,false,
2025-05-12,ENTERPRISE,Enterprise Programme,117324,0.469,427,1408,100.0172,false,
2025-05-12,CLASSROOM,Classroom Seat-Days,5422,0.215,476,1374,100.0205,false,
2025-05-12,VOUCHER,Certification Vouchers,6982,0.105,415,1455,100.0125,false,
2025-05-13,PRO,Academy Pro,135560,0.327,193,559,99.9841,false,
2025-05-13,TEAM,Team Plan,307049,0.417,149,557,99.9981,false,
2025-05-13,ENTERPRISE,Enterprise Programme,104052,0.257,426,1456,99.98,false,
2025-05-13,CLASSROOM,Classroom Seat-Days,6620,0.132,456,1544,100.0158,false,
2025-05-13,VOUCHER,Certification Vouchers,6297,0.368,442,1216,100.027,false,
2025-05-14,PRO,Academy Pro,192417,0.327,233,696,99.983,false,
2025-05-14,TEAM,Team Plan,206646,0.408,232,436,99.9516,false,
2025-05-14,ENTERPRISE,Enterprise Programme,149088,0.399,366,1393,99.9731,false,
2025-05-14,CLASSROOM,Classroom Seat-Days,7463,0.339,399,1644,99.9833,false,
2025-05-14,VOUCHER,Certification Vouchers,5577,0.304,427,1458,99.9922,false,
2025-05-15,PRO,Academy Pro,143305,0.408,205,687,99.9803,false,
2025-05-15,TEAM,Team Plan,253529,0.406,202,552,99.9239,false,
2025-05-15,ENTERPRISE,Enterprise Programme,107966,0.184,443,1610,99.9738,false,
2025-05-15,CLASSROOM,Classroom Seat-Days,6108,2.74,423,60,99.1322,true,SEV2
2025-05-15,VOUCHER,Certification Vouchers,7218,0.172,411,1354,99.9735,false,
2025-05-15,IMPL,Implementation Services,4315,0.182,444,1468,99.9808,false,
2025-05-16,PRO,Academy Pro,124038,0.53,149,630,99.9691,false,
2025-05-16,TEAM,Team Plan,251450,0.01,218,815,99.9849,false,
2025-05-16,ENTERPRISE,Enterprise Programme,110685,0.159,399,1341,100.0018,false,
2025-05-16,CLASSROOM,Classroom Seat-Days,4652,0.333,466,1235,99.9829,false,
2025-05-16,VOUCHER,Certification Vouchers,8911,0.515,434,1427,99.9687,false,
2025-05-16,IMPL,Implementation Services,6123,0.269,424,1393,100.0198,false,
2025-05-17,PRO,Academy Pro,259163,0.208,129,742,99.9686,false,
2025-05-17,TEAM,Team Plan,311314,0.106,146,507,100.0021,false,
2025-05-17,ENTERPRISE,Enterprise Programme,153782,0.354,439,1279,100.0159,false,
2025-05-17,CLASSROOM,Classroom Seat-Days,5981,0.376,442,1463,99.9892,false,
2025-05-17,VOUCHER,Certification Vouchers,7394,0.098,399,1558,100.0037,false,
2025-05-17,IMPL,Implementation Services,7482,0.106,455,1478,99.9865,false,
2025-05-18,PRO,Academy Pro,176421,0.354,182,716,99.9934,false,
2025-05-18,TEAM,Team Plan,270190,0.215,176,1018,99.9826,false,
2025-05-18,ENTERPRISE,Enterprise Programme,152298,0.01,450,1416,99.9585,false,
2025-05-18,CLASSROOM,Classroom Seat-Days,6560,0.337,394,1574,99.9609,false,
2025-05-18,VOUCHER,Certification Vouchers,3702,0.202,410,1419,100.0016,false,
2025-05-18,IMPL,Implementation Services,6414,0.348,502,1528,99.9871,false,
2025-05-19,PRO,Academy Pro,169410,0.462,150,488,99.9764,false,
2025-05-19,TEAM,Team Plan,265798,0.321,204,637,99.9969,false,
2025-05-19,ENTERPRISE,Enterprise Programme,106785,0.522,395,1313,99.9899,false,
2025-05-19,CLASSROOM,Classroom Seat-Days,6842,0.195,459,1415,99.983,false,
2025-05-19,VOUCHER,Certification Vouchers,6262,0.103,412,1502,99.9675,false,
2025-05-19,IMPL,Implementation Services,5538,0.118,409,1485,99.9828,false,
2025-05-20,PRO,Academy Pro,158237,0.258,201,561,99.9854,false,
2025-05-20,TEAM,Team Plan,211032,0.409,192,775,100.002,false,
2025-05-20,ENTERPRISE,Enterprise Programme,100581,0.252,415,1296,99.9812,false,
2025-05-20,CLASSROOM,Classroom Seat-Days,6838,0.01,441,1404,99.9848,false,
2025-05-20,VOUCHER,Certification Vouchers,6132,0.225,459,1493,99.9765,false,
2025-05-20,IMPL,Implementation Services,6592,0.33,388,1498,99.9684,false,
2025-05-21,PRO,Academy Pro,191971,0.404,134,710,100.0032,false,
2025-05-21,TEAM,Team Plan,272743,0.163,193,635,100.0331,false,
2025-05-21,ENTERPRISE,Enterprise Programme,103906,0.112,408,1344,99.9662,false,
2025-05-21,CLASSROOM,Classroom Seat-Days,4387,0.118,392,1331,100.0186,false,
2025-05-21,VOUCHER,Certification Vouchers,6851,0.228,434,1304,100.0108,false,
2025-05-21,IMPL,Implementation Services,4226,0.053,425,1307,99.997,false,
2025-05-22,PRO,Academy Pro,226440,0.417,130,719,99.9528,false,
2025-05-22,TEAM,Team Plan,262954,0.295,228,589,100.0044,false,
2025-05-22,ENTERPRISE,Enterprise Programme,119200,0.044,399,1156,99.9602,false,
2025-05-22,CLASSROOM,Classroom Seat-Days,6400,0.29,455,1387,99.964,false,
2025-05-22,VOUCHER,Certification Vouchers,3830,0.373,469,1276,100.0064,false,
2025-05-22,IMPL,Implementation Services,5034,0.335,405,1464,100.0089,false,
2025-05-23,PRO,Academy Pro,166108,0.419,207,789,99.975,false,
2025-05-23,TEAM,Team Plan,299169,0.231,152,660,99.9919,false,
2025-05-23,ENTERPRISE,Enterprise Programme,94774,0.153,391,1440,99.9945,false,
2025-05-23,CLASSROOM,Classroom Seat-Days,6318,7.445,436,1028,98.2822,true,SEV3
2025-05-23,VOUCHER,Certification Vouchers,6774,0.234,415,1311,99.9827,false,
2025-05-23,IMPL,Implementation Services,6210,3.161,375,1180,98.1283,true,SEV1
2025-05-24,PRO,Academy Pro,182700,0.324,142,555,99.9986,false,
2025-05-24,TEAM,Team Plan,332992,0.34,223,697,99.9895,false,
2025-05-24,ENTERPRISE,Enterprise Programme,134727,0.302,410,1513,100.0115,false,
2025-05-24,CLASSROOM,Classroom Seat-Days,5453,0.307,427,1545,100.0071,false,
2025-05-24,VOUCHER,Certification Vouchers,4781,0.365,435,1330,100.0143,false,
2025-05-24,IMPL,Implementation Services,6490,0.254,471,1235,99.9992,false,
2025-05-25,PRO,Academy Pro,170040,0.258,197,703,99.9796,false,
2025-05-25,TEAM,Team Plan,222069,0.288,132,741,99.97,false,
2025-05-25,ENTERPRISE,Enterprise Programme,95033,0.334,338,1461,99.955,false,
2025-05-25,CLASSROOM,Classroom Seat-Days,6098,0.251,477,1509,99.9553,false,
2025-05-25,VOUCHER,Certification Vouchers,4160,0.502,347,1314,99.9795,false,
2025-05-25,IMPL,Implementation Services,6080,0.247,443,1554,99.9997,false,
2025-05-26,PRO,Academy Pro,190391,0.319,144,610,99.993,false,
2025-05-26,TEAM,Team Plan,275230,0.303,153,434,100.0095,false,
2025-05-26,ENTERPRISE,Enterprise Programme,117562,0.47,428,1478,100.0299,false,
2025-05-26,CLASSROOM,Classroom Seat-Days,5856,0.615,445,1373,100.0262,false,
2025-05-26,VOUCHER,Certification Vouchers,5546,0.192,321,1573,99.9618,false,
2025-05-26,IMPL,Implementation Services,6234,0.205,413,1512,99.9717,false,
2025-05-27,PRO,Academy Pro,153326,0.28,167,674,99.9992,false,
2025-05-27,TEAM,Team Plan,260449,0.109,208,639,100.0073,false,
2025-05-27,ENTERPRISE,Enterprise Programme,122436,0.243,424,1333,99.9713,false,
2025-05-27,CLASSROOM,Classroom Seat-Days,5527,0.062,448,1446,100.0115,false,
2025-05-27,VOUCHER,Certification Vouchers,5171,0.263,418,1473,100.0141,false,
2025-05-27,IMPL,Implementation Services,5774,0.168,455,1335,99.971,false,
2025-05-28,PRO,Academy Pro,214148,0.449,224,682,99.9827,false,
2025-05-28,TEAM,Team Plan,265956,0.01,171,639,99.9902,false,
2025-05-28,ENTERPRISE,Enterprise Programme,171086,0.036,389,1521,99.968,false,
2025-05-28,CLASSROOM,Classroom Seat-Days,4519,0.313,445,1388,100.01,false,
2025-05-28,VOUCHER,Certification Vouchers,6973,0.32,397,1433,100.0009,false,
2025-05-28,IMPL,Implementation Services,6759,0.189,409,1465,100.0244,false,
2025-05-29,PRO,Academy Pro,179858,0.356,214,861,100.0097,false,
2025-05-29,TEAM,Team Plan,188246,0.194,187,724,99.9879,false,
2025-05-29,ENTERPRISE,Enterprise Programme,159084,0.235,391,1557,99.983,false,
2025-05-29,CLASSROOM,Classroom Seat-Days,6192,0.24,412,1073,99.9768,false,
2025-05-29,VOUCHER,Certification Vouchers,5775,0.435,448,1475,99.9685,false,
2025-05-29,IMPL,Implementation Services,7279,0.379,405,1311,100.0032,false,
2025-05-30,PRO,Academy Pro,186383,0.448,247,544,99.9792,false,
2025-05-30,TEAM,Team Plan,221867,0.474,201,477,99.9732,false,
2025-05-30,ENTERPRISE,Enterprise Programme,86681,0.401,440,1572,99.9843,false,
2025-05-30,CLASSROOM,Classroom Seat-Days,7002,0.145,396,1345,100.0165,false,
2025-05-30,VOUCHER,Certification Vouchers,6510,0.381,458,1307,99.985,false,
2025-05-30,IMPL,Implementation Services,5820,0.307,438,1409,99.9611,false,
2025-05-31,PRO,Academy Pro,205937,0.159,225,389,99.9876,false,
2025-05-31,TEAM,Team Plan,253590,0.218,159,717,99.9756,false,
2025-05-31,ENTERPRISE,Enterprise Programme,113003,0.332,444,1362,99.9815,false,
2025-05-31,CLASSROOM,Classroom Seat-Days,5854,0.113,430,1438,99.9886,false,
2025-05-31,VOUCHER,Certification Vouchers,6968,0.271,425,1555,100.004,false,
2025-05-31,IMPL,Implementation Services,5967,0.339,416,1482,99.9924,false,
2025-06-01,PRO,Academy Pro,200304,0.368,169,757,99.9783,false,
2025-06-01,TEAM,Team Plan,228338,0.01,246,756,99.9634,false,
2025-06-01,ENTERPRISE,Enterprise Programme,118394,0.1,466,1078,99.989,false,
2025-06-01,CLASSROOM,Classroom Seat-Days,5539,0.196,421,1385,99.961,false,
2025-06-01,VOUCHER,Certification Vouchers,7927,0.236,437,1320,99.9941,false,
2025-06-01,IMPL,Implementation Services,7074,0.146,405,1358,99.977,false,
2025-06-02,PRO,Academy Pro,154075,0.228,182,367,99.9718,false,
2025-06-02,TEAM,Team Plan,264211,0.189,160,510,100.0164,false,
2025-06-02,ENTERPRISE,Enterprise Programme,130516,0.152,427,1518,99.999,false,
2025-06-02,CLASSROOM,Classroom Seat-Days,8151,0.291,347,1389,100.0132,false,
2025-06-02,VOUCHER,Certification Vouchers,4941,0.374,460,1424,99.9631,false,
2025-06-02,IMPL,Implementation Services,4683,0.208,398,1224,99.9662,false,
2025-06-03,PRO,Academy Pro,186654,0.122,151,659,99.9963,false,
2025-06-03,TEAM,Team Plan,227830,0.5,199,701,100.0211,false,
2025-06-03,ENTERPRISE,Enterprise Programme,114877,0.365,445,1424,100.0016,false,
2025-06-03,CLASSROOM,Classroom Seat-Days,6393,0.379,425,1451,99.9939,false,
2025-06-03,VOUCHER,Certification Vouchers,7313,0.413,399,1346,100.0007,false,
2025-06-03,IMPL,Implementation Services,5807,0.169,429,1310,99.9541,false,
2025-06-04,PRO,Academy Pro,240982,0.255,188,572,99.9641,false,
2025-06-04,TEAM,Team Plan,189323,0.423,133,562,99.9868,false,
2025-06-04,ENTERPRISE,Enterprise Programme,83681,0.339,383,1258,99.9781,false,
2025-06-04,CLASSROOM,Classroom Seat-Days,6558,0.111,429,1687,99.9873,false,
2025-06-04,VOUCHER,Certification Vouchers,7076,0.439,430,1523,100.0065,false,
2025-06-04,IMPL,Implementation Services,5455,0.493,410,1392,100.0037,false,
2025-06-05,PRO,Academy Pro,237118,0.161,222,764,99.9675,false,
2025-06-05,TEAM,Team Plan,319508,0.509,198,646,100.0033,false,
2025-06-05,ENTERPRISE,Enterprise Programme,124905,0.135,401,1676,99.9907,false,
2025-06-05,CLASSROOM,Classroom Seat-Days,4443,0.233,463,1349,99.9865,false,
2025-06-05,VOUCHER,Certification Vouchers,5838,0.547,375,1403,99.9578,false,
2025-06-05,IMPL,Implementation Services,5480,0.269,425,1232,99.9825,false,
2025-06-06,PRO,Academy Pro,191417,0.486,232,662,99.9882,false,
2025-06-06,TEAM,Team Plan,222160,0.12,185,804,99.9498,false,
2025-06-06,ENTERPRISE,Enterprise Programme,113609,0.33,456,1722,99.9877,false,
2025-06-06,CLASSROOM,Classroom Seat-Days,7056,3.03,415,1115,99.6753,true,SEV3
2025-06-06,VOUCHER,Certification Vouchers,5507,0.505,409,1473,100.0302,false,
2025-06-06,IMPL,Implementation Services,6348,0.06,519,1610,99.9679,false,
2025-06-07,PRO,Academy Pro,184813,0.048,168,492,99.9786,false,
2025-06-07,TEAM,Team Plan,318302,0.528,196,709,99.9593,false,
2025-06-07,ENTERPRISE,Enterprise Programme,109054,0.438,470,1412,99.9974,false,
2025-06-07,CLASSROOM,Classroom Seat-Days,5663,0.201,407,1269,99.9757,false,
2025-06-07,VOUCHER,Certification Vouchers,6213,5.39,404,1652,96.3338,true,SEV3
2025-06-07,IMPL,Implementation Services,5909,0.222,368,1239,100.0063,false,
2025-06-08,PRO,Academy Pro,157521,0.422,172,721,100.0069,false,
2025-06-08,TEAM,Team Plan,234117,0.01,202,589,99.948,false,
2025-06-08,ENTERPRISE,Enterprise Programme,119038,0.247,416,1374,99.979,false,
2025-06-08,CLASSROOM,Classroom Seat-Days,6353,0.317,430,1427,99.9692,false,
2025-06-08,VOUCHER,Certification Vouchers,5249,0.15,445,1478,99.9689,false,
2025-06-08,IMPL,Implementation Services,6335,0.618,423,1261,100.004,false,
2025-06-09,PRO,Academy Pro,110380,0.138,156,602,99.984,false,
2025-06-09,TEAM,Team Plan,211346,0.294,172,569,100.0167,false,
2025-06-09,ENTERPRISE,Enterprise Programme,136973,0.498,373,1335,99.9784,false,
2025-06-09,CLASSROOM,Classroom Seat-Days,6095,0.128,441,1271,100.0052,false,
2025-06-09,VOUCHER,Certification Vouchers,7839,0.353,422,1393,100.0099,false,
2025-06-09,IMPL,Implementation Services,6461,0.373,435,1332,99.9757,false,
2025-06-10,PRO,Academy Pro,162810,0.072,177,673,99.9925,false,
2025-06-10,TEAM,Team Plan,153650,0.419,194,685,100.0253,false,
2025-06-10,ENTERPRISE,Enterprise Programme,73363,0.217,415,1424,99.9997,false,
2025-06-10,CLASSROOM,Classroom Seat-Days,7106,0.213,435,1353,99.9647,false,
2025-06-10,VOUCHER,Certification Vouchers,5648,0.222,388,1190,99.9639,false,
2025-06-10,IMPL,Implementation Services,7319,0.248,425,1309,99.9939,false,
2025-06-11,PRO,Academy Pro,176061,0.534,194,634,99.9672,false,
2025-06-11,TEAM,Team Plan,314053,0.124,175,843,99.9834,false,
2025-06-11,ENTERPRISE,Enterprise Programme,108676,0.194,453,1440,99.9714,false,
2025-06-11,CLASSROOM,Classroom Seat-Days,5225,0.265,420,1462,99.9709,false,
2025-06-11,VOUCHER,Certification Vouchers,6471,5.177,335,1783,96.9499,true,SEV3
2025-06-11,IMPL,Implementation Services,4712,0.548,444,1515,100.0009,false,
2025-06-12,PRO,Academy Pro,164402,0.338,179,611,100.0093,false,
2025-06-12,TEAM,Team Plan,225437,0.24,195,741,100.0181,false,
2025-06-12,ENTERPRISE,Enterprise Programme,93457,0.302,412,1228,99.9544,false,
2025-06-12,CLASSROOM,Classroom Seat-Days,7472,0.508,446,1250,99.997,false,
2025-06-12,VOUCHER,Certification Vouchers,5436,0.01,408,1395,99.987,false,
2025-06-12,IMPL,Implementation Services,5975,0.435,415,1458,99.9989,false,
2025-06-13,PRO,Academy Pro,217165,0.327,217,652,100.0029,false,
2025-06-13,TEAM,Team Plan,308794,0.329,200,857,100.0117,false,
2025-06-13,ENTERPRISE,Enterprise Programme,78213,0.146,443,1415,100.0012,false,
2025-06-13,CLASSROOM,Classroom Seat-Days,5827,0.017,391,1430,99.9883,false,
2025-06-13,VOUCHER,Certification Vouchers,6417,0.308,450,1511,99.9888,false,
2025-06-13,IMPL,Implementation Services,5467,0.26,384,1389,99.9977,false,
2025-06-14,PRO,Academy Pro,188798,0.308,142,639,99.9886,false,
2025-06-14,TEAM,Team Plan,177260,0.363,209,426,99.9943,false,
2025-06-14,ENTERPRISE,Enterprise Programme,89679,0.419,376,1410,99.9494,false,
2025-06-14,CLASSROOM,Classroom Seat-Days,3748,0.507,433,1414,99.9777,false,
2025-06-14,VOUCHER,Certification Vouchers,6553,0.195,447,1287,100.0079,false,
2025-06-14,IMPL,Implementation Services,6571,0.368,462,1362,99.9958,false,
2025-06-15,PRO,Academy Pro,160659,0.313,191,746,99.9963,false,
2025-06-15,TEAM,Team Plan,243924,0.415,237,583,99.9973,false,
2025-06-15,ENTERPRISE,Enterprise Programme,111551,0.239,388,1616,100.0179,false,
2025-06-15,CLASSROOM,Classroom Seat-Days,6762,0.298,396,1511,99.9741,false,
2025-06-15,VOUCHER,Certification Vouchers,8468,0.42,452,1166,99.9986,false,
2025-06-15,IMPL,Implementation Services,4532,0.015,449,1339,99.9962,false,
2025-06-16,PRO,Academy Pro,187614,0.27,170,833,99.9872,false,
2025-06-16,TEAM,Team Plan,247951,0.269,170,604,99.9529,false,
2025-06-16,ENTERPRISE,Enterprise Programme,148166,0.447,383,1467,100.0015,false,
2025-06-16,CLASSROOM,Classroom Seat-Days,5323,0.321,449,1371,99.9993,false,
2025-06-16,VOUCHER,Certification Vouchers,6186,0.322,377,1343,100.0227,false,
2025-06-16,IMPL,Implementation Services,5683,0.111,429,1441,99.9783,false,
2025-06-17,PRO,Academy Pro,188050,0.346,102,612,99.9926,false,
2025-06-17,TEAM,Team Plan,251911,0.483,158,652,100.0091,false,
2025-06-17,ENTERPRISE,Enterprise Programme,132028,0.315,386,1397,99.9682,false,
2025-06-17,CLASSROOM,Classroom Seat-Days,5514,0.293,402,1251,99.9675,false,
2025-06-17,VOUCHER,Certification Vouchers,4953,0.132,444,1520,99.9921,false,
2025-06-17,IMPL,Implementation Services,4319,0.44,432,1446,100.0157,false,
2025-06-18,PRO,Academy Pro,227381,0.307,209,577,99.9717,false,
2025-06-18,TEAM,Team Plan,258816,0.11,147,788,100.0087,false,
2025-06-18,ENTERPRISE,Enterprise Programme,119043,0.367,427,1390,99.943,false,
2025-06-18,CLASSROOM,Classroom Seat-Days,6500,0.397,422,1461,100.037,false,
2025-06-18,VOUCHER,Certification Vouchers,6691,0.386,420,1366,99.9679,false,
2025-06-18,IMPL,Implementation Services,7309,0.384,479,1392,100.0028,false,
2025-06-19,PRO,Academy Pro,211680,0.218,151,490,99.9739,false,
2025-06-19,TEAM,Team Plan,227932,0.231,233,659,99.9696,false,
2025-06-19,ENTERPRISE,Enterprise Programme,117933,0.435,446,1440,100.0224,false,
2025-06-19,CLASSROOM,Classroom Seat-Days,7253,0.244,406,1529,99.9749,false,
2025-06-19,VOUCHER,Certification Vouchers,6488,0.229,459,1352,99.9746,false,
2025-06-19,IMPL,Implementation Services,5095,0.29,367,1571,99.9801,false,
2025-06-20,PRO,Academy Pro,159950,0.258,198,607,99.9976,false,
2025-06-20,TEAM,Team Plan,305748,0.336,158,674,99.9801,false,
2025-06-20,ENTERPRISE,Enterprise Programme,121581,0.312,380,1368,99.9939,false,
2025-06-20,CLASSROOM,Classroom Seat-Days,4443,0.206,352,1517,99.9956,false,
2025-06-20,VOUCHER,Certification Vouchers,4782,0.138,444,1318,99.9939,false,
2025-06-20,IMPL,Implementation Services,4598,0.232,457,1194,100.0074,false,
2025-06-21,PRO,Academy Pro,233878,0.381,147,622,99.9618,false,
2025-06-21,TEAM,Team Plan,275246,0.205,157,742,100.0016,false,
2025-06-21,ENTERPRISE,Enterprise Programme,146545,0.01,405,1335,99.9946,false,
2025-06-21,CLASSROOM,Classroom Seat-Days,6511,0.189,465,1593,99.9873,false,
2025-06-21,VOUCHER,Certification Vouchers,6325,0.047,437,1348,100.0081,false,
2025-06-21,IMPL,Implementation Services,6509,0.279,440,1231,99.9915,false,
2025-06-22,PRO,Academy Pro,172804,0.483,209,663,99.9847,false,
2025-06-22,TEAM,Team Plan,222241,0.07,137,475,99.9942,false,
2025-06-22,ENTERPRISE,Enterprise Programme,112005,0.382,464,1439,99.981,false,
2025-06-22,CLASSROOM,Classroom Seat-Days,5909,0.466,462,1534,99.9996,false,
2025-06-22,VOUCHER,Certification Vouchers,6864,0.064,449,1421,99.9924,false,
2025-06-22,IMPL,Implementation Services,4986,0.315,415,1497,99.9834,false,
2025-06-23,PRO,Academy Pro,163612,0.493,146,752,99.9841,false,
2025-06-23,TEAM,Team Plan,287692,0.01,136,744,99.9671,false,
2025-06-23,ENTERPRISE,Enterprise Programme,123764,0.075,387,1368,99.9905,false,
2025-06-23,CLASSROOM,Classroom Seat-Days,6204,0.264,465,1511,99.9678,false,
2025-06-23,VOUCHER,Certification Vouchers,6160,0.366,428,1195,99.9788,false,
2025-06-23,IMPL,Implementation Services,4612,0.438,455,1406,99.9529,false,
2025-06-24,PRO,Academy Pro,224591,0.328,177,476,99.9938,false,
2025-06-24,TEAM,Team Plan,273957,0.451,203,480,100.0111,false,
2025-06-24,ENTERPRISE,Enterprise Programme,87280,0.443,415,1496,99.9713,false,
2025-06-24,CLASSROOM,Classroom Seat-Days,5784,0.216,375,1348,99.9898,false,
2025-06-24,VOUCHER,Certification Vouchers,6737,0.097,403,1319,99.9785,false,
2025-06-24,IMPL,Implementation Services,5715,0.279,447,1400,99.9975,false,
2025-06-25,PRO,Academy Pro,192301,6.44,161,1131,97.1221,true,SEV3
2025-06-25,TEAM,Team Plan,286273,0.458,203,542,100.0059,false,
2025-06-25,ENTERPRISE,Enterprise Programme,111468,0.235,459,1329,99.9848,false,
2025-06-25,CLASSROOM,Classroom Seat-Days,4570,0.038,472,1284,99.9862,false,
2025-06-25,VOUCHER,Certification Vouchers,5602,0.439,415,1136,100.0051,false,
2025-06-25,IMPL,Implementation Services,5772,0.085,476,1478,99.9718,false,
2025-06-26,PRO,Academy Pro,153702,0.345,203,823,100,false,
2025-06-26,TEAM,Team Plan,310384,0.089,171,730,99.9955,false,
2025-06-26,ENTERPRISE,Enterprise Programme,125238,0.213,387,1226,99.9802,false,
2025-06-26,CLASSROOM,Classroom Seat-Days,8340,0.388,449,1168,99.9896,false,
2025-06-26,VOUCHER,Certification Vouchers,5334,0.383,474,1362,100.0126,false,
2025-06-26,IMPL,Implementation Services,6727,0.332,417,1377,99.9755,false,
2025-06-27,PRO,Academy Pro,152346,0.266,180,607,99.9698,false,
2025-06-27,TEAM,Team Plan,283937,0.136,175,473,99.965,false,
2025-06-27,ENTERPRISE,Enterprise Programme,103419,0.398,434,1285,100.0021,false,
2025-06-27,CLASSROOM,Classroom Seat-Days,6828,0.156,408,1233,99.9661,false,
2025-06-27,VOUCHER,Certification Vouchers,6942,0.175,387,1469,99.9888,false,
2025-06-27,IMPL,Implementation Services,6520,0.287,453,1546,99.9972,false,
2025-06-28,PRO,Academy Pro,169221,0.223,203,864,100.0099,false,
2025-06-28,TEAM,Team Plan,293992,0.301,206,640,100.0212,false,
2025-06-28,ENTERPRISE,Enterprise Programme,137089,0.39,381,1250,99.9773,false,
2025-06-28,CLASSROOM,Classroom Seat-Days,5981,0.536,385,1356,99.9826,false,
2025-06-28,VOUCHER,Certification Vouchers,6284,0.094,423,1444,100.0055,false,
2025-06-28,IMPL,Implementation Services,6807,0.306,469,1463,99.9958,false,
2025-06-29,PRO,Academy Pro,197620,0.35,138,587,100.0074,false,
2025-06-29,TEAM,Team Plan,262476,0.264,212,500,99.9579,false,
2025-06-29,ENTERPRISE,Enterprise Programme,127588,0.208,428,1173,100.0059,false,
2025-06-29,CLASSROOM,Classroom Seat-Days,5525,0.526,400,1457,99.983,false,
2025-06-29,VOUCHER,Certification Vouchers,6449,0.227,409,1514,99.9809,false,
2025-06-29,IMPL,Implementation Services,7894,0.319,461,1361,99.9464,false,
2025-06-30,PRO,Academy Pro,186537,0.352,189,588,99.9918,false,
2025-06-30,TEAM,Team Plan,337114,0.116,197,771,100.0036,false,
2025-06-30,ENTERPRISE,Enterprise Programme,110043,0.01,460,1551,99.9651,false,
2025-06-30,CLASSROOM,Classroom Seat-Days,7126,0.27,411,1133,99.9718,false,
2025-06-30,VOUCHER,Certification Vouchers,6573,0.518,379,1479,99.9938,false,
2025-06-30,IMPL,Implementation Services,3746,0.25,419,1429,100.0438,false,
2025-07-01,PRO,Academy Pro,150952,0.126,164,614,100.0007,false,
2025-07-01,TEAM,Team Plan,201460,0.364,176,628,99.9629,false,
2025-07-01,ENTERPRISE,Enterprise Programme,135065,0.194,414,1495,99.9739,false,
2025-07-01,CLASSROOM,Classroom Seat-Days,5893,0.239,427,1540,99.9565,false,
2025-07-01,VOUCHER,Certification Vouchers,4384,0.429,498,1448,99.9925,false,
2025-07-01,IMPL,Implementation Services,7714,0.116,440,1452,99.9738,false,
2025-07-02,PRO,Academy Pro,231103,0.231,119,624,99.9713,false,
2025-07-02,TEAM,Team Plan,232139,0.394,184,592,100.0007,false,
2025-07-02,ENTERPRISE,Enterprise Programme,99201,0.173,422,1526,99.9988,false,
2025-07-02,CLASSROOM,Classroom Seat-Days,5822,0.533,376,1538,99.9766,false,
2025-07-02,VOUCHER,Certification Vouchers,5943,0.345,410,1309,99.9875,false,
2025-07-02,IMPL,Implementation Services,6802,0.404,415,1667,99.9835,false,
2025-07-03,PRO,Academy Pro,193350,0.217,146,581,99.9906,false,
2025-07-03,TEAM,Team Plan,314273,0.23,179,924,99.9974,false,
2025-07-03,ENTERPRISE,Enterprise Programme,164959,0.204,427,1444,99.9939,false,
2025-07-03,CLASSROOM,Classroom Seat-Days,6802,0.486,433,1500,99.9709,false,
2025-07-03,VOUCHER,Certification Vouchers,5849,0.248,400,1549,100.0174,false,
2025-07-03,IMPL,Implementation Services,6961,0.437,370,1263,99.9525,false,
2025-07-04,PRO,Academy Pro,208047,0.331,156,654,99.9706,false,
2025-07-04,TEAM,Team Plan,240930,0.405,164,683,99.9705,false,
2025-07-04,ENTERPRISE,Enterprise Programme,110279,0.305,418,1295,99.9946,false,
2025-07-04,CLASSROOM,Classroom Seat-Days,5578,0.155,404,1495,100.0029,false,
2025-07-04,VOUCHER,Certification Vouchers,6180,0.345,409,1462,99.9876,false,
2025-07-04,IMPL,Implementation Services,4803,0.341,408,1257,100.0129,false,
2025-07-05,PRO,Academy Pro,195384,0.357,193,820,99.9549,false,
2025-07-05,TEAM,Team Plan,230184,0.065,201,628,99.9643,false,
2025-07-05,ENTERPRISE,Enterprise Programme,147694,0.046,402,1464,99.9948,false,
2025-07-05,CLASSROOM,Classroom Seat-Days,4437,0.285,395,1243,99.9966,false,
2025-07-05,VOUCHER,Certification Vouchers,4870,0.029,476,1496,99.9593,false,
2025-07-05,IMPL,Implementation Services,4948,0.311,482,1414,99.9905,false,
2025-07-06,PRO,Academy Pro,203382,0.252,243,688,99.9694,false,
2025-07-06,TEAM,Team Plan,348384,0.325,218,587,99.9957,false,
2025-07-06,ENTERPRISE,Enterprise Programme,126465,0.253,397,1340,100.0096,false,
2025-07-06,CLASSROOM,Classroom Seat-Days,6321,0.344,382,1447,100.0042,false,
2025-07-06,VOUCHER,Certification Vouchers,5115,0.256,345,1277,100.0464,false,
2025-07-06,IMPL,Implementation Services,7374,0.154,418,1339,99.9927,false,
2025-07-07,PRO,Academy Pro,127427,0.067,144,612,99.9986,false,
2025-07-07,TEAM,Team Plan,241691,0.177,176,493,99.9764,false,
2025-07-07,ENTERPRISE,Enterprise Programme,116974,0.445,441,1423,99.9939,false,
2025-07-07,CLASSROOM,Classroom Seat-Days,6491,0.103,400,1413,100.0136,false,
2025-07-07,VOUCHER,Certification Vouchers,6158,0.358,421,1264,99.9876,false,
2025-07-07,IMPL,Implementation Services,6235,0.324,476,1384,99.9939,false,
2025-07-08,PRO,Academy Pro,223160,0.226,210,584,99.9902,false,
2025-07-08,TEAM,Team Plan,289972,0.06,120,630,100.0387,false,
2025-07-08,ENTERPRISE,Enterprise Programme,152639,0.254,460,1492,99.9562,false,
2025-07-08,CLASSROOM,Classroom Seat-Days,7222,0.341,439,1358,99.9941,false,
2025-07-08,VOUCHER,Certification Vouchers,7698,0.349,449,1274,99.9869,false,
2025-07-08,IMPL,Implementation Services,6244,0.328,426,1500,99.9807,false,
2025-07-09,PRO,Academy Pro,167576,0.266,173,597,99.9704,false,
2025-07-09,TEAM,Team Plan,237280,0.416,183,723,99.9618,false,
2025-07-09,ENTERPRISE,Enterprise Programme,142332,0.279,423,1410,100.0322,false,
2025-07-09,CLASSROOM,Classroom Seat-Days,6099,0.424,408,1748,99.9974,false,
2025-07-09,VOUCHER,Certification Vouchers,6078,0.156,469,1483,99.9698,false,
2025-07-09,IMPL,Implementation Services,5161,3.53,424,1134,100.1534,true,SEV1
2025-07-10,PRO,Academy Pro,194163,0.11,204,677,100.0081,false,
2025-07-10,TEAM,Team Plan,256303,0.27,182,586,99.9897,false,
2025-07-10,ENTERPRISE,Enterprise Programme,124560,0.319,409,1052,99.9875,false,
2025-07-10,CLASSROOM,Classroom Seat-Days,5966,0.245,405,1453,100.0086,false,
2025-07-10,VOUCHER,Certification Vouchers,8693,0.256,453,1380,99.9921,false,
2025-07-10,IMPL,Implementation Services,5676,0.2,411,1365,99.9916,false,
2025-07-11,PRO,Academy Pro,198012,0.591,173,493,99.9852,false,
2025-07-11,TEAM,Team Plan,301541,0.187,182,519,99.9818,false,
2025-07-11,ENTERPRISE,Enterprise Programme,126687,0.367,415,1443,99.9509,false,
2025-07-11,CLASSROOM,Classroom Seat-Days,6275,0.424,462,1358,100.0161,false,
2025-07-11,VOUCHER,Certification Vouchers,6647,0.01,429,1385,99.9865,false,
2025-07-11,IMPL,Implementation Services,9192,0.01,421,1270,99.9828,false,
2025-07-12,PRO,Academy Pro,141752,0.378,202,527,99.9843,false,
2025-07-12,TEAM,Team Plan,298731,0.37,117,859,99.9887,false,
2025-07-12,ENTERPRISE,Enterprise Programme,154501,0.358,411,1367,99.981,false,
2025-07-12,CLASSROOM,Classroom Seat-Days,7891,0.254,367,1436,99.9785,false,
2025-07-12,VOUCHER,Certification Vouchers,3503,0.29,418,1651,99.9885,false,
2025-07-12,IMPL,Implementation Services,6915,0.207,490,1331,99.9861,false,
2025-07-13,PRO,Academy Pro,163610,0.026,117,686,99.9859,false,
2025-07-13,TEAM,Team Plan,266018,0.371,166,645,100.0108,false,
2025-07-13,ENTERPRISE,Enterprise Programme,89945,0.386,406,1369,99.9577,false,
2025-07-13,CLASSROOM,Classroom Seat-Days,8341,0.31,416,1227,100.0174,false,
2025-07-13,VOUCHER,Certification Vouchers,4204,0.541,393,1214,99.9947,false,
2025-07-13,IMPL,Implementation Services,4950,0.229,384,1390,99.9645,false,
2025-07-14,PRO,Academy Pro,196623,0.06,144,868,99.955,false,
2025-07-14,TEAM,Team Plan,285226,0.164,209,568,99.9758,false,
2025-07-14,ENTERPRISE,Enterprise Programme,104422,0.35,412,1342,99.9689,false,
2025-07-14,CLASSROOM,Classroom Seat-Days,4587,0.286,378,1228,99.9497,false,
2025-07-14,VOUCHER,Certification Vouchers,5881,0.414,410,1331,99.9988,false,
2025-07-14,IMPL,Implementation Services,5353,0.365,447,1469,100.0109,false,
2025-07-15,PRO,Academy Pro,174023,0.123,149,645,100.0039,false,
2025-07-15,TEAM,Team Plan,243049,0.229,178,779,99.9977,false,
2025-07-15,ENTERPRISE,Enterprise Programme,136952,0.322,433,1388,99.9646,false,
2025-07-15,CLASSROOM,Classroom Seat-Days,6156,0.01,446,1390,99.9921,false,
2025-07-15,VOUCHER,Certification Vouchers,5101,0.233,461,1176,99.9276,false,
2025-07-15,IMPL,Implementation Services,6782,0.05,430,1365,99.9867,false,
2025-07-16,PRO,Academy Pro,258426,0.246,152,737,99.9721,false,
2025-07-16,TEAM,Team Plan,165477,0.436,182,662,100.0205,false,
2025-07-16,ENTERPRISE,Enterprise Programme,103964,0.357,386,1358,99.949,false,
2025-07-16,CLASSROOM,Classroom Seat-Days,4554,0.163,442,1453,99.9883,false,
2025-07-16,VOUCHER,Certification Vouchers,3735,0.251,464,1438,99.9694,false,
2025-07-16,IMPL,Implementation Services,6267,0.108,436,1297,100.0302,false,
2025-07-17,PRO,Academy Pro,213306,0.25,138,699,99.9749,false,
2025-07-17,TEAM,Team Plan,289567,0.019,146,603,99.9761,false,
2025-07-17,ENTERPRISE,Enterprise Programme,146252,0.175,417,1497,99.9698,false,
2025-07-17,CLASSROOM,Classroom Seat-Days,4438,0.183,412,1305,99.9875,false,
2025-07-17,VOUCHER,Certification Vouchers,4272,0.226,426,1202,99.9866,false,
2025-07-17,IMPL,Implementation Services,6562,0.327,436,1502,99.9587,false,
2025-07-18,PRO,Academy Pro,132983,0.262,176,581,99.997,false,
2025-07-18,TEAM,Team Plan,370250,0.264,153,863,100.0087,false,
2025-07-18,ENTERPRISE,Enterprise Programme,135076,0.061,450,1436,99.9554,false,
2025-07-18,CLASSROOM,Classroom Seat-Days,6034,0.254,371,1536,99.9856,false,
2025-07-18,VOUCHER,Certification Vouchers,7039,0.39,488,1524,99.97,false,
2025-07-18,IMPL,Implementation Services,5717,0.259,430,1637,99.9836,false,
2025-07-19,PRO,Academy Pro,208484,0.373,141,717,100.0034,false,
2025-07-19,TEAM,Team Plan,324090,0.414,159,500,99.9825,false,
2025-07-19,ENTERPRISE,Enterprise Programme,130575,0.293,457,1490,99.9957,false,
2025-07-19,CLASSROOM,Classroom Seat-Days,6129,0.525,425,1503,99.9712,false,
2025-07-19,VOUCHER,Certification Vouchers,6786,0.053,391,1419,99.9988,false,
2025-07-19,IMPL,Implementation Services,6124,0.319,401,1240,99.9924,false,
2025-07-20,PRO,Academy Pro,145357,0.211,173,692,99.9522,false,
2025-07-20,TEAM,Team Plan,347132,0.299,156,468,99.9954,false,
2025-07-20,ENTERPRISE,Enterprise Programme,137372,0.432,382,1445,99.9859,false,
2025-07-20,CLASSROOM,Classroom Seat-Days,4974,0.203,448,1639,99.9383,false,
2025-07-20,VOUCHER,Certification Vouchers,8001,0.088,418,1372,99.9721,false,
2025-07-20,IMPL,Implementation Services,5647,0.019,426,1319,100.0011,false,
2025-07-21,PRO,Academy Pro,140440,0.309,145,637,100.0357,false,
2025-07-21,TEAM,Team Plan,322522,0.209,189,673,99.966,false,
2025-07-21,ENTERPRISE,Enterprise Programme,132289,0.01,409,1437,99.998,false,
2025-07-21,CLASSROOM,Classroom Seat-Days,6231,0.459,444,1491,99.9743,false,
2025-07-21,VOUCHER,Certification Vouchers,4922,0.383,408,1319,100.0049,false,
2025-07-21,IMPL,Implementation Services,5640,0.203,446,1181,99.9464,false,
2025-07-22,PRO,Academy Pro,226834,0.01,132,707,99.9849,false,
2025-07-22,TEAM,Team Plan,320181,0.4,188,420,100.0007,false,
2025-07-22,ENTERPRISE,Enterprise Programme,147060,0.583,378,1262,100.0043,false,
2025-07-22,CLASSROOM,Classroom Seat-Days,7084,0.409,371,1519,99.9771,false,
2025-07-22,VOUCHER,Certification Vouchers,7788,0.228,428,1409,100.0038,false,
2025-07-22,IMPL,Implementation Services,6463,0.203,414,1614,99.9398,false,
2025-07-23,PRO,Academy Pro,189516,0.315,190,652,100.0106,false,
2025-07-23,TEAM,Team Plan,281417,0.324,198,717,99.9894,false,
2025-07-23,ENTERPRISE,Enterprise Programme,129267,0.136,407,1296,99.9752,false,
2025-07-23,CLASSROOM,Classroom Seat-Days,5320,0.498,423,1317,100.0049,false,
2025-07-23,VOUCHER,Certification Vouchers,6269,0.201,415,1510,99.9855,false,
2025-07-23,IMPL,Implementation Services,4730,0.231,409,1550,99.9907,false,
2025-07-24,PRO,Academy Pro,165535,0.263,223,801,99.999,false,
2025-07-24,TEAM,Team Plan,340306,0.287,193,678,99.9935,false,
2025-07-24,ENTERPRISE,Enterprise Programme,141495,0.081,401,1471,100.0264,false,
2025-07-24,CLASSROOM,Classroom Seat-Days,7181,0.274,393,1209,99.9799,false,
2025-07-24,VOUCHER,Certification Vouchers,5456,0.323,346,1554,100.0101,false,
2025-07-24,IMPL,Implementation Services,4911,0.554,446,1429,99.9919,false,
2025-07-25,PRO,Academy Pro,185458,0.15,185,544,99.9943,false,
2025-07-25,TEAM,Team Plan,239340,0.327,185,601,99.9723,false,
2025-07-25,ENTERPRISE,Enterprise Programme,103173,0.255,417,1067,99.9696,false,
2025-07-25,CLASSROOM,Classroom Seat-Days,5734,0.398,463,1299,99.9623,false,
2025-07-25,VOUCHER,Certification Vouchers,4933,0.383,440,1344,99.9966,false,
2025-07-25,IMPL,Implementation Services,5361,0.203,410,1448,99.9967,false,
2025-07-26,PRO,Academy Pro,152402,0.193,126,771,99.9863,false,
2025-07-26,TEAM,Team Plan,219635,0.459,183,703,100.0138,false,
2025-07-26,ENTERPRISE,Enterprise Programme,113652,0.276,440,1544,99.9731,false,
2025-07-26,CLASSROOM,Classroom Seat-Days,6111,0.277,437,1346,100.0071,false,
2025-07-26,VOUCHER,Certification Vouchers,5513,0.387,419,1425,99.9776,false,
2025-07-26,IMPL,Implementation Services,4771,0.514,413,1375,99.9523,false,
2025-07-27,PRO,Academy Pro,211437,0.343,184,770,99.9615,false,
2025-07-27,TEAM,Team Plan,235596,0.425,167,872,99.9637,false,
2025-07-27,ENTERPRISE,Enterprise Programme,141509,0.179,469,1335,99.9745,false,
2025-07-27,CLASSROOM,Classroom Seat-Days,6910,0.18,426,1509,100.0099,false,
2025-07-27,VOUCHER,Certification Vouchers,5258,0.392,408,1501,99.9982,false,
2025-07-27,IMPL,Implementation Services,6648,0.463,402,1310,99.9739,false,
2025-07-28,PRO,Academy Pro,167647,0.277,209,680,99.9779,false,
2025-07-28,TEAM,Team Plan,331614,0.331,179,602,99.9547,false,
2025-07-28,ENTERPRISE,Enterprise Programme,137778,0.256,426,1655,99.9515,false,
2025-07-28,CLASSROOM,Classroom Seat-Days,5310,0.078,451,1410,99.9632,false,
2025-07-28,VOUCHER,Certification Vouchers,4653,0.325,400,1490,99.9712,false,
2025-07-28,IMPL,Implementation Services,4972,0.492,399,977,100.0053,false,
2025-07-29,PRO,Academy Pro,191383,0.187,194,528,99.9949,false,
2025-07-29,TEAM,Team Plan,231770,0.301,154,636,99.9617,false,
2025-07-29,ENTERPRISE,Enterprise Programme,153941,0.33,395,1170,99.993,false,
2025-07-29,CLASSROOM,Classroom Seat-Days,5926,0.344,472,1478,99.9929,false,
2025-07-29,VOUCHER,Certification Vouchers,7276,0.043,394,1200,100.0161,false,
2025-07-29,IMPL,Implementation Services,5236,0.01,471,1260,100.0047,false,
2025-07-30,PRO,Academy Pro,199842,0.35,203,615,99.9788,false,
2025-07-30,TEAM,Team Plan,208114,0.265,170,576,99.9899,false,
2025-07-30,ENTERPRISE,Enterprise Programme,121559,0.111,472,1637,99.9758,false,
2025-07-30,CLASSROOM,Classroom Seat-Days,4192,0.341,414,1282,100.0078,false,
2025-07-30,VOUCHER,Certification Vouchers,6633,0.419,467,1319,99.9896,false,
2025-07-30,IMPL,Implementation Services,8365,0.338,443,1531,99.991,false,
2025-07-31,PRO,Academy Pro,156090,0.246,243,792,99.9762,false,
2025-07-31,TEAM,Team Plan,284198,0.342,176,608,99.9771,false,
2025-07-31,ENTERPRISE,Enterprise Programme,84284,0.037,436,1389,99.9994,false,
2025-07-31,CLASSROOM,Classroom Seat-Days,4372,0.384,405,1249,99.9906,false,
2025-07-31,VOUCHER,Certification Vouchers,6103,0.427,449,1470,99.9766,false,
2025-07-31,IMPL,Implementation Services,7071,0.166,402,1455,99.9772,false,
2025-08-01,PRO,Academy Pro,225553,0.352,174,632,99.9937,false,
2025-08-01,TEAM,Team Plan,219033,0.331,168,598,99.9912,false,
2025-08-01,ENTERPRISE,Enterprise Programme,128126,0.326,367,1437,100.0009,false,
2025-08-01,CLASSROOM,Classroom Seat-Days,5406,0.311,436,1393,99.9704,false,
2025-08-01,VOUCHER,Certification Vouchers,5622,0.245,430,1313,99.9814,false,
2025-08-01,IMPL,Implementation Services,5450,0.221,454,1477,100.0134,false,
2025-08-02,PRO,Academy Pro,218687,0.232,190,619,99.9895,false,
2025-08-02,TEAM,Team Plan,309433,0.368,203,659,100.0223,false,
2025-08-02,ENTERPRISE,Enterprise Programme,94840,0.087,450,1276,99.9615,false,
2025-08-02,CLASSROOM,Classroom Seat-Days,6741,0.109,373,1327,99.9825,false,
2025-08-02,VOUCHER,Certification Vouchers,6822,0.222,350,1419,99.9536,false,
2025-08-02,IMPL,Implementation Services,5043,0.476,436,1478,99.9805,false,
2025-08-03,PRO,Academy Pro,149050,0.348,136,523,99.9771,false,
2025-08-03,TEAM,Team Plan,241500,0.287,125,423,99.9913,false,
2025-08-03,ENTERPRISE,Enterprise Programme,132299,0.556,407,1395,99.9909,false,
2025-08-03,CLASSROOM,Classroom Seat-Days,5578,0.111,414,1634,99.947,false,
2025-08-03,VOUCHER,Certification Vouchers,6884,0.173,415,1662,99.9941,false,
2025-08-03,IMPL,Implementation Services,5217,0.134,378,1675,100.0008,false,
2025-08-04,PRO,Academy Pro,262073,0.301,212,608,100.024,false,
2025-08-04,TEAM,Team Plan,284674,0.208,185,565,99.9944,false,
2025-08-04,ENTERPRISE,Enterprise Programme,144157,0.339,377,1244,99.9828,false,
2025-08-04,CLASSROOM,Classroom Seat-Days,4608,0.072,441,1344,99.9989,false,
2025-08-04,VOUCHER,Certification Vouchers,4303,0.436,390,1578,99.9889,false,
2025-08-04,IMPL,Implementation Services,3999,0.393,460,1337,99.9679,false,
2025-08-05,PRO,Academy Pro,201333,0.184,211,491,99.9827,false,
2025-08-05,TEAM,Team Plan,316407,0.475,144,617,99.9861,false,
2025-08-05,ENTERPRISE,Enterprise Programme,154064,0.01,410,1273,99.9808,false,
2025-08-05,CLASSROOM,Classroom Seat-Days,3343,0.375,449,1478,99.983,false,
2025-08-05,VOUCHER,Certification Vouchers,5642,0.361,434,1459,99.9792,false,
2025-08-05,IMPL,Implementation Services,5874,0.239,430,1643,99.9793,false,
2025-08-06,PRO,Academy Pro,199117,0.171,164,824,99.9852,false,
2025-08-06,TEAM,Team Plan,268085,0.408,162,488,99.9851,false,
2025-08-06,ENTERPRISE,Enterprise Programme,115390,0.019,438,1630,99.968,false,
2025-08-06,CLASSROOM,Classroom Seat-Days,7220,0.213,442,1400,99.9893,false,
2025-08-06,VOUCHER,Certification Vouchers,5873,0.396,431,1491,99.9866,false,
2025-08-06,IMPL,Implementation Services,4918,0.356,378,1345,99.9922,false,
2025-08-07,PRO,Academy Pro,171518,0.252,230,506,99.9765,false,
2025-08-07,TEAM,Team Plan,284503,0.173,176,627,99.9829,false,
2025-08-07,ENTERPRISE,Enterprise Programme,147321,0.425,357,1438,99.9978,false,
2025-08-07,CLASSROOM,Classroom Seat-Days,5875,0.247,399,1358,99.9758,false,
2025-08-07,VOUCHER,Certification Vouchers,7654,0.384,392,1388,99.9672,false,
2025-08-07,IMPL,Implementation Services,5214,0.422,416,1515,99.9838,false,
2025-08-08,PRO,Academy Pro,128224,0.317,167,735,99.9932,false,
2025-08-08,TEAM,Team Plan,225740,0.401,178,609,99.9803,false,
2025-08-08,ENTERPRISE,Enterprise Programme,135160,0.208,393,1179,99.9724,false,
2025-08-08,CLASSROOM,Classroom Seat-Days,7685,0.253,386,1374,99.9762,false,
2025-08-08,VOUCHER,Certification Vouchers,6373,0.407,366,1334,99.9722,false,
2025-08-08,IMPL,Implementation Services,5127,0.477,388,1241,100.0081,false,
2025-08-09,PRO,Academy Pro,190161,0.305,259,578,99.9859,false,
2025-08-09,TEAM,Team Plan,273225,0.229,247,483,99.9693,false,
2025-08-09,ENTERPRISE,Enterprise Programme,128454,0.033,389,1410,99.9961,false,
2025-08-09,CLASSROOM,Classroom Seat-Days,5827,0.48,381,1492,99.9977,false,
2025-08-09,VOUCHER,Certification Vouchers,6564,0.419,419,1516,99.9772,false,
2025-08-09,IMPL,Implementation Services,5811,0.382,390,1333,99.9863,false,
2025-08-10,PRO,Academy Pro,132926,0.139,194,607,99.9576,false,
2025-08-10,TEAM,Team Plan,293155,0.498,147,802,100.0214,false,
2025-08-10,ENTERPRISE,Enterprise Programme,100538,0.362,388,1428,100.005,false,
2025-08-10,CLASSROOM,Classroom Seat-Days,7208,0.547,440,1372,99.9982,false,
2025-08-10,VOUCHER,Certification Vouchers,5904,0.138,428,1314,99.9812,false,
2025-08-10,IMPL,Implementation Services,6480,7.371,388,1355,99.1977,true,SEV2
2025-08-11,PRO,Academy Pro,184033,0.195,144,705,99.9881,false,
2025-08-11,TEAM,Team Plan,279546,0.247,149,940,99.9381,false,
2025-08-11,ENTERPRISE,Enterprise Programme,99264,0.315,366,1340,99.9712,false,
2025-08-11,CLASSROOM,Classroom Seat-Days,5746,0.234,437,1430,99.9981,false,
2025-08-11,VOUCHER,Certification Vouchers,6246,0.197,453,1435,99.9536,false,
2025-08-11,IMPL,Implementation Services,6472,0.12,441,1369,99.988,false,
2025-08-12,PRO,Academy Pro,219689,0.571,129,599,99.9818,false,
2025-08-12,TEAM,Team Plan,267252,0.021,185,852,99.9505,false,
2025-08-12,ENTERPRISE,Enterprise Programme,113669,0.105,433,1471,99.9378,false,
2025-08-12,CLASSROOM,Classroom Seat-Days,7060,0.334,433,1513,100.0011,false,
2025-08-12,VOUCHER,Certification Vouchers,5916,0.342,402,1424,99.9678,false,
2025-08-12,IMPL,Implementation Services,7469,0.431,475,1449,99.9705,false,
2025-08-13,PRO,Academy Pro,154844,0.412,231,569,100.003,false,
2025-08-13,TEAM,Team Plan,280233,0.396,171,619,99.9875,false,
2025-08-13,ENTERPRISE,Enterprise Programme,116183,0.166,369,1213,99.9647,false,
2025-08-13,CLASSROOM,Classroom Seat-Days,6366,0.542,385,1601,99.9495,false,
2025-08-13,VOUCHER,Certification Vouchers,6420,0.569,410,1453,99.9827,false,
2025-08-13,IMPL,Implementation Services,6005,0.108,417,1202,99.9561,false,
2025-08-14,PRO,Academy Pro,202980,0.206,161,674,99.9786,false,
2025-08-14,TEAM,Team Plan,214088,0.177,162,565,100.0025,false,
2025-08-14,ENTERPRISE,Enterprise Programme,117047,0.253,415,1336,99.986,false,
2025-08-14,CLASSROOM,Classroom Seat-Days,7068,0.327,444,1407,100.018,false,
2025-08-14,VOUCHER,Certification Vouchers,5682,0.316,451,1217,99.9673,false,
2025-08-14,IMPL,Implementation Services,6750,0.176,417,1473,99.9828,false,
2025-08-15,PRO,Academy Pro,159476,0.452,176,629,99.9813,false,
2025-08-15,TEAM,Team Plan,200663,0.13,188,375,99.9847,false,
2025-08-15,ENTERPRISE,Enterprise Programme,124687,2.85,393,1171,97.9663,true,SEV1
2025-08-15,CLASSROOM,Classroom Seat-Days,7115,0.317,434,1415,99.9865,false,
2025-08-15,VOUCHER,Certification Vouchers,5521,0.136,422,1491,99.9677,false,
2025-08-15,IMPL,Implementation Services,7897,0.168,423,1330,99.9933,false,
2025-08-16,PRO,Academy Pro,144927,0.255,169,631,100.015,false,
2025-08-16,TEAM,Team Plan,272214,0.391,192,568,99.9881,false,
2025-08-16,ENTERPRISE,Enterprise Programme,102787,0.308,364,1464,99.9641,false,
2025-08-16,CLASSROOM,Classroom Seat-Days,6461,0.418,372,1355,99.9812,false,
2025-08-16,VOUCHER,Certification Vouchers,4668,0.283,457,1459,99.9861,false,
2025-08-16,IMPL,Implementation Services,5740,0.01,424,1485,99.9892,false,
2025-08-17,PRO,Academy Pro,206681,0.224,199,574,99.9741,false,
2025-08-17,TEAM,Team Plan,250246,0.33,216,692,99.9686,false,
2025-08-17,ENTERPRISE,Enterprise Programme,106728,0.318,387,1669,99.9666,false,
2025-08-17,CLASSROOM,Classroom Seat-Days,4351,0.579,391,1227,99.9487,false,
2025-08-17,VOUCHER,Certification Vouchers,6185,0.38,460,1493,100.0023,false,
2025-08-17,IMPL,Implementation Services,6570,0.341,448,1511,99.9563,false,
2025-08-18,PRO,Academy Pro,183360,0.297,166,367,99.9753,false,
2025-08-18,TEAM,Team Plan,257563,0.144,205,838,99.9729,false,
2025-08-18,ENTERPRISE,Enterprise Programme,123866,0.369,416,1363,99.9879,false,
2025-08-18,CLASSROOM,Classroom Seat-Days,4255,0.296,442,1600,99.9651,false,
2025-08-18,VOUCHER,Certification Vouchers,5328,0.166,454,1460,99.9862,false,
2025-08-18,IMPL,Implementation Services,5887,0.231,432,1429,99.9547,false,
2025-08-19,PRO,Academy Pro,164210,0.208,209,662,99.9725,false,
2025-08-19,TEAM,Team Plan,276952,0.621,160,674,99.9784,false,
2025-08-19,ENTERPRISE,Enterprise Programme,111049,6.483,448,1839,96.2116,true,SEV3
2025-08-19,CLASSROOM,Classroom Seat-Days,2966,0.382,416,1467,99.9755,false,
2025-08-19,VOUCHER,Certification Vouchers,7130,0.272,451,1196,99.9925,false,
2025-08-19,IMPL,Implementation Services,8386,0.234,424,1246,100.0079,false,
2025-08-20,PRO,Academy Pro,159077,0.384,154,782,99.9836,false,
2025-08-20,TEAM,Team Plan,302858,0.152,157,758,99.9841,false,
2025-08-20,ENTERPRISE,Enterprise Programme,117809,0.303,394,1361,99.9781,false,
2025-08-20,CLASSROOM,Classroom Seat-Days,7150,0.01,419,1433,100.0005,false,
2025-08-20,VOUCHER,Certification Vouchers,5875,0.442,347,1530,99.9762,false,
2025-08-20,IMPL,Implementation Services,6355,0.455,455,1120,99.9991,false,
2025-08-21,PRO,Academy Pro,165862,0.521,224,619,99.975,false,
2025-08-21,TEAM,Team Plan,239283,0.271,182,647,100.0093,false,
2025-08-21,ENTERPRISE,Enterprise Programme,113683,0.248,375,1351,99.9696,false,
2025-08-21,CLASSROOM,Classroom Seat-Days,6273,0.322,406,1451,99.9887,false,
2025-08-21,VOUCHER,Certification Vouchers,6600,0.278,419,1476,99.974,false,
2025-08-21,IMPL,Implementation Services,6012,0.475,429,1329,99.9833,false,
2025-08-22,PRO,Academy Pro,177419,0.277,188,679,100.0188,false,
2025-08-22,TEAM,Team Plan,255087,0.322,190,631,99.9258,false,
2025-08-22,ENTERPRISE,Enterprise Programme,119914,0.399,390,1433,99.9772,false,
2025-08-22,CLASSROOM,Classroom Seat-Days,4694,0.462,422,1448,99.9819,false,
2025-08-22,VOUCHER,Certification Vouchers,6149,0.324,413,1482,99.978,false,
2025-08-22,IMPL,Implementation Services,7797,0.259,400,1521,99.9965,false,
2025-08-23,PRO,Academy Pro,244764,0.165,192,953,99.9369,false,
2025-08-23,TEAM,Team Plan,179576,0.313,200,772,99.9859,false,
2025-08-23,ENTERPRISE,Enterprise Programme,128423,0.243,375,1437,99.9929,false,
2025-08-23,CLASSROOM,Classroom Seat-Days,6361,0.361,436,1492,99.9747,false,
2025-08-23,VOUCHER,Certification Vouchers,6616,0.408,382,1525,99.9877,false,
2025-08-23,IMPL,Implementation Services,4989,0.285,444,1339,100.012,false,
2025-08-24,PRO,Academy Pro,176355,0.372,209,736,99.993,false,
2025-08-24,TEAM,Team Plan,270516,0.2,163,676,99.9565,false,
2025-08-24,ENTERPRISE,Enterprise Programme,135794,0.218,496,1437,99.9788,false,
2025-08-24,CLASSROOM,Classroom Seat-Days,4410,0.141,440,1311,99.9763,false,
2025-08-24,VOUCHER,Certification Vouchers,6236,0.265,478,1333,99.9858,false,
2025-08-24,IMPL,Implementation Services,5658,0.659,442,1345,100.0244,false,
2025-08-25,PRO,Academy Pro,190689,0.232,160,613,99.9912,false,
2025-08-25,TEAM,Team Plan,270745,0.366,157,790,99.9601,false,
2025-08-25,ENTERPRISE,Enterprise Programme,104974,0.438,395,1455,100.0202,false,
2025-08-25,CLASSROOM,Classroom Seat-Days,7160,0.315,442,1352,99.9872,false,
2025-08-25,VOUCHER,Certification Vouchers,6269,0.366,462,1583,99.9758,false,
2025-08-25,IMPL,Implementation Services,4616,0.344,473,1397,100.0028,false,
2025-08-26,PRO,Academy Pro,172739,0.327,176,471,99.9909,false,
2025-08-26,TEAM,Team Plan,209424,0.136,151,561,99.9643,false,
2025-08-26,ENTERPRISE,Enterprise Programme,92217,0.272,431,1273,99.9693,false,
2025-08-26,CLASSROOM,Classroom Seat-Days,7064,0.212,431,1319,99.9724,false,
2025-08-26,VOUCHER,Certification Vouchers,8628,0.36,398,1768,100.0086,false,
2025-08-26,IMPL,Implementation Services,5780,0.173,443,1354,99.9922,false,
2025-08-27,PRO,Academy Pro,159878,0.27,143,668,99.9606,false,
2025-08-27,TEAM,Team Plan,313538,0.429,157,986,99.9441,false,
2025-08-27,ENTERPRISE,Enterprise Programme,99498,0.543,470,1507,99.9929,false,
2025-08-27,CLASSROOM,Classroom Seat-Days,5707,0.299,375,1406,99.9733,false,
2025-08-27,VOUCHER,Certification Vouchers,4914,0.479,388,1599,100.0037,false,
2025-08-27,IMPL,Implementation Services,7065,0.408,422,1553,100.0323,false,
2025-08-28,PRO,Academy Pro,224242,0.445,154,421,99.9693,false,
2025-08-28,TEAM,Team Plan,271247,0.343,164,663,99.9991,false,
2025-08-28,ENTERPRISE,Enterprise Programme,123745,0.192,435,1693,99.9877,false,
2025-08-28,CLASSROOM,Classroom Seat-Days,4010,0.487,442,1483,99.9701,false,
2025-08-28,VOUCHER,Certification Vouchers,5360,0.157,392,1216,99.9858,false,
2025-08-28,IMPL,Implementation Services,7228,0.01,454,1427,99.9933,false,
2025-08-29,PRO,Academy Pro,153422,0.413,171,656,99.9824,false,
2025-08-29,TEAM,Team Plan,292517,0.233,182,482,100.0107,false,
2025-08-29,ENTERPRISE,Enterprise Programme,113026,0.434,432,1229,99.9829,false,
2025-08-29,CLASSROOM,Classroom Seat-Days,6592,0.43,430,1458,100.0088,false,
2025-08-29,VOUCHER,Certification Vouchers,7248,0.365,396,1539,100.005,false,
2025-08-29,IMPL,Implementation Services,8008,0.18,494,1378,99.9703,false,
2025-08-30,PRO,Academy Pro,223150,0.292,130,644,100.006,false,
2025-08-30,TEAM,Team Plan,186882,0.125,186,472,100.0114,false,
2025-08-30,ENTERPRISE,Enterprise Programme,108595,0.175,431,1300,99.9846,false,
2025-08-30,CLASSROOM,Classroom Seat-Days,6026,0.01,386,1344,100.0163,false,
2025-08-30,VOUCHER,Certification Vouchers,6338,0.376,483,1513,100.003,false,
2025-08-30,IMPL,Implementation Services,6845,0.444,377,1393,99.9811,false,
2025-08-31,PRO,Academy Pro,150147,0.257,186,650,99.9925,false,
2025-08-31,TEAM,Team Plan,289792,0.395,214,606,99.9855,false,
2025-08-31,ENTERPRISE,Enterprise Programme,77403,0.373,449,1383,99.9608,false,
2025-08-31,CLASSROOM,Classroom Seat-Days,7172,0.425,412,1437,99.9944,false,
2025-08-31,VOUCHER,Certification Vouchers,5896,0.57,432,1487,99.9565,false,
2025-08-31,IMPL,Implementation Services,5174,0.453,402,1453,99.978,false,
2025-09-01,PRO,Academy Pro,173169,0.322,158,914,100.0161,false,
2025-09-01,TEAM,Team Plan,217307,0.01,202,952,99.9833,false,
2025-09-01,ENTERPRISE,Enterprise Programme,122133,0.36,439,1211,99.9901,false,
2025-09-01,CLASSROOM,Classroom Seat-Days,6808,0.16,429,1335,99.9732,false,
2025-09-01,VOUCHER,Certification Vouchers,4464,0.4,474,1490,100.0262,false,
2025-09-01,IMPL,Implementation Services,7383,0.225,348,1484,99.9922,false,
2025-09-02,PRO,Academy Pro,256390,0.351,177,501,100.0067,false,
2025-09-02,TEAM,Team Plan,282742,0.426,163,679,99.972,false,
2025-09-02,ENTERPRISE,Enterprise Programme,133948,0.174,436,1282,99.9707,false,
2025-09-02,CLASSROOM,Classroom Seat-Days,6470,0.736,429,1259,99.9683,false,
2025-09-02,VOUCHER,Certification Vouchers,6817,0.612,432,1561,100.0052,false,
2025-09-02,IMPL,Implementation Services,7438,0.198,372,1348,100.0105,false,
2025-09-03,PRO,Academy Pro,256004,0.317,158,621,99.9673,false,
2025-09-03,TEAM,Team Plan,277340,0.135,198,696,99.989,false,
2025-09-03,ENTERPRISE,Enterprise Programme,138288,0.237,455,1218,99.9723,false,
2025-09-03,CLASSROOM,Classroom Seat-Days,6587,0.136,427,1346,99.9639,false,
2025-09-03,VOUCHER,Certification Vouchers,7454,0.225,386,1406,99.9947,false,
2025-09-03,IMPL,Implementation Services,6803,0.126,389,1305,99.9999,false,
2025-09-04,PRO,Academy Pro,185838,0.081,175,734,99.9903,false,
2025-09-04,TEAM,Team Plan,209729,0.214,205,806,99.9893,false,
2025-09-04,ENTERPRISE,Enterprise Programme,160144,0.433,446,1414,99.9407,false,
2025-09-04,CLASSROOM,Classroom Seat-Days,7279,0.342,425,1339,99.9871,false,
2025-09-04,VOUCHER,Certification Vouchers,5799,0.206,418,1423,99.9925,false,
2025-09-04,IMPL,Implementation Services,4761,0.435,398,1422,99.9932,false,
2025-09-05,PRO,Academy Pro,183988,0.094,121,673,99.9637,false,
2025-09-05,TEAM,Team Plan,323739,0.175,172,557,99.938,false,
2025-09-05,ENTERPRISE,Enterprise Programme,104914,0.185,438,1432,100.0199,false,
2025-09-05,CLASSROOM,Classroom Seat-Days,5824,0.333,404,1466,99.9768,false,
2025-09-05,VOUCHER,Certification Vouchers,5197,0.513,426,1538,99.9837,false,
2025-09-05,IMPL,Implementation Services,6377,0.274,448,1461,99.9721,false,
2025-09-06,PRO,Academy Pro,217805,0.01,161,629,99.9801,false,
2025-09-06,TEAM,Team Plan,213008,0.296,189,733,100.0242,false,
2025-09-06,ENTERPRISE,Enterprise Programme,107907,0.371,385,1376,99.9654,false,
2025-09-06,CLASSROOM,Classroom Seat-Days,5223,0.235,446,1450,100.0213,false,
2025-09-06,VOUCHER,Certification Vouchers,6456,0.276,472,1498,100.0011,false,
2025-09-06,IMPL,Implementation Services,6888,0.626,451,1379,99.9764,false,
2025-09-07,PRO,Academy Pro,200109,0.109,213,618,100.0242,false,
2025-09-07,TEAM,Team Plan,222259,0.371,146,676,99.9702,false,
2025-09-07,ENTERPRISE,Enterprise Programme,116910,0.481,407,1288,99.9568,false,
2025-09-07,CLASSROOM,Classroom Seat-Days,5851,0.491,433,1377,99.942,false,
2025-09-07,VOUCHER,Certification Vouchers,4077,0.216,430,1757,99.9815,false,
2025-09-07,IMPL,Implementation Services,4688,0.389,448,1541,99.9821,false,
2025-09-08,PRO,Academy Pro,168349,0.234,174,657,99.9787,false,
2025-09-08,TEAM,Team Plan,298117,0.21,186,794,99.9964,false,
2025-09-08,ENTERPRISE,Enterprise Programme,101928,0.48,439,1368,99.9586,false,
2025-09-08,CLASSROOM,Classroom Seat-Days,7895,0.276,434,1433,100.0106,false,
2025-09-08,VOUCHER,Certification Vouchers,5450,0.315,414,1362,99.9609,false,
2025-09-08,IMPL,Implementation Services,6024,0.391,382,1559,99.9757,false,
2025-09-09,PRO,Academy Pro,206786,0.193,188,564,99.9833,false,
2025-09-09,TEAM,Team Plan,266731,0.677,193,574,100.0086,false,
2025-09-09,ENTERPRISE,Enterprise Programme,134307,0.419,399,1442,99.977,false,
2025-09-09,CLASSROOM,Classroom Seat-Days,6369,0.539,421,1165,99.9869,false,
2025-09-09,VOUCHER,Certification Vouchers,5597,0.363,403,1291,99.9935,false,
2025-09-09,IMPL,Implementation Services,6050,0.457,408,1357,99.9899,false,
2025-09-10,PRO,Academy Pro,129084,0.197,206,606,99.9653,false,
2025-09-10,TEAM,Team Plan,278076,0.089,157,742,100.0253,false,
2025-09-10,ENTERPRISE,Enterprise Programme,120688,0.454,501,1508,99.985,false,
2025-09-10,CLASSROOM,Classroom Seat-Days,5034,0.327,431,1597,99.9957,false,
2025-09-10,VOUCHER,Certification Vouchers,7625,0.412,398,1567,99.9931,false,
2025-09-10,IMPL,Implementation Services,8482,0.181,428,1547,100.0133,false,
2025-09-11,PRO,Academy Pro,104374,0.384,172,586,99.9893,false,
2025-09-11,TEAM,Team Plan,214137,0.227,174,550,99.977,false,
2025-09-11,ENTERPRISE,Enterprise Programme,109941,0.056,428,1470,99.988,false,
2025-09-11,CLASSROOM,Classroom Seat-Days,7504,0.244,431,1403,99.9607,false,
2025-09-11,VOUCHER,Certification Vouchers,3898,0.632,476,1460,99.9753,false,
2025-09-11,IMPL,Implementation Services,3850,0.333,436,1232,100.0289,false,
2025-09-12,PRO,Academy Pro,241138,0.451,179,573,100.0081,false,
2025-09-12,TEAM,Team Plan,232176,0.166,162,849,99.9791,false,
2025-09-12,ENTERPRISE,Enterprise Programme,102584,0.431,481,1319,99.9956,false,
2025-09-12,CLASSROOM,Classroom Seat-Days,5705,0.232,357,1478,99.9857,false,
2025-09-12,VOUCHER,Certification Vouchers,4896,0.169,343,1406,99.9903,false,
2025-09-12,IMPL,Implementation Services,4709,0.372,355,1515,99.991,false,
2025-09-13,PRO,Academy Pro,127716,0.318,157,715,99.958,false,
2025-09-13,TEAM,Team Plan,251558,0.47,178,486,99.9823,false,
2025-09-13,ENTERPRISE,Enterprise Programme,117650,0.403,450,1418,99.977,false,
2025-09-13,CLASSROOM,Classroom Seat-Days,5546,0.264,428,1449,99.9713,false,
2025-09-13,VOUCHER,Certification Vouchers,5397,0.332,392,1354,99.9688,false,
2025-09-13,IMPL,Implementation Services,5426,0.354,373,1393,99.9842,false,
2025-09-14,PRO,Academy Pro,188889,0.114,213,474,99.9864,false,
2025-09-14,TEAM,Team Plan,263242,4.267,224,674,96.8804,true,SEV2
2025-09-14,ENTERPRISE,Enterprise Programme,106552,0.161,382,1214,99.9781,false,
2025-09-14,CLASSROOM,Classroom Seat-Days,6297,0.221,376,1350,99.9537,false,
2025-09-14,VOUCHER,Certification Vouchers,6270,0.15,363,1474,99.9866,false,
2025-09-14,IMPL,Implementation Services,5581,0.247,413,1549,100.0065,false,
2025-09-15,PRO,Academy Pro,175714,0.239,180,620,99.9874,false,
2025-09-15,TEAM,Team Plan,188915,0.587,181,849,99.9445,false,
2025-09-15,ENTERPRISE,Enterprise Programme,156679,0.316,444,1360,99.9929,false,
2025-09-15,CLASSROOM,Classroom Seat-Days,7049,0.324,418,1491,99.9913,false,
2025-09-15,VOUCHER,Certification Vouchers,4308,0.172,397,1569,99.9876,false,
2025-09-15,IMPL,Implementation Services,6130,0.227,454,1347,100.0033,false,
2025-09-16,PRO,Academy Pro,174714,0.377,130,544,99.9676,false,
2025-09-16,TEAM,Team Plan,242864,0.146,180,636,99.943,false,
2025-09-16,ENTERPRISE,Enterprise Programme,124783,0.343,396,1595,100.0256,false,
2025-09-16,CLASSROOM,Classroom Seat-Days,6243,0.324,444,1315,100.0229,false,
2025-09-16,VOUCHER,Certification Vouchers,5566,0.356,369,1422,99.9875,false,
2025-09-16,IMPL,Implementation Services,6873,0.01,430,1342,99.9754,false,
2025-09-17,PRO,Academy Pro,206559,0.323,205,679,99.9933,false,
2025-09-17,TEAM,Team Plan,263715,0.292,171,583,99.9301,false,
2025-09-17,ENTERPRISE,Enterprise Programme,173458,0.01,429,1366,99.9986,false,
2025-09-17,CLASSROOM,Classroom Seat-Days,6068,0.517,413,1371,99.9756,false,
2025-09-17,VOUCHER,Certification Vouchers,5627,0.476,362,1273,99.9555,false,
2025-09-17,IMPL,Implementation Services,7392,0.298,396,1366,99.9731,false,
2025-09-18,PRO,Academy Pro,219546,0.083,171,560,99.9772,false,
2025-09-18,TEAM,Team Plan,255825,0.191,179,600,99.9883,false,
2025-09-18,ENTERPRISE,Enterprise Programme,111921,0.01,446,1567,99.9638,false,
2025-09-18,CLASSROOM,Classroom Seat-Days,6377,0.14,397,1220,99.9826,false,
2025-09-18,VOUCHER,Certification Vouchers,6681,4.706,392,934,98.136,true,SEV3
2025-09-18,IMPL,Implementation Services,4014,0.163,434,1554,99.9953,false,
2025-09-19,PRO,Academy Pro,114899,0.531,179,630,99.9538,false,
2025-09-19,TEAM,Team Plan,226233,0.14,211,871,99.9927,false,
2025-09-19,ENTERPRISE,Enterprise Programme,103119,0.322,428,1658,99.9996,false,
2025-09-19,CLASSROOM,Classroom Seat-Days,7512,0.405,454,1403,99.9885,false,
2025-09-19,VOUCHER,Certification Vouchers,5080,0.548,389,1386,100.0031,false,
2025-09-19,IMPL,Implementation Services,6919,0.081,420,1449,99.9969,false,
2025-09-20,PRO,Academy Pro,151430,0.143,195,742,100.0104,false,
2025-09-20,TEAM,Team Plan,260697,0.274,185,492,99.9929,false,
2025-09-20,ENTERPRISE,Enterprise Programme,153529,0.338,405,1190,99.9869,false,
2025-09-20,CLASSROOM,Classroom Seat-Days,5610,0.313,418,1564,99.9707,false,
2025-09-20,VOUCHER,Certification Vouchers,6169,0.214,423,1476,99.9682,false,
2025-09-20,IMPL,Implementation Services,5505,0.157,392,1453,99.9905,false,
2025-09-21,PRO,Academy Pro,167412,0.01,187,504,99.9611,false,
2025-09-21,TEAM,Team Plan,205970,0.094,199,586,99.9963,false,
2025-09-21,ENTERPRISE,Enterprise Programme,127317,0.113,418,1268,99.9906,false,
2025-09-21,CLASSROOM,Classroom Seat-Days,3392,0.205,402,1217,100.0056,false,
2025-09-21,VOUCHER,Certification Vouchers,4340,0.382,454,1262,99.9722,false,
2025-09-21,IMPL,Implementation Services,5209,0.449,391,1432,99.9672,false,
2025-09-22,PRO,Academy Pro,185392,0.287,219,598,99.995,false,
2025-09-22,TEAM,Team Plan,300099,0.302,163,509,99.9855,false,
2025-09-22,ENTERPRISE,Enterprise Programme,94006,0.416,424,1409,99.9754,false,
2025-09-22,CLASSROOM,Classroom Seat-Days,3413,0.291,440,1501,99.9509,false,
2025-09-22,VOUCHER,Certification Vouchers,5896,0.203,417,1573,99.9911,false,
2025-09-22,IMPL,Implementation Services,5082,0.157,396,1415,100.0083,false,
2025-09-23,PRO,Academy Pro,163751,0.378,172,586,99.9808,false,
2025-09-23,TEAM,Team Plan,317961,0.248,209,585,99.9832,false,
2025-09-23,ENTERPRISE,Enterprise Programme,116653,0.221,414,1520,99.9997,false,
2025-09-23,CLASSROOM,Classroom Seat-Days,5438,0.511,377,1559,99.9913,false,
2025-09-23,VOUCHER,Certification Vouchers,6382,0.306,437,1317,99.9432,false,
2025-09-23,IMPL,Implementation Services,5798,0.25,468,1405,99.9695,false,
2025-09-24,PRO,Academy Pro,160907,0.152,188,686,99.9931,false,
2025-09-24,TEAM,Team Plan,322707,0.312,168,502,99.9705,false,
2025-09-24,ENTERPRISE,Enterprise Programme,85912,0.467,380,1421,99.9715,false,
2025-09-24,CLASSROOM,Classroom Seat-Days,5715,0.482,411,1456,100.0007,false,
2025-09-24,VOUCHER,Certification Vouchers,5585,0.162,366,1351,99.9821,false,
2025-09-24,IMPL,Implementation Services,8142,0.333,407,1402,99.9814,false,
2025-09-25,PRO,Academy Pro,216264,0.435,195,635,100.0232,false,
2025-09-25,TEAM,Team Plan,214917,0.149,175,480,100.0033,false,
2025-09-25,ENTERPRISE,Enterprise Programme,113975,0.232,381,1328,100.0193,false,
2025-09-25,CLASSROOM,Classroom Seat-Days,7372,0.397,444,1394,99.9886,false,
2025-09-25,VOUCHER,Certification Vouchers,6303,0.67,507,1355,99.9684,false,
2025-09-25,IMPL,Implementation Services,4523,0.32,376,1307,100.0123,false,
2025-09-26,PRO,Academy Pro,126405,0.49,148,517,99.9802,false,
2025-09-26,TEAM,Team Plan,277193,0.233,203,486,99.9341,false,
2025-09-26,ENTERPRISE,Enterprise Programme,111308,0.448,394,1498,100.0245,false,
2025-09-26,CLASSROOM,Classroom Seat-Days,5995,0.358,439,1511,99.9987,false,
2025-09-26,VOUCHER,Certification Vouchers,5755,0.163,419,1385,99.9876,false,
2025-09-26,IMPL,Implementation Services,5768,0.594,418,1317,99.9852,false,
2025-09-27,PRO,Academy Pro,165329,0.216,180,926,99.9636,false,
2025-09-27,TEAM,Team Plan,183364,0.344,176,576,100.0098,false,
2025-09-27,ENTERPRISE,Enterprise Programme,125446,0.369,447,1049,99.9384,false,
2025-09-27,CLASSROOM,Classroom Seat-Days,5391,0.203,446,1641,100.0105,false,
2025-09-27,VOUCHER,Certification Vouchers,5715,0.257,447,1341,99.9701,false,
2025-09-27,IMPL,Implementation Services,6323,0.192,424,1407,99.956,false,
2025-09-28,PRO,Academy Pro,152355,0.01,178,511,99.968,false,
2025-09-28,TEAM,Team Plan,343880,0.034,173,725,99.9742,false,
2025-09-28,ENTERPRISE,Enterprise Programme,117001,0.33,411,1339,100.0169,false,
2025-09-28,CLASSROOM,Classroom Seat-Days,5141,0.412,429,1364,99.9522,false,
2025-09-28,VOUCHER,Certification Vouchers,5724,0.177,396,1217,99.9823,false,
2025-09-28,IMPL,Implementation Services,4548,0.113,378,1301,99.9745,false,
2025-09-29,PRO,Academy Pro,162505,0.459,139,648,99.9924,false,
2025-09-29,TEAM,Team Plan,239979,0.302,214,652,100.0101,false,
2025-09-29,ENTERPRISE,Enterprise Programme,127765,0.229,432,1408,99.974,false,
2025-09-29,CLASSROOM,Classroom Seat-Days,5581,0.361,420,1357,99.9746,false,
2025-09-29,VOUCHER,Certification Vouchers,5855,0.122,402,1578,100.0061,false,
2025-09-29,IMPL,Implementation Services,6324,0.379,420,1288,99.9879,false,
2025-09-30,PRO,Academy Pro,168492,0.343,159,788,99.9541,false,
2025-09-30,TEAM,Team Plan,306817,0.56,192,698,99.9921,false,
2025-09-30,ENTERPRISE,Enterprise Programme,115396,0.512,436,1440,99.9371,false,
2025-09-30,CLASSROOM,Classroom Seat-Days,6216,0.324,455,1177,99.968,false,
2025-09-30,VOUCHER,Certification Vouchers,6194,0.343,429,1414,99.9794,false,
2025-09-30,IMPL,Implementation Services,7246,0.311,432,1444,99.9815,false,
2025-10-01,PRO,Academy Pro,184755,0.117,150,274,100.0145,false,
2025-10-01,TEAM,Team Plan,307462,0.144,171,805,99.9582,false,
2025-10-01,ENTERPRISE,Enterprise Programme,76928,0.186,431,1497,99.9735,false,
2025-10-01,CLASSROOM,Classroom Seat-Days,5662,0.284,462,1193,99.958,false,
2025-10-01,VOUCHER,Certification Vouchers,6838,0.454,423,1466,99.9781,false,
2025-10-01,IMPL,Implementation Services,8677,0.487,435,1494,99.974,false,
2025-10-02,PRO,Academy Pro,239496,0.205,167,656,100.007,false,
2025-10-02,TEAM,Team Plan,252500,0.48,146,641,100.021,false,
2025-10-02,ENTERPRISE,Enterprise Programme,91297,0.324,411,1533,100.0114,false,
2025-10-02,CLASSROOM,Classroom Seat-Days,6975,0.329,431,1422,100.0057,false,
2025-10-02,VOUCHER,Certification Vouchers,6048,0.307,396,1495,99.9741,false,
2025-10-02,IMPL,Implementation Services,2904,0.396,411,1425,99.9906,false,
2025-10-03,PRO,Academy Pro,140835,0.238,152,816,100.0151,false,
2025-10-03,TEAM,Team Plan,198998,0.147,211,595,99.9927,false,
2025-10-03,ENTERPRISE,Enterprise Programme,135670,0.46,413,1633,100.0293,false,
2025-10-03,CLASSROOM,Classroom Seat-Days,6442,0.537,514,1370,99.9893,false,
2025-10-03,VOUCHER,Certification Vouchers,8260,0.405,395,1545,99.9915,false,
2025-10-03,IMPL,Implementation Services,6703,0.169,427,1250,99.9617,false,
2025-10-04,PRO,Academy Pro,181364,0.462,155,453,99.9489,false,
2025-10-04,TEAM,Team Plan,277792,0.345,175,585,99.9462,false,
2025-10-04,ENTERPRISE,Enterprise Programme,105036,0.138,387,1555,99.977,false,
2025-10-04,CLASSROOM,Classroom Seat-Days,7681,0.341,421,1460,99.9535,false,
2025-10-04,VOUCHER,Certification Vouchers,3946,0.278,383,1303,100.0017,false,
2025-10-04,IMPL,Implementation Services,5279,0.368,418,1507,99.9604,false,
2025-10-05,PRO,Academy Pro,144028,0.316,149,442,99.9679,false,
2025-10-05,TEAM,Team Plan,324107,0.291,192,402,99.9815,false,
2025-10-05,ENTERPRISE,Enterprise Programme,133403,0.226,379,1377,99.9515,false,
2025-10-05,CLASSROOM,Classroom Seat-Days,4841,0.56,429,1448,99.9693,false,
2025-10-05,VOUCHER,Certification Vouchers,6842,0.237,435,1413,99.9738,false,
2025-10-05,IMPL,Implementation Services,6681,0.278,446,1502,99.9742,false,
2025-10-06,PRO,Academy Pro,210335,0.3,206,641,99.9847,false,
2025-10-06,TEAM,Team Plan,258874,0.594,193,583,100,false,
2025-10-06,ENTERPRISE,Enterprise Programme,131750,0.26,398,1318,99.9906,false,
2025-10-06,CLASSROOM,Classroom Seat-Days,5666,0.233,427,1209,99.9586,false,
2025-10-06,VOUCHER,Certification Vouchers,6858,0.218,421,1462,100.0006,false,
2025-10-06,IMPL,Implementation Services,4791,0.074,432,1508,99.978,false,
2025-10-07,PRO,Academy Pro,184214,0.469,168,878,100.0002,false,
2025-10-07,TEAM,Team Plan,214311,0.426,188,838,99.9706,false,
2025-10-07,ENTERPRISE,Enterprise Programme,105623,0.318,414,1346,99.9977,false,
2025-10-07,CLASSROOM,Classroom Seat-Days,6378,0.522,457,1315,100.0029,false,
2025-10-07,VOUCHER,Certification Vouchers,7496,0.463,359,1277,99.9785,false,
2025-10-07,IMPL,Implementation Services,5913,0.418,399,1564,99.9779,false,
2025-10-08,PRO,Academy Pro,124229,0.107,216,528,99.9848,false,
2025-10-08,TEAM,Team Plan,239352,0.351,175,428,99.9673,false,
2025-10-08,ENTERPRISE,Enterprise Programme,149287,0.163,466,1665,99.9874,false,
2025-10-08,CLASSROOM,Classroom Seat-Days,4263,0.01,389,1240,99.9772,false,
2025-10-08,VOUCHER,Certification Vouchers,6588,0.357,381,1446,100.0026,false,
2025-10-08,IMPL,Implementation Services,5704,0.209,434,1337,99.9881,false,
2025-10-09,PRO,Academy Pro,153378,0.194,180,612,100.0051,false,
2025-10-09,TEAM,Team Plan,174320,4.729,196,743,96.4823,true,SEV3
2025-10-09,ENTERPRISE,Enterprise Programme,99049,0.162,467,1531,99.9529,false,
2025-10-09,CLASSROOM,Classroom Seat-Days,5999,0.396,437,1200,99.9616,false,
2025-10-09,VOUCHER,Certification Vouchers,6179,0.247,437,1599,99.9743,false,
2025-10-09,IMPL,Implementation Services,6127,0.382,408,1498,100.0376,false,
2025-10-10,PRO,Academy Pro,205827,0.336,120,729,99.9679,false,
2025-10-10,TEAM,Team Plan,270134,0.293,180,639,99.9996,false,
2025-10-10,ENTERPRISE,Enterprise Programme,102047,0.184,397,1252,99.9943,false,
2025-10-10,CLASSROOM,Classroom Seat-Days,7504,0.219,461,1359,99.947,false,
2025-10-10,VOUCHER,Certification Vouchers,5986,0.303,417,1229,99.9725,false,
2025-10-10,IMPL,Implementation Services,5937,0.291,443,1388,100.0044,false,
2025-10-11,PRO,Academy Pro,169655,0.191,197,678,99.9646,false,
2025-10-11,TEAM,Team Plan,250410,0.228,150,476,99.9975,false,
2025-10-11,ENTERPRISE,Enterprise Programme,122470,0.399,458,1615,99.9729,false,
2025-10-11,CLASSROOM,Classroom Seat-Days,5969,0.161,457,1337,100.0121,false,
2025-10-11,VOUCHER,Certification Vouchers,6788,0.377,378,1450,99.9991,false,
2025-10-11,IMPL,Implementation Services,5823,0.029,407,1308,99.9743,false,
2025-10-12,PRO,Academy Pro,223907,0.508,133,813,100.0084,false,
2025-10-12,TEAM,Team Plan,317268,0.19,190,634,99.961,false,
2025-10-12,ENTERPRISE,Enterprise Programme,110193,0.438,368,1456,99.9997,false,
2025-10-12,CLASSROOM,Classroom Seat-Days,5849,0.257,442,1497,99.9666,false,
2025-10-12,VOUCHER,Certification Vouchers,8119,0.335,419,1666,100.0267,false,
2025-10-12,IMPL,Implementation Services,5129,0.345,419,1325,100.0104,false,
2025-10-13,PRO,Academy Pro,183080,0.155,172,780,99.9705,false,
2025-10-13,TEAM,Team Plan,220240,0.236,179,395,99.9932,false,
2025-10-13,ENTERPRISE,Enterprise Programme,96184,0.163,409,1455,99.9819,false,
2025-10-13,CLASSROOM,Classroom Seat-Days,8461,0.561,401,1375,99.992,false,
2025-10-13,VOUCHER,Certification Vouchers,7387,0.221,427,1321,99.9992,false,
2025-10-13,IMPL,Implementation Services,6604,0.182,404,1307,99.9939,false,
2025-10-14,PRO,Academy Pro,173540,0.523,186,507,99.9572,false,
2025-10-14,TEAM,Team Plan,244556,0.491,219,494,99.9853,false,
2025-10-14,ENTERPRISE,Enterprise Programme,55324,0.141,419,1429,99.9637,false,
2025-10-14,CLASSROOM,Classroom Seat-Days,6468,0.231,417,1451,99.9696,false,
2025-10-14,VOUCHER,Certification Vouchers,5578,0.221,364,1685,99.9698,false,
2025-10-14,IMPL,Implementation Services,6979,0.251,393,1375,99.9963,false,
2025-10-15,PRO,Academy Pro,191094,0.234,182,582,99.9806,false,
2025-10-15,TEAM,Team Plan,248289,0.307,134,551,99.989,false,
2025-10-15,ENTERPRISE,Enterprise Programme,98162,0.346,333,1332,100.0054,false,
2025-10-15,CLASSROOM,Classroom Seat-Days,5966,0.196,376,1577,99.991,false,
2025-10-15,VOUCHER,Certification Vouchers,5212,0.07,418,1352,99.9968,false,
2025-10-15,IMPL,Implementation Services,8042,0.199,415,1374,100.0209,false,
2025-10-16,PRO,Academy Pro,191935,0.283,190,584,99.9857,false,
2025-10-16,TEAM,Team Plan,293033,0.164,156,495,99.9686,false,
2025-10-16,ENTERPRISE,Enterprise Programme,137470,0.438,439,1579,99.9916,false,
2025-10-16,CLASSROOM,Classroom Seat-Days,4725,0.292,504,1475,99.9781,false,
2025-10-16,VOUCHER,Certification Vouchers,5532,0.451,461,1407,100.0024,false,
2025-10-16,IMPL,Implementation Services,6390,0.222,477,1510,99.9858,false,
2025-10-17,PRO,Academy Pro,170369,0.245,142,774,100.0173,false,
2025-10-17,TEAM,Team Plan,199487,0.128,163,571,99.9843,false,
2025-10-17,ENTERPRISE,Enterprise Programme,131021,0.221,463,1561,99.9469,false,
2025-10-17,CLASSROOM,Classroom Seat-Days,8759,3.77,450,1774,98.4381,true,SEV1
2025-10-17,VOUCHER,Certification Vouchers,5064,0.183,439,1250,99.9729,false,
2025-10-17,IMPL,Implementation Services,5948,0.454,440,1178,99.9547,false,
2025-10-18,PRO,Academy Pro,178689,0.304,192,692,99.9847,false,
2025-10-18,TEAM,Team Plan,251762,0.248,152,649,99.9689,false,
2025-10-18,ENTERPRISE,Enterprise Programme,82443,0.256,388,1548,99.9702,false,
2025-10-18,CLASSROOM,Classroom Seat-Days,6405,0.216,405,1429,99.9871,false,
2025-10-18,VOUCHER,Certification Vouchers,4100,0.477,431,1515,99.9686,false,
2025-10-18,IMPL,Implementation Services,6740,0.254,425,1323,99.9845,false,
2025-10-19,PRO,Academy Pro,206426,0.195,247,661,99.9618,false,
2025-10-19,TEAM,Team Plan,302969,0.376,193,576,99.9999,false,
2025-10-19,ENTERPRISE,Enterprise Programme,101008,0.205,432,1640,99.972,false,
2025-10-19,CLASSROOM,Classroom Seat-Days,4943,0.172,395,1345,99.9978,false,
2025-10-19,VOUCHER,Certification Vouchers,4748,0.382,399,1493,99.9731,false,
2025-10-19,IMPL,Implementation Services,6720,0.581,389,1314,99.9764,false,
2025-10-20,PRO,Academy Pro,181856,0.184,164,646,99.9716,false,
2025-10-20,TEAM,Team Plan,183206,0.536,166,712,100.0206,false,
2025-10-20,ENTERPRISE,Enterprise Programme,88745,0.232,440,1382,99.969,false,
2025-10-20,CLASSROOM,Classroom Seat-Days,6334,0.105,334,1378,99.9672,false,
2025-10-20,VOUCHER,Certification Vouchers,7120,0.214,400,1362,99.9875,false,
2025-10-20,IMPL,Implementation Services,6144,0.096,356,1474,99.9571,false,
2025-10-21,PRO,Academy Pro,258634,0.048,159,460,100.01,false,
2025-10-21,TEAM,Team Plan,303213,0.111,187,753,100.0159,false,
2025-10-21,ENTERPRISE,Enterprise Programme,149779,0.313,407,1561,99.9877,false,
2025-10-21,CLASSROOM,Classroom Seat-Days,6947,0.197,462,1502,99.9582,false,
2025-10-21,VOUCHER,Certification Vouchers,8388,0.308,394,1521,99.977,false,
2025-10-21,IMPL,Implementation Services,6959,0.251,407,1486,99.9622,false,
2025-10-22,PRO,Academy Pro,149102,0.275,209,611,99.9659,false,
2025-10-22,TEAM,Team Plan,233226,0.273,206,385,100.0191,false,
2025-10-22,ENTERPRISE,Enterprise Programme,136906,0.272,474,1607,99.976,false,
2025-10-22,CLASSROOM,Classroom Seat-Days,5329,0.491,438,1449,99.9845,false,
2025-10-22,VOUCHER,Certification Vouchers,5859,0.084,388,1438,100.0023,false,
2025-10-22,IMPL,Implementation Services,4800,0.262,416,1351,100.0001,false,
2025-10-23,PRO,Academy Pro,150707,0.132,181,874,99.9935,false,
2025-10-23,TEAM,Team Plan,298675,0.194,204,524,99.9762,false,
2025-10-23,ENTERPRISE,Enterprise Programme,90285,0.272,453,1345,99.9769,false,
2025-10-23,CLASSROOM,Classroom Seat-Days,6933,0.293,454,1317,99.9443,false,
2025-10-23,VOUCHER,Certification Vouchers,5499,1.95,398,965,97.1711,true,SEV2
2025-10-23,IMPL,Implementation Services,7351,0.308,428,1217,99.9742,false,
2025-10-24,PRO,Academy Pro,172259,0.145,183,599,99.9711,false,
2025-10-24,TEAM,Team Plan,255216,0.138,190,448,100.0008,false,
2025-10-24,ENTERPRISE,Enterprise Programme,130181,0.312,438,1544,99.9974,false,
2025-10-24,CLASSROOM,Classroom Seat-Days,5532,0.252,448,1291,99.9582,false,
2025-10-24,VOUCHER,Certification Vouchers,5672,0.119,395,1252,99.984,false,
2025-10-24,IMPL,Implementation Services,5440,0.11,400,1525,100.0023,false,
2025-10-25,PRO,Academy Pro,229428,0.1,145,691,99.9788,false,
2025-10-25,TEAM,Team Plan,342136,0.154,177,556,99.9725,false,
2025-10-25,ENTERPRISE,Enterprise Programme,117602,0.31,437,1204,99.9583,false,
2025-10-25,CLASSROOM,Classroom Seat-Days,6982,0.468,385,1368,100.0029,false,
2025-10-25,VOUCHER,Certification Vouchers,7351,0.278,382,1429,99.9707,false,
2025-10-25,IMPL,Implementation Services,7120,0.01,438,1519,99.9844,false,
2025-10-26,PRO,Academy Pro,188096,0.441,187,719,100.0395,false,
2025-10-26,TEAM,Team Plan,242754,0.336,166,567,99.9614,false,
2025-10-26,ENTERPRISE,Enterprise Programme,120698,0.242,389,1470,99.9931,false,
2025-10-26,CLASSROOM,Classroom Seat-Days,5984,0.479,412,1579,99.9889,false,
2025-10-26,VOUCHER,Certification Vouchers,6349,0.484,413,1491,99.9777,false,
2025-10-26,IMPL,Implementation Services,5657,0.595,407,1434,99.9901,false,
2025-10-27,PRO,Academy Pro,186795,0.239,234,617,100.0376,false,
2025-10-27,TEAM,Team Plan,185854,0.174,197,589,99.9671,false,
2025-10-27,ENTERPRISE,Enterprise Programme,72766,0.454,459,1598,99.9783,false,
2025-10-27,CLASSROOM,Classroom Seat-Days,7302,0.433,460,1219,99.9937,false,
2025-10-27,VOUCHER,Certification Vouchers,5707,0.463,378,1407,99.9929,false,
2025-10-27,IMPL,Implementation Services,5528,0.115,460,1430,99.9635,false,
2025-10-28,PRO,Academy Pro,201400,0.286,156,615,99.9807,false,
2025-10-28,TEAM,Team Plan,242328,0.078,200,647,99.9807,false,
2025-10-28,ENTERPRISE,Enterprise Programme,115605,0.089,435,1346,99.9642,false,
2025-10-28,CLASSROOM,Classroom Seat-Days,5659,0.346,444,1338,99.9927,false,
2025-10-28,VOUCHER,Certification Vouchers,6258,0.344,403,1299,99.9919,false,
2025-10-28,IMPL,Implementation Services,5965,0.22,443,1632,100.0004,false,
2025-10-29,PRO,Academy Pro,184956,0.315,186,567,99.9729,false,
2025-10-29,TEAM,Team Plan,299316,0.123,176,631,99.9698,false,
2025-10-29,ENTERPRISE,Enterprise Programme,128014,0.253,383,1188,99.9816,false,
2025-10-29,CLASSROOM,Classroom Seat-Days,6503,0.298,444,1383,100.0008,false,
2025-10-29,VOUCHER,Certification Vouchers,5795,0.294,387,1360,99.967,false,
2025-10-29,IMPL,Implementation Services,5430,0.017,418,1322,99.9966,false,
2025-10-30,PRO,Academy Pro,167747,0.149,179,421,99.9966,false,
2025-10-30,TEAM,Team Plan,191657,0.194,223,770,99.9796,false,
2025-10-30,ENTERPRISE,Enterprise Programme,101857,0.3,429,1399,99.9713,false,
2025-10-30,CLASSROOM,Classroom Seat-Days,5400,0.436,465,1558,99.9792,false,
2025-10-30,VOUCHER,Certification Vouchers,7879,0.072,377,1227,100.023,false,
2025-10-30,IMPL,Implementation Services,7690,0.303,423,1314,100.0207,false,
2025-10-31,PRO,Academy Pro,130582,0.283,176,576,100.0086,false,
2025-10-31,TEAM,Team Plan,228125,0.518,184,416,99.9929,false,
2025-10-31,ENTERPRISE,Enterprise Programme,91177,0.173,418,1196,99.9942,false,
2025-10-31,CLASSROOM,Classroom Seat-Days,7331,0.161,424,1479,99.9728,false,
2025-10-31,VOUCHER,Certification Vouchers,5087,0.519,396,1423,100.0056,false,
2025-10-31,IMPL,Implementation Services,6586,0.484,468,1372,99.9754,false,
2025-11-01,PRO,Academy Pro,203392,0.186,221,777,99.9908,false,
2025-11-01,TEAM,Team Plan,240786,0.142,223,727,99.972,false,
2025-11-01,ENTERPRISE,Enterprise Programme,137819,0.154,453,1439,99.9817,false,
2025-11-01,CLASSROOM,Classroom Seat-Days,6259,0.238,445,1344,99.9706,false,
2025-11-01,VOUCHER,Certification Vouchers,7148,0.433,422,1453,99.9689,false,
2025-11-01,IMPL,Implementation Services,4398,0.242,371,1393,99.9957,false,
2025-11-02,PRO,Academy Pro,193440,0.297,226,378,100.0156,false,
2025-11-02,TEAM,Team Plan,274018,0.011,170,663,100.0014,false,
2025-11-02,ENTERPRISE,Enterprise Programme,97654,0.199,416,1532,100.0169,false,
2025-11-02,CLASSROOM,Classroom Seat-Days,7085,0.311,398,1512,99.963,false,
2025-11-02,VOUCHER,Certification Vouchers,5812,0.233,390,1290,99.9831,false,
2025-11-02,IMPL,Implementation Services,6678,0.609,404,1376,100.0165,false,
2025-11-03,PRO,Academy Pro,157912,0.46,139,660,99.9698,false,
2025-11-03,TEAM,Team Plan,177992,0.364,169,624,99.9784,false,
2025-11-03,ENTERPRISE,Enterprise Programme,134966,0.071,350,1191,99.9869,false,
2025-11-03,CLASSROOM,Classroom Seat-Days,4329,0.362,374,1272,99.9801,false,
2025-11-03,VOUCHER,Certification Vouchers,4774,0.236,428,1357,99.99,false,
2025-11-03,IMPL,Implementation Services,4991,0.148,413,1358,99.9624,false,
2025-11-04,PRO,Academy Pro,175232,0.231,179,631,100.0073,false,
2025-11-04,TEAM,Team Plan,281510,0.349,157,679,99.9792,false,
2025-11-04,ENTERPRISE,Enterprise Programme,132956,0.33,380,1345,100.013,false,
2025-11-04,CLASSROOM,Classroom Seat-Days,4548,0.229,381,1300,99.9932,false,
2025-11-04,VOUCHER,Certification Vouchers,5340,0.04,435,1558,100.0192,false,
2025-11-04,IMPL,Implementation Services,6753,0.239,408,1475,99.9897,false,
2025-11-05,PRO,Academy Pro,165947,0.187,152,572,99.9626,false,
2025-11-05,TEAM,Team Plan,175821,0.503,250,771,99.9803,false,
2025-11-05,ENTERPRISE,Enterprise Programme,116385,0.667,448,1326,100.0027,false,
2025-11-05,CLASSROOM,Classroom Seat-Days,7610,0.276,468,1451,99.9869,false,
2025-11-05,VOUCHER,Certification Vouchers,6270,0.242,396,1284,100.009,false,
2025-11-05,IMPL,Implementation Services,5907,0.402,427,1155,99.997,false,
2025-11-06,PRO,Academy Pro,144827,0.23,181,460,99.9705,false,
2025-11-06,TEAM,Team Plan,283965,0.327,173,861,99.9713,false,
2025-11-06,ENTERPRISE,Enterprise Programme,120967,0.246,439,1235,99.9787,false,
2025-11-06,CLASSROOM,Classroom Seat-Days,5658,0.29,435,1296,99.9949,false,
2025-11-06,VOUCHER,Certification Vouchers,4952,0.383,459,1329,100.0009,false,
2025-11-06,IMPL,Implementation Services,5835,0.34,446,1124,99.955,false,
2025-11-07,PRO,Academy Pro,211400,0.408,153,601,99.9759,false,
2025-11-07,TEAM,Team Plan,229958,0.309,166,619,99.9799,false,
2025-11-07,ENTERPRISE,Enterprise Programme,58624,0.021,376,1405,99.9879,false,
2025-11-07,CLASSROOM,Classroom Seat-Days,8280,0.441,529,1357,99.9626,false,
2025-11-07,VOUCHER,Certification Vouchers,5099,0.518,463,1368,99.9804,false,
2025-11-07,IMPL,Implementation Services,6564,0.32,441,1169,99.9812,false,
2025-11-08,PRO,Academy Pro,180516,0.149,170,714,99.9851,false,
2025-11-08,TEAM,Team Plan,255322,0.354,191,688,100,false,
2025-11-08,ENTERPRISE,Enterprise Programme,92407,0.415,385,1420,99.971,false,
2025-11-08,CLASSROOM,Classroom Seat-Days,7251,0.172,400,1402,100.0198,false,
2025-11-08,VOUCHER,Certification Vouchers,6173,0.32,440,1522,100.0176,false,
2025-11-08,IMPL,Implementation Services,6361,0.082,379,1398,99.9374,false,
2025-11-09,PRO,Academy Pro,229781,0.164,175,607,99.9704,false,
2025-11-09,TEAM,Team Plan,284093,0.01,182,601,100.0349,false,
2025-11-09,ENTERPRISE,Enterprise Programme,88129,0.01,394,1239,99.9288,false,
2025-11-09,CLASSROOM,Classroom Seat-Days,5360,0.394,427,1706,99.9924,false,
2025-11-09,VOUCHER,Certification Vouchers,5910,0.254,433,1338,99.9752,false,
2025-11-09,IMPL,Implementation Services,7172,0.132,403,1362,100.0247,false,
2025-11-10,PRO,Academy Pro,203600,0.063,214,562,99.9909,false,
2025-11-10,TEAM,Team Plan,330324,0.479,139,654,99.9854,false,
2025-11-10,ENTERPRISE,Enterprise Programme,105079,0.129,377,1406,99.9757,false,
2025-11-10,CLASSROOM,Classroom Seat-Days,6143,0.258,415,1138,100.0055,false,
2025-11-10,VOUCHER,Certification Vouchers,4725,0.135,366,1196,99.9595,false,
2025-11-10,IMPL,Implementation Services,6196,0.128,441,1565,99.9847,false,
2025-11-11,PRO,Academy Pro,185642,0.056,139,624,99.967,false,
2025-11-11,TEAM,Team Plan,237568,0.118,211,613,99.982,false,
2025-11-11,ENTERPRISE,Enterprise Programme,135727,0.313,450,1483,99.9773,false,
2025-11-11,CLASSROOM,Classroom Seat-Days,4850,0.251,353,1558,99.9573,false,
2025-11-11,VOUCHER,Certification Vouchers,7399,0.201,468,1331,99.9983,false,
2025-11-11,IMPL,Implementation Services,4487,0.413,429,1220,99.9625,false,
2025-11-12,PRO,Academy Pro,227259,0.35,172,809,100.0142,false,
2025-11-12,TEAM,Team Plan,275048,0.474,164,436,99.9694,false,
2025-11-12,ENTERPRISE,Enterprise Programme,132338,0.329,409,1505,99.9509,false,
2025-11-12,CLASSROOM,Classroom Seat-Days,7227,0.304,483,1348,99.9593,false,
2025-11-12,VOUCHER,Certification Vouchers,5803,0.385,429,1273,99.9932,false,
2025-11-12,IMPL,Implementation Services,6277,0.181,456,1392,99.9854,false,
2025-11-13,PRO,Academy Pro,148965,0.016,144,574,99.9527,false,
2025-11-13,TEAM,Team Plan,299308,0.121,170,555,99.9754,false,
2025-11-13,ENTERPRISE,Enterprise Programme,114909,0.489,438,1427,99.9823,false,
2025-11-13,CLASSROOM,Classroom Seat-Days,4743,0.352,389,1408,100.0213,false,
2025-11-13,VOUCHER,Certification Vouchers,5478,0.554,415,1591,99.9873,false,
2025-11-13,IMPL,Implementation Services,5880,0.277,463,1325,99.9772,false,
2025-11-14,PRO,Academy Pro,164473,0.508,219,630,99.9765,false,
2025-11-14,TEAM,Team Plan,230744,0.15,180,508,99.9996,false,
2025-11-14,ENTERPRISE,Enterprise Programme,118346,0.377,442,1469,99.9739,false,
2025-11-14,CLASSROOM,Classroom Seat-Days,7300,0.284,388,1493,100.0026,false,
2025-11-14,VOUCHER,Certification Vouchers,6855,0.281,502,1417,100.0019,false,
2025-11-14,IMPL,Implementation Services,6135,0.178,413,1464,99.9745,false,
2025-11-15,PRO,Academy Pro,183788,0.246,226,717,99.9876,false,
2025-11-15,TEAM,Team Plan,300584,0.124,266,466,99.9807,false,
2025-11-15,ENTERPRISE,Enterprise Programme,129885,0.049,390,1438,99.9383,false,
2025-11-15,CLASSROOM,Classroom Seat-Days,4808,0.324,507,1356,99.9835,false,
2025-11-15,VOUCHER,Certification Vouchers,5532,0.209,393,1559,100.0046,false,
2025-11-15,IMPL,Implementation Services,6619,0.313,414,1480,99.9897,false,
2025-11-16,PRO,Academy Pro,144703,0.37,160,744,99.9911,false,
2025-11-16,TEAM,Team Plan,221480,0.291,194,955,100.0033,false,
2025-11-16,ENTERPRISE,Enterprise Programme,119587,0.261,417,1396,99.9667,false,
2025-11-16,CLASSROOM,Classroom Seat-Days,6449,0.42,432,1452,99.9806,false,
2025-11-16,VOUCHER,Certification Vouchers,6604,0.168,383,1375,99.9553,false,
2025-11-16,IMPL,Implementation Services,5603,0.01,420,1454,99.994,false,
2025-11-17,PRO,Academy Pro,204232,0.319,114,482,99.9732,false,
2025-11-17,TEAM,Team Plan,263545,0.206,231,781,100.0034,false,
2025-11-17,ENTERPRISE,Enterprise Programme,152030,0.424,369,1251,99.966,false,
2025-11-17,CLASSROOM,Classroom Seat-Days,3028,0.431,453,1395,99.9793,false,
2025-11-17,VOUCHER,Certification Vouchers,6538,0.343,491,1373,99.978,false,
2025-11-17,IMPL,Implementation Services,7438,0.212,467,1606,100.0096,false,
2025-11-18,PRO,Academy Pro,156668,4.417,150,1324,96.285,true,SEV3
2025-11-18,TEAM,Team Plan,273140,0.217,144,550,100.0096,false,
2025-11-18,ENTERPRISE,Enterprise Programme,133496,0.212,365,1406,99.9916,false,
2025-11-18,CLASSROOM,Classroom Seat-Days,7337,0.01,457,1343,99.9982,false,
2025-11-18,VOUCHER,Certification Vouchers,6599,0.226,444,1448,99.9462,false,
2025-11-18,IMPL,Implementation Services,8025,0.281,397,1396,99.9959,false,
2025-11-19,PRO,Academy Pro,249322,0.01,170,673,99.974,false,
2025-11-19,TEAM,Team Plan,262740,0.372,192,762,99.9995,false,
2025-11-19,ENTERPRISE,Enterprise Programme,89055,0.361,453,1499,99.9585,false,
2025-11-19,CLASSROOM,Classroom Seat-Days,6537,0.01,385,1410,99.968,false,
2025-11-19,VOUCHER,Certification Vouchers,5693,0.3,369,1389,100.0091,false,
2025-11-19,IMPL,Implementation Services,4830,0.365,425,1314,99.9864,false,
2025-11-20,PRO,Academy Pro,186696,0.263,228,577,99.9706,false,
2025-11-20,TEAM,Team Plan,251292,0.277,220,493,99.9976,false,
2025-11-20,ENTERPRISE,Enterprise Programme,66372,0.123,464,1562,100.011,false,
2025-11-20,CLASSROOM,Classroom Seat-Days,6566,0.631,521,1566,99.9705,false,
2025-11-20,VOUCHER,Certification Vouchers,6929,0.178,423,1534,99.9642,false,
2025-11-20,IMPL,Implementation Services,6310,0.227,373,1486,100.0079,false,
2025-11-21,PRO,Academy Pro,210576,0.229,184,655,100.0067,false,
2025-11-21,TEAM,Team Plan,264851,0.402,152,427,99.973,false,
2025-11-21,ENTERPRISE,Enterprise Programme,119266,0.224,394,1395,99.9662,false,
2025-11-21,CLASSROOM,Classroom Seat-Days,4822,0.321,414,1576,99.995,false,
2025-11-21,VOUCHER,Certification Vouchers,6017,0.292,419,1453,99.9677,false,
2025-11-21,IMPL,Implementation Services,5994,0.117,425,1350,100.0176,false,
2025-11-22,PRO,Academy Pro,191948,0.34,146,482,99.9734,false,
2025-11-22,TEAM,Team Plan,273279,0.345,139,536,99.9927,false,
2025-11-22,ENTERPRISE,Enterprise Programme,121060,0.403,405,1342,99.9612,false,
2025-11-22,CLASSROOM,Classroom Seat-Days,4728,0.022,443,1277,99.9892,false,
2025-11-22,VOUCHER,Certification Vouchers,5800,0.188,424,1273,99.959,false,
2025-11-22,IMPL,Implementation Services,5277,0.501,357,1638,99.9698,false,
2025-11-23,PRO,Academy Pro,200264,0.296,235,573,99.9695,false,
2025-11-23,TEAM,Team Plan,226500,0.209,247,607,99.9997,false,
2025-11-23,ENTERPRISE,Enterprise Programme,64382,0.506,450,1377,99.9829,false,
2025-11-23,CLASSROOM,Classroom Seat-Days,4594,0.36,440,1280,99.9979,false,
2025-11-23,VOUCHER,Certification Vouchers,6996,0.154,431,1459,99.9875,false,
2025-11-23,IMPL,Implementation Services,7308,0.212,420,1348,99.9921,false,
2025-11-24,PRO,Academy Pro,140662,0.576,109,620,99.97,false,
2025-11-24,TEAM,Team Plan,317489,0.191,142,569,99.9676,false,
2025-11-24,ENTERPRISE,Enterprise Programme,131742,0.229,371,1448,100.004,false,
2025-11-24,CLASSROOM,Classroom Seat-Days,6772,0.374,385,1342,99.9666,false,
2025-11-24,VOUCHER,Certification Vouchers,4274,0.268,419,1294,99.9865,false,
2025-11-24,IMPL,Implementation Services,5185,0.281,433,1451,99.9481,false,
2025-11-25,PRO,Academy Pro,155697,0.26,195,599,99.9808,false,
2025-11-25,TEAM,Team Plan,327532,0.379,227,552,100.0011,false,
2025-11-25,ENTERPRISE,Enterprise Programme,118811,0.406,443,1566,100.0004,false,
2025-11-25,CLASSROOM,Classroom Seat-Days,5650,0.314,466,1513,100.0015,false,
2025-11-25,VOUCHER,Certification Vouchers,5786,0.164,412,1469,99.971,false,
2025-11-25,IMPL,Implementation Services,6389,0.259,364,1532,99.9894,false,
2025-11-26,PRO,Academy Pro,194593,0.296,212,790,99.9781,false,
2025-11-26,TEAM,Team Plan,232366,0.206,152,736,99.9691,false,
2025-11-26,ENTERPRISE,Enterprise Programme,158278,0.359,398,1356,99.9788,false,
2025-11-26,CLASSROOM,Classroom Seat-Days,4392,0.235,391,1616,100.0025,false,
2025-11-26,VOUCHER,Certification Vouchers,8552,0.275,404,1406,99.9997,false,
2025-11-26,IMPL,Implementation Services,4662,0.3,426,1413,99.9772,false,
2025-11-27,PRO,Academy Pro,190211,0.093,108,522,100.0056,false,
2025-11-27,TEAM,Team Plan,244868,0.213,169,415,99.9795,false,
2025-11-27,ENTERPRISE,Enterprise Programme,140939,0.415,352,1529,99.9872,false,
2025-11-27,CLASSROOM,Classroom Seat-Days,5197,0.214,441,1325,99.9862,false,
2025-11-27,VOUCHER,Certification Vouchers,8559,0.074,446,1244,99.9607,false,
2025-11-27,IMPL,Implementation Services,4189,0.439,381,1335,99.9957,false,
2025-11-28,PRO,Academy Pro,133634,0.382,191,514,99.9853,false,
2025-11-28,TEAM,Team Plan,208118,0.396,193,634,99.9619,false,
2025-11-28,ENTERPRISE,Enterprise Programme,108518,0.072,429,1331,99.9818,false,
2025-11-28,CLASSROOM,Classroom Seat-Days,7051,0.334,390,1381,99.9962,false,
2025-11-28,VOUCHER,Certification Vouchers,5946,0.161,410,1446,99.9936,false,
2025-11-28,IMPL,Implementation Services,3797,0.098,395,1583,99.9941,false,
2025-11-29,PRO,Academy Pro,122262,0.065,169,528,99.9993,false,
2025-11-29,TEAM,Team Plan,261305,0.283,213,740,99.9596,false,
2025-11-29,ENTERPRISE,Enterprise Programme,127442,0.388,463,1325,99.9659,false,
2025-11-29,CLASSROOM,Classroom Seat-Days,7544,0.322,381,1492,99.9862,false,
2025-11-29,VOUCHER,Certification Vouchers,8338,0.341,388,1451,99.9859,false,
2025-11-29,IMPL,Implementation Services,3582,0.01,416,1337,99.9644,false,
2025-11-30,PRO,Academy Pro,174041,0.244,149,655,99.9997,false,
2025-11-30,TEAM,Team Plan,253285,0.452,182,613,100.0039,false,
2025-11-30,ENTERPRISE,Enterprise Programme,108557,0.279,457,1519,100.0037,false,
2025-11-30,CLASSROOM,Classroom Seat-Days,3877,0.344,456,1323,99.9897,false,
2025-11-30,VOUCHER,Certification Vouchers,7017,0.207,426,1420,99.9927,false,
2025-11-30,IMPL,Implementation Services,6306,0.456,441,1456,100.0008,false,
2025-12-01,PRO,Academy Pro,220766,0.437,184,685,99.9756,false,
2025-12-01,TEAM,Team Plan,230885,0.343,178,613,100.0002,false,
2025-12-01,ENTERPRISE,Enterprise Programme,115905,0.288,397,1516,99.9986,false,
2025-12-01,CLASSROOM,Classroom Seat-Days,6320,0.314,481,1368,100.0296,false,
2025-12-01,VOUCHER,Certification Vouchers,5752,0.162,407,1462,99.9848,false,
2025-12-01,IMPL,Implementation Services,6419,0.459,382,1344,99.9286,false,
2025-12-02,PRO,Academy Pro,218404,0.244,183,803,100.0011,false,
2025-12-02,TEAM,Team Plan,273252,0.404,204,567,100.0186,false,
2025-12-02,ENTERPRISE,Enterprise Programme,149464,0.041,433,1326,99.9958,false,
2025-12-02,CLASSROOM,Classroom Seat-Days,6247,0.137,430,1421,100.007,false,
2025-12-02,VOUCHER,Certification Vouchers,8047,0.532,471,1654,99.9512,false,
2025-12-02,IMPL,Implementation Services,6037,0.125,432,1593,100.0092,false,
2025-12-03,PRO,Academy Pro,144778,0.18,178,505,99.9725,false,
2025-12-03,TEAM,Team Plan,259129,0.423,163,470,99.9748,false,
2025-12-03,ENTERPRISE,Enterprise Programme,126257,0.345,377,1399,100.0143,false,
2025-12-03,CLASSROOM,Classroom Seat-Days,7107,0.183,375,1257,100.0095,false,
2025-12-03,VOUCHER,Certification Vouchers,7898,0.305,392,1327,100.0066,false,
2025-12-03,IMPL,Implementation Services,5967,0.192,400,1246,100.0009,false,
2025-12-04,PRO,Academy Pro,188025,0.366,158,883,100.0074,false,
2025-12-04,TEAM,Team Plan,254693,0.349,184,653,99.9601,false,
2025-12-04,ENTERPRISE,Enterprise Programme,171461,0.148,424,1336,99.9802,false,
2025-12-04,CLASSROOM,Classroom Seat-Days,5508,0.334,334,1434,99.9648,false,
2025-12-04,VOUCHER,Certification Vouchers,6513,0.283,426,1552,99.9877,false,
2025-12-04,IMPL,Implementation Services,6544,0.276,499,1399,100.035,false,
2025-12-05,PRO,Academy Pro,251938,0.326,171,613,99.9633,false,
2025-12-05,TEAM,Team Plan,213320,0.408,170,685,99.9578,false,
2025-12-05,ENTERPRISE,Enterprise Programme,120214,0.403,398,1204,99.9848,false,
2025-12-05,CLASSROOM,Classroom Seat-Days,5836,0.318,412,1395,99.9688,false,
2025-12-05,VOUCHER,Certification Vouchers,6850,0.047,472,1277,100.0099,false,
2025-12-05,IMPL,Implementation Services,5012,0.128,425,1269,99.9998,false,
2025-12-06,PRO,Academy Pro,218191,0.366,99,684,99.9854,false,
2025-12-06,TEAM,Team Plan,186133,0.23,169,601,99.9815,false,
2025-12-06,ENTERPRISE,Enterprise Programme,132741,0.242,431,1397,99.9919,false,
2025-12-06,CLASSROOM,Classroom Seat-Days,6659,0.267,438,1304,100.0165,false,
2025-12-06,VOUCHER,Certification Vouchers,4805,0.33,386,1469,99.9815,false,
2025-12-06,IMPL,Implementation Services,6560,0.01,369,1501,99.9747,false,
2025-12-07,PRO,Academy Pro,175314,0.122,236,736,100.0018,false,
2025-12-07,TEAM,Team Plan,285059,0.318,202,525,100.0075,false,
2025-12-07,ENTERPRISE,Enterprise Programme,74444,0.244,431,1442,99.9991,false,
2025-12-07,CLASSROOM,Classroom Seat-Days,6370,0.026,407,1415,99.9731,false,
2025-12-07,VOUCHER,Certification Vouchers,5229,0.149,392,1370,99.9855,false,
2025-12-07,IMPL,Implementation Services,7504,0.322,377,1460,99.9839,false,
2025-12-08,PRO,Academy Pro,204918,0.485,155,603,99.9862,false,
2025-12-08,TEAM,Team Plan,243643,0.165,176,485,99.9472,false,
2025-12-08,ENTERPRISE,Enterprise Programme,95012,0.33,433,1401,99.9707,false,
2025-12-08,CLASSROOM,Classroom Seat-Days,5976,0.459,382,1616,99.9971,false,
2025-12-08,VOUCHER,Certification Vouchers,4761,0.466,405,1607,99.9785,false,
2025-12-08,IMPL,Implementation Services,6116,0.446,420,1327,99.997,false,
2025-12-09,PRO,Academy Pro,132287,0.173,185,701,99.9859,false,
2025-12-09,TEAM,Team Plan,254111,0.419,180,425,99.9856,false,
2025-12-09,ENTERPRISE,Enterprise Programme,127520,0.197,395,1171,99.9687,false,
2025-12-09,CLASSROOM,Classroom Seat-Days,6241,0.049,439,1492,99.9912,false,
2025-12-09,VOUCHER,Certification Vouchers,6277,0.287,397,1465,100.0062,false,
2025-12-09,IMPL,Implementation Services,6876,0.396,442,1362,99.9923,false,
2025-12-10,PRO,Academy Pro,192944,0.322,145,607,99.9765,false,
2025-12-10,TEAM,Team Plan,179431,0.146,138,748,99.9767,false,
2025-12-10,ENTERPRISE,Enterprise Programme,126319,0.28,441,1360,99.9771,false,
2025-12-10,CLASSROOM,Classroom Seat-Days,6192,0.519,437,1349,99.9666,false,
2025-12-10,VOUCHER,Certification Vouchers,6331,0.154,441,1475,99.9733,false,
2025-12-10,IMPL,Implementation Services,5761,0.576,420,1692,99.9664,false,
2025-12-11,PRO,Academy Pro,156362,0.463,190,524,99.9695,false,
2025-12-11,TEAM,Team Plan,209126,0.692,197,379,99.9998,false,
2025-12-11,ENTERPRISE,Enterprise Programme,120197,0.352,409,1303,99.9556,false,
2025-12-11,CLASSROOM,Classroom Seat-Days,7289,0.349,404,1278,99.9614,false,
2025-12-11,VOUCHER,Certification Vouchers,4865,0.307,417,1478,100.0193,false,
2025-12-11,IMPL,Implementation Services,5322,0.36,407,1434,99.997,false,
2025-12-12,PRO,Academy Pro,160497,0.01,182,480,99.9843,false,
2025-12-12,TEAM,Team Plan,230604,0.222,211,728,100.0098,false,
2025-12-12,ENTERPRISE,Enterprise Programme,102407,0.484,430,1320,100.0246,false,
2025-12-12,CLASSROOM,Classroom Seat-Days,5638,0.416,379,1402,100.006,false,
2025-12-12,VOUCHER,Certification Vouchers,5485,0.232,440,1268,99.9841,false,
2025-12-12,IMPL,Implementation Services,5817,0.417,439,1310,99.9932,false,
2025-12-13,PRO,Academy Pro,197447,0.205,268,279,99.9772,false,
2025-12-13,TEAM,Team Plan,336533,0.226,173,690,99.9583,false,
2025-12-13,ENTERPRISE,Enterprise Programme,120095,0.234,430,1362,99.953,false,
2025-12-13,CLASSROOM,Classroom Seat-Days,6897,0.287,441,1309,100.0321,false,
2025-12-13,VOUCHER,Certification Vouchers,4926,0.314,451,1500,99.981,false,
2025-12-13,IMPL,Implementation Services,3568,0.439,441,1559,99.9826,false,
2025-12-14,PRO,Academy Pro,157473,0.305,134,558,99.9475,false,
2025-12-14,TEAM,Team Plan,322918,0.163,201,824,99.9783,false,
2025-12-14,ENTERPRISE,Enterprise Programme,151160,0.07,402,1275,99.9992,false,
2025-12-14,CLASSROOM,Classroom Seat-Days,4910,0.182,480,1412,100.0135,false,
2025-12-14,VOUCHER,Certification Vouchers,6803,0.403,422,1518,99.9817,false,
2025-12-14,IMPL,Implementation Services,4769,0.241,385,1464,99.9796,false,
2025-12-15,PRO,Academy Pro,179642,0.335,214,634,99.9838,false,
2025-12-15,TEAM,Team Plan,204785,0.332,171,638,100.0193,false,
2025-12-15,ENTERPRISE,Enterprise Programme,142114,0.256,429,1550,99.9997,false,
2025-12-15,CLASSROOM,Classroom Seat-Days,6034,0.292,398,1366,100.0034,false,
2025-12-15,VOUCHER,Certification Vouchers,6113,0.235,418,1458,100.0035,false,
2025-12-15,IMPL,Implementation Services,5212,0.214,391,1303,99.9587,false,
2025-12-16,PRO,Academy Pro,213274,0.398,133,644,100.0147,false,
2025-12-16,TEAM,Team Plan,300448,0.189,151,575,99.9561,false,
2025-12-16,ENTERPRISE,Enterprise Programme,118755,0.073,444,1402,99.9972,false,
2025-12-16,CLASSROOM,Classroom Seat-Days,7447,0.301,468,1425,99.9939,false,
2025-12-16,VOUCHER,Certification Vouchers,6409,0.394,419,1312,99.9565,false,
2025-12-16,IMPL,Implementation Services,6615,0.385,466,1225,99.9456,false,
2025-12-17,PRO,Academy Pro,170562,0.388,145,508,99.9879,false,
2025-12-17,TEAM,Team Plan,310957,0.394,152,665,99.9896,false,
2025-12-17,ENTERPRISE,Enterprise Programme,139733,0.332,403,1264,99.9855,false,
2025-12-17,CLASSROOM,Classroom Seat-Days,5215,0.493,450,1550,100.0054,false,
2025-12-17,VOUCHER,Certification Vouchers,6730,0.209,444,1340,99.9995,false,
2025-12-17,IMPL,Implementation Services,5451,0.033,463,1341,99.9841,false,
2025-12-18,PRO,Academy Pro,192903,0.127,182,597,99.9809,false,
2025-12-18,TEAM,Team Plan,262433,0.205,174,873,99.9913,false,
2025-12-18,ENTERPRISE,Enterprise Programme,141243,0.135,380,1274,99.9985,false,
2025-12-18,CLASSROOM,Classroom Seat-Days,6222,0.185,440,1459,100.0168,false,
2025-12-18,VOUCHER,Certification Vouchers,6369,0.295,365,1304,99.9746,false,
2025-12-18,IMPL,Implementation Services,6147,0.067,427,1459,99.9994,false,
2025-12-19,PRO,Academy Pro,214742,0.219,223,528,99.9835,false,
2025-12-19,TEAM,Team Plan,272223,0.276,195,884,99.982,false,
2025-12-19,ENTERPRISE,Enterprise Programme,131982,0.057,377,1444,99.9635,false,
2025-12-19,CLASSROOM,Classroom Seat-Days,5586,0.435,428,1293,99.9849,false,
2025-12-19,VOUCHER,Certification Vouchers,4305,0.136,468,1249,99.9936,false,
2025-12-19,IMPL,Implementation Services,5672,0.329,376,1136,99.9997,false,
2025-12-20,PRO,Academy Pro,201672,0.151,194,537,100.0568,false,
2025-12-20,TEAM,Team Plan,280417,0.142,157,623,99.9869,false,
2025-12-20,ENTERPRISE,Enterprise Programme,101219,0.358,446,1438,99.9987,false,
2025-12-20,CLASSROOM,Classroom Seat-Days,6912,0.408,386,1244,100.0053,false,
2025-12-20,VOUCHER,Certification Vouchers,6597,0.377,412,1293,100.0056,false,
2025-12-20,IMPL,Implementation Services,7211,0.294,407,1253,99.9901,false,
2025-12-21,PRO,Academy Pro,253019,0.701,196,817,99.9992,false,
2025-12-21,TEAM,Team Plan,276672,0.408,169,608,99.9615,false,
2025-12-21,ENTERPRISE,Enterprise Programme,118688,0.327,399,1492,99.9867,false,
2025-12-21,CLASSROOM,Classroom Seat-Days,3976,0.31,485,1534,100.0045,false,
2025-12-21,VOUCHER,Certification Vouchers,2650,0.442,417,1330,99.9908,false,
2025-12-21,IMPL,Implementation Services,6037,0.441,460,1457,99.9972,false,
2025-12-22,PRO,Academy Pro,213829,0.115,140,787,100.0135,false,
2025-12-22,TEAM,Team Plan,193508,0.322,155,534,99.9892,false,
2025-12-22,ENTERPRISE,Enterprise Programme,141223,0.224,413,1467,99.9831,false,
2025-12-22,CLASSROOM,Classroom Seat-Days,5383,0.086,405,1359,99.9693,false,
2025-12-22,VOUCHER,Certification Vouchers,6058,0.321,404,1405,99.9932,false,
2025-12-22,IMPL,Implementation Services,6280,0.387,425,1506,99.977,false,
2025-12-23,PRO,Academy Pro,195937,0.571,177,724,99.9739,false,
2025-12-23,TEAM,Team Plan,220354,0.183,188,695,99.987,false,
2025-12-23,ENTERPRISE,Enterprise Programme,149033,0.052,437,1387,99.9662,false,
2025-12-23,CLASSROOM,Classroom Seat-Days,6540,0.147,449,1270,99.996,false,
2025-12-23,VOUCHER,Certification Vouchers,5943,0.226,444,1337,99.986,false,
2025-12-23,IMPL,Implementation Services,6260,0.496,449,1421,99.9787,false,
2025-12-24,PRO,Academy Pro,137421,0.376,189,612,99.9748,false,
2025-12-24,TEAM,Team Plan,152992,0.51,190,667,99.9738,false,
2025-12-24,ENTERPRISE,Enterprise Programme,131954,0.361,426,1318,99.9875,false,
2025-12-24,CLASSROOM,Classroom Seat-Days,7122,0.223,407,1201,99.9351,false,
2025-12-24,VOUCHER,Certification Vouchers,3527,0.181,359,1428,100.0139,false,
2025-12-24,IMPL,Implementation Services,4074,0.485,447,1297,100.0001,false,
2025-12-25,PRO,Academy Pro,128452,0.42,205,558,99.9595,false,
2025-12-25,TEAM,Team Plan,277493,0.124,199,316,100.003,false,
2025-12-25,ENTERPRISE,Enterprise Programme,131380,0.262,434,1369,99.9655,false,
2025-12-25,CLASSROOM,Classroom Seat-Days,7690,0.421,379,1622,99.9928,false,
2025-12-25,VOUCHER,Certification Vouchers,4633,0.357,447,1516,100.0079,false,
2025-12-25,IMPL,Implementation Services,3595,0.175,444,1158,100.0205,false,
2025-12-26,PRO,Academy Pro,188724,0.307,169,808,99.9737,false,
2025-12-26,TEAM,Team Plan,248910,0.227,221,716,100.0067,false,
2025-12-26,ENTERPRISE,Enterprise Programme,127217,0.349,388,1323,99.9801,false,
2025-12-26,CLASSROOM,Classroom Seat-Days,5888,0.227,395,1339,99.9909,false,
2025-12-26,VOUCHER,Certification Vouchers,6003,0.178,412,1208,99.9935,false,
2025-12-26,IMPL,Implementation Services,5180,0.55,424,1233,100.0044,false,
2025-12-27,PRO,Academy Pro,179828,0.151,116,499,100.0073,false,
2025-12-27,TEAM,Team Plan,293084,0.174,135,370,99.9868,false,
2025-12-27,ENTERPRISE,Enterprise Programme,128800,0.221,460,1316,100.0273,false,
2025-12-27,CLASSROOM,Classroom Seat-Days,5651,0.072,386,1426,99.9644,false,
2025-12-27,VOUCHER,Certification Vouchers,6970,0.436,415,1320,99.9552,false,
2025-12-27,IMPL,Implementation Services,4229,0.349,452,1479,99.9554,false,
2025-12-28,PRO,Academy Pro,158380,0.315,141,610,99.9966,false,
2025-12-28,TEAM,Team Plan,175608,0.196,153,593,99.9478,false,
2025-12-28,ENTERPRISE,Enterprise Programme,147104,0.114,444,1491,99.9623,false,
2025-12-28,CLASSROOM,Classroom Seat-Days,7125,0.37,461,1463,99.9967,false,
2025-12-28,VOUCHER,Certification Vouchers,5715,0.038,449,1341,99.9933,false,
2025-12-28,IMPL,Implementation Services,5150,0.227,475,1313,99.9743,false,
2025-12-29,PRO,Academy Pro,243473,0.351,196,590,100.0082,false,
2025-12-29,TEAM,Team Plan,331464,0.01,169,625,100.0103,false,
2025-12-29,ENTERPRISE,Enterprise Programme,128720,0.277,471,1338,100.0032,false,
2025-12-29,CLASSROOM,Classroom Seat-Days,7607,0.274,442,1583,99.9651,false,
2025-12-29,VOUCHER,Certification Vouchers,5511,0.01,388,1353,99.9816,false,
2025-12-29,IMPL,Implementation Services,4651,0.133,461,1506,99.9783,false,
2025-12-30,PRO,Academy Pro,178091,0.177,195,810,99.9849,false,
2025-12-30,TEAM,Team Plan,288340,0.205,234,470,100.0447,false,
2025-12-30,ENTERPRISE,Enterprise Programme,116643,0.174,439,1407,99.954,false,
2025-12-30,CLASSROOM,Classroom Seat-Days,5361,0.445,405,1595,99.9836,false,
2025-12-30,VOUCHER,Certification Vouchers,4579,0.338,470,1393,99.9937,false,
2025-12-30,IMPL,Implementation Services,8249,0.254,410,1513,99.9738,false,
2025-12-31,PRO,Academy Pro,180938,0.139,215,493,99.9881,false,
2025-12-31,TEAM,Team Plan,212519,0.188,181,576,99.9846,false,
2025-12-31,ENTERPRISE,Enterprise Programme,113915,0.242,424,1313,99.9715,false,
2025-12-31,CLASSROOM,Classroom Seat-Days,2692,0.338,412,1503,99.9761,false,
2025-12-31,VOUCHER,Certification Vouchers,6280,0.305,417,1465,99.9721,false,
2025-12-31,IMPL,Implementation Services,6170,0.238,433,1368,100.0127,false,
2026-01-01,PRO,Academy Pro,174508,0.498,152,654,99.965,false,
2026-01-01,TEAM,Team Plan,235991,0.115,130,673,99.9691,false,
2026-01-01,ENTERPRISE,Enterprise Programme,119415,0.527,421,1553,99.982,false,
2026-01-01,CLASSROOM,Classroom Seat-Days,8101,0.565,428,1252,99.9856,false,
2026-01-01,VOUCHER,Certification Vouchers,3221,0.253,483,1470,99.9682,false,
2026-01-01,IMPL,Implementation Services,5837,0.096,407,1272,99.9902,false,
2026-01-02,PRO,Academy Pro,151624,0.01,188,414,99.9829,false,
2026-01-02,TEAM,Team Plan,219772,0.601,90,663,100.0182,false,
2026-01-02,ENTERPRISE,Enterprise Programme,138796,0.365,414,1247,99.9656,false,
2026-01-02,CLASSROOM,Classroom Seat-Days,6173,0.507,406,1442,99.9633,false,
2026-01-02,VOUCHER,Certification Vouchers,6124,0.244,429,1295,99.9597,false,
2026-01-02,IMPL,Implementation Services,5075,0.177,420,1521,99.9769,false,
2026-01-03,PRO,Academy Pro,157665,0.466,221,545,100.0112,false,
2026-01-03,TEAM,Team Plan,272097,0.366,151,387,99.9685,false,
2026-01-03,ENTERPRISE,Enterprise Programme,121039,0.096,391,1479,99.9623,false,
2026-01-03,CLASSROOM,Classroom Seat-Days,4798,0.295,384,1281,99.9817,false,
2026-01-03,VOUCHER,Certification Vouchers,6818,0.214,395,1329,99.9516,false,
2026-01-03,IMPL,Implementation Services,6656,0.476,393,1383,99.9981,false,
2026-01-04,PRO,Academy Pro,168533,0.139,142,543,99.995,false,
2026-01-04,TEAM,Team Plan,272976,0.143,204,569,99.9573,false,
2026-01-04,ENTERPRISE,Enterprise Programme,135051,0.324,409,1073,99.9949,false,
2026-01-04,CLASSROOM,Classroom Seat-Days,6117,0.412,434,1360,99.989,false,
2026-01-04,VOUCHER,Certification Vouchers,4389,0.34,452,1305,99.9996,false,
2026-01-04,IMPL,Implementation Services,5455,0.069,383,1336,100.0053,false,
2026-01-05,PRO,Academy Pro,196161,0.37,180,912,99.9712,false,
2026-01-05,TEAM,Team Plan,377043,0.557,159,714,100.017,false,
2026-01-05,ENTERPRISE,Enterprise Programme,161128,0.365,390,1233,99.974,false,
2026-01-05,CLASSROOM,Classroom Seat-Days,5130,0.135,403,1322,99.9815,false,
2026-01-05,VOUCHER,Certification Vouchers,7976,0.343,451,1341,99.9759,false,
2026-01-05,IMPL,Implementation Services,5354,0.415,423,1268,99.9928,false,
2026-01-06,PRO,Academy Pro,195784,0.512,200,680,99.9884,false,
2026-01-06,TEAM,Team Plan,257099,0.377,170,585,99.9715,false,
2026-01-06,ENTERPRISE,Enterprise Programme,108971,0.252,458,1362,99.965,false,
2026-01-06,CLASSROOM,Classroom Seat-Days,6628,0.314,413,1206,99.968,false,
2026-01-06,VOUCHER,Certification Vouchers,6911,0.119,316,1381,99.9529,false,
2026-01-06,IMPL,Implementation Services,6623,0.448,406,1350,99.9814,false,
2026-01-07,PRO,Academy Pro,116920,0.095,183,579,99.9758,false,
2026-01-07,TEAM,Team Plan,177736,0.118,175,462,99.9476,false,
2026-01-07,ENTERPRISE,Enterprise Programme,103667,0.308,405,1171,99.9901,false,
2026-01-07,CLASSROOM,Classroom Seat-Days,6017,0.315,465,1498,99.9921,false,
2026-01-07,VOUCHER,Certification Vouchers,4359,0.291,403,1376,99.9806,false,
2026-01-07,IMPL,Implementation Services,8067,0.255,427,1300,99.9794,false,
2026-01-08,PRO,Academy Pro,208772,0.237,188,552,99.9604,false,
2026-01-08,TEAM,Team Plan,258349,0.341,177,543,100,false,
2026-01-08,ENTERPRISE,Enterprise Programme,143685,0.126,429,1414,99.9936,false,
2026-01-08,CLASSROOM,Classroom Seat-Days,7782,0.209,435,1409,99.9568,false,
2026-01-08,VOUCHER,Certification Vouchers,7033,0.186,433,1508,99.9956,false,
2026-01-08,IMPL,Implementation Services,7834,0.431,436,1296,99.977,false,
2026-01-09,PRO,Academy Pro,164025,0.443,201,612,99.9498,false,
2026-01-09,TEAM,Team Plan,297985,0.124,131,564,100.0086,false,
2026-01-09,ENTERPRISE,Enterprise Programme,113543,0.449,447,1354,99.9733,false,
2026-01-09,CLASSROOM,Classroom Seat-Days,4065,0.347,356,1376,99.975,false,
2026-01-09,VOUCHER,Certification Vouchers,6791,0.302,420,1464,99.9461,false,
2026-01-09,IMPL,Implementation Services,5611,0.265,374,1456,99.9838,false,
2026-01-10,PRO,Academy Pro,152758,0.272,180,809,100.0002,false,
2026-01-10,TEAM,Team Plan,293995,0.156,187,550,99.9564,false,
2026-01-10,ENTERPRISE,Enterprise Programme,90297,0.296,420,1249,99.9792,false,
2026-01-10,CLASSROOM,Classroom Seat-Days,7846,0.113,431,1418,99.9771,false,
2026-01-10,VOUCHER,Certification Vouchers,5221,0.199,479,1482,99.9561,false,
2026-01-10,IMPL,Implementation Services,4018,0.262,507,1468,99.9726,false,
2026-01-11,PRO,Academy Pro,168923,0.221,188,523,99.9962,false,
2026-01-11,TEAM,Team Plan,317294,0.01,119,750,99.9505,false,
2026-01-11,ENTERPRISE,Enterprise Programme,93380,0.301,412,1201,99.9578,false,
2026-01-11,CLASSROOM,Classroom Seat-Days,6442,0.301,451,1173,99.9476,false,
2026-01-11,VOUCHER,Certification Vouchers,7966,0.064,455,1717,99.9517,false,
2026-01-11,IMPL,Implementation Services,6029,0.043,408,1452,99.9907,false,
2026-01-12,PRO,Academy Pro,207419,0.573,196,643,99.9744,false,
2026-01-12,TEAM,Team Plan,231521,0.496,192,688,99.9835,false,
2026-01-12,ENTERPRISE,Enterprise Programme,98215,0.422,402,1296,99.9399,false,
2026-01-12,CLASSROOM,Classroom Seat-Days,4780,0.069,410,1369,99.9906,false,
2026-01-12,VOUCHER,Certification Vouchers,5503,0.442,398,1207,99.9796,false,
2026-01-12,IMPL,Implementation Services,5624,0.096,405,1385,99.9971,false,
2026-01-13,PRO,Academy Pro,180415,0.365,186,631,99.9712,false,
2026-01-13,TEAM,Team Plan,324412,0.308,148,693,100.0112,false,
2026-01-13,ENTERPRISE,Enterprise Programme,142525,0.365,424,1237,99.9839,false,
2026-01-13,CLASSROOM,Classroom Seat-Days,6740,0.225,393,1332,99.9835,false,
2026-01-13,VOUCHER,Certification Vouchers,5445,0.227,451,1186,100.0053,false,
2026-01-13,IMPL,Implementation Services,4495,0.413,393,1363,99.996,false,
2026-01-14,PRO,Academy Pro,211202,0.268,196,444,99.9979,false,
2026-01-14,TEAM,Team Plan,277472,0.268,188,752,99.971,false,
2026-01-14,ENTERPRISE,Enterprise Programme,116326,0.306,387,1422,99.9816,false,
2026-01-14,CLASSROOM,Classroom Seat-Days,5876,0.01,378,1293,100.0267,false,
2026-01-14,VOUCHER,Certification Vouchers,6041,0.367,411,1493,99.9973,false,
2026-01-14,IMPL,Implementation Services,4386,0.289,406,1212,99.9846,false,
2026-01-15,PRO,Academy Pro,138637,0.218,191,499,99.9834,false,
2026-01-15,TEAM,Team Plan,282856,0.32,214,681,100.0337,false,
2026-01-15,ENTERPRISE,Enterprise Programme,133687,0.362,436,1349,100.0222,false,
2026-01-15,CLASSROOM,Classroom Seat-Days,6224,0.221,390,1309,100.0128,false,
2026-01-15,VOUCHER,Certification Vouchers,5354,0.319,422,1603,99.9775,false,
2026-01-15,IMPL,Implementation Services,5066,0.275,391,1396,99.981,false,
2026-01-16,PRO,Academy Pro,170250,0.201,167,638,99.9941,false,
2026-01-16,TEAM,Team Plan,269091,0.234,212,757,99.9817,false,
2026-01-16,ENTERPRISE,Enterprise Programme,95636,0.38,357,1436,99.9926,false,
2026-01-16,CLASSROOM,Classroom Seat-Days,6585,0.295,421,1388,99.9694,false,
2026-01-16,VOUCHER,Certification Vouchers,7008,0.14,430,1369,99.9583,false,
2026-01-16,IMPL,Implementation Services,5207,0.115,418,1185,99.995,false,
2026-01-17,PRO,Academy Pro,149310,0.178,172,649,100.0062,false,
2026-01-17,TEAM,Team Plan,259757,0.135,145,541,99.9795,false,
2026-01-17,ENTERPRISE,Enterprise Programme,156149,0.317,427,1533,99.9966,false,
2026-01-17,CLASSROOM,Classroom Seat-Days,6266,0.26,438,1355,99.965,false,
2026-01-17,VOUCHER,Certification Vouchers,6039,0.185,423,1547,99.9606,false,
2026-01-17,IMPL,Implementation Services,5768,0.233,415,1398,100.0116,false,
2026-01-18,PRO,Academy Pro,139749,0.363,172,642,100.0171,false,
2026-01-18,TEAM,Team Plan,351588,0.441,172,531,99.9728,false,
2026-01-18,ENTERPRISE,Enterprise Programme,105923,0.076,365,1424,99.9738,false,
2026-01-18,CLASSROOM,Classroom Seat-Days,5755,0.324,465,1717,99.9404,false,
2026-01-18,VOUCHER,Certification Vouchers,6544,0.296,452,1527,99.993,false,
2026-01-18,IMPL,Implementation Services,4494,4.493,468,913,97.6641,true,SEV3
2026-01-19,PRO,Academy Pro,119500,0.049,85,628,99.9597,false,
2026-01-19,TEAM,Team Plan,357522,0.272,138,635,100.0104,false,
2026-01-19,ENTERPRISE,Enterprise Programme,70057,0.234,383,1379,99.9521,false,
2026-01-19,CLASSROOM,Classroom Seat-Days,6420,0.167,458,1336,99.9581,false,
2026-01-19,VOUCHER,Certification Vouchers,5829,0.182,404,1371,99.9755,false,
2026-01-19,IMPL,Implementation Services,6214,0.418,373,1332,99.9536,false,
2026-01-20,PRO,Academy Pro,117801,0.168,166,681,99.9915,false,
2026-01-20,TEAM,Team Plan,337695,0.156,142,797,100,false,
2026-01-20,ENTERPRISE,Enterprise Programme,116124,0.392,480,1431,100.015,false,
2026-01-20,CLASSROOM,Classroom Seat-Days,6844,0.311,469,1451,99.9816,false,
2026-01-20,VOUCHER,Certification Vouchers,7738,0.239,409,1473,99.9843,false,
2026-01-20,IMPL,Implementation Services,4759,0.405,480,1353,99.9681,false,
2026-01-21,PRO,Academy Pro,183129,0.3,252,530,99.9913,false,
2026-01-21,TEAM,Team Plan,287125,0.053,158,442,99.9797,false,
2026-01-21,ENTERPRISE,Enterprise Programme,144947,0.242,426,1396,100.0019,false,
2026-01-21,CLASSROOM,Classroom Seat-Days,5538,0.305,423,1342,100.007,false,
2026-01-21,VOUCHER,Certification Vouchers,5714,0.011,441,1279,100.0041,false,
2026-01-21,IMPL,Implementation Services,6793,0.202,387,1264,99.9903,false,
2026-01-22,PRO,Academy Pro,195871,0.266,187,794,99.9995,false,
2026-01-22,TEAM,Team Plan,290878,0.385,199,666,99.9589,false,
2026-01-22,ENTERPRISE,Enterprise Programme,94284,0.39,452,1159,99.9761,false,
2026-01-22,CLASSROOM,Classroom Seat-Days,5636,0.373,444,1471,99.9944,false,
2026-01-22,VOUCHER,Certification Vouchers,4787,0.077,385,1462,99.9818,false,
2026-01-22,IMPL,Implementation Services,5629,0.324,454,1634,99.9973,false,
2026-01-23,PRO,Academy Pro,216232,0.258,186,553,99.9779,false,
2026-01-23,TEAM,Team Plan,251605,0.273,221,770,99.9831,false,
2026-01-23,ENTERPRISE,Enterprise Programme,133385,0.123,407,1408,100.051,false,
2026-01-23,CLASSROOM,Classroom Seat-Days,4654,0.442,430,1127,99.9922,false,
2026-01-23,VOUCHER,Certification Vouchers,6420,0.278,400,1723,99.9565,false,
2026-01-23,IMPL,Implementation Services,6921,0.01,404,1448,99.9858,false,
2026-01-24,PRO,Academy Pro,165628,0.258,163,606,99.9814,false,
2026-01-24,TEAM,Team Plan,205404,0.01,144,527,100.0071,false,
2026-01-24,ENTERPRISE,Enterprise Programme,143798,0.299,400,1460,99.9939,false,
2026-01-24,CLASSROOM,Classroom Seat-Days,6251,0.385,441,1319,100.0155,false,
2026-01-24,VOUCHER,Certification Vouchers,6464,0.176,397,1476,100.0026,false,
2026-01-24,IMPL,Implementation Services,4698,0.188,446,1566,99.9966,false,
2026-01-25,PRO,Academy Pro,153433,0.248,140,776,99.9847,false,
2026-01-25,TEAM,Team Plan,258264,0.479,175,685,99.9815,false,
2026-01-25,ENTERPRISE,Enterprise Programme,112134,0.135,435,1478,99.9444,false,
2026-01-25,CLASSROOM,Classroom Seat-Days,7020,0.102,437,1361,100.0077,false,
2026-01-25,VOUCHER,Certification Vouchers,4993,0.116,420,1342,99.9916,false,
2026-01-25,IMPL,Implementation Services,5267,0.359,427,1576,99.9963,false,
2026-01-26,PRO,Academy Pro,215853,0.298,219,691,99.9646,false,
2026-01-26,TEAM,Team Plan,268324,0.213,218,870,100.0232,false,
2026-01-26,ENTERPRISE,Enterprise Programme,139992,0.289,423,1555,100.0055,false,
2026-01-26,CLASSROOM,Classroom Seat-Days,5750,0.271,422,1477,100.0034,false,
2026-01-26,VOUCHER,Certification Vouchers,7751,0.438,389,1191,99.9841,false,
2026-01-26,IMPL,Implementation Services,5447,0.415,442,1391,100.0242,false,
2026-01-27,PRO,Academy Pro,169670,0.184,170,827,99.9707,false,
2026-01-27,TEAM,Team Plan,240528,0.558,142,816,100.0154,false,
2026-01-27,ENTERPRISE,Enterprise Programme,87995,0.318,438,1458,99.9897,false,
2026-01-27,CLASSROOM,Classroom Seat-Days,5124,0.235,375,1354,99.9728,false,
2026-01-27,VOUCHER,Certification Vouchers,4721,0.354,413,1381,99.9898,false,
2026-01-27,IMPL,Implementation Services,6999,0.209,396,1725,100.0043,false,
2026-01-28,PRO,Academy Pro,148828,3.216,183,628,97.9572,true,SEV2
2026-01-28,TEAM,Team Plan,249343,0.259,158,467,100.0071,false,
2026-01-28,ENTERPRISE,Enterprise Programme,101133,0.547,412,1433,99.9929,false,
2026-01-28,CLASSROOM,Classroom Seat-Days,6075,0.401,461,1239,99.9852,false,
2026-01-28,VOUCHER,Certification Vouchers,6848,0.248,420,1336,100.0048,false,
2026-01-28,IMPL,Implementation Services,7675,0.569,432,1387,99.9893,false,
2026-01-29,PRO,Academy Pro,191440,0.443,189,721,99.9541,false,
2026-01-29,TEAM,Team Plan,196685,0.23,175,364,99.9973,false,
2026-01-29,ENTERPRISE,Enterprise Programme,109803,0.076,466,1406,99.985,false,
2026-01-29,CLASSROOM,Classroom Seat-Days,6715,0.255,422,1543,99.9803,false,
2026-01-29,VOUCHER,Certification Vouchers,5526,0.118,367,1333,99.9594,false,
2026-01-29,IMPL,Implementation Services,6298,0.01,378,1410,99.9875,false,
2026-01-30,PRO,Academy Pro,126664,0.01,122,793,99.9818,false,
2026-01-30,TEAM,Team Plan,227786,0.2,175,711,99.9891,false,
2026-01-30,ENTERPRISE,Enterprise Programme,98806,0.233,420,1384,100.0058,false,
2026-01-30,CLASSROOM,Classroom Seat-Days,5989,0.432,419,1448,99.9811,false,
2026-01-30,VOUCHER,Certification Vouchers,4962,0.398,490,1325,100.0111,false,
2026-01-30,IMPL,Implementation Services,5628,0.296,412,1503,99.9923,false,
2026-01-31,PRO,Academy Pro,181124,0.411,136,549,99.9673,false,
2026-01-31,TEAM,Team Plan,280351,0.312,267,662,99.9889,false,
2026-01-31,ENTERPRISE,Enterprise Programme,111140,0.158,369,1445,99.9781,false,
2026-01-31,CLASSROOM,Classroom Seat-Days,5935,0.288,441,1303,99.9877,false,
2026-01-31,VOUCHER,Certification Vouchers,6574,0.498,424,1307,100.0051,false,
2026-01-31,IMPL,Implementation Services,7613,0.59,416,1403,99.9764,false,
2026-02-01,PRO,Academy Pro,223690,0.241,209,815,99.9714,false,
2026-02-01,TEAM,Team Plan,211696,0.256,158,655,99.9506,false,
2026-02-01,ENTERPRISE,Enterprise Programme,116009,0.198,473,1360,99.9883,false,
2026-02-01,CLASSROOM,Classroom Seat-Days,7601,0.297,373,1449,99.9836,false,
2026-02-01,VOUCHER,Certification Vouchers,6319,0.396,425,1453,99.9832,false,
2026-02-01,IMPL,Implementation Services,7573,0.214,430,1520,99.9474,false,
2026-02-02,PRO,Academy Pro,149987,0.144,222,771,99.9905,false,
2026-02-02,TEAM,Team Plan,255003,0.391,157,609,99.9591,false,
2026-02-02,ENTERPRISE,Enterprise Programme,95738,0.16,431,1415,99.9534,false,
2026-02-02,CLASSROOM,Classroom Seat-Days,5324,0.354,416,1441,99.9421,false,
2026-02-02,VOUCHER,Certification Vouchers,6326,0.3,436,1310,100.0054,false,
2026-02-02,IMPL,Implementation Services,6016,0.226,371,1325,99.999,false,
2026-02-03,PRO,Academy Pro,161171,0.358,211,598,99.9721,false,
2026-02-03,TEAM,Team Plan,215855,0.458,170,419,99.9774,false,
2026-02-03,ENTERPRISE,Enterprise Programme,142083,0.268,426,1385,99.9824,false,
2026-02-03,CLASSROOM,Classroom Seat-Days,4536,0.063,417,1363,99.9974,false,
2026-02-03,VOUCHER,Certification Vouchers,5406,0.32,469,1444,99.9521,false,
2026-02-03,IMPL,Implementation Services,7280,0.165,455,1545,99.9312,false,
2026-02-04,PRO,Academy Pro,181825,0.23,147,716,99.9961,false,
2026-02-04,TEAM,Team Plan,259517,0.261,149,770,99.9702,false,
2026-02-04,ENTERPRISE,Enterprise Programme,122740,0.345,449,1386,99.9565,false,
2026-02-04,CLASSROOM,Classroom Seat-Days,6517,0.179,475,1357,99.9803,false,
2026-02-04,VOUCHER,Certification Vouchers,6437,0.352,421,1434,99.9981,false,
2026-02-04,IMPL,Implementation Services,5635,0.26,376,1383,99.9813,false,
2026-02-05,PRO,Academy Pro,213187,0.377,241,681,100.0207,false,
2026-02-05,TEAM,Team Plan,191109,0.377,173,560,99.9641,false,
2026-02-05,ENTERPRISE,Enterprise Programme,132075,0.151,479,1379,99.9717,false,
2026-02-05,CLASSROOM,Classroom Seat-Days,6804,0.227,438,1453,99.97,false,
2026-02-05,VOUCHER,Certification Vouchers,5442,0.413,410,1294,99.9702,false,
2026-02-05,IMPL,Implementation Services,6936,0.261,460,1305,100.0155,false,
2026-02-06,PRO,Academy Pro,192663,0.325,166,641,100.0095,false,
2026-02-06,TEAM,Team Plan,217961,0.27,168,762,100.0072,false,
2026-02-06,ENTERPRISE,Enterprise Programme,126820,0.445,411,1492,99.9737,false,
2026-02-06,CLASSROOM,Classroom Seat-Days,6474,5.553,409,1221,98.6778,true,SEV3
2026-02-06,VOUCHER,Certification Vouchers,6822,0.364,457,1532,99.9742,false,
2026-02-06,IMPL,Implementation Services,5173,0.163,448,1527,99.9633,false,
2026-02-07,PRO,Academy Pro,104493,0.345,178,657,99.952,false,
2026-02-07,TEAM,Team Plan,281065,0.28,175,527,100.0002,false,
2026-02-07,ENTERPRISE,Enterprise Programme,90900,0.086,410,1401,100.0151,false,
2026-02-07,CLASSROOM,Classroom Seat-Days,4399,0.15,403,1612,99.9716,false,
2026-02-07,VOUCHER,Certification Vouchers,5969,0.107,420,1475,100.0185,false,
2026-02-07,IMPL,Implementation Services,5375,2.599,423,1206,98.4042,true,SEV1
2026-02-08,PRO,Academy Pro,166183,0.44,176,581,100.0152,false,
2026-02-08,TEAM,Team Plan,186770,0.317,144,433,100.0026,false,
2026-02-08,ENTERPRISE,Enterprise Programme,135761,0.268,457,1368,100.0371,false,
2026-02-08,CLASSROOM,Classroom Seat-Days,5049,0.34,419,1382,100.0154,false,
2026-02-08,VOUCHER,Certification Vouchers,6394,0.299,401,1609,99.9731,false,
2026-02-08,IMPL,Implementation Services,6729,0.365,425,1282,100.0032,false,
2026-02-09,PRO,Academy Pro,162062,0.18,183,795,99.9889,false,
2026-02-09,TEAM,Team Plan,195176,0.409,171,384,100.005,false,
2026-02-09,ENTERPRISE,Enterprise Programme,111495,0.395,406,1402,99.9469,false,
2026-02-09,CLASSROOM,Classroom Seat-Days,5459,0.241,371,1373,99.9824,false,
2026-02-09,VOUCHER,Certification Vouchers,6406,0.372,389,1405,99.9858,false,
2026-02-09,IMPL,Implementation Services,4393,0.231,397,1318,99.9648,false,
2026-02-10,PRO,Academy Pro,192677,0.447,245,643,100.0129,false,
2026-02-10,TEAM,Team Plan,246906,0.579,201,456,100.0072,false,
2026-02-10,ENTERPRISE,Enterprise Programme,159795,0.129,404,1294,99.9762,false,
2026-02-10,CLASSROOM,Classroom Seat-Days,6442,0.294,465,1321,99.9532,false,
2026-02-10,VOUCHER,Certification Vouchers,5430,0.338,417,1460,99.9551,false,
2026-02-10,IMPL,Implementation Services,6250,0.121,415,1386,100.0017,false,
2026-02-11,PRO,Academy Pro,154268,0.562,189,742,99.9897,false,
2026-02-11,TEAM,Team Plan,182203,0.077,223,877,99.9808,false,
2026-02-11,ENTERPRISE,Enterprise Programme,167381,0.052,379,1271,100.0143,false,
2026-02-11,CLASSROOM,Classroom Seat-Days,5604,0.195,387,1462,100.0038,false,
2026-02-11,VOUCHER,Certification Vouchers,5411,0.226,368,1362,99.9877,false,
2026-02-11,IMPL,Implementation Services,4236,0.381,409,1330,100.0167,false,
2026-02-12,PRO,Academy Pro,184892,0.346,200,601,99.9736,false,
2026-02-12,TEAM,Team Plan,265708,0.084,184,551,99.9967,false,
2026-02-12,ENTERPRISE,Enterprise Programme,166058,0.518,406,1538,99.9623,false,
2026-02-12,CLASSROOM,Classroom Seat-Days,6872,0.219,415,1692,99.9983,false,
2026-02-12,VOUCHER,Certification Vouchers,4304,0.386,369,1347,99.9895,false,
2026-02-12,IMPL,Implementation Services,6201,0.228,408,1428,99.9755,false,
2026-02-13,PRO,Academy Pro,172265,0.198,217,747,99.9916,false,
2026-02-13,TEAM,Team Plan,227756,0.344,170,725,99.9802,false,
2026-02-13,ENTERPRISE,Enterprise Programme,154774,0.345,402,1368,99.9743,false,
2026-02-13,CLASSROOM,Classroom Seat-Days,6322,0.266,398,1496,99.9939,false,
2026-02-13,VOUCHER,Certification Vouchers,8366,0.446,467,1366,99.9723,false,
2026-02-13,IMPL,Implementation Services,5374,0.496,420,1563,99.9532,false,
2026-02-14,PRO,Academy Pro,169216,0.301,169,683,100.0509,false,
2026-02-14,TEAM,Team Plan,170582,0.226,184,658,99.9956,false,
2026-02-14,ENTERPRISE,Enterprise Programme,162524,0.214,430,1547,99.9711,false,
2026-02-14,CLASSROOM,Classroom Seat-Days,5195,0.182,396,1509,100.0077,false,
2026-02-14,VOUCHER,Certification Vouchers,7736,0.221,377,1407,99.9934,false,
2026-02-14,IMPL,Implementation Services,8797,0.262,442,1356,100.0111,false,
2026-02-15,PRO,Academy Pro,157939,0.332,188,633,100.0183,false,
2026-02-15,TEAM,Team Plan,275388,0.208,164,672,100.0212,false,
2026-02-15,ENTERPRISE,Enterprise Programme,82563,0.078,416,1399,99.9976,false,
2026-02-15,CLASSROOM,Classroom Seat-Days,6816,0.215,408,1327,99.9447,false,
2026-02-15,VOUCHER,Certification Vouchers,7086,0.255,403,1697,99.9987,false,
2026-02-15,IMPL,Implementation Services,4981,0.318,435,1422,100.006,false,
2026-02-16,PRO,Academy Pro,160717,0.613,203,655,99.9881,false,
2026-02-16,TEAM,Team Plan,222985,0.303,142,784,100.0058,false,
2026-02-16,ENTERPRISE,Enterprise Programme,124194,0.054,405,1521,99.9772,false,
2026-02-16,CLASSROOM,Classroom Seat-Days,6600,0.397,391,1360,99.9655,false,
2026-02-16,VOUCHER,Certification Vouchers,5194,0.313,410,1266,99.9848,false,
2026-02-16,IMPL,Implementation Services,5384,0.378,394,1335,99.9879,false,
2026-02-17,PRO,Academy Pro,147292,0.078,196,764,99.9546,false,
2026-02-17,TEAM,Team Plan,343324,0.135,148,587,99.9932,false,
2026-02-17,ENTERPRISE,Enterprise Programme,68510,0.732,423,1366,100.0098,false,
2026-02-17,CLASSROOM,Classroom Seat-Days,5187,0.325,400,1566,99.9667,false,
2026-02-17,VOUCHER,Certification Vouchers,7305,0.381,431,1380,99.9729,false,
2026-02-17,IMPL,Implementation Services,5499,0.254,472,1342,99.9886,false,
2026-02-18,PRO,Academy Pro,174324,0.348,173,586,99.9801,false,
2026-02-18,TEAM,Team Plan,324998,0.275,200,790,99.9823,false,
2026-02-18,ENTERPRISE,Enterprise Programme,100929,0.174,425,1431,99.9673,false,
2026-02-18,CLASSROOM,Classroom Seat-Days,4667,0.154,442,1489,100.0022,false,
2026-02-18,VOUCHER,Certification Vouchers,7342,0.47,419,1418,99.9621,false,
2026-02-18,IMPL,Implementation Services,6322,0.46,380,1239,99.9805,false,
2026-02-19,PRO,Academy Pro,206702,0.318,216,445,99.9658,false,
2026-02-19,TEAM,Team Plan,236907,0.268,210,560,99.9946,false,
2026-02-19,ENTERPRISE,Enterprise Programme,140904,0.372,417,1424,100.0286,false,
2026-02-19,CLASSROOM,Classroom Seat-Days,7080,0.211,417,1301,100.0245,false,
2026-02-19,VOUCHER,Certification Vouchers,8065,0.263,370,1348,99.9822,false,
2026-02-19,IMPL,Implementation Services,5340,0.144,440,1562,99.984,false,
2026-02-20,PRO,Academy Pro,146752,0.01,207,774,100.0198,false,
2026-02-20,TEAM,Team Plan,295499,0.323,180,681,99.9803,false,
2026-02-20,ENTERPRISE,Enterprise Programme,93951,0.395,416,1644,99.9907,false,
2026-02-20,CLASSROOM,Classroom Seat-Days,6268,0.03,431,1404,99.9834,false,
2026-02-20,VOUCHER,Certification Vouchers,4757,0.481,427,1528,99.9797,false,
2026-02-20,IMPL,Implementation Services,4339,0.542,412,1401,99.9774,false,
2026-02-21,PRO,Academy Pro,198316,0.105,269,683,99.9946,false,
2026-02-21,TEAM,Team Plan,283890,0.3,183,383,99.9982,false,
2026-02-21,ENTERPRISE,Enterprise Programme,99865,0.199,435,1341,99.9533,false,
2026-02-21,CLASSROOM,Classroom Seat-Days,7544,0.163,459,1504,99.98,false,
2026-02-21,VOUCHER,Certification Vouchers,6046,0.348,423,1223,99.9708,false,
2026-02-21,IMPL,Implementation Services,5668,0.343,417,1535,99.9716,false,
2026-02-22,PRO,Academy Pro,135647,0.424,163,699,99.9837,false,
2026-02-22,TEAM,Team Plan,293718,0.219,241,572,99.9855,false,
2026-02-22,ENTERPRISE,Enterprise Programme,109969,0.363,340,1373,99.9823,false,
2026-02-22,CLASSROOM,Classroom Seat-Days,8079,0.062,415,1595,99.9753,false,
2026-02-22,VOUCHER,Certification Vouchers,6119,0.435,438,1342,99.987,false,
2026-02-22,IMPL,Implementation Services,4360,0.452,431,1467,99.9673,false,
2026-02-23,PRO,Academy Pro,171803,0.074,150,679,99.9823,false,
2026-02-23,TEAM,Team Plan,207515,0.188,173,528,99.9896,false,
2026-02-23,ENTERPRISE,Enterprise Programme,113198,0.133,413,1495,100.0053,false,
2026-02-23,CLASSROOM,Classroom Seat-Days,5860,4.752,440,1287,98.7518,true,SEV3
2026-02-23,VOUCHER,Certification Vouchers,6718,0.289,395,1543,100.0162,false,
2026-02-23,IMPL,Implementation Services,6555,0.259,415,1519,99.9657,false,
2026-02-24,PRO,Academy Pro,188384,0.154,167,734,99.965,false,
2026-02-24,TEAM,Team Plan,260741,0.484,187,581,99.939,false,
2026-02-24,ENTERPRISE,Enterprise Programme,90622,0.103,338,1354,100.0009,false,
2026-02-24,CLASSROOM,Classroom Seat-Days,7048,0.318,430,1308,99.9835,false,
2026-02-24,VOUCHER,Certification Vouchers,7321,0.14,393,1406,99.9915,false,
2026-02-24,IMPL,Implementation Services,5885,0.514,393,1423,99.985,false,
2026-02-25,PRO,Academy Pro,243357,0.293,127,516,99.971,false,
2026-02-25,TEAM,Team Plan,244022,0.205,213,553,99.9996,false,
2026-02-25,ENTERPRISE,Enterprise Programme,178027,0.267,431,1593,99.9662,false,
2026-02-25,CLASSROOM,Classroom Seat-Days,6070,0.47,376,1302,100.001,false,
2026-02-25,VOUCHER,Certification Vouchers,5317,0.035,436,1433,99.9896,false,
2026-02-25,IMPL,Implementation Services,4910,0.541,428,1490,99.9816,false,
2026-02-26,PRO,Academy Pro,243493,0.27,204,503,99.9846,false,
2026-02-26,TEAM,Team Plan,326616,0.01,243,773,99.9935,false,
2026-02-26,ENTERPRISE,Enterprise Programme,138454,0.069,342,1545,99.943,false,
2026-02-26,CLASSROOM,Classroom Seat-Days,4842,0.36,456,1407,99.9334,false,
2026-02-26,VOUCHER,Certification Vouchers,5837,0.255,396,1351,99.9892,false,
2026-02-26,IMPL,Implementation Services,6329,0.345,392,1359,99.9726,false,
2026-02-27,PRO,Academy Pro,121946,0.385,241,289,99.9417,false,
2026-02-27,TEAM,Team Plan,305240,0.403,161,489,100.0029,false,
2026-02-27,ENTERPRISE,Enterprise Programme,117786,0.379,444,1341,100.0047,false,
2026-02-27,CLASSROOM,Classroom Seat-Days,7390,0.317,414,1264,99.9742,false,
2026-02-27,VOUCHER,Certification Vouchers,6191,0.183,389,1426,99.9764,false,
2026-02-27,IMPL,Implementation Services,5674,0.25,427,1522,99.9807,false,
2026-02-28,PRO,Academy Pro,176076,0.376,147,699,99.9919,false,
2026-02-28,TEAM,Team Plan,324953,0.293,174,685,99.9634,false,
2026-02-28,ENTERPRISE,Enterprise Programme,146310,0.01,402,1400,99.9741,false,
2026-02-28,CLASSROOM,Classroom Seat-Days,6488,0.462,398,1286,99.9835,false,
2026-02-28,VOUCHER,Certification Vouchers,5352,0.421,420,1172,100.0267,false,
2026-02-28,IMPL,Implementation Services,6697,0.229,438,1555,100.0421,false,
2026-03-01,PRO,Academy Pro,209666,0.494,171,653,99.974,false,
2026-03-01,TEAM,Team Plan,208340,0.01,197,629,99.9949,false,
2026-03-01,ENTERPRISE,Enterprise Programme,99868,0.316,464,1295,99.9985,false,
2026-03-01,CLASSROOM,Classroom Seat-Days,6189,0.288,411,1409,99.9668,false,
2026-03-01,VOUCHER,Certification Vouchers,7625,0.296,444,1559,99.9657,false,
2026-03-01,IMPL,Implementation Services,6275,0.409,442,1279,99.9789,false,
2026-03-02,PRO,Academy Pro,174646,0.291,146,474,99.9786,false,
2026-03-02,TEAM,Team Plan,182778,0.175,154,543,100.0094,false,
2026-03-02,ENTERPRISE,Enterprise Programme,132924,0.514,395,1409,100.0038,false,
2026-03-02,CLASSROOM,Classroom Seat-Days,5623,0.289,407,1569,100.0017,false,
2026-03-02,VOUCHER,Certification Vouchers,6705,0.384,350,1293,99.9739,false,
2026-03-02,IMPL,Implementation Services,6413,0.484,432,1383,99.9864,false,
2026-03-03,PRO,Academy Pro,154937,0.313,143,743,99.9823,false,
2026-03-03,TEAM,Team Plan,265657,0.332,165,687,100.0175,false,
2026-03-03,ENTERPRISE,Enterprise Programme,99946,0.37,383,1403,99.9336,false,
2026-03-03,CLASSROOM,Classroom Seat-Days,6305,0.241,464,1397,99.9699,false,
2026-03-03,VOUCHER,Certification Vouchers,5742,0.264,456,1459,99.9918,false,
2026-03-03,IMPL,Implementation Services,6315,0.463,444,1266,99.973,false,
2026-03-04,PRO,Academy Pro,224764,0.432,201,562,99.9628,false,
2026-03-04,TEAM,Team Plan,314626,0.221,155,482,99.9954,false,
2026-03-04,ENTERPRISE,Enterprise Programme,153869,7.18,396,1424,98.0812,true,SEV2
2026-03-04,CLASSROOM,Classroom Seat-Days,5487,0.467,436,1411,99.975,false,
2026-03-04,VOUCHER,Certification Vouchers,5527,0.28,420,1462,99.9909,false,
2026-03-04,IMPL,Implementation Services,7796,0.24,435,1354,99.9974,false,
2026-03-05,PRO,Academy Pro,214394,0.341,150,759,99.9596,false,
2026-03-05,TEAM,Team Plan,362556,0.323,166,690,99.9918,false,
2026-03-05,ENTERPRISE,Enterprise Programme,143822,0.088,454,1523,99.9901,false,
2026-03-05,CLASSROOM,Classroom Seat-Days,5082,0.475,422,1427,100.0012,false,
2026-03-05,VOUCHER,Certification Vouchers,4422,0.181,423,1415,99.9798,false,
2026-03-05,IMPL,Implementation Services,6166,0.409,364,1416,99.9506,false,
2026-03-06,PRO,Academy Pro,202758,0.395,168,655,100.0116,false,
2026-03-06,TEAM,Team Plan,276953,0.453,225,653,99.9911,false,
2026-03-06,ENTERPRISE,Enterprise Programme,142153,0.433,400,1204,99.9842,false,
2026-03-06,CLASSROOM,Classroom Seat-Days,5972,0.235,468,1288,99.957,false,
2026-03-06,VOUCHER,Certification Vouchers,6297,0.269,449,1396,100.0004,false,
2026-03-06,IMPL,Implementation Services,5156,0.493,366,1120,99.9744,false,
2026-03-07,PRO,Academy Pro,125497,0.21,141,423,99.9778,false,
2026-03-07,TEAM,Team Plan,255575,0.097,151,501,99.9728,false,
2026-03-07,ENTERPRISE,Enterprise Programme,133713,0.214,460,1327,99.9531,false,
2026-03-07,CLASSROOM,Classroom Seat-Days,4467,0.153,438,1302,100.0122,false,
2026-03-07,VOUCHER,Certification Vouchers,5231,0.253,426,1308,99.9983,false,
2026-03-07,IMPL,Implementation Services,5512,0.362,452,1271,99.99,false,
2026-03-08,PRO,Academy Pro,165287,0.24,180,553,100.0144,false,
2026-03-08,TEAM,Team Plan,178966,0.233,202,684,100.0097,false,
2026-03-08,ENTERPRISE,Enterprise Programme,85971,0.155,404,1283,99.9903,false,
2026-03-08,CLASSROOM,Classroom Seat-Days,5486,0.274,429,1619,99.973,false,
2026-03-08,VOUCHER,Certification Vouchers,8666,0.354,414,1318,99.994,false,
2026-03-08,IMPL,Implementation Services,5176,0.36,382,1436,99.9715,false,
2026-03-09,PRO,Academy Pro,157300,0.208,179,805,100.0042,false,
2026-03-09,TEAM,Team Plan,253840,0.462,172,732,100.0186,false,
2026-03-09,ENTERPRISE,Enterprise Programme,127539,0.251,480,1250,99.9761,false,
2026-03-09,CLASSROOM,Classroom Seat-Days,5345,0.505,410,1342,99.997,false,
2026-03-09,VOUCHER,Certification Vouchers,4485,0.248,500,1345,100.0001,false,
2026-03-09,IMPL,Implementation Services,5933,0.395,439,1388,99.9761,false,
2026-03-10,PRO,Academy Pro,134083,0.433,243,697,99.9785,false,
2026-03-10,TEAM,Team Plan,209571,0.241,224,631,100.004,false,
2026-03-10,ENTERPRISE,Enterprise Programme,133271,0.271,433,1370,99.9677,false,
2026-03-10,CLASSROOM,Classroom Seat-Days,5487,0.381,420,1359,99.9695,false,
2026-03-10,VOUCHER,Certification Vouchers,5161,0.025,451,1260,99.9955,false,
2026-03-10,IMPL,Implementation Services,4551,0.331,436,1292,99.99,false,
2026-03-11,PRO,Academy Pro,161254,0.174,146,635,99.9239,false,
2026-03-11,TEAM,Team Plan,257519,0.331,196,531,99.9684,false,
2026-03-11,ENTERPRISE,Enterprise Programme,109070,0.457,420,1358,100.0035,false,
2026-03-11,CLASSROOM,Classroom Seat-Days,6537,0.345,370,1563,99.996,false,
2026-03-11,VOUCHER,Certification Vouchers,5660,0.22,447,1536,99.9275,false,
2026-03-11,IMPL,Implementation Services,7404,0.294,443,1266,100.02,false,
2026-03-12,PRO,Academy Pro,192013,0.32,135,849,99.9569,false,
2026-03-12,TEAM,Team Plan,266009,0.429,163,531,100.0074,false,
2026-03-12,ENTERPRISE,Enterprise Programme,79837,0.106,428,1237,99.9636,false,
2026-03-12,CLASSROOM,Classroom Seat-Days,5428,0.506,424,1257,99.9729,false,
2026-03-12,VOUCHER,Certification Vouchers,4225,0.286,461,1517,99.9727,false,
2026-03-12,IMPL,Implementation Services,6216,0.374,396,1614,99.9852,false,
2026-03-13,PRO,Academy Pro,147718,0.32,155,571,100.0001,false,
2026-03-13,TEAM,Team Plan,317567,0.325,148,727,99.9533,false,
2026-03-13,ENTERPRISE,Enterprise Programme,128884,0.303,392,1479,100.0216,false,
2026-03-13,CLASSROOM,Classroom Seat-Days,5163,0.24,438,1282,99.9987,false,
2026-03-13,VOUCHER,Certification Vouchers,7318,0.231,381,1149,99.987,false,
2026-03-13,IMPL,Implementation Services,4560,0.233,390,1288,99.9819,false,
2026-03-14,PRO,Academy Pro,201374,0.379,254,612,99.9914,false,
2026-03-14,TEAM,Team Plan,166562,0.509,177,629,100.018,false,
2026-03-14,ENTERPRISE,Enterprise Programme,130962,0.16,416,1565,99.9824,false,
2026-03-14,CLASSROOM,Classroom Seat-Days,6774,0.24,428,1293,100.0006,false,
2026-03-14,VOUCHER,Certification Vouchers,7085,0.034,438,1408,99.9639,false,
2026-03-14,IMPL,Implementation Services,5571,0.466,394,1537,100.0094,false,
2026-03-15,PRO,Academy Pro,198513,0.569,189,753,99.9884,false,
2026-03-15,TEAM,Team Plan,249957,0.554,186,682,100.0213,false,
2026-03-15,ENTERPRISE,Enterprise Programme,130540,0.261,415,1506,99.9955,false,
2026-03-15,CLASSROOM,Classroom Seat-Days,4512,0.14,388,1560,99.9525,false,
2026-03-15,VOUCHER,Certification Vouchers,6695,0.633,404,1434,99.9908,false,
2026-03-15,IMPL,Implementation Services,5941,0.468,479,1580,99.992,false,
2026-03-16,PRO,Academy Pro,233460,0.444,198,637,100.0135,false,
2026-03-16,TEAM,Team Plan,225758,0.364,197,298,99.9792,false,
2026-03-16,ENTERPRISE,Enterprise Programme,134663,0.329,398,1605,99.966,false,
2026-03-16,CLASSROOM,Classroom Seat-Days,4664,0.262,425,1367,100.0027,false,
2026-03-16,VOUCHER,Certification Vouchers,2092,0.426,381,1303,99.9674,false,
2026-03-16,IMPL,Implementation Services,5184,0.271,416,1575,100.0042,false,
2026-03-17,PRO,Academy Pro,198650,0.398,214,687,99.9876,false,
2026-03-17,TEAM,Team Plan,217477,0.222,165,593,99.9987,false,
2026-03-17,ENTERPRISE,Enterprise Programme,161391,0.328,438,1474,100.024,false,
2026-03-17,CLASSROOM,Classroom Seat-Days,5647,0.195,414,1440,99.9754,false,
2026-03-17,VOUCHER,Certification Vouchers,6300,0.209,410,1461,100.0178,false,
2026-03-17,IMPL,Implementation Services,7911,0.12,411,1537,99.9701,false,
2026-03-18,PRO,Academy Pro,182025,0.102,167,674,100.0118,false,
2026-03-18,TEAM,Team Plan,257289,0.23,197,471,100.0006,false,
2026-03-18,ENTERPRISE,Enterprise Programme,123789,0.288,420,1411,100.008,false,
2026-03-18,CLASSROOM,Classroom Seat-Days,5424,0.037,389,1506,99.987,false,
2026-03-18,VOUCHER,Certification Vouchers,4313,0.28,406,1505,99.9676,false,
2026-03-18,IMPL,Implementation Services,5875,0.114,408,1417,99.9789,false,
2026-03-19,PRO,Academy Pro,185592,0.43,177,355,100.0029,false,
2026-03-19,TEAM,Team Plan,201060,0.056,195,537,100.0102,false,
2026-03-19,ENTERPRISE,Enterprise Programme,146859,0.363,384,1355,100.0193,false,
2026-03-19,CLASSROOM,Classroom Seat-Days,5451,0.319,400,1534,99.9919,false,
2026-03-19,VOUCHER,Certification Vouchers,6325,0.245,402,1278,99.9857,false,
2026-03-19,IMPL,Implementation Services,6497,0.394,442,1317,99.9697,false,
2026-03-20,PRO,Academy Pro,162725,3.973,138,434,98.9713,true,SEV2
2026-03-20,TEAM,Team Plan,268812,0.342,149,634,99.9595,false,
2026-03-20,ENTERPRISE,Enterprise Programme,125056,0.296,406,1599,100.0249,false,
2026-03-20,CLASSROOM,Classroom Seat-Days,5315,0.275,406,1448,100.0054,false,
2026-03-20,VOUCHER,Certification Vouchers,7114,0.304,454,1324,99.9613,false,
2026-03-20,IMPL,Implementation Services,5644,0.141,414,1398,99.9467,false,
2026-03-21,PRO,Academy Pro,149150,0.292,83,487,100.0132,false,
2026-03-21,TEAM,Team Plan,225472,0.256,185,588,99.992,false,
2026-03-21,ENTERPRISE,Enterprise Programme,133414,5.758,412,1243,99.7392,true,SEV3
2026-03-21,CLASSROOM,Classroom Seat-Days,4876,0.294,412,1363,100.0031,false,
2026-03-21,VOUCHER,Certification Vouchers,6594,0.429,430,1360,99.9655,false,
2026-03-21,IMPL,Implementation Services,3922,0.442,451,1442,100.0035,false,
2026-03-22,PRO,Academy Pro,156161,0.286,176,511,99.9667,false,
2026-03-22,TEAM,Team Plan,216344,0.209,203,487,100.0086,false,
2026-03-22,ENTERPRISE,Enterprise Programme,103038,0.289,397,1628,99.9529,false,
2026-03-22,CLASSROOM,Classroom Seat-Days,4869,0.064,366,1457,99.945,false,
2026-03-22,VOUCHER,Certification Vouchers,7747,0.302,357,1433,99.9875,false,
2026-03-22,IMPL,Implementation Services,6280,0.314,406,1328,99.975,false,
2026-03-23,PRO,Academy Pro,218878,0.381,150,493,99.9823,false,
2026-03-23,TEAM,Team Plan,297790,0.01,142,522,99.9955,false,
2026-03-23,ENTERPRISE,Enterprise Programme,149503,0.451,363,1209,99.9824,false,
2026-03-23,CLASSROOM,Classroom Seat-Days,3927,0.082,427,1555,99.9801,false,
2026-03-23,VOUCHER,Certification Vouchers,5450,0.248,405,1670,99.9573,false,
2026-03-23,IMPL,Implementation Services,5023,0.01,404,1527,99.988,false,
2026-03-24,PRO,Academy Pro,268689,0.21,159,690,99.9748,false,
2026-03-24,TEAM,Team Plan,270523,0.275,130,764,100.0284,false,
2026-03-24,ENTERPRISE,Enterprise Programme,141433,0.287,427,1363,99.9875,false,
2026-03-24,CLASSROOM,Classroom Seat-Days,6695,0.379,455,1367,99.9747,false,
2026-03-24,VOUCHER,Certification Vouchers,3513,0.16,426,1508,99.9792,false,
2026-03-24,IMPL,Implementation Services,5835,0.316,428,1248,99.9838,false,
2026-03-25,PRO,Academy Pro,156318,0.298,190,810,100.0116,false,
2026-03-25,TEAM,Team Plan,242676,0.246,191,403,99.9812,false,
2026-03-25,ENTERPRISE,Enterprise Programme,102210,0.284,379,1293,100.0141,false,
2026-03-25,CLASSROOM,Classroom Seat-Days,7072,0.258,481,1359,99.9886,false,
2026-03-25,VOUCHER,Certification Vouchers,5983,0.316,383,1156,99.9535,false,
2026-03-25,IMPL,Implementation Services,5643,0.233,449,1395,99.969,false,
2026-03-26,PRO,Academy Pro,178363,0.402,251,824,100.0048,false,
2026-03-26,TEAM,Team Plan,227369,0.025,242,786,99.9825,false,
2026-03-26,ENTERPRISE,Enterprise Programme,125419,0.41,449,1397,99.9834,false,
2026-03-26,CLASSROOM,Classroom Seat-Days,8917,0.232,484,1473,99.9933,false,
2026-03-26,VOUCHER,Certification Vouchers,6055,0.518,395,1491,99.9594,false,
2026-03-26,IMPL,Implementation Services,7374,0.091,453,1391,100.0084,false,
2026-03-27,PRO,Academy Pro,154754,0.423,134,723,99.9357,false,
2026-03-27,TEAM,Team Plan,337799,0.35,137,635,99.9936,false,
2026-03-27,ENTERPRISE,Enterprise Programme,123066,0.255,422,1424,99.9747,false,
2026-03-27,CLASSROOM,Classroom Seat-Days,4645,0.24,423,1556,99.9814,false,
2026-03-27,VOUCHER,Certification Vouchers,4974,0.098,419,1541,99.9892,false,
2026-03-27,IMPL,Implementation Services,8115,0.249,424,1380,99.9745,false,
2026-03-28,PRO,Academy Pro,155201,0.274,182,623,99.977,false,
2026-03-28,TEAM,Team Plan,276228,0.41,184,776,99.9827,false,
2026-03-28,ENTERPRISE,Enterprise Programme,115918,0.225,355,1499,99.9645,false,
2026-03-28,CLASSROOM,Classroom Seat-Days,5790,0.318,423,1465,100.0203,false,
2026-03-28,VOUCHER,Certification Vouchers,4282,0.098,415,1328,99.9906,false,
2026-03-28,IMPL,Implementation Services,7279,0.36,409,1614,100.0158,false,
2026-03-29,PRO,Academy Pro,167807,0.513,178,784,99.9882,false,
2026-03-29,TEAM,Team Plan,238547,0.367,198,916,100.0083,false,
2026-03-29,ENTERPRISE,Enterprise Programme,77564,0.28,450,1340,99.9818,false,
2026-03-29,CLASSROOM,Classroom Seat-Days,5503,0.215,448,1294,99.9659,false,
2026-03-29,VOUCHER,Certification Vouchers,6064,0.36,475,1402,99.9922,false,
2026-03-29,IMPL,Implementation Services,4863,0.033,448,1338,99.9887,false,
2026-03-30,PRO,Academy Pro,184333,0.454,161,630,99.9757,false,
2026-03-30,TEAM,Team Plan,266618,0.359,187,482,100.009,false,
2026-03-30,ENTERPRISE,Enterprise Programme,135154,0.404,456,1366,99.9737,false,
2026-03-30,CLASSROOM,Classroom Seat-Days,4878,0.328,389,1168,99.9803,false,
2026-03-30,VOUCHER,Certification Vouchers,5058,0.569,370,1582,99.9549,false,
2026-03-30,IMPL,Implementation Services,5266,0.58,472,1356,99.9624,false,
2026-03-31,PRO,Academy Pro,215221,0.341,147,434,99.9942,false,
2026-03-31,TEAM,Team Plan,130124,0.246,193,802,99.9795,false,
2026-03-31,ENTERPRISE,Enterprise Programme,118436,0.248,452,1361,99.9909,false,
2026-03-31,CLASSROOM,Classroom Seat-Days,5396,0.28,468,1544,99.9682,false,
2026-03-31,VOUCHER,Certification Vouchers,6558,0.05,469,1289,99.9833,false,
2026-03-31,IMPL,Implementation Services,6897,0.18,422,1366,99.9704,false,
2026-04-01,PRO,Academy Pro,242885,0.364,226,550,99.9556,false,
2026-04-01,TEAM,Team Plan,315192,0.258,168,998,99.9933,false,
2026-04-01,ENTERPRISE,Enterprise Programme,131597,0.268,349,1478,99.9942,false,
2026-04-01,CLASSROOM,Classroom Seat-Days,5749,0.521,451,1284,99.9639,false,
2026-04-01,VOUCHER,Certification Vouchers,5775,0.061,430,1534,99.9417,false,
2026-04-01,IMPL,Implementation Services,5843,0.33,445,1368,99.9848,false,
2026-04-02,PRO,Academy Pro,162436,0.237,214,818,100.0069,false,
2026-04-02,TEAM,Team Plan,228575,0.386,173,695,99.9452,false,
2026-04-02,ENTERPRISE,Enterprise Programme,163329,0.275,452,1432,99.9725,false,
2026-04-02,CLASSROOM,Classroom Seat-Days,4947,0.324,447,1363,100.0046,false,
2026-04-02,VOUCHER,Certification Vouchers,4059,0.411,426,1422,99.9909,false,
2026-04-02,IMPL,Implementation Services,4431,0.154,413,1404,99.9568,false,
2026-04-03,PRO,Academy Pro,170429,0.305,202,398,99.9941,false,
2026-04-03,TEAM,Team Plan,232841,0.143,172,701,99.9665,false,
2026-04-03,ENTERPRISE,Enterprise Programme,103453,0.349,454,1211,100.0077,false,
2026-04-03,CLASSROOM,Classroom Seat-Days,7016,0.429,379,1333,99.9746,false,
2026-04-03,VOUCHER,Certification Vouchers,7061,0.271,460,1415,99.9855,false,
2026-04-03,IMPL,Implementation Services,6366,0.18,406,1359,100.0097,false,
2026-04-04,PRO,Academy Pro,200091,0.236,182,504,100.021,false,
2026-04-04,TEAM,Team Plan,207476,0.425,186,868,99.9768,false,
2026-04-04,ENTERPRISE,Enterprise Programme,135385,0.486,425,1328,100.0236,false,
2026-04-04,CLASSROOM,Classroom Seat-Days,7265,0.142,399,1362,99.9621,false,
2026-04-04,VOUCHER,Certification Vouchers,7066,0.332,375,1553,99.9976,false,
2026-04-04,IMPL,Implementation Services,5755,0.055,389,1429,99.9889,false,
2026-04-05,PRO,Academy Pro,171538,0.363,174,498,100.0288,false,
2026-04-05,TEAM,Team Plan,193794,0.411,172,507,99.9916,false,
2026-04-05,ENTERPRISE,Enterprise Programme,135887,0.066,388,1282,99.9482,false,
2026-04-05,CLASSROOM,Classroom Seat-Days,5525,0.437,435,1383,100.0029,false,
2026-04-05,VOUCHER,Certification Vouchers,5026,0.336,446,1454,99.9854,false,
2026-04-05,IMPL,Implementation Services,6578,0.227,412,1368,100.0054,false,
2026-04-06,PRO,Academy Pro,139540,0.25,187,533,99.9518,false,
2026-04-06,TEAM,Team Plan,203567,0.487,274,774,99.9807,false,
2026-04-06,ENTERPRISE,Enterprise Programme,122770,0.341,396,1380,100.0095,false,
2026-04-06,CLASSROOM,Classroom Seat-Days,6986,0.201,446,1218,99.9853,false,
2026-04-06,VOUCHER,Certification Vouchers,5229,0.435,403,1421,99.9716,false,
2026-04-06,IMPL,Implementation Services,6239,0.407,379,1560,99.9515,false,
2026-04-07,PRO,Academy Pro,178439,0.174,187,735,100.0047,false,
2026-04-07,TEAM,Team Plan,231698,0.293,142,736,99.9798,false,
2026-04-07,ENTERPRISE,Enterprise Programme,139392,0.419,450,1240,100.0158,false,
2026-04-07,CLASSROOM,Classroom Seat-Days,5070,0.294,393,1574,99.9748,false,
2026-04-07,VOUCHER,Certification Vouchers,5010,0.299,425,1496,99.9701,false,
2026-04-07,IMPL,Implementation Services,6108,0.158,378,1339,99.9931,false,
2026-04-08,PRO,Academy Pro,181728,0.127,167,631,100.0247,false,
2026-04-08,TEAM,Team Plan,168475,0.314,209,643,99.9707,false,
2026-04-08,ENTERPRISE,Enterprise Programme,88458,0.046,386,1390,99.9719,false,
2026-04-08,CLASSROOM,Classroom Seat-Days,5242,0.327,422,1592,99.9692,false,
2026-04-08,VOUCHER,Certification Vouchers,7194,0.406,443,1429,99.9776,false,
2026-04-08,IMPL,Implementation Services,3732,0.267,409,1464,99.9808,false,
2026-04-09,PRO,Academy Pro,175038,0.207,197,706,99.9676,false,
2026-04-09,TEAM,Team Plan,289947,0.01,183,630,99.9909,false,
2026-04-09,ENTERPRISE,Enterprise Programme,135606,0.395,415,1624,99.9691,false,
2026-04-09,CLASSROOM,Classroom Seat-Days,5786,0.417,385,1430,99.9898,false,
2026-04-09,VOUCHER,Certification Vouchers,4761,0.285,461,1488,99.997,false,
2026-04-09,IMPL,Implementation Services,5779,0.011,373,1412,99.9803,false,
2026-04-10,PRO,Academy Pro,232351,0.229,169,789,99.9607,false,
2026-04-10,TEAM,Team Plan,282909,0.393,208,591,100.0015,false,
2026-04-10,ENTERPRISE,Enterprise Programme,122223,0.281,467,1498,100.0051,false,
2026-04-10,CLASSROOM,Classroom Seat-Days,6764,0.231,380,1464,100.0017,false,
2026-04-10,VOUCHER,Certification Vouchers,4403,0.187,444,1166,99.9697,false,
2026-04-10,IMPL,Implementation Services,7486,0.132,428,1383,99.9836,false,
2026-04-11,PRO,Academy Pro,119348,0.36,167,651,100.0011,false,
2026-04-11,TEAM,Team Plan,200593,0.322,174,426,99.9777,false,
2026-04-11,ENTERPRISE,Enterprise Programme,125601,0.203,465,1517,99.9569,false,
2026-04-11,CLASSROOM,Classroom Seat-Days,6919,0.249,441,1407,99.9709,false,
2026-04-11,VOUCHER,Certification Vouchers,7479,3.398,388,1042,99.5846,true,SEV3
2026-04-11,IMPL,Implementation Services,6349,0.064,394,1422,99.9904,false,
2026-04-12,PRO,Academy Pro,195689,0.161,150,534,99.9485,false,
2026-04-12,TEAM,Team Plan,292535,0.334,206,739,100.0086,false,
2026-04-12,ENTERPRISE,Enterprise Programme,85216,0.492,451,1341,100.0053,false,
2026-04-12,CLASSROOM,Classroom Seat-Days,6987,0.432,449,1602,99.9645,false,
2026-04-12,VOUCHER,Certification Vouchers,6656,3.558,426,863,98.6815,true,SEV2
2026-04-12,IMPL,Implementation Services,4784,0.183,438,1371,99.9942,false,
2026-04-13,PRO,Academy Pro,240126,0.213,181,705,99.9925,false,
2026-04-13,TEAM,Team Plan,246295,0.32,136,542,99.9908,false,
2026-04-13,ENTERPRISE,Enterprise Programme,141341,0.405,439,1453,100.0008,false,
2026-04-13,CLASSROOM,Classroom Seat-Days,5337,0.421,414,1423,99.9602,false,
2026-04-13,VOUCHER,Certification Vouchers,5304,0.466,466,1351,99.9838,false,
2026-04-13,IMPL,Implementation Services,7026,0.127,388,1548,99.9997,false,
2026-04-14,PRO,Academy Pro,178502,0.336,161,667,100.0125,false,
2026-04-14,TEAM,Team Plan,209828,0.105,154,402,100.0016,false,
2026-04-14,ENTERPRISE,Enterprise Programme,118855,0.496,411,1588,99.9966,false,
2026-04-14,CLASSROOM,Classroom Seat-Days,5066,0.403,433,1417,99.9856,false,
2026-04-14,VOUCHER,Certification Vouchers,3469,0.398,405,1539,100.0063,false,
2026-04-14,IMPL,Implementation Services,6053,0.143,421,944,100.0016,false,
2026-04-15,PRO,Academy Pro,181480,0.343,164,513,100.0067,false,
2026-04-15,TEAM,Team Plan,258527,0.506,156,723,99.9918,false,
2026-04-15,ENTERPRISE,Enterprise Programme,128126,0.138,365,1498,99.9916,false,
2026-04-15,CLASSROOM,Classroom Seat-Days,8204,0.493,370,1232,99.9749,false,
2026-04-15,VOUCHER,Certification Vouchers,7202,0.403,393,1373,99.9803,false,
2026-04-15,IMPL,Implementation Services,6047,0.254,460,1448,100.009,false,
2026-04-16,PRO,Academy Pro,180550,0.192,198,674,99.9782,false,
2026-04-16,TEAM,Team Plan,262320,0.212,155,634,100.0325,false,
2026-04-16,ENTERPRISE,Enterprise Programme,122024,0.454,405,1485,100.0175,false,
2026-04-16,CLASSROOM,Classroom Seat-Days,5705,0.316,440,1514,100.0069,false,
2026-04-16,VOUCHER,Certification Vouchers,7685,0.083,377,1275,99.9987,false,
2026-04-16,IMPL,Implementation Services,4969,0.179,459,1558,99.9607,false,
2026-04-17,PRO,Academy Pro,150413,0.182,169,595,100.007,false,
2026-04-17,TEAM,Team Plan,229186,0.167,240,727,99.9682,false,
2026-04-17,ENTERPRISE,Enterprise Programme,105555,0.211,447,1544,99.9586,false,
2026-04-17,CLASSROOM,Classroom Seat-Days,6181,0.334,417,1326,100.0065,false,
2026-04-17,VOUCHER,Certification Vouchers,5994,0.195,402,1434,99.9652,false,
2026-04-17,IMPL,Implementation Services,6494,0.442,408,1430,99.9794,false,
2026-04-18,PRO,Academy Pro,207136,0.5,174,646,99.9996,false,
2026-04-18,TEAM,Team Plan,315808,0.333,168,681,99.9881,false,
2026-04-18,ENTERPRISE,Enterprise Programme,103208,0.138,390,1445,99.9741,false,
2026-04-18,CLASSROOM,Classroom Seat-Days,5666,0.344,434,1380,99.9947,false,
2026-04-18,VOUCHER,Certification Vouchers,5566,0.367,396,1191,99.9996,false,
2026-04-18,IMPL,Implementation Services,4408,0.282,434,1606,99.9773,false,
2026-04-19,PRO,Academy Pro,229078,0.055,221,848,100.0175,false,
2026-04-19,TEAM,Team Plan,256994,0.085,129,845,100.0081,false,
2026-04-19,ENTERPRISE,Enterprise Programme,122354,0.132,393,1440,100.0356,false,
2026-04-19,CLASSROOM,Classroom Seat-Days,4208,0.069,412,1535,100.0248,false,
2026-04-19,VOUCHER,Certification Vouchers,5068,0.456,372,1367,99.981,false,
2026-04-19,IMPL,Implementation Services,6327,0.377,379,1213,99.9731,false,
2026-04-20,PRO,Academy Pro,157616,0.188,224,332,99.9878,false,
2026-04-20,TEAM,Team Plan,246216,0.253,225,672,99.9646,false,
2026-04-20,ENTERPRISE,Enterprise Programme,116556,0.323,459,1413,99.9727,false,
2026-04-20,CLASSROOM,Classroom Seat-Days,6353,0.336,423,1402,100.0239,false,
2026-04-20,VOUCHER,Certification Vouchers,5527,0.439,446,1337,100.0003,false,
2026-04-20,IMPL,Implementation Services,5313,0.213,391,1517,99.9838,false,
2026-04-21,PRO,Academy Pro,212522,0.398,194,784,99.9787,false,
2026-04-21,TEAM,Team Plan,234012,0.476,173,486,100.0069,false,
2026-04-21,ENTERPRISE,Enterprise Programme,140916,0.372,429,1571,100.0039,false,
2026-04-21,CLASSROOM,Classroom Seat-Days,6390,0.383,415,1267,99.9719,false,
2026-04-21,VOUCHER,Certification Vouchers,6494,0.299,423,1204,99.9724,false,
2026-04-21,IMPL,Implementation Services,6582,0.251,396,1595,99.9864,false,
2026-04-22,PRO,Academy Pro,220604,0.428,202,638,99.9831,false,
2026-04-22,TEAM,Team Plan,280164,0.288,126,492,99.9745,false,
2026-04-22,ENTERPRISE,Enterprise Programme,121062,0.536,444,1534,99.9671,false,
2026-04-22,CLASSROOM,Classroom Seat-Days,6004,0.272,438,1581,99.9961,false,
2026-04-22,VOUCHER,Certification Vouchers,3899,0.01,401,1550,99.9912,false,
2026-04-22,IMPL,Implementation Services,7503,0.323,421,1272,100.0068,false,
2026-04-23,PRO,Academy Pro,157879,0.231,164,630,99.9688,false,
2026-04-23,TEAM,Team Plan,248226,0.168,177,583,99.9837,false,
2026-04-23,ENTERPRISE,Enterprise Programme,159087,0.209,439,1416,99.9765,false,
2026-04-23,CLASSROOM,Classroom Seat-Days,7210,0.143,365,1320,99.9769,false,
2026-04-23,VOUCHER,Certification Vouchers,8449,0.322,417,1324,99.955,false,
2026-04-23,IMPL,Implementation Services,7133,0.136,407,1539,99.9619,false,
2026-04-24,PRO,Academy Pro,193093,0.089,204,541,99.955,false,
2026-04-24,TEAM,Team Plan,263711,0.14,178,704,99.9993,false,
2026-04-24,ENTERPRISE,Enterprise Programme,117163,0.238,407,1471,99.9556,false,
2026-04-24,CLASSROOM,Classroom Seat-Days,8687,0.343,432,1525,99.9885,false,
2026-04-24,VOUCHER,Certification Vouchers,6518,0.385,408,1350,99.9716,false,
2026-04-24,IMPL,Implementation Services,5617,0.422,423,1377,99.9692,false,
2026-04-25,PRO,Academy Pro,177845,0.193,188,755,99.9994,false,
2026-04-25,TEAM,Team Plan,222488,0.22,226,607,100.001,false,
2026-04-25,ENTERPRISE,Enterprise Programme,116229,0.407,437,1661,99.9908,false,
2026-04-25,CLASSROOM,Classroom Seat-Days,5817,0.463,392,1331,99.955,false,
2026-04-25,VOUCHER,Certification Vouchers,6202,0.241,375,1164,99.979,false,
2026-04-25,IMPL,Implementation Services,5110,0.36,434,1522,100.0015,false,
2026-04-26,PRO,Academy Pro,217153,0.332,224,930,99.9719,false,
2026-04-26,TEAM,Team Plan,216683,0.158,164,892,99.9601,false,
2026-04-26,ENTERPRISE,Enterprise Programme,116425,0.205,394,1309,99.9879,false,
2026-04-26,CLASSROOM,Classroom Seat-Days,6302,0.334,403,1135,100.0133,false,
2026-04-26,VOUCHER,Certification Vouchers,5351,0.12,410,1455,99.9964,false,
2026-04-26,IMPL,Implementation Services,6151,0.249,381,1594,99.9631,false,
2026-04-27,PRO,Academy Pro,134508,0.664,195,618,99.9509,false,
2026-04-27,TEAM,Team Plan,299548,0.585,199,793,99.9953,false,
2026-04-27,ENTERPRISE,Enterprise Programme,138225,0.375,419,1417,99.9976,false,
2026-04-27,CLASSROOM,Classroom Seat-Days,5560,0.305,433,1548,100.0025,false,
2026-04-27,VOUCHER,Certification Vouchers,5256,0.225,406,1354,99.994,false,
2026-04-27,IMPL,Implementation Services,6629,0.071,435,1521,99.9952,false,
2026-04-28,PRO,Academy Pro,199810,0.306,208,387,99.9751,false,
2026-04-28,TEAM,Team Plan,143727,0.01,165,542,100.053,false,
2026-04-28,ENTERPRISE,Enterprise Programme,89255,0.475,431,1468,100.0004,false,
2026-04-28,CLASSROOM,Classroom Seat-Days,5720,0.211,447,1503,99.9679,false,
2026-04-28,VOUCHER,Certification Vouchers,7735,0.188,409,1335,100.0023,false,
2026-04-28,IMPL,Implementation Services,6014,0.341,424,1568,99.9778,false,
2026-04-29,PRO,Academy Pro,154082,0.486,185,630,99.953,false,
2026-04-29,TEAM,Team Plan,273499,0.338,183,766,99.9523,false,
2026-04-29,ENTERPRISE,Enterprise Programme,120482,0.303,410,1435,99.9465,false,
2026-04-29,CLASSROOM,Classroom Seat-Days,6506,0.254,382,1344,100.0104,false,
2026-04-29,VOUCHER,Certification Vouchers,4807,0.425,435,1495,100.0012,false,
2026-04-29,IMPL,Implementation Services,6494,0.372,438,1390,100.0122,false,
2026-04-30,PRO,Academy Pro,219452,0.273,171,700,99.9917,false,
2026-04-30,TEAM,Team Plan,245915,0.202,186,887,100.0247,false,
2026-04-30,ENTERPRISE,Enterprise Programme,90939,0.303,421,1336,100.0195,false,
2026-04-30,CLASSROOM,Classroom Seat-Days,5438,0.43,493,1496,99.9978,false,
2026-04-30,VOUCHER,Certification Vouchers,7894,0.44,405,1377,99.9827,false,
2026-04-30,IMPL,Implementation Services,5639,0.303,433,1471,99.9705,false,
2026-05-01,PRO,Academy Pro,213727,0.06,104,931,100.0029,false,
2026-05-01,TEAM,Team Plan,321083,0.321,166,599,99.9677,false,
2026-05-01,ENTERPRISE,Enterprise Programme,125682,0.164,483,1218,99.9567,false,
2026-05-01,CLASSROOM,Classroom Seat-Days,6053,0.144,431,1410,99.9992,false,
2026-05-01,VOUCHER,Certification Vouchers,5453,0.382,401,1345,99.9686,false,
2026-05-01,IMPL,Implementation Services,5019,0.018,379,1311,100.0055,false,
2026-05-02,PRO,Academy Pro,193623,0.284,147,568,99.9922,false,
2026-05-02,TEAM,Team Plan,188422,0.01,213,659,99.9506,false,
2026-05-02,ENTERPRISE,Enterprise Programme,102382,0.223,414,1298,100.0028,false,
2026-05-02,CLASSROOM,Classroom Seat-Days,5743,0.34,435,1509,99.9754,false,
2026-05-02,VOUCHER,Certification Vouchers,7256,0.254,475,1375,99.9646,false,
2026-05-02,IMPL,Implementation Services,6183,0.326,384,1410,99.9875,false,
2026-05-03,PRO,Academy Pro,144019,0.289,171,610,99.9731,false,
2026-05-03,TEAM,Team Plan,262992,0.398,133,525,99.9922,false,
2026-05-03,ENTERPRISE,Enterprise Programme,122115,0.53,405,1353,100.0105,false,
2026-05-03,CLASSROOM,Classroom Seat-Days,8141,0.684,485,1393,99.9789,false,
2026-05-03,VOUCHER,Certification Vouchers,4970,0.415,427,1534,99.9783,false,
2026-05-03,IMPL,Implementation Services,6240,0.326,433,1391,99.9749,false,
2026-05-04,PRO,Academy Pro,150731,0.361,143,723,99.9511,false,
2026-05-04,TEAM,Team Plan,255278,0.161,235,626,99.9956,false,
2026-05-04,ENTERPRISE,Enterprise Programme,123324,0.184,424,1431,99.9935,false,
2026-05-04,CLASSROOM,Classroom Seat-Days,8033,0.389,414,1380,99.9678,false,
2026-05-04,VOUCHER,Certification Vouchers,5665,0.235,442,1397,99.9702,false,
2026-05-04,IMPL,Implementation Services,6964,0.07,396,1367,100.0039,false,
2026-05-05,PRO,Academy Pro,206570,0.129,152,536,99.9521,false,
2026-05-05,TEAM,Team Plan,329387,0.283,185,814,99.9887,false,
2026-05-05,ENTERPRISE,Enterprise Programme,137664,0.164,399,1405,99.9953,false,
2026-05-05,CLASSROOM,Classroom Seat-Days,4797,0.37,401,1456,100.0026,false,
2026-05-05,VOUCHER,Certification Vouchers,4937,0.208,405,1489,99.9531,false,
2026-05-05,IMPL,Implementation Services,6362,0.134,429,1448,100.0147,false,
2026-05-06,PRO,Academy Pro,160283,0.301,192,470,100.0034,false,
2026-05-06,TEAM,Team Plan,239498,0.292,205,680,99.9651,false,
2026-05-06,ENTERPRISE,Enterprise Programme,122486,0.228,393,1358,99.9637,false,
2026-05-06,CLASSROOM,Classroom Seat-Days,6933,0.344,370,1431,99.9474,false,
2026-05-06,VOUCHER,Certification Vouchers,6461,0.355,390,1512,100.0241,false,
2026-05-06,IMPL,Implementation Services,7270,0.309,437,1506,99.9697,false,
2026-05-07,PRO,Academy Pro,137027,0.274,274,543,99.974,false,
2026-05-07,TEAM,Team Plan,320929,0.376,159,646,99.9631,false,
2026-05-07,ENTERPRISE,Enterprise Programme,109387,0.457,443,1200,99.9776,false,
2026-05-07,CLASSROOM,Classroom Seat-Days,5083,0.225,434,1252,100.001,false,
2026-05-07,VOUCHER,Certification Vouchers,5555,0.154,416,1423,99.9666,false,
2026-05-07,IMPL,Implementation Services,6221,0.264,422,1195,99.9715,false,
2026-05-08,PRO,Academy Pro,148278,0.264,157,717,99.9749,false,
2026-05-08,TEAM,Team Plan,228968,0.401,179,624,99.9554,false,
2026-05-08,ENTERPRISE,Enterprise Programme,116810,0.414,425,1350,99.9669,false,
2026-05-08,CLASSROOM,Classroom Seat-Days,7750,0.49,441,1514,99.9808,false,
2026-05-08,VOUCHER,Certification Vouchers,5925,0.531,412,1484,99.9704,false,
2026-05-08,IMPL,Implementation Services,4526,0.139,453,1416,100.0056,false,
2026-05-09,PRO,Academy Pro,188939,0.171,177,664,99.965,false,
2026-05-09,TEAM,Team Plan,264368,0.411,152,666,99.9819,false,
2026-05-09,ENTERPRISE,Enterprise Programme,102662,0.24,506,1311,99.9895,false,
2026-05-09,CLASSROOM,Classroom Seat-Days,6300,0.231,462,1383,99.9854,false,
2026-05-09,VOUCHER,Certification Vouchers,5438,0.458,393,1459,99.9788,false,
2026-05-09,IMPL,Implementation Services,7134,0.13,437,1501,99.9808,false,
2026-05-10,PRO,Academy Pro,203801,0.133,155,708,99.979,false,
2026-05-10,TEAM,Team Plan,275285,0.285,192,860,99.9873,false,
2026-05-10,ENTERPRISE,Enterprise Programme,100378,0.379,459,1362,99.9774,false,
2026-05-10,CLASSROOM,Classroom Seat-Days,5761,0.35,391,1393,99.9989,false,
2026-05-10,VOUCHER,Certification Vouchers,4446,0.233,426,1293,99.9818,false,
2026-05-10,IMPL,Implementation Services,7739,0.266,372,1500,99.9968,false,
2026-05-11,PRO,Academy Pro,185542,0.271,179,710,99.9849,false,
2026-05-11,TEAM,Team Plan,241463,0.241,182,453,99.9897,false,
2026-05-11,ENTERPRISE,Enterprise Programme,120183,0.451,424,1457,99.9937,false,
2026-05-11,CLASSROOM,Classroom Seat-Days,5140,0.273,445,1544,99.9763,false,
2026-05-11,VOUCHER,Certification Vouchers,4065,0.402,405,1348,99.9869,false,
2026-05-11,IMPL,Implementation Services,5883,4.075,412,2487,98.5213,true,SEV2
2026-05-12,PRO,Academy Pro,122203,0.462,180,478,99.9908,false,
2026-05-12,TEAM,Team Plan,195314,0.293,232,639,100.0157,false,
2026-05-12,ENTERPRISE,Enterprise Programme,137939,0.189,423,1375,99.9581,false,
2026-05-12,CLASSROOM,Classroom Seat-Days,6811,0.01,411,1346,99.9894,false,
2026-05-12,VOUCHER,Certification Vouchers,6975,0.331,411,1343,99.9586,false,
2026-05-12,IMPL,Implementation Services,4600,0.494,455,1336,99.9749,false,
2026-05-13,PRO,Academy Pro,195018,0.321,172,584,99.9978,false,
2026-05-13,TEAM,Team Plan,296121,0.483,200,724,99.9864,false,
2026-05-13,ENTERPRISE,Enterprise Programme,129215,0.142,437,1262,99.984,false,
2026-05-13,CLASSROOM,Classroom Seat-Days,6455,0.26,433,1486,99.9935,false,
2026-05-13,VOUCHER,Certification Vouchers,4592,0.172,364,1519,99.9843,false,
2026-05-13,IMPL,Implementation Services,4523,0.348,426,1296,99.9808,false,
2026-05-14,PRO,Academy Pro,226246,0.187,157,668,99.9848,false,
2026-05-14,TEAM,Team Plan,249380,0.458,160,472,99.9977,false,
2026-05-14,ENTERPRISE,Enterprise Programme,98595,0.296,458,1406,99.9988,false,
2026-05-14,CLASSROOM,Classroom Seat-Days,5640,0.107,384,1213,99.9696,false,
2026-05-14,VOUCHER,Certification Vouchers,5325,0.069,435,1402,99.9649,false,
2026-05-14,IMPL,Implementation Services,6138,0.144,354,1403,99.9802,false,
2026-05-15,PRO,Academy Pro,138402,0.372,189,525,99.9766,false,
2026-05-15,TEAM,Team Plan,201458,0.066,206,478,99.9889,false,
2026-05-15,ENTERPRISE,Enterprise Programme,108173,0.204,444,1483,99.9799,false,
2026-05-15,CLASSROOM,Classroom Seat-Days,3982,0.362,425,1329,99.9799,false,
2026-05-15,VOUCHER,Certification Vouchers,4986,0.422,413,1412,99.9896,false,
2026-05-15,IMPL,Implementation Services,5917,0.183,421,1357,99.9741,false,
2026-05-16,PRO,Academy Pro,151313,0.525,132,603,99.9751,false,
2026-05-16,TEAM,Team Plan,363968,0.333,124,810,99.9786,false,
2026-05-16,ENTERPRISE,Enterprise Programme,84722,0.158,418,1391,99.9643,false,
2026-05-16,CLASSROOM,Classroom Seat-Days,7123,0.362,498,1441,99.9847,false,
2026-05-16,VOUCHER,Certification Vouchers,4350,0.219,414,1504,99.9809,false,
2026-05-16,IMPL,Implementation Services,5602,0.386,445,1510,99.9519,false,
2026-05-17,PRO,Academy Pro,203716,0.249,179,766,99.9837,false,
2026-05-17,TEAM,Team Plan,177424,0.386,177,768,99.978,false,
2026-05-17,ENTERPRISE,Enterprise Programme,105765,0.276,383,1252,100.0048,false,
2026-05-17,CLASSROOM,Classroom Seat-Days,7339,0.301,369,1317,100.0039,false,
2026-05-17,VOUCHER,Certification Vouchers,5384,0.218,467,1285,100.0065,false,
2026-05-17,IMPL,Implementation Services,4981,0.301,394,1328,99.9795,false,
2026-05-18,PRO,Academy Pro,200234,0.089,117,534,100.0193,false,
2026-05-18,TEAM,Team Plan,327151,0.305,180,789,99.9591,false,
2026-05-18,ENTERPRISE,Enterprise Programme,138258,0.355,388,1463,99.9866,false,
2026-05-18,CLASSROOM,Classroom Seat-Days,3631,0.349,412,1427,100.0039,false,
2026-05-18,VOUCHER,Certification Vouchers,4629,0.273,421,1448,99.9948,false,
2026-05-18,IMPL,Implementation Services,5238,0.633,425,1366,99.9935,false,
2026-05-19,PRO,Academy Pro,211898,0.212,150,512,99.9759,false,
2026-05-19,TEAM,Team Plan,264278,0.114,177,596,99.9872,false,
2026-05-19,ENTERPRISE,Enterprise Programme,137845,0.465,440,1412,99.9703,false,
2026-05-19,CLASSROOM,Classroom Seat-Days,5930,0.216,449,1157,100.0003,false,
2026-05-19,VOUCHER,Certification Vouchers,7377,0.112,423,1309,99.9893,false,
2026-05-19,IMPL,Implementation Services,6032,0.264,448,1313,99.9824,false,
2026-05-20,PRO,Academy Pro,185723,0.437,206,670,99.9637,false,
2026-05-20,TEAM,Team Plan,235051,0.39,210,625,99.9803,false,
2026-05-20,ENTERPRISE,Enterprise Programme,86475,0.174,431,1208,99.9619,false,
2026-05-20,CLASSROOM,Classroom Seat-Days,8354,0.332,435,1330,99.9905,false,
2026-05-20,VOUCHER,Certification Vouchers,5512,0.289,424,1316,99.9672,false,
2026-05-20,IMPL,Implementation Services,5784,0.248,440,1375,99.9386,false,
2026-05-21,PRO,Academy Pro,111478,0.281,159,663,100.0088,false,
2026-05-21,TEAM,Team Plan,253704,0.055,184,736,99.9367,false,
2026-05-21,ENTERPRISE,Enterprise Programme,149468,0.295,399,1523,100.042,false,
2026-05-21,CLASSROOM,Classroom Seat-Days,6025,0.296,351,1436,99.9935,false,
2026-05-21,VOUCHER,Certification Vouchers,5284,0.29,456,1330,99.9742,false,
2026-05-21,IMPL,Implementation Services,7825,0.527,451,1386,100.0195,false,
2026-05-22,PRO,Academy Pro,141855,0.399,151,677,99.9704,false,
2026-05-22,TEAM,Team Plan,227107,0.469,176,472,99.9757,false,
2026-05-22,ENTERPRISE,Enterprise Programme,132342,0.215,422,1361,99.9739,false,
2026-05-22,CLASSROOM,Classroom Seat-Days,7828,0.148,418,1292,99.9804,false,
2026-05-22,VOUCHER,Certification Vouchers,5010,0.388,489,1225,100.0001,false,
2026-05-22,IMPL,Implementation Services,5331,0.194,389,1357,100.0098,false,
2026-05-23,PRO,Academy Pro,150441,0.275,146,774,99.9723,false,
2026-05-23,TEAM,Team Plan,178843,0.222,196,634,100.0117,false,
2026-05-23,ENTERPRISE,Enterprise Programme,118480,0.142,421,1559,99.9906,false,
2026-05-23,CLASSROOM,Classroom Seat-Days,6535,0.34,436,1081,99.9578,false,
2026-05-23,VOUCHER,Certification Vouchers,5864,0.147,446,1426,99.9794,false,
2026-05-23,IMPL,Implementation Services,6600,0.428,415,1144,99.954,false,
2026-05-24,PRO,Academy Pro,158746,0.247,199,596,99.981,false,
2026-05-24,TEAM,Team Plan,217884,0.322,147,338,99.9899,false,
2026-05-24,ENTERPRISE,Enterprise Programme,97424,0.367,438,1437,99.9753,false,
2026-05-24,CLASSROOM,Classroom Seat-Days,6449,0.13,380,1213,99.9898,false,
2026-05-24,VOUCHER,Certification Vouchers,6590,7.895,413,1478,98.8778,true,SEV2
2026-05-24,IMPL,Implementation Services,7686,0.175,450,1446,99.9611,false,
2026-05-25,PRO,Academy Pro,239957,0.125,162,751,100.0047,false,
2026-05-25,TEAM,Team Plan,184899,0.033,187,619,100.015,false,
2026-05-25,ENTERPRISE,Enterprise Programme,95173,0.331,418,1482,99.992,false,
2026-05-25,CLASSROOM,Classroom Seat-Days,7574,0.536,422,1437,99.9894,false,
2026-05-25,VOUCHER,Certification Vouchers,6099,0.054,445,1444,99.9805,false,
2026-05-25,IMPL,Implementation Services,7086,0.228,408,1623,99.9866,false,
2026-05-26,PRO,Academy Pro,177107,0.143,171,599,99.9523,false,
2026-05-26,TEAM,Team Plan,229711,0.246,167,833,100.0184,false,
2026-05-26,ENTERPRISE,Enterprise Programme,104791,0.059,444,1507,99.969,false,
2026-05-26,CLASSROOM,Classroom Seat-Days,4714,0.332,425,1375,100.0177,false,
2026-05-26,VOUCHER,Certification Vouchers,5350,0.254,335,1312,99.9863,false,
2026-05-26,IMPL,Implementation Services,7066,0.425,506,1257,100.0028,false,
2026-05-27,PRO,Academy Pro,182381,0.324,206,625,99.9631,false,
2026-05-27,TEAM,Team Plan,330095,0.1,181,717,99.9757,false,
2026-05-27,ENTERPRISE,Enterprise Programme,138932,0.307,398,1474,99.9309,false,
2026-05-27,CLASSROOM,Classroom Seat-Days,6476,0.53,406,1352,99.9796,false,
2026-05-27,VOUCHER,Certification Vouchers,5638,0.255,438,1293,99.9893,false,
2026-05-27,IMPL,Implementation Services,5585,0.426,443,1245,99.959,false,
2026-05-28,PRO,Academy Pro,133181,0.327,213,556,99.9706,false,
2026-05-28,TEAM,Team Plan,237659,0.395,223,665,100.0008,false,
2026-05-28,ENTERPRISE,Enterprise Programme,105273,0.361,461,1547,100.0017,false,
2026-05-28,CLASSROOM,Classroom Seat-Days,5894,0.255,415,1273,99.9981,false,
2026-05-28,VOUCHER,Certification Vouchers,5209,0.25,439,1311,99.9748,false,
2026-05-28,IMPL,Implementation Services,5057,0.29,405,1412,99.9608,false,
2026-05-29,PRO,Academy Pro,154635,4.595,179,60,98.7146,true,SEV2
2026-05-29,TEAM,Team Plan,313130,0.179,201,567,99.9746,false,
2026-05-29,ENTERPRISE,Enterprise Programme,145211,0.446,451,1302,99.9906,false,
2026-05-29,CLASSROOM,Classroom Seat-Days,4605,0.524,396,1494,100.0058,false,
2026-05-29,VOUCHER,Certification Vouchers,6366,0.106,407,1301,99.9785,false,
2026-05-29,IMPL,Implementation Services,6879,0.477,378,1315,100.0102,false,
2026-05-30,PRO,Academy Pro,218554,0.648,164,627,99.9922,false,
2026-05-30,TEAM,Team Plan,360174,0.407,183,816,100.0036,false,
2026-05-30,ENTERPRISE,Enterprise Programme,75957,0.114,370,1372,99.9782,false,
2026-05-30,CLASSROOM,Classroom Seat-Days,7563,0.155,435,1406,100.0017,false,
2026-05-30,VOUCHER,Certification Vouchers,6235,0.299,433,1381,100.0185,false,
2026-05-30,IMPL,Implementation Services,4790,0.435,397,1245,99.9945,false,
2026-05-31,PRO,Academy Pro,191088,0.097,204,643,100.0025,false,
2026-05-31,TEAM,Team Plan,321645,0.402,114,778,99.982,false,
2026-05-31,ENTERPRISE,Enterprise Programme,105172,0.157,412,1194,99.9869,false,
2026-05-31,CLASSROOM,Classroom Seat-Days,6184,0.292,485,1482,99.9983,false,
2026-05-31,VOUCHER,Certification Vouchers,6040,0.373,384,1417,99.9779,false,
2026-05-31,IMPL,Implementation Services,7171,0.429,394,1334,99.9878,false,
2026-06-01,PRO,Academy Pro,149461,0.301,209,680,99.98,false,
2026-06-01,TEAM,Team Plan,272317,0.462,123,645,99.9988,false,
2026-06-01,ENTERPRISE,Enterprise Programme,119962,0.259,396,1452,99.9952,false,
2026-06-01,CLASSROOM,Classroom Seat-Days,5237,0.331,463,1453,99.9724,false,
2026-06-01,VOUCHER,Certification Vouchers,5524,0.225,371,1547,99.9598,false,
2026-06-01,IMPL,Implementation Services,7595,0.014,421,1167,100.0186,false,
2026-06-02,PRO,Academy Pro,149949,0.378,199,436,100.0044,false,
2026-06-02,TEAM,Team Plan,277412,0.285,125,546,99.975,false,
2026-06-02,ENTERPRISE,Enterprise Programme,95721,0.267,435,1334,99.9794,false,
2026-06-02,CLASSROOM,Classroom Seat-Days,4775,6.392,418,1993,97.3317,true,SEV3
2026-06-02,VOUCHER,Certification Vouchers,5552,0.162,433,1470,99.9747,false,
2026-06-02,IMPL,Implementation Services,5660,0.27,376,1234,100.0046,false,
2026-06-03,PRO,Academy Pro,199114,0.279,202,561,99.9735,false,
2026-06-03,TEAM,Team Plan,334063,0.24,187,622,100.0051,false,
2026-06-03,ENTERPRISE,Enterprise Programme,104954,0.241,481,1147,100.0139,false,
2026-06-03,CLASSROOM,Classroom Seat-Days,7149,0.482,446,1210,99.987,false,
2026-06-03,VOUCHER,Certification Vouchers,6553,0.37,388,1324,99.9844,false,
2026-06-03,IMPL,Implementation Services,8036,0.15,393,1271,99.9768,false,
2026-06-04,PRO,Academy Pro,179009,0.191,165,484,99.9692,false,
2026-06-04,TEAM,Team Plan,254431,0.078,199,816,99.9679,false,
2026-06-04,ENTERPRISE,Enterprise Programme,146073,0.065,389,1401,99.9724,false,
2026-06-04,CLASSROOM,Classroom Seat-Days,6058,0.107,353,1523,99.9473,false,
2026-06-04,VOUCHER,Certification Vouchers,5758,0.423,416,1244,100.0075,false,
2026-06-04,IMPL,Implementation Services,5846,0.354,436,1387,99.9726,false,
2026-06-05,PRO,Academy Pro,223949,0.391,173,512,99.9675,false,
2026-06-05,TEAM,Team Plan,246233,0.263,168,556,99.9727,false,
2026-06-05,ENTERPRISE,Enterprise Programme,106082,0.223,407,1217,99.9802,false,
2026-06-05,CLASSROOM,Classroom Seat-Days,7674,0.222,445,1367,99.9891,false,
2026-06-05,VOUCHER,Certification Vouchers,7049,0.282,419,1215,100.0089,false,
2026-06-05,IMPL,Implementation Services,7799,0.159,456,1320,99.9609,false,
2026-06-06,PRO,Academy Pro,244657,0.501,160,615,99.9494,false,
2026-06-06,TEAM,Team Plan,253364,0.213,178,593,99.9827,false,
2026-06-06,ENTERPRISE,Enterprise Programme,128711,0.211,393,1512,99.9973,false,
2026-06-06,CLASSROOM,Classroom Seat-Days,5975,0.351,407,1449,100.0336,false,
2026-06-06,VOUCHER,Certification Vouchers,4100,0.214,428,1503,99.9832,false,
2026-06-06,IMPL,Implementation Services,5248,0.301,431,1486,100.0032,false,
2026-06-07,PRO,Academy Pro,205787,0.415,151,679,99.9918,false,
2026-06-07,TEAM,Team Plan,266806,0.299,120,724,100.0088,false,
2026-06-07,ENTERPRISE,Enterprise Programme,115210,0.049,394,1225,99.9818,false,
2026-06-07,CLASSROOM,Classroom Seat-Days,6903,0.203,371,1611,99.9828,false,
2026-06-07,VOUCHER,Certification Vouchers,7026,0.587,429,1646,99.9812,false,
2026-06-07,IMPL,Implementation Services,5384,0.37,425,1298,99.981,false,
2026-06-08,PRO,Academy Pro,173687,0.367,175,638,100.0284,false,
2026-06-08,TEAM,Team Plan,364844,0.132,155,651,99.9713,false,
2026-06-08,ENTERPRISE,Enterprise Programme,103484,0.069,437,1484,99.9837,false,
2026-06-08,CLASSROOM,Classroom Seat-Days,7437,0.501,392,1441,100.0285,false,
2026-06-08,VOUCHER,Certification Vouchers,8130,0.273,428,1484,99.9931,false,
2026-06-08,IMPL,Implementation Services,4668,0.207,501,1420,99.9894,false,
2026-06-09,PRO,Academy Pro,178425,0.136,175,643,99.986,false,
2026-06-09,TEAM,Team Plan,301234,0.22,70,679,99.9565,false,
2026-06-09,ENTERPRISE,Enterprise Programme,137865,0.341,414,1314,100.0272,false,
2026-06-09,CLASSROOM,Classroom Seat-Days,5018,0.139,404,1446,99.9585,false,
2026-06-09,VOUCHER,Certification Vouchers,6810,0.44,453,1506,100.0003,false,
2026-06-09,IMPL,Implementation Services,6432,0.384,422,1282,99.9869,false,
2026-06-10,PRO,Academy Pro,183530,0.318,155,744,99.9793,false,
2026-06-10,TEAM,Team Plan,290740,0.228,194,565,99.9679,false,
2026-06-10,ENTERPRISE,Enterprise Programme,133300,0.211,423,1500,99.9672,false,
2026-06-10,CLASSROOM,Classroom Seat-Days,6340,0.146,364,1376,99.9784,false,
2026-06-10,VOUCHER,Certification Vouchers,6035,0.343,395,1331,99.9901,false,
2026-06-10,IMPL,Implementation Services,4576,0.245,349,1553,99.9866,false,
2026-06-11,PRO,Academy Pro,155667,0.512,194,620,99.9715,false,
2026-06-11,TEAM,Team Plan,182510,0.266,214,445,99.9591,false,
2026-06-11,ENTERPRISE,Enterprise Programme,108861,0.106,456,1502,99.9957,false,
2026-06-11,CLASSROOM,Classroom Seat-Days,6019,0.412,435,1414,99.9936,false,
2026-06-11,VOUCHER,Certification Vouchers,6331,0.306,422,1554,99.9949,false,
2026-06-11,IMPL,Implementation Services,6078,0.242,385,1377,99.9443,false,
2026-06-12,PRO,Academy Pro,223163,0.221,144,604,100.0167,false,
2026-06-12,TEAM,Team Plan,293662,0.442,190,791,100.0161,false,
2026-06-12,ENTERPRISE,Enterprise Programme,126717,0.216,434,1514,99.9339,false,
2026-06-12,CLASSROOM,Classroom Seat-Days,7541,0.359,428,1344,99.9933,false,
2026-06-12,VOUCHER,Certification Vouchers,7042,0.241,477,1365,99.9691,false,
2026-06-12,IMPL,Implementation Services,6236,0.358,453,1270,100.022,false,
2026-06-13,PRO,Academy Pro,84477,0.227,129,697,99.9919,false,
2026-06-13,TEAM,Team Plan,222778,0.167,195,588,100.006,false,
2026-06-13,ENTERPRISE,Enterprise Programme,119115,0.444,417,1249,99.9972,false,
2026-06-13,CLASSROOM,Classroom Seat-Days,6763,0.087,412,1252,100.0015,false,
2026-06-13,VOUCHER,Certification Vouchers,6233,0.344,363,1487,100.0156,false,
2026-06-13,IMPL,Implementation Services,5111,0.038,464,1280,99.9738,false,
2026-06-14,PRO,Academy Pro,208144,0.315,173,603,100.0294,false,
2026-06-14,TEAM,Team Plan,273385,0.102,240,725,99.9617,false,
2026-06-14,ENTERPRISE,Enterprise Programme,113481,0.391,415,1329,99.9798,false,
2026-06-14,CLASSROOM,Classroom Seat-Days,8022,0.319,405,1297,99.9957,false,
2026-06-14,VOUCHER,Certification Vouchers,5515,0.55,428,1596,99.9792,false,
2026-06-14,IMPL,Implementation Services,6441,0.345,449,1398,99.9948,false,
2026-06-15,PRO,Academy Pro,215914,0.306,188,540,99.9891,false,
2026-06-15,TEAM,Team Plan,311740,0.257,205,491,99.9965,false,
2026-06-15,ENTERPRISE,Enterprise Programme,116581,0.093,400,1483,99.9594,false,
2026-06-15,CLASSROOM,Classroom Seat-Days,5180,0.207,450,1463,99.9958,false,
2026-06-15,VOUCHER,Certification Vouchers,4981,0.289,423,1498,99.9846,false,
2026-06-15,IMPL,Implementation Services,4749,0.07,409,1390,100,false,
2026-06-16,PRO,Academy Pro,126807,0.307,177,813,100.0094,false,
2026-06-16,TEAM,Team Plan,198595,0.33,196,548,99.9869,false,
2026-06-16,ENTERPRISE,Enterprise Programme,118955,0.453,380,1304,99.9596,false,
2026-06-16,CLASSROOM,Classroom Seat-Days,7301,0.3,406,1431,99.9782,false,
2026-06-16,VOUCHER,Certification Vouchers,4928,0.194,401,1257,99.9808,false,
2026-06-16,IMPL,Implementation Services,5947,0.392,477,1231,99.9782,false,
2026-06-17,PRO,Academy Pro,160286,0.364,218,662,99.9896,false,
2026-06-17,TEAM,Team Plan,219897,0.433,220,654,99.9822,false,
2026-06-17,ENTERPRISE,Enterprise Programme,144269,0.203,434,1492,99.9828,false,
2026-06-17,CLASSROOM,Classroom Seat-Days,6708,0.211,430,1403,99.9686,false,
2026-06-17,VOUCHER,Certification Vouchers,5710,0.177,415,1410,99.9922,false,
2026-06-17,IMPL,Implementation Services,6689,0.177,427,1425,99.9734,false,
2026-06-18,PRO,Academy Pro,285584,0.242,203,660,100.0438,false,
2026-06-18,TEAM,Team Plan,250080,0.233,113,877,99.9987,false,
2026-06-18,ENTERPRISE,Enterprise Programme,109233,0.01,419,1349,99.9831,false,
2026-06-18,CLASSROOM,Classroom Seat-Days,7806,0.269,402,1345,99.9739,false,
2026-06-18,VOUCHER,Certification Vouchers,6944,0.478,327,1426,100.0008,false,
2026-06-18,IMPL,Implementation Services,6043,0.221,421,1366,99.9344,false,
2026-06-19,PRO,Academy Pro,209260,0.01,180,639,99.9787,false,
2026-06-19,TEAM,Team Plan,237175,0.101,162,561,99.9984,false,
2026-06-19,ENTERPRISE,Enterprise Programme,83447,0.483,452,1388,99.9856,false,
2026-06-19,CLASSROOM,Classroom Seat-Days,6908,0.199,394,1310,99.992,false,
2026-06-19,VOUCHER,Certification Vouchers,7430,0.46,406,1537,99.9792,false,
2026-06-19,IMPL,Implementation Services,4360,0.329,431,1301,99.9784,false,
2026-06-20,PRO,Academy Pro,237999,0.207,145,736,99.9969,false,
2026-06-20,TEAM,Team Plan,199252,0.318,154,499,100.0034,false,
2026-06-20,ENTERPRISE,Enterprise Programme,152637,0.136,410,1472,100.0022,false,
2026-06-20,CLASSROOM,Classroom Seat-Days,6694,0.19,353,1551,99.9806,false,
2026-06-20,VOUCHER,Certification Vouchers,4933,0.448,416,1213,99.9715,false,
2026-06-20,IMPL,Implementation Services,6537,0.244,411,1448,99.9982,false,
2026-06-21,PRO,Academy Pro,150393,0.314,115,643,99.9867,false,
2026-06-21,TEAM,Team Plan,193262,0.234,208,775,99.9941,false,
2026-06-21,ENTERPRISE,Enterprise Programme,119724,0.181,412,1377,99.9942,false,
2026-06-21,CLASSROOM,Classroom Seat-Days,5962,0.376,387,1338,99.998,false,
2026-06-21,VOUCHER,Certification Vouchers,6958,0.216,390,1709,99.9906,false,
2026-06-21,IMPL,Implementation Services,5603,0.151,393,1358,99.9893,false,
2026-06-22,PRO,Academy Pro,172197,0.264,264,646,99.9756,false,
2026-06-22,TEAM,Team Plan,217002,0.315,172,348,99.9883,false,
2026-06-22,ENTERPRISE,Enterprise Programme,102510,0.066,407,1353,99.9794,false,
2026-06-22,CLASSROOM,Classroom Seat-Days,5867,0.041,444,1247,99.9667,false,
2026-06-22,VOUCHER,Certification Vouchers,5972,0.365,420,1367,99.9573,false,
2026-06-22,IMPL,Implementation Services,6759,0.322,412,1279,99.9253,false,
2026-06-23,PRO,Academy Pro,170970,0.075,185,669,100.0002,false,
2026-06-23,TEAM,Team Plan,281176,0.064,160,652,99.9976,false,
2026-06-23,ENTERPRISE,Enterprise Programme,141846,0.139,424,1518,100.017,false,
2026-06-23,CLASSROOM,Classroom Seat-Days,5406,0.345,421,1235,99.9608,false,
2026-06-23,VOUCHER,Certification Vouchers,4941,0.387,454,1413,99.9806,false,
2026-06-23,IMPL,Implementation Services,6072,0.191,426,1196,99.9358,false,
2026-06-24,PRO,Academy Pro,207525,0.367,189,566,99.9869,false,
2026-06-24,TEAM,Team Plan,284665,0.373,144,725,99.9512,false,
2026-06-24,ENTERPRISE,Enterprise Programme,142254,0.387,353,1644,99.974,false,
2026-06-24,CLASSROOM,Classroom Seat-Days,4795,0.279,438,1481,99.9979,false,
2026-06-24,VOUCHER,Certification Vouchers,1554,0.084,412,1408,99.9683,false,
2026-06-24,IMPL,Implementation Services,5964,0.044,408,1447,99.9691,false,
2026-06-25,PRO,Academy Pro,162427,0.328,184,827,99.9867,false,
2026-06-25,TEAM,Team Plan,208348,0.191,166,964,99.9323,false,
2026-06-25,ENTERPRISE,Enterprise Programme,103061,0.121,420,1327,99.9854,false,
2026-06-25,CLASSROOM,Classroom Seat-Days,5588,0.01,377,1270,99.9624,false,
2026-06-25,VOUCHER,Certification Vouchers,6772,0.07,340,1579,99.9724,false,
2026-06-25,IMPL,Implementation Services,5965,0.133,447,1244,99.9838,false,
2026-06-26,PRO,Academy Pro,169599,0.352,161,654,99.979,false,
2026-06-26,TEAM,Team Plan,331530,0.196,185,576,99.9723,false,
2026-06-26,ENTERPRISE,Enterprise Programme,137754,0.352,363,1376,99.961,false,
2026-06-26,CLASSROOM,Classroom Seat-Days,4356,0.257,408,1493,99.9322,false,
2026-06-26,VOUCHER,Certification Vouchers,4256,0.289,416,1354,99.9756,false,
2026-06-26,IMPL,Implementation Services,6922,0.309,394,1232,100.0069,false,
2026-06-27,PRO,Academy Pro,194812,0.174,171,593,99.9494,false,
2026-06-27,TEAM,Team Plan,291746,0.226,149,684,100.0017,false,
2026-06-27,ENTERPRISE,Enterprise Programme,99655,0.32,450,1310,99.9913,false,
2026-06-27,CLASSROOM,Classroom Seat-Days,6607,0.353,398,1418,99.9546,false,
2026-06-27,VOUCHER,Certification Vouchers,7725,0.223,472,1509,100.0052,false,
2026-06-27,IMPL,Implementation Services,4796,0.473,383,1373,100.0134,false,
2026-06-28,PRO,Academy Pro,134507,0.305,213,648,99.9753,false,
2026-06-28,TEAM,Team Plan,292143,0.145,186,605,99.9966,false,
2026-06-28,ENTERPRISE,Enterprise Programme,123644,0.264,432,1745,99.9671,false,
2026-06-28,CLASSROOM,Classroom Seat-Days,5141,0.233,435,1091,100.011,false,
2026-06-28,VOUCHER,Certification Vouchers,7146,0.265,419,1491,99.989,false,
2026-06-28,IMPL,Implementation Services,4707,0.18,431,1414,99.9752,false,
2026-06-29,PRO,Academy Pro,209115,0.297,234,518,99.9982,false,
2026-06-29,TEAM,Team Plan,340925,0.262,218,838,99.9984,false,
2026-06-29,ENTERPRISE,Enterprise Programme,152202,0.378,440,1512,99.9517,false,
2026-06-29,CLASSROOM,Classroom Seat-Days,6518,0.014,434,1190,99.9988,false,
2026-06-29,VOUCHER,Certification Vouchers,6034,0.206,365,1394,99.9705,false,
2026-06-29,IMPL,Implementation Services,7077,0.546,434,1468,99.9954,false,
2026-06-30,PRO,Academy Pro,233874,0.271,227,627,99.9813,false,
2026-06-30,TEAM,Team Plan,291620,0.225,171,690,100.0084,false,
2026-06-30,ENTERPRISE,Enterprise Programme,118102,0.485,423,1348,99.9759,false,
2026-06-30,CLASSROOM,Classroom Seat-Days,7538,0.262,442,1305,99.9768,false,
2026-06-30,VOUCHER,Certification Vouchers,5597,0.06,425,1542,99.9979,false,
2026-06-30,IMPL,Implementation Services,6873,0.373,459,1328,99.9701,false,
2026-07-01,PRO,Academy Pro,165285,0.619,174,445,99.9989,false,
2026-07-01,TEAM,Team Plan,274783,0.469,169,729,99.9618,false,
2026-07-01,ENTERPRISE,Enterprise Programme,86522,3.707,466,2361,96.5356,true,SEV3
2026-07-01,CLASSROOM,Classroom Seat-Days,6542,0.462,388,1090,100.0015,false,
2026-07-01,VOUCHER,Certification Vouchers,4960,0.351,348,1340,99.976,false,
2026-07-01,IMPL,Implementation Services,6231,0.487,396,1351,99.9612,false,
2026-07-02,PRO,Academy Pro,145973,0.277,185,729,99.9756,false,
2026-07-02,TEAM,Team Plan,136568,0.187,207,431,99.9584,false,
2026-07-02,ENTERPRISE,Enterprise Programme,73987,0.133,440,1270,99.9712,false,
2026-07-02,CLASSROOM,Classroom Seat-Days,6261,0.502,395,1098,99.9793,false,
2026-07-02,VOUCHER,Certification Vouchers,5682,3.21,431,954,97.2522,true,SEV3
2026-07-02,IMPL,Implementation Services,6236,0.14,407,1271,99.958,false,
2026-07-03,PRO,Academy Pro,204979,0.323,169,567,99.9806,false,
2026-07-03,TEAM,Team Plan,272975,0.01,182,731,99.994,false,
2026-07-03,ENTERPRISE,Enterprise Programme,102960,0.28,421,1331,100.0082,false,
2026-07-03,CLASSROOM,Classroom Seat-Days,9080,0.387,407,1078,100.001,false,
2026-07-03,VOUCHER,Certification Vouchers,7435,0.4,405,1433,99.9825,false,
2026-07-03,IMPL,Implementation Services,4606,0.279,391,1265,99.9906,false,
2026-07-04,PRO,Academy Pro,127949,0.135,177,630,100.009,false,
2026-07-04,TEAM,Team Plan,193108,0.232,193,809,100.005,false,
2026-07-04,ENTERPRISE,Enterprise Programme,129221,0.044,454,1179,99.9738,false,
2026-07-04,CLASSROOM,Classroom Seat-Days,6640,0.508,439,1249,100.0013,false,
2026-07-04,VOUCHER,Certification Vouchers,5498,5.683,448,1263,98.0537,true,SEV2
2026-07-04,IMPL,Implementation Services,5748,0.129,414,1470,99.9756,false,
2026-07-05,PRO,Academy Pro,176415,0.138,192,804,99.9786,false,
2026-07-05,TEAM,Team Plan,318159,0.197,221,970,99.9814,false,
2026-07-05,ENTERPRISE,Enterprise Programme,150302,0.267,399,1422,99.9988,false,
2026-07-05,CLASSROOM,Classroom Seat-Days,6230,0.207,426,1331,99.9813,false,
2026-07-05,VOUCHER,Certification Vouchers,4417,0.154,444,1594,99.95,false,
2026-07-05,IMPL,Implementation Services,4484,0.242,404,1296,100.002,false,
2026-07-06,PRO,Academy Pro,157749,0.177,153,509,99.9983,false,
2026-07-06,TEAM,Team Plan,199575,0.165,186,344,99.985,false,
2026-07-06,ENTERPRISE,Enterprise Programme,81185,0.203,460,1468,99.9637,false,
2026-07-06,CLASSROOM,Classroom Seat-Days,5907,0.173,454,1436,99.9878,false,
2026-07-06,VOUCHER,Certification Vouchers,6423,0.164,441,1274,99.9935,false,
2026-07-06,IMPL,Implementation Services,6341,0.464,424,1474,99.9888,false,
2026-07-07,PRO,Academy Pro,151090,0.123,182,478,99.9865,false,
2026-07-07,TEAM,Team Plan,199082,0.251,196,773,99.9665,false,
2026-07-07,ENTERPRISE,Enterprise Programme,114538,0.334,424,1399,99.9866,false,
2026-07-07,CLASSROOM,Classroom Seat-Days,7312,0.167,381,1413,99.9966,false,
2026-07-07,VOUCHER,Certification Vouchers,5751,0.318,461,1677,99.9535,false,
2026-07-07,IMPL,Implementation Services,6244,0.246,402,1183,100.0233,false,
2026-07-08,PRO,Academy Pro,210550,0.248,192,909,99.9791,false,
2026-07-08,TEAM,Team Plan,228508,0.01,177,763,100.025,false,
2026-07-08,ENTERPRISE,Enterprise Programme,109658,0.067,397,1621,99.9762,false,
2026-07-08,CLASSROOM,Classroom Seat-Days,7154,0.125,401,1509,99.9949,false,
2026-07-08,VOUCHER,Certification Vouchers,5345,0.348,450,1290,99.9604,false,
2026-07-08,IMPL,Implementation Services,8416,0.383,351,1433,99.9935,false,
2026-07-09,PRO,Academy Pro,250432,0.177,175,713,99.9791,false,
2026-07-09,TEAM,Team Plan,267040,0.01,193,708,99.9687,false,
2026-07-09,ENTERPRISE,Enterprise Programme,119351,0.373,409,1449,99.9676,false,
2026-07-09,CLASSROOM,Classroom Seat-Days,5968,0.221,450,1572,99.9616,false,
2026-07-09,VOUCHER,Certification Vouchers,7603,0.319,444,1589,99.9821,false,
2026-07-09,IMPL,Implementation Services,6220,0.36,388,1573,99.9624,false,
2026-07-10,PRO,Academy Pro,209398,0.431,155,404,99.978,false,
2026-07-10,TEAM,Team Plan,272795,0.349,134,532,99.9793,false,
2026-07-10,ENTERPRISE,Enterprise Programme,85371,0.375,370,1481,100,false,
2026-07-10,CLASSROOM,Classroom Seat-Days,6116,0.184,418,1383,99.9934,false,
2026-07-10,VOUCHER,Certification Vouchers,6817,0.432,407,1396,99.9577,false,
2026-07-10,IMPL,Implementation Services,7617,0.234,515,1304,99.9718,false,
2026-07-11,PRO,Academy Pro,158809,0.221,172,775,100.0077,false,
2026-07-11,TEAM,Team Plan,198067,0.559,185,629,99.9663,false,
2026-07-11,ENTERPRISE,Enterprise Programme,157221,0.227,421,1403,99.9813,false,
2026-07-11,CLASSROOM,Classroom Seat-Days,6524,0.154,428,1675,99.9895,false,
2026-07-11,VOUCHER,Certification Vouchers,7250,0.395,393,1269,99.9526,false,
2026-07-11,IMPL,Implementation Services,6852,0.264,398,1485,99.9774,false,
2026-07-12,PRO,Academy Pro,180964,0.46,175,650,99.9943,false,
2026-07-12,TEAM,Team Plan,393368,0.265,155,736,100.0217,false,
2026-07-12,ENTERPRISE,Enterprise Programme,117220,0.413,412,1342,99.9888,false,
2026-07-12,CLASSROOM,Classroom Seat-Days,4735,0.465,457,1139,99.9874,false,
2026-07-12,VOUCHER,Certification Vouchers,6007,0.095,438,1437,99.9741,false,
2026-07-12,IMPL,Implementation Services,5264,0.203,382,1358,99.9865,false,
2026-07-13,PRO,Academy Pro,108079,0.435,214,815,99.992,false,
2026-07-13,TEAM,Team Plan,228433,0.108,153,751,99.9916,false,
2026-07-13,ENTERPRISE,Enterprise Programme,98844,0.01,408,1543,100.0112,false,
2026-07-13,CLASSROOM,Classroom Seat-Days,7224,0.443,393,1281,99.9668,false,
2026-07-13,VOUCHER,Certification Vouchers,7133,0.351,414,1453,99.9883,false,
2026-07-13,IMPL,Implementation Services,3688,0.251,424,1551,99.9511,false,
2026-07-14,PRO,Academy Pro,155289,0.01,143,504,99.9872,false,
2026-07-14,TEAM,Team Plan,225880,0.207,154,825,99.9725,false,
2026-07-14,ENTERPRISE,Enterprise Programme,108788,0.321,376,1467,99.9764,false,
2026-07-14,CLASSROOM,Classroom Seat-Days,6753,0.377,449,1432,100.0246,false,
2026-07-14,VOUCHER,Certification Vouchers,6474,0.331,433,1474,99.9561,false,
2026-07-14,IMPL,Implementation Services,6866,0.253,418,1560,99.9869,false,
2026-07-15,PRO,Academy Pro,208453,0.299,180,690,99.996,false,
2026-07-15,TEAM,Team Plan,314802,0.293,204,739,99.945,false,
2026-07-15,ENTERPRISE,Enterprise Programme,137807,0.336,437,1542,99.9803,false,
2026-07-15,CLASSROOM,Classroom Seat-Days,3588,0.11,434,1357,100.013,false,
2026-07-15,VOUCHER,Certification Vouchers,4770,0.404,448,1333,99.9906,false,
2026-07-15,IMPL,Implementation Services,4870,0.129,419,1331,100.0119,false,
2026-07-16,PRO,Academy Pro,185068,0.195,175,567,99.9397,false,
2026-07-16,TEAM,Team Plan,223679,0.469,190,704,99.9706,false,
2026-07-16,ENTERPRISE,Enterprise Programme,132092,0.194,406,1297,99.9904,false,
2026-07-16,CLASSROOM,Classroom Seat-Days,6311,0.01,403,1354,99.9772,false,
2026-07-16,VOUCHER,Certification Vouchers,9167,0.229,425,1282,99.9531,false,
2026-07-16,IMPL,Implementation Services,7964,0.326,376,1324,99.9885,false,
2026-07-17,PRO,Academy Pro,208048,0.33,216,596,99.9697,false,
2026-07-17,TEAM,Team Plan,279231,0.375,245,883,99.9654,false,
2026-07-17,ENTERPRISE,Enterprise Programme,118029,0.403,394,1433,100.0066,false,
2026-07-17,CLASSROOM,Classroom Seat-Days,4556,0.296,427,1468,99.9828,false,
2026-07-17,VOUCHER,Certification Vouchers,4868,0.244,477,1529,99.9927,false,
2026-07-17,IMPL,Implementation Services,7257,0.427,461,1353,99.9713,false,
2026-07-18,PRO,Academy Pro,107030,0.224,160,650,99.9562,false,
2026-07-18,TEAM,Team Plan,347881,0.062,242,651,99.9771,false,
2026-07-18,ENTERPRISE,Enterprise Programme,123636,0.372,444,1258,99.976,false,
2026-07-18,CLASSROOM,Classroom Seat-Days,5843,0.182,430,1536,99.9388,false,
2026-07-18,VOUCHER,Certification Vouchers,5857,0.469,446,1626,99.9825,false,
2026-07-18,IMPL,Implementation Services,7415,0.275,439,1333,99.9654,false,
2026-07-19,PRO,Academy Pro,234063,0.426,162,511,99.9782,false,
2026-07-19,TEAM,Team Plan,259381,0.067,118,582,99.975,false,
2026-07-19,ENTERPRISE,Enterprise Programme,114591,0.137,383,1382,99.9615,false,
2026-07-19,CLASSROOM,Classroom Seat-Days,4095,0.359,455,1423,99.9988,false,
2026-07-19,VOUCHER,Certification Vouchers,6977,0.3,391,1495,100.0042,false,
2026-07-19,IMPL,Implementation Services,5761,0.163,434,1342,99.9644,false,
2026-07-20,PRO,Academy Pro,153956,0.439,188,535,99.9508,false,
2026-07-20,TEAM,Team Plan,249083,0.296,125,541,100.0159,false,
2026-07-20,ENTERPRISE,Enterprise Programme,103116,0.11,453,1538,99.9484,false,
2026-07-20,CLASSROOM,Classroom Seat-Days,6500,0.099,365,1354,99.9891,false,
2026-07-20,VOUCHER,Certification Vouchers,5592,0.032,421,1428,99.9723,false,
2026-07-20,IMPL,Implementation Services,8264,0.542,421,1487,100.0175,false,
2026-07-21,PRO,Academy Pro,172065,0.08,220,663,99.9748,false,
2026-07-21,TEAM,Team Plan,294860,0.267,134,733,100.008,false,
2026-07-21,ENTERPRISE,Enterprise Programme,124940,0.285,462,1560,99.9996,false,
2026-07-21,CLASSROOM,Classroom Seat-Days,6708,0.318,395,1359,100.0038,false,
2026-07-21,VOUCHER,Certification Vouchers,7090,0.343,429,1527,100.0028,false,
2026-07-21,IMPL,Implementation Services,7575,0.365,432,1515,99.9775,false,
2026-07-22,PRO,Academy Pro,223598,0.304,144,814,100.0191,false,
2026-07-22,TEAM,Team Plan,212792,0.178,170,664,99.9817,false,
2026-07-22,ENTERPRISE,Enterprise Programme,108975,0.387,477,1187,99.9828,false,
2026-07-22,CLASSROOM,Classroom Seat-Days,5109,0.314,419,1409,99.9612,false,
2026-07-22,VOUCHER,Certification Vouchers,7046,0.211,449,1221,100.0066,false,
2026-07-22,IMPL,Implementation Services,7693,0.236,400,1383,100.0108,false,
2026-07-23,PRO,Academy Pro,167751,0.107,203,330,99.9939,false,
2026-07-23,TEAM,Team Plan,280555,0.333,232,700,100.0044,false,
2026-07-23,ENTERPRISE,Enterprise Programme,119295,0.375,398,1286,100.0215,false,
2026-07-23,CLASSROOM,Classroom Seat-Days,6726,0.272,429,1346,99.9911,false,
2026-07-23,VOUCHER,Certification Vouchers,4093,0.471,418,1559,100.0076,false,
2026-07-23,IMPL,Implementation Services,6325,0.667,460,1492,99.9844,false,
2026-07-24,PRO,Academy Pro,138081,0.549,151,535,99.9696,false,
2026-07-24,TEAM,Team Plan,215885,0.283,187,892,99.9954,false,
2026-07-24,ENTERPRISE,Enterprise Programme,128446,0.223,448,1486,99.9936,false,
2026-07-24,CLASSROOM,Classroom Seat-Days,6528,0.256,390,1221,99.9746,false,
2026-07-24,VOUCHER,Certification Vouchers,4305,0.308,410,1456,99.9619,false,
2026-07-24,IMPL,Implementation Services,5991,0.325,351,1354,100.0028,false,
2026-07-25,PRO,Academy Pro,215338,0.282,122,591,100.0253,false,
2026-07-25,TEAM,Team Plan,280427,0.179,101,594,99.9693,false,
2026-07-25,ENTERPRISE,Enterprise Programme,126193,0.149,433,1295,99.9652,false,
2026-07-25,CLASSROOM,Classroom Seat-Days,4464,0.037,449,1417,99.9982,false,
2026-07-25,VOUCHER,Certification Vouchers,7140,0.201,454,1463,99.9967,false,
2026-07-25,IMPL,Implementation Services,6561,0.194,404,1348,99.99,false,
2026-07-26,PRO,Academy Pro,193064,0.196,190,709,100.0237,false,
2026-07-26,TEAM,Team Plan,310522,0.089,191,764,99.9837,false,
2026-07-26,ENTERPRISE,Enterprise Programme,126330,0.17,399,1507,99.9965,false,
2026-07-26,CLASSROOM,Classroom Seat-Days,4545,0.111,457,1576,99.978,false,
2026-07-26,VOUCHER,Certification Vouchers,6020,0.277,462,1437,100.0336,false,
2026-07-26,IMPL,Implementation Services,3922,0.437,432,1375,99.9815,false,
2026-07-27,PRO,Academy Pro,174706,0.449,176,764,99.9951,false,
2026-07-27,TEAM,Team Plan,298944,0.402,177,864,99.9915,false,
2026-07-27,ENTERPRISE,Enterprise Programme,106054,0.333,418,1479,99.9675,false,
2026-07-27,CLASSROOM,Classroom Seat-Days,6398,0.229,424,1504,100.0194,false,
2026-07-27,VOUCHER,Certification Vouchers,6704,0.144,380,1530,100.0236,false,
2026-07-27,IMPL,Implementation Services,3768,0.405,447,1486,99.9581,false,
2026-07-28,PRO,Academy Pro,165141,0.622,189,830,99.9827,false,
2026-07-28,TEAM,Team Plan,303127,0.374,121,864,99.9804,false,
2026-07-28,ENTERPRISE,Enterprise Programme,138437,0.357,436,1643,99.9838,false,
2026-07-28,CLASSROOM,Classroom Seat-Days,5165,0.479,443,1408,99.9833,false,
2026-07-28,VOUCHER,Certification Vouchers,6323,0.167,430,1429,99.9901,false,
2026-07-28,IMPL,Implementation Services,5944,0.4,429,1235,100.0296,false,
2026-07-29,PRO,Academy Pro,224264,0.01,173,802,99.9639,false,
2026-07-29,TEAM,Team Plan,245598,0.323,154,480,99.9878,false,
2026-07-29,ENTERPRISE,Enterprise Programme,115291,0.237,426,1279,99.9885,false,
2026-07-29,CLASSROOM,Classroom Seat-Days,7023,0.074,457,1454,99.9734,false,
2026-07-29,VOUCHER,Certification Vouchers,6847,0.395,441,1311,99.9819,false,
2026-07-29,IMPL,Implementation Services,6205,0.41,421,1543,99.9584,false,
2026-07-30,PRO,Academy Pro,175491,0.387,230,510,99.9804,false,
2026-07-30,TEAM,Team Plan,278830,0.01,213,744,99.9788,false,
2026-07-30,ENTERPRISE,Enterprise Programme,97362,0.094,451,1564,99.9404,false,
2026-07-30,CLASSROOM,Classroom Seat-Days,5297,0.378,465,1392,99.9981,false,
2026-07-30,VOUCHER,Certification Vouchers,5080,0.33,463,1361,99.9442,false,
2026-07-30,IMPL,Implementation Services,6511,0.512,365,1297,99.9903,false,
2026-07-31,PRO,Academy Pro,166760,0.314,217,650,99.9684,false,
2026-07-31,TEAM,Team Plan,239791,0.238,196,699,99.979,false,
2026-07-31,ENTERPRISE,Enterprise Programme,118005,0.23,432,1500,99.9589,false,
2026-07-31,CLASSROOM,Classroom Seat-Days,5198,0.214,366,1493,100.0011,false,
2026-07-31,VOUCHER,Certification Vouchers,5265,0.296,412,1385,99.9824,false,
2026-07-31,IMPL,Implementation Services,6725,0.409,461,1352,100.0018,false,
2026-08-01,PRO,Academy Pro,174857,0.255,141,511,99.9896,false,
2026-08-01,TEAM,Team Plan,285960,0.343,167,524,99.9907,false,
2026-08-01,ENTERPRISE,Enterprise Programme,107872,0.281,409,1458,99.9883,false,
2026-08-01,CLASSROOM,Classroom Seat-Days,8179,0.448,386,1626,100.0019,false,
2026-08-01,VOUCHER,Certification Vouchers,5583,0.547,398,1569,100.0163,false,
2026-08-01,IMPL,Implementation Services,6799,0.374,439,1184,100.0027,false,
2026-08-02,PRO,Academy Pro,139280,0.338,186,604,100.004,false,
2026-08-02,TEAM,Team Plan,217740,0.214,175,569,99.9687,false,
2026-08-02,ENTERPRISE,Enterprise Programme,101951,0.403,398,1453,100.0008,false,
2026-08-02,CLASSROOM,Classroom Seat-Days,4947,0.191,418,1480,99.9997,false,
2026-08-02,VOUCHER,Certification Vouchers,6007,0.198,415,1536,100.0168,false,
2026-08-02,IMPL,Implementation Services,5018,0.397,375,1508,100.0042,false,
2026-08-03,PRO,Academy Pro,165464,0.177,186,574,99.9799,false,
2026-08-03,TEAM,Team Plan,184188,0.314,149,870,99.9726,false,
2026-08-03,ENTERPRISE,Enterprise Programme,130092,0.269,426,1379,99.9898,false,
2026-08-03,CLASSROOM,Classroom Seat-Days,6078,0.273,417,1442,99.9518,false,
2026-08-03,VOUCHER,Certification Vouchers,7852,0.224,445,1390,99.9678,false,
2026-08-03,IMPL,Implementation Services,4917,0.352,414,1313,100.0112,false,
2026-08-04,PRO,Academy Pro,138537,0.32,213,633,99.9448,false,
2026-08-04,TEAM,Team Plan,235020,0.271,133,673,99.9864,false,
2026-08-04,ENTERPRISE,Enterprise Programme,102850,0.43,331,1487,99.9896,false,
2026-08-04,CLASSROOM,Classroom Seat-Days,6458,0.49,394,1488,99.9696,false,
2026-08-04,VOUCHER,Certification Vouchers,5272,0.107,325,1515,99.9871,false,
2026-08-04,IMPL,Implementation Services,6674,0.565,408,1478,99.9766,false,
2026-08-05,PRO,Academy Pro,172095,0.385,207,645,99.9518,false,
2026-08-05,TEAM,Team Plan,240212,0.178,194,647,99.9866,false,
2026-08-05,ENTERPRISE,Enterprise Programme,110298,0.3,409,1187,100.0167,false,
2026-08-05,CLASSROOM,Classroom Seat-Days,6009,0.374,385,1492,99.9874,false,
2026-08-05,VOUCHER,Certification Vouchers,6085,0.412,470,1375,99.9697,false,
2026-08-05,IMPL,Implementation Services,6768,0.326,460,1436,100.0015,false,
2026-08-06,PRO,Academy Pro,142661,0.51,184,585,99.9903,false,
2026-08-06,TEAM,Team Plan,303656,0.409,198,537,99.9871,false,
2026-08-06,ENTERPRISE,Enterprise Programme,128147,0.035,414,1447,99.9968,false,
2026-08-06,CLASSROOM,Classroom Seat-Days,5162,0.455,422,1336,99.9838,false,
2026-08-06,VOUCHER,Certification Vouchers,6432,0.213,432,1375,99.988,false,
2026-08-06,IMPL,Implementation Services,6594,0.287,384,1096,99.9586,false,
2026-08-07,PRO,Academy Pro,182723,0.178,254,647,99.9555,false,
2026-08-07,TEAM,Team Plan,259864,0.472,125,539,99.9816,false,
2026-08-07,ENTERPRISE,Enterprise Programme,125625,0.356,442,1419,99.9556,false,
2026-08-07,CLASSROOM,Classroom Seat-Days,3830,2.793,377,1253,97.1172,true,SEV3
2026-08-07,VOUCHER,Certification Vouchers,7998,5.495,451,1490,96.9409,true,SEV3
2026-08-07,IMPL,Implementation Services,6494,0.22,449,1405,99.9675,false,
2026-08-08,PRO,Academy Pro,143043,0.109,166,729,99.9541,false,
2026-08-08,TEAM,Team Plan,180595,0.389,259,766,99.9722,false,
2026-08-08,ENTERPRISE,Enterprise Programme,138412,0.59,412,1433,100,false,
2026-08-08,CLASSROOM,Classroom Seat-Days,7144,0.297,416,1269,99.9485,false,
2026-08-08,VOUCHER,Certification Vouchers,5492,0.462,391,1538,99.9722,false,
2026-08-08,IMPL,Implementation Services,6612,0.371,503,1333,100.0138,false,
2026-08-09,PRO,Academy Pro,163931,0.276,195,690,99.9645,false,
2026-08-09,TEAM,Team Plan,211535,0.243,171,623,100.034,false,
2026-08-09,ENTERPRISE,Enterprise Programme,122103,0.17,369,1353,100.003,false,
2026-08-09,CLASSROOM,Classroom Seat-Days,6083,0.437,426,1315,99.9877,false,
2026-08-09,VOUCHER,Certification Vouchers,7243,4.143,366,508,99.2361,true,SEV3
2026-08-09,IMPL,Implementation Services,3617,0.25,356,1522,99.9531,false,
2026-08-10,PRO,Academy Pro,178106,0.354,195,657,99.9875,false,
2026-08-10,TEAM,Team Plan,231292,0.273,165,779,99.9812,false,
2026-08-10,ENTERPRISE,Enterprise Programme,127731,0.067,376,1208,99.9896,false,
2026-08-10,CLASSROOM,Classroom Seat-Days,5446,0.154,376,1576,99.9798,false,
2026-08-10,VOUCHER,Certification Vouchers,4829,0.102,438,1385,99.989,false,
2026-08-10,IMPL,Implementation Services,7107,0.156,331,1574,99.9949,false,
2026-08-11,PRO,Academy Pro,164095,0.208,190,413,100.0197,false,
2026-08-11,TEAM,Team Plan,273036,0.353,241,558,99.9821,false,
2026-08-11,ENTERPRISE,Enterprise Programme,129276,0.258,458,1502,99.9755,false,
2026-08-11,CLASSROOM,Classroom Seat-Days,7053,0.243,424,1348,99.9689,false,
2026-08-11,VOUCHER,Certification Vouchers,6456,0.138,429,1646,99.9984,false,
2026-08-11,IMPL,Implementation Services,6634,0.444,400,1262,100.0118,false,
2026-08-12,PRO,Academy Pro,212107,0.129,200,744,99.9977,false,
2026-08-12,TEAM,Team Plan,238365,0.578,175,711,99.9524,false,
2026-08-12,ENTERPRISE,Enterprise Programme,112159,3.661,432,1376,96.2976,true,SEV3
2026-08-12,CLASSROOM,Classroom Seat-Days,5329,0.662,403,1619,99.9661,false,
2026-08-12,VOUCHER,Certification Vouchers,7022,0.356,416,1421,99.9664,false,
2026-08-12,IMPL,Implementation Services,6254,0.213,436,1437,100.0363,false,
2026-08-13,PRO,Academy Pro,194819,0.29,146,583,100.0019,false,
2026-08-13,TEAM,Team Plan,323112,0.255,207,341,99.9734,false,
2026-08-13,ENTERPRISE,Enterprise Programme,93804,0.101,450,1656,99.974,false,
2026-08-13,CLASSROOM,Classroom Seat-Days,5542,0.332,448,1640,99.9731,false,
2026-08-13,VOUCHER,Certification Vouchers,4853,0.354,395,1358,99.9753,false,
2026-08-13,IMPL,Implementation Services,6337,0.21,405,1369,99.9951,false,
2026-08-14,PRO,Academy Pro,188059,0.25,185,564,100.0152,false,
2026-08-14,TEAM,Team Plan,269774,0.607,196,695,99.9732,false,
2026-08-14,ENTERPRISE,Enterprise Programme,111277,0.165,407,1385,99.9306,false,
2026-08-14,CLASSROOM,Classroom Seat-Days,5755,0.33,448,1401,100.0221,false,
2026-08-14,VOUCHER,Certification Vouchers,5244,0.376,394,1270,100.0143,false,
2026-08-14,IMPL,Implementation Services,6774,0.232,403,1324,99.9914,false,
2026-08-15,PRO,Academy Pro,199733,0.19,192,777,100.0105,false,
2026-08-15,TEAM,Team Plan,229518,0.063,174,477,99.9875,false,
2026-08-15,ENTERPRISE,Enterprise Programme,119030,0.352,406,1257,99.9715,false,
2026-08-15,CLASSROOM,Classroom Seat-Days,4914,0.267,393,1454,100.0038,false,
2026-08-15,VOUCHER,Certification Vouchers,6102,0.237,377,1406,99.9703,false,
2026-08-15,IMPL,Implementation Services,5126,0.123,384,1272,99.9552,false,
2026-08-16,PRO,Academy Pro,196152,0.421,176,430,99.9562,false,
2026-08-16,TEAM,Team Plan,218309,0.348,157,643,99.9958,false,
2026-08-16,ENTERPRISE,Enterprise Programme,108357,0.215,399,1502,99.9684,false,
2026-08-16,CLASSROOM,Classroom Seat-Days,6731,0.289,456,1379,99.9849,false,
2026-08-16,VOUCHER,Certification Vouchers,7273,0.358,418,1401,99.9679,false,
2026-08-16,IMPL,Implementation Services,4768,0.312,476,1415,100.0271,false,
2026-08-17,PRO,Academy Pro,173550,0.155,184,740,99.9646,false,
2026-08-17,TEAM,Team Plan,267082,0.456,186,805,99.9974,false,
2026-08-17,ENTERPRISE,Enterprise Programme,93943,0.445,417,1615,99.9674,false,
2026-08-17,CLASSROOM,Classroom Seat-Days,6532,0.294,431,1345,99.9845,false,
2026-08-17,VOUCHER,Certification Vouchers,6300,0.349,463,1519,99.9827,false,
2026-08-17,IMPL,Implementation Services,8416,0.337,368,1334,99.9543,false,
2026-08-18,PRO,Academy Pro,185412,0.246,230,481,99.9616,false,
2026-08-18,TEAM,Team Plan,267963,0.163,211,683,99.9859,false,
2026-08-18,ENTERPRISE,Enterprise Programme,102040,0.357,417,1347,99.9631,false,
2026-08-18,CLASSROOM,Classroom Seat-Days,7192,0.335,413,1424,100.0012,false,
2026-08-18,VOUCHER,Certification Vouchers,5083,0.354,372,1536,100.0023,false,
2026-08-18,IMPL,Implementation Services,3705,0.169,413,1387,99.9941,false,
2026-08-19,PRO,Academy Pro,141908,0.313,175,698,99.9944,false,
2026-08-19,TEAM,Team Plan,306193,0.446,227,616,99.9902,false,
2026-08-19,ENTERPRISE,Enterprise Programme,108233,0.318,440,1431,99.9774,false,
2026-08-19,CLASSROOM,Classroom Seat-Days,5397,0.412,434,1349,99.9864,false,
2026-08-19,VOUCHER,Certification Vouchers,5285,0.472,391,1330,99.9519,false,
2026-08-19,IMPL,Implementation Services,5128,0.182,417,1352,99.956,false,
2026-08-20,PRO,Academy Pro,232384,0.251,233,441,99.9483,false,
2026-08-20,TEAM,Team Plan,220922,0.23,141,851,99.9704,false,
2026-08-20,ENTERPRISE,Enterprise Programme,114066,0.264,409,1515,99.9799,false,
2026-08-20,CLASSROOM,Classroom Seat-Days,3801,0.392,414,1074,99.9657,false,
2026-08-20,VOUCHER,Certification Vouchers,5563,0.217,419,1595,99.9899,false,
2026-08-20,IMPL,Implementation Services,6468,0.171,439,1346,99.99,false,
2026-08-21,PRO,Academy Pro,181786,0.123,142,605,99.9605,false,
2026-08-21,TEAM,Team Plan,267474,0.267,222,628,99.9948,false,
2026-08-21,ENTERPRISE,Enterprise Programme,76978,0.228,396,1419,99.9815,false,
2026-08-21,CLASSROOM,Classroom Seat-Days,4933,0.225,457,1403,99.9915,false,
2026-08-21,VOUCHER,Certification Vouchers,6450,0.192,467,1356,99.9947,false,
2026-08-21,IMPL,Implementation Services,4306,0.339,435,1474,99.9864,false,
2026-08-22,PRO,Academy Pro,159049,0.276,217,633,99.9963,false,
2026-08-22,TEAM,Team Plan,213607,0.25,184,555,99.9724,false,
2026-08-22,ENTERPRISE,Enterprise Programme,98136,0.346,427,1205,99.9841,false,
2026-08-22,CLASSROOM,Classroom Seat-Days,3193,0.324,437,1562,99.9875,false,
2026-08-22,VOUCHER,Certification Vouchers,6281,0.112,383,1311,100.0202,false,
2026-08-22,IMPL,Implementation Services,4583,0.103,422,1525,100.0186,false,
2026-08-23,PRO,Academy Pro,106084,0.163,222,722,99.9798,false,
2026-08-23,TEAM,Team Plan,287612,0.187,236,630,99.9552,false,
2026-08-23,ENTERPRISE,Enterprise Programme,160610,0.29,432,1409,99.9954,false,
2026-08-23,CLASSROOM,Classroom Seat-Days,5477,0.533,425,1326,99.9998,false,
2026-08-23,VOUCHER,Certification Vouchers,5919,0.181,432,1447,99.9773,false,
2026-08-23,IMPL,Implementation Services,4820,0.421,357,1459,100.0135,false,
2026-08-24,PRO,Academy Pro,141418,0.19,199,388,99.986,false,
2026-08-24,TEAM,Team Plan,248047,0.023,192,686,99.9709,false,
2026-08-24,ENTERPRISE,Enterprise Programme,126368,0.405,443,1583,99.969,false,
2026-08-24,CLASSROOM,Classroom Seat-Days,7382,3.825,428,943,98.1725,true,SEV3
2026-08-24,VOUCHER,Certification Vouchers,6618,0.265,465,1658,99.9706,false,
2026-08-24,IMPL,Implementation Services,5587,0.314,399,1299,100.01,false,
2026-08-25,PRO,Academy Pro,197700,0.303,179,605,99.9738,false,
2026-08-25,TEAM,Team Plan,306697,0.39,204,680,99.9965,false,
2026-08-25,ENTERPRISE,Enterprise Programme,107926,0.483,424,1356,99.9778,false,
2026-08-25,CLASSROOM,Classroom Seat-Days,5909,0.265,421,1314,99.9543,false,
2026-08-25,VOUCHER,Certification Vouchers,4218,0.179,373,1335,99.9999,false,
2026-08-25,IMPL,Implementation Services,5826,0.263,436,1468,99.9661,false,
2026-08-26,PRO,Academy Pro,217697,0.402,151,598,99.9947,false,
2026-08-26,TEAM,Team Plan,211363,0.318,186,543,99.9765,false,
2026-08-26,ENTERPRISE,Enterprise Programme,100812,0.168,427,1438,99.9315,false,
2026-08-26,CLASSROOM,Classroom Seat-Days,6885,0.147,399,1471,99.9532,false,
2026-08-26,VOUCHER,Certification Vouchers,5848,0.197,374,1540,99.9895,false,
2026-08-26,IMPL,Implementation Services,5196,0.211,401,1300,99.9432,false,
2026-08-27,PRO,Academy Pro,155305,0.301,174,558,99.9613,false,
2026-08-27,TEAM,Team Plan,251502,0.622,143,626,99.9729,false,
2026-08-27,ENTERPRISE,Enterprise Programme,140515,0.195,436,1405,99.9917,false,
2026-08-27,CLASSROOM,Classroom Seat-Days,5190,0.366,418,1432,100.0167,false,
2026-08-27,VOUCHER,Certification Vouchers,6878,0.446,406,1517,100.0095,false,
2026-08-27,IMPL,Implementation Services,4803,0.244,382,1426,99.9883,false,
2026-08-28,PRO,Academy Pro,167090,0.325,157,672,99.9854,false,
2026-08-28,TEAM,Team Plan,327439,0.091,216,655,99.9763,false,
2026-08-28,ENTERPRISE,Enterprise Programme,164778,0.542,448,1533,100.007,false,
2026-08-28,CLASSROOM,Classroom Seat-Days,8510,0.273,426,1406,100.0153,false,
2026-08-28,VOUCHER,Certification Vouchers,7178,0.196,498,1451,99.9777,false,
2026-08-28,IMPL,Implementation Services,4505,5.263,359,1731,98.4177,true,SEV3
2026-08-29,PRO,Academy Pro,222565,0.341,189,538,99.9877,false,
2026-08-29,TEAM,Team Plan,282745,0.097,197,545,99.9532,false,
2026-08-29,ENTERPRISE,Enterprise Programme,111722,0.119,445,1135,99.9814,false,
2026-08-29,CLASSROOM,Classroom Seat-Days,6696,0.161,434,1046,99.9817,false,
2026-08-29,VOUCHER,Certification Vouchers,6094,0.587,456,1416,100.0072,false,
2026-08-29,IMPL,Implementation Services,4634,0.198,426,1487,99.9824,false,
2026-08-30,PRO,Academy Pro,169621,0.323,163,816,100.0088,false,
2026-08-30,TEAM,Team Plan,169361,0.416,232,506,99.9872,false,
2026-08-30,ENTERPRISE,Enterprise Programme,142150,0.25,406,1510,99.9782,false,
2026-08-30,CLASSROOM,Classroom Seat-Days,4368,0.325,434,1339,99.9699,false,
2026-08-30,VOUCHER,Certification Vouchers,4783,0.452,412,1637,99.9888,false,
2026-08-30,IMPL,Implementation Services,5822,0.268,434,1247,99.9924,false,
2026-08-31,PRO,Academy Pro,146416,0.047,104,395,100.0334,false,
2026-08-31,TEAM,Team Plan,240040,0.033,163,619,100.0413,false,
2026-08-31,ENTERPRISE,Enterprise Programme,104622,0.01,394,1561,99.9874,false,
2026-08-31,CLASSROOM,Classroom Seat-Days,3701,0.44,404,1389,100.0184,false,
2026-08-31,VOUCHER,Certification Vouchers,7282,0.068,430,1274,100.0025,false,
2026-08-31,IMPL,Implementation Services,2639,0.141,369,1375,99.9291,false,
2026-09-01,PRO,Academy Pro,233209,0.01,201,550,99.9895,false,
2026-09-01,TEAM,Team Plan,251639,0.054,174,478,99.9748,false,
2026-09-01,ENTERPRISE,Enterprise Programme,91069,0.262,411,1413,100.0111,false,
2026-09-01,CLASSROOM,Classroom Seat-Days,6245,0.218,439,1372,99.9813,false,
2026-09-01,VOUCHER,Certification Vouchers,6302,0.216,408,1253,99.9482,false,
2026-09-01,IMPL,Implementation Services,7269,0.404,443,1494,99.9721,false,
2026-09-02,PRO,Academy Pro,209873,0.433,166,745,99.9761,false,
2026-09-02,TEAM,Team Plan,254515,0.149,167,680,99.9818,false,
2026-09-02,ENTERPRISE,Enterprise Programme,135362,0.326,420,1195,99.9837,false,
2026-09-02,CLASSROOM,Classroom Seat-Days,5771,0.361,414,1559,99.9997,false,
2026-09-02,VOUCHER,Certification Vouchers,4326,0.38,382,1313,99.9731,false,
2026-09-02,IMPL,Implementation Services,8684,0.327,451,1623,99.9689,false,
2026-09-03,PRO,Academy Pro,157184,0.01,138,754,100.0181,false,
2026-09-03,TEAM,Team Plan,208405,0.584,168,569,99.9741,false,
2026-09-03,ENTERPRISE,Enterprise Programme,130903,0.308,379,1286,100.0023,false,
2026-09-03,CLASSROOM,Classroom Seat-Days,5734,0.274,440,1316,100.0033,false,
2026-09-03,VOUCHER,Certification Vouchers,7309,0.17,432,1442,99.9859,false,
2026-09-03,IMPL,Implementation Services,5570,0.308,365,1334,100.0011,false,
2026-09-04,PRO,Academy Pro,153226,0.12,191,456,99.9548,false,
2026-09-04,TEAM,Team Plan,320589,0.372,174,594,99.9615,false,
2026-09-04,ENTERPRISE,Enterprise Programme,159609,0.171,408,1397,99.9905,false,
2026-09-04,CLASSROOM,Classroom Seat-Days,4252,0.421,445,1601,99.9799,false,
2026-09-04,VOUCHER,Certification Vouchers,4986,0.392,405,1305,99.9899,false,
2026-09-04,IMPL,Implementation Services,5186,0.18,416,1217,100.0085,false,
2026-09-05,PRO,Academy Pro,158427,0.334,197,451,99.9784,false,
2026-09-05,TEAM,Team Plan,289596,0.383,155,518,99.9577,false,
2026-09-05,ENTERPRISE,Enterprise Programme,108769,0.051,421,1435,100.0064,false,
2026-09-05,CLASSROOM,Classroom Seat-Days,8144,0.321,449,1530,99.994,false,
2026-09-05,VOUCHER,Certification Vouchers,6444,0.158,431,1412,99.994,false,
2026-09-05,IMPL,Implementation Services,5954,0.296,402,1303,100.0032,false,
2026-09-06,PRO,Academy Pro,193172,0.012,173,729,100.0011,false,
2026-09-06,TEAM,Team Plan,252534,0.512,170,727,99.9941,false,
2026-09-06,ENTERPRISE,Enterprise Programme,130971,0.413,407,1241,99.9881,false,
2026-09-06,CLASSROOM,Classroom Seat-Days,7670,0.387,367,1427,100.0013,false,
2026-09-06,VOUCHER,Certification Vouchers,6252,0.54,357,1391,100.0043,false,
2026-09-06,IMPL,Implementation Services,8907,0.01,437,1518,99.9689,false,
2026-09-07,PRO,Academy Pro,113299,0.237,244,649,99.9371,false,
2026-09-07,TEAM,Team Plan,277996,0.527,192,593,99.9702,false,
2026-09-07,ENTERPRISE,Enterprise Programme,78124,0.141,372,1356,99.9948,false,
2026-09-07,CLASSROOM,Classroom Seat-Days,7957,0.178,463,1304,99.9673,false,
2026-09-07,VOUCHER,Certification Vouchers,5453,0.28,401,1200,99.9791,false,
2026-09-07,IMPL,Implementation Services,6188,0.316,407,1380,99.9747,false,
2026-09-08,PRO,Academy Pro,181611,0.131,156,935,99.9493,false,
2026-09-08,TEAM,Team Plan,255266,0.349,239,645,99.9888,false,
2026-09-08,ENTERPRISE,Enterprise Programme,88155,0.248,416,1513,99.9616,false,
2026-09-08,CLASSROOM,Classroom Seat-Days,5743,0.285,411,1255,99.977,false,
2026-09-08,VOUCHER,Certification Vouchers,4350,0.125,366,1131,99.9952,false,
2026-09-08,IMPL,Implementation Services,4393,0.143,395,1409,99.999,false,
2026-09-09,PRO,Academy Pro,145107,0.425,165,560,99.9803,false,
2026-09-09,TEAM,Team Plan,180569,0.416,151,886,99.9629,false,
2026-09-09,ENTERPRISE,Enterprise Programme,171098,0.204,364,1426,100.0068,false,
2026-09-09,CLASSROOM,Classroom Seat-Days,6079,0.467,414,1356,99.9508,false,
2026-09-09,VOUCHER,Certification Vouchers,5831,0.584,425,1414,99.989,false,
2026-09-09,IMPL,Implementation Services,5697,0.031,374,1331,100.0001,false,
2026-09-10,PRO,Academy Pro,161657,0.613,186,485,99.9751,false,
2026-09-10,TEAM,Team Plan,175889,0.221,222,725,100.0103,false,
2026-09-10,ENTERPRISE,Enterprise Programme,137466,0.471,383,1346,99.991,false,
2026-09-10,CLASSROOM,Classroom Seat-Days,6541,0.069,440,1533,99.9689,false,
2026-09-10,VOUCHER,Certification Vouchers,6453,0.137,423,1392,100.0045,false,
2026-09-10,IMPL,Implementation Services,4820,0.242,449,1227,99.9719,false,
2026-09-11,PRO,Academy Pro,191080,0.486,157,731,99.9682,false,
2026-09-11,TEAM,Team Plan,205256,0.379,173,762,99.9413,false,
2026-09-11,ENTERPRISE,Enterprise Programme,115192,0.216,391,1344,100.0141,false,
2026-09-11,CLASSROOM,Classroom Seat-Days,6913,0.323,458,1379,100.0119,false,
2026-09-11,VOUCHER,Certification Vouchers,7626,0.01,456,1427,99.9945,false,
2026-09-11,IMPL,Implementation Services,5804,0.329,405,1421,99.9976,false,
2026-09-12,PRO,Academy Pro,155713,0.157,199,782,99.9976,false,
2026-09-12,TEAM,Team Plan,294345,0.414,208,588,100.0032,false,
2026-09-12,ENTERPRISE,Enterprise Programme,112913,0.498,425,1106,100.0066,false,
2026-09-12,CLASSROOM,Classroom Seat-Days,5285,0.523,429,1471,99.9794,false,
2026-09-12,VOUCHER,Certification Vouchers,6886,0.234,420,1337,100.0091,false,
2026-09-12,IMPL,Implementation Services,6855,0.302,375,1524,99.9993,false,
2026-09-13,PRO,Academy Pro,153441,0.187,142,608,99.9823,false,
2026-09-13,TEAM,Team Plan,254879,0.162,235,538,99.9386,false,
2026-09-13,ENTERPRISE,Enterprise Programme,115295,0.597,457,1477,99.9671,false,
2026-09-13,CLASSROOM,Classroom Seat-Days,5680,0.553,378,1562,99.9932,false,
2026-09-13,VOUCHER,Certification Vouchers,6752,0.328,412,1574,99.9947,false,
2026-09-13,IMPL,Implementation Services,5724,0.462,409,1222,99.9919,false,
2026-09-14,PRO,Academy Pro,158279,0.361,212,731,99.9855,false,
2026-09-14,TEAM,Team Plan,281658,0.284,136,650,100.0227,false,
2026-09-14,ENTERPRISE,Enterprise Programme,99997,3.912,401,874,98.5742,true,SEV2
2026-09-14,CLASSROOM,Classroom Seat-Days,5543,0.16,431,1667,99.9852,false,
2026-09-14,VOUCHER,Certification Vouchers,5806,0.334,357,1401,99.9872,false,
2026-09-14,IMPL,Implementation Services,6404,0.138,436,1174,99.9944,false,
2026-09-15,PRO,Academy Pro,156998,0.475,187,619,99.9727,false,
2026-09-15,TEAM,Team Plan,310801,0.103,188,685,99.9675,false,
2026-09-15,ENTERPRISE,Enterprise Programme,112160,0.112,393,1213,99.9818,false,
2026-09-15,CLASSROOM,Classroom Seat-Days,4946,0.292,458,1350,99.9995,false,
2026-09-15,VOUCHER,Certification Vouchers,4860,0.072,441,1383,99.9676,false,
2026-09-15,IMPL,Implementation Services,6239,0.288,486,1198,99.9873,false,
2026-09-16,PRO,Academy Pro,160054,0.271,149,749,99.983,false,
2026-09-16,TEAM,Team Plan,272267,0.446,194,439,100.0037,false,
2026-09-16,ENTERPRISE,Enterprise Programme,88187,0.185,433,1300,99.9704,false,
2026-09-16,CLASSROOM,Classroom Seat-Days,4839,0.418,370,1321,99.9688,false,
2026-09-16,VOUCHER,Certification Vouchers,4127,0.271,451,1667,100.005,false,
2026-09-16,IMPL,Implementation Services,6103,0.416,417,1593,99.9928,false,
2026-09-17,PRO,Academy Pro,212231,0.296,184,632,100.0169,false,
2026-09-17,TEAM,Team Plan,240037,8.75,219,761,99.8438,true,SEV3
2026-09-17,ENTERPRISE,Enterprise Programme,127390,0.126,444,1618,99.98,false,
2026-09-17,CLASSROOM,Classroom Seat-Days,7169,0.485,384,1664,99.9801,false,
2026-09-17,VOUCHER,Certification Vouchers,6973,0.329,367,1465,99.974,false,
2026-09-17,IMPL,Implementation Services,6941,0.115,447,1338,99.9962,false,
2026-09-18,PRO,Academy Pro,228830,0.295,190,582,100.0126,false,
2026-09-18,TEAM,Team Plan,286770,0.211,181,515,99.9592,false,
2026-09-18,ENTERPRISE,Enterprise Programme,133886,0.299,438,1518,99.9787,false,
2026-09-18,CLASSROOM,Classroom Seat-Days,4963,0.094,386,1287,99.9932,false,
2026-09-18,VOUCHER,Certification Vouchers,3891,0.323,404,1356,100.002,false,
2026-09-18,IMPL,Implementation Services,5871,0.097,495,1418,99.9922,false,
2026-09-19,PRO,Academy Pro,162219,0.283,200,583,99.989,false,
2026-09-19,TEAM,Team Plan,299848,0.291,200,762,100.0312,false,
2026-09-19,ENTERPRISE,Enterprise Programme,135007,0.388,424,1417,99.9659,false,
2026-09-19,CLASSROOM,Classroom Seat-Days,5487,0.296,406,1159,99.9697,false,
2026-09-19,VOUCHER,Certification Vouchers,4714,0.362,441,1372,99.9996,false,
2026-09-19,IMPL,Implementation Services,5384,0.041,488,1449,99.9976,false,
2026-09-20,PRO,Academy Pro,201089,0.336,211,599,99.9919,false,
2026-09-20,TEAM,Team Plan,242836,0.343,190,294,99.9725,false,
2026-09-20,ENTERPRISE,Enterprise Programme,138684,0.328,388,1626,99.9612,false,
2026-09-20,CLASSROOM,Classroom Seat-Days,6516,0.096,462,1344,99.998,false,
2026-09-20,VOUCHER,Certification Vouchers,6355,0.219,373,1358,99.9949,false,
2026-09-20,IMPL,Implementation Services,6975,0.338,416,1408,99.9615,false,
2026-09-21,PRO,Academy Pro,215284,0.59,201,563,99.9759,false,
2026-09-21,TEAM,Team Plan,269639,0.298,199,780,99.9946,false,
2026-09-21,ENTERPRISE,Enterprise Programme,124457,0.656,417,1391,99.9628,false,
2026-09-21,CLASSROOM,Classroom Seat-Days,5353,0.419,397,1518,100.0092,false,
2026-09-21,VOUCHER,Certification Vouchers,4803,0.318,433,1504,99.9654,false,
2026-09-21,IMPL,Implementation Services,5631,0.522,463,1542,99.9913,false,
2026-09-22,PRO,Academy Pro,135609,0.257,200,553,99.9708,false,
2026-09-22,TEAM,Team Plan,278752,0.294,168,662,99.9817,false,
2026-09-22,ENTERPRISE,Enterprise Programme,129865,0.192,433,1445,99.9407,false,
2026-09-22,CLASSROOM,Classroom Seat-Days,5693,0.097,408,1327,100.0139,false,
2026-09-22,VOUCHER,Certification Vouchers,4755,0.081,421,1293,100.009,false,
2026-09-22,IMPL,Implementation Services,7375,0.3,338,1619,99.9955,false,
2026-09-23,PRO,Academy Pro,197648,0.347,190,732,99.9653,false,
2026-09-23,TEAM,Team Plan,289186,0.318,146,753,99.9665,false,
2026-09-23,ENTERPRISE,Enterprise Programme,132299,0.548,428,1490,99.992,false,
2026-09-23,CLASSROOM,Classroom Seat-Days,5723,0.258,418,1230,99.9591,false,
2026-09-23,VOUCHER,Certification Vouchers,6106,0.141,387,1242,100.0146,false,
2026-09-23,IMPL,Implementation Services,6083,0.437,372,1336,99.9981,false,
2026-09-24,PRO,Academy Pro,165126,0.194,206,666,99.9949,false,
2026-09-24,TEAM,Team Plan,236597,0.344,154,723,99.9504,false,
2026-09-24,ENTERPRISE,Enterprise Programme,135984,0.398,400,1412,99.981,false,
2026-09-24,CLASSROOM,Classroom Seat-Days,7440,0.303,403,1238,99.971,false,
2026-09-24,VOUCHER,Certification Vouchers,5900,0.295,447,1291,99.9708,false,
2026-09-24,IMPL,Implementation Services,6285,0.423,435,1579,99.9423,false,
2026-09-25,PRO,Academy Pro,200277,0.303,157,423,99.9878,false,
2026-09-25,TEAM,Team Plan,270237,0.074,226,743,99.9745,false,
2026-09-25,ENTERPRISE,Enterprise Programme,116913,0.127,449,1311,99.9808,false,
2026-09-25,CLASSROOM,Classroom Seat-Days,6539,0.122,432,1403,99.9726,false,
2026-09-25,VOUCHER,Certification Vouchers,5756,0.232,412,1442,99.9744,false,
2026-09-25,IMPL,Implementation Services,5032,0.442,428,1234,99.9679,false,
2026-09-26,PRO,Academy Pro,199415,0.145,186,387,100.0147,false,
2026-09-26,TEAM,Team Plan,271223,0.16,149,577,100.0066,false,
2026-09-26,ENTERPRISE,Enterprise Programme,111673,0.089,421,1291,99.993,false,
2026-09-26,CLASSROOM,Classroom Seat-Days,5900,0.15,359,1489,100.0113,false,
2026-09-26,VOUCHER,Certification Vouchers,6415,0.211,384,1340,99.9926,false,
2026-09-26,IMPL,Implementation Services,6601,0.281,421,1117,100.0115,false,
2026-09-27,PRO,Academy Pro,189330,0.208,180,675,99.9666,false,
2026-09-27,TEAM,Team Plan,216630,0.268,206,743,99.9865,false,
2026-09-27,ENTERPRISE,Enterprise Programme,90907,0.334,338,1333,99.9689,false,
2026-09-27,CLASSROOM,Classroom Seat-Days,5775,0.228,380,1269,99.9773,false,
2026-09-27,VOUCHER,Certification Vouchers,7012,0.148,433,1590,99.9872,false,
2026-09-27,IMPL,Implementation Services,5690,0.406,455,1279,99.9686,false,
2026-09-28,PRO,Academy Pro,148496,0.127,135,655,99.9942,false,
2026-09-28,TEAM,Team Plan,368689,0.355,146,768,99.9947,false,
2026-09-28,ENTERPRISE,Enterprise Programme,141070,0.309,442,1336,99.9984,false,
2026-09-28,CLASSROOM,Classroom Seat-Days,7395,0.121,415,1431,100.0288,false,
2026-09-28,VOUCHER,Certification Vouchers,6924,0.23,358,1376,99.9822,false,
2026-09-28,IMPL,Implementation Services,4186,0.355,390,1315,99.9883,false,
2026-09-29,PRO,Academy Pro,168499,0.396,221,835,100.0025,false,
2026-09-29,TEAM,Team Plan,247229,0.426,169,670,99.9862,false,
2026-09-29,ENTERPRISE,Enterprise Programme,89006,0.324,371,1387,99.9761,false,
2026-09-29,CLASSROOM,Classroom Seat-Days,6040,0.344,410,1575,99.9524,false,
2026-09-29,VOUCHER,Certification Vouchers,6236,0.243,458,1124,99.9984,false,
2026-09-29,IMPL,Implementation Services,5321,0.319,416,1404,99.9772,false,
2026-09-30,PRO,Academy Pro,233206,0.069,164,564,99.9739,false,
2026-09-30,TEAM,Team Plan,234261,0.584,171,753,99.9868,false,
2026-09-30,ENTERPRISE,Enterprise Programme,117394,0.118,414,1272,99.9733,false,
2026-09-30,CLASSROOM,Classroom Seat-Days,4950,0.16,445,1470,99.9757,false,
2026-09-30,VOUCHER,Certification Vouchers,7480,0.418,423,1416,100.0135,false,
2026-09-30,IMPL,Implementation Services,6380,0.314,399,1434,99.9564,false,
