WeekOf,Keyword,Cluster,Intent,LandingPage,Position,SearchVolume,Impressions,Clicks,CTR,InAIOverview,Country
2025-04-01,crm analytics course,CRMA Training,Commercial,/curriculum,31,14990,1188,4,0.003,false,India
2025-04-08,crm analytics course,CRMA Training,Commercial,/curriculum,30,14990,1321,4,0.003,false,India
2025-04-15,crm analytics course,CRMA Training,Commercial,/curriculum,30,14990,1132,3,0.003,true,Germany
2025-04-22,crm analytics course,CRMA Training,Commercial,/curriculum,31,14990,1429,4,0.003,true,India
2025-04-29,crm analytics course,CRMA Training,Commercial,/curriculum,31,14990,1330,4,0.003,false,India
2025-05-06,crm analytics course,CRMA Training,Commercial,/curriculum,31,14990,1337,4,0.003,false,Australia
2025-05-13,crm analytics course,CRMA Training,Commercial,/curriculum,32,14990,1187,4,0.003,false,Germany
2025-05-20,crm analytics course,CRMA Training,Commercial,/curriculum,33,14990,1395,4,0.003,false,United States
2025-05-27,crm analytics course,CRMA Training,Commercial,/curriculum,33,14990,1331,4,0.003,false,Australia
2025-06-03,crm analytics course,CRMA Training,Commercial,/curriculum,34,14990,1197,4,0.003,false,India
2025-06-10,crm analytics course,CRMA Training,Commercial,/curriculum,35,14990,1363,4,0.003,false,United Kingdom
2025-06-17,crm analytics course,CRMA Training,Commercial,/curriculum,38,14990,1605,5,0.003,true,United States
2025-06-24,crm analytics course,CRMA Training,Commercial,/curriculum,36,14990,1386,4,0.003,true,United States
2025-07-01,crm analytics course,CRMA Training,Commercial,/curriculum,37,14990,1545,5,0.003,false,United States
2025-07-08,crm analytics course,CRMA Training,Commercial,/curriculum,35,14990,1247,4,0.003,false,United States
2025-07-15,crm analytics course,CRMA Training,Commercial,/curriculum,34,14990,1156,3,0.003,false,United Kingdom
2025-07-22,crm analytics course,CRMA Training,Commercial,/curriculum,34,14990,1127,3,0.003,true,India
2025-07-29,crm analytics course,CRMA Training,Commercial,/curriculum,35,14990,1491,4,0.003,true,Australia
2025-08-05,crm analytics course,CRMA Training,Commercial,/curriculum,38,14990,1218,4,0.003,false,United States
2025-08-12,crm analytics course,CRMA Training,Commercial,/curriculum,36,14990,1152,3,0.003,false,Germany
2025-08-19,crm analytics course,CRMA Training,Commercial,/curriculum,38,14990,1572,5,0.003,false,United Kingdom
2025-08-26,crm analytics course,CRMA Training,Commercial,/curriculum,38,14990,1538,5,0.003,true,Australia
2025-09-02,crm analytics course,CRMA Training,Commercial,/curriculum,40,14990,1464,4,0.003,false,United Kingdom
2025-09-09,crm analytics course,CRMA Training,Commercial,/curriculum,42,14990,1562,5,0.003,false,United Kingdom
2025-09-16,crm analytics course,CRMA Training,Commercial,/curriculum,45,14990,1609,5,0.003,false,Australia
2025-09-23,crm analytics course,CRMA Training,Commercial,/curriculum,47,14990,1238,4,0.003,false,India
2025-09-30,crm analytics course,CRMA Training,Commercial,/curriculum,48,14990,1166,3,0.003,false,Germany
2025-10-07,crm analytics course,CRMA Training,Commercial,/curriculum,51,14990,1153,3,0.003,false,United Kingdom
2025-10-14,crm analytics course,CRMA Training,Commercial,/curriculum,51,14990,1553,5,0.003,false,India
2025-10-21,crm analytics course,CRMA Training,Commercial,/curriculum,48,14990,1582,5,0.003,true,Australia
2025-10-28,crm analytics course,CRMA Training,Commercial,/curriculum,50,14990,1270,4,0.003,false,United Kingdom
2025-11-04,crm analytics course,CRMA Training,Commercial,/curriculum,50,14990,1541,5,0.003,true,United States
2025-11-11,crm analytics course,CRMA Training,Commercial,/curriculum,54,14990,1185,4,0.003,false,Australia
2025-11-18,crm analytics course,CRMA Training,Commercial,/curriculum,54,14990,1550,5,0.003,false,United Kingdom
2025-11-25,crm analytics course,CRMA Training,Commercial,/curriculum,54,14990,1192,4,0.003,true,Australia
2025-12-02,crm analytics course,CRMA Training,Commercial,/curriculum,55,14990,1180,4,0.003,false,United States
2025-12-09,crm analytics course,CRMA Training,Commercial,/curriculum,54,14990,1454,4,0.003,false,United Kingdom
2025-12-16,crm analytics course,CRMA Training,Commercial,/curriculum,53,14990,1356,4,0.003,false,Australia
2025-12-23,crm analytics course,CRMA Training,Commercial,/curriculum,52,14990,1616,5,0.003,false,India
2025-12-30,crm analytics course,CRMA Training,Commercial,/curriculum,52,14990,1231,4,0.003,true,Germany
2026-01-06,crm analytics course,CRMA Training,Commercial,/curriculum,51,14990,1144,3,0.003,true,Germany
2026-01-13,crm analytics course,CRMA Training,Commercial,/curriculum,54,14990,1522,5,0.003,false,United Kingdom
2026-01-20,crm analytics course,CRMA Training,Commercial,/curriculum,56,14990,1490,4,0.003,false,Germany
2026-01-27,crm analytics course,CRMA Training,Commercial,/curriculum,56,14990,1450,4,0.003,false,Australia
2026-02-03,crm analytics course,CRMA Training,Commercial,/curriculum,54,14990,1289,4,0.003,false,United States
2026-02-10,crm analytics course,CRMA Training,Commercial,/curriculum,51,14990,1330,4,0.003,false,United Kingdom
2026-02-17,crm analytics course,CRMA Training,Commercial,/curriculum,49,14990,1344,4,0.003,false,India
2026-02-24,crm analytics course,CRMA Training,Commercial,/curriculum,50,14990,1357,4,0.003,true,India
2026-03-03,crm analytics course,CRMA Training,Commercial,/curriculum,50,14990,1082,3,0.003,false,United States
2026-03-10,crm analytics course,CRMA Training,Commercial,/curriculum,51,14990,1518,5,0.003,true,United Kingdom
2026-03-17,crm analytics course,CRMA Training,Commercial,/curriculum,51,14990,1372,4,0.003,false,Germany
2026-03-24,crm analytics course,CRMA Training,Commercial,/curriculum,49,14990,1446,4,0.003,true,Germany
2026-03-31,crm analytics course,CRMA Training,Commercial,/curriculum,52,14990,1296,4,0.003,false,India
2026-04-07,crm analytics course,CRMA Training,Commercial,/curriculum,52,14990,1404,4,0.003,false,Germany
2026-04-14,crm analytics course,CRMA Training,Commercial,/curriculum,52,14990,1421,4,0.003,false,India
2026-04-21,crm analytics course,CRMA Training,Commercial,/curriculum,51,14990,1445,4,0.003,false,United States
2026-04-28,crm analytics course,CRMA Training,Commercial,/curriculum,51,14990,1606,5,0.003,false,Germany
2026-05-05,crm analytics course,CRMA Training,Commercial,/curriculum,54,14990,1603,5,0.003,false,United States
2026-05-12,crm analytics course,CRMA Training,Commercial,/curriculum,55,14990,1177,4,0.003,true,Germany
2026-05-19,crm analytics course,CRMA Training,Commercial,/curriculum,56,14990,1109,3,0.003,false,United States
2026-05-26,crm analytics course,CRMA Training,Commercial,/curriculum,53,14990,1494,4,0.003,false,Australia
2026-06-02,crm analytics course,CRMA Training,Commercial,/curriculum,52,14990,1090,3,0.003,false,India
2026-06-09,crm analytics course,CRMA Training,Commercial,/curriculum,51,14990,1541,5,0.003,true,United States
2026-06-16,crm analytics course,CRMA Training,Commercial,/curriculum,49,14990,1359,4,0.003,false,Germany
2026-06-23,crm analytics course,CRMA Training,Commercial,/curriculum,49,14990,1167,4,0.003,false,United Kingdom
2026-06-30,crm analytics course,CRMA Training,Commercial,/curriculum,49,14990,1535,5,0.003,false,Germany
2026-07-07,crm analytics course,CRMA Training,Commercial,/curriculum,49,14990,1133,3,0.003,false,Australia
2026-07-14,crm analytics course,CRMA Training,Commercial,/curriculum,52,14990,1080,3,0.003,false,Australia
2026-07-21,crm analytics course,CRMA Training,Commercial,/curriculum,52,14990,1521,5,0.003,false,United States
2026-07-28,crm analytics course,CRMA Training,Commercial,/curriculum,52,14990,1146,3,0.003,false,United Kingdom
2026-08-04,crm analytics course,CRMA Training,Commercial,/curriculum,51,14990,1131,3,0.003,false,India
2026-08-11,crm analytics course,CRMA Training,Commercial,/curriculum,48,14990,1416,4,0.003,false,Germany
2026-08-18,crm analytics course,CRMA Training,Commercial,/curriculum,49,14990,1383,4,0.003,false,Australia
2026-08-25,crm analytics course,CRMA Training,Commercial,/curriculum,50,14990,1466,4,0.003,false,United Kingdom
2026-09-01,crm analytics course,CRMA Training,Commercial,/curriculum,49,14990,1180,4,0.003,false,Germany
2026-09-08,crm analytics course,CRMA Training,Commercial,/curriculum,52,14990,1507,5,0.003,true,Germany
2026-09-15,crm analytics course,CRMA Training,Commercial,/curriculum,50,14990,1529,5,0.003,false,Germany
2026-09-22,crm analytics course,CRMA Training,Commercial,/curriculum,51,14990,1206,4,0.003,false,United Kingdom
2026-09-29,crm analytics course,CRMA Training,Commercial,/curriculum,52,14990,1115,3,0.003,true,India
2025-04-01,crm analytics training online,CRMA Training,Commercial,/curriculum,33,18116,1472,4,0.003,true,United Kingdom
2025-04-08,crm analytics training online,CRMA Training,Commercial,/curriculum,34,18116,1870,6,0.003,true,United Kingdom
2025-04-15,crm analytics training online,CRMA Training,Commercial,/curriculum,35,18116,1742,5,0.003,false,India
2025-04-22,crm analytics training online,CRMA Training,Commercial,/curriculum,34,18116,1672,5,0.003,false,United States
2025-04-29,crm analytics training online,CRMA Training,Commercial,/curriculum,32,18116,1436,4,0.003,false,India
2025-05-06,crm analytics training online,CRMA Training,Commercial,/curriculum,31,18116,1454,4,0.003,false,Germany
2025-05-13,crm analytics training online,CRMA Training,Commercial,/curriculum,30,18116,1818,5,0.003,false,Germany
2025-05-20,crm analytics training online,CRMA Training,Commercial,/curriculum,29,18116,1795,5,0.003,true,United States
2025-05-27,crm analytics training online,CRMA Training,Commercial,/curriculum,28,18116,1385,4,0.003,false,Germany
2025-06-03,crm analytics training online,CRMA Training,Commercial,/curriculum,24,18116,1785,5,0.003,true,India
2025-06-10,crm analytics training online,CRMA Training,Commercial,/curriculum,28,18116,1468,4,0.003,false,United States
2025-06-17,crm analytics training online,CRMA Training,Commercial,/curriculum,30,18116,1906,6,0.003,false,United Kingdom
2025-06-24,crm analytics training online,CRMA Training,Commercial,/curriculum,32,18116,1735,5,0.003,false,United Kingdom
2025-07-01,crm analytics training online,CRMA Training,Commercial,/curriculum,31,18116,1697,5,0.003,false,Germany
2025-07-08,crm analytics training online,CRMA Training,Commercial,/curriculum,33,18116,1850,6,0.003,false,India
2025-07-15,crm analytics training online,CRMA Training,Commercial,/curriculum,30,18116,1362,4,0.003,false,United States
2025-07-22,crm analytics training online,CRMA Training,Commercial,/curriculum,29,18116,1485,4,0.003,false,United States
2025-07-29,crm analytics training online,CRMA Training,Commercial,/curriculum,31,18116,1879,6,0.003,false,United States
2025-08-05,crm analytics training online,CRMA Training,Commercial,/curriculum,31,18116,1430,4,0.003,false,United Kingdom
2025-08-12,crm analytics training online,CRMA Training,Commercial,/curriculum,31,18116,1341,4,0.003,false,United States
2025-08-19,crm analytics training online,CRMA Training,Commercial,/curriculum,29,18116,1352,4,0.003,false,Australia
2025-08-26,crm analytics training online,CRMA Training,Commercial,/curriculum,28,18116,1673,5,0.003,false,Australia
2025-09-02,crm analytics training online,CRMA Training,Commercial,/curriculum,31,18116,1546,5,0.003,false,United Kingdom
2025-09-09,crm analytics training online,CRMA Training,Commercial,/curriculum,28,18116,1850,6,0.003,false,Germany
2025-09-16,crm analytics training online,CRMA Training,Commercial,/curriculum,29,18116,1644,5,0.003,false,India
2025-09-23,crm analytics training online,CRMA Training,Commercial,/curriculum,30,18116,1612,5,0.003,false,United Kingdom
2025-09-30,crm analytics training online,CRMA Training,Commercial,/curriculum,29,18116,1381,4,0.003,false,United Kingdom
2025-10-07,crm analytics training online,CRMA Training,Commercial,/curriculum,30,18116,1940,6,0.003,false,United States
2025-10-14,crm analytics training online,CRMA Training,Commercial,/curriculum,30,18116,1761,5,0.003,false,India
2025-10-21,crm analytics training online,CRMA Training,Commercial,/curriculum,30,18116,1928,6,0.003,true,United States
2025-10-28,crm analytics training online,CRMA Training,Commercial,/curriculum,31,18116,1774,5,0.003,true,United Kingdom
2025-11-04,crm analytics training online,CRMA Training,Commercial,/curriculum,30,18116,1590,5,0.003,false,India
2025-11-11,crm analytics training online,CRMA Training,Commercial,/curriculum,31,18116,1793,5,0.003,false,Germany
2025-11-18,crm analytics training online,CRMA Training,Commercial,/curriculum,32,18116,1876,6,0.003,false,Germany
2025-11-25,crm analytics training online,CRMA Training,Commercial,/curriculum,32,18116,1805,5,0.003,false,United States
2025-12-02,crm analytics training online,CRMA Training,Commercial,/curriculum,34,18116,1434,4,0.003,false,Australia
2025-12-09,crm analytics training online,CRMA Training,Commercial,/curriculum,34,18116,1430,4,0.003,false,Australia
2025-12-16,crm analytics training online,CRMA Training,Commercial,/curriculum,34,18116,1878,6,0.003,false,India
2025-12-23,crm analytics training online,CRMA Training,Commercial,/curriculum,34,18116,1757,5,0.003,false,United States
2025-12-30,crm analytics training online,CRMA Training,Commercial,/curriculum,35,18116,1571,5,0.003,false,United Kingdom
2026-01-06,crm analytics training online,CRMA Training,Commercial,/curriculum,32,18116,1775,5,0.003,false,Australia
2026-01-13,crm analytics training online,CRMA Training,Commercial,/curriculum,34,18116,1658,5,0.003,true,Germany
2026-01-20,crm analytics training online,CRMA Training,Commercial,/curriculum,32,18116,1823,5,0.003,true,United Kingdom
2026-01-27,crm analytics training online,CRMA Training,Commercial,/curriculum,34,18116,1835,6,0.003,false,United States
2026-02-03,crm analytics training online,CRMA Training,Commercial,/curriculum,35,18116,1662,5,0.003,false,Germany
2026-02-10,crm analytics training online,CRMA Training,Commercial,/curriculum,35,18116,1408,4,0.003,false,United States
2026-02-17,crm analytics training online,CRMA Training,Commercial,/curriculum,35,18116,1819,5,0.003,false,United States
2026-02-24,crm analytics training online,CRMA Training,Commercial,/curriculum,34,18116,1354,4,0.003,true,Germany
2026-03-03,crm analytics training online,CRMA Training,Commercial,/curriculum,35,18116,1494,4,0.003,false,India
2026-03-10,crm analytics training online,CRMA Training,Commercial,/curriculum,34,18116,1797,5,0.003,false,Germany
2026-03-17,crm analytics training online,CRMA Training,Commercial,/curriculum,34,18116,1737,5,0.003,true,United Kingdom
2026-03-24,crm analytics training online,CRMA Training,Commercial,/curriculum,34,18116,1838,6,0.003,false,United Kingdom
2026-03-31,crm analytics training online,CRMA Training,Commercial,/curriculum,36,18116,1438,4,0.003,false,Australia
2026-04-07,crm analytics training online,CRMA Training,Commercial,/curriculum,31,18116,1380,4,0.003,false,United States
2026-04-14,crm analytics training online,CRMA Training,Commercial,/curriculum,29,18116,1445,4,0.003,false,Australia
2026-04-21,crm analytics training online,CRMA Training,Commercial,/curriculum,28,18116,1758,5,0.003,false,United States
2026-04-28,crm analytics training online,CRMA Training,Commercial,/curriculum,28,18116,1829,5,0.003,false,United States
2026-05-05,crm analytics training online,CRMA Training,Commercial,/curriculum,26,18116,1794,5,0.003,false,Australia
2026-05-12,crm analytics training online,CRMA Training,Commercial,/curriculum,25,18116,1581,5,0.003,false,United Kingdom
2026-05-19,crm analytics training online,CRMA Training,Commercial,/curriculum,25,18116,1453,4,0.003,false,India
2026-05-26,crm analytics training online,CRMA Training,Commercial,/curriculum,25,18116,1341,4,0.003,true,India
2026-06-02,crm analytics training online,CRMA Training,Commercial,/curriculum,25,18116,1924,6,0.003,false,Germany
2026-06-09,crm analytics training online,CRMA Training,Commercial,/curriculum,24,18116,1681,5,0.003,false,Australia
2026-06-16,crm analytics training online,CRMA Training,Commercial,/curriculum,24,18116,1387,4,0.003,false,India
2026-06-23,crm analytics training online,CRMA Training,Commercial,/curriculum,24,18116,1878,6,0.003,false,India
2026-06-30,crm analytics training online,CRMA Training,Commercial,/curriculum,23,18116,1952,6,0.003,false,United States
2026-07-07,crm analytics training online,CRMA Training,Commercial,/curriculum,21,18116,1581,5,0.003,false,India
2026-07-14,crm analytics training online,CRMA Training,Commercial,/curriculum,21,18116,1643,5,0.003,true,Germany
2026-07-21,crm analytics training online,CRMA Training,Commercial,/curriculum,20,18116,5915,65,0.011,false,India
2026-07-28,crm analytics training online,CRMA Training,Commercial,/curriculum,22,18116,1823,5,0.003,false,India
2026-08-04,crm analytics training online,CRMA Training,Commercial,/curriculum,21,18116,1749,5,0.003,false,India
2026-08-11,crm analytics training online,CRMA Training,Commercial,/curriculum,21,18116,1777,5,0.003,false,India
2026-08-18,crm analytics training online,CRMA Training,Commercial,/curriculum,21,18116,1720,5,0.003,true,Australia
2026-08-25,crm analytics training online,CRMA Training,Commercial,/curriculum,21,18116,1623,5,0.003,false,United Kingdom
2026-09-01,crm analytics training online,CRMA Training,Commercial,/curriculum,22,18116,1601,5,0.003,false,Australia
2026-09-08,crm analytics training online,CRMA Training,Commercial,/curriculum,23,18116,1829,5,0.003,false,Germany
2026-09-15,crm analytics training online,CRMA Training,Commercial,/curriculum,24,18116,1472,4,0.003,false,Germany
2026-09-22,crm analytics training online,CRMA Training,Commercial,/curriculum,26,18116,1602,5,0.003,true,Australia
2026-09-29,crm analytics training online,CRMA Training,Commercial,/curriculum,25,18116,1729,5,0.003,false,India
2025-04-01,tableau crm course,CRMA Training,Commercial,/curriculum,15,15124,3882,43,0.011,false,Germany
2025-04-08,tableau crm course,CRMA Training,Commercial,/curriculum,15,15124,4856,53,0.011,false,Australia
2025-04-15,tableau crm course,CRMA Training,Commercial,/curriculum,17,15124,4029,44,0.011,false,Germany
2025-04-22,tableau crm course,CRMA Training,Commercial,/curriculum,18,15124,4414,49,0.011,false,United States
2025-04-29,tableau crm course,CRMA Training,Commercial,/curriculum,18,15124,4130,45,0.011,false,India
2025-05-06,tableau crm course,CRMA Training,Commercial,/curriculum,19,15124,5062,56,0.011,true,United Kingdom
2025-05-13,tableau crm course,CRMA Training,Commercial,/curriculum,18,15124,3975,44,0.011,false,India
2025-05-20,tableau crm course,CRMA Training,Commercial,/curriculum,16,15124,4289,47,0.011,false,United Kingdom
2025-05-27,tableau crm course,CRMA Training,Commercial,/curriculum,14,15124,3796,42,0.011,false,Australia
2025-06-03,tableau crm course,CRMA Training,Commercial,/curriculum,14,15124,4478,49,0.011,false,Germany
2025-06-10,tableau crm course,CRMA Training,Commercial,/curriculum,15,15124,4941,54,0.011,false,India
2025-06-17,tableau crm course,CRMA Training,Commercial,/curriculum,14,15124,4427,49,0.011,true,United Kingdom
2025-06-24,tableau crm course,CRMA Training,Commercial,/curriculum,14,15124,4232,47,0.011,false,India
2025-07-01,tableau crm course,CRMA Training,Commercial,/curriculum,12,15124,4463,49,0.011,false,United Kingdom
2025-07-08,tableau crm course,CRMA Training,Commercial,/curriculum,11,15124,3679,40,0.011,false,United Kingdom
2025-07-15,tableau crm course,CRMA Training,Commercial,/curriculum,11,15124,4692,52,0.011,true,Australia
2025-07-22,tableau crm course,CRMA Training,Commercial,/curriculum,10,15124,9435,292,0.031,false,India
2025-07-29,tableau crm course,CRMA Training,Commercial,/curriculum,13,15124,4158,46,0.011,false,Germany
2025-08-05,tableau crm course,CRMA Training,Commercial,/curriculum,13,15124,3863,42,0.011,false,India
2025-08-12,tableau crm course,CRMA Training,Commercial,/curriculum,14,15124,3895,43,0.011,false,Germany
2025-08-19,tableau crm course,CRMA Training,Commercial,/curriculum,14,15124,3990,44,0.011,false,United Kingdom
2025-08-26,tableau crm course,CRMA Training,Commercial,/curriculum,14,15124,4113,45,0.011,false,United States
2025-09-02,tableau crm course,CRMA Training,Commercial,/curriculum,14,15124,4497,49,0.011,true,Australia
2025-09-09,tableau crm course,CRMA Training,Commercial,/curriculum,15,15124,3796,42,0.011,false,United States
2025-09-16,tableau crm course,CRMA Training,Commercial,/curriculum,17,15124,4231,47,0.011,false,Australia
2025-09-23,tableau crm course,CRMA Training,Commercial,/curriculum,18,15124,3570,39,0.011,false,United Kingdom
2025-09-30,tableau crm course,CRMA Training,Commercial,/curriculum,18,15124,3621,40,0.011,true,India
2025-10-07,tableau crm course,CRMA Training,Commercial,/curriculum,17,15124,4510,50,0.011,false,Australia
2025-10-14,tableau crm course,CRMA Training,Commercial,/curriculum,19,15124,4815,53,0.011,true,India
2025-10-21,tableau crm course,CRMA Training,Commercial,/curriculum,20,15124,3552,39,0.011,false,Germany
2025-10-28,tableau crm course,CRMA Training,Commercial,/curriculum,20,15124,4723,52,0.011,false,United Kingdom
2025-11-04,tableau crm course,CRMA Training,Commercial,/curriculum,19,15124,4554,50,0.011,false,India
2025-11-11,tableau crm course,CRMA Training,Commercial,/curriculum,19,15124,3676,40,0.011,false,Australia
2025-11-18,tableau crm course,CRMA Training,Commercial,/curriculum,17,15124,3524,39,0.011,true,India
2025-11-25,tableau crm course,CRMA Training,Commercial,/curriculum,17,15124,3458,38,0.011,false,India
2025-12-02,tableau crm course,CRMA Training,Commercial,/curriculum,19,15124,3695,41,0.011,false,United States
2025-12-09,tableau crm course,CRMA Training,Commercial,/curriculum,19,15124,3593,40,0.011,false,Germany
2025-12-16,tableau crm course,CRMA Training,Commercial,/curriculum,16,15124,4257,47,0.011,false,United States
2025-12-23,tableau crm course,CRMA Training,Commercial,/curriculum,16,15124,4989,55,0.011,false,United Kingdom
2025-12-30,tableau crm course,CRMA Training,Commercial,/curriculum,15,15124,3773,42,0.011,false,India
2026-01-06,tableau crm course,CRMA Training,Commercial,/curriculum,15,15124,4031,44,0.011,false,United States
2026-01-13,tableau crm course,CRMA Training,Commercial,/curriculum,14,15124,3538,39,0.011,false,Germany
2026-01-20,tableau crm course,CRMA Training,Commercial,/curriculum,12,15124,4843,53,0.011,false,Germany
2026-01-27,tableau crm course,CRMA Training,Commercial,/curriculum,11,15124,4293,47,0.011,false,Australia
2026-02-03,tableau crm course,CRMA Training,Commercial,/curriculum,13,15124,3755,41,0.011,false,India
2026-02-10,tableau crm course,CRMA Training,Commercial,/curriculum,11,15124,3934,43,0.011,false,Australia
2026-02-17,tableau crm course,CRMA Training,Commercial,/curriculum,9,15124,10285,319,0.031,false,United Kingdom
2026-02-24,tableau crm course,CRMA Training,Commercial,/curriculum,11,15124,3408,37,0.011,false,Australia
2026-03-03,tableau crm course,CRMA Training,Commercial,/curriculum,11,15124,4042,44,0.011,false,United States
2026-03-10,tableau crm course,CRMA Training,Commercial,/curriculum,14,15124,3614,40,0.011,false,India
2026-03-17,tableau crm course,CRMA Training,Commercial,/curriculum,14,15124,3900,43,0.011,false,India
2026-03-24,tableau crm course,CRMA Training,Commercial,/curriculum,15,15124,3572,39,0.011,false,Germany
2026-03-31,tableau crm course,CRMA Training,Commercial,/curriculum,17,15124,4172,46,0.011,true,United States
2026-04-07,tableau crm course,CRMA Training,Commercial,/curriculum,19,15124,4039,44,0.011,false,India
2026-04-14,tableau crm course,CRMA Training,Commercial,/curriculum,22,15124,1606,5,0.003,false,Germany
2026-04-21,tableau crm course,CRMA Training,Commercial,/curriculum,21,15124,1566,5,0.003,false,United Kingdom
2026-04-28,tableau crm course,CRMA Training,Commercial,/curriculum,20,15124,4062,45,0.011,false,Germany
2026-05-05,tableau crm course,CRMA Training,Commercial,/curriculum,20,15124,4992,55,0.011,false,India
2026-05-12,tableau crm course,CRMA Training,Commercial,/curriculum,20,15124,4326,48,0.011,false,India
2026-05-19,tableau crm course,CRMA Training,Commercial,/curriculum,21,15124,1264,4,0.003,true,United States
2026-05-26,tableau crm course,CRMA Training,Commercial,/curriculum,22,15124,1581,5,0.003,false,Australia
2026-06-02,tableau crm course,CRMA Training,Commercial,/curriculum,20,15124,4647,51,0.011,false,United Kingdom
2026-06-09,tableau crm course,CRMA Training,Commercial,/curriculum,20,15124,4303,47,0.011,true,Australia
2026-06-16,tableau crm course,CRMA Training,Commercial,/curriculum,16,15124,3500,39,0.011,false,United Kingdom
2026-06-23,tableau crm course,CRMA Training,Commercial,/curriculum,17,15124,4593,51,0.011,false,United Kingdom
2026-06-30,tableau crm course,CRMA Training,Commercial,/curriculum,16,15124,4801,53,0.011,false,United States
2026-07-07,tableau crm course,CRMA Training,Commercial,/curriculum,18,15124,3453,38,0.011,false,Australia
2026-07-14,tableau crm course,CRMA Training,Commercial,/curriculum,19,15124,4514,50,0.011,true,United Kingdom
2026-07-21,tableau crm course,CRMA Training,Commercial,/curriculum,20,15124,3587,39,0.011,false,Australia
2026-07-28,tableau crm course,CRMA Training,Commercial,/curriculum,21,15124,1135,3,0.003,false,United States
2026-08-04,tableau crm course,CRMA Training,Commercial,/curriculum,22,15124,1601,5,0.003,false,United Kingdom
2026-08-11,tableau crm course,CRMA Training,Commercial,/curriculum,24,15124,1126,3,0.003,true,United Kingdom
2026-08-18,tableau crm course,CRMA Training,Commercial,/curriculum,25,15124,1444,4,0.003,false,India
2026-08-25,tableau crm course,CRMA Training,Commercial,/curriculum,24,15124,1483,4,0.003,true,Australia
2026-09-01,tableau crm course,CRMA Training,Commercial,/curriculum,25,15124,1091,3,0.003,false,Australia
2026-09-08,tableau crm course,CRMA Training,Commercial,/curriculum,25,15124,1525,5,0.003,false,India
2026-09-15,tableau crm course,CRMA Training,Commercial,/curriculum,26,15124,1424,4,0.003,true,India
2026-09-22,tableau crm course,CRMA Training,Commercial,/curriculum,28,15124,1561,5,0.003,false,Germany
2026-09-29,tableau crm course,CRMA Training,Commercial,/curriculum,30,15124,1426,4,0.003,false,Australia
2025-04-01,learn crm analytics,CRMA Training,Commercial,/curriculum,19,10299,2791,31,0.011,false,Australia
2025-04-08,learn crm analytics,CRMA Training,Commercial,/curriculum,20,10299,2741,30,0.011,true,Germany
2025-04-15,learn crm analytics,CRMA Training,Commercial,/curriculum,18,10299,2436,27,0.011,false,India
2025-04-22,learn crm analytics,CRMA Training,Commercial,/curriculum,18,10299,2658,29,0.011,false,Australia
2025-04-29,learn crm analytics,CRMA Training,Commercial,/curriculum,18,10299,3059,34,0.011,false,Germany
2025-05-06,learn crm analytics,CRMA Training,Commercial,/curriculum,16,10299,3431,38,0.011,true,United Kingdom
2025-05-13,learn crm analytics,CRMA Training,Commercial,/curriculum,15,10299,2668,29,0.011,false,United Kingdom
2025-05-20,learn crm analytics,CRMA Training,Commercial,/curriculum,15,10299,3120,34,0.011,false,United States
2025-05-27,learn crm analytics,CRMA Training,Commercial,/curriculum,17,10299,2385,26,0.011,false,Germany
2025-06-03,learn crm analytics,CRMA Training,Commercial,/curriculum,15,10299,3275,36,0.011,false,Australia
2025-06-10,learn crm analytics,CRMA Training,Commercial,/curriculum,15,10299,3073,34,0.011,true,United States
2025-06-17,learn crm analytics,CRMA Training,Commercial,/curriculum,16,10299,2341,26,0.011,false,India
2025-06-24,learn crm analytics,CRMA Training,Commercial,/curriculum,18,10299,2999,33,0.011,false,United Kingdom
2025-07-01,learn crm analytics,CRMA Training,Commercial,/curriculum,17,10299,3062,34,0.011,false,Australia
2025-07-08,learn crm analytics,CRMA Training,Commercial,/curriculum,17,10299,3199,35,0.011,false,United Kingdom
2025-07-15,learn crm analytics,CRMA Training,Commercial,/curriculum,15,10299,2525,28,0.011,false,Australia
2025-07-22,learn crm analytics,CRMA Training,Commercial,/curriculum,16,10299,3415,38,0.011,false,United States
2025-07-29,learn crm analytics,CRMA Training,Commercial,/curriculum,17,10299,2490,27,0.011,false,Germany
2025-08-05,learn crm analytics,CRMA Training,Commercial,/curriculum,20,10299,3252,36,0.011,true,Australia
2025-08-12,learn crm analytics,CRMA Training,Commercial,/curriculum,19,10299,3180,35,0.011,false,Australia
2025-08-19,learn crm analytics,CRMA Training,Commercial,/curriculum,20,10299,3188,35,0.011,false,Australia
2025-08-26,learn crm analytics,CRMA Training,Commercial,/curriculum,19,10299,2777,31,0.011,false,India
2025-09-02,learn crm analytics,CRMA Training,Commercial,/curriculum,20,10299,3326,37,0.011,false,Germany
2025-09-09,learn crm analytics,CRMA Training,Commercial,/curriculum,21,10299,1043,3,0.003,false,Germany
2025-09-16,learn crm analytics,CRMA Training,Commercial,/curriculum,20,10299,3253,36,0.011,false,India
2025-09-23,learn crm analytics,CRMA Training,Commercial,/curriculum,19,10299,2927,32,0.011,false,India
2025-09-30,learn crm analytics,CRMA Training,Commercial,/curriculum,20,10299,2678,29,0.011,false,Germany
2025-10-07,learn crm analytics,CRMA Training,Commercial,/curriculum,19,10299,2313,25,0.011,false,Germany
2025-10-14,learn crm analytics,CRMA Training,Commercial,/curriculum,21,10299,858,3,0.003,false,India
2025-10-21,learn crm analytics,CRMA Training,Commercial,/curriculum,20,10299,3161,35,0.011,true,Germany
2025-10-28,learn crm analytics,CRMA Training,Commercial,/curriculum,20,10299,2649,29,0.011,false,Germany
2025-11-04,learn crm analytics,CRMA Training,Commercial,/curriculum,20,10299,2370,26,0.011,false,Australia
2025-11-11,learn crm analytics,CRMA Training,Commercial,/curriculum,18,10299,2718,30,0.011,false,United States
2025-11-18,learn crm analytics,CRMA Training,Commercial,/curriculum,20,10299,2963,33,0.011,false,Germany
2025-11-25,learn crm analytics,CRMA Training,Commercial,/curriculum,20,10299,2574,28,0.011,false,Germany
2025-12-02,learn crm analytics,CRMA Training,Commercial,/curriculum,18,10299,2591,29,0.011,false,Australia
2025-12-09,learn crm analytics,CRMA Training,Commercial,/curriculum,21,10299,1103,3,0.003,false,Australia
2025-12-16,learn crm analytics,CRMA Training,Commercial,/curriculum,20,10299,3093,34,0.011,false,India
2025-12-23,learn crm analytics,CRMA Training,Commercial,/curriculum,22,10299,889,3,0.003,false,Australia
2025-12-30,learn crm analytics,CRMA Training,Commercial,/curriculum,24,10299,940,3,0.003,false,India
2026-01-06,learn crm analytics,CRMA Training,Commercial,/curriculum,22,10299,945,3,0.003,false,United States
2026-01-13,learn crm analytics,CRMA Training,Commercial,/curriculum,21,10299,978,3,0.003,true,Australia
2026-01-20,learn crm analytics,CRMA Training,Commercial,/curriculum,21,10299,756,2,0.003,false,United States
2026-01-27,learn crm analytics,CRMA Training,Commercial,/curriculum,21,10299,1079,3,0.003,false,India
2026-02-03,learn crm analytics,CRMA Training,Commercial,/curriculum,20,10299,2362,26,0.011,false,Germany
2026-02-10,learn crm analytics,CRMA Training,Commercial,/curriculum,22,10299,876,3,0.003,false,United Kingdom
2026-02-17,learn crm analytics,CRMA Training,Commercial,/curriculum,22,10299,931,3,0.003,false,Germany
2026-02-24,learn crm analytics,CRMA Training,Commercial,/curriculum,21,10299,974,3,0.003,false,United Kingdom
2026-03-03,learn crm analytics,CRMA Training,Commercial,/curriculum,22,10299,1002,3,0.003,false,United Kingdom
2026-03-10,learn crm analytics,CRMA Training,Commercial,/curriculum,21,10299,924,3,0.003,false,United Kingdom
2026-03-17,learn crm analytics,CRMA Training,Commercial,/curriculum,25,10299,1094,3,0.003,false,United States
2026-03-24,learn crm analytics,CRMA Training,Commercial,/curriculum,22,10299,940,3,0.003,false,Germany
2026-03-31,learn crm analytics,CRMA Training,Commercial,/curriculum,22,10299,1023,3,0.003,false,Australia
2026-04-07,learn crm analytics,CRMA Training,Commercial,/curriculum,20,10299,3105,34,0.011,false,India
2026-04-14,learn crm analytics,CRMA Training,Commercial,/curriculum,19,10299,3131,34,0.011,false,India
2026-04-21,learn crm analytics,CRMA Training,Commercial,/curriculum,17,10299,3098,34,0.011,false,Australia
2026-04-28,learn crm analytics,CRMA Training,Commercial,/curriculum,19,10299,2812,31,0.011,false,Australia
2026-05-05,learn crm analytics,CRMA Training,Commercial,/curriculum,18,10299,3082,34,0.011,true,India
2026-05-12,learn crm analytics,CRMA Training,Commercial,/curriculum,17,10299,3307,36,0.011,false,India
2026-05-19,learn crm analytics,CRMA Training,Commercial,/curriculum,21,10299,1063,3,0.003,true,United States
2026-05-26,learn crm analytics,CRMA Training,Commercial,/curriculum,20,10299,2624,29,0.011,false,Australia
2026-06-02,learn crm analytics,CRMA Training,Commercial,/curriculum,20,10299,2810,31,0.011,false,United Kingdom
2026-06-09,learn crm analytics,CRMA Training,Commercial,/curriculum,21,10299,916,3,0.003,false,Germany
2026-06-16,learn crm analytics,CRMA Training,Commercial,/curriculum,21,10299,927,3,0.003,true,United Kingdom
2026-06-23,learn crm analytics,CRMA Training,Commercial,/curriculum,19,10299,2617,29,0.011,false,United States
2026-06-30,learn crm analytics,CRMA Training,Commercial,/curriculum,19,10299,3344,37,0.011,false,Germany
2026-07-07,learn crm analytics,CRMA Training,Commercial,/curriculum,18,10299,2906,32,0.011,false,United Kingdom
2026-07-14,learn crm analytics,CRMA Training,Commercial,/curriculum,15,10299,3376,37,0.011,false,Australia
2026-07-21,learn crm analytics,CRMA Training,Commercial,/curriculum,16,10299,3236,36,0.011,false,United Kingdom
2026-07-28,learn crm analytics,CRMA Training,Commercial,/curriculum,16,10299,2838,31,0.011,false,United Kingdom
2026-08-04,learn crm analytics,CRMA Training,Commercial,/curriculum,18,10299,2741,30,0.011,true,India
2026-08-11,learn crm analytics,CRMA Training,Commercial,/curriculum,14,10299,3212,35,0.011,false,United States
2026-08-18,learn crm analytics,CRMA Training,Commercial,/curriculum,11,10299,2763,30,0.011,false,Australia
2026-08-25,learn crm analytics,CRMA Training,Commercial,/curriculum,12,10299,3064,34,0.011,false,United Kingdom
2026-09-01,learn crm analytics,CRMA Training,Commercial,/curriculum,10,10299,6597,205,0.031,true,United Kingdom
2026-09-08,learn crm analytics,CRMA Training,Commercial,/curriculum,11,10299,2906,32,0.011,false,Germany
2026-09-15,learn crm analytics,CRMA Training,Commercial,/curriculum,12,10299,3104,34,0.011,false,United States
2026-09-22,learn crm analytics,CRMA Training,Commercial,/curriculum,14,10299,3456,38,0.011,false,India
2026-09-29,learn crm analytics,CRMA Training,Commercial,/curriculum,12,10299,2662,29,0.011,false,United States
2025-04-01,crm analytics bootcamp,CRMA Training,Commercial,/curriculum,3,8055,5775,866,0.15,false,India
2025-04-08,crm analytics bootcamp,CRMA Training,Commercial,/curriculum,1,8055,5933,1661,0.28,false,Germany
2025-04-15,crm analytics bootcamp,CRMA Training,Commercial,/curriculum,3,8055,5866,880,0.15,false,Australia
2025-04-22,crm analytics bootcamp,CRMA Training,Commercial,/curriculum,4,8055,4448,365,0.082,false,United Kingdom
2025-04-29,crm analytics bootcamp,CRMA Training,Commercial,/curriculum,5,8055,4109,337,0.082,false,India
2025-05-06,crm analytics bootcamp,CRMA Training,Commercial,/curriculum,4,8055,4156,341,0.082,false,United States
2025-05-13,crm analytics bootcamp,CRMA Training,Commercial,/curriculum,5,8055,5221,428,0.082,false,Australia
2025-05-20,crm analytics bootcamp,CRMA Training,Commercial,/curriculum,6,8055,4448,138,0.031,false,Australia
2025-05-27,crm analytics bootcamp,CRMA Training,Commercial,/curriculum,5,8055,4960,407,0.082,true,United Kingdom
2025-06-03,crm analytics bootcamp,CRMA Training,Commercial,/curriculum,6,8055,4209,130,0.031,false,India
2025-06-10,crm analytics bootcamp,CRMA Training,Commercial,/curriculum,6,8055,4144,128,0.031,false,India
2025-06-17,crm analytics bootcamp,CRMA Training,Commercial,/curriculum,7,8055,5638,175,0.031,false,India
2025-06-24,crm analytics bootcamp,CRMA Training,Commercial,/curriculum,7,8055,5378,167,0.031,false,United States
2025-07-01,crm analytics bootcamp,CRMA Training,Commercial,/curriculum,5,8055,5017,411,0.082,false,India
2025-07-08,crm analytics bootcamp,CRMA Training,Commercial,/curriculum,3,8055,4412,662,0.15,false,United Kingdom
2025-07-15,crm analytics bootcamp,CRMA Training,Commercial,/curriculum,1,8055,4884,1368,0.28,false,Australia
2025-07-22,crm analytics bootcamp,CRMA Training,Commercial,/curriculum,4,8055,5523,453,0.082,false,United States
2025-07-29,crm analytics bootcamp,CRMA Training,Commercial,/curriculum,4,8055,4573,375,0.082,false,India
2025-08-05,crm analytics bootcamp,CRMA Training,Commercial,/curriculum,5,8055,5353,439,0.082,false,Germany
2025-08-12,crm analytics bootcamp,CRMA Training,Commercial,/curriculum,6,8055,4585,142,0.031,false,United Kingdom
2025-08-19,crm analytics bootcamp,CRMA Training,Commercial,/curriculum,6,8055,5163,160,0.031,false,India
2025-08-26,crm analytics bootcamp,CRMA Training,Commercial,/curriculum,7,8055,4322,134,0.031,true,Germany
2025-09-02,crm analytics bootcamp,CRMA Training,Commercial,/curriculum,8,8055,5878,182,0.031,false,United States
2025-09-09,crm analytics bootcamp,CRMA Training,Commercial,/curriculum,3,8055,5987,898,0.15,false,Australia
2025-09-16,crm analytics bootcamp,CRMA Training,Commercial,/curriculum,4,8055,5900,484,0.082,false,United Kingdom
2025-09-23,crm analytics bootcamp,CRMA Training,Commercial,/curriculum,6,8055,5462,169,0.031,false,United Kingdom
2025-09-30,crm analytics bootcamp,CRMA Training,Commercial,/curriculum,5,8055,4602,377,0.082,false,India
2025-10-07,crm analytics bootcamp,CRMA Training,Commercial,/curriculum,7,8055,5608,174,0.031,false,India
2025-10-14,crm analytics bootcamp,CRMA Training,Commercial,/curriculum,6,8055,4418,137,0.031,false,United States
2025-10-21,crm analytics bootcamp,CRMA Training,Commercial,/curriculum,4,8055,4766,391,0.082,false,United Kingdom
2025-10-28,crm analytics bootcamp,CRMA Training,Commercial,/curriculum,2,8055,5361,804,0.15,false,Australia
2025-11-04,crm analytics bootcamp,CRMA Training,Commercial,/curriculum,2,8055,5657,849,0.15,false,United Kingdom
2025-11-11,crm analytics bootcamp,CRMA Training,Commercial,/curriculum,4,8055,5972,490,0.082,false,Germany
2025-11-18,crm analytics bootcamp,CRMA Training,Commercial,/curriculum,3,8055,4477,672,0.15,true,India
2025-11-25,crm analytics bootcamp,CRMA Training,Commercial,/curriculum,4,8055,5936,487,0.082,false,United States
2025-12-02,crm analytics bootcamp,CRMA Training,Commercial,/curriculum,3,8055,4492,674,0.15,false,India
2025-12-09,crm analytics bootcamp,CRMA Training,Commercial,/curriculum,4,8055,4813,395,0.082,false,United Kingdom
2025-12-16,crm analytics bootcamp,CRMA Training,Commercial,/curriculum,1,8055,4109,1151,0.28,true,United Kingdom
2025-12-23,crm analytics bootcamp,CRMA Training,Commercial,/curriculum,2,8055,4101,615,0.15,false,United Kingdom
2025-12-30,crm analytics bootcamp,CRMA Training,Commercial,/curriculum,3,8055,4100,615,0.15,false,Australia
2026-01-06,crm analytics bootcamp,CRMA Training,Commercial,/curriculum,4,8055,5975,490,0.082,false,Australia
2026-01-13,crm analytics bootcamp,CRMA Training,Commercial,/curriculum,5,8055,4361,358,0.082,false,Germany
2026-01-20,crm analytics bootcamp,CRMA Training,Commercial,/curriculum,5,8055,4502,369,0.082,false,Australia
2026-01-27,crm analytics bootcamp,CRMA Training,Commercial,/curriculum,5,8055,5404,443,0.082,true,United States
2026-02-03,crm analytics bootcamp,CRMA Training,Commercial,/curriculum,1,8055,5332,1493,0.28,false,Germany
2026-02-10,crm analytics bootcamp,CRMA Training,Commercial,/curriculum,1,8055,5493,1538,0.28,true,Australia
2026-02-17,crm analytics bootcamp,CRMA Training,Commercial,/curriculum,3,8055,5573,836,0.15,false,Australia
2026-02-24,crm analytics bootcamp,CRMA Training,Commercial,/curriculum,2,8055,4560,684,0.15,true,India
2026-03-03,crm analytics bootcamp,CRMA Training,Commercial,/curriculum,4,8055,4328,355,0.082,false,India
2026-03-10,crm analytics bootcamp,CRMA Training,Commercial,/curriculum,3,8055,5268,790,0.15,false,India
2026-03-17,crm analytics bootcamp,CRMA Training,Commercial,/curriculum,4,8055,4557,374,0.082,false,India
2026-03-24,crm analytics bootcamp,CRMA Training,Commercial,/curriculum,6,8055,5484,170,0.031,false,India
2026-03-31,crm analytics bootcamp,CRMA Training,Commercial,/curriculum,3,8055,4004,601,0.15,false,India
2026-04-07,crm analytics bootcamp,CRMA Training,Commercial,/curriculum,4,8055,4764,391,0.082,false,Australia
2026-04-14,crm analytics bootcamp,CRMA Training,Commercial,/curriculum,4,8055,5787,475,0.082,false,Australia
2026-04-21,crm analytics bootcamp,CRMA Training,Commercial,/curriculum,5,8055,5489,450,0.082,false,Australia
2026-04-28,crm analytics bootcamp,CRMA Training,Commercial,/curriculum,2,8055,5072,761,0.15,true,Germany
2026-05-05,crm analytics bootcamp,CRMA Training,Commercial,/curriculum,5,8055,4964,407,0.082,true,Germany
2026-05-12,crm analytics bootcamp,CRMA Training,Commercial,/curriculum,4,8055,5448,447,0.082,false,Germany
2026-05-19,crm analytics bootcamp,CRMA Training,Commercial,/curriculum,6,8055,4915,152,0.031,false,United Kingdom
2026-05-26,crm analytics bootcamp,CRMA Training,Commercial,/curriculum,4,8055,4638,380,0.082,false,Germany
2026-06-02,crm analytics bootcamp,CRMA Training,Commercial,/curriculum,6,8055,4488,139,0.031,false,Germany
2026-06-09,crm analytics bootcamp,CRMA Training,Commercial,/curriculum,4,8055,5256,431,0.082,false,India
2026-06-16,crm analytics bootcamp,CRMA Training,Commercial,/curriculum,7,8055,4751,147,0.031,true,India
2026-06-23,crm analytics bootcamp,CRMA Training,Commercial,/curriculum,8,8055,5371,167,0.031,false,United States
2026-06-30,crm analytics bootcamp,CRMA Training,Commercial,/curriculum,5,8055,5500,451,0.082,true,United Kingdom
2026-07-07,crm analytics bootcamp,CRMA Training,Commercial,/curriculum,2,8055,5744,862,0.15,false,Australia
2026-07-14,crm analytics bootcamp,CRMA Training,Commercial,/curriculum,3,8055,4780,717,0.15,true,United Kingdom
2026-07-21,crm analytics bootcamp,CRMA Training,Commercial,/curriculum,2,8055,4132,620,0.15,false,India
2026-07-28,crm analytics bootcamp,CRMA Training,Commercial,/curriculum,1,8055,5522,1546,0.28,false,Australia
2026-08-04,crm analytics bootcamp,CRMA Training,Commercial,/curriculum,1,8055,5972,1672,0.28,false,United Kingdom
2026-08-11,crm analytics bootcamp,CRMA Training,Commercial,/curriculum,3,8055,5800,870,0.15,false,India
2026-08-18,crm analytics bootcamp,CRMA Training,Commercial,/curriculum,3,8055,4962,744,0.15,false,United Kingdom
2026-08-25,crm analytics bootcamp,CRMA Training,Commercial,/curriculum,2,8055,5616,842,0.15,false,United Kingdom
2026-09-01,crm analytics bootcamp,CRMA Training,Commercial,/curriculum,4,8055,4387,360,0.082,false,Germany
2026-09-08,crm analytics bootcamp,CRMA Training,Commercial,/curriculum,5,8055,5913,485,0.082,true,India
2026-09-15,crm analytics bootcamp,CRMA Training,Commercial,/curriculum,5,8055,4680,384,0.082,false,Germany
2026-09-22,crm analytics bootcamp,CRMA Training,Commercial,/curriculum,4,8055,5914,485,0.082,false,India
2026-09-29,crm analytics bootcamp,CRMA Training,Commercial,/curriculum,5,8055,5147,422,0.082,false,United States
2025-04-01,crm analytics consultant certification,Certification,Transactional,/certification,42,22254,2348,7,0.003,false,India
2025-04-08,crm analytics consultant certification,Certification,Transactional,/certification,42,22254,2046,6,0.003,false,United States
2025-04-15,crm analytics consultant certification,Certification,Transactional,/certification,42,22254,2117,6,0.003,false,United States
2025-04-22,crm analytics consultant certification,Certification,Transactional,/certification,42,22254,1974,6,0.003,false,India
2025-04-29,crm analytics consultant certification,Certification,Transactional,/certification,43,22254,1616,5,0.003,false,Germany
2025-05-06,crm analytics consultant certification,Certification,Transactional,/certification,42,22254,2327,7,0.003,false,United States
2025-05-13,crm analytics consultant certification,Certification,Transactional,/certification,41,22254,1729,5,0.003,true,Germany
2025-05-20,crm analytics consultant certification,Certification,Transactional,/certification,42,22254,2284,7,0.003,true,United Kingdom
2025-05-27,crm analytics consultant certification,Certification,Transactional,/certification,44,22254,2176,7,0.003,false,Germany
2025-06-03,crm analytics consultant certification,Certification,Transactional,/certification,42,22254,2361,7,0.003,false,India
2025-06-10,crm analytics consultant certification,Certification,Transactional,/certification,41,22254,2038,6,0.003,false,India
2025-06-17,crm analytics consultant certification,Certification,Transactional,/certification,41,22254,1913,6,0.003,false,India
2025-06-24,crm analytics consultant certification,Certification,Transactional,/certification,39,22254,2306,7,0.003,false,United Kingdom
2025-07-01,crm analytics consultant certification,Certification,Transactional,/certification,39,22254,2025,6,0.003,false,United States
2025-07-08,crm analytics consultant certification,Certification,Transactional,/certification,39,22254,2099,6,0.003,false,Australia
2025-07-15,crm analytics consultant certification,Certification,Transactional,/certification,38,22254,1661,5,0.003,false,Australia
2025-07-22,crm analytics consultant certification,Certification,Transactional,/certification,38,22254,2061,6,0.003,false,India
2025-07-29,crm analytics consultant certification,Certification,Transactional,/certification,38,22254,2297,7,0.003,false,Germany
2025-08-05,crm analytics consultant certification,Certification,Transactional,/certification,39,22254,2202,7,0.003,false,India
2025-08-12,crm analytics consultant certification,Certification,Transactional,/certification,39,22254,2108,6,0.003,false,India
2025-08-19,crm analytics consultant certification,Certification,Transactional,/certification,40,22254,2080,6,0.003,false,United Kingdom
2025-08-26,crm analytics consultant certification,Certification,Transactional,/certification,38,22254,1922,6,0.003,false,United Kingdom
2025-09-02,crm analytics consultant certification,Certification,Transactional,/certification,39,22254,1810,5,0.003,false,United States
2025-09-09,crm analytics consultant certification,Certification,Transactional,/certification,38,22254,2028,6,0.003,false,United States
2025-09-16,crm analytics consultant certification,Certification,Transactional,/certification,36,22254,2296,7,0.003,true,India
2025-09-23,crm analytics consultant certification,Certification,Transactional,/certification,34,22254,2076,6,0.003,false,Germany
2025-09-30,crm analytics consultant certification,Certification,Transactional,/certification,32,22254,2094,6,0.003,true,United Kingdom
2025-10-07,crm analytics consultant certification,Certification,Transactional,/certification,32,22254,2326,7,0.003,false,Germany
2025-10-14,crm analytics consultant certification,Certification,Transactional,/certification,30,22254,1851,6,0.003,false,United States
2025-10-21,crm analytics consultant certification,Certification,Transactional,/certification,30,22254,2224,7,0.003,false,United States
2025-10-28,crm analytics consultant certification,Certification,Transactional,/certification,30,22254,1760,5,0.003,false,India
2025-11-04,crm analytics consultant certification,Certification,Transactional,/certification,28,22254,1973,6,0.003,false,Germany
2025-11-11,crm analytics consultant certification,Certification,Transactional,/certification,26,22254,2270,7,0.003,false,India
2025-11-18,crm analytics consultant certification,Certification,Transactional,/certification,26,22254,1681,5,0.003,true,Australia
2025-11-25,crm analytics consultant certification,Certification,Transactional,/certification,25,22254,2120,6,0.003,true,Germany
2025-12-02,crm analytics consultant certification,Certification,Transactional,/certification,24,22254,1992,6,0.003,false,United States
2025-12-09,crm analytics consultant certification,Certification,Transactional,/certification,25,22254,2139,6,0.003,false,United Kingdom
2025-12-16,crm analytics consultant certification,Certification,Transactional,/certification,23,22254,1807,5,0.003,false,Australia
2025-12-23,crm analytics consultant certification,Certification,Transactional,/certification,20,22254,7323,81,0.011,false,Germany
2025-12-30,crm analytics consultant certification,Certification,Transactional,/certification,20,22254,6827,75,0.011,false,Australia
2026-01-06,crm analytics consultant certification,Certification,Transactional,/certification,21,22254,1727,5,0.003,false,India
2026-01-13,crm analytics consultant certification,Certification,Transactional,/certification,25,22254,2031,6,0.003,false,United Kingdom
2026-01-20,crm analytics consultant certification,Certification,Transactional,/certification,26,22254,1704,5,0.003,false,India
2026-01-27,crm analytics consultant certification,Certification,Transactional,/certification,25,22254,1713,5,0.003,false,Australia
2026-02-03,crm analytics consultant certification,Certification,Transactional,/certification,22,22254,2148,6,0.003,false,India
2026-02-10,crm analytics consultant certification,Certification,Transactional,/certification,21,22254,2066,6,0.003,false,India
2026-02-17,crm analytics consultant certification,Certification,Transactional,/certification,22,22254,2260,7,0.003,false,United Kingdom
2026-02-24,crm analytics consultant certification,Certification,Transactional,/certification,20,22254,5226,57,0.011,false,United States
2026-03-03,crm analytics consultant certification,Certification,Transactional,/certification,21,22254,2147,6,0.003,false,United Kingdom
2026-03-10,crm analytics consultant certification,Certification,Transactional,/certification,23,22254,1673,5,0.003,false,India
2026-03-17,crm analytics consultant certification,Certification,Transactional,/certification,24,22254,2172,7,0.003,false,United States
2026-03-24,crm analytics consultant certification,Certification,Transactional,/certification,24,22254,2392,7,0.003,true,Australia
2026-03-31,crm analytics consultant certification,Certification,Transactional,/certification,22,22254,1807,5,0.003,true,United Kingdom
2026-04-07,crm analytics consultant certification,Certification,Transactional,/certification,21,22254,2092,6,0.003,false,Germany
2026-04-14,crm analytics consultant certification,Certification,Transactional,/certification,20,22254,5279,58,0.011,false,United States
2026-04-21,crm analytics consultant certification,Certification,Transactional,/certification,24,22254,1944,6,0.003,false,India
2026-04-28,crm analytics consultant certification,Certification,Transactional,/certification,23,22254,2191,7,0.003,false,Germany
2026-05-05,crm analytics consultant certification,Certification,Transactional,/certification,23,22254,1931,6,0.003,false,India
2026-05-12,crm analytics consultant certification,Certification,Transactional,/certification,22,22254,2161,6,0.003,false,Germany
2026-05-19,crm analytics consultant certification,Certification,Transactional,/certification,24,22254,1727,5,0.003,false,United Kingdom
2026-05-26,crm analytics consultant certification,Certification,Transactional,/certification,22,22254,2393,7,0.003,false,Germany
2026-06-02,crm analytics consultant certification,Certification,Transactional,/certification,21,22254,2141,6,0.003,false,India
2026-06-09,crm analytics consultant certification,Certification,Transactional,/certification,22,22254,2397,7,0.003,false,United States
2026-06-16,crm analytics consultant certification,Certification,Transactional,/certification,22,22254,1652,5,0.003,false,Germany
2026-06-23,crm analytics consultant certification,Certification,Transactional,/certification,24,22254,1642,5,0.003,false,Germany
2026-06-30,crm analytics consultant certification,Certification,Transactional,/certification,24,22254,1942,6,0.003,true,United Kingdom
2026-07-07,crm analytics consultant certification,Certification,Transactional,/certification,23,22254,1676,5,0.003,false,Australia
2026-07-14,crm analytics consultant certification,Certification,Transactional,/certification,22,22254,2029,6,0.003,false,United Kingdom
2026-07-21,crm analytics consultant certification,Certification,Transactional,/certification,23,22254,1780,5,0.003,true,United Kingdom
2026-07-28,crm analytics consultant certification,Certification,Transactional,/certification,22,22254,1809,5,0.003,false,India
2026-08-04,crm analytics consultant certification,Certification,Transactional,/certification,23,22254,1684,5,0.003,true,Australia
2026-08-11,crm analytics consultant certification,Certification,Transactional,/certification,24,22254,1756,5,0.003,false,United States
2026-08-18,crm analytics consultant certification,Certification,Transactional,/certification,22,22254,2266,7,0.003,true,United States
2026-08-25,crm analytics consultant certification,Certification,Transactional,/certification,21,22254,1831,5,0.003,false,United States
2026-09-01,crm analytics consultant certification,Certification,Transactional,/certification,17,22254,6206,68,0.011,false,Germany
2026-09-08,crm analytics consultant certification,Certification,Transactional,/certification,19,22254,6223,68,0.011,false,United Kingdom
2026-09-15,crm analytics consultant certification,Certification,Transactional,/certification,17,22254,7360,81,0.011,false,Australia
2026-09-22,crm analytics consultant certification,Certification,Transactional,/certification,18,22254,6899,76,0.011,false,United Kingdom
2026-09-29,crm analytics consultant certification,Certification,Transactional,/certification,18,22254,6662,73,0.011,false,Germany
2025-04-01,crm analytics exam guide,Certification,Transactional,/certification,43,20302,1506,5,0.003,false,United Kingdom
2025-04-08,crm analytics exam guide,Certification,Transactional,/certification,43,20302,1566,5,0.003,false,India
2025-04-15,crm analytics exam guide,Certification,Transactional,/certification,42,20302,1816,5,0.003,false,United States
2025-04-22,crm analytics exam guide,Certification,Transactional,/certification,42,20302,1569,5,0.003,false,United Kingdom
2025-04-29,crm analytics exam guide,Certification,Transactional,/certification,43,20302,1713,5,0.003,false,United States
2025-05-06,crm analytics exam guide,Certification,Transactional,/certification,42,20302,1878,6,0.003,false,United Kingdom
2025-05-13,crm analytics exam guide,Certification,Transactional,/certification,42,20302,1606,5,0.003,false,United States
2025-05-20,crm analytics exam guide,Certification,Transactional,/certification,42,20302,1661,5,0.003,false,Germany
2025-05-27,crm analytics exam guide,Certification,Transactional,/certification,42,20302,2119,6,0.003,false,India
2025-06-03,crm analytics exam guide,Certification,Transactional,/certification,42,20302,2045,6,0.003,false,India
2025-06-10,crm analytics exam guide,Certification,Transactional,/certification,42,20302,1594,5,0.003,true,Australia
2025-06-17,crm analytics exam guide,Certification,Transactional,/certification,41,20302,1548,5,0.003,false,Germany
2025-06-24,crm analytics exam guide,Certification,Transactional,/certification,41,20302,1942,6,0.003,false,United Kingdom
2025-07-01,crm analytics exam guide,Certification,Transactional,/certification,40,20302,1734,5,0.003,false,United States
2025-07-08,crm analytics exam guide,Certification,Transactional,/certification,38,20302,2177,7,0.003,false,United Kingdom
2025-07-15,crm analytics exam guide,Certification,Transactional,/certification,36,20302,2129,6,0.003,false,India
2025-07-22,crm analytics exam guide,Certification,Transactional,/certification,35,20302,2192,7,0.003,true,United States
2025-07-29,crm analytics exam guide,Certification,Transactional,/certification,35,20302,1691,5,0.003,false,United Kingdom
2025-08-05,crm analytics exam guide,Certification,Transactional,/certification,34,20302,1596,5,0.003,false,United States
2025-08-12,crm analytics exam guide,Certification,Transactional,/certification,34,20302,1965,6,0.003,false,India
2025-08-19,crm analytics exam guide,Certification,Transactional,/certification,34,20302,1568,5,0.003,false,United States
2025-08-26,crm analytics exam guide,Certification,Transactional,/certification,35,20302,2042,6,0.003,true,Australia
2025-09-02,crm analytics exam guide,Certification,Transactional,/certification,33,20302,1899,6,0.003,false,India
2025-09-09,crm analytics exam guide,Certification,Transactional,/certification,33,20302,2074,6,0.003,true,Australia
2025-09-16,crm analytics exam guide,Certification,Transactional,/certification,32,20302,1914,6,0.003,false,United States
2025-09-23,crm analytics exam guide,Certification,Transactional,/certification,31,20302,1698,5,0.003,false,Australia
2025-09-30,crm analytics exam guide,Certification,Transactional,/certification,31,20302,2056,6,0.003,false,Australia
2025-10-07,crm analytics exam guide,Certification,Transactional,/certification,32,20302,1769,5,0.003,true,Australia
2025-10-14,crm analytics exam guide,Certification,Transactional,/certification,31,20302,1689,5,0.003,true,Germany
2025-10-21,crm analytics exam guide,Certification,Transactional,/certification,30,20302,1642,5,0.003,true,India
2025-10-28,crm analytics exam guide,Certification,Transactional,/certification,29,20302,1982,6,0.003,false,United States
2025-11-04,crm analytics exam guide,Certification,Transactional,/certification,27,20302,1494,4,0.003,true,United Kingdom
2025-11-11,crm analytics exam guide,Certification,Transactional,/certification,29,20302,1478,4,0.003,false,United Kingdom
2025-11-18,crm analytics exam guide,Certification,Transactional,/certification,29,20302,1583,5,0.003,false,United States
2025-11-25,crm analytics exam guide,Certification,Transactional,/certification,28,20302,1915,6,0.003,false,India
2025-12-02,crm analytics exam guide,Certification,Transactional,/certification,25,20302,2176,7,0.003,false,United States
2025-12-09,crm analytics exam guide,Certification,Transactional,/certification,23,20302,1557,5,0.003,false,United Kingdom
2025-12-16,crm analytics exam guide,Certification,Transactional,/certification,20,20302,4680,51,0.011,true,India
2025-12-23,crm analytics exam guide,Certification,Transactional,/certification,17,20302,5537,61,0.011,false,United States
2025-12-30,crm analytics exam guide,Certification,Transactional,/certification,18,20302,4939,54,0.011,false,India
2026-01-06,crm analytics exam guide,Certification,Transactional,/certification,20,20302,6497,71,0.011,true,United States
2026-01-13,crm analytics exam guide,Certification,Transactional,/certification,19,20302,5416,60,0.011,false,United Kingdom
2026-01-20,crm analytics exam guide,Certification,Transactional,/certification,17,20302,6160,68,0.011,false,India
2026-01-27,crm analytics exam guide,Certification,Transactional,/certification,17,20302,5093,56,0.011,false,United States
2026-02-03,crm analytics exam guide,Certification,Transactional,/certification,18,20302,5578,61,0.011,false,United States
2026-02-10,crm analytics exam guide,Certification,Transactional,/certification,21,20302,1632,5,0.003,false,United Kingdom
2026-02-17,crm analytics exam guide,Certification,Transactional,/certification,22,20302,2048,6,0.003,false,United States
2026-02-24,crm analytics exam guide,Certification,Transactional,/certification,21,20302,1498,4,0.003,true,United States
2026-03-03,crm analytics exam guide,Certification,Transactional,/certification,23,20302,1710,5,0.003,false,Australia
2026-03-10,crm analytics exam guide,Certification,Transactional,/certification,21,20302,2123,6,0.003,false,Australia
2026-03-17,crm analytics exam guide,Certification,Transactional,/certification,23,20302,2094,6,0.003,true,Australia
2026-03-24,crm analytics exam guide,Certification,Transactional,/certification,24,20302,1854,6,0.003,false,Australia
2026-03-31,crm analytics exam guide,Certification,Transactional,/certification,25,20302,1927,6,0.003,true,India
2026-04-07,crm analytics exam guide,Certification,Transactional,/certification,23,20302,1991,6,0.003,false,United States
2026-04-14,crm analytics exam guide,Certification,Transactional,/certification,23,20302,1727,5,0.003,false,Germany
2026-04-21,crm analytics exam guide,Certification,Transactional,/certification,22,20302,1901,6,0.003,false,United States
2026-04-28,crm analytics exam guide,Certification,Transactional,/certification,20,20302,4743,52,0.011,false,Australia
2026-05-05,crm analytics exam guide,Certification,Transactional,/certification,19,20302,5843,64,0.011,false,United States
2026-05-12,crm analytics exam guide,Certification,Transactional,/certification,18,20302,6067,67,0.011,false,India
2026-05-19,crm analytics exam guide,Certification,Transactional,/certification,18,20302,4969,55,0.011,false,United States
2026-05-26,crm analytics exam guide,Certification,Transactional,/certification,19,20302,6056,67,0.011,false,United States
2026-06-02,crm analytics exam guide,Certification,Transactional,/certification,18,20302,4813,53,0.011,false,Australia
2026-06-09,crm analytics exam guide,Certification,Transactional,/certification,17,20302,5259,58,0.011,false,United Kingdom
2026-06-16,crm analytics exam guide,Certification,Transactional,/certification,18,20302,5064,56,0.011,true,United Kingdom
2026-06-23,crm analytics exam guide,Certification,Transactional,/certification,17,20302,4862,53,0.011,false,Germany
2026-06-30,crm analytics exam guide,Certification,Transactional,/certification,17,20302,4862,53,0.011,true,Germany
2026-07-07,crm analytics exam guide,Certification,Transactional,/certification,15,20302,4809,53,0.011,false,India
2026-07-14,crm analytics exam guide,Certification,Transactional,/certification,16,20302,5894,65,0.011,true,Germany
2026-07-21,crm analytics exam guide,Certification,Transactional,/certification,16,20302,4663,51,0.011,false,Australia
2026-07-28,crm analytics exam guide,Certification,Transactional,/certification,15,20302,6676,73,0.011,false,India
2026-08-04,crm analytics exam guide,Certification,Transactional,/certification,16,20302,5226,57,0.011,false,Australia
2026-08-11,crm analytics exam guide,Certification,Transactional,/certification,18,20302,5481,60,0.011,false,United Kingdom
2026-08-18,crm analytics exam guide,Certification,Transactional,/certification,18,20302,5505,61,0.011,false,India
2026-08-25,crm analytics exam guide,Certification,Transactional,/certification,18,20302,4984,55,0.011,true,Australia
2026-09-01,crm analytics exam guide,Certification,Transactional,/certification,19,20302,6022,66,0.011,false,United Kingdom
2026-09-08,crm analytics exam guide,Certification,Transactional,/certification,18,20302,6795,75,0.011,false,India
2026-09-15,crm analytics exam guide,Certification,Transactional,/certification,17,20302,4833,53,0.011,false,United Kingdom
2026-09-22,crm analytics exam guide,Certification,Transactional,/certification,14,20302,4608,51,0.011,false,United Kingdom
2026-09-29,crm analytics exam guide,Certification,Transactional,/certification,11,20302,6515,72,0.011,false,India
2025-04-01,crm analytics practice exam,Certification,Transactional,/certification,26,17283,1334,4,0.003,false,United States
2025-04-08,crm analytics practice exam,Certification,Transactional,/certification,26,17283,1251,4,0.003,false,India
2025-04-15,crm analytics practice exam,Certification,Transactional,/certification,27,17283,1717,5,0.003,false,India
2025-04-22,crm analytics practice exam,Certification,Transactional,/certification,27,17283,1350,4,0.003,true,Australia
2025-04-29,crm analytics practice exam,Certification,Transactional,/certification,29,17283,1367,4,0.003,false,Germany
2025-05-06,crm analytics practice exam,Certification,Transactional,/certification,29,17283,1260,4,0.003,true,Australia
2025-05-13,crm analytics practice exam,Certification,Transactional,/certification,26,17283,1762,5,0.003,false,United States
2025-05-20,crm analytics practice exam,Certification,Transactional,/certification,26,17283,1769,5,0.003,false,India
2025-05-27,crm analytics practice exam,Certification,Transactional,/certification,26,17283,1669,5,0.003,false,Germany
2025-06-03,crm analytics practice exam,Certification,Transactional,/certification,27,17283,1706,5,0.003,false,Australia
2025-06-10,crm analytics practice exam,Certification,Transactional,/certification,28,17283,1617,5,0.003,false,United States
2025-06-17,crm analytics practice exam,Certification,Transactional,/certification,26,17283,1691,5,0.003,true,Australia
2025-06-24,crm analytics practice exam,Certification,Transactional,/certification,28,17283,1770,5,0.003,false,United Kingdom
2025-07-01,crm analytics practice exam,Certification,Transactional,/certification,28,17283,1433,4,0.003,true,Germany
2025-07-08,crm analytics practice exam,Certification,Transactional,/certification,25,17283,1713,5,0.003,false,Germany
2025-07-15,crm analytics practice exam,Certification,Transactional,/certification,25,17283,1428,4,0.003,false,United States
2025-07-22,crm analytics practice exam,Certification,Transactional,/certification,27,17283,1413,4,0.003,true,Australia
2025-07-29,crm analytics practice exam,Certification,Transactional,/certification,27,17283,1504,5,0.003,false,India
2025-08-05,crm analytics practice exam,Certification,Transactional,/certification,24,17283,1683,5,0.003,false,Australia
2025-08-12,crm analytics practice exam,Certification,Transactional,/certification,22,17283,1764,5,0.003,false,United States
2025-08-19,crm analytics practice exam,Certification,Transactional,/certification,21,17283,1422,4,0.003,false,United Kingdom
2025-08-26,crm analytics practice exam,Certification,Transactional,/certification,22,17283,1747,5,0.003,false,Australia
2025-09-02,crm analytics practice exam,Certification,Transactional,/certification,21,17283,1780,5,0.003,false,United States
2025-09-09,crm analytics practice exam,Certification,Transactional,/certification,22,17283,1350,4,0.003,true,Germany
2025-09-16,crm analytics practice exam,Certification,Transactional,/certification,22,17283,1797,5,0.003,false,India
2025-09-23,crm analytics practice exam,Certification,Transactional,/certification,19,17283,4820,53,0.011,false,Australia
2025-09-30,crm analytics practice exam,Certification,Transactional,/certification,21,17283,1640,5,0.003,true,Australia
2025-10-07,crm analytics practice exam,Certification,Transactional,/certification,19,17283,5543,61,0.011,false,India
2025-10-14,crm analytics practice exam,Certification,Transactional,/certification,18,17283,5291,58,0.011,false,Germany
2025-10-21,crm analytics practice exam,Certification,Transactional,/certification,19,17283,5165,57,0.011,false,India
2025-10-28,crm analytics practice exam,Certification,Transactional,/certification,17,17283,4096,45,0.011,true,United Kingdom
2025-11-04,crm analytics practice exam,Certification,Transactional,/certification,21,17283,1451,4,0.003,false,United Kingdom
2025-11-11,crm analytics practice exam,Certification,Transactional,/certification,22,17283,1549,5,0.003,true,United Kingdom
2025-11-18,crm analytics practice exam,Certification,Transactional,/certification,22,17283,1456,4,0.003,true,Australia
2025-11-25,crm analytics practice exam,Certification,Transactional,/certification,25,17283,1590,5,0.003,true,United Kingdom
2025-12-02,crm analytics practice exam,Certification,Transactional,/certification,22,17283,1513,5,0.003,false,Australia
2025-12-09,crm analytics practice exam,Certification,Transactional,/certification,21,17283,1607,5,0.003,false,United States
2025-12-16,crm analytics practice exam,Certification,Transactional,/certification,22,17283,1597,5,0.003,false,India
2025-12-23,crm analytics practice exam,Certification,Transactional,/certification,23,17283,1526,5,0.003,false,United Kingdom
2025-12-30,crm analytics practice exam,Certification,Transactional,/certification,23,17283,1307,4,0.003,true,United States
2026-01-06,crm analytics practice exam,Certification,Transactional,/certification,23,17283,1776,5,0.003,false,Germany
2026-01-13,crm analytics practice exam,Certification,Transactional,/certification,22,17283,1579,5,0.003,true,India
2026-01-20,crm analytics practice exam,Certification,Transactional,/certification,23,17283,1677,5,0.003,false,Germany
2026-01-27,crm analytics practice exam,Certification,Transactional,/certification,22,17283,1340,4,0.003,true,India
2026-02-03,crm analytics practice exam,Certification,Transactional,/certification,24,17283,1615,5,0.003,false,United Kingdom
2026-02-10,crm analytics practice exam,Certification,Transactional,/certification,23,17283,1514,5,0.003,false,United Kingdom
2026-02-17,crm analytics practice exam,Certification,Transactional,/certification,23,17283,1633,5,0.003,false,United Kingdom
2026-02-24,crm analytics practice exam,Certification,Transactional,/certification,20,17283,4145,46,0.011,false,Australia
2026-03-03,crm analytics practice exam,Certification,Transactional,/certification,18,17283,5807,64,0.011,false,India
2026-03-10,crm analytics practice exam,Certification,Transactional,/certification,20,17283,4418,49,0.011,false,United Kingdom
2026-03-17,crm analytics practice exam,Certification,Transactional,/certification,21,17283,1435,4,0.003,false,Australia
2026-03-24,crm analytics practice exam,Certification,Transactional,/certification,22,17283,1826,5,0.003,false,Australia
2026-03-31,crm analytics practice exam,Certification,Transactional,/certification,21,17283,1308,4,0.003,false,Germany
2026-04-07,crm analytics practice exam,Certification,Transactional,/certification,21,17283,1632,5,0.003,false,Germany
2026-04-14,crm analytics practice exam,Certification,Transactional,/certification,22,17283,1488,4,0.003,false,United Kingdom
2026-04-21,crm analytics practice exam,Certification,Transactional,/certification,21,17283,1329,4,0.003,false,United Kingdom
2026-04-28,crm analytics practice exam,Certification,Transactional,/certification,22,17283,1521,5,0.003,false,India
2026-05-05,crm analytics practice exam,Certification,Transactional,/certification,24,17283,1755,5,0.003,true,Germany
2026-05-12,crm analytics practice exam,Certification,Transactional,/certification,23,17283,1291,4,0.003,false,United Kingdom
2026-05-19,crm analytics practice exam,Certification,Transactional,/certification,22,17283,1457,4,0.003,true,India
2026-05-26,crm analytics practice exam,Certification,Transactional,/certification,23,17283,1784,5,0.003,false,Australia
2026-06-02,crm analytics practice exam,Certification,Transactional,/certification,23,17283,1463,4,0.003,false,Germany
2026-06-09,crm analytics practice exam,Certification,Transactional,/certification,25,17283,1427,4,0.003,true,United States
2026-06-16,crm analytics practice exam,Certification,Transactional,/certification,24,17283,1644,5,0.003,false,Australia
2026-06-23,crm analytics practice exam,Certification,Transactional,/certification,25,17283,1763,5,0.003,false,Australia
2026-06-30,crm analytics practice exam,Certification,Transactional,/certification,26,17283,1867,6,0.003,false,Germany
2026-07-07,crm analytics practice exam,Certification,Transactional,/certification,23,17283,1635,5,0.003,false,India
2026-07-14,crm analytics practice exam,Certification,Transactional,/certification,27,17283,1452,4,0.003,false,India
2026-07-21,crm analytics practice exam,Certification,Transactional,/certification,26,17283,1641,5,0.003,false,Germany
2026-07-28,crm analytics practice exam,Certification,Transactional,/certification,26,17283,1750,5,0.003,false,United States
2026-08-04,crm analytics practice exam,Certification,Transactional,/certification,25,17283,1579,5,0.003,true,United States
2026-08-11,crm analytics practice exam,Certification,Transactional,/certification,26,17283,1674,5,0.003,false,United States
2026-08-18,crm analytics practice exam,Certification,Transactional,/certification,27,17283,1754,5,0.003,false,United States
2026-08-25,crm analytics practice exam,Certification,Transactional,/certification,30,17283,1802,5,0.003,false,Germany
2026-09-01,crm analytics practice exam,Certification,Transactional,/certification,29,17283,1493,4,0.003,false,India
2026-09-08,crm analytics practice exam,Certification,Transactional,/certification,29,17283,1357,4,0.003,false,Germany
2026-09-15,crm analytics practice exam,Certification,Transactional,/certification,31,17283,1465,4,0.003,true,Australia
2026-09-22,crm analytics practice exam,Certification,Transactional,/certification,32,17283,1743,5,0.003,true,United Kingdom
2026-09-29,crm analytics practice exam,Certification,Transactional,/certification,30,17283,1670,5,0.003,false,United States
2025-04-01,crm analytics certification cost,Certification,Transactional,/certification,14,9483,2876,32,0.011,false,United Kingdom
2025-04-08,crm analytics certification cost,Certification,Transactional,/certification,14,9483,2761,30,0.011,false,United States
2025-04-15,crm analytics certification cost,Certification,Transactional,/certification,15,9483,3058,34,0.011,false,United Kingdom
2025-04-22,crm analytics certification cost,Certification,Transactional,/certification,17,9483,2802,31,0.011,false,India
2025-04-29,crm analytics certification cost,Certification,Transactional,/certification,15,9483,2333,26,0.011,true,United Kingdom
2025-05-06,crm analytics certification cost,Certification,Transactional,/certification,17,9483,2136,23,0.011,false,Australia
2025-05-13,crm analytics certification cost,Certification,Transactional,/certification,17,9483,2937,32,0.011,false,Germany
2025-05-20,crm analytics certification cost,Certification,Transactional,/certification,18,9483,2260,25,0.011,false,Germany
2025-05-27,crm analytics certification cost,Certification,Transactional,/certification,21,9483,993,3,0.003,false,Germany
2025-06-03,crm analytics certification cost,Certification,Transactional,/certification,23,9483,802,2,0.003,false,United Kingdom
2025-06-10,crm analytics certification cost,Certification,Transactional,/certification,27,9483,897,3,0.003,false,Germany
2025-06-17,crm analytics certification cost,Certification,Transactional,/certification,28,9483,901,3,0.003,false,Germany
2025-06-24,crm analytics certification cost,Certification,Transactional,/certification,28,9483,1007,3,0.003,false,United Kingdom
2025-07-01,crm analytics certification cost,Certification,Transactional,/certification,29,9483,950,3,0.003,false,United Kingdom
2025-07-08,crm analytics certification cost,Certification,Transactional,/certification,31,9483,845,3,0.003,false,Germany
2025-07-15,crm analytics certification cost,Certification,Transactional,/certification,30,9483,775,2,0.003,true,Australia
2025-07-22,crm analytics certification cost,Certification,Transactional,/certification,34,9483,698,2,0.003,false,Australia
2025-07-29,crm analytics certification cost,Certification,Transactional,/certification,33,9483,998,3,0.003,false,Australia
2025-08-05,crm analytics certification cost,Certification,Transactional,/certification,31,9483,771,2,0.003,false,United States
2025-08-12,crm analytics certification cost,Certification,Transactional,/certification,32,9483,797,2,0.003,false,India
2025-08-19,crm analytics certification cost,Certification,Transactional,/certification,33,9483,1014,3,0.003,true,Germany
2025-08-26,crm analytics certification cost,Certification,Transactional,/certification,31,9483,859,3,0.003,false,India
2025-09-02,crm analytics certification cost,Certification,Transactional,/certification,32,9483,855,3,0.003,true,United States
2025-09-09,crm analytics certification cost,Certification,Transactional,/certification,27,9483,733,2,0.003,false,Germany
2025-09-16,crm analytics certification cost,Certification,Transactional,/certification,28,9483,684,2,0.003,false,India
2025-09-23,crm analytics certification cost,Certification,Transactional,/certification,25,9483,1009,3,0.003,false,United States
2025-09-30,crm analytics certification cost,Certification,Transactional,/certification,26,9483,716,2,0.003,false,United States
2025-10-07,crm analytics certification cost,Certification,Transactional,/certification,27,9483,940,3,0.003,false,United States
2025-10-14,crm analytics certification cost,Certification,Transactional,/certification,26,9483,1020,3,0.003,false,Germany
2025-10-21,crm analytics certification cost,Certification,Transactional,/certification,25,9483,993,3,0.003,true,India
2025-10-28,crm analytics certification cost,Certification,Transactional,/certification,26,9483,1022,3,0.003,true,India
2025-11-04,crm analytics certification cost,Certification,Transactional,/certification,26,9483,931,3,0.003,false,Australia
2025-11-11,crm analytics certification cost,Certification,Transactional,/certification,25,9483,883,3,0.003,false,Australia
2025-11-18,crm analytics certification cost,Certification,Transactional,/certification,24,9483,987,3,0.003,true,United States
2025-11-25,crm analytics certification cost,Certification,Transactional,/certification,23,9483,772,2,0.003,false,India
2025-12-02,crm analytics certification cost,Certification,Transactional,/certification,24,9483,946,3,0.003,false,United States
2025-12-09,crm analytics certification cost,Certification,Transactional,/certification,25,9483,746,2,0.003,false,India
2025-12-16,crm analytics certification cost,Certification,Transactional,/certification,25,9483,838,3,0.003,false,United Kingdom
2025-12-23,crm analytics certification cost,Certification,Transactional,/certification,24,9483,799,2,0.003,false,United States
2025-12-30,crm analytics certification cost,Certification,Transactional,/certification,25,9483,718,2,0.003,true,United Kingdom
2026-01-06,crm analytics certification cost,Certification,Transactional,/certification,25,9483,860,3,0.003,false,India
2026-01-13,crm analytics certification cost,Certification,Transactional,/certification,24,9483,885,3,0.003,false,United States
2026-01-20,crm analytics certification cost,Certification,Transactional,/certification,24,9483,980,3,0.003,false,United States
2026-01-27,crm analytics certification cost,Certification,Transactional,/certification,23,9483,696,2,0.003,true,United States
2026-02-03,crm analytics certification cost,Certification,Transactional,/certification,20,9483,2904,32,0.011,false,United States
2026-02-10,crm analytics certification cost,Certification,Transactional,/certification,21,9483,755,2,0.003,false,United States
2026-02-17,crm analytics certification cost,Certification,Transactional,/certification,20,9483,2912,32,0.011,false,Germany
2026-02-24,crm analytics certification cost,Certification,Transactional,/certification,23,9483,704,2,0.003,true,United States
2026-03-03,crm analytics certification cost,Certification,Transactional,/certification,23,9483,747,2,0.003,false,United Kingdom
2026-03-10,crm analytics certification cost,Certification,Transactional,/certification,22,9483,856,3,0.003,true,Germany
2026-03-17,crm analytics certification cost,Certification,Transactional,/certification,23,9483,789,2,0.003,true,Australia
2026-03-24,crm analytics certification cost,Certification,Transactional,/certification,24,9483,837,3,0.003,false,United States
2026-03-31,crm analytics certification cost,Certification,Transactional,/certification,26,9483,1000,3,0.003,false,United States
2026-04-07,crm analytics certification cost,Certification,Transactional,/certification,25,9483,695,2,0.003,false,Australia
2026-04-14,crm analytics certification cost,Certification,Transactional,/certification,26,9483,937,3,0.003,false,India
2026-04-21,crm analytics certification cost,Certification,Transactional,/certification,24,9483,941,3,0.003,false,United Kingdom
2026-04-28,crm analytics certification cost,Certification,Transactional,/certification,26,9483,749,2,0.003,false,United States
2026-05-05,crm analytics certification cost,Certification,Transactional,/certification,25,9483,880,3,0.003,true,United Kingdom
2026-05-12,crm analytics certification cost,Certification,Transactional,/certification,24,9483,731,2,0.003,false,United States
2026-05-19,crm analytics certification cost,Certification,Transactional,/certification,25,9483,970,3,0.003,false,United States
2026-05-26,crm analytics certification cost,Certification,Transactional,/certification,24,9483,739,2,0.003,false,India
2026-06-02,crm analytics certification cost,Certification,Transactional,/certification,25,9483,983,3,0.003,false,Australia
2026-06-09,crm analytics certification cost,Certification,Transactional,/certification,27,9483,950,3,0.003,false,United Kingdom
2026-06-16,crm analytics certification cost,Certification,Transactional,/certification,27,9483,775,2,0.003,false,India
2026-06-23,crm analytics certification cost,Certification,Transactional,/certification,26,9483,801,2,0.003,false,Australia
2026-06-30,crm analytics certification cost,Certification,Transactional,/certification,23,9483,705,2,0.003,false,United States
2026-07-07,crm analytics certification cost,Certification,Transactional,/certification,23,9483,970,3,0.003,false,United Kingdom
2026-07-14,crm analytics certification cost,Certification,Transactional,/certification,23,9483,884,3,0.003,false,India
2026-07-21,crm analytics certification cost,Certification,Transactional,/certification,22,9483,779,2,0.003,false,United States
2026-07-28,crm analytics certification cost,Certification,Transactional,/certification,19,9483,2288,25,0.011,false,Germany
2026-08-04,crm analytics certification cost,Certification,Transactional,/certification,19,9483,3137,35,0.011,false,Germany
2026-08-11,crm analytics certification cost,Certification,Transactional,/certification,19,9483,2428,27,0.011,false,United States
2026-08-18,crm analytics certification cost,Certification,Transactional,/certification,19,9483,2567,28,0.011,false,United States
2026-08-25,crm analytics certification cost,Certification,Transactional,/certification,17,9483,2738,30,0.011,true,United States
2026-09-01,crm analytics certification cost,Certification,Transactional,/certification,15,9483,2862,31,0.011,false,Australia
2026-09-08,crm analytics certification cost,Certification,Transactional,/certification,12,9483,2554,28,0.011,false,United States
2026-09-15,crm analytics certification cost,Certification,Transactional,/certification,13,9483,2878,32,0.011,false,Australia
2026-09-22,crm analytics certification cost,Certification,Transactional,/certification,11,9483,2169,24,0.011,false,India
2026-09-29,crm analytics certification cost,Certification,Transactional,/certification,10,9483,5474,170,0.031,false,United Kingdom
2025-04-01,saql tutorial,SAQL & How-To,Informational,/saql,10,26691,17874,554,0.031,false,Germany
2025-04-08,saql tutorial,SAQL & How-To,Informational,/saql,11,26691,7731,85,0.011,false,Australia
2025-04-15,saql tutorial,SAQL & How-To,Informational,/saql,6,26691,15669,486,0.031,true,United Kingdom
2025-04-22,saql tutorial,SAQL & How-To,Informational,/saql,8,26691,16570,514,0.031,false,United States
2025-04-29,saql tutorial,SAQL & How-To,Informational,/saql,4,26691,19212,1575,0.082,false,United Kingdom
2025-05-06,saql tutorial,SAQL & How-To,Informational,/saql,3,26691,15368,2305,0.15,true,United States
2025-05-13,saql tutorial,SAQL & How-To,Informational,/saql,2,26691,14860,2229,0.15,true,Australia
2025-05-20,saql tutorial,SAQL & How-To,Informational,/saql,3,26691,19753,2963,0.15,false,Germany
2025-05-27,saql tutorial,SAQL & How-To,Informational,/saql,4,26691,18507,1518,0.082,false,Germany
2025-06-03,saql tutorial,SAQL & How-To,Informational,/saql,4,26691,16792,1377,0.082,false,Australia
2025-06-10,saql tutorial,SAQL & How-To,Informational,/saql,3,26691,17447,2617,0.15,false,Australia
2025-06-17,saql tutorial,SAQL & How-To,Informational,/saql,1,26691,18023,5046,0.28,true,United Kingdom
2025-06-24,saql tutorial,SAQL & How-To,Informational,/saql,2,26691,14942,2241,0.15,false,India
2025-07-01,saql tutorial,SAQL & How-To,Informational,/saql,1,26691,13697,3835,0.28,true,Australia
2025-07-08,saql tutorial,SAQL & How-To,Informational,/saql,1,26691,18597,5207,0.28,false,United Kingdom
2025-07-15,saql tutorial,SAQL & How-To,Informational,/saql,1,26691,17943,5024,0.28,true,Australia
2025-07-22,saql tutorial,SAQL & How-To,Informational,/saql,1,26691,18466,5170,0.28,false,Germany
2025-07-29,saql tutorial,SAQL & How-To,Informational,/saql,1,26691,13332,3733,0.28,true,Germany
2025-08-05,saql tutorial,SAQL & How-To,Informational,/saql,1,26691,16042,4492,0.28,false,United States
2025-08-12,saql tutorial,SAQL & How-To,Informational,/saql,1,26691,17466,4890,0.28,true,Germany
2025-08-19,saql tutorial,SAQL & How-To,Informational,/saql,1,26691,16028,4488,0.28,true,United Kingdom
2025-08-26,saql tutorial,SAQL & How-To,Informational,/saql,1,26691,16651,4662,0.28,false,Germany
2025-09-02,saql tutorial,SAQL & How-To,Informational,/saql,2,26691,18377,2757,0.15,false,United Kingdom
2025-09-09,saql tutorial,SAQL & How-To,Informational,/saql,2,26691,13541,2031,0.15,true,Germany
2025-09-16,saql tutorial,SAQL & How-To,Informational,/saql,1,26691,14836,4154,0.28,false,United Kingdom
2025-09-23,saql tutorial,SAQL & How-To,Informational,/saql,1,26691,16117,4513,0.28,false,Germany
2025-09-30,saql tutorial,SAQL & How-To,Informational,/saql,1,26691,14943,4184,0.28,false,United States
2025-10-07,saql tutorial,SAQL & How-To,Informational,/saql,1,26691,15687,4392,0.28,true,United States
2025-10-14,saql tutorial,SAQL & How-To,Informational,/saql,1,26691,19600,5488,0.28,false,Germany
2025-10-21,saql tutorial,SAQL & How-To,Informational,/saql,3,26691,15474,2321,0.15,true,United Kingdom
2025-10-28,saql tutorial,SAQL & How-To,Informational,/saql,2,26691,14908,2236,0.15,false,United States
2025-11-04,saql tutorial,SAQL & How-To,Informational,/saql,1,26691,18730,5244,0.28,true,India
2025-11-11,saql tutorial,SAQL & How-To,Informational,/saql,1,26691,15969,4471,0.28,true,United Kingdom
2025-11-18,saql tutorial,SAQL & How-To,Informational,/saql,1,26691,17879,5006,0.28,true,India
2025-11-25,saql tutorial,SAQL & How-To,Informational,/saql,1,26691,15484,4336,0.28,true,United States
2025-12-02,saql tutorial,SAQL & How-To,Informational,/saql,1,26691,13295,3723,0.28,true,United Kingdom
2025-12-09,saql tutorial,SAQL & How-To,Informational,/saql,1,26691,13628,3816,0.28,true,Australia
2025-12-16,saql tutorial,SAQL & How-To,Informational,/saql,3,26691,17812,2672,0.15,false,Australia
2025-12-23,saql tutorial,SAQL & How-To,Informational,/saql,2,26691,14817,2223,0.15,false,Germany
2025-12-30,saql tutorial,SAQL & How-To,Informational,/saql,4,26691,14644,1201,0.082,false,India
2026-01-06,saql tutorial,SAQL & How-To,Informational,/saql,3,26691,16290,2444,0.15,true,Germany
2026-01-13,saql tutorial,SAQL & How-To,Informational,/saql,4,26691,14798,1213,0.082,false,Germany
2026-01-20,saql tutorial,SAQL & How-To,Informational,/saql,4,26691,15399,1263,0.082,false,United States
2026-01-27,saql tutorial,SAQL & How-To,Informational,/saql,1,26691,15404,4313,0.28,true,Germany
2026-02-03,saql tutorial,SAQL & How-To,Informational,/saql,1,26691,16044,4492,0.28,true,United Kingdom
2026-02-10,saql tutorial,SAQL & How-To,Informational,/saql,1,26691,19146,5361,0.28,true,India
2026-02-17,saql tutorial,SAQL & How-To,Informational,/saql,1,26691,15313,4288,0.28,false,United States
2026-02-24,saql tutorial,SAQL & How-To,Informational,/saql,2,26691,19846,2977,0.15,false,Australia
2026-03-03,saql tutorial,SAQL & How-To,Informational,/saql,1,26691,15748,4409,0.28,true,United States
2026-03-10,saql tutorial,SAQL & How-To,Informational,/saql,1,26691,16021,4486,0.28,true,United Kingdom
2026-03-17,saql tutorial,SAQL & How-To,Informational,/saql,2,26691,13579,2037,0.15,true,Australia
2026-03-24,saql tutorial,SAQL & How-To,Informational,/saql,1,26691,14694,4114,0.28,false,Germany
2026-03-31,saql tutorial,SAQL & How-To,Informational,/saql,1,26691,19442,5444,0.28,true,Australia
2026-04-07,saql tutorial,SAQL & How-To,Informational,/saql,1,26691,19014,5324,0.28,true,United Kingdom
2026-04-14,saql tutorial,SAQL & How-To,Informational,/saql,5,26691,13736,1126,0.082,false,Australia
2026-04-21,saql tutorial,SAQL & How-To,Informational,/saql,3,26691,18780,2817,0.15,false,Germany
2026-04-28,saql tutorial,SAQL & How-To,Informational,/saql,2,26691,18840,2826,0.15,false,Australia
2026-05-05,saql tutorial,SAQL & How-To,Informational,/saql,3,26691,15765,2365,0.15,false,United Kingdom
2026-05-12,saql tutorial,SAQL & How-To,Informational,/saql,3,26691,15459,2319,0.15,true,United States
2026-05-19,saql tutorial,SAQL & How-To,Informational,/saql,1,26691,18760,5253,0.28,true,Germany
2026-05-26,saql tutorial,SAQL & How-To,Informational,/saql,3,26691,19276,2891,0.15,true,Australia
2026-06-02,saql tutorial,SAQL & How-To,Informational,/saql,2,26691,18061,2709,0.15,false,Germany
2026-06-09,saql tutorial,SAQL & How-To,Informational,/saql,4,26691,15997,1312,0.082,true,India
2026-06-16,saql tutorial,SAQL & How-To,Informational,/saql,2,26691,18725,2809,0.15,false,Germany
2026-06-23,saql tutorial,SAQL & How-To,Informational,/saql,5,26691,14506,1189,0.082,false,Australia
2026-06-30,saql tutorial,SAQL & How-To,Informational,/saql,5,26691,16036,1315,0.082,true,United Kingdom
2026-07-07,saql tutorial,SAQL & How-To,Informational,/saql,8,26691,19771,613,0.031,true,United States
2026-07-14,saql tutorial,SAQL & How-To,Informational,/saql,11,26691,6352,70,0.011,false,Germany
2026-07-21,saql tutorial,SAQL & How-To,Informational,/saql,13,26691,6769,74,0.011,true,United Kingdom
2026-07-28,saql tutorial,SAQL & How-To,Informational,/saql,14,26691,7498,82,0.011,true,India
2026-08-04,saql tutorial,SAQL & How-To,Informational,/saql,12,26691,6302,69,0.011,false,United States
2026-08-11,saql tutorial,SAQL & How-To,Informational,/saql,13,26691,8097,89,0.011,false,United States
2026-08-18,saql tutorial,SAQL & How-To,Informational,/saql,13,26691,6312,69,0.011,true,India
2026-08-25,saql tutorial,SAQL & How-To,Informational,/saql,16,26691,7803,86,0.011,true,Germany
2026-09-01,saql tutorial,SAQL & How-To,Informational,/saql,18,26691,6735,74,0.011,false,Australia
2026-09-08,saql tutorial,SAQL & How-To,Informational,/saql,18,26691,6693,74,0.011,false,United Kingdom
2026-09-15,saql tutorial,SAQL & How-To,Informational,/saql,17,26691,7618,84,0.011,true,United Kingdom
2026-09-22,saql tutorial,SAQL & How-To,Informational,/saql,17,26691,6787,75,0.011,false,United Kingdom
2026-09-29,saql tutorial,SAQL & How-To,Informational,/saql,17,26691,6672,73,0.011,true,United Kingdom
2025-04-01,saql group by example,SAQL & How-To,Informational,/saql,27,14315,1259,4,0.003,true,Australia
2025-04-08,saql group by example,SAQL & How-To,Informational,/saql,26,14315,1523,5,0.003,true,United Kingdom
2025-04-15,saql group by example,SAQL & How-To,Informational,/saql,27,14315,1054,3,0.003,true,Germany
2025-04-22,saql group by example,SAQL & How-To,Informational,/saql,26,14315,1037,3,0.003,false,United Kingdom
2025-04-29,saql group by example,SAQL & How-To,Informational,/saql,26,14315,1301,4,0.003,true,United Kingdom
2025-05-06,saql group by example,SAQL & How-To,Informational,/saql,25,14315,1398,4,0.003,false,Australia
2025-05-13,saql group by example,SAQL & How-To,Informational,/saql,28,14315,1381,4,0.003,true,United States
2025-05-20,saql group by example,SAQL & How-To,Informational,/saql,28,14315,1452,4,0.003,true,Australia
2025-05-27,saql group by example,SAQL & How-To,Informational,/saql,28,14315,1439,4,0.003,true,Australia
2025-06-03,saql group by example,SAQL & How-To,Informational,/saql,29,14315,1270,4,0.003,true,India
2025-06-10,saql group by example,SAQL & How-To,Informational,/saql,30,14315,1066,3,0.003,true,Germany
2025-06-17,saql group by example,SAQL & How-To,Informational,/saql,31,14315,1318,4,0.003,true,United Kingdom
2025-06-24,saql group by example,SAQL & How-To,Informational,/saql,33,14315,1386,4,0.003,false,United States
2025-07-01,saql group by example,SAQL & How-To,Informational,/saql,33,14315,1462,4,0.003,true,United Kingdom
2025-07-08,saql group by example,SAQL & How-To,Informational,/saql,35,14315,1245,4,0.003,true,United Kingdom
2025-07-15,saql group by example,SAQL & How-To,Informational,/saql,35,14315,1296,4,0.003,true,United States
2025-07-22,saql group by example,SAQL & How-To,Informational,/saql,36,14315,1099,3,0.003,false,Germany
2025-07-29,saql group by example,SAQL & How-To,Informational,/saql,36,14315,1391,4,0.003,false,India
2025-08-05,saql group by example,SAQL & How-To,Informational,/saql,39,14315,1105,3,0.003,false,Germany
2025-08-12,saql group by example,SAQL & How-To,Informational,/saql,39,14315,1093,3,0.003,true,United Kingdom
2025-08-19,saql group by example,SAQL & How-To,Informational,/saql,40,14315,1322,4,0.003,false,Australia
2025-08-26,saql group by example,SAQL & How-To,Informational,/saql,39,14315,1279,4,0.003,false,United States
2025-09-02,saql group by example,SAQL & How-To,Informational,/saql,41,14315,1096,3,0.003,true,India
2025-09-09,saql group by example,SAQL & How-To,Informational,/saql,42,14315,1153,3,0.003,true,United States
2025-09-16,saql group by example,SAQL & How-To,Informational,/saql,41,14315,1479,4,0.003,true,United Kingdom
2025-09-23,saql group by example,SAQL & How-To,Informational,/saql,41,14315,1462,4,0.003,true,United States
2025-09-30,saql group by example,SAQL & How-To,Informational,/saql,42,14315,1366,4,0.003,false,United States
2025-10-07,saql group by example,SAQL & How-To,Informational,/saql,40,14315,1187,4,0.003,true,Germany
2025-10-14,saql group by example,SAQL & How-To,Informational,/saql,43,14315,1189,4,0.003,false,Germany
2025-10-21,saql group by example,SAQL & How-To,Informational,/saql,41,14315,1401,4,0.003,false,United States
2025-10-28,saql group by example,SAQL & How-To,Informational,/saql,40,14315,1275,4,0.003,true,Australia
2025-11-04,saql group by example,SAQL & How-To,Informational,/saql,42,14315,1325,4,0.003,true,United States
2025-11-11,saql group by example,SAQL & How-To,Informational,/saql,45,14315,1471,4,0.003,false,United States
2025-11-18,saql group by example,SAQL & How-To,Informational,/saql,44,14315,1166,3,0.003,true,India
2025-11-25,saql group by example,SAQL & How-To,Informational,/saql,43,14315,1213,4,0.003,true,India
2025-12-02,saql group by example,SAQL & How-To,Informational,/saql,43,14315,1354,4,0.003,true,United Kingdom
2025-12-09,saql group by example,SAQL & How-To,Informational,/saql,41,14315,1466,4,0.003,false,United States
2025-12-16,saql group by example,SAQL & How-To,Informational,/saql,40,14315,1187,4,0.003,false,Germany
2025-12-23,saql group by example,SAQL & How-To,Informational,/saql,44,14315,1178,4,0.003,false,United Kingdom
2025-12-30,saql group by example,SAQL & How-To,Informational,/saql,43,14315,1454,4,0.003,true,Germany
2026-01-06,saql group by example,SAQL & How-To,Informational,/saql,45,14315,1540,5,0.003,true,Australia
2026-01-13,saql group by example,SAQL & How-To,Informational,/saql,43,14315,1065,3,0.003,true,Australia
2026-01-20,saql group by example,SAQL & How-To,Informational,/saql,40,14315,1274,4,0.003,true,United States
2026-01-27,saql group by example,SAQL & How-To,Informational,/saql,41,14315,1196,4,0.003,true,Germany
2026-02-03,saql group by example,SAQL & How-To,Informational,/saql,40,14315,1528,5,0.003,false,United States
2026-02-10,saql group by example,SAQL & How-To,Informational,/saql,39,14315,1384,4,0.003,false,India
2026-02-17,saql group by example,SAQL & How-To,Informational,/saql,40,14315,1098,3,0.003,false,United States
2026-02-24,saql group by example,SAQL & How-To,Informational,/saql,42,14315,1163,3,0.003,true,United States
2026-03-03,saql group by example,SAQL & How-To,Informational,/saql,41,14315,1507,5,0.003,true,Australia
2026-03-10,saql group by example,SAQL & How-To,Informational,/saql,41,14315,1098,3,0.003,false,Australia
2026-03-17,saql group by example,SAQL & How-To,Informational,/saql,41,14315,1204,4,0.003,true,Australia
2026-03-24,saql group by example,SAQL & How-To,Informational,/saql,42,14315,1099,3,0.003,true,Australia
2026-03-31,saql group by example,SAQL & How-To,Informational,/saql,42,14315,1177,4,0.003,true,United Kingdom
2026-04-07,saql group by example,SAQL & How-To,Informational,/saql,43,14315,1311,4,0.003,false,United States
2026-04-14,saql group by example,SAQL & How-To,Informational,/saql,42,14315,1519,5,0.003,false,United States
2026-04-21,saql group by example,SAQL & How-To,Informational,/saql,42,14315,1513,5,0.003,true,India
2026-04-28,saql group by example,SAQL & How-To,Informational,/saql,38,14315,1461,4,0.003,false,Australia
2026-05-05,saql group by example,SAQL & How-To,Informational,/saql,41,14315,1071,3,0.003,false,India
2026-05-12,saql group by example,SAQL & How-To,Informational,/saql,41,14315,1260,4,0.003,true,United Kingdom
2026-05-19,saql group by example,SAQL & How-To,Informational,/saql,40,14315,1541,5,0.003,false,Germany
2026-05-26,saql group by example,SAQL & How-To,Informational,/saql,41,14315,1438,4,0.003,false,Australia
2026-06-02,saql group by example,SAQL & How-To,Informational,/saql,41,14315,1149,3,0.003,true,Germany
2026-06-09,saql group by example,SAQL & How-To,Informational,/saql,41,14315,1238,4,0.003,false,United Kingdom
2026-06-16,saql group by example,SAQL & How-To,Informational,/saql,40,14315,1236,4,0.003,false,Germany
2026-06-23,saql group by example,SAQL & How-To,Informational,/saql,39,14315,1076,3,0.003,true,Australia
2026-06-30,saql group by example,SAQL & How-To,Informational,/saql,37,14315,1521,5,0.003,false,United States
2026-07-07,saql group by example,SAQL & How-To,Informational,/saql,36,14315,1313,4,0.003,true,United Kingdom
2026-07-14,saql group by example,SAQL & How-To,Informational,/saql,36,14315,1073,3,0.003,true,United States
2026-07-21,saql group by example,SAQL & How-To,Informational,/saql,36,14315,1462,4,0.003,false,United States
2026-07-28,saql group by example,SAQL & How-To,Informational,/saql,37,14315,1377,4,0.003,true,United States
2026-08-04,saql group by example,SAQL & How-To,Informational,/saql,36,14315,1321,4,0.003,true,India
2026-08-11,saql group by example,SAQL & How-To,Informational,/saql,36,14315,1059,3,0.003,false,United States
2026-08-18,saql group by example,SAQL & How-To,Informational,/saql,35,14315,1349,4,0.003,true,Germany
2026-08-25,saql group by example,SAQL & How-To,Informational,/saql,36,14315,1522,5,0.003,true,United Kingdom
2026-09-01,saql group by example,SAQL & How-To,Informational,/saql,36,14315,1226,4,0.003,true,United States
2026-09-08,saql group by example,SAQL & How-To,Informational,/saql,34,14315,1164,3,0.003,true,United Kingdom
2026-09-15,saql group by example,SAQL & How-To,Informational,/saql,34,14315,1275,4,0.003,true,United Kingdom
2026-09-22,saql group by example,SAQL & How-To,Informational,/saql,34,14315,1395,4,0.003,false,United Kingdom
2026-09-29,saql group by example,SAQL & How-To,Informational,/saql,35,14315,1151,3,0.003,false,India
2025-04-01,crm analytics bindings example,SAQL & How-To,Informational,/saql,37,9323,989,3,0.003,true,United States
2025-04-08,crm analytics bindings example,SAQL & How-To,Informational,/saql,38,9323,804,2,0.003,false,Germany
2025-04-15,crm analytics bindings example,SAQL & How-To,Informational,/saql,34,9323,702,2,0.003,false,India
2025-04-22,crm analytics bindings example,SAQL & How-To,Informational,/saql,35,9323,693,2,0.003,true,India
2025-04-29,crm analytics bindings example,SAQL & How-To,Informational,/saql,31,9323,700,2,0.003,false,Germany
2025-05-06,crm analytics bindings example,SAQL & How-To,Informational,/saql,31,9323,847,3,0.003,true,Australia
2025-05-13,crm analytics bindings example,SAQL & How-To,Informational,/saql,33,9323,856,3,0.003,false,United Kingdom
2025-05-20,crm analytics bindings example,SAQL & How-To,Informational,/saql,31,9323,971,3,0.003,true,Germany
2025-05-27,crm analytics bindings example,SAQL & How-To,Informational,/saql,30,9323,910,3,0.003,false,United Kingdom
2025-06-03,crm analytics bindings example,SAQL & How-To,Informational,/saql,31,9323,880,3,0.003,false,United States
2025-06-10,crm analytics bindings example,SAQL & How-To,Informational,/saql,28,9323,1002,3,0.003,false,India
2025-06-17,crm analytics bindings example,SAQL & How-To,Informational,/saql,29,9323,778,2,0.003,true,Australia
2025-06-24,crm analytics bindings example,SAQL & How-To,Informational,/saql,29,9323,840,3,0.003,true,Germany
2025-07-01,crm analytics bindings example,SAQL & How-To,Informational,/saql,28,9323,849,3,0.003,true,Germany
2025-07-08,crm analytics bindings example,SAQL & How-To,Informational,/saql,30,9323,787,2,0.003,false,India
2025-07-15,crm analytics bindings example,SAQL & How-To,Informational,/saql,30,9323,939,3,0.003,true,Germany
2025-07-22,crm analytics bindings example,SAQL & How-To,Informational,/saql,27,9323,676,2,0.003,false,United States
2025-07-29,crm analytics bindings example,SAQL & How-To,Informational,/saql,27,9323,895,3,0.003,false,India
2025-08-05,crm analytics bindings example,SAQL & How-To,Informational,/saql,25,9323,951,3,0.003,true,Australia
2025-08-12,crm analytics bindings example,SAQL & How-To,Informational,/saql,23,9323,852,3,0.003,false,United Kingdom
2025-08-19,crm analytics bindings example,SAQL & How-To,Informational,/saql,21,9323,851,3,0.003,false,United Kingdom
2025-08-26,crm analytics bindings example,SAQL & How-To,Informational,/saql,20,9323,2741,30,0.011,false,United Kingdom
2025-09-02,crm analytics bindings example,SAQL & How-To,Informational,/saql,20,9323,2457,27,0.011,true,Germany
2025-09-09,crm analytics bindings example,SAQL & How-To,Informational,/saql,23,9323,939,3,0.003,true,Germany
2025-09-16,crm analytics bindings example,SAQL & How-To,Informational,/saql,22,9323,807,2,0.003,false,India
2025-09-23,crm analytics bindings example,SAQL & How-To,Informational,/saql,24,9323,762,2,0.003,false,United States
2025-09-30,crm analytics bindings example,SAQL & How-To,Informational,/saql,26,9323,727,2,0.003,true,Germany
2025-10-07,crm analytics bindings example,SAQL & How-To,Informational,/saql,24,9323,918,3,0.003,false,India
2025-10-14,crm analytics bindings example,SAQL & How-To,Informational,/saql,25,9323,931,3,0.003,true,United States
2025-10-21,crm analytics bindings example,SAQL & How-To,Informational,/saql,25,9323,728,2,0.003,false,Germany
2025-10-28,crm analytics bindings example,SAQL & How-To,Informational,/saql,25,9323,800,2,0.003,true,Australia
2025-11-04,crm analytics bindings example,SAQL & How-To,Informational,/saql,26,9323,681,2,0.003,false,United States
2025-11-11,crm analytics bindings example,SAQL & How-To,Informational,/saql,25,9323,792,2,0.003,true,United Kingdom
2025-11-18,crm analytics bindings example,SAQL & How-To,Informational,/saql,23,9323,862,3,0.003,false,Germany
2025-11-25,crm analytics bindings example,SAQL & How-To,Informational,/saql,22,9323,995,3,0.003,true,Germany
2025-12-02,crm analytics bindings example,SAQL & How-To,Informational,/saql,23,9323,982,3,0.003,false,Germany
2025-12-09,crm analytics bindings example,SAQL & How-To,Informational,/saql,26,9323,856,3,0.003,false,Germany
2025-12-16,crm analytics bindings example,SAQL & How-To,Informational,/saql,27,9323,805,2,0.003,false,United States
2025-12-23,crm analytics bindings example,SAQL & How-To,Informational,/saql,26,9323,970,3,0.003,true,Germany
2025-12-30,crm analytics bindings example,SAQL & How-To,Informational,/saql,25,9323,889,3,0.003,true,India
2026-01-06,crm analytics bindings example,SAQL & How-To,Informational,/saql,21,9323,797,2,0.003,true,Germany
2026-01-13,crm analytics bindings example,SAQL & How-To,Informational,/saql,21,9323,775,2,0.003,true,India
2026-01-20,crm analytics bindings example,SAQL & How-To,Informational,/saql,19,9323,2319,26,0.011,true,United Kingdom
2026-01-27,crm analytics bindings example,SAQL & How-To,Informational,/saql,22,9323,894,3,0.003,true,United States
2026-02-03,crm analytics bindings example,SAQL & How-To,Informational,/saql,24,9323,942,3,0.003,true,Australia
2026-02-10,crm analytics bindings example,SAQL & How-To,Informational,/saql,20,9323,2996,33,0.011,true,United Kingdom
2026-02-17,crm analytics bindings example,SAQL & How-To,Informational,/saql,21,9323,920,3,0.003,true,United States
2026-02-24,crm analytics bindings example,SAQL & How-To,Informational,/saql,21,9323,934,3,0.003,true,Australia
2026-03-03,crm analytics bindings example,SAQL & How-To,Informational,/saql,21,9323,679,2,0.003,true,Germany
2026-03-10,crm analytics bindings example,SAQL & How-To,Informational,/saql,21,9323,795,2,0.003,false,United Kingdom
2026-03-17,crm analytics bindings example,SAQL & How-To,Informational,/saql,20,9323,2766,30,0.011,true,United States
2026-03-24,crm analytics bindings example,SAQL & How-To,Informational,/saql,22,9323,890,3,0.003,true,Germany
2026-03-31,crm analytics bindings example,SAQL & How-To,Informational,/saql,18,9323,2997,33,0.011,false,Germany
2026-04-07,crm analytics bindings example,SAQL & How-To,Informational,/saql,17,9323,2832,31,0.011,true,Australia
2026-04-14,crm analytics bindings example,SAQL & How-To,Informational,/saql,16,9323,2919,32,0.011,true,Germany
2026-04-21,crm analytics bindings example,SAQL & How-To,Informational,/saql,13,9323,2705,30,0.011,true,United Kingdom
2026-04-28,crm analytics bindings example,SAQL & How-To,Informational,/saql,15,9323,2799,31,0.011,false,Australia
2026-05-05,crm analytics bindings example,SAQL & How-To,Informational,/saql,17,9323,2219,24,0.011,true,India
2026-05-12,crm analytics bindings example,SAQL & How-To,Informational,/saql,15,9323,2183,24,0.011,true,United Kingdom
2026-05-19,crm analytics bindings example,SAQL & How-To,Informational,/saql,16,9323,2216,24,0.011,true,India
2026-05-26,crm analytics bindings example,SAQL & How-To,Informational,/saql,15,9323,2569,28,0.011,false,United States
2026-06-02,crm analytics bindings example,SAQL & How-To,Informational,/saql,11,9323,2722,30,0.011,true,India
2026-06-09,crm analytics bindings example,SAQL & How-To,Informational,/saql,12,9323,2479,27,0.011,true,United Kingdom
2026-06-16,crm analytics bindings example,SAQL & How-To,Informational,/saql,13,9323,2364,26,0.011,false,United Kingdom
2026-06-23,crm analytics bindings example,SAQL & How-To,Informational,/saql,10,9323,6102,189,0.031,true,United States
2026-06-30,crm analytics bindings example,SAQL & How-To,Informational,/saql,13,9323,2420,27,0.011,false,Australia
2026-07-07,crm analytics bindings example,SAQL & How-To,Informational,/saql,13,9323,2881,32,0.011,true,India
2026-07-14,crm analytics bindings example,SAQL & How-To,Informational,/saql,14,9323,2422,27,0.011,false,United Kingdom
2026-07-21,crm analytics bindings example,SAQL & How-To,Informational,/saql,12,9323,2938,32,0.011,false,United Kingdom
2026-07-28,crm analytics bindings example,SAQL & How-To,Informational,/saql,15,9323,2398,26,0.011,true,Germany
2026-08-04,crm analytics bindings example,SAQL & How-To,Informational,/saql,14,9323,2557,28,0.011,true,Australia
2026-08-11,crm analytics bindings example,SAQL & How-To,Informational,/saql,15,9323,2784,31,0.011,false,India
2026-08-18,crm analytics bindings example,SAQL & How-To,Informational,/saql,16,9323,2994,33,0.011,true,United States
2026-08-25,crm analytics bindings example,SAQL & How-To,Informational,/saql,15,9323,2522,28,0.011,false,United Kingdom
2026-09-01,crm analytics bindings example,SAQL & How-To,Informational,/saql,14,9323,2215,24,0.011,true,Germany
2026-09-08,crm analytics bindings example,SAQL & How-To,Informational,/saql,14,9323,2532,28,0.011,true,Germany
2026-09-15,crm analytics bindings example,SAQL & How-To,Informational,/saql,14,9323,2645,29,0.011,false,India
2026-09-22,crm analytics bindings example,SAQL & How-To,Informational,/saql,15,9323,2959,33,0.011,true,Germany
2026-09-29,crm analytics bindings example,SAQL & How-To,Informational,/saql,12,9323,2318,25,0.011,true,Australia
2025-04-01,crm analytics recipe join,SAQL & How-To,Informational,/saql,4,18745,12685,1040,0.082,false,United Kingdom
2025-04-08,crm analytics recipe join,SAQL & How-To,Informational,/saql,6,18745,12226,379,0.031,true,United Kingdom
2025-04-15,crm analytics recipe join,SAQL & How-To,Informational,/saql,5,18745,10595,869,0.082,false,Germany
2025-04-22,crm analytics recipe join,SAQL & How-To,Informational,/saql,3,18745,10789,1618,0.15,false,United Kingdom
2025-04-29,crm analytics recipe join,SAQL & How-To,Informational,/saql,3,18745,9990,1499,0.15,true,United Kingdom
2025-05-06,crm analytics recipe join,SAQL & How-To,Informational,/saql,1,18745,9325,2611,0.28,true,Australia
2025-05-13,crm analytics recipe join,SAQL & How-To,Informational,/saql,1,18745,12659,3545,0.28,true,United States
2025-05-20,crm analytics recipe join,SAQL & How-To,Informational,/saql,2,18745,13469,2020,0.15,true,Australia
2025-05-27,crm analytics recipe join,SAQL & How-To,Informational,/saql,3,18745,9448,1417,0.15,false,United Kingdom
2025-06-03,crm analytics recipe join,SAQL & How-To,Informational,/saql,4,18745,12504,1025,0.082,true,United Kingdom
2025-06-10,crm analytics recipe join,SAQL & How-To,Informational,/saql,5,18745,10446,857,0.082,false,United States
2025-06-17,crm analytics recipe join,SAQL & How-To,Informational,/saql,7,18745,11461,355,0.031,true,Australia
2025-06-24,crm analytics recipe join,SAQL & How-To,Informational,/saql,5,18745,13002,1066,0.082,true,Australia
2025-07-01,crm analytics recipe join,SAQL & How-To,Informational,/saql,6,18745,13385,415,0.031,true,India
2025-07-08,crm analytics recipe join,SAQL & How-To,Informational,/saql,6,18745,9891,307,0.031,true,Germany
2025-07-15,crm analytics recipe join,SAQL & How-To,Informational,/saql,5,18745,10710,878,0.082,true,United Kingdom
2025-07-22,crm analytics recipe join,SAQL & How-To,Informational,/saql,4,18745,10186,835,0.082,true,Germany
2025-07-29,crm analytics recipe join,SAQL & How-To,Informational,/saql,4,18745,10996,902,0.082,false,United States
2025-08-05,crm analytics recipe join,SAQL & How-To,Informational,/saql,1,18745,10638,2979,0.28,false,India
2025-08-12,crm analytics recipe join,SAQL & How-To,Informational,/saql,4,18745,9809,804,0.082,false,India
2025-08-19,crm analytics recipe join,SAQL & How-To,Informational,/saql,5,18745,12401,1017,0.082,false,Australia
2025-08-26,crm analytics recipe join,SAQL & How-To,Informational,/saql,8,18745,11765,365,0.031,true,India
2025-09-02,crm analytics recipe join,SAQL & How-To,Informational,/saql,6,18745,9933,308,0.031,true,India
2025-09-09,crm analytics recipe join,SAQL & How-To,Informational,/saql,8,18745,9596,297,0.031,true,India
2025-09-16,crm analytics recipe join,SAQL & How-To,Informational,/saql,10,18745,10415,323,0.031,true,India
2025-09-23,crm analytics recipe join,SAQL & How-To,Informational,/saql,12,18745,4479,49,0.011,true,India
2025-09-30,crm analytics recipe join,SAQL & How-To,Informational,/saql,15,18745,5270,58,0.011,true,United States
2025-10-07,crm analytics recipe join,SAQL & How-To,Informational,/saql,15,18745,4315,47,0.011,true,Australia
2025-10-14,crm analytics recipe join,SAQL & How-To,Informational,/saql,17,18745,6143,68,0.011,true,Germany
2025-10-21,crm analytics recipe join,SAQL & How-To,Informational,/saql,18,18745,5877,65,0.011,true,United Kingdom
2025-10-28,crm analytics recipe join,SAQL & How-To,Informational,/saql,17,18745,5828,64,0.011,false,Australia
2025-11-04,crm analytics recipe join,SAQL & How-To,Informational,/saql,16,18745,4980,55,0.011,false,Australia
2025-11-11,crm analytics recipe join,SAQL & How-To,Informational,/saql,19,18745,5195,57,0.011,true,United Kingdom
2025-11-18,crm analytics recipe join,SAQL & How-To,Informational,/saql,19,18745,5374,59,0.011,true,Australia
2025-11-25,crm analytics recipe join,SAQL & How-To,Informational,/saql,21,18745,1570,5,0.003,true,India
2025-12-02,crm analytics recipe join,SAQL & How-To,Informational,/saql,21,18745,1707,5,0.003,false,Australia
2025-12-09,crm analytics recipe join,SAQL & How-To,Informational,/saql,21,18745,1881,6,0.003,true,Australia
2025-12-16,crm analytics recipe join,SAQL & How-To,Informational,/saql,24,18745,1449,4,0.003,false,Germany
2025-12-23,crm analytics recipe join,SAQL & How-To,Informational,/saql,24,18745,1490,4,0.003,false,United Kingdom
2025-12-30,crm analytics recipe join,SAQL & How-To,Informational,/saql,23,18745,1754,5,0.003,true,United Kingdom
2026-01-06,crm analytics recipe join,SAQL & How-To,Informational,/saql,26,18745,1836,6,0.003,false,Australia
2026-01-13,crm analytics recipe join,SAQL & How-To,Informational,/saql,26,18745,1357,4,0.003,true,Germany
2026-01-20,crm analytics recipe join,SAQL & How-To,Informational,/saql,27,18745,1655,5,0.003,false,Australia
2026-01-27,crm analytics recipe join,SAQL & How-To,Informational,/saql,26,18745,1929,6,0.003,true,India
2026-02-03,crm analytics recipe join,SAQL & How-To,Informational,/saql,28,18745,1767,5,0.003,true,Germany
2026-02-10,crm analytics recipe join,SAQL & How-To,Informational,/saql,27,18745,1742,5,0.003,true,Australia
2026-02-17,crm analytics recipe join,SAQL & How-To,Informational,/saql,28,18745,1602,5,0.003,true,Germany
2026-02-24,crm analytics recipe join,SAQL & How-To,Informational,/saql,27,18745,1531,5,0.003,false,India
2026-03-03,crm analytics recipe join,SAQL & How-To,Informational,/saql,32,18745,1376,4,0.003,true,Germany
2026-03-10,crm analytics recipe join,SAQL & How-To,Informational,/saql,29,18745,1608,5,0.003,true,United States
2026-03-17,crm analytics recipe join,SAQL & How-To,Informational,/saql,29,18745,2010,6,0.003,true,Australia
2026-03-24,crm analytics recipe join,SAQL & How-To,Informational,/saql,31,18745,1667,5,0.003,true,Germany
2026-03-31,crm analytics recipe join,SAQL & How-To,Informational,/saql,30,18745,1586,5,0.003,false,Germany
2026-04-07,crm analytics recipe join,SAQL & How-To,Informational,/saql,30,18745,1750,5,0.003,true,United States
2026-04-14,crm analytics recipe join,SAQL & How-To,Informational,/saql,33,18745,2012,6,0.003,false,United Kingdom
2026-04-21,crm analytics recipe join,SAQL & How-To,Informational,/saql,30,18745,1847,6,0.003,false,Australia
2026-04-28,crm analytics recipe join,SAQL & How-To,Informational,/saql,33,18745,1565,5,0.003,false,India
2026-05-05,crm analytics recipe join,SAQL & How-To,Informational,/saql,33,18745,1679,5,0.003,true,United States
2026-05-12,crm analytics recipe join,SAQL & How-To,Informational,/saql,34,18745,1969,6,0.003,false,United Kingdom
2026-05-19,crm analytics recipe join,SAQL & How-To,Informational,/saql,33,18745,1850,6,0.003,false,Australia
2026-05-26,crm analytics recipe join,SAQL & How-To,Informational,/saql,33,18745,1550,5,0.003,true,Germany
2026-06-02,crm analytics recipe join,SAQL & How-To,Informational,/saql,35,18745,1820,5,0.003,true,India
2026-06-09,crm analytics recipe join,SAQL & How-To,Informational,/saql,34,18745,1663,5,0.003,false,United Kingdom
2026-06-16,crm analytics recipe join,SAQL & How-To,Informational,/saql,32,18745,1864,6,0.003,true,India
2026-06-23,crm analytics recipe join,SAQL & How-To,Informational,/saql,31,18745,1793,5,0.003,true,United Kingdom
2026-06-30,crm analytics recipe join,SAQL & How-To,Informational,/saql,32,18745,1631,5,0.003,false,Australia
2026-07-07,crm analytics recipe join,SAQL & How-To,Informational,/saql,32,18745,1952,6,0.003,false,United Kingdom
2026-07-14,crm analytics recipe join,SAQL & How-To,Informational,/saql,32,18745,1525,5,0.003,true,Australia
2026-07-21,crm analytics recipe join,SAQL & How-To,Informational,/saql,30,18745,1874,6,0.003,true,India
2026-07-28,crm analytics recipe join,SAQL & How-To,Informational,/saql,27,18745,1957,6,0.003,true,Germany
2026-08-04,crm analytics recipe join,SAQL & How-To,Informational,/saql,25,18745,1593,5,0.003,true,United Kingdom
2026-08-11,crm analytics recipe join,SAQL & How-To,Informational,/saql,24,18745,1786,5,0.003,true,India
2026-08-18,crm analytics recipe join,SAQL & How-To,Informational,/saql,23,18745,1362,4,0.003,true,United States
2026-08-25,crm analytics recipe join,SAQL & How-To,Informational,/saql,27,18745,1785,5,0.003,false,United States
2026-09-01,crm analytics recipe join,SAQL & How-To,Informational,/saql,25,18745,1789,5,0.003,false,United States
2026-09-08,crm analytics recipe join,SAQL & How-To,Informational,/saql,23,18745,1496,4,0.003,false,Australia
2026-09-15,crm analytics recipe join,SAQL & How-To,Informational,/saql,22,18745,1756,5,0.003,false,United Kingdom
2026-09-22,crm analytics recipe join,SAQL & How-To,Informational,/saql,23,18745,1713,5,0.003,true,Australia
2026-09-29,crm analytics recipe join,SAQL & How-To,Informational,/saql,21,18745,1354,4,0.003,true,United States
2025-04-01,what is a dataset in crm analytics,SAQL & How-To,Informational,/saql,41,9982,1043,3,0.003,true,India
2025-04-08,what is a dataset in crm analytics,SAQL & How-To,Informational,/saql,43,9982,744,2,0.003,false,India
2025-04-15,what is a dataset in crm analytics,SAQL & How-To,Informational,/saql,42,9982,812,2,0.003,true,United States
2025-04-22,what is a dataset in crm analytics,SAQL & How-To,Informational,/saql,41,9982,1016,3,0.003,false,Australia
2025-04-29,what is a dataset in crm analytics,SAQL & How-To,Informational,/saql,39,9982,771,2,0.003,true,Australia
2025-05-06,what is a dataset in crm analytics,SAQL & How-To,Informational,/saql,39,9982,729,2,0.003,true,India
2025-05-13,what is a dataset in crm analytics,SAQL & How-To,Informational,/saql,44,9982,997,3,0.003,true,Germany
2025-05-20,what is a dataset in crm analytics,SAQL & How-To,Informational,/saql,44,9982,1056,3,0.003,false,India
2025-05-27,what is a dataset in crm analytics,SAQL & How-To,Informational,/saql,46,9982,1074,3,0.003,false,Germany
2025-06-03,what is a dataset in crm analytics,SAQL & How-To,Informational,/saql,47,9982,849,3,0.003,true,Germany
2025-06-10,what is a dataset in crm analytics,SAQL & How-To,Informational,/saql,48,9982,1076,3,0.003,true,United Kingdom
2025-06-17,what is a dataset in crm analytics,SAQL & How-To,Informational,/saql,49,9982,890,3,0.003,false,Germany
2025-06-24,what is a dataset in crm analytics,SAQL & How-To,Informational,/saql,47,9982,1019,3,0.003,true,India
2025-07-01,what is a dataset in crm analytics,SAQL & How-To,Informational,/saql,47,9982,976,3,0.003,true,United States
2025-07-08,what is a dataset in crm analytics,SAQL & How-To,Informational,/saql,44,9982,984,3,0.003,true,United States
2025-07-15,what is a dataset in crm analytics,SAQL & How-To,Informational,/saql,46,9982,1003,3,0.003,false,India
2025-07-22,what is a dataset in crm analytics,SAQL & How-To,Informational,/saql,46,9982,892,3,0.003,true,United States
2025-07-29,what is a dataset in crm analytics,SAQL & How-To,Informational,/saql,49,9982,777,2,0.003,true,United Kingdom
2025-08-05,what is a dataset in crm analytics,SAQL & How-To,Informational,/saql,48,9982,934,3,0.003,true,India
2025-08-12,what is a dataset in crm analytics,SAQL & How-To,Informational,/saql,47,9982,971,3,0.003,true,United States
2025-08-19,what is a dataset in crm analytics,SAQL & How-To,Informational,/saql,48,9982,829,2,0.003,true,United Kingdom
2025-08-26,what is a dataset in crm analytics,SAQL & How-To,Informational,/saql,50,9982,825,2,0.003,true,United States
2025-09-02,what is a dataset in crm analytics,SAQL & How-To,Informational,/saql,50,9982,805,2,0.003,false,Germany
2025-09-09,what is a dataset in crm analytics,SAQL & How-To,Informational,/saql,51,9982,878,3,0.003,true,United Kingdom
2025-09-16,what is a dataset in crm analytics,SAQL & How-To,Informational,/saql,51,9982,733,2,0.003,true,India
2025-09-23,what is a dataset in crm analytics,SAQL & How-To,Informational,/saql,52,9982,824,2,0.003,false,Australia
2025-09-30,what is a dataset in crm analytics,SAQL & How-To,Informational,/saql,54,9982,896,3,0.003,false,United Kingdom
2025-10-07,what is a dataset in crm analytics,SAQL & How-To,Informational,/saql,53,9982,946,3,0.003,false,India
2025-10-14,what is a dataset in crm analytics,SAQL & How-To,Informational,/saql,55,9982,794,2,0.003,false,United States
2025-10-21,what is a dataset in crm analytics,SAQL & How-To,Informational,/saql,55,9982,1014,3,0.003,true,United States
2025-10-28,what is a dataset in crm analytics,SAQL & How-To,Informational,/saql,53,9982,949,3,0.003,false,United States
2025-11-04,what is a dataset in crm analytics,SAQL & How-To,Informational,/saql,53,9982,1069,3,0.003,false,India
2025-11-11,what is a dataset in crm analytics,SAQL & How-To,Informational,/saql,53,9982,1064,3,0.003,true,Germany
2025-11-18,what is a dataset in crm analytics,SAQL & How-To,Informational,/saql,52,9982,1065,3,0.003,false,Australia
2025-11-25,what is a dataset in crm analytics,SAQL & How-To,Informational,/saql,54,9982,746,2,0.003,true,India
2025-12-02,what is a dataset in crm analytics,SAQL & How-To,Informational,/saql,54,9982,819,2,0.003,false,United Kingdom
2025-12-09,what is a dataset in crm analytics,SAQL & How-To,Informational,/saql,54,9982,842,3,0.003,false,Australia
2025-12-16,what is a dataset in crm analytics,SAQL & How-To,Informational,/saql,54,9982,841,3,0.003,false,India
2025-12-23,what is a dataset in crm analytics,SAQL & How-To,Informational,/saql,56,9982,1037,3,0.003,true,India
2025-12-30,what is a dataset in crm analytics,SAQL & How-To,Informational,/saql,57,9982,986,3,0.003,false,Australia
2026-01-06,what is a dataset in crm analytics,SAQL & How-To,Informational,/saql,56,9982,893,3,0.003,true,United Kingdom
2026-01-13,what is a dataset in crm analytics,SAQL & How-To,Informational,/saql,55,9982,749,2,0.003,false,Australia
2026-01-20,what is a dataset in crm analytics,SAQL & How-To,Informational,/saql,55,9982,847,3,0.003,false,Germany
2026-01-27,what is a dataset in crm analytics,SAQL & How-To,Informational,/saql,58,9982,824,2,0.003,false,United States
2026-02-03,what is a dataset in crm analytics,SAQL & How-To,Informational,/saql,55,9982,1007,3,0.003,false,India
2026-02-10,what is a dataset in crm analytics,SAQL & How-To,Informational,/saql,53,9982,787,2,0.003,true,India
2026-02-17,what is a dataset in crm analytics,SAQL & How-To,Informational,/saql,54,9982,817,2,0.003,true,India
2026-02-24,what is a dataset in crm analytics,SAQL & How-To,Informational,/saql,56,9982,771,2,0.003,false,United Kingdom
2026-03-03,what is a dataset in crm analytics,SAQL & How-To,Informational,/saql,57,9982,1075,3,0.003,false,Australia
2026-03-10,what is a dataset in crm analytics,SAQL & How-To,Informational,/saql,60,9982,869,3,0.003,false,United States
2026-03-17,what is a dataset in crm analytics,SAQL & How-To,Informational,/saql,59,9982,909,3,0.003,true,United States
2026-03-24,what is a dataset in crm analytics,SAQL & How-To,Informational,/saql,60,9982,1043,3,0.003,true,India
2026-03-31,what is a dataset in crm analytics,SAQL & How-To,Informational,/saql,61,9982,861,3,0.003,true,United States
2026-04-07,what is a dataset in crm analytics,SAQL & How-To,Informational,/saql,62,9982,1009,3,0.003,true,India
2026-04-14,what is a dataset in crm analytics,SAQL & How-To,Informational,/saql,63,9982,1024,3,0.003,false,Australia
2026-04-21,what is a dataset in crm analytics,SAQL & How-To,Informational,/saql,65,9982,861,3,0.003,false,United Kingdom
2026-04-28,what is a dataset in crm analytics,SAQL & How-To,Informational,/saql,67,9982,964,3,0.003,true,Australia
2026-05-05,what is a dataset in crm analytics,SAQL & How-To,Informational,/saql,66,9982,1071,3,0.003,true,United States
2026-05-12,what is a dataset in crm analytics,SAQL & How-To,Informational,/saql,66,9982,1038,3,0.003,false,Australia
2026-05-19,what is a dataset in crm analytics,SAQL & How-To,Informational,/saql,64,9982,907,3,0.003,true,United States
2026-05-26,what is a dataset in crm analytics,SAQL & How-To,Informational,/saql,65,9982,1061,3,0.003,false,United States
2026-06-02,what is a dataset in crm analytics,SAQL & How-To,Informational,/saql,67,9982,870,3,0.003,true,Germany
2026-06-09,what is a dataset in crm analytics,SAQL & How-To,Informational,/saql,65,9982,878,3,0.003,true,Germany
2026-06-16,what is a dataset in crm analytics,SAQL & How-To,Informational,/saql,64,9982,983,3,0.003,true,Australia
2026-06-23,what is a dataset in crm analytics,SAQL & How-To,Informational,/saql,64,9982,929,3,0.003,true,Australia
2026-06-30,what is a dataset in crm analytics,SAQL & How-To,Informational,/saql,65,9982,948,3,0.003,false,Germany
2026-07-07,what is a dataset in crm analytics,SAQL & How-To,Informational,/saql,68,9982,944,3,0.003,true,India
2026-07-14,what is a dataset in crm analytics,SAQL & How-To,Informational,/saql,70,9982,770,2,0.003,true,India
2026-07-21,what is a dataset in crm analytics,SAQL & How-To,Informational,/saql,67,9982,998,3,0.003,true,Germany
2026-07-28,what is a dataset in crm analytics,SAQL & How-To,Informational,/saql,67,9982,961,3,0.003,false,India
2026-08-04,what is a dataset in crm analytics,SAQL & How-To,Informational,/saql,65,9982,858,3,0.003,true,Germany
2026-08-11,what is a dataset in crm analytics,SAQL & How-To,Informational,/saql,67,9982,854,3,0.003,false,Australia
2026-08-18,what is a dataset in crm analytics,SAQL & How-To,Informational,/saql,66,9982,969,3,0.003,false,United Kingdom
2026-08-25,what is a dataset in crm analytics,SAQL & How-To,Informational,/saql,65,9982,840,3,0.003,false,Australia
2026-09-01,what is a dataset in crm analytics,SAQL & How-To,Informational,/saql,65,9982,771,2,0.003,false,Germany
2026-09-08,what is a dataset in crm analytics,SAQL & How-To,Informational,/saql,64,9982,818,2,0.003,false,Australia
2026-09-15,what is a dataset in crm analytics,SAQL & How-To,Informational,/saql,63,9982,943,3,0.003,false,Germany
2026-09-22,what is a dataset in crm analytics,SAQL & How-To,Informational,/saql,63,9982,802,2,0.003,false,India
2026-09-29,what is a dataset in crm analytics,SAQL & How-To,Informational,/saql,59,9982,793,2,0.003,false,India
2025-04-01,salesforce team training,Corporate Training,Commercial,/teams,16,4640,1110,12,0.011,false,United States
2025-04-08,salesforce team training,Corporate Training,Commercial,/teams,15,4640,1232,14,0.011,true,Australia
2025-04-15,salesforce team training,Corporate Training,Commercial,/teams,17,4640,1266,14,0.011,true,Australia
2025-04-22,salesforce team training,Corporate Training,Commercial,/teams,17,4640,1214,13,0.011,true,India
2025-04-29,salesforce team training,Corporate Training,Commercial,/teams,15,4640,1203,13,0.011,false,Germany
2025-05-06,salesforce team training,Corporate Training,Commercial,/teams,18,4640,1351,15,0.011,false,India
2025-05-13,salesforce team training,Corporate Training,Commercial,/teams,17,4640,1247,14,0.011,false,India
2025-05-20,salesforce team training,Corporate Training,Commercial,/teams,17,4640,1171,13,0.011,false,United States
2025-05-27,salesforce team training,Corporate Training,Commercial,/teams,16,4640,1518,17,0.011,false,India
2025-06-03,salesforce team training,Corporate Training,Commercial,/teams,17,4640,1262,14,0.011,false,Germany
2025-06-10,salesforce team training,Corporate Training,Commercial,/teams,16,4640,1387,15,0.011,false,Germany
2025-06-17,salesforce team training,Corporate Training,Commercial,/teams,17,4640,1384,15,0.011,true,India
2025-06-24,salesforce team training,Corporate Training,Commercial,/teams,16,4640,1232,14,0.011,false,Australia
2025-07-01,salesforce team training,Corporate Training,Commercial,/teams,16,4640,1184,13,0.011,false,India
2025-07-08,salesforce team training,Corporate Training,Commercial,/teams,17,4640,1341,15,0.011,false,United States
2025-07-15,salesforce team training,Corporate Training,Commercial,/teams,15,4640,1242,14,0.011,false,India
2025-07-22,salesforce team training,Corporate Training,Commercial,/teams,17,4640,1383,15,0.011,false,Germany
2025-07-29,salesforce team training,Corporate Training,Commercial,/teams,17,4640,1186,13,0.011,true,Germany
2025-08-05,salesforce team training,Corporate Training,Commercial,/teams,17,4640,1459,16,0.011,false,United Kingdom
2025-08-12,salesforce team training,Corporate Training,Commercial,/teams,16,4640,1269,14,0.011,false,United States
2025-08-19,salesforce team training,Corporate Training,Commercial,/teams,16,4640,1344,15,0.011,false,United States
2025-08-26,salesforce team training,Corporate Training,Commercial,/teams,15,4640,1156,13,0.011,false,India
2025-09-02,salesforce team training,Corporate Training,Commercial,/teams,16,4640,1427,16,0.011,false,Germany
2025-09-09,salesforce team training,Corporate Training,Commercial,/teams,17,4640,1295,14,0.011,false,United Kingdom
2025-09-16,salesforce team training,Corporate Training,Commercial,/teams,19,4640,1142,13,0.011,false,United Kingdom
2025-09-23,salesforce team training,Corporate Training,Commercial,/teams,18,4640,1550,17,0.011,false,Germany
2025-09-30,salesforce team training,Corporate Training,Commercial,/teams,20,4640,1134,12,0.011,false,United Kingdom
2025-10-07,salesforce team training,Corporate Training,Commercial,/teams,18,4640,1396,15,0.011,false,Australia
2025-10-14,salesforce team training,Corporate Training,Commercial,/teams,18,4640,1070,12,0.011,false,Germany
2025-10-21,salesforce team training,Corporate Training,Commercial,/teams,19,4640,1199,13,0.011,false,United States
2025-10-28,salesforce team training,Corporate Training,Commercial,/teams,22,4640,396,1,0.003,false,Australia
2025-11-04,salesforce team training,Corporate Training,Commercial,/teams,24,4640,417,1,0.003,false,United States
2025-11-11,salesforce team training,Corporate Training,Commercial,/teams,26,4640,476,1,0.003,false,United Kingdom
2025-11-18,salesforce team training,Corporate Training,Commercial,/teams,26,4640,393,1,0.003,false,United Kingdom
2025-11-25,salesforce team training,Corporate Training,Commercial,/teams,28,4640,378,1,0.003,true,United Kingdom
2025-12-02,salesforce team training,Corporate Training,Commercial,/teams,27,4640,377,1,0.003,true,Australia
2025-12-09,salesforce team training,Corporate Training,Commercial,/teams,24,4640,398,1,0.003,false,United Kingdom
2025-12-16,salesforce team training,Corporate Training,Commercial,/teams,25,4640,479,1,0.003,false,India
2025-12-23,salesforce team training,Corporate Training,Commercial,/teams,25,4640,335,1,0.003,false,United Kingdom
2025-12-30,salesforce team training,Corporate Training,Commercial,/teams,24,4640,356,1,0.003,false,India
2026-01-06,salesforce team training,Corporate Training,Commercial,/teams,24,4640,457,1,0.003,false,United States
2026-01-13,salesforce team training,Corporate Training,Commercial,/teams,23,4640,385,1,0.003,false,Germany
2026-01-20,salesforce team training,Corporate Training,Commercial,/teams,22,4640,344,1,0.003,false,India
2026-01-27,salesforce team training,Corporate Training,Commercial,/teams,19,4640,1292,14,0.011,false,Germany
2026-02-03,salesforce team training,Corporate Training,Commercial,/teams,17,4640,1058,12,0.011,false,United States
2026-02-10,salesforce team training,Corporate Training,Commercial,/teams,17,4640,1514,17,0.011,false,United Kingdom
2026-02-17,salesforce team training,Corporate Training,Commercial,/teams,16,4640,1155,13,0.011,false,United States
2026-02-24,salesforce team training,Corporate Training,Commercial,/teams,16,4640,1432,16,0.011,false,India
2026-03-03,salesforce team training,Corporate Training,Commercial,/teams,16,4640,1115,12,0.011,false,Australia
2026-03-10,salesforce team training,Corporate Training,Commercial,/teams,18,4640,1139,13,0.011,false,Australia
2026-03-17,salesforce team training,Corporate Training,Commercial,/teams,16,4640,1120,12,0.011,false,India
2026-03-24,salesforce team training,Corporate Training,Commercial,/teams,13,4640,1490,16,0.011,false,United States
2026-03-31,salesforce team training,Corporate Training,Commercial,/teams,15,4640,1426,16,0.011,true,United States
2026-04-07,salesforce team training,Corporate Training,Commercial,/teams,14,4640,1227,13,0.011,false,Australia
2026-04-14,salesforce team training,Corporate Training,Commercial,/teams,13,4640,1291,14,0.011,false,United Kingdom
2026-04-21,salesforce team training,Corporate Training,Commercial,/teams,13,4640,1220,13,0.011,true,United States
2026-04-28,salesforce team training,Corporate Training,Commercial,/teams,13,4640,1404,15,0.011,false,United States
2026-05-05,salesforce team training,Corporate Training,Commercial,/teams,10,4640,3359,104,0.031,false,Germany
2026-05-12,salesforce team training,Corporate Training,Commercial,/teams,10,4640,3082,96,0.031,true,United Kingdom
2026-05-19,salesforce team training,Corporate Training,Commercial,/teams,9,4640,2796,87,0.031,false,United States
2026-05-26,salesforce team training,Corporate Training,Commercial,/teams,8,4640,3000,93,0.031,false,Germany
2026-06-02,salesforce team training,Corporate Training,Commercial,/teams,5,4640,3360,276,0.082,true,India
2026-06-09,salesforce team training,Corporate Training,Commercial,/teams,3,4640,3423,513,0.15,false,Australia
2026-06-16,salesforce team training,Corporate Training,Commercial,/teams,5,4640,3015,247,0.082,true,Australia
2026-06-23,salesforce team training,Corporate Training,Commercial,/teams,6,4640,2433,75,0.031,false,United States
2026-06-30,salesforce team training,Corporate Training,Commercial,/teams,6,4640,3154,98,0.031,false,United States
2026-07-07,salesforce team training,Corporate Training,Commercial,/teams,7,4640,3344,104,0.031,true,Germany
2026-07-14,salesforce team training,Corporate Training,Commercial,/teams,6,4640,3081,96,0.031,false,Germany
2026-07-21,salesforce team training,Corporate Training,Commercial,/teams,7,4640,2742,85,0.031,false,United States
2026-07-28,salesforce team training,Corporate Training,Commercial,/teams,5,4640,2948,242,0.082,false,United Kingdom
2026-08-04,salesforce team training,Corporate Training,Commercial,/teams,4,4640,2432,199,0.082,false,India
2026-08-11,salesforce team training,Corporate Training,Commercial,/teams,3,4640,3200,480,0.15,true,United Kingdom
2026-08-18,salesforce team training,Corporate Training,Commercial,/teams,2,4640,2837,426,0.15,false,United Kingdom
2026-08-25,salesforce team training,Corporate Training,Commercial,/teams,1,4640,3429,960,0.28,true,Germany
2026-09-01,salesforce team training,Corporate Training,Commercial,/teams,1,4640,2787,780,0.28,true,United Kingdom
2026-09-08,salesforce team training,Corporate Training,Commercial,/teams,1,4640,2834,794,0.28,false,Germany
2026-09-15,salesforce team training,Corporate Training,Commercial,/teams,1,4640,3105,869,0.28,false,United Kingdom
2026-09-22,salesforce team training,Corporate Training,Commercial,/teams,1,4640,2656,744,0.28,false,India
2026-09-29,salesforce team training,Corporate Training,Commercial,/teams,2,4640,2988,448,0.15,true,Australia
2025-04-01,crm analytics corporate training,Corporate Training,Commercial,/teams,11,25820,7124,78,0.011,false,United States
2025-04-08,crm analytics corporate training,Corporate Training,Commercial,/teams,11,25820,7063,78,0.011,false,Australia
2025-04-15,crm analytics corporate training,Corporate Training,Commercial,/teams,13,25820,7703,85,0.011,false,United Kingdom
2025-04-22,crm analytics corporate training,Corporate Training,Commercial,/teams,14,25820,8453,93,0.011,true,United Kingdom
2025-04-29,crm analytics corporate training,Corporate Training,Commercial,/teams,15,25820,6573,72,0.011,false,India
2025-05-06,crm analytics corporate training,Corporate Training,Commercial,/teams,15,25820,7972,88,0.011,false,Germany
2025-05-13,crm analytics corporate training,Corporate Training,Commercial,/teams,16,25820,6989,77,0.011,false,United States
2025-05-20,crm analytics corporate training,Corporate Training,Commercial,/teams,18,25820,6485,71,0.011,false,Australia
2025-05-27,crm analytics corporate training,Corporate Training,Commercial,/teams,20,25820,7768,85,0.011,false,United States
2025-06-03,crm analytics corporate training,Corporate Training,Commercial,/teams,23,25820,2166,6,0.003,false,India
2025-06-10,crm analytics corporate training,Corporate Training,Commercial,/teams,23,25820,2270,7,0.003,false,United States
2025-06-17,crm analytics corporate training,Corporate Training,Commercial,/teams,19,25820,6310,69,0.011,false,India
2025-06-24,crm analytics corporate training,Corporate Training,Commercial,/teams,18,25820,5856,64,0.011,false,United Kingdom
2025-07-01,crm analytics corporate training,Corporate Training,Commercial,/teams,18,25820,7713,85,0.011,false,Germany
2025-07-08,crm analytics corporate training,Corporate Training,Commercial,/teams,17,25820,6803,75,0.011,false,Australia
2025-07-15,crm analytics corporate training,Corporate Training,Commercial,/teams,14,25820,6865,76,0.011,false,United Kingdom
2025-07-22,crm analytics corporate training,Corporate Training,Commercial,/teams,17,25820,6358,70,0.011,false,Germany
2025-07-29,crm analytics corporate training,Corporate Training,Commercial,/teams,16,25820,8294,91,0.011,false,United Kingdom
2025-08-05,crm analytics corporate training,Corporate Training,Commercial,/teams,18,25820,7833,86,0.011,false,United States
2025-08-12,crm analytics corporate training,Corporate Training,Commercial,/teams,20,25820,5945,65,0.011,false,United Kingdom
2025-08-19,crm analytics corporate training,Corporate Training,Commercial,/teams,19,25820,8321,92,0.011,false,United States
2025-08-26,crm analytics corporate training,Corporate Training,Commercial,/teams,21,25820,2102,6,0.003,false,Germany
2025-09-02,crm analytics corporate training,Corporate Training,Commercial,/teams,22,25820,2126,6,0.003,false,Germany
2025-09-09,crm analytics corporate training,Corporate Training,Commercial,/teams,22,25820,2274,7,0.003,false,Germany
2025-09-16,crm analytics corporate training,Corporate Training,Commercial,/teams,21,25820,2540,8,0.003,false,Germany
2025-09-23,crm analytics corporate training,Corporate Training,Commercial,/teams,19,25820,7177,79,0.011,false,United States
2025-09-30,crm analytics corporate training,Corporate Training,Commercial,/teams,19,25820,6355,70,0.011,false,Germany
2025-10-07,crm analytics corporate training,Corporate Training,Commercial,/teams,22,25820,1926,6,0.003,false,Germany
2025-10-14,crm analytics corporate training,Corporate Training,Commercial,/teams,21,25820,1870,6,0.003,false,United Kingdom
2025-10-21,crm analytics corporate training,Corporate Training,Commercial,/teams,20,25820,7530,83,0.011,false,Germany
2025-10-28,crm analytics corporate training,Corporate Training,Commercial,/teams,18,25820,7991,88,0.011,false,Australia
2025-11-04,crm analytics corporate training,Corporate Training,Commercial,/teams,18,25820,5935,65,0.011,false,Australia
2025-11-11,crm analytics corporate training,Corporate Training,Commercial,/teams,18,25820,7329,81,0.011,false,Australia
2025-11-18,crm analytics corporate training,Corporate Training,Commercial,/teams,19,25820,6364,70,0.011,false,India
2025-11-25,crm analytics corporate training,Corporate Training,Commercial,/teams,17,25820,7602,84,0.011,false,India
2025-12-02,crm analytics corporate training,Corporate Training,Commercial,/teams,17,25820,8381,92,0.011,false,United Kingdom
2025-12-09,crm analytics corporate training,Corporate Training,Commercial,/teams,18,25820,7390,81,0.011,false,India
2025-12-16,crm analytics corporate training,Corporate Training,Commercial,/teams,16,25820,7533,83,0.011,false,United Kingdom
2025-12-23,crm analytics corporate training,Corporate Training,Commercial,/teams,16,25820,5964,66,0.011,true,Australia
2025-12-30,crm analytics corporate training,Corporate Training,Commercial,/teams,20,25820,7496,82,0.011,false,India
2026-01-06,crm analytics corporate training,Corporate Training,Commercial,/teams,22,25820,2583,8,0.003,false,United States
2026-01-13,crm analytics corporate training,Corporate Training,Commercial,/teams,23,25820,1939,6,0.003,false,India
2026-01-20,crm analytics corporate training,Corporate Training,Commercial,/teams,25,25820,2056,6,0.003,false,United Kingdom
2026-01-27,crm analytics corporate training,Corporate Training,Commercial,/teams,27,25820,2089,6,0.003,true,United States
2026-02-03,crm analytics corporate training,Corporate Training,Commercial,/teams,26,25820,2662,8,0.003,false,United Kingdom
2026-02-10,crm analytics corporate training,Corporate Training,Commercial,/teams,30,25820,1958,6,0.003,false,Germany
2026-02-17,crm analytics corporate training,Corporate Training,Commercial,/teams,30,25820,2381,7,0.003,false,United States
2026-02-24,crm analytics corporate training,Corporate Training,Commercial,/teams,30,25820,2541,8,0.003,true,Australia
2026-03-03,crm analytics corporate training,Corporate Training,Commercial,/teams,29,25820,2127,6,0.003,false,India
2026-03-10,crm analytics corporate training,Corporate Training,Commercial,/teams,31,25820,2668,8,0.003,false,United States
2026-03-17,crm analytics corporate training,Corporate Training,Commercial,/teams,32,25820,2321,7,0.003,false,India
2026-03-24,crm analytics corporate training,Corporate Training,Commercial,/teams,34,25820,2358,7,0.003,false,Germany
2026-03-31,crm analytics corporate training,Corporate Training,Commercial,/teams,36,25820,2104,6,0.003,true,Australia
2026-04-07,crm analytics corporate training,Corporate Training,Commercial,/teams,38,25820,2586,8,0.003,true,Germany
2026-04-14,crm analytics corporate training,Corporate Training,Commercial,/teams,38,25820,2708,8,0.003,false,India
2026-04-21,crm analytics corporate training,Corporate Training,Commercial,/teams,41,25820,2243,7,0.003,false,Australia
2026-04-28,crm analytics corporate training,Corporate Training,Commercial,/teams,40,25820,2227,7,0.003,true,Germany
2026-05-05,crm analytics corporate training,Corporate Training,Commercial,/teams,40,25820,1892,6,0.003,true,Germany
2026-05-12,crm analytics corporate training,Corporate Training,Commercial,/teams,41,25820,2326,7,0.003,true,Germany
2026-05-19,crm analytics corporate training,Corporate Training,Commercial,/teams,41,25820,2141,6,0.003,true,Australia
2026-05-26,crm analytics corporate training,Corporate Training,Commercial,/teams,43,25820,2036,6,0.003,false,Germany
2026-06-02,crm analytics corporate training,Corporate Training,Commercial,/teams,42,25820,2599,8,0.003,false,Germany
2026-06-09,crm analytics corporate training,Corporate Training,Commercial,/teams,43,25820,2784,8,0.003,true,United States
2026-06-16,crm analytics corporate training,Corporate Training,Commercial,/teams,47,25820,2023,6,0.003,false,Germany
2026-06-23,crm analytics corporate training,Corporate Training,Commercial,/teams,45,25820,2494,7,0.003,false,India
2026-06-30,crm analytics corporate training,Corporate Training,Commercial,/teams,42,25820,2380,7,0.003,false,United States
2026-07-07,crm analytics corporate training,Corporate Training,Commercial,/teams,43,25820,2396,7,0.003,false,India
2026-07-14,crm analytics corporate training,Corporate Training,Commercial,/teams,44,25820,2159,6,0.003,false,Germany
2026-07-21,crm analytics corporate training,Corporate Training,Commercial,/teams,43,25820,2416,7,0.003,false,Australia
2026-07-28,crm analytics corporate training,Corporate Training,Commercial,/teams,42,25820,2500,8,0.003,false,Australia
2026-08-04,crm analytics corporate training,Corporate Training,Commercial,/teams,45,25820,1929,6,0.003,true,India
2026-08-11,crm analytics corporate training,Corporate Training,Commercial,/teams,46,25820,2170,7,0.003,false,India
2026-08-18,crm analytics corporate training,Corporate Training,Commercial,/teams,45,25820,2758,8,0.003,true,Australia
2026-08-25,crm analytics corporate training,Corporate Training,Commercial,/teams,46,25820,1887,6,0.003,false,Germany
2026-09-01,crm analytics corporate training,Corporate Training,Commercial,/teams,44,25820,1949,6,0.003,false,Germany
2026-09-08,crm analytics corporate training,Corporate Training,Commercial,/teams,45,25820,2433,7,0.003,false,Germany
2026-09-15,crm analytics corporate training,Corporate Training,Commercial,/teams,43,25820,2487,7,0.003,false,United States
2026-09-22,crm analytics corporate training,Corporate Training,Commercial,/teams,42,25820,2594,8,0.003,false,United States
2026-09-29,crm analytics corporate training,Corporate Training,Commercial,/teams,41,25820,2240,7,0.003,true,India
2025-04-01,salesforce analytics workshop for teams,Corporate Training,Commercial,/teams,19,8120,2470,27,0.011,false,United Kingdom
2025-04-08,salesforce analytics workshop for teams,Corporate Training,Commercial,/teams,20,8120,2138,24,0.011,true,Australia
2025-04-15,salesforce analytics workshop for teams,Corporate Training,Commercial,/teams,20,8120,1972,22,0.011,false,United Kingdom
2025-04-22,salesforce analytics workshop for teams,Corporate Training,Commercial,/teams,20,8120,2452,27,0.011,true,United States
2025-04-29,salesforce analytics workshop for teams,Corporate Training,Commercial,/teams,19,8120,2670,29,0.011,false,United States
2025-05-06,salesforce analytics workshop for teams,Corporate Training,Commercial,/teams,21,8120,721,2,0.003,false,Australia
2025-05-13,salesforce analytics workshop for teams,Corporate Training,Commercial,/teams,21,8120,649,2,0.003,false,United States
2025-05-20,salesforce analytics workshop for teams,Corporate Training,Commercial,/teams,22,8120,660,2,0.003,false,Australia
2025-05-27,salesforce analytics workshop for teams,Corporate Training,Commercial,/teams,23,8120,741,2,0.003,false,Australia
2025-06-03,salesforce analytics workshop for teams,Corporate Training,Commercial,/teams,22,8120,874,3,0.003,true,United Kingdom
2025-06-10,salesforce analytics workshop for teams,Corporate Training,Commercial,/teams,22,8120,663,2,0.003,false,Australia
2025-06-17,salesforce analytics workshop for teams,Corporate Training,Commercial,/teams,23,8120,590,2,0.003,false,United Kingdom
2025-06-24,salesforce analytics workshop for teams,Corporate Training,Commercial,/teams,25,8120,773,2,0.003,false,United States
2025-07-01,salesforce analytics workshop for teams,Corporate Training,Commercial,/teams,25,8120,608,2,0.003,false,India
2025-07-08,salesforce analytics workshop for teams,Corporate Training,Commercial,/teams,22,8120,837,3,0.003,true,United Kingdom
2025-07-15,salesforce analytics workshop for teams,Corporate Training,Commercial,/teams,22,8120,638,2,0.003,false,United States
2025-07-22,salesforce analytics workshop for teams,Corporate Training,Commercial,/teams,21,8120,772,2,0.003,false,Australia
2025-07-29,salesforce analytics workshop for teams,Corporate Training,Commercial,/teams,23,8120,718,2,0.003,false,United States
2025-08-05,salesforce analytics workshop for teams,Corporate Training,Commercial,/teams,22,8120,622,2,0.003,true,United Kingdom
2025-08-12,salesforce analytics workshop for teams,Corporate Training,Commercial,/teams,24,8120,726,2,0.003,false,United States
2025-08-19,salesforce analytics workshop for teams,Corporate Training,Commercial,/teams,23,8120,635,2,0.003,false,Germany
2025-08-26,salesforce analytics workshop for teams,Corporate Training,Commercial,/teams,22,8120,851,3,0.003,false,United Kingdom
2025-09-02,salesforce analytics workshop for teams,Corporate Training,Commercial,/teams,20,8120,1981,22,0.011,true,United Kingdom
2025-09-09,salesforce analytics workshop for teams,Corporate Training,Commercial,/teams,23,8120,706,2,0.003,false,Australia
2025-09-16,salesforce analytics workshop for teams,Corporate Training,Commercial,/teams,24,8120,679,2,0.003,false,India
2025-09-23,salesforce analytics workshop for teams,Corporate Training,Commercial,/teams,26,8120,738,2,0.003,false,United States
2025-09-30,salesforce analytics workshop for teams,Corporate Training,Commercial,/teams,27,8120,632,2,0.003,true,India
2025-10-07,salesforce analytics workshop for teams,Corporate Training,Commercial,/teams,26,8120,595,2,0.003,false,India
2025-10-14,salesforce analytics workshop for teams,Corporate Training,Commercial,/teams,25,8120,733,2,0.003,false,United Kingdom
2025-10-21,salesforce analytics workshop for teams,Corporate Training,Commercial,/teams,25,8120,606,2,0.003,false,United Kingdom
2025-10-28,salesforce analytics workshop for teams,Corporate Training,Commercial,/teams,22,8120,703,2,0.003,false,Germany
2025-11-04,salesforce analytics workshop for teams,Corporate Training,Commercial,/teams,21,8120,657,2,0.003,false,United Kingdom
2025-11-11,salesforce analytics workshop for teams,Corporate Training,Commercial,/teams,20,8120,1956,22,0.011,false,Australia
2025-11-18,salesforce analytics workshop for teams,Corporate Training,Commercial,/teams,20,8120,2085,23,0.011,false,India
2025-11-25,salesforce analytics workshop for teams,Corporate Training,Commercial,/teams,17,8120,2171,24,0.011,false,India
2025-12-02,salesforce analytics workshop for teams,Corporate Training,Commercial,/teams,17,8120,2034,22,0.011,false,United States
2025-12-09,salesforce analytics workshop for teams,Corporate Training,Commercial,/teams,14,8120,2483,27,0.011,true,United States
2025-12-16,salesforce analytics workshop for teams,Corporate Training,Commercial,/teams,16,8120,2035,22,0.011,false,United Kingdom
2025-12-23,salesforce analytics workshop for teams,Corporate Training,Commercial,/teams,15,8120,1844,20,0.011,false,United Kingdom
2025-12-30,salesforce analytics workshop for teams,Corporate Training,Commercial,/teams,13,8120,2367,26,0.011,false,Australia
2026-01-06,salesforce analytics workshop for teams,Corporate Training,Commercial,/teams,13,8120,2504,28,0.011,false,Australia
2026-01-13,salesforce analytics workshop for teams,Corporate Training,Commercial,/teams,11,8120,2630,29,0.011,false,United Kingdom
2026-01-20,salesforce analytics workshop for teams,Corporate Training,Commercial,/teams,10,8120,4249,132,0.031,false,Australia
2026-01-27,salesforce analytics workshop for teams,Corporate Training,Commercial,/teams,9,8120,5820,180,0.031,false,United States
2026-02-03,salesforce analytics workshop for teams,Corporate Training,Commercial,/teams,8,8120,5459,169,0.031,false,Germany
2026-02-10,salesforce analytics workshop for teams,Corporate Training,Commercial,/teams,8,8120,4076,126,0.031,false,United States
2026-02-17,salesforce analytics workshop for teams,Corporate Training,Commercial,/teams,9,8120,4237,131,0.031,false,India
2026-02-24,salesforce analytics workshop for teams,Corporate Training,Commercial,/teams,10,8120,5116,159,0.031,false,United Kingdom
2026-03-03,salesforce analytics workshop for teams,Corporate Training,Commercial,/teams,11,8120,1826,20,0.011,false,United Kingdom
2026-03-10,salesforce analytics workshop for teams,Corporate Training,Commercial,/teams,11,8120,2510,28,0.011,false,India
2026-03-17,salesforce analytics workshop for teams,Corporate Training,Commercial,/teams,10,8120,5685,176,0.031,false,India
2026-03-24,salesforce analytics workshop for teams,Corporate Training,Commercial,/teams,10,8120,5234,162,0.031,true,Australia
2026-03-31,salesforce analytics workshop for teams,Corporate Training,Commercial,/teams,9,8120,5385,167,0.031,true,Germany
2026-04-07,salesforce analytics workshop for teams,Corporate Training,Commercial,/teams,10,8120,5710,177,0.031,false,Australia
2026-04-14,salesforce analytics workshop for teams,Corporate Training,Commercial,/teams,10,8120,5785,179,0.031,false,Germany
2026-04-21,salesforce analytics workshop for teams,Corporate Training,Commercial,/teams,12,8120,2558,28,0.011,false,United Kingdom
2026-04-28,salesforce analytics workshop for teams,Corporate Training,Commercial,/teams,10,8120,5167,160,0.031,false,India
2026-05-05,salesforce analytics workshop for teams,Corporate Training,Commercial,/teams,9,8120,4955,154,0.031,false,United States
2026-05-12,salesforce analytics workshop for teams,Corporate Training,Commercial,/teams,8,8120,5083,158,0.031,false,India
2026-05-19,salesforce analytics workshop for teams,Corporate Training,Commercial,/teams,7,8120,4984,155,0.031,true,United States
2026-05-26,salesforce analytics workshop for teams,Corporate Training,Commercial,/teams,4,8120,4664,382,0.082,false,Australia
2026-06-02,salesforce analytics workshop for teams,Corporate Training,Commercial,/teams,6,8120,4246,132,0.031,false,United States
2026-06-09,salesforce analytics workshop for teams,Corporate Training,Commercial,/teams,6,8120,4048,125,0.031,false,United Kingdom
2026-06-16,salesforce analytics workshop for teams,Corporate Training,Commercial,/teams,7,8120,5775,179,0.031,false,Australia
2026-06-23,salesforce analytics workshop for teams,Corporate Training,Commercial,/teams,10,8120,4424,137,0.031,false,United Kingdom
2026-06-30,salesforce analytics workshop for teams,Corporate Training,Commercial,/teams,10,8120,6029,187,0.031,false,India
2026-07-07,salesforce analytics workshop for teams,Corporate Training,Commercial,/teams,8,8120,4290,133,0.031,false,India
2026-07-14,salesforce analytics workshop for teams,Corporate Training,Commercial,/teams,8,8120,5080,157,0.031,false,Germany
2026-07-21,salesforce analytics workshop for teams,Corporate Training,Commercial,/teams,10,8120,4801,149,0.031,false,United States
2026-07-28,salesforce analytics workshop for teams,Corporate Training,Commercial,/teams,10,8120,4050,126,0.031,false,Australia
2026-08-04,salesforce analytics workshop for teams,Corporate Training,Commercial,/teams,10,8120,4835,150,0.031,false,United States
2026-08-11,salesforce analytics workshop for teams,Corporate Training,Commercial,/teams,9,8120,5475,170,0.031,false,United States
2026-08-18,salesforce analytics workshop for teams,Corporate Training,Commercial,/teams,8,8120,5465,169,0.031,false,United Kingdom
2026-08-25,salesforce analytics workshop for teams,Corporate Training,Commercial,/teams,6,8120,4518,140,0.031,false,United States
2026-09-01,salesforce analytics workshop for teams,Corporate Training,Commercial,/teams,6,8120,5377,167,0.031,false,India
2026-09-08,salesforce analytics workshop for teams,Corporate Training,Commercial,/teams,7,8120,5203,161,0.031,true,Australia
2026-09-15,salesforce analytics workshop for teams,Corporate Training,Commercial,/teams,10,8120,5173,160,0.031,false,Germany
2026-09-22,salesforce analytics workshop for teams,Corporate Training,Commercial,/teams,10,8120,5779,179,0.031,false,Australia
2026-09-29,salesforce analytics workshop for teams,Corporate Training,Commercial,/teams,11,8120,2214,24,0.011,true,United States
2025-04-01,upskill salesforce admins,Corporate Training,Commercial,/teams,20,9201,2599,29,0.011,false,United Kingdom
2025-04-08,upskill salesforce admins,Corporate Training,Commercial,/teams,19,9201,3091,34,0.011,false,United States
2025-04-15,upskill salesforce admins,Corporate Training,Commercial,/teams,18,9201,3056,34,0.011,false,India
2025-04-22,upskill salesforce admins,Corporate Training,Commercial,/teams,17,9201,2269,25,0.011,false,Australia
2025-04-29,upskill salesforce admins,Corporate Training,Commercial,/teams,17,9201,2640,29,0.011,false,India
2025-05-06,upskill salesforce admins,Corporate Training,Commercial,/teams,19,9201,2150,24,0.011,false,United Kingdom
2025-05-13,upskill salesforce admins,Corporate Training,Commercial,/teams,18,9201,3005,33,0.011,false,India
2025-05-20,upskill salesforce admins,Corporate Training,Commercial,/teams,17,9201,2772,30,0.011,false,India
2025-05-27,upskill salesforce admins,Corporate Training,Commercial,/teams,17,9201,2924,32,0.011,true,Australia
2025-06-03,upskill salesforce admins,Corporate Training,Commercial,/teams,16,9201,2217,24,0.011,false,Germany
2025-06-10,upskill salesforce admins,Corporate Training,Commercial,/teams,17,9201,2602,29,0.011,false,United States
2025-06-17,upskill salesforce admins,Corporate Training,Commercial,/teams,16,9201,2968,33,0.011,true,United States
2025-06-24,upskill salesforce admins,Corporate Training,Commercial,/teams,14,9201,2090,23,0.011,false,Australia
2025-07-01,upskill salesforce admins,Corporate Training,Commercial,/teams,12,9201,2065,23,0.011,false,United Kingdom
2025-07-08,upskill salesforce admins,Corporate Training,Commercial,/teams,13,9201,2195,24,0.011,true,United Kingdom
2025-07-15,upskill salesforce admins,Corporate Training,Commercial,/teams,12,9201,2169,24,0.011,false,Australia
2025-07-22,upskill salesforce admins,Corporate Training,Commercial,/teams,13,9201,2230,25,0.011,false,Germany
2025-07-29,upskill salesforce admins,Corporate Training,Commercial,/teams,15,9201,2640,29,0.011,false,Germany
2025-08-05,upskill salesforce admins,Corporate Training,Commercial,/teams,12,9201,2718,30,0.011,false,United Kingdom
2025-08-12,upskill salesforce admins,Corporate Training,Commercial,/teams,12,9201,2746,30,0.011,false,United Kingdom
2025-08-19,upskill salesforce admins,Corporate Training,Commercial,/teams,12,9201,2111,23,0.011,false,Australia
2025-08-26,upskill salesforce admins,Corporate Training,Commercial,/teams,9,9201,6497,201,0.031,false,Germany
2025-09-02,upskill salesforce admins,Corporate Training,Commercial,/teams,10,9201,6528,202,0.031,false,United Kingdom
2025-09-09,upskill salesforce admins,Corporate Training,Commercial,/teams,9,9201,5779,179,0.031,false,Australia
2025-09-16,upskill salesforce admins,Corporate Training,Commercial,/teams,10,9201,6021,187,0.031,false,United Kingdom
2025-09-23,upskill salesforce admins,Corporate Training,Commercial,/teams,11,9201,2412,27,0.011,false,Australia
2025-09-30,upskill salesforce admins,Corporate Training,Commercial,/teams,11,9201,3005,33,0.011,false,United States
2025-10-07,upskill salesforce admins,Corporate Training,Commercial,/teams,8,9201,5700,177,0.031,false,United Kingdom
2025-10-14,upskill salesforce admins,Corporate Training,Commercial,/teams,7,9201,5032,156,0.031,false,Australia
2025-10-21,upskill salesforce admins,Corporate Training,Commercial,/teams,9,9201,5202,161,0.031,true,Germany
2025-10-28,upskill salesforce admins,Corporate Training,Commercial,/teams,6,9201,6728,209,0.031,false,India
2025-11-04,upskill salesforce admins,Corporate Training,Commercial,/teams,6,9201,5663,176,0.031,true,Germany
2025-11-11,upskill salesforce admins,Corporate Training,Commercial,/teams,6,9201,6246,194,0.031,false,United Kingdom
2025-11-18,upskill salesforce admins,Corporate Training,Commercial,/teams,6,9201,5194,161,0.031,true,India
2025-11-25,upskill salesforce admins,Corporate Training,Commercial,/teams,5,9201,6225,510,0.082,false,United States
2025-12-02,upskill salesforce admins,Corporate Training,Commercial,/teams,3,9201,5292,794,0.15,true,Germany
2025-12-09,upskill salesforce admins,Corporate Training,Commercial,/teams,1,9201,6592,1846,0.28,false,India
2025-12-16,upskill salesforce admins,Corporate Training,Commercial,/teams,1,9201,6132,1717,0.28,false,Germany
2025-12-23,upskill salesforce admins,Corporate Training,Commercial,/teams,2,9201,6692,1004,0.15,false,India
2025-12-30,upskill salesforce admins,Corporate Training,Commercial,/teams,2,9201,6105,916,0.15,false,Germany
2026-01-06,upskill salesforce admins,Corporate Training,Commercial,/teams,1,9201,5519,1545,0.28,false,Australia
2026-01-13,upskill salesforce admins,Corporate Training,Commercial,/teams,5,9201,5960,489,0.082,false,United States
2026-01-20,upskill salesforce admins,Corporate Training,Commercial,/teams,6,9201,6732,209,0.031,true,Germany
2026-01-27,upskill salesforce admins,Corporate Training,Commercial,/teams,6,9201,4771,148,0.031,false,United States
2026-02-03,upskill salesforce admins,Corporate Training,Commercial,/teams,5,9201,5342,438,0.082,false,Germany
2026-02-10,upskill salesforce admins,Corporate Training,Commercial,/teams,6,9201,5248,163,0.031,false,Germany
2026-02-17,upskill salesforce admins,Corporate Training,Commercial,/teams,7,9201,4577,142,0.031,true,Australia
2026-02-24,upskill salesforce admins,Corporate Training,Commercial,/teams,4,9201,6775,556,0.082,true,Germany
2026-03-03,upskill salesforce admins,Corporate Training,Commercial,/teams,5,9201,6461,530,0.082,false,India
2026-03-10,upskill salesforce admins,Corporate Training,Commercial,/teams,4,9201,5322,436,0.082,false,Germany
2026-03-17,upskill salesforce admins,Corporate Training,Commercial,/teams,4,9201,6224,510,0.082,false,United Kingdom
2026-03-24,upskill salesforce admins,Corporate Training,Commercial,/teams,3,9201,6085,913,0.15,false,Germany
2026-03-31,upskill salesforce admins,Corporate Training,Commercial,/teams,3,9201,6388,958,0.15,false,Germany
2026-04-07,upskill salesforce admins,Corporate Training,Commercial,/teams,2,9201,4852,728,0.15,false,Australia
2026-04-14,upskill salesforce admins,Corporate Training,Commercial,/teams,3,9201,5400,810,0.15,false,Australia
2026-04-21,upskill salesforce admins,Corporate Training,Commercial,/teams,2,9201,5057,759,0.15,false,Australia
2026-04-28,upskill salesforce admins,Corporate Training,Commercial,/teams,4,9201,4892,401,0.082,false,Australia
2026-05-05,upskill salesforce admins,Corporate Training,Commercial,/teams,5,9201,6102,500,0.082,false,Australia
2026-05-12,upskill salesforce admins,Corporate Training,Commercial,/teams,2,9201,4764,715,0.15,false,Germany
2026-05-19,upskill salesforce admins,Corporate Training,Commercial,/teams,1,9201,5804,1625,0.28,false,India
2026-05-26,upskill salesforce admins,Corporate Training,Commercial,/teams,2,9201,5467,820,0.15,false,India
2026-06-02,upskill salesforce admins,Corporate Training,Commercial,/teams,4,9201,6197,508,0.082,true,United Kingdom
2026-06-09,upskill salesforce admins,Corporate Training,Commercial,/teams,2,9201,6604,991,0.15,false,Germany
2026-06-16,upskill salesforce admins,Corporate Training,Commercial,/teams,1,9201,5164,1446,0.28,false,United States
2026-06-23,upskill salesforce admins,Corporate Training,Commercial,/teams,3,9201,4731,710,0.15,true,Germany
2026-06-30,upskill salesforce admins,Corporate Training,Commercial,/teams,2,9201,5555,833,0.15,true,Germany
2026-07-07,upskill salesforce admins,Corporate Training,Commercial,/teams,4,9201,6774,555,0.082,false,India
2026-07-14,upskill salesforce admins,Corporate Training,Commercial,/teams,3,9201,6498,975,0.15,false,India
2026-07-21,upskill salesforce admins,Corporate Training,Commercial,/teams,4,9201,6228,511,0.082,false,United States
2026-07-28,upskill salesforce admins,Corporate Training,Commercial,/teams,5,9201,5352,439,0.082,false,United States
2026-08-04,upskill salesforce admins,Corporate Training,Commercial,/teams,6,9201,4669,145,0.031,false,Australia
2026-08-11,upskill salesforce admins,Corporate Training,Commercial,/teams,4,9201,6567,538,0.082,false,Germany
2026-08-18,upskill salesforce admins,Corporate Training,Commercial,/teams,6,9201,5530,171,0.031,false,India
2026-08-25,upskill salesforce admins,Corporate Training,Commercial,/teams,6,9201,4849,150,0.031,false,Australia
2026-09-01,upskill salesforce admins,Corporate Training,Commercial,/teams,4,9201,5138,421,0.082,false,Australia
2026-09-08,upskill salesforce admins,Corporate Training,Commercial,/teams,2,9201,5175,776,0.15,false,India
2026-09-15,upskill salesforce admins,Corporate Training,Commercial,/teams,4,9201,6565,538,0.082,false,Australia
2026-09-22,upskill salesforce admins,Corporate Training,Commercial,/teams,6,9201,5690,176,0.031,false,India
2026-09-29,upskill salesforce admins,Corporate Training,Commercial,/teams,8,9201,5633,175,0.031,false,Australia
2025-04-01,crm analytics implementation partner,Implementation,Commercial,/implementation,25,17531,1650,5,0.003,true,Australia
2025-04-08,crm analytics implementation partner,Implementation,Commercial,/implementation,28,17531,1382,4,0.003,false,Germany
2025-04-15,crm analytics implementation partner,Implementation,Commercial,/implementation,27,17531,1616,5,0.003,true,India
2025-04-22,crm analytics implementation partner,Implementation,Commercial,/implementation,26,17531,1412,4,0.003,false,Germany
2025-04-29,crm analytics implementation partner,Implementation,Commercial,/implementation,26,17531,1540,5,0.003,false,Germany
2025-05-06,crm analytics implementation partner,Implementation,Commercial,/implementation,26,17531,1778,5,0.003,false,Australia
2025-05-13,crm analytics implementation partner,Implementation,Commercial,/implementation,24,17531,1841,6,0.003,false,India
2025-05-20,crm analytics implementation partner,Implementation,Commercial,/implementation,29,17531,1785,5,0.003,false,Germany
2025-05-27,crm analytics implementation partner,Implementation,Commercial,/implementation,29,17531,1802,5,0.003,false,United Kingdom
2025-06-03,crm analytics implementation partner,Implementation,Commercial,/implementation,32,17531,1293,4,0.003,false,United States
2025-06-10,crm analytics implementation partner,Implementation,Commercial,/implementation,32,17531,1680,5,0.003,true,United Kingdom
2025-06-17,crm analytics implementation partner,Implementation,Commercial,/implementation,34,17531,1886,6,0.003,false,United States
2025-06-24,crm analytics implementation partner,Implementation,Commercial,/implementation,35,17531,1454,4,0.003,false,Germany
2025-07-01,crm analytics implementation partner,Implementation,Commercial,/implementation,35,17531,1454,4,0.003,false,Germany
2025-07-08,crm analytics implementation partner,Implementation,Commercial,/implementation,34,17531,1273,4,0.003,false,Germany
2025-07-15,crm analytics implementation partner,Implementation,Commercial,/implementation,35,17531,1382,4,0.003,false,India
2025-07-22,crm analytics implementation partner,Implementation,Commercial,/implementation,34,17531,1422,4,0.003,true,India
2025-07-29,crm analytics implementation partner,Implementation,Commercial,/implementation,37,17531,1416,4,0.003,true,Australia
2025-08-05,crm analytics implementation partner,Implementation,Commercial,/implementation,38,17531,1777,5,0.003,false,Australia
2025-08-12,crm analytics implementation partner,Implementation,Commercial,/implementation,40,17531,1503,5,0.003,false,United Kingdom
2025-08-19,crm analytics implementation partner,Implementation,Commercial,/implementation,39,17531,1720,5,0.003,false,Australia
2025-08-26,crm analytics implementation partner,Implementation,Commercial,/implementation,42,17531,1373,4,0.003,false,Germany
2025-09-02,crm analytics implementation partner,Implementation,Commercial,/implementation,42,17531,1785,5,0.003,true,United States
2025-09-09,crm analytics implementation partner,Implementation,Commercial,/implementation,39,17531,1560,5,0.003,false,India
2025-09-16,crm analytics implementation partner,Implementation,Commercial,/implementation,40,17531,1538,5,0.003,false,Australia
2025-09-23,crm analytics implementation partner,Implementation,Commercial,/implementation,42,17531,1887,6,0.003,false,United Kingdom
2025-09-30,crm analytics implementation partner,Implementation,Commercial,/implementation,44,17531,1384,4,0.003,false,Australia
2025-10-07,crm analytics implementation partner,Implementation,Commercial,/implementation,42,17531,1628,5,0.003,false,United Kingdom
2025-10-14,crm analytics implementation partner,Implementation,Commercial,/implementation,44,17531,1747,5,0.003,false,United States
2025-10-21,crm analytics implementation partner,Implementation,Commercial,/implementation,45,17531,1641,5,0.003,false,Germany
2025-10-28,crm analytics implementation partner,Implementation,Commercial,/implementation,47,17531,1409,4,0.003,false,United Kingdom
2025-11-04,crm analytics implementation partner,Implementation,Commercial,/implementation,48,17531,1493,4,0.003,false,Australia
2025-11-11,crm analytics implementation partner,Implementation,Commercial,/implementation,50,17531,1789,5,0.003,true,Germany
2025-11-18,crm analytics implementation partner,Implementation,Commercial,/implementation,50,17531,1878,6,0.003,false,United Kingdom
2025-11-25,crm analytics implementation partner,Implementation,Commercial,/implementation,51,17531,1320,4,0.003,false,United States
2025-12-02,crm analytics implementation partner,Implementation,Commercial,/implementation,49,17531,1597,5,0.003,false,United Kingdom
2025-12-09,crm analytics implementation partner,Implementation,Commercial,/implementation,50,17531,1439,4,0.003,false,United Kingdom
2025-12-16,crm analytics implementation partner,Implementation,Commercial,/implementation,50,17531,1604,5,0.003,false,India
2025-12-23,crm analytics implementation partner,Implementation,Commercial,/implementation,53,17531,1648,5,0.003,false,Germany
2025-12-30,crm analytics implementation partner,Implementation,Commercial,/implementation,54,17531,1887,6,0.003,false,Germany
2026-01-06,crm analytics implementation partner,Implementation,Commercial,/implementation,54,17531,1887,6,0.003,false,India
2026-01-13,crm analytics implementation partner,Implementation,Commercial,/implementation,54,17531,1830,5,0.003,false,Germany
2026-01-20,crm analytics implementation partner,Implementation,Commercial,/implementation,53,17531,1524,5,0.003,false,United Kingdom
2026-01-27,crm analytics implementation partner,Implementation,Commercial,/implementation,55,17531,1305,4,0.003,false,United Kingdom
2026-02-03,crm analytics implementation partner,Implementation,Commercial,/implementation,54,17531,1574,5,0.003,true,United States
2026-02-10,crm analytics implementation partner,Implementation,Commercial,/implementation,56,17531,1360,4,0.003,true,Australia
2026-02-17,crm analytics implementation partner,Implementation,Commercial,/implementation,56,17531,1674,5,0.003,false,Germany
2026-02-24,crm analytics implementation partner,Implementation,Commercial,/implementation,57,17531,1377,4,0.003,false,India
2026-03-03,crm analytics implementation partner,Implementation,Commercial,/implementation,58,17531,1431,4,0.003,true,Germany
2026-03-10,crm analytics implementation partner,Implementation,Commercial,/implementation,57,17531,1500,5,0.003,false,Germany
2026-03-17,crm analytics implementation partner,Implementation,Commercial,/implementation,55,17531,1476,4,0.003,false,United Kingdom
2026-03-24,crm analytics implementation partner,Implementation,Commercial,/implementation,55,17531,1327,4,0.003,true,Australia
2026-03-31,crm analytics implementation partner,Implementation,Commercial,/implementation,55,17531,1532,5,0.003,false,India
2026-04-07,crm analytics implementation partner,Implementation,Commercial,/implementation,54,17531,1824,5,0.003,false,Germany
2026-04-14,crm analytics implementation partner,Implementation,Commercial,/implementation,55,17531,1757,5,0.003,true,United States
2026-04-21,crm analytics implementation partner,Implementation,Commercial,/implementation,54,17531,1661,5,0.003,true,India
2026-04-28,crm analytics implementation partner,Implementation,Commercial,/implementation,56,17531,1773,5,0.003,false,United Kingdom
2026-05-05,crm analytics implementation partner,Implementation,Commercial,/implementation,55,17531,1494,4,0.003,false,Australia
2026-05-12,crm analytics implementation partner,Implementation,Commercial,/implementation,54,17531,1503,5,0.003,false,Germany
2026-05-19,crm analytics implementation partner,Implementation,Commercial,/implementation,58,17531,1655,5,0.003,true,Germany
2026-05-26,crm analytics implementation partner,Implementation,Commercial,/implementation,57,17531,1463,4,0.003,false,India
2026-06-02,crm analytics implementation partner,Implementation,Commercial,/implementation,56,17531,1809,5,0.003,false,Germany
2026-06-09,crm analytics implementation partner,Implementation,Commercial,/implementation,55,17531,1604,5,0.003,false,United States
2026-06-16,crm analytics implementation partner,Implementation,Commercial,/implementation,58,17531,1359,4,0.003,false,Australia
2026-06-23,crm analytics implementation partner,Implementation,Commercial,/implementation,61,17531,1692,5,0.003,false,United States
2026-06-30,crm analytics implementation partner,Implementation,Commercial,/implementation,60,17531,1687,5,0.003,false,Australia
2026-07-07,crm analytics implementation partner,Implementation,Commercial,/implementation,64,17531,1481,4,0.003,false,United Kingdom
2026-07-14,crm analytics implementation partner,Implementation,Commercial,/implementation,63,17531,1866,6,0.003,false,Australia
2026-07-21,crm analytics implementation partner,Implementation,Commercial,/implementation,61,17531,1509,5,0.003,false,United States
2026-07-28,crm analytics implementation partner,Implementation,Commercial,/implementation,62,17531,1878,6,0.003,false,Germany
2026-08-04,crm analytics implementation partner,Implementation,Commercial,/implementation,63,17531,1654,5,0.003,false,Germany
2026-08-11,crm analytics implementation partner,Implementation,Commercial,/implementation,63,17531,1359,4,0.003,true,United Kingdom
2026-08-18,crm analytics implementation partner,Implementation,Commercial,/implementation,61,17531,1294,4,0.003,true,India
2026-08-25,crm analytics implementation partner,Implementation,Commercial,/implementation,61,17531,1593,5,0.003,false,India
2026-09-01,crm analytics implementation partner,Implementation,Commercial,/implementation,62,17531,1345,4,0.003,false,United Kingdom
2026-09-08,crm analytics implementation partner,Implementation,Commercial,/implementation,65,17531,1630,5,0.003,false,India
2026-09-15,crm analytics implementation partner,Implementation,Commercial,/implementation,67,17531,1618,5,0.003,false,United States
2026-09-22,crm analytics implementation partner,Implementation,Commercial,/implementation,66,17531,1674,5,0.003,false,Germany
2026-09-29,crm analytics implementation partner,Implementation,Commercial,/implementation,64,17531,1437,4,0.003,false,United Kingdom
2025-04-01,crm analytics consultant hire,Implementation,Commercial,/implementation,23,3370,253,1,0.003,false,Australia
2025-04-08,crm analytics consultant hire,Implementation,Commercial,/implementation,20,3370,768,8,0.011,false,United States
2025-04-15,crm analytics consultant hire,Implementation,Commercial,/implementation,19,3370,844,9,0.011,true,Australia
2025-04-22,crm analytics consultant hire,Implementation,Commercial,/implementation,20,3370,1088,12,0.011,false,United Kingdom
2025-04-29,crm analytics consultant hire,Implementation,Commercial,/implementation,19,3370,757,8,0.011,false,India
2025-05-06,crm analytics consultant hire,Implementation,Commercial,/implementation,20,3370,1039,11,0.011,false,Australia
2025-05-13,crm analytics consultant hire,Implementation,Commercial,/implementation,22,3370,303,1,0.003,false,India
2025-05-20,crm analytics consultant hire,Implementation,Commercial,/implementation,21,3370,326,1,0.003,false,United Kingdom
2025-05-27,crm analytics consultant hire,Implementation,Commercial,/implementation,19,3370,939,10,0.011,true,Germany
2025-06-03,crm analytics consultant hire,Implementation,Commercial,/implementation,18,3370,1006,11,0.011,false,United Kingdom
2025-06-10,crm analytics consultant hire,Implementation,Commercial,/implementation,16,3370,967,11,0.011,false,United Kingdom
2025-06-17,crm analytics consultant hire,Implementation,Commercial,/implementation,17,3370,778,9,0.011,false,United Kingdom
2025-06-24,crm analytics consultant hire,Implementation,Commercial,/implementation,17,3370,887,10,0.011,false,Australia
2025-07-01,crm analytics consultant hire,Implementation,Commercial,/implementation,16,3370,1084,12,0.011,true,Germany
2025-07-08,crm analytics consultant hire,Implementation,Commercial,/implementation,12,3370,812,9,0.011,false,United Kingdom
2025-07-15,crm analytics consultant hire,Implementation,Commercial,/implementation,12,3370,1010,11,0.011,false,Germany
2025-07-22,crm analytics consultant hire,Implementation,Commercial,/implementation,12,3370,1044,11,0.011,true,India
2025-07-29,crm analytics consultant hire,Implementation,Commercial,/implementation,15,3370,934,10,0.011,false,United States
2025-08-05,crm analytics consultant hire,Implementation,Commercial,/implementation,14,3370,816,9,0.011,false,United Kingdom
2025-08-12,crm analytics consultant hire,Implementation,Commercial,/implementation,13,3370,1012,11,0.011,false,India
2025-08-19,crm analytics consultant hire,Implementation,Commercial,/implementation,13,3370,951,10,0.011,false,Germany
2025-08-26,crm analytics consultant hire,Implementation,Commercial,/implementation,12,3370,1115,12,0.011,false,Australia
2025-09-02,crm analytics consultant hire,Implementation,Commercial,/implementation,12,3370,857,9,0.011,false,India
2025-09-09,crm analytics consultant hire,Implementation,Commercial,/implementation,12,3370,834,9,0.011,true,India
2025-09-16,crm analytics consultant hire,Implementation,Commercial,/implementation,13,3370,1126,12,0.011,false,India
2025-09-23,crm analytics consultant hire,Implementation,Commercial,/implementation,15,3370,805,9,0.011,false,Germany
2025-09-30,crm analytics consultant hire,Implementation,Commercial,/implementation,16,3370,984,11,0.011,false,United Kingdom
2025-10-07,crm analytics consultant hire,Implementation,Commercial,/implementation,16,3370,770,8,0.011,false,United States
2025-10-14,crm analytics consultant hire,Implementation,Commercial,/implementation,17,3370,1032,11,0.011,false,Germany
2025-10-21,crm analytics consultant hire,Implementation,Commercial,/implementation,17,3370,964,11,0.011,false,United Kingdom
2025-10-28,crm analytics consultant hire,Implementation,Commercial,/implementation,14,3370,1044,11,0.011,false,India
2025-11-04,crm analytics consultant hire,Implementation,Commercial,/implementation,13,3370,1124,12,0.011,true,Germany
2025-11-11,crm analytics consultant hire,Implementation,Commercial,/implementation,16,3370,825,9,0.011,false,Germany
2025-11-18,crm analytics consultant hire,Implementation,Commercial,/implementation,13,3370,1052,12,0.011,false,India
2025-11-25,crm analytics consultant hire,Implementation,Commercial,/implementation,13,3370,909,10,0.011,false,Australia
2025-12-02,crm analytics consultant hire,Implementation,Commercial,/implementation,11,3370,907,10,0.011,false,Germany
2025-12-09,crm analytics consultant hire,Implementation,Commercial,/implementation,12,3370,1064,12,0.011,false,Australia
2025-12-16,crm analytics consultant hire,Implementation,Commercial,/implementation,13,3370,965,11,0.011,false,United Kingdom
2025-12-23,crm analytics consultant hire,Implementation,Commercial,/implementation,16,3370,1069,12,0.011,false,India
2025-12-30,crm analytics consultant hire,Implementation,Commercial,/implementation,16,3370,959,11,0.011,true,Australia
2026-01-06,crm analytics consultant hire,Implementation,Commercial,/implementation,17,3370,967,11,0.011,false,India
2026-01-13,crm analytics consultant hire,Implementation,Commercial,/implementation,15,3370,975,11,0.011,false,United Kingdom
2026-01-20,crm analytics consultant hire,Implementation,Commercial,/implementation,15,3370,1010,11,0.011,false,United Kingdom
2026-01-27,crm analytics consultant hire,Implementation,Commercial,/implementation,14,3370,893,10,0.011,true,Australia
2026-02-03,crm analytics consultant hire,Implementation,Commercial,/implementation,14,3370,812,9,0.011,false,United Kingdom
2026-02-10,crm analytics consultant hire,Implementation,Commercial,/implementation,13,3370,1043,11,0.011,false,Australia
2026-02-17,crm analytics consultant hire,Implementation,Commercial,/implementation,16,3370,910,10,0.011,false,United Kingdom
2026-02-24,crm analytics consultant hire,Implementation,Commercial,/implementation,15,3370,766,8,0.011,true,Germany
2026-03-03,crm analytics consultant hire,Implementation,Commercial,/implementation,15,3370,1131,12,0.011,false,India
2026-03-10,crm analytics consultant hire,Implementation,Commercial,/implementation,13,3370,1056,12,0.011,false,United Kingdom
2026-03-17,crm analytics consultant hire,Implementation,Commercial,/implementation,13,3370,947,10,0.011,false,Australia
2026-03-24,crm analytics consultant hire,Implementation,Commercial,/implementation,12,3370,949,10,0.011,true,United Kingdom
2026-03-31,crm analytics consultant hire,Implementation,Commercial,/implementation,14,3370,997,11,0.011,false,Australia
2026-04-07,crm analytics consultant hire,Implementation,Commercial,/implementation,14,3370,962,11,0.011,false,Australia
2026-04-14,crm analytics consultant hire,Implementation,Commercial,/implementation,12,3370,1043,11,0.011,false,United States
2026-04-21,crm analytics consultant hire,Implementation,Commercial,/implementation,13,3370,757,8,0.011,false,United States
2026-04-28,crm analytics consultant hire,Implementation,Commercial,/implementation,16,3370,852,9,0.011,false,India
2026-05-05,crm analytics consultant hire,Implementation,Commercial,/implementation,16,3370,1004,11,0.011,false,United States
2026-05-12,crm analytics consultant hire,Implementation,Commercial,/implementation,17,3370,788,9,0.011,false,Australia
2026-05-19,crm analytics consultant hire,Implementation,Commercial,/implementation,13,3370,848,9,0.011,false,Germany
2026-05-26,crm analytics consultant hire,Implementation,Commercial,/implementation,13,3370,1057,12,0.011,true,India
2026-06-02,crm analytics consultant hire,Implementation,Commercial,/implementation,9,3370,1704,53,0.031,false,United States
2026-06-09,crm analytics consultant hire,Implementation,Commercial,/implementation,10,3370,2394,74,0.031,true,Germany
2026-06-16,crm analytics consultant hire,Implementation,Commercial,/implementation,9,3370,1972,61,0.031,false,Germany
2026-06-23,crm analytics consultant hire,Implementation,Commercial,/implementation,10,3370,2496,77,0.031,false,India
2026-06-30,crm analytics consultant hire,Implementation,Commercial,/implementation,11,3370,820,9,0.011,false,United Kingdom
2026-07-07,crm analytics consultant hire,Implementation,Commercial,/implementation,13,3370,804,9,0.011,false,Australia
2026-07-14,crm analytics consultant hire,Implementation,Commercial,/implementation,15,3370,969,11,0.011,false,India
2026-07-21,crm analytics consultant hire,Implementation,Commercial,/implementation,14,3370,880,10,0.011,true,United States
2026-07-28,crm analytics consultant hire,Implementation,Commercial,/implementation,17,3370,1056,12,0.011,false,Germany
2026-08-04,crm analytics consultant hire,Implementation,Commercial,/implementation,15,3370,808,9,0.011,true,India
2026-08-11,crm analytics consultant hire,Implementation,Commercial,/implementation,13,3370,766,8,0.011,false,Australia
2026-08-18,crm analytics consultant hire,Implementation,Commercial,/implementation,14,3370,898,10,0.011,false,Australia
2026-08-25,crm analytics consultant hire,Implementation,Commercial,/implementation,13,3370,946,10,0.011,true,India
2026-09-01,crm analytics consultant hire,Implementation,Commercial,/implementation,12,3370,1076,12,0.011,false,India
2026-09-08,crm analytics consultant hire,Implementation,Commercial,/implementation,11,3370,1043,11,0.011,false,Germany
2026-09-15,crm analytics consultant hire,Implementation,Commercial,/implementation,9,3370,2286,71,0.031,false,United Kingdom
2026-09-22,crm analytics consultant hire,Implementation,Commercial,/implementation,7,3370,2275,71,0.031,true,India
2026-09-29,crm analytics consultant hire,Implementation,Commercial,/implementation,7,3370,1967,61,0.031,false,India
2025-04-01,crm analytics dashboard services,Implementation,Commercial,/implementation,42,4916,402,1,0.003,false,India
2025-04-08,crm analytics dashboard services,Implementation,Commercial,/implementation,43,4916,375,1,0.003,false,United Kingdom
2025-04-15,crm analytics dashboard services,Implementation,Commercial,/implementation,44,4916,407,1,0.003,false,Germany
2025-04-22,crm analytics dashboard services,Implementation,Commercial,/implementation,46,4916,394,1,0.003,true,Germany
2025-04-29,crm analytics dashboard services,Implementation,Commercial,/implementation,46,4916,530,2,0.003,false,United Kingdom
2025-05-06,crm analytics dashboard services,Implementation,Commercial,/implementation,43,4916,361,1,0.003,false,United States
2025-05-13,crm analytics dashboard services,Implementation,Commercial,/implementation,45,4916,458,1,0.003,false,United Kingdom
2025-05-20,crm analytics dashboard services,Implementation,Commercial,/implementation,46,4916,363,1,0.003,true,India
2025-05-27,crm analytics dashboard services,Implementation,Commercial,/implementation,48,4916,387,1,0.003,false,United Kingdom
2025-06-03,crm analytics dashboard services,Implementation,Commercial,/implementation,47,4916,446,1,0.003,true,United States
2025-06-10,crm analytics dashboard services,Implementation,Commercial,/implementation,49,4916,382,1,0.003,false,India
2025-06-17,crm analytics dashboard services,Implementation,Commercial,/implementation,52,4916,357,1,0.003,true,Germany
2025-06-24,crm analytics dashboard services,Implementation,Commercial,/implementation,50,4916,425,1,0.003,false,United Kingdom
2025-07-01,crm analytics dashboard services,Implementation,Commercial,/implementation,50,4916,461,1,0.003,true,United States
2025-07-08,crm analytics dashboard services,Implementation,Commercial,/implementation,50,4916,466,1,0.003,false,United Kingdom
2025-07-15,crm analytics dashboard services,Implementation,Commercial,/implementation,49,4916,396,1,0.003,true,India
2025-07-22,crm analytics dashboard services,Implementation,Commercial,/implementation,52,4916,444,1,0.003,false,India
2025-07-29,crm analytics dashboard services,Implementation,Commercial,/implementation,49,4916,507,2,0.003,false,United Kingdom
2025-08-05,crm analytics dashboard services,Implementation,Commercial,/implementation,47,4916,388,1,0.003,false,Australia
2025-08-12,crm analytics dashboard services,Implementation,Commercial,/implementation,43,4916,370,1,0.003,false,Australia
2025-08-19,crm analytics dashboard services,Implementation,Commercial,/implementation,41,4916,502,2,0.003,false,Germany
2025-08-26,crm analytics dashboard services,Implementation,Commercial,/implementation,39,4916,485,1,0.003,true,Germany
2025-09-02,crm analytics dashboard services,Implementation,Commercial,/implementation,38,4916,477,1,0.003,false,Germany
2025-09-09,crm analytics dashboard services,Implementation,Commercial,/implementation,37,4916,521,2,0.003,false,United States
2025-09-16,crm analytics dashboard services,Implementation,Commercial,/implementation,36,4916,356,1,0.003,false,United Kingdom
2025-09-23,crm analytics dashboard services,Implementation,Commercial,/implementation,36,4916,449,1,0.003,true,United Kingdom
2025-09-30,crm analytics dashboard services,Implementation,Commercial,/implementation,34,4916,440,1,0.003,false,Germany
2025-10-07,crm analytics dashboard services,Implementation,Commercial,/implementation,35,4916,513,2,0.003,false,United Kingdom
2025-10-14,crm analytics dashboard services,Implementation,Commercial,/implementation,35,4916,434,1,0.003,false,India
2025-10-21,crm analytics dashboard services,Implementation,Commercial,/implementation,35,4916,516,2,0.003,true,Germany
2025-10-28,crm analytics dashboard services,Implementation,Commercial,/implementation,38,4916,453,1,0.003,false,United Kingdom
2025-11-04,crm analytics dashboard services,Implementation,Commercial,/implementation,39,4916,450,1,0.003,true,United Kingdom
2025-11-11,crm analytics dashboard services,Implementation,Commercial,/implementation,38,4916,503,2,0.003,false,Australia
2025-11-18,crm analytics dashboard services,Implementation,Commercial,/implementation,38,4916,438,1,0.003,false,Germany
2025-11-25,crm analytics dashboard services,Implementation,Commercial,/implementation,39,4916,380,1,0.003,false,Germany
2025-12-02,crm analytics dashboard services,Implementation,Commercial,/implementation,42,4916,441,1,0.003,false,United Kingdom
2025-12-09,crm analytics dashboard services,Implementation,Commercial,/implementation,43,4916,512,2,0.003,false,India
2025-12-16,crm analytics dashboard services,Implementation,Commercial,/implementation,45,4916,420,1,0.003,false,Germany
2025-12-23,crm analytics dashboard services,Implementation,Commercial,/implementation,42,4916,501,2,0.003,false,Australia
2025-12-30,crm analytics dashboard services,Implementation,Commercial,/implementation,42,4916,415,1,0.003,false,United Kingdom
2026-01-06,crm analytics dashboard services,Implementation,Commercial,/implementation,41,4916,447,1,0.003,false,United Kingdom
2026-01-13,crm analytics dashboard services,Implementation,Commercial,/implementation,42,4916,488,1,0.003,true,Australia
2026-01-20,crm analytics dashboard services,Implementation,Commercial,/implementation,42,4916,463,1,0.003,false,India
2026-01-27,crm analytics dashboard services,Implementation,Commercial,/implementation,42,4916,450,1,0.003,false,Australia
2026-02-03,crm analytics dashboard services,Implementation,Commercial,/implementation,42,4916,468,1,0.003,false,United Kingdom
2026-02-10,crm analytics dashboard services,Implementation,Commercial,/implementation,40,4916,411,1,0.003,false,United States
2026-02-17,crm analytics dashboard services,Implementation,Commercial,/implementation,42,4916,468,1,0.003,false,Australia
2026-02-24,crm analytics dashboard services,Implementation,Commercial,/implementation,45,4916,465,1,0.003,false,United Kingdom
2026-03-03,crm analytics dashboard services,Implementation,Commercial,/implementation,44,4916,427,1,0.003,false,Germany
2026-03-10,crm analytics dashboard services,Implementation,Commercial,/implementation,46,4916,447,1,0.003,false,United States
2026-03-17,crm analytics dashboard services,Implementation,Commercial,/implementation,46,4916,422,1,0.003,false,United States
2026-03-24,crm analytics dashboard services,Implementation,Commercial,/implementation,46,4916,408,1,0.003,false,United Kingdom
2026-03-31,crm analytics dashboard services,Implementation,Commercial,/implementation,48,4916,423,1,0.003,false,United Kingdom
2026-04-07,crm analytics dashboard services,Implementation,Commercial,/implementation,50,4916,372,1,0.003,false,United Kingdom
2026-04-14,crm analytics dashboard services,Implementation,Commercial,/implementation,50,4916,509,2,0.003,false,United Kingdom
2026-04-21,crm analytics dashboard services,Implementation,Commercial,/implementation,50,4916,517,2,0.003,false,Australia
2026-04-28,crm analytics dashboard services,Implementation,Commercial,/implementation,52,4916,419,1,0.003,false,Australia
2026-05-05,crm analytics dashboard services,Implementation,Commercial,/implementation,50,4916,464,1,0.003,true,United States
2026-05-12,crm analytics dashboard services,Implementation,Commercial,/implementation,51,4916,384,1,0.003,false,United Kingdom
2026-05-19,crm analytics dashboard services,Implementation,Commercial,/implementation,50,4916,379,1,0.003,true,India
2026-05-26,crm analytics dashboard services,Implementation,Commercial,/implementation,49,4916,519,2,0.003,true,United States
2026-06-02,crm analytics dashboard services,Implementation,Commercial,/implementation,48,4916,414,1,0.003,false,United Kingdom
2026-06-09,crm analytics dashboard services,Implementation,Commercial,/implementation,46,4916,379,1,0.003,false,Australia
2026-06-16,crm analytics dashboard services,Implementation,Commercial,/implementation,44,4916,526,2,0.003,false,India
2026-06-23,crm analytics dashboard services,Implementation,Commercial,/implementation,48,4916,464,1,0.003,false,United Kingdom
2026-06-30,crm analytics dashboard services,Implementation,Commercial,/implementation,47,4916,392,1,0.003,false,Germany
2026-07-07,crm analytics dashboard services,Implementation,Commercial,/implementation,47,4916,482,1,0.003,false,India
2026-07-14,crm analytics dashboard services,Implementation,Commercial,/implementation,47,4916,488,1,0.003,true,India
2026-07-21,crm analytics dashboard services,Implementation,Commercial,/implementation,47,4916,432,1,0.003,false,United States
2026-07-28,crm analytics dashboard services,Implementation,Commercial,/implementation,48,4916,396,1,0.003,false,United Kingdom
2026-08-04,crm analytics dashboard services,Implementation,Commercial,/implementation,49,4916,371,1,0.003,false,Germany
2026-08-11,crm analytics dashboard services,Implementation,Commercial,/implementation,50,4916,492,1,0.003,false,India
2026-08-18,crm analytics dashboard services,Implementation,Commercial,/implementation,52,4916,524,2,0.003,true,United States
2026-08-25,crm analytics dashboard services,Implementation,Commercial,/implementation,50,4916,420,1,0.003,false,Germany
2026-09-01,crm analytics dashboard services,Implementation,Commercial,/implementation,52,4916,479,1,0.003,false,Germany
2026-09-08,crm analytics dashboard services,Implementation,Commercial,/implementation,52,4916,460,1,0.003,false,United States
2026-09-15,crm analytics dashboard services,Implementation,Commercial,/implementation,50,4916,354,1,0.003,false,Germany
2026-09-22,crm analytics dashboard services,Implementation,Commercial,/implementation,52,4916,365,1,0.003,false,India
2026-09-29,crm analytics dashboard services,Implementation,Commercial,/implementation,49,4916,371,1,0.003,false,Australia
2025-04-01,einstein discovery implementation,Implementation,Commercial,/implementation,13,21112,6974,77,0.011,true,Australia
2025-04-08,einstein discovery implementation,Implementation,Commercial,/implementation,13,21112,4823,53,0.011,false,Australia
2025-04-15,einstein discovery implementation,Implementation,Commercial,/implementation,13,21112,4806,53,0.011,false,India
2025-04-22,einstein discovery implementation,Implementation,Commercial,/implementation,13,21112,5962,66,0.011,false,Germany
2025-04-29,einstein discovery implementation,Implementation,Commercial,/implementation,14,21112,6692,74,0.011,false,Germany
2025-05-06,einstein discovery implementation,Implementation,Commercial,/implementation,12,21112,6643,73,0.011,false,Germany
2025-05-13,einstein discovery implementation,Implementation,Commercial,/implementation,9,21112,14850,460,0.031,false,United States
2025-05-20,einstein discovery implementation,Implementation,Commercial,/implementation,9,21112,10525,326,0.031,false,Germany
2025-05-27,einstein discovery implementation,Implementation,Commercial,/implementation,9,21112,11141,345,0.031,false,United States
2025-06-03,einstein discovery implementation,Implementation,Commercial,/implementation,9,21112,15641,485,0.031,false,India
2025-06-10,einstein discovery implementation,Implementation,Commercial,/implementation,10,21112,12177,377,0.031,false,Australia
2025-06-17,einstein discovery implementation,Implementation,Commercial,/implementation,9,21112,11419,354,0.031,true,Germany
2025-06-24,einstein discovery implementation,Implementation,Commercial,/implementation,9,21112,12410,385,0.031,true,Germany
2025-07-01,einstein discovery implementation,Implementation,Commercial,/implementation,8,21112,13034,404,0.031,false,United States
2025-07-08,einstein discovery implementation,Implementation,Commercial,/implementation,6,21112,13492,418,0.031,false,Germany
2025-07-15,einstein discovery implementation,Implementation,Commercial,/implementation,6,21112,13027,404,0.031,false,India
2025-07-22,einstein discovery implementation,Implementation,Commercial,/implementation,5,21112,15440,1266,0.082,true,Germany
2025-07-29,einstein discovery implementation,Implementation,Commercial,/implementation,7,21112,12307,382,0.031,true,Germany
2025-08-05,einstein discovery implementation,Implementation,Commercial,/implementation,9,21112,12610,391,0.031,false,Australia
2025-08-12,einstein discovery implementation,Implementation,Commercial,/implementation,7,21112,13066,405,0.031,false,Germany
2025-08-19,einstein discovery implementation,Implementation,Commercial,/implementation,9,21112,12289,381,0.031,true,India
2025-08-26,einstein discovery implementation,Implementation,Commercial,/implementation,9,21112,13795,428,0.031,true,Germany
2025-09-02,einstein discovery implementation,Implementation,Commercial,/implementation,9,21112,15701,487,0.031,true,India
2025-09-09,einstein discovery implementation,Implementation,Commercial,/implementation,7,21112,11131,345,0.031,false,Australia
2025-09-16,einstein discovery implementation,Implementation,Commercial,/implementation,8,21112,15289,474,0.031,false,United States
2025-09-23,einstein discovery implementation,Implementation,Commercial,/implementation,10,21112,14588,452,0.031,false,Australia
2025-09-30,einstein discovery implementation,Implementation,Commercial,/implementation,10,21112,11236,348,0.031,false,India
2025-10-07,einstein discovery implementation,Implementation,Commercial,/implementation,8,21112,15414,478,0.031,false,India
2025-10-14,einstein discovery implementation,Implementation,Commercial,/implementation,7,21112,12423,385,0.031,false,United Kingdom
2025-10-21,einstein discovery implementation,Implementation,Commercial,/implementation,6,21112,12461,386,0.031,false,United Kingdom
2025-10-28,einstein discovery implementation,Implementation,Commercial,/implementation,3,21112,15094,2264,0.15,false,United Kingdom
2025-11-04,einstein discovery implementation,Implementation,Commercial,/implementation,1,21112,13349,3738,0.28,false,Australia
2025-11-11,einstein discovery implementation,Implementation,Commercial,/implementation,1,21112,13775,3857,0.28,false,India
2025-11-18,einstein discovery implementation,Implementation,Commercial,/implementation,1,21112,10983,3075,0.28,false,United Kingdom
2025-11-25,einstein discovery implementation,Implementation,Commercial,/implementation,1,21112,11453,3207,0.28,true,India
2025-12-02,einstein discovery implementation,Implementation,Commercial,/implementation,3,21112,15398,2310,0.15,false,United Kingdom
2025-12-09,einstein discovery implementation,Implementation,Commercial,/implementation,4,21112,14621,1199,0.082,false,Germany
2025-12-16,einstein discovery implementation,Implementation,Commercial,/implementation,4,21112,14262,1169,0.082,false,Australia
2025-12-23,einstein discovery implementation,Implementation,Commercial,/implementation,4,21112,12967,1063,0.082,false,Australia
2025-12-30,einstein discovery implementation,Implementation,Commercial,/implementation,4,21112,11287,926,0.082,false,United Kingdom
2026-01-06,einstein discovery implementation,Implementation,Commercial,/implementation,3,21112,13983,2097,0.15,false,United Kingdom
2026-01-13,einstein discovery implementation,Implementation,Commercial,/implementation,4,21112,12620,1035,0.082,false,Australia
2026-01-20,einstein discovery implementation,Implementation,Commercial,/implementation,4,21112,10985,901,0.082,true,Germany
2026-01-27,einstein discovery implementation,Implementation,Commercial,/implementation,3,21112,14839,2226,0.15,false,Germany
2026-02-03,einstein discovery implementation,Implementation,Commercial,/implementation,4,21112,15397,1263,0.082,false,India
2026-02-10,einstein discovery implementation,Implementation,Commercial,/implementation,5,21112,15289,1254,0.082,false,Australia
2026-02-17,einstein discovery implementation,Implementation,Commercial,/implementation,7,21112,14792,459,0.031,true,United Kingdom
2026-02-24,einstein discovery implementation,Implementation,Commercial,/implementation,6,21112,14434,447,0.031,false,United Kingdom
2026-03-03,einstein discovery implementation,Implementation,Commercial,/implementation,8,21112,14257,442,0.031,false,United Kingdom
2026-03-10,einstein discovery implementation,Implementation,Commercial,/implementation,7,21112,13984,434,0.031,false,Australia
2026-03-17,einstein discovery implementation,Implementation,Commercial,/implementation,5,21112,12480,1023,0.082,false,United Kingdom
2026-03-24,einstein discovery implementation,Implementation,Commercial,/implementation,7,21112,12350,383,0.031,false,United Kingdom
2026-03-31,einstein discovery implementation,Implementation,Commercial,/implementation,9,21112,13632,423,0.031,false,Australia
2026-04-07,einstein discovery implementation,Implementation,Commercial,/implementation,6,21112,14980,464,0.031,false,India
2026-04-14,einstein discovery implementation,Implementation,Commercial,/implementation,6,21112,10564,327,0.031,false,United States
2026-04-21,einstein discovery implementation,Implementation,Commercial,/implementation,5,21112,14136,1159,0.082,false,United Kingdom
2026-04-28,einstein discovery implementation,Implementation,Commercial,/implementation,9,21112,13834,429,0.031,true,United Kingdom
2026-05-05,einstein discovery implementation,Implementation,Commercial,/implementation,7,21112,11428,354,0.031,true,Germany
2026-05-12,einstein discovery implementation,Implementation,Commercial,/implementation,7,21112,14473,449,0.031,true,India
2026-05-19,einstein discovery implementation,Implementation,Commercial,/implementation,9,21112,10569,328,0.031,false,United States
2026-05-26,einstein discovery implementation,Implementation,Commercial,/implementation,9,21112,15428,478,0.031,true,United Kingdom
2026-06-02,einstein discovery implementation,Implementation,Commercial,/implementation,10,21112,13377,415,0.031,true,Australia
2026-06-09,einstein discovery implementation,Implementation,Commercial,/implementation,8,21112,12772,396,0.031,true,India
2026-06-16,einstein discovery implementation,Implementation,Commercial,/implementation,8,21112,13885,430,0.031,true,Australia
2026-06-23,einstein discovery implementation,Implementation,Commercial,/implementation,7,21112,12824,398,0.031,false,Australia
2026-06-30,einstein discovery implementation,Implementation,Commercial,/implementation,8,21112,12904,400,0.031,false,India
2026-07-07,einstein discovery implementation,Implementation,Commercial,/implementation,7,21112,11697,363,0.031,false,Australia
2026-07-14,einstein discovery implementation,Implementation,Commercial,/implementation,5,21112,15341,1258,0.082,false,United States
2026-07-21,einstein discovery implementation,Implementation,Commercial,/implementation,5,21112,13011,1067,0.082,false,India
2026-07-28,einstein discovery implementation,Implementation,Commercial,/implementation,5,21112,13557,1112,0.082,false,Germany
2026-08-04,einstein discovery implementation,Implementation,Commercial,/implementation,6,21112,15339,476,0.031,false,United States
2026-08-11,einstein discovery implementation,Implementation,Commercial,/implementation,5,21112,12486,1024,0.082,false,Germany
2026-08-18,einstein discovery implementation,Implementation,Commercial,/implementation,6,21112,13652,423,0.031,false,Germany
2026-08-25,einstein discovery implementation,Implementation,Commercial,/implementation,5,21112,15514,1272,0.082,false,United States
2026-09-01,einstein discovery implementation,Implementation,Commercial,/implementation,4,21112,14020,1150,0.082,true,Australia
2026-09-08,einstein discovery implementation,Implementation,Commercial,/implementation,6,21112,15004,465,0.031,false,United States
2026-09-15,einstein discovery implementation,Implementation,Commercial,/implementation,5,21112,14927,1224,0.082,false,Germany
2026-09-22,einstein discovery implementation,Implementation,Commercial,/implementation,3,21112,12550,1883,0.15,false,India
2026-09-29,einstein discovery implementation,Implementation,Commercial,/implementation,3,21112,11737,1761,0.15,false,India
2025-04-01,crm analytics training bengaluru,Classroom,Transactional,/training,22,7383,696,2,0.003,false,Australia
2025-04-08,crm analytics training bengaluru,Classroom,Transactional,/training,19,7383,1792,20,0.011,true,Australia
2025-04-15,crm analytics training bengaluru,Classroom,Transactional,/training,18,7383,1980,22,0.011,false,Australia
2025-04-22,crm analytics training bengaluru,Classroom,Transactional,/training,18,7383,2052,23,0.011,false,Australia
2025-04-29,crm analytics training bengaluru,Classroom,Transactional,/training,18,7383,1963,22,0.011,false,Australia
2025-05-06,crm analytics training bengaluru,Classroom,Transactional,/training,20,7383,1989,22,0.011,false,India
2025-05-13,crm analytics training bengaluru,Classroom,Transactional,/training,18,7383,2468,27,0.011,true,United Kingdom
2025-05-20,crm analytics training bengaluru,Classroom,Transactional,/training,18,7383,2041,22,0.011,false,Australia
2025-05-27,crm analytics training bengaluru,Classroom,Transactional,/training,19,7383,1894,21,0.011,false,Australia
2025-06-03,crm analytics training bengaluru,Classroom,Transactional,/training,23,7383,604,2,0.003,false,United States
2025-06-10,crm analytics training bengaluru,Classroom,Transactional,/training,23,7383,566,2,0.003,false,India
2025-06-17,crm analytics training bengaluru,Classroom,Transactional,/training,25,7383,790,2,0.003,false,United States
2025-06-24,crm analytics training bengaluru,Classroom,Transactional,/training,27,7383,753,2,0.003,false,United States
2025-07-01,crm analytics training bengaluru,Classroom,Transactional,/training,26,7383,736,2,0.003,false,Australia
2025-07-08,crm analytics training bengaluru,Classroom,Transactional,/training,25,7383,682,2,0.003,false,Germany
2025-07-15,crm analytics training bengaluru,Classroom,Transactional,/training,23,7383,694,2,0.003,true,United Kingdom
2025-07-22,crm analytics training bengaluru,Classroom,Transactional,/training,22,7383,574,2,0.003,false,Australia
2025-07-29,crm analytics training bengaluru,Classroom,Transactional,/training,22,7383,728,2,0.003,false,Germany
2025-08-05,crm analytics training bengaluru,Classroom,Transactional,/training,23,7383,616,2,0.003,true,India
2025-08-12,crm analytics training bengaluru,Classroom,Transactional,/training,21,7383,620,2,0.003,false,Germany
2025-08-19,crm analytics training bengaluru,Classroom,Transactional,/training,19,7383,2328,26,0.011,false,Australia
2025-08-26,crm analytics training bengaluru,Classroom,Transactional,/training,23,7383,648,2,0.003,false,Australia
2025-09-02,crm analytics training bengaluru,Classroom,Transactional,/training,25,7383,674,2,0.003,false,United Kingdom
2025-09-09,crm analytics training bengaluru,Classroom,Transactional,/training,25,7383,600,2,0.003,false,United States
2025-09-16,crm analytics training bengaluru,Classroom,Transactional,/training,25,7383,660,2,0.003,false,Germany
2025-09-23,crm analytics training bengaluru,Classroom,Transactional,/training,26,7383,634,2,0.003,false,India
2025-09-30,crm analytics training bengaluru,Classroom,Transactional,/training,24,7383,636,2,0.003,false,United Kingdom
2025-10-07,crm analytics training bengaluru,Classroom,Transactional,/training,22,7383,620,2,0.003,false,United States
2025-10-14,crm analytics training bengaluru,Classroom,Transactional,/training,20,7383,2012,22,0.011,false,United States
2025-10-21,crm analytics training bengaluru,Classroom,Transactional,/training,21,7383,612,2,0.003,false,Germany
2025-10-28,crm analytics training bengaluru,Classroom,Transactional,/training,21,7383,674,2,0.003,true,Australia
2025-11-04,crm analytics training bengaluru,Classroom,Transactional,/training,22,7383,545,2,0.003,false,Australia
2025-11-11,crm analytics training bengaluru,Classroom,Transactional,/training,22,7383,715,2,0.003,false,Australia
2025-11-18,crm analytics training bengaluru,Classroom,Transactional,/training,19,7383,2265,25,0.011,false,United Kingdom
2025-11-25,crm analytics training bengaluru,Classroom,Transactional,/training,18,7383,1750,19,0.011,true,India
2025-12-02,crm analytics training bengaluru,Classroom,Transactional,/training,18,7383,2281,25,0.011,true,United Kingdom
2025-12-09,crm analytics training bengaluru,Classroom,Transactional,/training,18,7383,1790,20,0.011,false,United States
2025-12-16,crm analytics training bengaluru,Classroom,Transactional,/training,20,7383,2210,24,0.011,false,Germany
2025-12-23,crm analytics training bengaluru,Classroom,Transactional,/training,20,7383,2467,27,0.011,false,India
2025-12-30,crm analytics training bengaluru,Classroom,Transactional,/training,20,7383,2046,23,0.011,true,United States
2026-01-06,crm analytics training bengaluru,Classroom,Transactional,/training,21,7383,542,2,0.003,false,Australia
2026-01-13,crm analytics training bengaluru,Classroom,Transactional,/training,21,7383,734,2,0.003,false,Australia
2026-01-20,crm analytics training bengaluru,Classroom,Transactional,/training,22,7383,618,2,0.003,true,United States
2026-01-27,crm analytics training bengaluru,Classroom,Transactional,/training,21,7383,716,2,0.003,false,United Kingdom
2026-02-03,crm analytics training bengaluru,Classroom,Transactional,/training,20,7383,1914,21,0.011,false,India
2026-02-10,crm analytics training bengaluru,Classroom,Transactional,/training,20,7383,2182,24,0.011,true,United Kingdom
2026-02-17,crm analytics training bengaluru,Classroom,Transactional,/training,18,7383,1709,19,0.011,false,Germany
2026-02-24,crm analytics training bengaluru,Classroom,Transactional,/training,19,7383,1952,21,0.011,false,United States
2026-03-03,crm analytics training bengaluru,Classroom,Transactional,/training,22,7383,648,2,0.003,true,Australia
2026-03-10,crm analytics training bengaluru,Classroom,Transactional,/training,21,7383,774,2,0.003,false,United Kingdom
2026-03-17,crm analytics training bengaluru,Classroom,Transactional,/training,24,7383,730,2,0.003,false,Germany
2026-03-24,crm analytics training bengaluru,Classroom,Transactional,/training,23,7383,626,2,0.003,false,United States
2026-03-31,crm analytics training bengaluru,Classroom,Transactional,/training,22,7383,541,2,0.003,false,United Kingdom
2026-04-07,crm analytics training bengaluru,Classroom,Transactional,/training,22,7383,767,2,0.003,false,Germany
2026-04-14,crm analytics training bengaluru,Classroom,Transactional,/training,22,7383,698,2,0.003,false,India
2026-04-21,crm analytics training bengaluru,Classroom,Transactional,/training,22,7383,610,2,0.003,false,India
2026-04-28,crm analytics training bengaluru,Classroom,Transactional,/training,21,7383,783,2,0.003,false,Germany
2026-05-05,crm analytics training bengaluru,Classroom,Transactional,/training,20,7383,1728,19,0.011,false,Germany
2026-05-12,crm analytics training bengaluru,Classroom,Transactional,/training,20,7383,2172,24,0.011,false,United States
2026-05-19,crm analytics training bengaluru,Classroom,Transactional,/training,15,7383,2260,25,0.011,true,Germany
2026-05-26,crm analytics training bengaluru,Classroom,Transactional,/training,14,7383,1912,21,0.011,false,Germany
2026-06-02,crm analytics training bengaluru,Classroom,Transactional,/training,15,7383,2455,27,0.011,false,Germany
2026-06-09,crm analytics training bengaluru,Classroom,Transactional,/training,13,7383,2380,26,0.011,false,India
2026-06-16,crm analytics training bengaluru,Classroom,Transactional,/training,13,7383,1658,18,0.011,false,Germany
2026-06-23,crm analytics training bengaluru,Classroom,Transactional,/training,9,7383,4443,138,0.031,false,India
2026-06-30,crm analytics training bengaluru,Classroom,Transactional,/training,9,7383,4426,137,0.031,false,India
2026-07-07,crm analytics training bengaluru,Classroom,Transactional,/training,9,7383,5110,158,0.031,false,India
2026-07-14,crm analytics training bengaluru,Classroom,Transactional,/training,8,7383,3953,123,0.031,false,Australia
2026-07-21,crm analytics training bengaluru,Classroom,Transactional,/training,6,7383,4809,149,0.031,false,Australia
2026-07-28,crm analytics training bengaluru,Classroom,Transactional,/training,7,7383,3837,119,0.031,true,Australia
2026-08-04,crm analytics training bengaluru,Classroom,Transactional,/training,8,7383,3944,122,0.031,false,India
2026-08-11,crm analytics training bengaluru,Classroom,Transactional,/training,7,7383,4691,145,0.031,false,United Kingdom
2026-08-18,crm analytics training bengaluru,Classroom,Transactional,/training,5,7383,4123,338,0.082,false,Germany
2026-08-25,crm analytics training bengaluru,Classroom,Transactional,/training,3,7383,3734,560,0.15,true,United States
2026-09-01,crm analytics training bengaluru,Classroom,Transactional,/training,3,7383,4664,700,0.15,true,Germany
2026-09-08,crm analytics training bengaluru,Classroom,Transactional,/training,5,7383,3743,307,0.082,false,United States
2026-09-15,crm analytics training bengaluru,Classroom,Transactional,/training,3,7383,4495,674,0.15,false,Germany
2026-09-22,crm analytics training bengaluru,Classroom,Transactional,/training,2,7383,4616,692,0.15,false,Australia
2026-09-29,crm analytics training bengaluru,Classroom,Transactional,/training,3,7383,4528,679,0.15,true,India
2025-04-01,salesforce classroom training pune,Classroom,Transactional,/training,25,23352,2476,7,0.003,true,Australia
2025-04-08,salesforce classroom training pune,Classroom,Transactional,/training,26,23352,2200,7,0.003,false,India
2025-04-15,salesforce classroom training pune,Classroom,Transactional,/training,27,23352,2224,7,0.003,false,United States
2025-04-22,salesforce classroom training pune,Classroom,Transactional,/training,25,23352,2232,7,0.003,false,Germany
2025-04-29,salesforce classroom training pune,Classroom,Transactional,/training,25,23352,2492,7,0.003,true,India
2025-05-06,salesforce classroom training pune,Classroom,Transactional,/training,28,23352,2347,7,0.003,false,United States
2025-05-13,salesforce classroom training pune,Classroom,Transactional,/training,29,23352,1751,5,0.003,true,United States
2025-05-20,salesforce classroom training pune,Classroom,Transactional,/training,29,23352,2144,6,0.003,false,India
2025-05-27,salesforce classroom training pune,Classroom,Transactional,/training,29,23352,2138,6,0.003,false,Germany
2025-06-03,salesforce classroom training pune,Classroom,Transactional,/training,29,23352,2345,7,0.003,true,Germany
2025-06-10,salesforce classroom training pune,Classroom,Transactional,/training,30,23352,2244,7,0.003,false,India
2025-06-17,salesforce classroom training pune,Classroom,Transactional,/training,32,23352,2415,7,0.003,false,United Kingdom
2025-06-24,salesforce classroom training pune,Classroom,Transactional,/training,32,23352,2300,7,0.003,false,India
2025-07-01,salesforce classroom training pune,Classroom,Transactional,/training,32,23352,2445,7,0.003,false,India
2025-07-08,salesforce classroom training pune,Classroom,Transactional,/training,32,23352,2003,6,0.003,false,Australia
2025-07-15,salesforce classroom training pune,Classroom,Transactional,/training,32,23352,2441,7,0.003,false,United Kingdom
2025-07-22,salesforce classroom training pune,Classroom,Transactional,/training,33,23352,2217,7,0.003,false,Australia
2025-07-29,salesforce classroom training pune,Classroom,Transactional,/training,31,23352,2261,7,0.003,false,United Kingdom
2025-08-05,salesforce classroom training pune,Classroom,Transactional,/training,32,23352,2073,6,0.003,false,United States
2025-08-12,salesforce classroom training pune,Classroom,Transactional,/training,30,23352,1900,6,0.003,false,Australia
2025-08-19,salesforce classroom training pune,Classroom,Transactional,/training,29,23352,2360,7,0.003,false,India
2025-08-26,salesforce classroom training pune,Classroom,Transactional,/training,26,23352,1985,6,0.003,false,Germany
2025-09-02,salesforce classroom training pune,Classroom,Transactional,/training,25,23352,2286,7,0.003,false,United States
2025-09-09,salesforce classroom training pune,Classroom,Transactional,/training,25,23352,2104,6,0.003,false,India
2025-09-16,salesforce classroom training pune,Classroom,Transactional,/training,23,23352,1710,5,0.003,false,United States
2025-09-23,salesforce classroom training pune,Classroom,Transactional,/training,23,23352,2081,6,0.003,false,United States
2025-09-30,salesforce classroom training pune,Classroom,Transactional,/training,25,23352,2241,7,0.003,true,United Kingdom
2025-10-07,salesforce classroom training pune,Classroom,Transactional,/training,26,23352,1781,5,0.003,false,Germany
2025-10-14,salesforce classroom training pune,Classroom,Transactional,/training,25,23352,1922,6,0.003,true,United Kingdom
2025-10-21,salesforce classroom training pune,Classroom,Transactional,/training,25,23352,2056,6,0.003,false,India
2025-10-28,salesforce classroom training pune,Classroom,Transactional,/training,25,23352,1814,5,0.003,false,Australia
2025-11-04,salesforce classroom training pune,Classroom,Transactional,/training,23,23352,1732,5,0.003,false,Germany
2025-11-11,salesforce classroom training pune,Classroom,Transactional,/training,25,23352,2134,6,0.003,false,Australia
2025-11-18,salesforce classroom training pune,Classroom,Transactional,/training,23,23352,2399,7,0.003,false,United Kingdom
2025-11-25,salesforce classroom training pune,Classroom,Transactional,/training,21,23352,1843,6,0.003,false,Germany
2025-12-02,salesforce classroom training pune,Classroom,Transactional,/training,21,23352,1897,6,0.003,false,India
2025-12-09,salesforce classroom training pune,Classroom,Transactional,/training,22,23352,2469,7,0.003,false,India
2025-12-16,salesforce classroom training pune,Classroom,Transactional,/training,24,23352,2283,7,0.003,false,Australia
2025-12-23,salesforce classroom training pune,Classroom,Transactional,/training,26,23352,1984,6,0.003,true,India
2025-12-30,salesforce classroom training pune,Classroom,Transactional,/training,23,23352,2500,8,0.003,false,Australia
2026-01-06,salesforce classroom training pune,Classroom,Transactional,/training,21,23352,1711,5,0.003,false,United Kingdom
2026-01-13,salesforce classroom training pune,Classroom,Transactional,/training,22,23352,2401,7,0.003,false,United Kingdom
2026-01-20,salesforce classroom training pune,Classroom,Transactional,/training,20,23352,5370,59,0.011,false,United States
2026-01-27,salesforce classroom training pune,Classroom,Transactional,/training,20,23352,6495,71,0.011,false,Australia
2026-02-03,salesforce classroom training pune,Classroom,Transactional,/training,20,23352,7039,77,0.011,false,Australia
2026-02-10,salesforce classroom training pune,Classroom,Transactional,/training,21,23352,2113,6,0.003,false,Australia
2026-02-17,salesforce classroom training pune,Classroom,Transactional,/training,20,23352,6030,66,0.011,false,United States
2026-02-24,salesforce classroom training pune,Classroom,Transactional,/training,22,23352,2459,7,0.003,false,Germany
2026-03-03,salesforce classroom training pune,Classroom,Transactional,/training,20,23352,7669,84,0.011,false,United States
2026-03-10,salesforce classroom training pune,Classroom,Transactional,/training,20,23352,5456,60,0.011,false,United Kingdom
2026-03-17,salesforce classroom training pune,Classroom,Transactional,/training,21,23352,1924,6,0.003,false,United States
2026-03-24,salesforce classroom training pune,Classroom,Transactional,/training,21,23352,1925,6,0.003,false,United States
2026-03-31,salesforce classroom training pune,Classroom,Transactional,/training,24,23352,1888,6,0.003,false,United States
2026-04-07,salesforce classroom training pune,Classroom,Transactional,/training,23,23352,1967,6,0.003,false,United Kingdom
2026-04-14,salesforce classroom training pune,Classroom,Transactional,/training,23,23352,1959,6,0.003,true,India
2026-04-21,salesforce classroom training pune,Classroom,Transactional,/training,23,23352,2295,7,0.003,true,Australia
2026-04-28,salesforce classroom training pune,Classroom,Transactional,/training,23,23352,1955,6,0.003,false,India
2026-05-05,salesforce classroom training pune,Classroom,Transactional,/training,25,23352,1821,5,0.003,false,United Kingdom
2026-05-12,salesforce classroom training pune,Classroom,Transactional,/training,26,23352,2466,7,0.003,false,India
2026-05-19,salesforce classroom training pune,Classroom,Transactional,/training,26,23352,1968,6,0.003,false,Germany
2026-05-26,salesforce classroom training pune,Classroom,Transactional,/training,26,23352,1966,6,0.003,false,Germany
2026-06-02,salesforce classroom training pune,Classroom,Transactional,/training,24,23352,2370,7,0.003,false,Germany
2026-06-09,salesforce classroom training pune,Classroom,Transactional,/training,25,23352,1766,5,0.003,false,United States
2026-06-16,salesforce classroom training pune,Classroom,Transactional,/training,29,23352,2102,6,0.003,false,India
2026-06-23,salesforce classroom training pune,Classroom,Transactional,/training,28,23352,1894,6,0.003,false,Germany
2026-06-30,salesforce classroom training pune,Classroom,Transactional,/training,29,23352,1833,5,0.003,false,Germany
2026-07-07,salesforce classroom training pune,Classroom,Transactional,/training,29,23352,2107,6,0.003,false,India
2026-07-14,salesforce classroom training pune,Classroom,Transactional,/training,31,23352,1984,6,0.003,false,Germany
2026-07-21,salesforce classroom training pune,Classroom,Transactional,/training,31,23352,2381,7,0.003,true,United Kingdom
2026-07-28,salesforce classroom training pune,Classroom,Transactional,/training,31,23352,2211,7,0.003,false,India
2026-08-04,salesforce classroom training pune,Classroom,Transactional,/training,32,23352,1806,5,0.003,false,United Kingdom
2026-08-11,salesforce classroom training pune,Classroom,Transactional,/training,34,23352,2198,7,0.003,true,Germany
2026-08-18,salesforce classroom training pune,Classroom,Transactional,/training,34,23352,1905,6,0.003,false,Germany
2026-08-25,salesforce classroom training pune,Classroom,Transactional,/training,34,23352,2289,7,0.003,false,United Kingdom
2026-09-01,salesforce classroom training pune,Classroom,Transactional,/training,31,23352,1879,6,0.003,false,India
2026-09-08,salesforce classroom training pune,Classroom,Transactional,/training,32,23352,2404,7,0.003,false,India
2026-09-15,salesforce classroom training pune,Classroom,Transactional,/training,34,23352,2312,7,0.003,true,India
2026-09-22,salesforce classroom training pune,Classroom,Transactional,/training,34,23352,1731,5,0.003,false,Germany
2026-09-29,salesforce classroom training pune,Classroom,Transactional,/training,32,23352,2431,7,0.003,true,Germany
2025-04-01,crm analytics course london,Classroom,Transactional,/training,8,4281,2569,80,0.031,false,Australia
2025-04-08,crm analytics course london,Classroom,Transactional,/training,4,4281,2737,224,0.082,false,Australia
2025-04-15,crm analytics course london,Classroom,Transactional,/training,6,4281,2150,67,0.031,true,Australia
2025-04-22,crm analytics course london,Classroom,Transactional,/training,4,4281,2552,209,0.082,true,India
2025-04-29,crm analytics course london,Classroom,Transactional,/training,4,4281,2144,176,0.082,false,Australia
2025-05-06,crm analytics course london,Classroom,Transactional,/training,6,4281,3000,93,0.031,false,Australia
2025-05-13,crm analytics course london,Classroom,Transactional,/training,4,4281,2516,206,0.082,true,United States
2025-05-20,crm analytics course london,Classroom,Transactional,/training,2,4281,2241,336,0.15,false,United Kingdom
2025-05-27,crm analytics course london,Classroom,Transactional,/training,1,4281,2274,637,0.28,false,India
2025-06-03,crm analytics course london,Classroom,Transactional,/training,1,4281,2927,820,0.28,false,United States
2025-06-10,crm analytics course london,Classroom,Transactional,/training,1,4281,3159,885,0.28,false,United States
2025-06-17,crm analytics course london,Classroom,Transactional,/training,2,4281,2470,371,0.15,false,United Kingdom
2025-06-24,crm analytics course london,Classroom,Transactional,/training,5,4281,3026,248,0.082,false,Germany
2025-07-01,crm analytics course london,Classroom,Transactional,/training,6,4281,2827,88,0.031,false,United Kingdom
2025-07-08,crm analytics course london,Classroom,Transactional,/training,5,4281,2202,181,0.082,false,Australia
2025-07-15,crm analytics course london,Classroom,Transactional,/training,6,4281,2570,80,0.031,false,United States
2025-07-22,crm analytics course london,Classroom,Transactional,/training,3,4281,2948,442,0.15,false,United Kingdom
2025-07-29,crm analytics course london,Classroom,Transactional,/training,6,4281,2152,67,0.031,false,India
2025-08-05,crm analytics course london,Classroom,Transactional,/training,7,4281,2586,80,0.031,false,Germany
2025-08-12,crm analytics course london,Classroom,Transactional,/training,8,4281,2557,79,0.031,false,Germany
2025-08-19,crm analytics course london,Classroom,Transactional,/training,9,4281,2845,88,0.031,false,Germany
2025-08-26,crm analytics course london,Classroom,Transactional,/training,11,4281,1331,15,0.011,false,Germany
2025-09-02,crm analytics course london,Classroom,Transactional,/training,12,4281,1294,14,0.011,false,Germany
2025-09-09,crm analytics course london,Classroom,Transactional,/training,16,4281,1394,15,0.011,false,Australia
2025-09-16,crm analytics course london,Classroom,Transactional,/training,18,4281,1033,11,0.011,false,Australia
2025-09-23,crm analytics course london,Classroom,Transactional,/training,17,4281,1420,16,0.011,false,India
2025-09-30,crm analytics course london,Classroom,Transactional,/training,17,4281,1186,13,0.011,true,Germany
2025-10-07,crm analytics course london,Classroom,Transactional,/training,16,4281,1362,15,0.011,false,Australia
2025-10-14,crm analytics course london,Classroom,Transactional,/training,15,4281,1409,15,0.011,false,Germany
2025-10-21,crm analytics course london,Classroom,Transactional,/training,15,4281,1165,13,0.011,true,Australia
2025-10-28,crm analytics course london,Classroom,Transactional,/training,14,4281,1112,12,0.011,true,United Kingdom
2025-11-04,crm analytics course london,Classroom,Transactional,/training,17,4281,1332,15,0.011,false,United Kingdom
2025-11-11,crm analytics course london,Classroom,Transactional,/training,18,4281,1261,14,0.011,false,United States
2025-11-18,crm analytics course london,Classroom,Transactional,/training,18,4281,1318,14,0.011,false,Germany
2025-11-25,crm analytics course london,Classroom,Transactional,/training,18,4281,1410,16,0.011,false,India
2025-12-02,crm analytics course london,Classroom,Transactional,/training,19,4281,1175,13,0.011,true,India
2025-12-09,crm analytics course london,Classroom,Transactional,/training,18,4281,1241,14,0.011,false,United States
2025-12-16,crm analytics course london,Classroom,Transactional,/training,18,4281,1144,13,0.011,false,United Kingdom
2025-12-23,crm analytics course london,Classroom,Transactional,/training,19,4281,1102,12,0.011,true,United Kingdom
2025-12-30,crm analytics course london,Classroom,Transactional,/training,19,4281,1304,14,0.011,false,United States
2026-01-06,crm analytics course london,Classroom,Transactional,/training,17,4281,1341,15,0.011,false,India
2026-01-13,crm analytics course london,Classroom,Transactional,/training,17,4281,1239,14,0.011,false,India
2026-01-20,crm analytics course london,Classroom,Transactional,/training,16,4281,1220,13,0.011,false,United States
2026-01-27,crm analytics course london,Classroom,Transactional,/training,14,4281,1051,12,0.011,false,United States
2026-02-03,crm analytics course london,Classroom,Transactional,/training,14,4281,1299,14,0.011,false,United Kingdom
2026-02-10,crm analytics course london,Classroom,Transactional,/training,13,4281,978,11,0.011,false,United States
2026-02-17,crm analytics course london,Classroom,Transactional,/training,9,4281,2347,73,0.031,false,India
2026-02-24,crm analytics course london,Classroom,Transactional,/training,10,4281,2306,71,0.031,false,United States
2026-03-03,crm analytics course london,Classroom,Transactional,/training,10,4281,2910,90,0.031,true,India
2026-03-10,crm analytics course london,Classroom,Transactional,/training,11,4281,1008,11,0.011,false,United States
2026-03-17,crm analytics course london,Classroom,Transactional,/training,12,4281,1271,14,0.011,false,India
2026-03-24,crm analytics course london,Classroom,Transactional,/training,10,4281,2237,69,0.031,true,United Kingdom
2026-03-31,crm analytics course london,Classroom,Transactional,/training,12,4281,1033,11,0.011,false,Germany
2026-04-07,crm analytics course london,Classroom,Transactional,/training,11,4281,1056,12,0.011,true,Australia
2026-04-14,crm analytics course london,Classroom,Transactional,/training,11,4281,1325,15,0.011,false,United States
2026-04-21,crm analytics course london,Classroom,Transactional,/training,10,4281,2889,90,0.031,false,India
2026-04-28,crm analytics course london,Classroom,Transactional,/training,10,4281,2883,89,0.031,false,United States
2026-05-05,crm analytics course london,Classroom,Transactional,/training,11,4281,1409,15,0.011,false,United States
2026-05-12,crm analytics course london,Classroom,Transactional,/training,10,4281,2964,92,0.031,false,Germany
2026-05-19,crm analytics course london,Classroom,Transactional,/training,9,4281,2233,69,0.031,true,India
2026-05-26,crm analytics course london,Classroom,Transactional,/training,10,4281,2949,91,0.031,true,United States
2026-06-02,crm analytics course london,Classroom,Transactional,/training,9,4281,2448,76,0.031,false,United States
2026-06-09,crm analytics course london,Classroom,Transactional,/training,9,4281,2461,76,0.031,false,United States
2026-06-16,crm analytics course london,Classroom,Transactional,/training,11,4281,1146,13,0.011,false,India
2026-06-23,crm analytics course london,Classroom,Transactional,/training,8,4281,2522,78,0.031,false,Germany
2026-06-30,crm analytics course london,Classroom,Transactional,/training,7,4281,2462,76,0.031,false,Germany
2026-07-07,crm analytics course london,Classroom,Transactional,/training,8,4281,2772,86,0.031,false,Australia
2026-07-14,crm analytics course london,Classroom,Transactional,/training,5,4281,2822,231,0.082,false,Australia
2026-07-21,crm analytics course london,Classroom,Transactional,/training,7,4281,2815,87,0.031,true,India
2026-07-28,crm analytics course london,Classroom,Transactional,/training,10,4281,2741,85,0.031,false,Australia
2026-08-04,crm analytics course london,Classroom,Transactional,/training,13,4281,1273,14,0.011,false,United Kingdom
2026-08-11,crm analytics course london,Classroom,Transactional,/training,11,4281,996,11,0.011,false,United Kingdom
2026-08-18,crm analytics course london,Classroom,Transactional,/training,14,4281,1189,13,0.011,false,Australia
2026-08-25,crm analytics course london,Classroom,Transactional,/training,14,4281,1272,14,0.011,false,United Kingdom
2026-09-01,crm analytics course london,Classroom,Transactional,/training,12,4281,1145,13,0.011,false,United States
2026-09-08,crm analytics course london,Classroom,Transactional,/training,11,4281,1172,13,0.011,true,United States
2026-09-15,crm analytics course london,Classroom,Transactional,/training,10,4281,2560,79,0.031,false,India
2026-09-22,crm analytics course london,Classroom,Transactional,/training,11,4281,1065,12,0.011,false,Australia
2026-09-29,crm analytics course london,Classroom,Transactional,/training,11,4281,1007,11,0.011,true,India
2025-04-01,crm analytics training near me,Classroom,Transactional,/training,13,3407,998,11,0.011,false,India
2025-04-08,crm analytics training near me,Classroom,Transactional,/training,10,3407,1965,61,0.031,false,United Kingdom
2025-04-15,crm analytics training near me,Classroom,Transactional,/training,11,3407,937,10,0.011,false,India
2025-04-22,crm analytics training near me,Classroom,Transactional,/training,13,3407,1061,12,0.011,false,India
2025-04-29,crm analytics training near me,Classroom,Transactional,/training,13,3407,854,9,0.011,false,India
2025-05-06,crm analytics training near me,Classroom,Transactional,/training,15,3407,1066,12,0.011,true,United States
2025-05-13,crm analytics training near me,Classroom,Transactional,/training,12,3407,1125,12,0.011,false,United Kingdom
2025-05-20,crm analytics training near me,Classroom,Transactional,/training,13,3407,1025,11,0.011,false,Australia
2025-05-27,crm analytics training near me,Classroom,Transactional,/training,12,3407,1007,11,0.011,false,Australia
2025-06-03,crm analytics training near me,Classroom,Transactional,/training,10,3407,2408,75,0.031,true,India
2025-06-10,crm analytics training near me,Classroom,Transactional,/training,11,3407,893,10,0.011,false,United Kingdom
2025-06-17,crm analytics training near me,Classroom,Transactional,/training,9,3407,2433,75,0.031,false,United States
2025-06-24,crm analytics training near me,Classroom,Transactional,/training,11,3407,842,9,0.011,false,United Kingdom
2025-07-01,crm analytics training near me,Classroom,Transactional,/training,12,3407,926,10,0.011,false,India
2025-07-08,crm analytics training near me,Classroom,Transactional,/training,13,3407,888,10,0.011,false,United Kingdom
2025-07-15,crm analytics training near me,Classroom,Transactional,/training,12,3407,1145,13,0.011,false,United Kingdom
2025-07-22,crm analytics training near me,Classroom,Transactional,/training,11,3407,799,9,0.011,true,Germany
2025-07-29,crm analytics training near me,Classroom,Transactional,/training,10,3407,2376,74,0.031,false,Germany
2025-08-05,crm analytics training near me,Classroom,Transactional,/training,9,3407,1737,54,0.031,false,United States
2025-08-12,crm analytics training near me,Classroom,Transactional,/training,9,3407,2174,67,0.031,false,United Kingdom
2025-08-19,crm analytics training near me,Classroom,Transactional,/training,9,3407,1791,56,0.031,false,India
2025-08-26,crm analytics training near me,Classroom,Transactional,/training,11,3407,802,9,0.011,false,United Kingdom
2025-09-02,crm analytics training near me,Classroom,Transactional,/training,12,3407,925,10,0.011,true,Australia
2025-09-09,crm analytics training near me,Classroom,Transactional,/training,15,3407,800,9,0.011,false,India
2025-09-16,crm analytics training near me,Classroom,Transactional,/training,14,3407,810,9,0.011,false,United States
2025-09-23,crm analytics training near me,Classroom,Transactional,/training,14,3407,937,10,0.011,false,United Kingdom
2025-09-30,crm analytics training near me,Classroom,Transactional,/training,13,3407,1069,12,0.011,false,United States
2025-10-07,crm analytics training near me,Classroom,Transactional,/training,11,3407,831,9,0.011,true,India
2025-10-14,crm analytics training near me,Classroom,Transactional,/training,15,3407,770,8,0.011,false,United Kingdom
2025-10-21,crm analytics training near me,Classroom,Transactional,/training,15,3407,887,10,0.011,false,United States
2025-10-28,crm analytics training near me,Classroom,Transactional,/training,13,3407,850,9,0.011,false,United Kingdom
2025-11-04,crm analytics training near me,Classroom,Transactional,/training,12,3407,1045,11,0.011,false,India
2025-11-11,crm analytics training near me,Classroom,Transactional,/training,12,3407,802,9,0.011,true,United States
2025-11-18,crm analytics training near me,Classroom,Transactional,/training,11,3407,881,10,0.011,true,United States
2025-11-25,crm analytics training near me,Classroom,Transactional,/training,12,3407,916,10,0.011,true,Australia
2025-12-02,crm analytics training near me,Classroom,Transactional,/training,13,3407,819,9,0.011,true,Australia
2025-12-09,crm analytics training near me,Classroom,Transactional,/training,12,3407,986,11,0.011,false,United States
2025-12-16,crm analytics training near me,Classroom,Transactional,/training,13,3407,794,9,0.011,false,Australia
2025-12-23,crm analytics training near me,Classroom,Transactional,/training,16,3407,1064,12,0.011,false,Germany
2025-12-30,crm analytics training near me,Classroom,Transactional,/training,18,3407,922,10,0.011,false,Germany
2026-01-06,crm analytics training near me,Classroom,Transactional,/training,18,3407,1008,11,0.011,false,United Kingdom
2026-01-13,crm analytics training near me,Classroom,Transactional,/training,19,3407,836,9,0.011,false,United Kingdom
2026-01-20,crm analytics training near me,Classroom,Transactional,/training,20,3407,957,11,0.011,false,Germany
2026-01-27,crm analytics training near me,Classroom,Transactional,/training,21,3407,360,1,0.003,true,United Kingdom
2026-02-03,crm analytics training near me,Classroom,Transactional,/training,20,3407,961,11,0.011,false,India
2026-02-10,crm analytics training near me,Classroom,Transactional,/training,20,3407,846,9,0.011,true,United States
2026-02-17,crm analytics training near me,Classroom,Transactional,/training,20,3407,1108,12,0.011,false,India
2026-02-24,crm analytics training near me,Classroom,Transactional,/training,21,3407,363,1,0.003,false,United Kingdom
2026-03-03,crm analytics training near me,Classroom,Transactional,/training,22,3407,269,1,0.003,false,Australia
2026-03-10,crm analytics training near me,Classroom,Transactional,/training,23,3407,274,1,0.003,false,Australia
2026-03-17,crm analytics training near me,Classroom,Transactional,/training,23,3407,253,1,0.003,true,Australia
2026-03-24,crm analytics training near me,Classroom,Transactional,/training,22,3407,352,1,0.003,false,United States
2026-03-31,crm analytics training near me,Classroom,Transactional,/training,23,3407,365,1,0.003,false,Australia
2026-04-07,crm analytics training near me,Classroom,Transactional,/training,26,3407,312,1,0.003,true,Australia
2026-04-14,crm analytics training near me,Classroom,Transactional,/training,29,3407,313,1,0.003,false,United States
2026-04-21,crm analytics training near me,Classroom,Transactional,/training,30,3407,284,1,0.003,true,India
2026-04-28,crm analytics training near me,Classroom,Transactional,/training,28,3407,250,1,0.003,false,India
2026-05-05,crm analytics training near me,Classroom,Transactional,/training,27,3407,286,1,0.003,true,India
2026-05-12,crm analytics training near me,Classroom,Transactional,/training,25,3407,334,1,0.003,false,Germany
2026-05-19,crm analytics training near me,Classroom,Transactional,/training,26,3407,265,1,0.003,false,Australia
2026-05-26,crm analytics training near me,Classroom,Transactional,/training,27,3407,309,1,0.003,false,United Kingdom
2026-06-02,crm analytics training near me,Classroom,Transactional,/training,25,3407,361,1,0.003,false,United States
2026-06-09,crm analytics training near me,Classroom,Transactional,/training,28,3407,257,1,0.003,false,United Kingdom
2026-06-16,crm analytics training near me,Classroom,Transactional,/training,27,3407,342,1,0.003,true,India
2026-06-23,crm analytics training near me,Classroom,Transactional,/training,26,3407,275,1,0.003,false,India
2026-06-30,crm analytics training near me,Classroom,Transactional,/training,26,3407,329,1,0.003,false,Australia
2026-07-07,crm analytics training near me,Classroom,Transactional,/training,26,3407,273,1,0.003,false,United States
2026-07-14,crm analytics training near me,Classroom,Transactional,/training,25,3407,265,1,0.003,false,Australia
2026-07-21,crm analytics training near me,Classroom,Transactional,/training,29,3407,329,1,0.003,true,Australia
2026-07-28,crm analytics training near me,Classroom,Transactional,/training,30,3407,258,1,0.003,false,United Kingdom
2026-08-04,crm analytics training near me,Classroom,Transactional,/training,31,3407,329,1,0.003,true,United Kingdom
2026-08-11,crm analytics training near me,Classroom,Transactional,/training,30,3407,312,1,0.003,true,Germany
2026-08-18,crm analytics training near me,Classroom,Transactional,/training,30,3407,290,1,0.003,false,United States
2026-08-25,crm analytics training near me,Classroom,Transactional,/training,27,3407,268,1,0.003,true,United Kingdom
2026-09-01,crm analytics training near me,Classroom,Transactional,/training,26,3407,364,1,0.003,false,Australia
2026-09-08,crm analytics training near me,Classroom,Transactional,/training,26,3407,254,1,0.003,false,India
2026-09-15,crm analytics training near me,Classroom,Transactional,/training,25,3407,363,1,0.003,false,United States
2026-09-22,crm analytics training near me,Classroom,Transactional,/training,27,3407,294,1,0.003,true,United States
2026-09-29,crm analytics training near me,Classroom,Transactional,/training,31,3407,339,1,0.003,false,Australia
2025-04-01,crm analytics academy,Brand,Navigational,/,18,2328,681,7,0.011,false,United Kingdom
2025-04-08,crm analytics academy,Brand,Navigational,/,21,2328,239,1,0.003,false,Germany
2025-04-15,crm analytics academy,Brand,Navigational,/,19,2328,573,6,0.011,false,United States
2025-04-22,crm analytics academy,Brand,Navigational,/,17,2328,611,7,0.011,false,Germany
2025-04-29,crm analytics academy,Brand,Navigational,/,19,2328,726,8,0.011,false,Australia
2025-05-06,crm analytics academy,Brand,Navigational,/,16,2328,710,8,0.011,true,Germany
2025-05-13,crm analytics academy,Brand,Navigational,/,16,2328,717,8,0.011,false,United Kingdom
2025-05-20,crm analytics academy,Brand,Navigational,/,15,2328,674,7,0.011,true,United Kingdom
2025-05-27,crm analytics academy,Brand,Navigational,/,14,2328,528,6,0.011,true,United States
2025-06-03,crm analytics academy,Brand,Navigational,/,17,2328,689,8,0.011,false,India
2025-06-10,crm analytics academy,Brand,Navigational,/,18,2328,546,6,0.011,false,India
2025-06-17,crm analytics academy,Brand,Navigational,/,21,2328,231,1,0.003,false,United Kingdom
2025-06-24,crm analytics academy,Brand,Navigational,/,22,2328,188,1,0.003,true,India
2025-07-01,crm analytics academy,Brand,Navigational,/,23,2328,196,1,0.003,false,Germany
2025-07-08,crm analytics academy,Brand,Navigational,/,19,2328,685,8,0.011,true,India
2025-07-15,crm analytics academy,Brand,Navigational,/,17,2328,734,8,0.011,false,Australia
2025-07-22,crm analytics academy,Brand,Navigational,/,17,2328,722,8,0.011,true,United States
2025-07-29,crm analytics academy,Brand,Navigational,/,17,2328,701,8,0.011,false,Australia
2025-08-05,crm analytics academy,Brand,Navigational,/,18,2328,663,7,0.011,false,Germany
2025-08-12,crm analytics academy,Brand,Navigational,/,19,2328,540,6,0.011,false,Germany
2025-08-19,crm analytics academy,Brand,Navigational,/,18,2328,594,7,0.011,false,Germany
2025-08-26,crm analytics academy,Brand,Navigational,/,14,2328,676,7,0.011,true,Germany
2025-09-02,crm analytics academy,Brand,Navigational,/,12,2328,614,7,0.011,false,United States
2025-09-09,crm analytics academy,Brand,Navigational,/,14,2328,580,6,0.011,false,United Kingdom
2025-09-16,crm analytics academy,Brand,Navigational,/,16,2328,549,6,0.011,false,United States
2025-09-23,crm analytics academy,Brand,Navigational,/,15,2328,560,6,0.011,true,United States
2025-09-30,crm analytics academy,Brand,Navigational,/,14,2328,538,6,0.011,false,Australia
2025-10-07,crm analytics academy,Brand,Navigational,/,15,2328,559,6,0.011,false,United States
2025-10-14,crm analytics academy,Brand,Navigational,/,19,2328,537,6,0.011,false,Germany
2025-10-21,crm analytics academy,Brand,Navigational,/,18,2328,559,6,0.011,false,Australia
2025-10-28,crm analytics academy,Brand,Navigational,/,19,2328,686,8,0.011,false,United Kingdom
2025-11-04,crm analytics academy,Brand,Navigational,/,19,2328,661,7,0.011,false,India
2025-11-11,crm analytics academy,Brand,Navigational,/,20,2328,656,7,0.011,false,Australia
2025-11-18,crm analytics academy,Brand,Navigational,/,21,2328,224,1,0.003,false,India
2025-11-25,crm analytics academy,Brand,Navigational,/,20,2328,695,8,0.011,false,Germany
2025-12-02,crm analytics academy,Brand,Navigational,/,19,2328,532,6,0.011,true,India
2025-12-09,crm analytics academy,Brand,Navigational,/,20,2328,523,6,0.011,false,India
2025-12-16,crm analytics academy,Brand,Navigational,/,21,2328,173,1,0.003,true,United Kingdom
2025-12-23,crm analytics academy,Brand,Navigational,/,20,2328,620,7,0.011,false,Australia
2025-12-30,crm analytics academy,Brand,Navigational,/,19,2328,618,7,0.011,false,Australia
2026-01-06,crm analytics academy,Brand,Navigational,/,18,2328,650,7,0.011,false,Germany
2026-01-13,crm analytics academy,Brand,Navigational,/,17,2328,649,7,0.011,false,Germany
2026-01-20,crm analytics academy,Brand,Navigational,/,18,2328,640,7,0.011,false,India
2026-01-27,crm analytics academy,Brand,Navigational,/,16,2328,588,6,0.011,false,United Kingdom
2026-02-03,crm analytics academy,Brand,Navigational,/,17,2328,779,9,0.011,false,Germany
2026-02-10,crm analytics academy,Brand,Navigational,/,18,2328,541,6,0.011,true,Australia
2026-02-17,crm analytics academy,Brand,Navigational,/,18,2328,588,6,0.011,false,United Kingdom
2026-02-24,crm analytics academy,Brand,Navigational,/,18,2328,614,7,0.011,true,Australia
2026-03-03,crm analytics academy,Brand,Navigational,/,17,2328,680,7,0.011,true,Germany
2026-03-10,crm analytics academy,Brand,Navigational,/,18,2328,614,7,0.011,false,Germany
2026-03-17,crm analytics academy,Brand,Navigational,/,18,2328,685,8,0.011,false,United Kingdom
2026-03-24,crm analytics academy,Brand,Navigational,/,20,2328,562,6,0.011,false,India
2026-03-31,crm analytics academy,Brand,Navigational,/,19,2328,683,8,0.011,false,India
2026-04-07,crm analytics academy,Brand,Navigational,/,19,2328,582,6,0.011,false,United Kingdom
2026-04-14,crm analytics academy,Brand,Navigational,/,18,2328,661,7,0.011,false,United Kingdom
2026-04-21,crm analytics academy,Brand,Navigational,/,17,2328,763,8,0.011,false,Australia
2026-04-28,crm analytics academy,Brand,Navigational,/,16,2328,646,7,0.011,false,United Kingdom
2026-05-05,crm analytics academy,Brand,Navigational,/,11,2328,624,7,0.011,true,Germany
2026-05-12,crm analytics academy,Brand,Navigational,/,9,2328,1507,47,0.031,false,India
2026-05-19,crm analytics academy,Brand,Navigational,/,11,2328,730,8,0.011,false,Germany
2026-05-26,crm analytics academy,Brand,Navigational,/,14,2328,650,7,0.011,false,United Kingdom
2026-06-02,crm analytics academy,Brand,Navigational,/,15,2328,780,9,0.011,false,Australia
2026-06-09,crm analytics academy,Brand,Navigational,/,14,2328,612,7,0.011,true,United Kingdom
2026-06-16,crm analytics academy,Brand,Navigational,/,14,2328,634,7,0.011,false,India
2026-06-23,crm analytics academy,Brand,Navigational,/,12,2328,669,7,0.011,false,Australia
2026-06-30,crm analytics academy,Brand,Navigational,/,9,2328,1533,48,0.031,false,United Kingdom
2026-07-07,crm analytics academy,Brand,Navigational,/,8,2328,1456,45,0.031,true,United States
2026-07-14,crm analytics academy,Brand,Navigational,/,5,2328,1704,140,0.082,false,United Kingdom
2026-07-21,crm analytics academy,Brand,Navigational,/,6,2328,1679,52,0.031,false,Germany
2026-07-28,crm analytics academy,Brand,Navigational,/,5,2328,1209,99,0.082,true,United Kingdom
2026-08-04,crm analytics academy,Brand,Navigational,/,4,2328,1231,101,0.082,false,Germany
2026-08-11,crm analytics academy,Brand,Navigational,/,3,2328,1319,198,0.15,false,United Kingdom
2026-08-18,crm analytics academy,Brand,Navigational,/,3,2328,1242,186,0.15,false,Germany
2026-08-25,crm analytics academy,Brand,Navigational,/,3,2328,1459,219,0.15,false,United States
2026-09-01,crm analytics academy,Brand,Navigational,/,4,2328,1559,128,0.082,false,India
2026-09-08,crm analytics academy,Brand,Navigational,/,5,2328,1189,97,0.082,false,United States
2026-09-15,crm analytics academy,Brand,Navigational,/,5,2328,1343,110,0.082,false,Germany
2026-09-22,crm analytics academy,Brand,Navigational,/,5,2328,1424,117,0.082,true,India
2026-09-29,crm analytics academy,Brand,Navigational,/,4,2328,1440,118,0.082,false,Australia
2025-04-01,crm analytics academy pricing,Brand,Navigational,/,10,1738,1115,35,0.031,false,Germany
2025-04-08,crm analytics academy pricing,Brand,Navigational,/,10,1738,1033,32,0.031,false,India
2025-04-15,crm analytics academy pricing,Brand,Navigational,/,10,1738,883,27,0.031,false,Australia
2025-04-22,crm analytics academy pricing,Brand,Navigational,/,9,1738,1158,36,0.031,true,United States
2025-04-29,crm analytics academy pricing,Brand,Navigational,/,9,1738,995,31,0.031,false,Australia
2025-05-06,crm analytics academy pricing,Brand,Navigational,/,8,1738,1166,36,0.031,false,Germany
2025-05-13,crm analytics academy pricing,Brand,Navigational,/,7,1738,1141,35,0.031,false,India
2025-05-20,crm analytics academy pricing,Brand,Navigational,/,5,1738,1194,98,0.082,false,Germany
2025-05-27,crm analytics academy pricing,Brand,Navigational,/,4,1738,902,74,0.082,false,India
2025-06-03,crm analytics academy pricing,Brand,Navigational,/,5,1738,1207,99,0.082,true,United States
2025-06-10,crm analytics academy pricing,Brand,Navigational,/,4,1738,972,80,0.082,true,Australia
2025-06-17,crm analytics academy pricing,Brand,Navigational,/,4,1738,877,72,0.082,false,United States
2025-06-24,crm analytics academy pricing,Brand,Navigational,/,3,1738,1031,155,0.15,false,India
2025-07-01,crm analytics academy pricing,Brand,Navigational,/,2,1738,870,131,0.15,true,Australia
2025-07-08,crm analytics academy pricing,Brand,Navigational,/,3,1738,903,135,0.15,false,Australia
2025-07-15,crm analytics academy pricing,Brand,Navigational,/,4,1738,1249,102,0.082,false,Germany
2025-07-22,crm analytics academy pricing,Brand,Navigational,/,5,1738,1292,106,0.082,true,India
2025-07-29,crm analytics academy pricing,Brand,Navigational,/,4,1738,1022,84,0.082,false,United Kingdom
2025-08-05,crm analytics academy pricing,Brand,Navigational,/,5,1738,1158,95,0.082,false,United States
2025-08-12,crm analytics academy pricing,Brand,Navigational,/,7,1738,1033,32,0.031,false,India
2025-08-19,crm analytics academy pricing,Brand,Navigational,/,8,1738,1147,36,0.031,false,Australia
2025-08-26,crm analytics academy pricing,Brand,Navigational,/,5,1738,1111,91,0.082,false,India
2025-09-02,crm analytics academy pricing,Brand,Navigational,/,4,1738,1285,105,0.082,false,India
2025-09-09,crm analytics academy pricing,Brand,Navigational,/,5,1738,1234,101,0.082,true,United Kingdom
2025-09-16,crm analytics academy pricing,Brand,Navigational,/,6,1738,1037,32,0.031,true,United States
2025-09-23,crm analytics academy pricing,Brand,Navigational,/,3,1738,1141,171,0.15,false,United Kingdom
2025-09-30,crm analytics academy pricing,Brand,Navigational,/,3,1738,944,142,0.15,false,Australia
2025-10-07,crm analytics academy pricing,Brand,Navigational,/,2,1738,1166,175,0.15,false,India
2025-10-14,crm analytics academy pricing,Brand,Navigational,/,1,1738,914,256,0.28,false,Australia
2025-10-21,crm analytics academy pricing,Brand,Navigational,/,1,1738,980,274,0.28,false,United Kingdom
2025-10-28,crm analytics academy pricing,Brand,Navigational,/,1,1738,1007,282,0.28,false,United Kingdom
2025-11-04,crm analytics academy pricing,Brand,Navigational,/,1,1738,890,249,0.28,false,Australia
2025-11-11,crm analytics academy pricing,Brand,Navigational,/,1,1738,1282,359,0.28,false,Australia
2025-11-18,crm analytics academy pricing,Brand,Navigational,/,3,1738,1269,190,0.15,true,India
2025-11-25,crm analytics academy pricing,Brand,Navigational,/,1,1738,1252,351,0.28,false,United Kingdom
2025-12-02,crm analytics academy pricing,Brand,Navigational,/,1,1738,921,258,0.28,false,Germany
2025-12-09,crm analytics academy pricing,Brand,Navigational,/,3,1738,994,149,0.15,false,Germany
2025-12-16,crm analytics academy pricing,Brand,Navigational,/,2,1738,1279,192,0.15,true,United Kingdom
2025-12-23,crm analytics academy pricing,Brand,Navigational,/,3,1738,1261,189,0.15,false,Australia
2025-12-30,crm analytics academy pricing,Brand,Navigational,/,4,1738,1020,84,0.082,false,Germany
2026-01-06,crm analytics academy pricing,Brand,Navigational,/,4,1738,1206,99,0.082,false,Australia
2026-01-13,crm analytics academy pricing,Brand,Navigational,/,3,1738,1220,183,0.15,false,India
2026-01-20,crm analytics academy pricing,Brand,Navigational,/,4,1738,1256,103,0.082,false,Australia
2026-01-27,crm analytics academy pricing,Brand,Navigational,/,1,1738,1146,321,0.28,true,United States
2026-02-03,crm analytics academy pricing,Brand,Navigational,/,2,1738,887,133,0.15,true,India
2026-02-10,crm analytics academy pricing,Brand,Navigational,/,2,1738,1132,170,0.15,false,India
2026-02-17,crm analytics academy pricing,Brand,Navigational,/,1,1738,1191,333,0.28,false,United Kingdom
2026-02-24,crm analytics academy pricing,Brand,Navigational,/,1,1738,1028,288,0.28,true,United Kingdom
2026-03-03,crm analytics academy pricing,Brand,Navigational,/,2,1738,886,133,0.15,true,United States
2026-03-10,crm analytics academy pricing,Brand,Navigational,/,3,1738,1237,186,0.15,false,Germany
2026-03-17,crm analytics academy pricing,Brand,Navigational,/,1,1738,894,250,0.28,false,Germany
2026-03-24,crm analytics academy pricing,Brand,Navigational,/,2,1738,1221,183,0.15,true,United Kingdom
2026-03-31,crm analytics academy pricing,Brand,Navigational,/,3,1738,934,140,0.15,false,Germany
2026-04-07,crm analytics academy pricing,Brand,Navigational,/,5,1738,1252,103,0.082,true,United States
2026-04-14,crm analytics academy pricing,Brand,Navigational,/,4,1738,872,72,0.082,false,United Kingdom
2026-04-21,crm analytics academy pricing,Brand,Navigational,/,5,1738,1189,97,0.082,false,United States
2026-04-28,crm analytics academy pricing,Brand,Navigational,/,6,1738,926,29,0.031,false,Australia
2026-05-05,crm analytics academy pricing,Brand,Navigational,/,7,1738,986,31,0.031,false,India
2026-05-12,crm analytics academy pricing,Brand,Navigational,/,9,1738,1014,31,0.031,false,India
2026-05-19,crm analytics academy pricing,Brand,Navigational,/,11,1738,514,6,0.011,false,United Kingdom
2026-05-26,crm analytics academy pricing,Brand,Navigational,/,9,1738,894,28,0.031,false,United States
2026-06-02,crm analytics academy pricing,Brand,Navigational,/,10,1738,1263,39,0.031,false,United States
2026-06-09,crm analytics academy pricing,Brand,Navigational,/,11,1738,417,5,0.011,false,United States
2026-06-16,crm analytics academy pricing,Brand,Navigational,/,9,1738,1082,34,0.031,false,India
2026-06-23,crm analytics academy pricing,Brand,Navigational,/,9,1738,1101,34,0.031,true,Germany
2026-06-30,crm analytics academy pricing,Brand,Navigational,/,13,1738,447,5,0.011,false,Australia
2026-07-07,crm analytics academy pricing,Brand,Navigational,/,15,1738,468,5,0.011,true,United States
2026-07-14,crm analytics academy pricing,Brand,Navigational,/,15,1738,407,4,0.011,false,India
2026-07-21,crm analytics academy pricing,Brand,Navigational,/,12,1738,533,6,0.011,false,United States
2026-07-28,crm analytics academy pricing,Brand,Navigational,/,11,1738,466,5,0.011,false,Australia
2026-08-04,crm analytics academy pricing,Brand,Navigational,/,14,1738,428,5,0.011,true,Germany
2026-08-11,crm analytics academy pricing,Brand,Navigational,/,11,1738,394,4,0.011,false,Australia
2026-08-18,crm analytics academy pricing,Brand,Navigational,/,9,1738,1210,38,0.031,false,Australia
2026-08-25,crm analytics academy pricing,Brand,Navigational,/,9,1738,1277,40,0.031,true,Germany
2026-09-01,crm analytics academy pricing,Brand,Navigational,/,9,1738,864,27,0.031,false,United Kingdom
2026-09-08,crm analytics academy pricing,Brand,Navigational,/,10,1738,1151,36,0.031,false,United States
2026-09-15,crm analytics academy pricing,Brand,Navigational,/,11,1738,542,6,0.011,true,Germany
2026-09-22,crm analytics academy pricing,Brand,Navigational,/,13,1738,573,6,0.011,false,United Kingdom
2026-09-29,crm analytics academy pricing,Brand,Navigational,/,11,1738,552,6,0.011,false,Germany
2025-04-01,crm analytics academy review,Brand,Navigational,/,21,1843,147,0,0.003,true,Australia
2025-04-08,crm analytics academy review,Brand,Navigational,/,22,1843,155,0,0.003,true,Australia
2025-04-15,crm analytics academy review,Brand,Navigational,/,23,1843,144,0,0.003,false,Australia
2025-04-22,crm analytics academy review,Brand,Navigational,/,21,1843,177,1,0.003,false,United Kingdom
2025-04-29,crm analytics academy review,Brand,Navigational,/,22,1843,187,1,0.003,false,Australia
2025-05-06,crm analytics academy review,Brand,Navigational,/,23,1843,164,0,0.003,false,Germany
2025-05-13,crm analytics academy review,Brand,Navigational,/,24,1843,168,1,0.003,false,Australia
2025-05-20,crm analytics academy review,Brand,Navigational,/,23,1843,179,1,0.003,false,India
2025-05-27,crm analytics academy review,Brand,Navigational,/,23,1843,195,1,0.003,false,United States
2025-06-03,crm analytics academy review,Brand,Navigational,/,26,1843,191,1,0.003,false,Australia
2025-06-10,crm analytics academy review,Brand,Navigational,/,25,1843,150,0,0.003,false,Australia
2025-06-17,crm analytics academy review,Brand,Navigational,/,25,1843,191,1,0.003,true,Australia
2025-06-24,crm analytics academy review,Brand,Navigational,/,26,1843,138,0,0.003,true,India
2025-07-01,crm analytics academy review,Brand,Navigational,/,26,1843,195,1,0.003,false,United Kingdom
2025-07-08,crm analytics academy review,Brand,Navigational,/,26,1843,156,0,0.003,false,India
2025-07-15,crm analytics academy review,Brand,Navigational,/,24,1843,173,1,0.003,false,Australia
2025-07-22,crm analytics academy review,Brand,Navigational,/,24,1843,147,0,0.003,false,Australia
2025-07-29,crm analytics academy review,Brand,Navigational,/,23,1843,188,1,0.003,true,India
2025-08-05,crm analytics academy review,Brand,Navigational,/,22,1843,183,1,0.003,false,United Kingdom
2025-08-12,crm analytics academy review,Brand,Navigational,/,22,1843,161,0,0.003,false,United Kingdom
2025-08-19,crm analytics academy review,Brand,Navigational,/,22,1843,197,1,0.003,false,United Kingdom
2025-08-26,crm analytics academy review,Brand,Navigational,/,21,1843,173,1,0.003,true,United States
2025-09-02,crm analytics academy review,Brand,Navigational,/,18,1843,462,5,0.011,false,India
2025-09-09,crm analytics academy review,Brand,Navigational,/,18,1843,434,5,0.011,false,United States
2025-09-16,crm analytics academy review,Brand,Navigational,/,15,1843,470,5,0.011,false,United Kingdom
2025-09-23,crm analytics academy review,Brand,Navigational,/,16,1843,464,5,0.011,false,India
2025-09-30,crm analytics academy review,Brand,Navigational,/,18,1843,543,6,0.011,false,Germany
2025-10-07,crm analytics academy review,Brand,Navigational,/,16,1843,600,7,0.011,false,United States
2025-10-14,crm analytics academy review,Brand,Navigational,/,18,1843,500,6,0.011,false,Germany
2025-10-21,crm analytics academy review,Brand,Navigational,/,18,1843,470,5,0.011,true,United Kingdom
2025-10-28,crm analytics academy review,Brand,Navigational,/,17,1843,530,6,0.011,true,Germany
2025-11-04,crm analytics academy review,Brand,Navigational,/,18,1843,469,5,0.011,false,Australia
2025-11-11,crm analytics academy review,Brand,Navigational,/,20,1843,423,5,0.011,false,United States
2025-11-18,crm analytics academy review,Brand,Navigational,/,21,1843,137,0,0.003,false,India
2025-11-25,crm analytics academy review,Brand,Navigational,/,21,1843,190,1,0.003,false,India
2025-12-02,crm analytics academy review,Brand,Navigational,/,20,1843,599,7,0.011,false,Australia
2025-12-09,crm analytics academy review,Brand,Navigational,/,21,1843,179,1,0.003,true,Germany
2025-12-16,crm analytics academy review,Brand,Navigational,/,20,1843,559,6,0.011,false,Germany
2025-12-23,crm analytics academy review,Brand,Navigational,/,21,1843,174,1,0.003,false,United States
2025-12-30,crm analytics academy review,Brand,Navigational,/,22,1843,189,1,0.003,false,India
2026-01-06,crm analytics academy review,Brand,Navigational,/,24,1843,172,1,0.003,false,United States
2026-01-13,crm analytics academy review,Brand,Navigational,/,24,1843,163,0,0.003,false,India
2026-01-20,crm analytics academy review,Brand,Navigational,/,22,1843,151,0,0.003,false,Germany
2026-01-27,crm analytics academy review,Brand,Navigational,/,24,1843,197,1,0.003,true,Germany
2026-02-03,crm analytics academy review,Brand,Navigational,/,25,1843,186,1,0.003,false,United States
2026-02-10,crm analytics academy review,Brand,Navigational,/,21,1843,169,1,0.003,false,Australia
2026-02-17,crm analytics academy review,Brand,Navigational,/,24,1843,152,0,0.003,false,India
2026-02-24,crm analytics academy review,Brand,Navigational,/,24,1843,143,0,0.003,false,United States
2026-03-03,crm analytics academy review,Brand,Navigational,/,22,1843,148,0,0.003,true,India
2026-03-10,crm analytics academy review,Brand,Navigational,/,19,1843,547,6,0.011,false,United States
2026-03-17,crm analytics academy review,Brand,Navigational,/,19,1843,469,5,0.011,false,Australia
2026-03-24,crm analytics academy review,Brand,Navigational,/,18,1843,452,5,0.011,false,Germany
2026-03-31,crm analytics academy review,Brand,Navigational,/,17,1843,510,6,0.011,false,Germany
2026-04-07,crm analytics academy review,Brand,Navigational,/,19,1843,558,6,0.011,true,United States
2026-04-14,crm analytics academy review,Brand,Navigational,/,18,1843,496,5,0.011,false,United Kingdom
2026-04-21,crm analytics academy review,Brand,Navigational,/,18,1843,566,6,0.011,false,United Kingdom
2026-04-28,crm analytics academy review,Brand,Navigational,/,15,1843,584,6,0.011,false,Germany
2026-05-05,crm analytics academy review,Brand,Navigational,/,15,1843,564,6,0.011,true,Germany
2026-05-12,crm analytics academy review,Brand,Navigational,/,15,1843,532,6,0.011,true,Germany
2026-05-19,crm analytics academy review,Brand,Navigational,/,17,1843,590,6,0.011,false,Germany
2026-05-26,crm analytics academy review,Brand,Navigational,/,16,1843,501,6,0.011,true,Australia
2026-06-02,crm analytics academy review,Brand,Navigational,/,15,1843,475,5,0.011,false,United States
2026-06-09,crm analytics academy review,Brand,Navigational,/,14,1843,444,5,0.011,false,United Kingdom
2026-06-16,crm analytics academy review,Brand,Navigational,/,13,1843,531,6,0.011,false,United Kingdom
2026-06-23,crm analytics academy review,Brand,Navigational,/,15,1843,425,5,0.011,false,India
2026-06-30,crm analytics academy review,Brand,Navigational,/,15,1843,578,6,0.011,false,Australia
2026-07-07,crm analytics academy review,Brand,Navigational,/,17,1843,442,5,0.011,false,United States
2026-07-14,crm analytics academy review,Brand,Navigational,/,17,1843,589,6,0.011,false,Australia
2026-07-21,crm analytics academy review,Brand,Navigational,/,17,1843,585,6,0.011,true,United Kingdom
2026-07-28,crm analytics academy review,Brand,Navigational,/,18,1843,470,5,0.011,false,United Kingdom
2026-08-04,crm analytics academy review,Brand,Navigational,/,18,1843,515,6,0.011,false,Australia
2026-08-11,crm analytics academy review,Brand,Navigational,/,16,1843,435,5,0.011,false,Germany
2026-08-18,crm analytics academy review,Brand,Navigational,/,17,1843,432,5,0.011,false,Germany
2026-08-25,crm analytics academy review,Brand,Navigational,/,15,1843,416,5,0.011,false,India
2026-09-01,crm analytics academy review,Brand,Navigational,/,14,1843,454,5,0.011,false,Germany
2026-09-08,crm analytics academy review,Brand,Navigational,/,13,1843,574,6,0.011,false,United Kingdom
2026-09-15,crm analytics academy review,Brand,Navigational,/,12,1843,504,6,0.011,false,United States
2026-09-22,crm analytics academy review,Brand,Navigational,/,13,1843,506,6,0.011,false,United States
2026-09-29,crm analytics academy review,Brand,Navigational,/,12,1843,555,6,0.011,true,Australia
2025-04-01,crm analytics academy login,Brand,Navigational,/,44,1926,190,1,0.003,true,United Kingdom
2025-04-08,crm analytics academy login,Brand,Navigational,/,41,1926,146,0,0.003,false,United Kingdom
2025-04-15,crm analytics academy login,Brand,Navigational,/,41,1926,208,1,0.003,true,United Kingdom
2025-04-22,crm analytics academy login,Brand,Navigational,/,42,1926,186,1,0.003,false,United States
2025-04-29,crm analytics academy login,Brand,Navigational,/,45,1926,140,0,0.003,true,India
2025-05-06,crm analytics academy login,Brand,Navigational,/,44,1926,163,0,0.003,false,Australia
2025-05-13,crm analytics academy login,Brand,Navigational,/,48,1926,204,1,0.003,false,Germany
2025-05-20,crm analytics academy login,Brand,Navigational,/,46,1926,177,1,0.003,true,Germany
2025-05-27,crm analytics academy login,Brand,Navigational,/,47,1926,156,0,0.003,false,Australia
2025-06-03,crm analytics academy login,Brand,Navigational,/,48,1926,188,1,0.003,false,Australia
2025-06-10,crm analytics academy login,Brand,Navigational,/,47,1926,166,0,0.003,false,Germany
2025-06-17,crm analytics academy login,Brand,Navigational,/,47,1926,148,0,0.003,false,United States
2025-06-24,crm analytics academy login,Brand,Navigational,/,45,1926,154,0,0.003,false,United States
2025-07-01,crm analytics academy login,Brand,Navigational,/,46,1926,179,1,0.003,false,Germany
2025-07-08,crm analytics academy login,Brand,Navigational,/,47,1926,169,1,0.003,false,United States
2025-07-15,crm analytics academy login,Brand,Navigational,/,48,1926,200,1,0.003,false,India
2025-07-22,crm analytics academy login,Brand,Navigational,/,49,1926,199,1,0.003,false,United States
2025-07-29,crm analytics academy login,Brand,Navigational,/,49,1926,206,1,0.003,false,United States
2025-08-05,crm analytics academy login,Brand,Navigational,/,43,1926,151,0,0.003,false,India
2025-08-12,crm analytics academy login,Brand,Navigational,/,43,1926,176,1,0.003,true,United Kingdom
2025-08-19,crm analytics academy login,Brand,Navigational,/,44,1926,148,0,0.003,false,United States
2025-08-26,crm analytics academy login,Brand,Navigational,/,44,1926,156,0,0.003,false,Germany
2025-09-02,crm analytics academy login,Brand,Navigational,/,43,1926,179,1,0.003,false,United Kingdom
2025-09-09,crm analytics academy login,Brand,Navigational,/,44,1926,185,1,0.003,false,India
2025-09-16,crm analytics academy login,Brand,Navigational,/,44,1926,159,0,0.003,false,United States
2025-09-23,crm analytics academy login,Brand,Navigational,/,44,1926,142,0,0.003,true,Germany
2025-09-30,crm analytics academy login,Brand,Navigational,/,44,1926,188,1,0.003,false,Germany
2025-10-07,crm analytics academy login,Brand,Navigational,/,41,1926,208,1,0.003,false,India
2025-10-14,crm analytics academy login,Brand,Navigational,/,43,1926,178,1,0.003,false,Australia
2025-10-21,crm analytics academy login,Brand,Navigational,/,42,1926,190,1,0.003,false,Australia
2025-10-28,crm analytics academy login,Brand,Navigational,/,40,1926,184,1,0.003,false,Australia
2025-11-04,crm analytics academy login,Brand,Navigational,/,38,1926,148,0,0.003,false,United States
2025-11-11,crm analytics academy login,Brand,Navigational,/,38,1926,201,1,0.003,false,United States
2025-11-18,crm analytics academy login,Brand,Navigational,/,38,1926,143,0,0.003,true,Australia
2025-11-25,crm analytics academy login,Brand,Navigational,/,39,1926,198,1,0.003,false,United Kingdom
2025-12-02,crm analytics academy login,Brand,Navigational,/,39,1926,204,1,0.003,false,Australia
2025-12-09,crm analytics academy login,Brand,Navigational,/,36,1926,140,0,0.003,false,United States
2025-12-16,crm analytics academy login,Brand,Navigational,/,37,1926,153,0,0.003,true,India
2025-12-23,crm analytics academy login,Brand,Navigational,/,36,1926,186,1,0.003,true,United States
2025-12-30,crm analytics academy login,Brand,Navigational,/,37,1926,148,0,0.003,true,India
2026-01-06,crm analytics academy login,Brand,Navigational,/,38,1926,151,0,0.003,false,India
2026-01-13,crm analytics academy login,Brand,Navigational,/,37,1926,183,1,0.003,false,United Kingdom
2026-01-20,crm analytics academy login,Brand,Navigational,/,39,1926,151,0,0.003,false,United Kingdom
2026-01-27,crm analytics academy login,Brand,Navigational,/,40,1926,194,1,0.003,false,United Kingdom
2026-02-03,crm analytics academy login,Brand,Navigational,/,43,1926,163,0,0.003,false,Germany
2026-02-10,crm analytics academy login,Brand,Navigational,/,42,1926,151,0,0.003,false,India
2026-02-17,crm analytics academy login,Brand,Navigational,/,44,1926,199,1,0.003,false,India
2026-02-24,crm analytics academy login,Brand,Navigational,/,45,1926,139,0,0.003,false,Germany
2026-03-03,crm analytics academy login,Brand,Navigational,/,42,1926,181,1,0.003,false,United Kingdom
2026-03-10,crm analytics academy login,Brand,Navigational,/,42,1926,181,1,0.003,true,Germany
2026-03-17,crm analytics academy login,Brand,Navigational,/,40,1926,194,1,0.003,false,United States
2026-03-24,crm analytics academy login,Brand,Navigational,/,43,1926,165,0,0.003,false,India
2026-03-31,crm analytics academy login,Brand,Navigational,/,42,1926,162,0,0.003,false,Germany
2026-04-07,crm analytics academy login,Brand,Navigational,/,44,1926,164,0,0.003,false,India
2026-04-14,crm analytics academy login,Brand,Navigational,/,44,1926,196,1,0.003,false,India
2026-04-21,crm analytics academy login,Brand,Navigational,/,43,1926,177,1,0.003,false,United Kingdom
2026-04-28,crm analytics academy login,Brand,Navigational,/,45,1926,155,0,0.003,false,Germany
2026-05-05,crm analytics academy login,Brand,Navigational,/,46,1926,146,0,0.003,false,Germany
2026-05-12,crm analytics academy login,Brand,Navigational,/,47,1926,191,1,0.003,false,United States
2026-05-19,crm analytics academy login,Brand,Navigational,/,47,1926,143,0,0.003,false,United States
2026-05-26,crm analytics academy login,Brand,Navigational,/,46,1926,170,1,0.003,false,United States
2026-06-02,crm analytics academy login,Brand,Navigational,/,45,1926,149,0,0.003,false,Germany
2026-06-09,crm analytics academy login,Brand,Navigational,/,44,1926,173,1,0.003,true,United States
2026-06-16,crm analytics academy login,Brand,Navigational,/,42,1926,172,1,0.003,false,United Kingdom
2026-06-23,crm analytics academy login,Brand,Navigational,/,42,1926,152,0,0.003,true,India
2026-06-30,crm analytics academy login,Brand,Navigational,/,43,1926,194,1,0.003,true,United Kingdom
2026-07-07,crm analytics academy login,Brand,Navigational,/,42,1926,191,1,0.003,false,India
2026-07-14,crm analytics academy login,Brand,Navigational,/,39,1926,165,0,0.003,false,India
2026-07-21,crm analytics academy login,Brand,Navigational,/,41,1926,168,1,0.003,true,Germany
2026-07-28,crm analytics academy login,Brand,Navigational,/,41,1926,153,0,0.003,false,Germany
2026-08-04,crm analytics academy login,Brand,Navigational,/,41,1926,192,1,0.003,false,United Kingdom
2026-08-11,crm analytics academy login,Brand,Navigational,/,39,1926,157,0,0.003,false,Germany
2026-08-18,crm analytics academy login,Brand,Navigational,/,37,1926,204,1,0.003,false,United Kingdom
2026-08-25,crm analytics academy login,Brand,Navigational,/,36,1926,181,1,0.003,false,United Kingdom
2026-09-01,crm analytics academy login,Brand,Navigational,/,36,1926,150,0,0.003,true,Germany
2026-09-08,crm analytics academy login,Brand,Navigational,/,33,1926,190,1,0.003,false,Germany
2026-09-15,crm analytics academy login,Brand,Navigational,/,33,1926,198,1,0.003,false,United Kingdom
2026-09-22,crm analytics academy login,Brand,Navigational,/,33,1926,174,1,0.003,false,Australia
2026-09-29,crm analytics academy login,Brand,Navigational,/,33,1926,186,1,0.003,false,Australia
