Month,MonthEnd,AccountId,AccountName,Segment,Region,ProductCode,ProductName,PricingModel,Unit,CommittedUnits,UsedUnits,OverageUnits,UtilizationPct,CommitState,BilledRevenue,OverageRevenue,IsAtRiskOfUnderConsumption
2026-09,2026-09-30,ACC-1066,Vertex Telecom,Self-Serve,EMEA,VOUCHER,Certification Vouchers,Usage,voucher,16,10,0,64.4,On track,127.5,0,false
2025-12,2025-12-31,ACC-1066,Vertex Telecom,Self-Serve,EMEA,VOUCHER,Certification Vouchers,Usage,voucher,11,11,0,98.6,On track,132,0,false
2026-01,2026-01-31,ACC-1066,Vertex Telecom,Self-Serve,EMEA,VOUCHER,Certification Vouchers,Usage,voucher,11,12,1,109,In overage,147,15,false
2026-02,2026-02-28,ACC-1066,Vertex Telecom,Self-Serve,EMEA,VOUCHER,Certification Vouchers,Usage,voucher,11,13,2,117.1,In overage,162,30,false
2026-03,2026-03-31,ACC-1066,Vertex Telecom,Self-Serve,EMEA,VOUCHER,Certification Vouchers,Usage,voucher,11,14,3,127.4,In overage,177,45,false
2026-04,2026-04-30,ACC-1066,Vertex Telecom,Self-Serve,EMEA,VOUCHER,Certification Vouchers,Usage,voucher,11,14,3,128.1,In overage,177,45,false
2026-05,2026-05-31,ACC-1066,Vertex Telecom,Self-Serve,EMEA,VOUCHER,Certification Vouchers,Usage,voucher,11,14,3,129.7,In overage,177,45,false
2026-06,2026-06-30,ACC-1066,Vertex Telecom,Self-Serve,EMEA,VOUCHER,Certification Vouchers,Usage,voucher,11,15,4,132.3,In overage,192,60,false
2026-07,2026-07-31,ACC-1066,Vertex Telecom,Self-Serve,EMEA,VOUCHER,Certification Vouchers,Usage,voucher,11,16,5,143.2,In overage,207,75,false
2026-08,2026-08-31,ACC-1066,Vertex Telecom,Self-Serve,EMEA,VOUCHER,Certification Vouchers,Usage,voucher,11,16,5,146.7,In overage,207,75,false
2026-09,2026-09-30,ACC-1066,Vertex Telecom,Self-Serve,EMEA,VOUCHER,Certification Vouchers,Usage,voucher,11,16,5,148.5,In overage,207,75,false
2025-08,2025-08-31,ACC-1066,Vertex Telecom,Self-Serve,EMEA,VOUCHER,Certification Vouchers,Usage,voucher,3,2,0,79.4,On track,30,0,false
2025-09,2025-09-30,ACC-1066,Vertex Telecom,Self-Serve,EMEA,VOUCHER,Certification Vouchers,Usage,voucher,3,2,0,72.7,On track,30,0,false
2025-10,2025-10-31,ACC-1066,Vertex Telecom,Self-Serve,EMEA,VOUCHER,Certification Vouchers,Usage,voucher,3,2,0,71.1,On track,30,0,false
2025-11,2025-11-30,ACC-1066,Vertex Telecom,Self-Serve,EMEA,VOUCHER,Certification Vouchers,Usage,voucher,3,2,0,73.5,On track,30,0,false
2025-12,2025-12-31,ACC-1066,Vertex Telecom,Self-Serve,EMEA,VOUCHER,Certification Vouchers,Usage,voucher,3,2,0,82.5,On track,30,0,false
2026-01,2026-01-31,ACC-1066,Vertex Telecom,Self-Serve,EMEA,VOUCHER,Certification Vouchers,Usage,voucher,3,2,0,78.4,On track,30,0,false
2026-02,2026-02-28,ACC-1066,Vertex Telecom,Self-Serve,EMEA,VOUCHER,Certification Vouchers,Usage,voucher,3,2,0,70.1,On track,30,0,false
2026-03,2026-03-31,ACC-1066,Vertex Telecom,Self-Serve,EMEA,VOUCHER,Certification Vouchers,Usage,voucher,3,2,0,67.7,On track,30,0,false
2026-04,2026-04-30,ACC-1066,Vertex Telecom,Self-Serve,EMEA,VOUCHER,Certification Vouchers,Usage,voucher,3,2,0,61.8,On track,30,0,false
2026-05,2026-05-31,ACC-1066,Vertex Telecom,Self-Serve,EMEA,VOUCHER,Certification Vouchers,Usage,voucher,3,2,0,56.1,Under-consuming,30,0,false
2026-06,2026-06-30,ACC-1066,Vertex Telecom,Self-Serve,EMEA,VOUCHER,Certification Vouchers,Usage,voucher,3,2,0,57.8,Under-consuming,30,0,false
2026-07,2026-07-31,ACC-1066,Vertex Telecom,Self-Serve,EMEA,VOUCHER,Certification Vouchers,Usage,voucher,3,2,0,50.3,Under-consuming,30,0,true
2026-08,2026-08-31,ACC-1066,Vertex Telecom,Self-Serve,EMEA,VOUCHER,Certification Vouchers,Usage,voucher,3,1,0,45.9,Under-consuming,15,0,true
2026-09,2026-09-30,ACC-1066,Vertex Telecom,Self-Serve,EMEA,VOUCHER,Certification Vouchers,Usage,voucher,3,1,0,43.6,Under-consuming,15,0,true
2025-09,2025-09-30,ACC-1066,Vertex Telecom,Self-Serve,EMEA,CLASSROOM,Classroom Seat-Days,Usage,seat-day,2,1,0,64.9,On track,20.67,0,false
2025-10,2025-10-31,ACC-1066,Vertex Telecom,Self-Serve,EMEA,CLASSROOM,Classroom Seat-Days,Usage,seat-day,2,1,0,57.3,Under-consuming,20.67,0,false
2025-11,2025-11-30,ACC-1066,Vertex Telecom,Self-Serve,EMEA,CLASSROOM,Classroom Seat-Days,Usage,seat-day,2,1,0,69.8,On track,20.67,0,false
2025-12,2025-12-31,ACC-1066,Vertex Telecom,Self-Serve,EMEA,CLASSROOM,Classroom Seat-Days,Usage,seat-day,2,1,0,69.2,On track,20.67,0,false
2026-01,2026-01-31,ACC-1066,Vertex Telecom,Self-Serve,EMEA,CLASSROOM,Classroom Seat-Days,Usage,seat-day,2,1,0,62.7,On track,20.67,0,false
2026-02,2026-02-28,ACC-1066,Vertex Telecom,Self-Serve,EMEA,CLASSROOM,Classroom Seat-Days,Usage,seat-day,2,1,0,70.4,On track,20.67,0,false
2026-03,2026-03-31,ACC-1066,Vertex Telecom,Self-Serve,EMEA,CLASSROOM,Classroom Seat-Days,Usage,seat-day,2,1,0,68.4,On track,20.67,0,false
2026-04,2026-04-30,ACC-1066,Vertex Telecom,Self-Serve,EMEA,CLASSROOM,Classroom Seat-Days,Usage,seat-day,2,1,0,68.7,On track,20.67,0,false
2026-05,2026-05-31,ACC-1066,Vertex Telecom,Self-Serve,EMEA,CLASSROOM,Classroom Seat-Days,Usage,seat-day,2,1,0,69.9,On track,20.67,0,false
2026-06,2026-06-30,ACC-1066,Vertex Telecom,Self-Serve,EMEA,CLASSROOM,Classroom Seat-Days,Usage,seat-day,2,1,0,68.3,On track,20.67,0,false
2026-07,2026-07-31,ACC-1066,Vertex Telecom,Self-Serve,EMEA,CLASSROOM,Classroom Seat-Days,Usage,seat-day,2,2,0,75.8,On track,41.33,0,false
2026-08,2026-08-31,ACC-1066,Vertex Telecom,Self-Serve,EMEA,CLASSROOM,Classroom Seat-Days,Usage,seat-day,2,1,0,74.4,On track,20.67,0,false
2026-09,2026-09-30,ACC-1066,Vertex Telecom,Self-Serve,EMEA,CLASSROOM,Classroom Seat-Days,Usage,seat-day,2,1,0,73.7,On track,20.67,0,false
2026-08,2026-08-31,ACC-1108,Aster Bank,Self-Serve,AMER,CLASSROOM,Classroom Seat-Days,Usage,seat-day,2,1,0,55.6,Under-consuming,20.67,0,false
2026-09,2026-09-30,ACC-1108,Aster Bank,Self-Serve,AMER,CLASSROOM,Classroom Seat-Days,Usage,seat-day,2,1,0,54.3,Under-consuming,20.67,0,true
2025-12,2025-12-31,ACC-1108,Aster Bank,Self-Serve,AMER,TEAM,Team Plan,Seat,seat/year,7,5,0,75.7,On track,162.5,0,false
2026-01,2026-01-31,ACC-1108,Aster Bank,Self-Serve,AMER,TEAM,Team Plan,Seat,seat/year,7,6,0,78.6,On track,195,0,false
2026-02,2026-02-28,ACC-1108,Aster Bank,Self-Serve,AMER,TEAM,Team Plan,Seat,seat/year,7,5,0,77.7,On track,162.5,0,false
2026-03,2026-03-31,ACC-1108,Aster Bank,Self-Serve,AMER,TEAM,Team Plan,Seat,seat/year,7,6,0,81.6,On track,195,0,false
2026-04,2026-04-30,ACC-1108,Aster Bank,Self-Serve,AMER,TEAM,Team Plan,Seat,seat/year,7,6,0,85.8,On track,195,0,false
2026-05,2026-05-31,ACC-1108,Aster Bank,Self-Serve,AMER,TEAM,Team Plan,Seat,seat/year,7,6,0,92.7,On track,195,0,false
2026-06,2026-06-30,ACC-1108,Aster Bank,Self-Serve,AMER,TEAM,Team Plan,Seat,seat/year,7,6,0,86.1,On track,195,0,false
2026-07,2026-07-31,ACC-1108,Aster Bank,Self-Serve,AMER,TEAM,Team Plan,Seat,seat/year,7,6,0,82.4,On track,195,0,false
2026-08,2026-08-31,ACC-1108,Aster Bank,Self-Serve,AMER,TEAM,Team Plan,Seat,seat/year,7,5,0,74.2,On track,162.5,0,false
2026-09,2026-09-30,ACC-1108,Aster Bank,Self-Serve,AMER,TEAM,Team Plan,Seat,seat/year,7,5,0,74,On track,162.5,0,false
2026-08,2026-08-31,ACC-1108,Aster Bank,Self-Serve,AMER,CLASSROOM,Classroom Seat-Days,Usage,seat-day,1,1,0,61.8,On track,19.38,0,false
2026-09,2026-09-30,ACC-1108,Aster Bank,Self-Serve,AMER,CLASSROOM,Classroom Seat-Days,Usage,seat-day,1,1,0,64.4,On track,19.38,0,false
2026-05,2026-05-31,ACC-1079,Umbra Care,Self-Serve,AMER,PRO,Academy Pro,Seat,learner/year,13,11,0,84.7,On track,198,0,false
2026-06,2026-06-30,ACC-1079,Umbra Care,Self-Serve,AMER,PRO,Academy Pro,Seat,learner/year,13,10,0,77.1,On track,180,0,false
2026-07,2026-07-31,ACC-1079,Umbra Care,Self-Serve,AMER,PRO,Academy Pro,Seat,learner/year,13,11,0,85.1,On track,198,0,false
2026-08,2026-08-31,ACC-1079,Umbra Care,Self-Serve,AMER,PRO,Academy Pro,Seat,learner/year,13,11,0,81.9,On track,198,0,false
2026-09,2026-09-30,ACC-1079,Umbra Care,Self-Serve,AMER,PRO,Academy Pro,Seat,learner/year,13,11,0,83.6,On track,198,0,false
2026-02,2026-02-28,ACC-1079,Umbra Care,Self-Serve,AMER,TEAM,Team Plan,Seat,seat/year,2,2,0,89,On track,55.25,0,false
2026-03,2026-03-31,ACC-1079,Umbra Care,Self-Serve,AMER,TEAM,Team Plan,Seat,seat/year,2,2,0,89.7,On track,55.25,0,false
2026-04,2026-04-30,ACC-1079,Umbra Care,Self-Serve,AMER,TEAM,Team Plan,Seat,seat/year,2,2,0,87.9,On track,55.25,0,false
2026-05,2026-05-31,ACC-1079,Umbra Care,Self-Serve,AMER,TEAM,Team Plan,Seat,seat/year,2,2,0,80,On track,55.25,0,false
2026-06,2026-06-30,ACC-1079,Umbra Care,Self-Serve,AMER,TEAM,Team Plan,Seat,seat/year,2,1,0,70.8,On track,27.63,0,false
2026-07,2026-07-31,ACC-1079,Umbra Care,Self-Serve,AMER,TEAM,Team Plan,Seat,seat/year,2,1,0,67.2,On track,27.63,0,false
2026-08,2026-08-31,ACC-1079,Umbra Care,Self-Serve,AMER,TEAM,Team Plan,Seat,seat/year,2,1,0,66.2,On track,27.63,0,false
2026-09,2026-09-30,ACC-1079,Umbra Care,Self-Serve,AMER,TEAM,Team Plan,Seat,seat/year,2,1,0,71.8,On track,27.63,0,false
2026-09,2026-09-30,ACC-1044,Umbra Retail,Self-Serve,AMER,CLASSROOM,Classroom Seat-Days,Usage,seat-day,6,4,0,73.1,On track,103.33,0,false
2026-03,2026-03-31,ACC-1044,Umbra Retail,Self-Serve,AMER,IMPL,Implementation Services,Usage,consulting hour,4,4,0,92.1,On track,49.58,0,false
2026-04,2026-04-30,ACC-1044,Umbra Retail,Self-Serve,AMER,IMPL,Implementation Services,Usage,consulting hour,4,4,0,88.4,On track,49.58,0,false
2026-05,2026-05-31,ACC-1044,Umbra Retail,Self-Serve,AMER,IMPL,Implementation Services,Usage,consulting hour,4,4,0,90.7,On track,49.58,0,false
2026-06,2026-06-30,ACC-1044,Umbra Retail,Self-Serve,AMER,IMPL,Implementation Services,Usage,consulting hour,4,4,0,99.2,On track,49.58,0,false
2026-07,2026-07-31,ACC-1044,Umbra Retail,Self-Serve,AMER,IMPL,Implementation Services,Usage,consulting hour,4,4,0,100.4,On track,49.58,0,false
2026-08,2026-08-31,ACC-1044,Umbra Retail,Self-Serve,AMER,IMPL,Implementation Services,Usage,consulting hour,4,4,0,94.2,On track,49.58,0,false
2026-09,2026-09-30,ACC-1044,Umbra Retail,Self-Serve,AMER,IMPL,Implementation Services,Usage,consulting hour,4,4,0,93.8,On track,49.58,0,false
2025-10,2025-10-31,ACC-1044,Umbra Retail,Self-Serve,AMER,IMPL,Implementation Services,Usage,consulting hour,14,13,0,94,On track,161.15,0,false
2025-11,2025-11-30,ACC-1044,Umbra Retail,Self-Serve,AMER,IMPL,Implementation Services,Usage,consulting hour,14,14,0,102.3,On track,173.54,0,false
2025-12,2025-12-31,ACC-1044,Umbra Retail,Self-Serve,AMER,IMPL,Implementation Services,Usage,consulting hour,14,14,0,102.9,On track,173.54,0,false
2026-01,2026-01-31,ACC-1044,Umbra Retail,Self-Serve,AMER,IMPL,Implementation Services,Usage,consulting hour,14,13,0,95.8,On track,161.15,0,false
2026-02,2026-02-28,ACC-1044,Umbra Retail,Self-Serve,AMER,IMPL,Implementation Services,Usage,consulting hour,14,13,0,95.8,On track,161.15,0,false
2026-03,2026-03-31,ACC-1044,Umbra Retail,Self-Serve,AMER,IMPL,Implementation Services,Usage,consulting hour,14,13,0,90.7,On track,161.15,0,false
2026-04,2026-04-30,ACC-1044,Umbra Retail,Self-Serve,AMER,IMPL,Implementation Services,Usage,consulting hour,14,12,0,85,On track,148.75,0,false
2026-05,2026-05-31,ACC-1044,Umbra Retail,Self-Serve,AMER,IMPL,Implementation Services,Usage,consulting hour,14,13,0,90.4,On track,161.15,0,false
2026-06,2026-06-30,ACC-1044,Umbra Retail,Self-Serve,AMER,IMPL,Implementation Services,Usage,consulting hour,14,14,0,98.1,On track,173.54,0,false
2026-07,2026-07-31,ACC-1044,Umbra Retail,Self-Serve,AMER,IMPL,Implementation Services,Usage,consulting hour,14,13,0,92,On track,161.15,0,false
2026-08,2026-08-31,ACC-1044,Umbra Retail,Self-Serve,AMER,IMPL,Implementation Services,Usage,consulting hour,14,14,0,97.2,On track,173.54,0,false
2026-09,2026-09-30,ACC-1044,Umbra Retail,Self-Serve,AMER,IMPL,Implementation Services,Usage,consulting hour,14,13,0,90.7,On track,161.15,0,false
2026-02,2026-02-28,ACC-1044,Umbra Retail,Self-Serve,AMER,TEAM,Team Plan,Seat,seat/year,6,6,0,107.3,In overage,156,0,false
2026-03,2026-03-31,ACC-1044,Umbra Retail,Self-Serve,AMER,TEAM,Team Plan,Seat,seat/year,6,7,1,112.4,In overage,188.5,32.5,false
2026-04,2026-04-30,ACC-1044,Umbra Retail,Self-Serve,AMER,TEAM,Team Plan,Seat,seat/year,6,7,1,114.4,In overage,188.5,32.5,false
2026-05,2026-05-31,ACC-1044,Umbra Retail,Self-Serve,AMER,TEAM,Team Plan,Seat,seat/year,6,8,2,127.4,In overage,221,65,false
2026-06,2026-06-30,ACC-1044,Umbra Retail,Self-Serve,AMER,TEAM,Team Plan,Seat,seat/year,6,7,1,121.1,In overage,188.5,32.5,false
2026-07,2026-07-31,ACC-1044,Umbra Retail,Self-Serve,AMER,TEAM,Team Plan,Seat,seat/year,6,8,2,131.2,In overage,221,65,false
2026-08,2026-08-31,ACC-1044,Umbra Retail,Self-Serve,AMER,TEAM,Team Plan,Seat,seat/year,6,8,2,125.4,In overage,221,65,false
2026-09,2026-09-30,ACC-1044,Umbra Retail,Self-Serve,AMER,TEAM,Team Plan,Seat,seat/year,6,8,2,129.4,In overage,221,65,false
2025-08,2025-08-31,ACC-1107,Beacon Logistics,Mid-Market,AMER,PRO,Academy Pro,Seat,learner/year,58,46,0,79.9,On track,782,0,false
2025-09,2025-09-30,ACC-1107,Beacon Logistics,Mid-Market,AMER,PRO,Academy Pro,Seat,learner/year,58,48,0,82.4,On track,816,0,false
2025-10,2025-10-31,ACC-1107,Beacon Logistics,Mid-Market,AMER,PRO,Academy Pro,Seat,learner/year,58,46,0,80.2,On track,782,0,false
2025-11,2025-11-30,ACC-1107,Beacon Logistics,Mid-Market,AMER,PRO,Academy Pro,Seat,learner/year,58,49,0,83.9,On track,833,0,false
2025-12,2025-12-31,ACC-1107,Beacon Logistics,Mid-Market,AMER,PRO,Academy Pro,Seat,learner/year,58,46,0,79.8,On track,782,0,false
2026-01,2026-01-31,ACC-1107,Beacon Logistics,Mid-Market,AMER,PRO,Academy Pro,Seat,learner/year,58,44,0,76.3,On track,748,0,false
2026-02,2026-02-28,ACC-1107,Beacon Logistics,Mid-Market,AMER,PRO,Academy Pro,Seat,learner/year,58,43,0,74.1,On track,731,0,false
2026-03,2026-03-31,ACC-1107,Beacon Logistics,Mid-Market,AMER,PRO,Academy Pro,Seat,learner/year,58,42,0,71.8,On track,714,0,false
2026-04,2026-04-30,ACC-1107,Beacon Logistics,Mid-Market,AMER,PRO,Academy Pro,Seat,learner/year,58,40,0,69.6,On track,680,0,false
2026-05,2026-05-31,ACC-1107,Beacon Logistics,Mid-Market,AMER,PRO,Academy Pro,Seat,learner/year,58,36,0,62.1,On track,612,0,false
2026-06,2026-06-30,ACC-1107,Beacon Logistics,Mid-Market,AMER,PRO,Academy Pro,Seat,learner/year,58,35,0,60.6,On track,595,0,false
2026-07,2026-07-31,ACC-1107,Beacon Logistics,Mid-Market,AMER,PRO,Academy Pro,Seat,learner/year,58,36,0,62,On track,612,0,false
2026-08,2026-08-31,ACC-1107,Beacon Logistics,Mid-Market,AMER,PRO,Academy Pro,Seat,learner/year,58,37,0,63.9,On track,629,0,false
2026-09,2026-09-30,ACC-1107,Beacon Logistics,Mid-Market,AMER,PRO,Academy Pro,Seat,learner/year,58,37,0,63.2,On track,629,0,false
2025-08,2025-08-31,ACC-1107,Beacon Logistics,Mid-Market,AMER,CLASSROOM,Classroom Seat-Days,Usage,seat-day,35,32,0,91.8,On track,785.33,0,false
2025-09,2025-09-30,ACC-1107,Beacon Logistics,Mid-Market,AMER,CLASSROOM,Classroom Seat-Days,Usage,seat-day,35,34,0,96.1,On track,834.42,0,false
2025-10,2025-10-31,ACC-1107,Beacon Logistics,Mid-Market,AMER,CLASSROOM,Classroom Seat-Days,Usage,seat-day,35,32,0,91.6,On track,785.33,0,false
2025-11,2025-11-30,ACC-1107,Beacon Logistics,Mid-Market,AMER,CLASSROOM,Classroom Seat-Days,Usage,seat-day,35,36,1,102,On track,889.64,30.68,false
2025-12,2025-12-31,ACC-1107,Beacon Logistics,Mid-Market,AMER,CLASSROOM,Classroom Seat-Days,Usage,seat-day,35,37,2,106.3,In overage,920.31,61.35,false
2026-01,2026-01-31,ACC-1107,Beacon Logistics,Mid-Market,AMER,CLASSROOM,Classroom Seat-Days,Usage,seat-day,35,41,6,116.1,In overage,1043.02,184.06,false
2026-02,2026-02-28,ACC-1107,Beacon Logistics,Mid-Market,AMER,CLASSROOM,Classroom Seat-Days,Usage,seat-day,35,42,7,120.8,In overage,1073.7,214.74,false
2026-03,2026-03-31,ACC-1107,Beacon Logistics,Mid-Market,AMER,CLASSROOM,Classroom Seat-Days,Usage,seat-day,35,46,11,131,In overage,1196.41,337.45,false
2026-04,2026-04-30,ACC-1107,Beacon Logistics,Mid-Market,AMER,CLASSROOM,Classroom Seat-Days,Usage,seat-day,35,49,14,141.3,In overage,1288.44,429.48,false
2026-05,2026-05-31,ACC-1107,Beacon Logistics,Mid-Market,AMER,CLASSROOM,Classroom Seat-Days,Usage,seat-day,35,53,18,150.3,In overage,1411.15,552.19,false
2026-06,2026-06-30,ACC-1107,Beacon Logistics,Mid-Market,AMER,CLASSROOM,Classroom Seat-Days,Usage,seat-day,35,53,18,152.8,In overage,1411.15,552.19,false
2026-07,2026-07-31,ACC-1107,Beacon Logistics,Mid-Market,AMER,CLASSROOM,Classroom Seat-Days,Usage,seat-day,35,54,19,153.2,In overage,1441.82,582.86,false
2026-08,2026-08-31,ACC-1107,Beacon Logistics,Mid-Market,AMER,CLASSROOM,Classroom Seat-Days,Usage,seat-day,35,59,24,168.9,In overage,1595.21,736.25,false
2026-09,2026-09-30,ACC-1107,Beacon Logistics,Mid-Market,AMER,CLASSROOM,Classroom Seat-Days,Usage,seat-day,35,63,28,178.8,In overage,1717.92,858.96,false
2026-02,2026-02-28,ACC-1100,Solstice Health,Mid-Market,AMER,TEAM,Team Plan,Seat,seat/year,164,108,0,66,On track,3510,0,false
2026-03,2026-03-31,ACC-1100,Solstice Health,Mid-Market,AMER,TEAM,Team Plan,Seat,seat/year,164,117,0,71.5,On track,3802.5,0,false
2026-04,2026-04-30,ACC-1100,Solstice Health,Mid-Market,AMER,TEAM,Team Plan,Seat,seat/year,164,105,0,64.3,On track,3412.5,0,false
2026-05,2026-05-31,ACC-1100,Solstice Health,Mid-Market,AMER,TEAM,Team Plan,Seat,seat/year,164,109,0,66.8,On track,3542.5,0,false
2026-06,2026-06-30,ACC-1100,Solstice Health,Mid-Market,AMER,TEAM,Team Plan,Seat,seat/year,164,129,0,78.5,On track,4192.5,0,false
2026-07,2026-07-31,ACC-1100,Solstice Health,Mid-Market,AMER,TEAM,Team Plan,Seat,seat/year,164,130,0,79.2,On track,4225,0,false
2026-08,2026-08-31,ACC-1100,Solstice Health,Mid-Market,AMER,TEAM,Team Plan,Seat,seat/year,164,136,0,83,On track,4420,0,false
2026-09,2026-09-30,ACC-1100,Solstice Health,Mid-Market,AMER,TEAM,Team Plan,Seat,seat/year,164,135,0,82.4,On track,4387.5,0,false
2026-06,2026-06-30,ACC-1100,Solstice Health,Mid-Market,AMER,TEAM,Team Plan,Seat,seat/year,226,191,0,84.6,On track,4966,0,false
2026-07,2026-07-31,ACC-1100,Solstice Health,Mid-Market,AMER,TEAM,Team Plan,Seat,seat/year,226,203,0,89.8,On track,5278,0,false
2026-08,2026-08-31,ACC-1100,Solstice Health,Mid-Market,AMER,TEAM,Team Plan,Seat,seat/year,226,206,0,91.3,On track,5356,0,false
2026-09,2026-09-30,ACC-1100,Solstice Health,Mid-Market,AMER,TEAM,Team Plan,Seat,seat/year,226,211,0,93.2,On track,5486,0,false
2025-04,2025-04-30,ACC-1100,Solstice Health,Mid-Market,AMER,IMPL,Implementation Services,Usage,consulting hour,129,111,0,86.3,On track,1537.81,0,false
2025-05,2025-05-31,ACC-1100,Solstice Health,Mid-Market,AMER,IMPL,Implementation Services,Usage,consulting hour,129,109,0,84.8,On track,1510.1,0,false
2025-06,2025-06-30,ACC-1100,Solstice Health,Mid-Market,AMER,IMPL,Implementation Services,Usage,consulting hour,129,111,0,86,On track,1537.81,0,false
2025-07,2025-07-31,ACC-1100,Solstice Health,Mid-Market,AMER,IMPL,Implementation Services,Usage,consulting hour,129,120,0,92.7,On track,1662.5,0,false
2025-08,2025-08-31,ACC-1100,Solstice Health,Mid-Market,AMER,IMPL,Implementation Services,Usage,consulting hour,129,131,2,101.9,On track,1821.82,34.64,false
2025-09,2025-09-30,ACC-1100,Solstice Health,Mid-Market,AMER,IMPL,Implementation Services,Usage,consulting hour,129,128,0,99.3,On track,1773.33,0,false
2025-10,2025-10-31,ACC-1100,Solstice Health,Mid-Market,AMER,IMPL,Implementation Services,Usage,consulting hour,129,133,4,102.7,On track,1856.46,69.27,false
2025-11,2025-11-30,ACC-1100,Solstice Health,Mid-Market,AMER,IMPL,Implementation Services,Usage,consulting hour,129,142,13,110.2,In overage,2012.32,225.13,false
2025-12,2025-12-31,ACC-1100,Solstice Health,Mid-Market,AMER,IMPL,Implementation Services,Usage,consulting hour,129,143,14,111.1,In overage,2029.64,242.45,false
2026-01,2026-01-31,ACC-1100,Solstice Health,Mid-Market,AMER,IMPL,Implementation Services,Usage,consulting hour,129,138,9,106.7,In overage,1943.05,155.86,false
2026-02,2026-02-28,ACC-1100,Solstice Health,Mid-Market,AMER,IMPL,Implementation Services,Usage,consulting hour,129,138,9,106.9,In overage,1943.05,155.86,false
2026-03,2026-03-31,ACC-1100,Solstice Health,Mid-Market,AMER,IMPL,Implementation Services,Usage,consulting hour,129,132,3,102.6,On track,1839.14,51.95,false
2026-04,2026-04-30,ACC-1100,Solstice Health,Mid-Market,AMER,IMPL,Implementation Services,Usage,consulting hour,129,138,9,107.1,In overage,1943.05,155.86,false
2026-05,2026-05-31,ACC-1100,Solstice Health,Mid-Market,AMER,IMPL,Implementation Services,Usage,consulting hour,129,142,13,110.3,In overage,2012.32,225.13,false
2026-06,2026-06-30,ACC-1100,Solstice Health,Mid-Market,AMER,IMPL,Implementation Services,Usage,consulting hour,129,144,15,111.3,In overage,2046.95,259.77,false
2026-07,2026-07-31,ACC-1100,Solstice Health,Mid-Market,AMER,IMPL,Implementation Services,Usage,consulting hour,129,151,22,116.8,In overage,2168.18,380.99,false
2026-08,2026-08-31,ACC-1100,Solstice Health,Mid-Market,AMER,IMPL,Implementation Services,Usage,consulting hour,129,157,28,121.9,In overage,2272.08,484.9,false
2026-09,2026-09-30,ACC-1100,Solstice Health,Mid-Market,AMER,IMPL,Implementation Services,Usage,consulting hour,129,177,48,137.5,In overage,2618.44,831.25,false
2025-08,2025-08-31,ACC-1060,Zephyr Health,SMB,AMER,TEAM,Team Plan,Seat,seat/year,28,19,0,66.2,On track,586.63,0,false
2025-09,2025-09-30,ACC-1060,Zephyr Health,SMB,AMER,TEAM,Team Plan,Seat,seat/year,28,19,0,68,On track,586.63,0,false
2025-10,2025-10-31,ACC-1060,Zephyr Health,SMB,AMER,TEAM,Team Plan,Seat,seat/year,28,19,0,68.2,On track,586.63,0,false
2025-11,2025-11-30,ACC-1060,Zephyr Health,SMB,AMER,TEAM,Team Plan,Seat,seat/year,28,18,0,65.5,On track,555.75,0,false
2025-12,2025-12-31,ACC-1060,Zephyr Health,SMB,AMER,TEAM,Team Plan,Seat,seat/year,28,20,0,70.4,On track,617.5,0,false
2026-01,2026-01-31,ACC-1060,Zephyr Health,SMB,AMER,TEAM,Team Plan,Seat,seat/year,28,22,0,78.7,On track,679.25,0,false
2026-02,2026-02-28,ACC-1060,Zephyr Health,SMB,AMER,TEAM,Team Plan,Seat,seat/year,28,21,0,74.9,On track,648.38,0,false
2026-03,2026-03-31,ACC-1060,Zephyr Health,SMB,AMER,TEAM,Team Plan,Seat,seat/year,28,21,0,76.4,On track,648.38,0,false
2026-04,2026-04-30,ACC-1060,Zephyr Health,SMB,AMER,TEAM,Team Plan,Seat,seat/year,28,21,0,76.2,On track,648.38,0,false
2026-05,2026-05-31,ACC-1060,Zephyr Health,SMB,AMER,TEAM,Team Plan,Seat,seat/year,28,23,0,80.4,On track,710.13,0,false
2026-06,2026-06-30,ACC-1060,Zephyr Health,SMB,AMER,TEAM,Team Plan,Seat,seat/year,28,24,0,84.1,On track,741,0,false
2026-07,2026-07-31,ACC-1060,Zephyr Health,SMB,AMER,TEAM,Team Plan,Seat,seat/year,28,25,0,87.8,On track,771.88,0,false
2026-08,2026-08-31,ACC-1060,Zephyr Health,SMB,AMER,TEAM,Team Plan,Seat,seat/year,28,25,0,90.8,On track,771.88,0,false
2026-09,2026-09-30,ACC-1060,Zephyr Health,SMB,AMER,TEAM,Team Plan,Seat,seat/year,28,27,0,95.5,On track,833.63,0,false
2026-08,2026-08-31,ACC-1040,Rivet Logistics,Self-Serve,EMEA,TEAM,Team Plan,Seat,seat/year,9,9,0,103.6,On track,263.25,0,false
2026-09,2026-09-30,ACC-1040,Rivet Logistics,Self-Serve,EMEA,TEAM,Team Plan,Seat,seat/year,9,9,0,98,On track,263.25,0,false
2025-08,2025-08-31,ACC-1040,Rivet Logistics,Self-Serve,EMEA,IMPL,Implementation Services,Usage,consulting hour,13,11,0,82.9,On track,144.38,0,false
2025-09,2025-09-30,ACC-1040,Rivet Logistics,Self-Serve,EMEA,IMPL,Implementation Services,Usage,consulting hour,13,11,0,87,On track,144.38,0,false
2025-10,2025-10-31,ACC-1040,Rivet Logistics,Self-Serve,EMEA,IMPL,Implementation Services,Usage,consulting hour,13,11,0,84.9,On track,144.38,0,false
2025-11,2025-11-30,ACC-1040,Rivet Logistics,Self-Serve,EMEA,IMPL,Implementation Services,Usage,consulting hour,13,10,0,80,On track,131.25,0,false
2025-12,2025-12-31,ACC-1040,Rivet Logistics,Self-Serve,EMEA,IMPL,Implementation Services,Usage,consulting hour,13,11,0,81.8,On track,144.38,0,false
2026-01,2026-01-31,ACC-1040,Rivet Logistics,Self-Serve,EMEA,IMPL,Implementation Services,Usage,consulting hour,13,11,0,83.2,On track,144.38,0,false
2026-02,2026-02-28,ACC-1040,Rivet Logistics,Self-Serve,EMEA,IMPL,Implementation Services,Usage,consulting hour,13,11,0,85.3,On track,144.38,0,false
2026-03,2026-03-31,ACC-1040,Rivet Logistics,Self-Serve,EMEA,IMPL,Implementation Services,Usage,consulting hour,13,12,0,88.5,On track,157.5,0,false
2026-04,2026-04-30,ACC-1040,Rivet Logistics,Self-Serve,EMEA,IMPL,Implementation Services,Usage,consulting hour,13,12,0,89.5,On track,157.5,0,false
2026-05,2026-05-31,ACC-1040,Rivet Logistics,Self-Serve,EMEA,IMPL,Implementation Services,Usage,consulting hour,13,11,0,81.9,On track,144.38,0,false
2026-06,2026-06-30,ACC-1040,Rivet Logistics,Self-Serve,EMEA,IMPL,Implementation Services,Usage,consulting hour,13,10,0,74,On track,131.25,0,false
2026-07,2026-07-31,ACC-1040,Rivet Logistics,Self-Serve,EMEA,IMPL,Implementation Services,Usage,consulting hour,13,10,0,73.5,On track,131.25,0,false
2026-08,2026-08-31,ACC-1040,Rivet Logistics,Self-Serve,EMEA,IMPL,Implementation Services,Usage,consulting hour,13,9,0,71.4,On track,118.13,0,false
2026-09,2026-09-30,ACC-1040,Rivet Logistics,Self-Serve,EMEA,IMPL,Implementation Services,Usage,consulting hour,13,10,0,76,On track,131.25,0,false
2025-09,2025-09-30,ACC-1065,Halcyon Media,SMB,AMER,CLASSROOM,Classroom Seat-Days,Usage,seat-day,7,4,0,59.7,Under-consuming,98.17,0,false
2025-10,2025-10-31,ACC-1065,Halcyon Media,SMB,AMER,CLASSROOM,Classroom Seat-Days,Usage,seat-day,7,4,0,62.4,On track,98.17,0,false
2025-11,2025-11-30,ACC-1065,Halcyon Media,SMB,AMER,CLASSROOM,Classroom Seat-Days,Usage,seat-day,7,5,0,67.4,On track,122.71,0,false
2025-12,2025-12-31,ACC-1065,Halcyon Media,SMB,AMER,CLASSROOM,Classroom Seat-Days,Usage,seat-day,7,5,0,71.2,On track,122.71,0,false
2026-01,2026-01-31,ACC-1065,Halcyon Media,SMB,AMER,CLASSROOM,Classroom Seat-Days,Usage,seat-day,7,5,0,71.6,On track,122.71,0,false
2026-02,2026-02-28,ACC-1065,Halcyon Media,SMB,AMER,CLASSROOM,Classroom Seat-Days,Usage,seat-day,7,5,0,76.8,On track,122.71,0,false
2026-03,2026-03-31,ACC-1065,Halcyon Media,SMB,AMER,CLASSROOM,Classroom Seat-Days,Usage,seat-day,7,5,0,70.8,On track,122.71,0,false
2026-04,2026-04-30,ACC-1065,Halcyon Media,SMB,AMER,CLASSROOM,Classroom Seat-Days,Usage,seat-day,7,5,0,68.9,On track,122.71,0,false
2026-05,2026-05-31,ACC-1065,Halcyon Media,SMB,AMER,CLASSROOM,Classroom Seat-Days,Usage,seat-day,7,5,0,70,On track,122.71,0,false
2026-06,2026-06-30,ACC-1065,Halcyon Media,SMB,AMER,CLASSROOM,Classroom Seat-Days,Usage,seat-day,7,5,0,72.1,On track,122.71,0,false
2026-07,2026-07-31,ACC-1065,Halcyon Media,SMB,AMER,CLASSROOM,Classroom Seat-Days,Usage,seat-day,7,5,0,68.6,On track,122.71,0,false
2026-08,2026-08-31,ACC-1065,Halcyon Media,SMB,AMER,CLASSROOM,Classroom Seat-Days,Usage,seat-day,7,5,0,67.4,On track,122.71,0,false
2026-09,2026-09-30,ACC-1065,Halcyon Media,SMB,AMER,CLASSROOM,Classroom Seat-Days,Usage,seat-day,7,5,0,64.6,On track,122.71,0,false
2026-07,2026-07-31,ACC-1065,Halcyon Media,SMB,AMER,IMPL,Implementation Services,Usage,consulting hour,17,14,0,79.7,On track,204.17,0,false
2026-08,2026-08-31,ACC-1065,Halcyon Media,SMB,AMER,IMPL,Implementation Services,Usage,consulting hour,17,13,0,74.3,On track,189.58,0,false
2026-09,2026-09-30,ACC-1065,Halcyon Media,SMB,AMER,IMPL,Implementation Services,Usage,consulting hour,17,14,0,83.8,On track,204.17,0,false
2025-07,2025-07-31,ACC-1087,Harbor Insurance,SMB,APAC,VOUCHER,Certification Vouchers,Usage,voucher,44,41,0,93.4,On track,522.75,0,false
2025-08,2025-08-31,ACC-1087,Harbor Insurance,SMB,APAC,VOUCHER,Certification Vouchers,Usage,voucher,44,43,0,98.4,On track,548.25,0,false
2025-09,2025-09-30,ACC-1087,Harbor Insurance,SMB,APAC,VOUCHER,Certification Vouchers,Usage,voucher,44,45,1,103.1,On track,576.94,15.94,false
2025-10,2025-10-31,ACC-1087,Harbor Insurance,SMB,APAC,VOUCHER,Certification Vouchers,Usage,voucher,44,50,6,113.9,In overage,656.63,95.63,false
2025-11,2025-11-30,ACC-1087,Harbor Insurance,SMB,APAC,VOUCHER,Certification Vouchers,Usage,voucher,44,51,7,114.9,In overage,672.56,111.56,false
2025-12,2025-12-31,ACC-1087,Harbor Insurance,SMB,APAC,VOUCHER,Certification Vouchers,Usage,voucher,44,51,7,115.8,In overage,672.56,111.56,false
2026-01,2026-01-31,ACC-1087,Harbor Insurance,SMB,APAC,VOUCHER,Certification Vouchers,Usage,voucher,44,54,10,121.9,In overage,720.38,159.38,false
2026-02,2026-02-28,ACC-1087,Harbor Insurance,SMB,APAC,VOUCHER,Certification Vouchers,Usage,voucher,44,56,12,127.2,In overage,752.25,191.25,false
2026-03,2026-03-31,ACC-1087,Harbor Insurance,SMB,APAC,VOUCHER,Certification Vouchers,Usage,voucher,44,57,13,128.7,In overage,768.19,207.19,false
2026-04,2026-04-30,ACC-1087,Harbor Insurance,SMB,APAC,VOUCHER,Certification Vouchers,Usage,voucher,44,58,14,132.3,In overage,784.13,223.13,false
2026-05,2026-05-31,ACC-1087,Harbor Insurance,SMB,APAC,VOUCHER,Certification Vouchers,Usage,voucher,44,64,20,144.7,In overage,879.75,318.75,false
2026-06,2026-06-30,ACC-1087,Harbor Insurance,SMB,APAC,VOUCHER,Certification Vouchers,Usage,voucher,44,68,24,155.5,In overage,943.5,382.5,false
2026-07,2026-07-31,ACC-1087,Harbor Insurance,SMB,APAC,VOUCHER,Certification Vouchers,Usage,voucher,44,71,27,162.1,In overage,991.31,430.31,false
2026-08,2026-08-31,ACC-1087,Harbor Insurance,SMB,APAC,VOUCHER,Certification Vouchers,Usage,voucher,44,73,29,165.7,In overage,1023.19,462.19,false
2026-09,2026-09-30,ACC-1087,Harbor Insurance,SMB,APAC,VOUCHER,Certification Vouchers,Usage,voucher,44,74,30,169.2,In overage,1039.13,478.13,false
2025-07,2025-07-31,ACC-1087,Harbor Insurance,SMB,APAC,CLASSROOM,Classroom Seat-Days,Usage,seat-day,17,15,0,86.3,On track,368.13,0,false
2025-08,2025-08-31,ACC-1087,Harbor Insurance,SMB,APAC,CLASSROOM,Classroom Seat-Days,Usage,seat-day,17,16,0,93.9,On track,392.67,0,false
2025-09,2025-09-30,ACC-1087,Harbor Insurance,SMB,APAC,CLASSROOM,Classroom Seat-Days,Usage,seat-day,17,18,1,103.4,On track,447.89,30.68,false
2025-10,2025-10-31,ACC-1087,Harbor Insurance,SMB,APAC,CLASSROOM,Classroom Seat-Days,Usage,seat-day,17,16,0,95.1,On track,392.67,0,false
2025-11,2025-11-30,ACC-1087,Harbor Insurance,SMB,APAC,CLASSROOM,Classroom Seat-Days,Usage,seat-day,17,18,1,103,On track,447.89,30.68,false
2025-12,2025-12-31,ACC-1087,Harbor Insurance,SMB,APAC,CLASSROOM,Classroom Seat-Days,Usage,seat-day,17,19,2,113.7,In overage,478.56,61.35,false
2026-01,2026-01-31,ACC-1087,Harbor Insurance,SMB,APAC,CLASSROOM,Classroom Seat-Days,Usage,seat-day,17,21,4,121.9,In overage,539.92,122.71,false
2026-02,2026-02-28,ACC-1087,Harbor Insurance,SMB,APAC,CLASSROOM,Classroom Seat-Days,Usage,seat-day,17,21,4,126,In overage,539.92,122.71,false
2026-03,2026-03-31,ACC-1087,Harbor Insurance,SMB,APAC,CLASSROOM,Classroom Seat-Days,Usage,seat-day,17,23,6,136.3,In overage,601.27,184.06,false
2026-04,2026-04-30,ACC-1087,Harbor Insurance,SMB,APAC,CLASSROOM,Classroom Seat-Days,Usage,seat-day,17,25,8,147.2,In overage,662.63,245.42,false
2026-05,2026-05-31,ACC-1087,Harbor Insurance,SMB,APAC,CLASSROOM,Classroom Seat-Days,Usage,seat-day,17,25,8,145.1,In overage,662.63,245.42,false
2026-06,2026-06-30,ACC-1087,Harbor Insurance,SMB,APAC,CLASSROOM,Classroom Seat-Days,Usage,seat-day,17,26,9,152.4,In overage,693.3,276.09,false
2026-07,2026-07-31,ACC-1087,Harbor Insurance,SMB,APAC,CLASSROOM,Classroom Seat-Days,Usage,seat-day,17,27,10,159,In overage,723.98,306.77,false
2026-08,2026-08-31,ACC-1087,Harbor Insurance,SMB,APAC,CLASSROOM,Classroom Seat-Days,Usage,seat-day,17,29,12,170.1,In overage,785.33,368.13,false
2026-09,2026-09-30,ACC-1087,Harbor Insurance,SMB,APAC,CLASSROOM,Classroom Seat-Days,Usage,seat-day,17,30,13,176.5,In overage,816.01,398.8,false
2026-06,2026-06-30,ACC-1087,Harbor Insurance,SMB,APAC,TEAM,Team Plan,Seat,seat/year,16,14,0,85.3,On track,455,0,false
2026-07,2026-07-31,ACC-1087,Harbor Insurance,SMB,APAC,TEAM,Team Plan,Seat,seat/year,16,15,0,92.9,On track,487.5,0,false
2026-08,2026-08-31,ACC-1087,Harbor Insurance,SMB,APAC,TEAM,Team Plan,Seat,seat/year,16,16,0,98.8,On track,520,0,false
2026-09,2026-09-30,ACC-1087,Harbor Insurance,SMB,APAC,TEAM,Team Plan,Seat,seat/year,16,17,1,107.9,In overage,560.63,40.63,false
2025-08,2025-08-31,ACC-1035,Sable Digital,SMB,EMEA,CLASSROOM,Classroom Seat-Days,Usage,seat-day,22,18,0,82.4,On track,441.75,0,false
2025-09,2025-09-30,ACC-1035,Sable Digital,SMB,EMEA,CLASSROOM,Classroom Seat-Days,Usage,seat-day,22,18,0,82.4,On track,441.75,0,false
2025-10,2025-10-31,ACC-1035,Sable Digital,SMB,EMEA,CLASSROOM,Classroom Seat-Days,Usage,seat-day,22,20,0,88.8,On track,490.83,0,false
2025-11,2025-11-30,ACC-1035,Sable Digital,SMB,EMEA,CLASSROOM,Classroom Seat-Days,Usage,seat-day,22,21,0,96.6,On track,515.38,0,false
2025-12,2025-12-31,ACC-1035,Sable Digital,SMB,EMEA,CLASSROOM,Classroom Seat-Days,Usage,seat-day,22,23,1,106.2,In overage,570.59,30.68,false
2026-01,2026-01-31,ACC-1035,Sable Digital,SMB,EMEA,CLASSROOM,Classroom Seat-Days,Usage,seat-day,22,25,3,112.2,In overage,631.95,92.03,false
2026-02,2026-02-28,ACC-1035,Sable Digital,SMB,EMEA,CLASSROOM,Classroom Seat-Days,Usage,seat-day,22,27,5,124,In overage,693.3,153.39,false
2026-03,2026-03-31,ACC-1035,Sable Digital,SMB,EMEA,CLASSROOM,Classroom Seat-Days,Usage,seat-day,22,26,4,119.5,In overage,662.63,122.71,false
2026-04,2026-04-30,ACC-1035,Sable Digital,SMB,EMEA,CLASSROOM,Classroom Seat-Days,Usage,seat-day,22,30,8,135.1,In overage,785.33,245.42,false
2026-05,2026-05-31,ACC-1035,Sable Digital,SMB,EMEA,CLASSROOM,Classroom Seat-Days,Usage,seat-day,22,32,10,143.3,In overage,846.69,306.77,false
2026-06,2026-06-30,ACC-1035,Sable Digital,SMB,EMEA,CLASSROOM,Classroom Seat-Days,Usage,seat-day,22,34,12,155.4,In overage,908.04,368.13,false
2026-07,2026-07-31,ACC-1035,Sable Digital,SMB,EMEA,CLASSROOM,Classroom Seat-Days,Usage,seat-day,22,38,16,170.9,In overage,1030.75,490.83,false
2026-08,2026-08-31,ACC-1035,Sable Digital,SMB,EMEA,CLASSROOM,Classroom Seat-Days,Usage,seat-day,22,43,21,195.7,In overage,1184.14,644.22,false
2026-09,2026-09-30,ACC-1035,Sable Digital,SMB,EMEA,CLASSROOM,Classroom Seat-Days,Usage,seat-day,22,47,25,212.1,In overage,1306.84,766.93,false
2025-08,2025-08-31,ACC-1035,Sable Digital,SMB,EMEA,PRO,Academy Pro,Seat,learner/year,14,10,0,71.8,On track,200,0,false
2025-09,2025-09-30,ACC-1035,Sable Digital,SMB,EMEA,PRO,Academy Pro,Seat,learner/year,14,10,0,70.2,On track,200,0,false
2025-10,2025-10-31,ACC-1035,Sable Digital,SMB,EMEA,PRO,Academy Pro,Seat,learner/year,14,9,0,61.6,On track,180,0,false
2025-11,2025-11-30,ACC-1035,Sable Digital,SMB,EMEA,PRO,Academy Pro,Seat,learner/year,14,10,0,71.2,On track,200,0,false
2025-12,2025-12-31,ACC-1035,Sable Digital,SMB,EMEA,PRO,Academy Pro,Seat,learner/year,14,10,0,71.4,On track,200,0,false
2026-01,2026-01-31,ACC-1035,Sable Digital,SMB,EMEA,PRO,Academy Pro,Seat,learner/year,14,11,0,77.1,On track,220,0,false
2026-02,2026-02-28,ACC-1035,Sable Digital,SMB,EMEA,PRO,Academy Pro,Seat,learner/year,14,10,0,74.1,On track,200,0,false
2026-03,2026-03-31,ACC-1035,Sable Digital,SMB,EMEA,PRO,Academy Pro,Seat,learner/year,14,10,0,73.5,On track,200,0,false
2026-04,2026-04-30,ACC-1035,Sable Digital,SMB,EMEA,PRO,Academy Pro,Seat,learner/year,14,13,0,89.6,On track,260,0,false
2026-05,2026-05-31,ACC-1035,Sable Digital,SMB,EMEA,PRO,Academy Pro,Seat,learner/year,14,14,0,98.5,On track,280,0,false
2026-06,2026-06-30,ACC-1035,Sable Digital,SMB,EMEA,PRO,Academy Pro,Seat,learner/year,14,14,0,102.3,On track,280,0,false
2026-07,2026-07-31,ACC-1035,Sable Digital,SMB,EMEA,PRO,Academy Pro,Seat,learner/year,14,16,2,111.5,In overage,330,50,false
2026-08,2026-08-31,ACC-1035,Sable Digital,SMB,EMEA,PRO,Academy Pro,Seat,learner/year,14,17,3,120,In overage,355,75,false
2026-09,2026-09-30,ACC-1035,Sable Digital,SMB,EMEA,PRO,Academy Pro,Seat,learner/year,14,18,4,125.1,In overage,380,100,false
2025-08,2025-08-31,ACC-1070,Tundra Capital,SMB,EMEA,CLASSROOM,Classroom Seat-Days,Usage,seat-day,6,3,0,54.7,Under-consuming,73.63,0,true
2025-09,2025-09-30,ACC-1070,Tundra Capital,SMB,EMEA,CLASSROOM,Classroom Seat-Days,Usage,seat-day,6,3,0,52.2,Under-consuming,73.63,0,true
2025-10,2025-10-31,ACC-1070,Tundra Capital,SMB,EMEA,CLASSROOM,Classroom Seat-Days,Usage,seat-day,6,3,0,57.2,Under-consuming,73.63,0,false
2025-11,2025-11-30,ACC-1070,Tundra Capital,SMB,EMEA,CLASSROOM,Classroom Seat-Days,Usage,seat-day,6,4,0,64.6,On track,98.17,0,false
2025-12,2025-12-31,ACC-1070,Tundra Capital,SMB,EMEA,CLASSROOM,Classroom Seat-Days,Usage,seat-day,6,4,0,69.2,On track,98.17,0,false
2026-01,2026-01-31,ACC-1070,Tundra Capital,SMB,EMEA,CLASSROOM,Classroom Seat-Days,Usage,seat-day,6,4,0,73.3,On track,98.17,0,false
2026-02,2026-02-28,ACC-1070,Tundra Capital,SMB,EMEA,CLASSROOM,Classroom Seat-Days,Usage,seat-day,6,5,0,82.1,On track,122.71,0,false
2026-03,2026-03-31,ACC-1070,Tundra Capital,SMB,EMEA,CLASSROOM,Classroom Seat-Days,Usage,seat-day,6,5,0,85.4,On track,122.71,0,false
2026-04,2026-04-30,ACC-1070,Tundra Capital,SMB,EMEA,CLASSROOM,Classroom Seat-Days,Usage,seat-day,6,6,0,97,On track,147.25,0,false
2026-05,2026-05-31,ACC-1070,Tundra Capital,SMB,EMEA,CLASSROOM,Classroom Seat-Days,Usage,seat-day,6,7,1,108.6,In overage,177.93,30.68,false
2026-06,2026-06-30,ACC-1070,Tundra Capital,SMB,EMEA,CLASSROOM,Classroom Seat-Days,Usage,seat-day,6,6,0,103.6,On track,147.25,0,false
2026-07,2026-07-31,ACC-1070,Tundra Capital,SMB,EMEA,CLASSROOM,Classroom Seat-Days,Usage,seat-day,6,6,0,104.2,On track,147.25,0,false
2026-08,2026-08-31,ACC-1070,Tundra Capital,SMB,EMEA,CLASSROOM,Classroom Seat-Days,Usage,seat-day,6,6,0,107.8,In overage,147.25,0,false
2026-09,2026-09-30,ACC-1070,Tundra Capital,SMB,EMEA,CLASSROOM,Classroom Seat-Days,Usage,seat-day,6,6,0,107.8,In overage,147.25,0,false
2025-08,2025-08-31,ACC-1070,Tundra Capital,SMB,EMEA,TEAM,Team Plan,Seat,seat/year,7,7,0,95.5,On track,227.5,0,false
2025-09,2025-09-30,ACC-1070,Tundra Capital,SMB,EMEA,TEAM,Team Plan,Seat,seat/year,7,7,0,98.5,On track,227.5,0,false
2025-10,2025-10-31,ACC-1070,Tundra Capital,SMB,EMEA,TEAM,Team Plan,Seat,seat/year,7,7,0,106.6,In overage,227.5,0,false
2025-11,2025-11-30,ACC-1070,Tundra Capital,SMB,EMEA,TEAM,Team Plan,Seat,seat/year,7,7,0,99.7,On track,227.5,0,false
2025-12,2025-12-31,ACC-1070,Tundra Capital,SMB,EMEA,TEAM,Team Plan,Seat,seat/year,7,7,0,101.5,On track,227.5,0,false
2026-01,2026-01-31,ACC-1070,Tundra Capital,SMB,EMEA,TEAM,Team Plan,Seat,seat/year,7,7,0,99.6,On track,227.5,0,false
2026-02,2026-02-28,ACC-1070,Tundra Capital,SMB,EMEA,TEAM,Team Plan,Seat,seat/year,7,7,0,101.9,On track,227.5,0,false
2026-03,2026-03-31,ACC-1070,Tundra Capital,SMB,EMEA,TEAM,Team Plan,Seat,seat/year,7,7,0,104.4,On track,227.5,0,false
2026-04,2026-04-30,ACC-1070,Tundra Capital,SMB,EMEA,TEAM,Team Plan,Seat,seat/year,7,8,1,110.4,In overage,268.13,40.63,false
2026-05,2026-05-31,ACC-1070,Tundra Capital,SMB,EMEA,TEAM,Team Plan,Seat,seat/year,7,8,1,119.1,In overage,268.13,40.63,false
2026-06,2026-06-30,ACC-1070,Tundra Capital,SMB,EMEA,TEAM,Team Plan,Seat,seat/year,7,9,2,123.3,In overage,308.75,81.25,false
2026-07,2026-07-31,ACC-1070,Tundra Capital,SMB,EMEA,TEAM,Team Plan,Seat,seat/year,7,8,1,120.9,In overage,268.13,40.63,false
2026-08,2026-08-31,ACC-1070,Tundra Capital,SMB,EMEA,TEAM,Team Plan,Seat,seat/year,7,9,2,125.1,In overage,308.75,81.25,false
2026-09,2026-09-30,ACC-1070,Tundra Capital,SMB,EMEA,TEAM,Team Plan,Seat,seat/year,7,9,2,127.3,In overage,308.75,81.25,false
2026-08,2026-08-31,ACC-1070,Tundra Capital,SMB,EMEA,IMPL,Implementation Services,Usage,consulting hour,28,30,2,105.9,In overage,422.55,34.64,false
2026-09,2026-09-30,ACC-1070,Tundra Capital,SMB,EMEA,IMPL,Implementation Services,Usage,consulting hour,28,31,3,111.9,In overage,439.87,51.95,false
2026-08,2026-08-31,ACC-1070,Tundra Capital,SMB,EMEA,VOUCHER,Certification Vouchers,Usage,voucher,17,9,0,53.2,Under-consuming,135,0,true
2026-09,2026-09-30,ACC-1070,Tundra Capital,SMB,EMEA,VOUCHER,Certification Vouchers,Usage,voucher,17,10,0,56.5,Under-consuming,150,0,false
2026-08,2026-08-31,ACC-1070,Tundra Capital,SMB,EMEA,PRO,Academy Pro,Seat,learner/year,20,17,0,85.2,On track,340,0,false
2026-09,2026-09-30,ACC-1070,Tundra Capital,SMB,EMEA,PRO,Academy Pro,Seat,learner/year,20,17,0,83.8,On track,340,0,false
2026-01,2026-01-31,ACC-1038,Kestrel Health,Mid-Market,EMEA,VOUCHER,Certification Vouchers,Usage,voucher,94,98,4,104.2,On track,1336.5,67.5,false
2026-02,2026-02-28,ACC-1038,Kestrel Health,Mid-Market,EMEA,VOUCHER,Certification Vouchers,Usage,voucher,94,101,7,108,In overage,1387.13,118.13,false
2026-03,2026-03-31,ACC-1038,Kestrel Health,Mid-Market,EMEA,VOUCHER,Certification Vouchers,Usage,voucher,94,103,9,109.9,In overage,1420.88,151.88,false
2026-04,2026-04-30,ACC-1038,Kestrel Health,Mid-Market,EMEA,VOUCHER,Certification Vouchers,Usage,voucher,94,108,14,114.9,In overage,1505.25,236.25,false
2026-05,2026-05-31,ACC-1038,Kestrel Health,Mid-Market,EMEA,VOUCHER,Certification Vouchers,Usage,voucher,94,116,22,123.8,In overage,1640.25,371.25,false
2026-06,2026-06-30,ACC-1038,Kestrel Health,Mid-Market,EMEA,VOUCHER,Certification Vouchers,Usage,voucher,94,124,30,131.9,In overage,1775.25,506.25,false
2026-07,2026-07-31,ACC-1038,Kestrel Health,Mid-Market,EMEA,VOUCHER,Certification Vouchers,Usage,voucher,94,128,34,135.9,In overage,1842.75,573.75,false
2026-08,2026-08-31,ACC-1038,Kestrel Health,Mid-Market,EMEA,VOUCHER,Certification Vouchers,Usage,voucher,94,133,39,141.5,In overage,1927.13,658.13,false
2026-09,2026-09-30,ACC-1038,Kestrel Health,Mid-Market,EMEA,VOUCHER,Certification Vouchers,Usage,voucher,94,135,41,143.5,In overage,1960.88,691.88,false
2026-08,2026-08-31,ACC-1038,Kestrel Health,Mid-Market,EMEA,PRO,Academy Pro,Seat,learner/year,48,37,0,76.8,On track,666,0,false
2026-09,2026-09-30,ACC-1038,Kestrel Health,Mid-Market,EMEA,PRO,Academy Pro,Seat,learner/year,48,41,0,86.4,On track,738,0,false
2026-08,2026-08-31,ACC-1038,Kestrel Health,Mid-Market,EMEA,CLASSROOM,Classroom Seat-Days,Usage,seat-day,53,31,0,58,Under-consuming,800.83,0,false
2026-09,2026-09-30,ACC-1038,Kestrel Health,Mid-Market,EMEA,CLASSROOM,Classroom Seat-Days,Usage,seat-day,53,34,0,65,On track,878.33,0,false
2025-11,2025-11-30,ACC-1082,Solstice Care,Enterprise,APAC,CLASSROOM,Classroom Seat-Days,Usage,seat-day,755,777,22,102.9,On track,16171.67,568.33,false
2025-12,2025-12-31,ACC-1082,Solstice Care,Enterprise,APAC,CLASSROOM,Classroom Seat-Days,Usage,seat-day,755,820,65,108.6,In overage,17282.5,1679.17,false
2026-01,2026-01-31,ACC-1082,Solstice Care,Enterprise,APAC,CLASSROOM,Classroom Seat-Days,Usage,seat-day,755,845,90,112,In overage,17928.33,2325,false
2026-02,2026-02-28,ACC-1082,Solstice Care,Enterprise,APAC,CLASSROOM,Classroom Seat-Days,Usage,seat-day,755,900,145,119.2,In overage,19349.17,3745.83,false
2026-03,2026-03-31,ACC-1082,Solstice Care,Enterprise,APAC,CLASSROOM,Classroom Seat-Days,Usage,seat-day,755,944,189,125,In overage,20485.83,4882.5,false
2026-04,2026-04-30,ACC-1082,Solstice Care,Enterprise,APAC,CLASSROOM,Classroom Seat-Days,Usage,seat-day,755,1028,273,136.1,In overage,22655.83,7052.5,false
2026-05,2026-05-31,ACC-1082,Solstice Care,Enterprise,APAC,CLASSROOM,Classroom Seat-Days,Usage,seat-day,755,1121,366,148.4,In overage,25058.33,9455,false
2026-06,2026-06-30,ACC-1082,Solstice Care,Enterprise,APAC,CLASSROOM,Classroom Seat-Days,Usage,seat-day,755,1209,454,160.1,In overage,27331.67,11728.33,false
2026-07,2026-07-31,ACC-1082,Solstice Care,Enterprise,APAC,CLASSROOM,Classroom Seat-Days,Usage,seat-day,755,1326,571,175.6,In overage,30354.17,14750.83,false
2026-08,2026-08-31,ACC-1082,Solstice Care,Enterprise,APAC,CLASSROOM,Classroom Seat-Days,Usage,seat-day,755,1383,628,183.2,In overage,31826.67,16223.33,false
2026-09,2026-09-30,ACC-1082,Solstice Care,Enterprise,APAC,CLASSROOM,Classroom Seat-Days,Usage,seat-day,755,1460,705,193.3,In overage,33815.83,18212.5,false
2025-04,2025-04-30,ACC-1082,Solstice Care,Enterprise,APAC,IMPL,Implementation Services,Usage,consulting hour,90,53,0,59.4,Under-consuming,695.63,0,false
2025-05,2025-05-31,ACC-1082,Solstice Care,Enterprise,APAC,IMPL,Implementation Services,Usage,consulting hour,90,57,0,63,On track,748.13,0,false
2025-06,2025-06-30,ACC-1082,Solstice Care,Enterprise,APAC,IMPL,Implementation Services,Usage,consulting hour,90,55,0,61.6,On track,721.88,0,false
2025-07,2025-07-31,ACC-1082,Solstice Care,Enterprise,APAC,IMPL,Implementation Services,Usage,consulting hour,90,53,0,58.7,Under-consuming,695.63,0,false
2025-08,2025-08-31,ACC-1082,Solstice Care,Enterprise,APAC,IMPL,Implementation Services,Usage,consulting hour,90,50,0,55.8,Under-consuming,656.25,0,false
2025-09,2025-09-30,ACC-1082,Solstice Care,Enterprise,APAC,IMPL,Implementation Services,Usage,consulting hour,90,51,0,56.1,Under-consuming,669.38,0,false
2025-10,2025-10-31,ACC-1082,Solstice Care,Enterprise,APAC,IMPL,Implementation Services,Usage,consulting hour,90,55,0,60.8,On track,721.88,0,false
2025-11,2025-11-30,ACC-1082,Solstice Care,Enterprise,APAC,IMPL,Implementation Services,Usage,consulting hour,90,59,0,65.9,On track,774.38,0,false
2025-12,2025-12-31,ACC-1082,Solstice Care,Enterprise,APAC,IMPL,Implementation Services,Usage,consulting hour,90,49,0,54,Under-consuming,643.13,0,true
2026-01,2026-01-31,ACC-1082,Solstice Care,Enterprise,APAC,IMPL,Implementation Services,Usage,consulting hour,90,47,0,51.9,Under-consuming,616.88,0,true
2026-02,2026-02-28,ACC-1082,Solstice Care,Enterprise,APAC,IMPL,Implementation Services,Usage,consulting hour,90,51,0,56.4,Under-consuming,669.38,0,false
2026-03,2026-03-31,ACC-1082,Solstice Care,Enterprise,APAC,IMPL,Implementation Services,Usage,consulting hour,90,45,0,49.6,Under-consuming,590.63,0,true
2026-04,2026-04-30,ACC-1082,Solstice Care,Enterprise,APAC,IMPL,Implementation Services,Usage,consulting hour,90,43,0,47.5,Under-consuming,564.38,0,true
2026-05,2026-05-31,ACC-1082,Solstice Care,Enterprise,APAC,IMPL,Implementation Services,Usage,consulting hour,90,37,0,40.7,Under-consuming,485.63,0,true
2026-06,2026-06-30,ACC-1082,Solstice Care,Enterprise,APAC,IMPL,Implementation Services,Usage,consulting hour,90,35,0,38.9,Under-consuming,459.38,0,true
2026-07,2026-07-31,ACC-1082,Solstice Care,Enterprise,APAC,IMPL,Implementation Services,Usage,consulting hour,90,34,0,38.1,Under-consuming,446.25,0,true
2026-08,2026-08-31,ACC-1082,Solstice Care,Enterprise,APAC,IMPL,Implementation Services,Usage,consulting hour,90,36,0,39.6,Under-consuming,472.5,0,true
2026-09,2026-09-30,ACC-1082,Solstice Care,Enterprise,APAC,IMPL,Implementation Services,Usage,consulting hour,90,32,0,36.1,Under-consuming,420,0,true
2025-04,2025-04-30,ACC-1082,Solstice Care,Enterprise,APAC,CLASSROOM,Classroom Seat-Days,Usage,seat-day,95,77,0,80.8,On track,1790.25,0,false
2025-05,2025-05-31,ACC-1082,Solstice Care,Enterprise,APAC,CLASSROOM,Classroom Seat-Days,Usage,seat-day,95,75,0,78.5,On track,1743.75,0,false
2025-06,2025-06-30,ACC-1082,Solstice Care,Enterprise,APAC,CLASSROOM,Classroom Seat-Days,Usage,seat-day,95,79,0,83.1,On track,1836.75,0,false
2025-07,2025-07-31,ACC-1082,Solstice Care,Enterprise,APAC,CLASSROOM,Classroom Seat-Days,Usage,seat-day,95,76,0,80.3,On track,1767,0,false
2025-08,2025-08-31,ACC-1082,Solstice Care,Enterprise,APAC,CLASSROOM,Classroom Seat-Days,Usage,seat-day,95,75,0,78.6,On track,1743.75,0,false
2025-09,2025-09-30,ACC-1082,Solstice Care,Enterprise,APAC,CLASSROOM,Classroom Seat-Days,Usage,seat-day,95,79,0,83.3,On track,1836.75,0,false
2025-10,2025-10-31,ACC-1082,Solstice Care,Enterprise,APAC,CLASSROOM,Classroom Seat-Days,Usage,seat-day,95,86,0,90.5,On track,1999.5,0,false
2025-11,2025-11-30,ACC-1082,Solstice Care,Enterprise,APAC,CLASSROOM,Classroom Seat-Days,Usage,seat-day,95,84,0,88.5,On track,1953,0,false
2025-12,2025-12-31,ACC-1082,Solstice Care,Enterprise,APAC,CLASSROOM,Classroom Seat-Days,Usage,seat-day,95,84,0,87.9,On track,1953,0,false
2026-01,2026-01-31,ACC-1082,Solstice Care,Enterprise,APAC,CLASSROOM,Classroom Seat-Days,Usage,seat-day,95,86,0,90.3,On track,1999.5,0,false
2026-02,2026-02-28,ACC-1082,Solstice Care,Enterprise,APAC,CLASSROOM,Classroom Seat-Days,Usage,seat-day,95,89,0,93.8,On track,2069.25,0,false
2026-03,2026-03-31,ACC-1082,Solstice Care,Enterprise,APAC,CLASSROOM,Classroom Seat-Days,Usage,seat-day,95,86,0,90.7,On track,1999.5,0,false
2026-04,2026-04-30,ACC-1082,Solstice Care,Enterprise,APAC,CLASSROOM,Classroom Seat-Days,Usage,seat-day,95,86,0,90.9,On track,1999.5,0,false
2026-05,2026-05-31,ACC-1082,Solstice Care,Enterprise,APAC,CLASSROOM,Classroom Seat-Days,Usage,seat-day,95,89,0,93.3,On track,2069.25,0,false
2026-06,2026-06-30,ACC-1082,Solstice Care,Enterprise,APAC,CLASSROOM,Classroom Seat-Days,Usage,seat-day,95,90,0,94.9,On track,2092.5,0,false
2026-07,2026-07-31,ACC-1082,Solstice Care,Enterprise,APAC,CLASSROOM,Classroom Seat-Days,Usage,seat-day,95,98,3,102.8,On track,2295.94,87.19,false
2026-08,2026-08-31,ACC-1082,Solstice Care,Enterprise,APAC,CLASSROOM,Classroom Seat-Days,Usage,seat-day,95,97,2,102.5,On track,2266.88,58.13,false
2026-09,2026-09-30,ACC-1082,Solstice Care,Enterprise,APAC,CLASSROOM,Classroom Seat-Days,Usage,seat-day,95,100,5,104.9,On track,2354.06,145.31,false
2026-09,2026-09-30,ACC-1068,Quanta Works,Self-Serve,EMEA,IMPL,Implementation Services,Usage,consulting hour,13,11,0,84.4,On track,136.35,0,false
2025-08,2025-08-31,ACC-1068,Quanta Works,Self-Serve,EMEA,IMPL,Implementation Services,Usage,consulting hour,6,6,0,92.9,On track,87.5,0,false
2025-09,2025-09-30,ACC-1068,Quanta Works,Self-Serve,EMEA,IMPL,Implementation Services,Usage,consulting hour,6,6,0,92.1,On track,87.5,0,false
2025-10,2025-10-31,ACC-1068,Quanta Works,Self-Serve,EMEA,IMPL,Implementation Services,Usage,consulting hour,6,5,0,83,On track,72.92,0,false
2025-11,2025-11-30,ACC-1068,Quanta Works,Self-Serve,EMEA,IMPL,Implementation Services,Usage,consulting hour,6,5,0,80.9,On track,72.92,0,false
2025-12,2025-12-31,ACC-1068,Quanta Works,Self-Serve,EMEA,IMPL,Implementation Services,Usage,consulting hour,6,4,0,72.3,On track,58.33,0,false
2026-01,2026-01-31,ACC-1068,Quanta Works,Self-Serve,EMEA,IMPL,Implementation Services,Usage,consulting hour,6,4,0,72.8,On track,58.33,0,false
2026-02,2026-02-28,ACC-1068,Quanta Works,Self-Serve,EMEA,IMPL,Implementation Services,Usage,consulting hour,6,5,0,80.4,On track,72.92,0,false
2026-03,2026-03-31,ACC-1068,Quanta Works,Self-Serve,EMEA,IMPL,Implementation Services,Usage,consulting hour,6,5,0,88.6,On track,72.92,0,false
2026-04,2026-04-30,ACC-1068,Quanta Works,Self-Serve,EMEA,IMPL,Implementation Services,Usage,consulting hour,6,5,0,83.5,On track,72.92,0,false
2026-05,2026-05-31,ACC-1068,Quanta Works,Self-Serve,EMEA,IMPL,Implementation Services,Usage,consulting hour,6,5,0,86.4,On track,72.92,0,false
2026-06,2026-06-30,ACC-1068,Quanta Works,Self-Serve,EMEA,IMPL,Implementation Services,Usage,consulting hour,6,5,0,80.3,On track,72.92,0,false
2026-07,2026-07-31,ACC-1068,Quanta Works,Self-Serve,EMEA,IMPL,Implementation Services,Usage,consulting hour,6,4,0,66.6,On track,58.33,0,false
2026-08,2026-08-31,ACC-1068,Quanta Works,Self-Serve,EMEA,IMPL,Implementation Services,Usage,consulting hour,6,4,0,63.9,On track,58.33,0,false
2026-09,2026-09-30,ACC-1068,Quanta Works,Self-Serve,EMEA,IMPL,Implementation Services,Usage,consulting hour,6,4,0,60,On track,58.33,0,false
2025-08,2025-08-31,ACC-1047,Foundry Works,SMB,APAC,IMPL,Implementation Services,Usage,consulting hour,25,23,0,93.7,On track,301.88,0,false
2025-09,2025-09-30,ACC-1047,Foundry Works,SMB,APAC,IMPL,Implementation Services,Usage,consulting hour,25,21,0,84.7,On track,275.63,0,false
2025-10,2025-10-31,ACC-1047,Foundry Works,SMB,APAC,IMPL,Implementation Services,Usage,consulting hour,25,18,0,73.8,On track,236.25,0,false
2025-11,2025-11-30,ACC-1047,Foundry Works,SMB,APAC,IMPL,Implementation Services,Usage,consulting hour,25,16,0,65.1,On track,210,0,false
2025-12,2025-12-31,ACC-1047,Foundry Works,SMB,APAC,IMPL,Implementation Services,Usage,consulting hour,25,13,0,51.5,Under-consuming,170.63,0,true
2026-01,2026-01-31,ACC-1047,Foundry Works,SMB,APAC,IMPL,Implementation Services,Usage,consulting hour,25,11,0,42.7,Under-consuming,144.38,0,true
2026-02,2026-02-28,ACC-1047,Foundry Works,SMB,APAC,IMPL,Implementation Services,Usage,consulting hour,25,10,0,38.3,Under-consuming,131.25,0,true
2026-03,2026-03-31,ACC-1047,Foundry Works,SMB,APAC,IMPL,Implementation Services,Usage,consulting hour,25,9,0,36.2,Under-consuming,118.13,0,true
2026-04,2026-04-30,ACC-1047,Foundry Works,SMB,APAC,IMPL,Implementation Services,Usage,consulting hour,25,8,0,31.2,Under-consuming,105,0,true
2026-05,2026-05-31,ACC-1047,Foundry Works,SMB,APAC,IMPL,Implementation Services,Usage,consulting hour,25,6,0,24.6,Under-consuming,78.75,0,true
2026-06,2026-06-30,ACC-1047,Foundry Works,SMB,APAC,IMPL,Implementation Services,Usage,consulting hour,25,5,0,20.4,Under-consuming,65.63,0,true
2026-07,2026-07-31,ACC-1047,Foundry Works,SMB,APAC,IMPL,Implementation Services,Usage,consulting hour,25,5,0,19.2,Under-consuming,65.63,0,true
2026-08,2026-08-31,ACC-1047,Foundry Works,SMB,APAC,IMPL,Implementation Services,Usage,consulting hour,25,5,0,19.1,Under-consuming,65.63,0,true
2026-09,2026-09-30,ACC-1047,Foundry Works,SMB,APAC,IMPL,Implementation Services,Usage,consulting hour,25,4,0,17.4,Under-consuming,52.5,0,true
2025-08,2025-08-31,ACC-1047,Foundry Works,SMB,APAC,CLASSROOM,Classroom Seat-Days,Usage,seat-day,4,3,0,68.1,On track,77.5,0,false
2025-09,2025-09-30,ACC-1047,Foundry Works,SMB,APAC,CLASSROOM,Classroom Seat-Days,Usage,seat-day,4,2,0,60.5,On track,51.67,0,false
2025-10,2025-10-31,ACC-1047,Foundry Works,SMB,APAC,CLASSROOM,Classroom Seat-Days,Usage,seat-day,4,3,0,64,On track,77.5,0,false
2025-11,2025-11-30,ACC-1047,Foundry Works,SMB,APAC,CLASSROOM,Classroom Seat-Days,Usage,seat-day,4,3,0,64.3,On track,77.5,0,false
2025-12,2025-12-31,ACC-1047,Foundry Works,SMB,APAC,CLASSROOM,Classroom Seat-Days,Usage,seat-day,4,3,0,62.7,On track,77.5,0,false
2026-01,2026-01-31,ACC-1047,Foundry Works,SMB,APAC,CLASSROOM,Classroom Seat-Days,Usage,seat-day,4,3,0,62.6,On track,77.5,0,false
2026-02,2026-02-28,ACC-1047,Foundry Works,SMB,APAC,CLASSROOM,Classroom Seat-Days,Usage,seat-day,4,2,0,61.3,On track,51.67,0,false
2026-03,2026-03-31,ACC-1047,Foundry Works,SMB,APAC,CLASSROOM,Classroom Seat-Days,Usage,seat-day,4,2,0,60.4,On track,51.67,0,false
2026-04,2026-04-30,ACC-1047,Foundry Works,SMB,APAC,CLASSROOM,Classroom Seat-Days,Usage,seat-day,4,2,0,60.5,On track,51.67,0,false
2026-05,2026-05-31,ACC-1047,Foundry Works,SMB,APAC,CLASSROOM,Classroom Seat-Days,Usage,seat-day,4,2,0,59.2,Under-consuming,51.67,0,false
2026-06,2026-06-30,ACC-1047,Foundry Works,SMB,APAC,CLASSROOM,Classroom Seat-Days,Usage,seat-day,4,2,0,57.3,Under-consuming,51.67,0,false
2026-07,2026-07-31,ACC-1047,Foundry Works,SMB,APAC,CLASSROOM,Classroom Seat-Days,Usage,seat-day,4,2,0,52.7,Under-consuming,51.67,0,true
2026-08,2026-08-31,ACC-1047,Foundry Works,SMB,APAC,CLASSROOM,Classroom Seat-Days,Usage,seat-day,4,2,0,47.7,Under-consuming,51.67,0,true
2026-09,2026-09-30,ACC-1047,Foundry Works,SMB,APAC,CLASSROOM,Classroom Seat-Days,Usage,seat-day,4,2,0,49.2,Under-consuming,51.67,0,true
2025-08,2025-08-31,ACC-1047,Foundry Works,SMB,APAC,TEAM,Team Plan,Seat,seat/year,5,3,0,65.2,On track,82.88,0,false
2025-09,2025-09-30,ACC-1047,Foundry Works,SMB,APAC,TEAM,Team Plan,Seat,seat/year,5,3,0,58.7,Under-consuming,82.88,0,false
2025-10,2025-10-31,ACC-1047,Foundry Works,SMB,APAC,TEAM,Team Plan,Seat,seat/year,5,3,0,56.4,Under-consuming,82.88,0,false
2025-11,2025-11-30,ACC-1047,Foundry Works,SMB,APAC,TEAM,Team Plan,Seat,seat/year,5,3,0,57.8,Under-consuming,82.88,0,false
2025-12,2025-12-31,ACC-1047,Foundry Works,SMB,APAC,TEAM,Team Plan,Seat,seat/year,5,3,0,53.2,Under-consuming,82.88,0,true
2026-01,2026-01-31,ACC-1047,Foundry Works,SMB,APAC,TEAM,Team Plan,Seat,seat/year,5,3,0,50.7,Under-consuming,82.88,0,true
2026-02,2026-02-28,ACC-1047,Foundry Works,SMB,APAC,TEAM,Team Plan,Seat,seat/year,5,2,0,47.7,Under-consuming,55.25,0,true
2026-03,2026-03-31,ACC-1047,Foundry Works,SMB,APAC,TEAM,Team Plan,Seat,seat/year,5,2,0,43.7,Under-consuming,55.25,0,true
2026-04,2026-04-30,ACC-1047,Foundry Works,SMB,APAC,TEAM,Team Plan,Seat,seat/year,5,2,0,49.9,Under-consuming,55.25,0,true
2026-05,2026-05-31,ACC-1047,Foundry Works,SMB,APAC,TEAM,Team Plan,Seat,seat/year,5,2,0,42.7,Under-consuming,55.25,0,true
2026-06,2026-06-30,ACC-1047,Foundry Works,SMB,APAC,TEAM,Team Plan,Seat,seat/year,5,2,0,38.4,Under-consuming,55.25,0,true
2026-07,2026-07-31,ACC-1047,Foundry Works,SMB,APAC,TEAM,Team Plan,Seat,seat/year,5,2,0,38.2,Under-consuming,55.25,0,true
2026-08,2026-08-31,ACC-1047,Foundry Works,SMB,APAC,TEAM,Team Plan,Seat,seat/year,5,2,0,33.9,Under-consuming,55.25,0,true
2026-09,2026-09-30,ACC-1047,Foundry Works,SMB,APAC,TEAM,Team Plan,Seat,seat/year,5,2,0,32.1,Under-consuming,55.25,0,true
2025-07,2025-07-31,ACC-1061,Rivet Media,Mid-Market,AMER,TEAM,Team Plan,Seat,seat/year,58,46,0,79.7,On track,1270.75,0,false
2025-08,2025-08-31,ACC-1061,Rivet Media,Mid-Market,AMER,TEAM,Team Plan,Seat,seat/year,58,49,0,84.9,On track,1353.63,0,false
2025-09,2025-09-30,ACC-1061,Rivet Media,Mid-Market,AMER,TEAM,Team Plan,Seat,seat/year,58,47,0,80.9,On track,1298.38,0,false
2025-10,2025-10-31,ACC-1061,Rivet Media,Mid-Market,AMER,TEAM,Team Plan,Seat,seat/year,58,48,0,83.1,On track,1326,0,false
2025-11,2025-11-30,ACC-1061,Rivet Media,Mid-Market,AMER,TEAM,Team Plan,Seat,seat/year,58,50,0,86.3,On track,1381.25,0,false
2025-12,2025-12-31,ACC-1061,Rivet Media,Mid-Market,AMER,TEAM,Team Plan,Seat,seat/year,58,49,0,85,On track,1353.63,0,false
2026-01,2026-01-31,ACC-1061,Rivet Media,Mid-Market,AMER,TEAM,Team Plan,Seat,seat/year,58,50,0,86.8,On track,1381.25,0,false
2026-02,2026-02-28,ACC-1061,Rivet Media,Mid-Market,AMER,TEAM,Team Plan,Seat,seat/year,58,52,0,89.5,On track,1436.5,0,false
2026-03,2026-03-31,ACC-1061,Rivet Media,Mid-Market,AMER,TEAM,Team Plan,Seat,seat/year,58,51,0,88.4,On track,1408.88,0,false
2026-04,2026-04-30,ACC-1061,Rivet Media,Mid-Market,AMER,TEAM,Team Plan,Seat,seat/year,58,50,0,86.2,On track,1381.25,0,false
2026-05,2026-05-31,ACC-1061,Rivet Media,Mid-Market,AMER,TEAM,Team Plan,Seat,seat/year,58,47,0,81.5,On track,1298.38,0,false
2026-06,2026-06-30,ACC-1061,Rivet Media,Mid-Market,AMER,TEAM,Team Plan,Seat,seat/year,58,48,0,83.5,On track,1326,0,false
2026-07,2026-07-31,ACC-1061,Rivet Media,Mid-Market,AMER,TEAM,Team Plan,Seat,seat/year,58,52,0,88.9,On track,1436.5,0,false
2026-08,2026-08-31,ACC-1061,Rivet Media,Mid-Market,AMER,TEAM,Team Plan,Seat,seat/year,58,49,0,84,On track,1353.63,0,false
2026-09,2026-09-30,ACC-1061,Rivet Media,Mid-Market,AMER,TEAM,Team Plan,Seat,seat/year,58,48,0,82.4,On track,1326,0,false
2025-07,2025-07-31,ACC-1061,Rivet Media,Mid-Market,AMER,IMPL,Implementation Services,Usage,consulting hour,69,58,0,83.4,On track,845.83,0,false
2025-08,2025-08-31,ACC-1061,Rivet Media,Mid-Market,AMER,IMPL,Implementation Services,Usage,consulting hour,69,58,0,84.4,On track,845.83,0,false
2025-09,2025-09-30,ACC-1061,Rivet Media,Mid-Market,AMER,IMPL,Implementation Services,Usage,consulting hour,69,52,0,76,On track,758.33,0,false
2025-10,2025-10-31,ACC-1061,Rivet Media,Mid-Market,AMER,IMPL,Implementation Services,Usage,consulting hour,69,53,0,76.4,On track,772.92,0,false
2025-11,2025-11-30,ACC-1061,Rivet Media,Mid-Market,AMER,IMPL,Implementation Services,Usage,consulting hour,69,51,0,74.4,On track,743.75,0,false
2025-12,2025-12-31,ACC-1061,Rivet Media,Mid-Market,AMER,IMPL,Implementation Services,Usage,consulting hour,69,50,0,72.8,On track,729.17,0,false
2026-01,2026-01-31,ACC-1061,Rivet Media,Mid-Market,AMER,IMPL,Implementation Services,Usage,consulting hour,69,46,0,66.3,On track,670.83,0,false
2026-02,2026-02-28,ACC-1061,Rivet Media,Mid-Market,AMER,IMPL,Implementation Services,Usage,consulting hour,69,43,0,61.8,On track,627.08,0,false
2026-03,2026-03-31,ACC-1061,Rivet Media,Mid-Market,AMER,IMPL,Implementation Services,Usage,consulting hour,69,43,0,62.7,On track,627.08,0,false
2026-04,2026-04-30,ACC-1061,Rivet Media,Mid-Market,AMER,IMPL,Implementation Services,Usage,consulting hour,69,42,0,60.9,On track,612.5,0,false
2026-05,2026-05-31,ACC-1061,Rivet Media,Mid-Market,AMER,IMPL,Implementation Services,Usage,consulting hour,69,40,0,57.5,Under-consuming,583.33,0,false
2026-06,2026-06-30,ACC-1061,Rivet Media,Mid-Market,AMER,IMPL,Implementation Services,Usage,consulting hour,69,38,0,55.8,Under-consuming,554.17,0,false
2026-07,2026-07-31,ACC-1061,Rivet Media,Mid-Market,AMER,IMPL,Implementation Services,Usage,consulting hour,69,44,0,64.3,On track,641.67,0,false
2026-08,2026-08-31,ACC-1061,Rivet Media,Mid-Market,AMER,IMPL,Implementation Services,Usage,consulting hour,69,49,0,71.4,On track,714.58,0,false
2026-09,2026-09-30,ACC-1061,Rivet Media,Mid-Market,AMER,IMPL,Implementation Services,Usage,consulting hour,69,48,0,68.9,On track,700,0,false
2025-07,2025-07-31,ACC-1061,Rivet Media,Mid-Market,AMER,VOUCHER,Certification Vouchers,Usage,voucher,126,77,0,61.2,On track,1155,0,false
2025-08,2025-08-31,ACC-1061,Rivet Media,Mid-Market,AMER,VOUCHER,Certification Vouchers,Usage,voucher,126,87,0,69,On track,1305,0,false
2025-09,2025-09-30,ACC-1061,Rivet Media,Mid-Market,AMER,VOUCHER,Certification Vouchers,Usage,voucher,126,88,0,69.9,On track,1320,0,false
2025-10,2025-10-31,ACC-1061,Rivet Media,Mid-Market,AMER,VOUCHER,Certification Vouchers,Usage,voucher,126,94,0,74.8,On track,1410,0,false
2025-11,2025-11-30,ACC-1061,Rivet Media,Mid-Market,AMER,VOUCHER,Certification Vouchers,Usage,voucher,126,88,0,69.9,On track,1320,0,false
2025-12,2025-12-31,ACC-1061,Rivet Media,Mid-Market,AMER,VOUCHER,Certification Vouchers,Usage,voucher,126,79,0,62.7,On track,1185,0,false
2026-01,2026-01-31,ACC-1061,Rivet Media,Mid-Market,AMER,VOUCHER,Certification Vouchers,Usage,voucher,126,79,0,63.1,On track,1185,0,false
2026-02,2026-02-28,ACC-1061,Rivet Media,Mid-Market,AMER,VOUCHER,Certification Vouchers,Usage,voucher,126,73,0,57.7,Under-consuming,1095,0,false
2026-03,2026-03-31,ACC-1061,Rivet Media,Mid-Market,AMER,VOUCHER,Certification Vouchers,Usage,voucher,126,69,0,54.8,Under-consuming,1035,0,true
2026-04,2026-04-30,ACC-1061,Rivet Media,Mid-Market,AMER,VOUCHER,Certification Vouchers,Usage,voucher,126,77,0,61.4,On track,1155,0,false
2026-05,2026-05-31,ACC-1061,Rivet Media,Mid-Market,AMER,VOUCHER,Certification Vouchers,Usage,voucher,126,85,0,67.4,On track,1275,0,false
2026-06,2026-06-30,ACC-1061,Rivet Media,Mid-Market,AMER,VOUCHER,Certification Vouchers,Usage,voucher,126,81,0,63.9,On track,1215,0,false
2026-07,2026-07-31,ACC-1061,Rivet Media,Mid-Market,AMER,VOUCHER,Certification Vouchers,Usage,voucher,126,95,0,75.3,On track,1425,0,false
2026-08,2026-08-31,ACC-1061,Rivet Media,Mid-Market,AMER,VOUCHER,Certification Vouchers,Usage,voucher,126,103,0,81.9,On track,1545,0,false
2026-09,2026-09-30,ACC-1061,Rivet Media,Mid-Market,AMER,VOUCHER,Certification Vouchers,Usage,voucher,126,107,0,85,On track,1605,0,false
2026-03,2026-03-31,ACC-1061,Rivet Media,Mid-Market,AMER,CLASSROOM,Classroom Seat-Days,Usage,seat-day,55,36,0,65.9,On track,837,0,false
2026-04,2026-04-30,ACC-1061,Rivet Media,Mid-Market,AMER,CLASSROOM,Classroom Seat-Days,Usage,seat-day,55,39,0,70.7,On track,906.75,0,false
2026-05,2026-05-31,ACC-1061,Rivet Media,Mid-Market,AMER,CLASSROOM,Classroom Seat-Days,Usage,seat-day,55,42,0,75.8,On track,976.5,0,false
2026-06,2026-06-30,ACC-1061,Rivet Media,Mid-Market,AMER,CLASSROOM,Classroom Seat-Days,Usage,seat-day,55,39,0,71.2,On track,906.75,0,false
2026-07,2026-07-31,ACC-1061,Rivet Media,Mid-Market,AMER,CLASSROOM,Classroom Seat-Days,Usage,seat-day,55,42,0,76.8,On track,976.5,0,false
2026-08,2026-08-31,ACC-1061,Rivet Media,Mid-Market,AMER,CLASSROOM,Classroom Seat-Days,Usage,seat-day,55,39,0,71.7,On track,906.75,0,false
2026-09,2026-09-30,ACC-1061,Rivet Media,Mid-Market,AMER,CLASSROOM,Classroom Seat-Days,Usage,seat-day,55,41,0,74.8,On track,953.25,0,false
2026-03,2026-03-31,ACC-1061,Rivet Media,Mid-Market,AMER,VOUCHER,Certification Vouchers,Usage,voucher,64,44,0,69.3,On track,660,0,false
2026-04,2026-04-30,ACC-1061,Rivet Media,Mid-Market,AMER,VOUCHER,Certification Vouchers,Usage,voucher,64,48,0,75.7,On track,720,0,false
2026-05,2026-05-31,ACC-1061,Rivet Media,Mid-Market,AMER,VOUCHER,Certification Vouchers,Usage,voucher,64,53,0,82.9,On track,795,0,false
2026-06,2026-06-30,ACC-1061,Rivet Media,Mid-Market,AMER,VOUCHER,Certification Vouchers,Usage,voucher,64,56,0,87.2,On track,840,0,false
2026-07,2026-07-31,ACC-1061,Rivet Media,Mid-Market,AMER,VOUCHER,Certification Vouchers,Usage,voucher,64,59,0,92.3,On track,885,0,false
2026-08,2026-08-31,ACC-1061,Rivet Media,Mid-Market,AMER,VOUCHER,Certification Vouchers,Usage,voucher,64,59,0,92.8,On track,885,0,false
2026-09,2026-09-30,ACC-1061,Rivet Media,Mid-Market,AMER,VOUCHER,Certification Vouchers,Usage,voucher,64,59,0,91.9,On track,885,0,false
2026-02,2026-02-28,ACC-1118,Rivet Retail,Strategic,AMER,IMPL,Implementation Services,Usage,consulting hour,357,329,0,92.2,On track,4078.23,0,false
2026-03,2026-03-31,ACC-1118,Rivet Retail,Strategic,AMER,IMPL,Implementation Services,Usage,consulting hour,357,299,0,83.7,On track,3706.35,0,false
2026-04,2026-04-30,ACC-1118,Rivet Retail,Strategic,AMER,IMPL,Implementation Services,Usage,consulting hour,357,320,0,89.5,On track,3966.67,0,false
2026-05,2026-05-31,ACC-1118,Rivet Retail,Strategic,AMER,IMPL,Implementation Services,Usage,consulting hour,357,321,0,90,On track,3979.06,0,false
2026-06,2026-06-30,ACC-1118,Rivet Retail,Strategic,AMER,IMPL,Implementation Services,Usage,consulting hour,357,318,0,89,On track,3941.88,0,false
2026-07,2026-07-31,ACC-1118,Rivet Retail,Strategic,AMER,IMPL,Implementation Services,Usage,consulting hour,357,328,0,92,On track,4065.83,0,false
2026-08,2026-08-31,ACC-1118,Rivet Retail,Strategic,AMER,IMPL,Implementation Services,Usage,consulting hour,357,320,0,89.5,On track,3966.67,0,false
2026-09,2026-09-30,ACC-1118,Rivet Retail,Strategic,AMER,IMPL,Implementation Services,Usage,consulting hour,357,309,0,86.6,On track,3830.31,0,false
2026-02,2026-02-28,ACC-1118,Rivet Retail,Strategic,AMER,TEAM,Team Plan,Seat,seat/year,192,149,0,77.4,On track,3874,0,false
2026-03,2026-03-31,ACC-1118,Rivet Retail,Strategic,AMER,TEAM,Team Plan,Seat,seat/year,192,150,0,78,On track,3900,0,false
2026-04,2026-04-30,ACC-1118,Rivet Retail,Strategic,AMER,TEAM,Team Plan,Seat,seat/year,192,159,0,82.8,On track,4134,0,false
2026-05,2026-05-31,ACC-1118,Rivet Retail,Strategic,AMER,TEAM,Team Plan,Seat,seat/year,192,163,0,84.9,On track,4238,0,false
2026-06,2026-06-30,ACC-1118,Rivet Retail,Strategic,AMER,TEAM,Team Plan,Seat,seat/year,192,165,0,85.7,On track,4290,0,false
2026-07,2026-07-31,ACC-1118,Rivet Retail,Strategic,AMER,TEAM,Team Plan,Seat,seat/year,192,177,0,92,On track,4602,0,false
2026-08,2026-08-31,ACC-1118,Rivet Retail,Strategic,AMER,TEAM,Team Plan,Seat,seat/year,192,193,1,100.4,On track,5024.5,32.5,false
2026-09,2026-09-30,ACC-1118,Rivet Retail,Strategic,AMER,TEAM,Team Plan,Seat,seat/year,192,194,2,101.2,On track,5057,65,false
2026-02,2026-02-28,ACC-1118,Rivet Retail,Strategic,AMER,CLASSROOM,Classroom Seat-Days,Usage,seat-day,145,95,0,65.4,On track,2454.17,0,false
2026-03,2026-03-31,ACC-1118,Rivet Retail,Strategic,AMER,CLASSROOM,Classroom Seat-Days,Usage,seat-day,145,99,0,67.9,On track,2557.5,0,false
2026-04,2026-04-30,ACC-1118,Rivet Retail,Strategic,AMER,CLASSROOM,Classroom Seat-Days,Usage,seat-day,145,98,0,67.5,On track,2531.67,0,false
2026-05,2026-05-31,ACC-1118,Rivet Retail,Strategic,AMER,CLASSROOM,Classroom Seat-Days,Usage,seat-day,145,99,0,68.1,On track,2557.5,0,false
2026-06,2026-06-30,ACC-1118,Rivet Retail,Strategic,AMER,CLASSROOM,Classroom Seat-Days,Usage,seat-day,145,88,0,60.5,On track,2273.33,0,false
2026-07,2026-07-31,ACC-1118,Rivet Retail,Strategic,AMER,CLASSROOM,Classroom Seat-Days,Usage,seat-day,145,87,0,59.8,Under-consuming,2247.5,0,false
2026-08,2026-08-31,ACC-1118,Rivet Retail,Strategic,AMER,CLASSROOM,Classroom Seat-Days,Usage,seat-day,145,94,0,64.5,On track,2428.33,0,false
2026-09,2026-09-30,ACC-1118,Rivet Retail,Strategic,AMER,CLASSROOM,Classroom Seat-Days,Usage,seat-day,145,100,0,69,On track,2583.33,0,false
2026-07,2026-07-31,ACC-1118,Rivet Retail,Strategic,AMER,CLASSROOM,Classroom Seat-Days,Usage,seat-day,304,267,0,87.7,On track,4483.38,0,false
2026-08,2026-08-31,ACC-1118,Rivet Retail,Strategic,AMER,CLASSROOM,Classroom Seat-Days,Usage,seat-day,304,265,0,87.1,On track,4449.79,0,false
2026-09,2026-09-30,ACC-1118,Rivet Retail,Strategic,AMER,CLASSROOM,Classroom Seat-Days,Usage,seat-day,304,264,0,86.7,On track,4433,0,false
2026-07,2026-07-31,ACC-1118,Rivet Retail,Strategic,AMER,TEAM,Team Plan,Seat,seat/year,281,186,0,66.3,On track,5742.75,0,false
2026-08,2026-08-31,ACC-1118,Rivet Retail,Strategic,AMER,TEAM,Team Plan,Seat,seat/year,281,189,0,67.4,On track,5835.38,0,false
2026-09,2026-09-30,ACC-1118,Rivet Retail,Strategic,AMER,TEAM,Team Plan,Seat,seat/year,281,182,0,64.8,On track,5619.25,0,false
2025-07,2025-07-31,ACC-1118,Rivet Retail,Strategic,AMER,PRO,Academy Pro,Seat,learner/year,541,558,17,103.1,On track,10120.5,382.5,false
2025-08,2025-08-31,ACC-1118,Rivet Retail,Strategic,AMER,PRO,Academy Pro,Seat,learner/year,541,575,34,106.3,In overage,10503,765,false
2025-09,2025-09-30,ACC-1118,Rivet Retail,Strategic,AMER,PRO,Academy Pro,Seat,learner/year,541,649,108,120,In overage,12168,2430,false
2025-10,2025-10-31,ACC-1118,Rivet Retail,Strategic,AMER,PRO,Academy Pro,Seat,learner/year,541,633,92,117,In overage,11808,2070,false
2025-11,2025-11-30,ACC-1118,Rivet Retail,Strategic,AMER,PRO,Academy Pro,Seat,learner/year,541,670,129,123.8,In overage,12640.5,2902.5,false
2025-12,2025-12-31,ACC-1118,Rivet Retail,Strategic,AMER,PRO,Academy Pro,Seat,learner/year,541,639,98,118.1,In overage,11943,2205,false
2026-01,2026-01-31,ACC-1118,Rivet Retail,Strategic,AMER,PRO,Academy Pro,Seat,learner/year,541,674,133,124.6,In overage,12730.5,2992.5,false
2026-02,2026-02-28,ACC-1118,Rivet Retail,Strategic,AMER,PRO,Academy Pro,Seat,learner/year,541,724,183,133.8,In overage,13855.5,4117.5,false
2026-03,2026-03-31,ACC-1118,Rivet Retail,Strategic,AMER,PRO,Academy Pro,Seat,learner/year,541,747,206,138.1,In overage,14373,4635,false
2026-04,2026-04-30,ACC-1118,Rivet Retail,Strategic,AMER,PRO,Academy Pro,Seat,learner/year,541,748,207,138.2,In overage,14395.5,4657.5,false
2026-05,2026-05-31,ACC-1118,Rivet Retail,Strategic,AMER,PRO,Academy Pro,Seat,learner/year,541,710,169,131.2,In overage,13540.5,3802.5,false
2026-06,2026-06-30,ACC-1118,Rivet Retail,Strategic,AMER,PRO,Academy Pro,Seat,learner/year,541,747,206,138.1,In overage,14373,4635,false
2026-07,2026-07-31,ACC-1118,Rivet Retail,Strategic,AMER,PRO,Academy Pro,Seat,learner/year,541,767,226,141.8,In overage,14823,5085,false
2026-08,2026-08-31,ACC-1118,Rivet Retail,Strategic,AMER,PRO,Academy Pro,Seat,learner/year,541,800,259,147.9,In overage,15565.5,5827.5,false
2026-09,2026-09-30,ACC-1118,Rivet Retail,Strategic,AMER,PRO,Academy Pro,Seat,learner/year,541,782,241,144.6,In overage,15160.5,5422.5,false
2025-07,2025-07-31,ACC-1118,Rivet Retail,Strategic,AMER,VOUCHER,Certification Vouchers,Usage,voucher,1293,1418,125,109.6,In overage,16304.06,1757.81,false
2025-08,2025-08-31,ACC-1118,Rivet Retail,Strategic,AMER,VOUCHER,Certification Vouchers,Usage,voucher,1293,1355,62,104.8,On track,15418.13,871.88,false
2025-09,2025-09-30,ACC-1118,Rivet Retail,Strategic,AMER,VOUCHER,Certification Vouchers,Usage,voucher,1293,1578,285,122,In overage,18554.06,4007.81,false
2025-10,2025-10-31,ACC-1118,Rivet Retail,Strategic,AMER,VOUCHER,Certification Vouchers,Usage,voucher,1293,1629,336,126,In overage,19271.25,4725,false
2025-11,2025-11-30,ACC-1118,Rivet Retail,Strategic,AMER,VOUCHER,Certification Vouchers,Usage,voucher,1293,1627,334,125.9,In overage,19243.13,4696.88,false
2025-12,2025-12-31,ACC-1118,Rivet Retail,Strategic,AMER,VOUCHER,Certification Vouchers,Usage,voucher,1293,1666,373,128.8,In overage,19791.56,5245.31,false
2026-01,2026-01-31,ACC-1118,Rivet Retail,Strategic,AMER,VOUCHER,Certification Vouchers,Usage,voucher,1293,1645,352,127.3,In overage,19496.25,4950,false
2026-02,2026-02-28,ACC-1118,Rivet Retail,Strategic,AMER,VOUCHER,Certification Vouchers,Usage,voucher,1293,1720,427,133.1,In overage,20550.94,6004.69,false
2026-03,2026-03-31,ACC-1118,Rivet Retail,Strategic,AMER,VOUCHER,Certification Vouchers,Usage,voucher,1293,1808,515,139.9,In overage,21788.44,7242.19,false
2026-04,2026-04-30,ACC-1118,Rivet Retail,Strategic,AMER,VOUCHER,Certification Vouchers,Usage,voucher,1293,1824,531,141.1,In overage,22013.44,7467.19,false
2026-05,2026-05-31,ACC-1118,Rivet Retail,Strategic,AMER,VOUCHER,Certification Vouchers,Usage,voucher,1293,1851,558,143.1,In overage,22393.13,7846.88,false
2026-06,2026-06-30,ACC-1118,Rivet Retail,Strategic,AMER,VOUCHER,Certification Vouchers,Usage,voucher,1293,1943,650,150.2,In overage,23686.88,9140.63,false
2026-07,2026-07-31,ACC-1118,Rivet Retail,Strategic,AMER,VOUCHER,Certification Vouchers,Usage,voucher,1293,1905,612,147.4,In overage,23152.5,8606.25,false
2026-08,2026-08-31,ACC-1118,Rivet Retail,Strategic,AMER,VOUCHER,Certification Vouchers,Usage,voucher,1293,1893,600,146.4,In overage,22983.75,8437.5,false
2026-09,2026-09-30,ACC-1118,Rivet Retail,Strategic,AMER,VOUCHER,Certification Vouchers,Usage,voucher,1293,1990,697,153.9,In overage,24347.81,9801.56,false
2026-01,2026-01-31,ACC-1118,Rivet Retail,Strategic,AMER,TEAM,Team Plan,Seat,seat/year,199,183,0,92,On track,4758,0,false
2026-02,2026-02-28,ACC-1118,Rivet Retail,Strategic,AMER,TEAM,Team Plan,Seat,seat/year,199,212,13,106.5,In overage,5596.5,422.5,false
2026-03,2026-03-31,ACC-1118,Rivet Retail,Strategic,AMER,TEAM,Team Plan,Seat,seat/year,199,233,34,117.1,In overage,6279,1105,false
2026-04,2026-04-30,ACC-1118,Rivet Retail,Strategic,AMER,TEAM,Team Plan,Seat,seat/year,199,229,30,115,In overage,6149,975,false
2026-05,2026-05-31,ACC-1118,Rivet Retail,Strategic,AMER,TEAM,Team Plan,Seat,seat/year,199,247,48,124.2,In overage,6734,1560,false
2026-06,2026-06-30,ACC-1118,Rivet Retail,Strategic,AMER,TEAM,Team Plan,Seat,seat/year,199,267,68,134,In overage,7384,2210,false
2026-07,2026-07-31,ACC-1118,Rivet Retail,Strategic,AMER,TEAM,Team Plan,Seat,seat/year,199,275,76,138.1,In overage,7644,2470,false
2026-08,2026-08-31,ACC-1118,Rivet Retail,Strategic,AMER,TEAM,Team Plan,Seat,seat/year,199,294,95,147.9,In overage,8261.5,3087.5,false
2026-09,2026-09-30,ACC-1118,Rivet Retail,Strategic,AMER,TEAM,Team Plan,Seat,seat/year,199,311,112,156.5,In overage,8814,3640,false
2026-01,2026-01-31,ACC-1118,Rivet Retail,Strategic,AMER,PRO,Academy Pro,Seat,learner/year,477,461,0,96.6,On track,6915,0,false
2026-02,2026-02-28,ACC-1118,Rivet Retail,Strategic,AMER,PRO,Academy Pro,Seat,learner/year,477,444,0,93.1,On track,6660,0,false
2026-03,2026-03-31,ACC-1118,Rivet Retail,Strategic,AMER,PRO,Academy Pro,Seat,learner/year,477,431,0,90.3,On track,6465,0,false
2026-04,2026-04-30,ACC-1118,Rivet Retail,Strategic,AMER,PRO,Academy Pro,Seat,learner/year,477,425,0,89,On track,6375,0,false
2026-05,2026-05-31,ACC-1118,Rivet Retail,Strategic,AMER,PRO,Academy Pro,Seat,learner/year,477,384,0,80.5,On track,5760,0,false
2026-06,2026-06-30,ACC-1118,Rivet Retail,Strategic,AMER,PRO,Academy Pro,Seat,learner/year,477,384,0,80.5,On track,5760,0,false
2026-07,2026-07-31,ACC-1118,Rivet Retail,Strategic,AMER,PRO,Academy Pro,Seat,learner/year,477,415,0,87.1,On track,6225,0,false
2026-08,2026-08-31,ACC-1118,Rivet Retail,Strategic,AMER,PRO,Academy Pro,Seat,learner/year,477,395,0,82.8,On track,5925,0,false
2026-09,2026-09-30,ACC-1118,Rivet Retail,Strategic,AMER,PRO,Academy Pro,Seat,learner/year,477,383,0,80.4,On track,5745,0,false
2026-01,2026-01-31,ACC-1118,Rivet Retail,Strategic,AMER,CLASSROOM,Classroom Seat-Days,Usage,seat-day,432,257,0,59.4,Under-consuming,6639.17,0,false
2026-02,2026-02-28,ACC-1118,Rivet Retail,Strategic,AMER,CLASSROOM,Classroom Seat-Days,Usage,seat-day,432,242,0,56,Under-consuming,6251.67,0,false
2026-03,2026-03-31,ACC-1118,Rivet Retail,Strategic,AMER,CLASSROOM,Classroom Seat-Days,Usage,seat-day,432,244,0,56.5,Under-consuming,6303.33,0,false
2026-04,2026-04-30,ACC-1118,Rivet Retail,Strategic,AMER,CLASSROOM,Classroom Seat-Days,Usage,seat-day,432,236,0,54.6,Under-consuming,6096.67,0,true
2026-05,2026-05-31,ACC-1118,Rivet Retail,Strategic,AMER,CLASSROOM,Classroom Seat-Days,Usage,seat-day,432,218,0,50.4,Under-consuming,5631.67,0,true
2026-06,2026-06-30,ACC-1118,Rivet Retail,Strategic,AMER,CLASSROOM,Classroom Seat-Days,Usage,seat-day,432,207,0,48,Under-consuming,5347.5,0,true
2026-07,2026-07-31,ACC-1118,Rivet Retail,Strategic,AMER,CLASSROOM,Classroom Seat-Days,Usage,seat-day,432,169,0,39.2,Under-consuming,4365.83,0,true
2026-08,2026-08-31,ACC-1118,Rivet Retail,Strategic,AMER,CLASSROOM,Classroom Seat-Days,Usage,seat-day,432,187,0,43.4,Under-consuming,4830.83,0,true
2026-09,2026-09-30,ACC-1118,Rivet Retail,Strategic,AMER,CLASSROOM,Classroom Seat-Days,Usage,seat-day,432,176,0,40.7,Under-consuming,4546.67,0,true
2026-01,2026-01-31,ACC-1118,Rivet Retail,Strategic,AMER,IMPL,Implementation Services,Usage,consulting hour,737,584,0,79.2,On track,7239.17,0,false
2026-02,2026-02-28,ACC-1118,Rivet Retail,Strategic,AMER,IMPL,Implementation Services,Usage,consulting hour,737,606,0,82.2,On track,7511.88,0,false
2026-03,2026-03-31,ACC-1118,Rivet Retail,Strategic,AMER,IMPL,Implementation Services,Usage,consulting hour,737,618,0,83.8,On track,7660.63,0,false
2026-04,2026-04-30,ACC-1118,Rivet Retail,Strategic,AMER,IMPL,Implementation Services,Usage,consulting hour,737,630,0,85.5,On track,7809.38,0,false
2026-05,2026-05-31,ACC-1118,Rivet Retail,Strategic,AMER,IMPL,Implementation Services,Usage,consulting hour,737,582,0,78.9,On track,7214.38,0,false
2026-06,2026-06-30,ACC-1118,Rivet Retail,Strategic,AMER,IMPL,Implementation Services,Usage,consulting hour,737,618,0,83.8,On track,7660.63,0,false
2026-07,2026-07-31,ACC-1118,Rivet Retail,Strategic,AMER,IMPL,Implementation Services,Usage,consulting hour,737,588,0,79.8,On track,7288.75,0,false
2026-08,2026-08-31,ACC-1118,Rivet Retail,Strategic,AMER,IMPL,Implementation Services,Usage,consulting hour,737,564,0,76.6,On track,6991.25,0,false
2026-09,2026-09-30,ACC-1118,Rivet Retail,Strategic,AMER,IMPL,Implementation Services,Usage,consulting hour,737,565,0,76.6,On track,7003.65,0,false
2026-05,2026-05-31,ACC-1118,Rivet Retail,Strategic,AMER,VOUCHER,Certification Vouchers,Usage,voucher,548,355,0,64.8,On track,4792.5,0,false
2026-06,2026-06-30,ACC-1118,Rivet Retail,Strategic,AMER,VOUCHER,Certification Vouchers,Usage,voucher,548,390,0,71.2,On track,5265,0,false
2026-07,2026-07-31,ACC-1118,Rivet Retail,Strategic,AMER,VOUCHER,Certification Vouchers,Usage,voucher,548,408,0,74.5,On track,5508,0,false
2026-08,2026-08-31,ACC-1118,Rivet Retail,Strategic,AMER,VOUCHER,Certification Vouchers,Usage,voucher,548,403,0,73.6,On track,5440.5,0,false
2026-09,2026-09-30,ACC-1118,Rivet Retail,Strategic,AMER,VOUCHER,Certification Vouchers,Usage,voucher,548,424,0,77.3,On track,5724,0,false
2026-05,2026-05-31,ACC-1118,Rivet Retail,Strategic,AMER,TEAM,Team Plan,Seat,seat/year,143,135,0,94.4,On track,4387.5,0,false
2026-06,2026-06-30,ACC-1118,Rivet Retail,Strategic,AMER,TEAM,Team Plan,Seat,seat/year,143,144,1,100.5,On track,4688.13,40.63,false
2026-07,2026-07-31,ACC-1118,Rivet Retail,Strategic,AMER,TEAM,Team Plan,Seat,seat/year,143,152,9,106,In overage,5013.13,365.63,false
2026-08,2026-08-31,ACC-1118,Rivet Retail,Strategic,AMER,TEAM,Team Plan,Seat,seat/year,143,151,8,105.7,In overage,4972.5,325,false
2026-09,2026-09-30,ACC-1118,Rivet Retail,Strategic,AMER,TEAM,Team Plan,Seat,seat/year,143,167,24,116.8,In overage,5622.5,975,false
2025-04,2025-04-30,ACC-1118,Rivet Retail,Strategic,AMER,VOUCHER,Certification Vouchers,Usage,voucher,531,503,0,94.7,On track,6413.25,0,false
2025-05,2025-05-31,ACC-1118,Rivet Retail,Strategic,AMER,VOUCHER,Certification Vouchers,Usage,voucher,531,475,0,89.4,On track,6056.25,0,false
2025-06,2025-06-30,ACC-1118,Rivet Retail,Strategic,AMER,VOUCHER,Certification Vouchers,Usage,voucher,531,499,0,94.1,On track,6362.25,0,false
2025-07,2025-07-31,ACC-1118,Rivet Retail,Strategic,AMER,VOUCHER,Certification Vouchers,Usage,voucher,531,524,0,98.6,On track,6681,0,false
2025-08,2025-08-31,ACC-1118,Rivet Retail,Strategic,AMER,VOUCHER,Certification Vouchers,Usage,voucher,531,528,0,99.5,On track,6732,0,false
2025-09,2025-09-30,ACC-1118,Rivet Retail,Strategic,AMER,VOUCHER,Certification Vouchers,Usage,voucher,531,520,0,97.9,On track,6630,0,false
2025-10,2025-10-31,ACC-1118,Rivet Retail,Strategic,AMER,VOUCHER,Certification Vouchers,Usage,voucher,531,512,0,96.5,On track,6528,0,false
2025-11,2025-11-30,ACC-1118,Rivet Retail,Strategic,AMER,VOUCHER,Certification Vouchers,Usage,voucher,531,502,0,94.6,On track,6400.5,0,false
2025-12,2025-12-31,ACC-1118,Rivet Retail,Strategic,AMER,VOUCHER,Certification Vouchers,Usage,voucher,531,533,2,100.3,On track,6802.13,31.88,false
2026-01,2026-01-31,ACC-1118,Rivet Retail,Strategic,AMER,VOUCHER,Certification Vouchers,Usage,voucher,531,574,43,108,In overage,7455.56,685.31,false
2026-02,2026-02-28,ACC-1118,Rivet Retail,Strategic,AMER,VOUCHER,Certification Vouchers,Usage,voucher,531,597,66,112.4,In overage,7822.13,1051.88,false
2026-03,2026-03-31,ACC-1118,Rivet Retail,Strategic,AMER,VOUCHER,Certification Vouchers,Usage,voucher,531,583,52,109.9,In overage,7599,828.75,false
2026-04,2026-04-30,ACC-1118,Rivet Retail,Strategic,AMER,VOUCHER,Certification Vouchers,Usage,voucher,531,568,37,107,In overage,7359.94,589.69,false
2026-05,2026-05-31,ACC-1118,Rivet Retail,Strategic,AMER,VOUCHER,Certification Vouchers,Usage,voucher,531,537,6,101.2,On track,6865.88,95.63,false
2026-06,2026-06-30,ACC-1118,Rivet Retail,Strategic,AMER,VOUCHER,Certification Vouchers,Usage,voucher,531,600,69,112.9,In overage,7869.94,1099.69,false
2026-07,2026-07-31,ACC-1118,Rivet Retail,Strategic,AMER,VOUCHER,Certification Vouchers,Usage,voucher,531,634,103,119.4,In overage,8411.81,1641.56,false
2026-08,2026-08-31,ACC-1118,Rivet Retail,Strategic,AMER,VOUCHER,Certification Vouchers,Usage,voucher,531,713,182,134.3,In overage,9670.88,2900.63,false
2026-09,2026-09-30,ACC-1118,Rivet Retail,Strategic,AMER,VOUCHER,Certification Vouchers,Usage,voucher,531,721,190,135.8,In overage,9798.38,3028.13,false
2025-04,2025-04-30,ACC-1118,Rivet Retail,Strategic,AMER,PRO,Academy Pro,Seat,learner/year,523,543,20,103.9,On track,10960,500,false
2025-05,2025-05-31,ACC-1118,Rivet Retail,Strategic,AMER,PRO,Academy Pro,Seat,learner/year,523,560,37,107.1,In overage,11385,925,false
2025-06,2025-06-30,ACC-1118,Rivet Retail,Strategic,AMER,PRO,Academy Pro,Seat,learner/year,523,592,69,113.3,In overage,12185,1725,false
2025-07,2025-07-31,ACC-1118,Rivet Retail,Strategic,AMER,PRO,Academy Pro,Seat,learner/year,523,608,85,116.3,In overage,12585,2125,false
2025-08,2025-08-31,ACC-1118,Rivet Retail,Strategic,AMER,PRO,Academy Pro,Seat,learner/year,523,587,64,112.2,In overage,12060,1600,false
2025-09,2025-09-30,ACC-1118,Rivet Retail,Strategic,AMER,PRO,Academy Pro,Seat,learner/year,523,623,100,119.2,In overage,12960,2500,false
2025-10,2025-10-31,ACC-1118,Rivet Retail,Strategic,AMER,PRO,Academy Pro,Seat,learner/year,523,623,100,119.2,In overage,12960,2500,false
2025-11,2025-11-30,ACC-1118,Rivet Retail,Strategic,AMER,PRO,Academy Pro,Seat,learner/year,523,604,81,115.4,In overage,12485,2025,false
2025-12,2025-12-31,ACC-1118,Rivet Retail,Strategic,AMER,PRO,Academy Pro,Seat,learner/year,523,637,114,121.8,In overage,13310,2850,false
2026-01,2026-01-31,ACC-1118,Rivet Retail,Strategic,AMER,PRO,Academy Pro,Seat,learner/year,523,616,93,117.8,In overage,12785,2325,false
2026-02,2026-02-28,ACC-1118,Rivet Retail,Strategic,AMER,PRO,Academy Pro,Seat,learner/year,523,606,83,115.8,In overage,12535,2075,false
2026-03,2026-03-31,ACC-1118,Rivet Retail,Strategic,AMER,PRO,Academy Pro,Seat,learner/year,523,669,146,127.9,In overage,14110,3650,false
2026-04,2026-04-30,ACC-1118,Rivet Retail,Strategic,AMER,PRO,Academy Pro,Seat,learner/year,523,666,143,127.4,In overage,14035,3575,false
2026-05,2026-05-31,ACC-1118,Rivet Retail,Strategic,AMER,PRO,Academy Pro,Seat,learner/year,523,670,147,128,In overage,14135,3675,false
2026-06,2026-06-30,ACC-1118,Rivet Retail,Strategic,AMER,PRO,Academy Pro,Seat,learner/year,523,701,178,134.1,In overage,14910,4450,false
2026-07,2026-07-31,ACC-1118,Rivet Retail,Strategic,AMER,PRO,Academy Pro,Seat,learner/year,523,679,156,129.8,In overage,14360,3900,false
2026-08,2026-08-31,ACC-1118,Rivet Retail,Strategic,AMER,PRO,Academy Pro,Seat,learner/year,523,672,149,128.5,In overage,14185,3725,false
2026-09,2026-09-30,ACC-1118,Rivet Retail,Strategic,AMER,PRO,Academy Pro,Seat,learner/year,523,701,178,134.1,In overage,14910,4450,false
2025-04,2025-04-30,ACC-1118,Rivet Retail,Strategic,AMER,CLASSROOM,Classroom Seat-Days,Usage,seat-day,167,136,0,81.5,On track,2635,0,false
2025-05,2025-05-31,ACC-1118,Rivet Retail,Strategic,AMER,CLASSROOM,Classroom Seat-Days,Usage,seat-day,167,140,0,84.1,On track,2712.5,0,false
2025-06,2025-06-30,ACC-1118,Rivet Retail,Strategic,AMER,CLASSROOM,Classroom Seat-Days,Usage,seat-day,167,145,0,86.9,On track,2809.38,0,false
2025-07,2025-07-31,ACC-1118,Rivet Retail,Strategic,AMER,CLASSROOM,Classroom Seat-Days,Usage,seat-day,167,137,0,82.3,On track,2654.38,0,false
2025-08,2025-08-31,ACC-1118,Rivet Retail,Strategic,AMER,CLASSROOM,Classroom Seat-Days,Usage,seat-day,167,130,0,77.6,On track,2518.75,0,false
2025-09,2025-09-30,ACC-1118,Rivet Retail,Strategic,AMER,CLASSROOM,Classroom Seat-Days,Usage,seat-day,167,130,0,77.9,On track,2518.75,0,false
2025-10,2025-10-31,ACC-1118,Rivet Retail,Strategic,AMER,CLASSROOM,Classroom Seat-Days,Usage,seat-day,167,129,0,77.3,On track,2499.38,0,false
2025-11,2025-11-30,ACC-1118,Rivet Retail,Strategic,AMER,CLASSROOM,Classroom Seat-Days,Usage,seat-day,167,124,0,74.1,On track,2402.5,0,false
2025-12,2025-12-31,ACC-1118,Rivet Retail,Strategic,AMER,CLASSROOM,Classroom Seat-Days,Usage,seat-day,167,118,0,70.9,On track,2286.25,0,false
2026-01,2026-01-31,ACC-1118,Rivet Retail,Strategic,AMER,CLASSROOM,Classroom Seat-Days,Usage,seat-day,167,123,0,73.5,On track,2383.13,0,false
2026-02,2026-02-28,ACC-1118,Rivet Retail,Strategic,AMER,CLASSROOM,Classroom Seat-Days,Usage,seat-day,167,108,0,64.9,On track,2092.5,0,false
2026-03,2026-03-31,ACC-1118,Rivet Retail,Strategic,AMER,CLASSROOM,Classroom Seat-Days,Usage,seat-day,167,90,0,54.1,Under-consuming,1743.75,0,true
2026-04,2026-04-30,ACC-1118,Rivet Retail,Strategic,AMER,CLASSROOM,Classroom Seat-Days,Usage,seat-day,167,88,0,52.8,Under-consuming,1705,0,true
2026-05,2026-05-31,ACC-1118,Rivet Retail,Strategic,AMER,CLASSROOM,Classroom Seat-Days,Usage,seat-day,167,103,0,61.5,On track,1995.63,0,false
2026-06,2026-06-30,ACC-1118,Rivet Retail,Strategic,AMER,CLASSROOM,Classroom Seat-Days,Usage,seat-day,167,98,0,58.7,Under-consuming,1898.75,0,false
2026-07,2026-07-31,ACC-1118,Rivet Retail,Strategic,AMER,CLASSROOM,Classroom Seat-Days,Usage,seat-day,167,91,0,54.8,Under-consuming,1763.13,0,true
2026-08,2026-08-31,ACC-1118,Rivet Retail,Strategic,AMER,CLASSROOM,Classroom Seat-Days,Usage,seat-day,167,85,0,50.8,Under-consuming,1646.88,0,true
2026-09,2026-09-30,ACC-1118,Rivet Retail,Strategic,AMER,CLASSROOM,Classroom Seat-Days,Usage,seat-day,167,94,0,56.4,Under-consuming,1821.25,0,false
2026-09,2026-09-30,ACC-1056,Harbor Media,Self-Serve,EMEA,TEAM,Team Plan,Seat,seat/year,7,6,0,87,On track,195,0,false
2026-07,2026-07-31,ACC-1056,Harbor Media,Self-Serve,EMEA,PRO,Academy Pro,Seat,learner/year,11,9,0,81,On track,153,0,false
2026-08,2026-08-31,ACC-1056,Harbor Media,Self-Serve,EMEA,PRO,Academy Pro,Seat,learner/year,11,9,0,85.4,On track,153,0,false
2026-09,2026-09-30,ACC-1056,Harbor Media,Self-Serve,EMEA,PRO,Academy Pro,Seat,learner/year,11,9,0,84.7,On track,153,0,false
2025-06,2025-06-30,ACC-1025,Ember Bank,Self-Serve,APAC,PRO,Academy Pro,Seat,learner/year,13,10,0,73.6,On track,180,0,false
2025-07,2025-07-31,ACC-1025,Ember Bank,Self-Serve,APAC,PRO,Academy Pro,Seat,learner/year,13,10,0,74.9,On track,180,0,false
2025-08,2025-08-31,ACC-1025,Ember Bank,Self-Serve,APAC,PRO,Academy Pro,Seat,learner/year,13,9,0,70.8,On track,162,0,false
2025-09,2025-09-30,ACC-1025,Ember Bank,Self-Serve,APAC,PRO,Academy Pro,Seat,learner/year,13,9,0,66.7,On track,162,0,false
2025-10,2025-10-31,ACC-1025,Ember Bank,Self-Serve,APAC,PRO,Academy Pro,Seat,learner/year,13,9,0,66.4,On track,162,0,false
2025-11,2025-11-30,ACC-1025,Ember Bank,Self-Serve,APAC,PRO,Academy Pro,Seat,learner/year,13,7,0,55.5,Under-consuming,126,0,false
2025-12,2025-12-31,ACC-1025,Ember Bank,Self-Serve,APAC,PRO,Academy Pro,Seat,learner/year,13,8,0,62.4,On track,144,0,false
2026-01,2026-01-31,ACC-1025,Ember Bank,Self-Serve,APAC,PRO,Academy Pro,Seat,learner/year,13,8,0,63,On track,144,0,false
2026-02,2026-02-28,ACC-1025,Ember Bank,Self-Serve,APAC,PRO,Academy Pro,Seat,learner/year,13,8,0,62,On track,144,0,false
2026-03,2026-03-31,ACC-1025,Ember Bank,Self-Serve,APAC,PRO,Academy Pro,Seat,learner/year,13,7,0,56.2,Under-consuming,126,0,false
2026-04,2026-04-30,ACC-1025,Ember Bank,Self-Serve,APAC,PRO,Academy Pro,Seat,learner/year,13,7,0,51.7,Under-consuming,126,0,true
2026-05,2026-05-31,ACC-1025,Ember Bank,Self-Serve,APAC,PRO,Academy Pro,Seat,learner/year,13,6,0,48.4,Under-consuming,108,0,true
2026-06,2026-06-30,ACC-1025,Ember Bank,Self-Serve,APAC,PRO,Academy Pro,Seat,learner/year,13,7,0,55.2,Under-consuming,126,0,false
2026-07,2026-07-31,ACC-1025,Ember Bank,Self-Serve,APAC,PRO,Academy Pro,Seat,learner/year,13,8,0,65.2,On track,144,0,false
2026-08,2026-08-31,ACC-1025,Ember Bank,Self-Serve,APAC,PRO,Academy Pro,Seat,learner/year,13,8,0,57.8,Under-consuming,144,0,false
2026-09,2026-09-30,ACC-1025,Ember Bank,Self-Serve,APAC,PRO,Academy Pro,Seat,learner/year,13,7,0,51.3,Under-consuming,126,0,true
2025-10,2025-10-31,ACC-1025,Ember Bank,Self-Serve,APAC,VOUCHER,Certification Vouchers,Usage,voucher,7,5,0,67.7,On track,71.25,0,false
2025-11,2025-11-30,ACC-1025,Ember Bank,Self-Serve,APAC,VOUCHER,Certification Vouchers,Usage,voucher,7,5,0,71.3,On track,71.25,0,false
2025-12,2025-12-31,ACC-1025,Ember Bank,Self-Serve,APAC,VOUCHER,Certification Vouchers,Usage,voucher,7,5,0,70.5,On track,71.25,0,false
2026-01,2026-01-31,ACC-1025,Ember Bank,Self-Serve,APAC,VOUCHER,Certification Vouchers,Usage,voucher,7,5,0,68.5,On track,71.25,0,false
2026-02,2026-02-28,ACC-1025,Ember Bank,Self-Serve,APAC,VOUCHER,Certification Vouchers,Usage,voucher,7,5,0,65.3,On track,71.25,0,false
2026-03,2026-03-31,ACC-1025,Ember Bank,Self-Serve,APAC,VOUCHER,Certification Vouchers,Usage,voucher,7,5,0,69.4,On track,71.25,0,false
2026-04,2026-04-30,ACC-1025,Ember Bank,Self-Serve,APAC,VOUCHER,Certification Vouchers,Usage,voucher,7,5,0,72.6,On track,71.25,0,false
2026-05,2026-05-31,ACC-1025,Ember Bank,Self-Serve,APAC,VOUCHER,Certification Vouchers,Usage,voucher,7,5,0,73.8,On track,71.25,0,false
2026-06,2026-06-30,ACC-1025,Ember Bank,Self-Serve,APAC,VOUCHER,Certification Vouchers,Usage,voucher,7,5,0,77.4,On track,71.25,0,false
2026-07,2026-07-31,ACC-1025,Ember Bank,Self-Serve,APAC,VOUCHER,Certification Vouchers,Usage,voucher,7,5,0,76.7,On track,71.25,0,false
2026-08,2026-08-31,ACC-1025,Ember Bank,Self-Serve,APAC,VOUCHER,Certification Vouchers,Usage,voucher,7,5,0,73.6,On track,71.25,0,false
2026-09,2026-09-30,ACC-1025,Ember Bank,Self-Serve,APAC,VOUCHER,Certification Vouchers,Usage,voucher,7,5,0,69,On track,71.25,0,false
2025-12,2025-12-31,ACC-1025,Ember Bank,Self-Serve,APAC,TEAM,Team Plan,Seat,seat/year,3,2,0,68.1,On track,52,0,false
2026-01,2026-01-31,ACC-1025,Ember Bank,Self-Serve,APAC,TEAM,Team Plan,Seat,seat/year,3,2,0,60.5,On track,52,0,false
2026-02,2026-02-28,ACC-1025,Ember Bank,Self-Serve,APAC,TEAM,Team Plan,Seat,seat/year,3,2,0,58.3,Under-consuming,52,0,false
2026-03,2026-03-31,ACC-1025,Ember Bank,Self-Serve,APAC,TEAM,Team Plan,Seat,seat/year,3,2,0,57.3,Under-consuming,52,0,false
2026-04,2026-04-30,ACC-1025,Ember Bank,Self-Serve,APAC,TEAM,Team Plan,Seat,seat/year,3,2,0,51.8,Under-consuming,52,0,true
2026-05,2026-05-31,ACC-1025,Ember Bank,Self-Serve,APAC,TEAM,Team Plan,Seat,seat/year,3,2,0,51,Under-consuming,52,0,true
2026-06,2026-06-30,ACC-1025,Ember Bank,Self-Serve,APAC,TEAM,Team Plan,Seat,seat/year,3,1,0,41.9,Under-consuming,26,0,true
2026-07,2026-07-31,ACC-1025,Ember Bank,Self-Serve,APAC,TEAM,Team Plan,Seat,seat/year,3,1,0,45.3,Under-consuming,26,0,true
2026-08,2026-08-31,ACC-1025,Ember Bank,Self-Serve,APAC,TEAM,Team Plan,Seat,seat/year,3,2,0,53.3,Under-consuming,52,0,true
2026-09,2026-09-30,ACC-1025,Ember Bank,Self-Serve,APAC,TEAM,Team Plan,Seat,seat/year,3,2,0,61.4,On track,52,0,false
2026-07,2026-07-31,ACC-1134,Umbra Telecom,SMB,EMEA,PRO,Academy Pro,Seat,learner/year,18,21,3,116.5,In overage,413.25,71.25,false
2026-08,2026-08-31,ACC-1134,Umbra Telecom,SMB,EMEA,PRO,Academy Pro,Seat,learner/year,18,22,4,121.6,In overage,437,95,false
2026-09,2026-09-30,ACC-1134,Umbra Telecom,SMB,EMEA,PRO,Academy Pro,Seat,learner/year,18,23,5,126.4,In overage,460.75,118.75,false
2026-07,2026-07-31,ACC-1134,Umbra Telecom,SMB,EMEA,TEAM,Team Plan,Seat,seat/year,8,5,0,58.1,Under-consuming,146.25,0,false
2026-08,2026-08-31,ACC-1134,Umbra Telecom,SMB,EMEA,TEAM,Team Plan,Seat,seat/year,8,5,0,58.4,Under-consuming,146.25,0,false
2026-09,2026-09-30,ACC-1134,Umbra Telecom,SMB,EMEA,TEAM,Team Plan,Seat,seat/year,8,5,0,60.4,On track,146.25,0,false
2025-09,2025-09-30,ACC-1003,Kestrel Motors,Self-Serve,APAC,PRO,Academy Pro,Seat,learner/year,8,6,0,72.1,On track,114,0,false
2025-10,2025-10-31,ACC-1003,Kestrel Motors,Self-Serve,APAC,PRO,Academy Pro,Seat,learner/year,8,5,0,67.8,On track,95,0,false
2025-11,2025-11-30,ACC-1003,Kestrel Motors,Self-Serve,APAC,PRO,Academy Pro,Seat,learner/year,8,5,0,68.6,On track,95,0,false
2025-12,2025-12-31,ACC-1003,Kestrel Motors,Self-Serve,APAC,PRO,Academy Pro,Seat,learner/year,8,5,0,67.2,On track,95,0,false
2026-01,2026-01-31,ACC-1003,Kestrel Motors,Self-Serve,APAC,PRO,Academy Pro,Seat,learner/year,8,5,0,60.1,On track,95,0,false
2026-02,2026-02-28,ACC-1003,Kestrel Motors,Self-Serve,APAC,PRO,Academy Pro,Seat,learner/year,8,5,0,64.8,On track,95,0,false
2026-03,2026-03-31,ACC-1003,Kestrel Motors,Self-Serve,APAC,PRO,Academy Pro,Seat,learner/year,8,5,0,66.3,On track,95,0,false
2026-04,2026-04-30,ACC-1003,Kestrel Motors,Self-Serve,APAC,PRO,Academy Pro,Seat,learner/year,8,6,0,69.8,On track,114,0,false
2026-05,2026-05-31,ACC-1003,Kestrel Motors,Self-Serve,APAC,PRO,Academy Pro,Seat,learner/year,8,5,0,65.1,On track,95,0,false
2026-06,2026-06-30,ACC-1003,Kestrel Motors,Self-Serve,APAC,PRO,Academy Pro,Seat,learner/year,8,5,0,64.1,On track,95,0,false
2026-07,2026-07-31,ACC-1003,Kestrel Motors,Self-Serve,APAC,PRO,Academy Pro,Seat,learner/year,8,5,0,64.4,On track,95,0,false
2026-08,2026-08-31,ACC-1003,Kestrel Motors,Self-Serve,APAC,PRO,Academy Pro,Seat,learner/year,8,5,0,67.6,On track,95,0,false
2026-09,2026-09-30,ACC-1003,Kestrel Motors,Self-Serve,APAC,PRO,Academy Pro,Seat,learner/year,8,6,0,70.5,On track,114,0,false
2025-11,2025-11-30,ACC-1003,Kestrel Motors,Self-Serve,APAC,VOUCHER,Certification Vouchers,Usage,voucher,20,15,0,73.4,On track,202.5,0,false
2025-12,2025-12-31,ACC-1003,Kestrel Motors,Self-Serve,APAC,VOUCHER,Certification Vouchers,Usage,voucher,20,15,0,75.8,On track,202.5,0,false
2026-01,2026-01-31,ACC-1003,Kestrel Motors,Self-Serve,APAC,VOUCHER,Certification Vouchers,Usage,voucher,20,16,0,78.4,On track,216,0,false
2026-02,2026-02-28,ACC-1003,Kestrel Motors,Self-Serve,APAC,VOUCHER,Certification Vouchers,Usage,voucher,20,16,0,80.3,On track,216,0,false
2026-03,2026-03-31,ACC-1003,Kestrel Motors,Self-Serve,APAC,VOUCHER,Certification Vouchers,Usage,voucher,20,16,0,78.2,On track,216,0,false
2026-04,2026-04-30,ACC-1003,Kestrel Motors,Self-Serve,APAC,VOUCHER,Certification Vouchers,Usage,voucher,20,14,0,71.2,On track,189,0,false
2026-05,2026-05-31,ACC-1003,Kestrel Motors,Self-Serve,APAC,VOUCHER,Certification Vouchers,Usage,voucher,20,14,0,70.9,On track,189,0,false
2026-06,2026-06-30,ACC-1003,Kestrel Motors,Self-Serve,APAC,VOUCHER,Certification Vouchers,Usage,voucher,20,15,0,73.8,On track,202.5,0,false
2026-07,2026-07-31,ACC-1003,Kestrel Motors,Self-Serve,APAC,VOUCHER,Certification Vouchers,Usage,voucher,20,14,0,68.6,On track,189,0,false
2026-08,2026-08-31,ACC-1003,Kestrel Motors,Self-Serve,APAC,VOUCHER,Certification Vouchers,Usage,voucher,20,14,0,68.6,On track,189,0,false
2026-09,2026-09-30,ACC-1003,Kestrel Motors,Self-Serve,APAC,VOUCHER,Certification Vouchers,Usage,voucher,20,14,0,67.7,On track,189,0,false
2026-02,2026-02-28,ACC-1034,Sable Bank,Mid-Market,EMEA,PRO,Academy Pro,Seat,learner/year,122,113,0,92.6,On track,2260,0,false
2026-03,2026-03-31,ACC-1034,Sable Bank,Mid-Market,EMEA,PRO,Academy Pro,Seat,learner/year,122,128,6,104.7,On track,2590,150,false
2026-04,2026-04-30,ACC-1034,Sable Bank,Mid-Market,EMEA,PRO,Academy Pro,Seat,learner/year,122,139,17,113.8,In overage,2865,425,false
2026-05,2026-05-31,ACC-1034,Sable Bank,Mid-Market,EMEA,PRO,Academy Pro,Seat,learner/year,122,151,29,123.5,In overage,3165,725,false
2026-06,2026-06-30,ACC-1034,Sable Bank,Mid-Market,EMEA,PRO,Academy Pro,Seat,learner/year,122,160,38,130.9,In overage,3390,950,false
2026-07,2026-07-31,ACC-1034,Sable Bank,Mid-Market,EMEA,PRO,Academy Pro,Seat,learner/year,122,173,51,141.5,In overage,3715,1275,false
2026-08,2026-08-31,ACC-1034,Sable Bank,Mid-Market,EMEA,PRO,Academy Pro,Seat,learner/year,122,192,70,157.4,In overage,4190,1750,false
2026-09,2026-09-30,ACC-1034,Sable Bank,Mid-Market,EMEA,PRO,Academy Pro,Seat,learner/year,122,201,79,164.9,In overage,4415,1975,false
2026-02,2026-02-28,ACC-1034,Sable Bank,Mid-Market,EMEA,CLASSROOM,Classroom Seat-Days,Usage,seat-day,75,64,0,85.6,On track,1570.67,0,false
2026-03,2026-03-31,ACC-1034,Sable Bank,Mid-Market,EMEA,CLASSROOM,Classroom Seat-Days,Usage,seat-day,75,67,0,89.1,On track,1644.29,0,false
2026-04,2026-04-30,ACC-1034,Sable Bank,Mid-Market,EMEA,CLASSROOM,Classroom Seat-Days,Usage,seat-day,75,69,0,92.5,On track,1693.38,0,false
2026-05,2026-05-31,ACC-1034,Sable Bank,Mid-Market,EMEA,CLASSROOM,Classroom Seat-Days,Usage,seat-day,75,73,0,97.5,On track,1791.54,0,false
2026-06,2026-06-30,ACC-1034,Sable Bank,Mid-Market,EMEA,CLASSROOM,Classroom Seat-Days,Usage,seat-day,75,74,0,98.7,On track,1816.08,0,false
2026-07,2026-07-31,ACC-1034,Sable Bank,Mid-Market,EMEA,CLASSROOM,Classroom Seat-Days,Usage,seat-day,75,80,5,107.3,In overage,1994.01,153.39,false
2026-08,2026-08-31,ACC-1034,Sable Bank,Mid-Market,EMEA,CLASSROOM,Classroom Seat-Days,Usage,seat-day,75,84,9,112.1,In overage,2116.72,276.09,false
2026-09,2026-09-30,ACC-1034,Sable Bank,Mid-Market,EMEA,CLASSROOM,Classroom Seat-Days,Usage,seat-day,75,89,14,119,In overage,2270.1,429.48,false
2025-12,2025-12-31,ACC-1110,Meridian Health,Enterprise,EMEA,TEAM,Team Plan,Seat,seat/year,257,202,0,78.6,On track,4267.25,0,false
2026-01,2026-01-31,ACC-1110,Meridian Health,Enterprise,EMEA,TEAM,Team Plan,Seat,seat/year,257,197,0,76.6,On track,4161.63,0,false
2026-02,2026-02-28,ACC-1110,Meridian Health,Enterprise,EMEA,TEAM,Team Plan,Seat,seat/year,257,193,0,75.1,On track,4077.13,0,false
2026-03,2026-03-31,ACC-1110,Meridian Health,Enterprise,EMEA,TEAM,Team Plan,Seat,seat/year,257,182,0,70.6,On track,3844.75,0,false
2026-04,2026-04-30,ACC-1110,Meridian Health,Enterprise,EMEA,TEAM,Team Plan,Seat,seat/year,257,204,0,79.2,On track,4309.5,0,false
2026-05,2026-05-31,ACC-1110,Meridian Health,Enterprise,EMEA,TEAM,Team Plan,Seat,seat/year,257,211,0,82,On track,4457.38,0,false
2026-06,2026-06-30,ACC-1110,Meridian Health,Enterprise,EMEA,TEAM,Team Plan,Seat,seat/year,257,204,0,79.6,On track,4309.5,0,false
2026-07,2026-07-31,ACC-1110,Meridian Health,Enterprise,EMEA,TEAM,Team Plan,Seat,seat/year,257,211,0,82.3,On track,4457.38,0,false
2026-08,2026-08-31,ACC-1110,Meridian Health,Enterprise,EMEA,TEAM,Team Plan,Seat,seat/year,257,246,0,95.6,On track,5196.75,0,false
2026-09,2026-09-30,ACC-1110,Meridian Health,Enterprise,EMEA,TEAM,Team Plan,Seat,seat/year,257,251,0,97.6,On track,5302.38,0,false
2025-12,2025-12-31,ACC-1110,Meridian Health,Enterprise,EMEA,IMPL,Implementation Services,Usage,consulting hour,519,352,0,67.9,On track,4106.67,0,false
2026-01,2026-01-31,ACC-1110,Meridian Health,Enterprise,EMEA,IMPL,Implementation Services,Usage,consulting hour,519,374,0,72.1,On track,4363.33,0,false
2026-02,2026-02-28,ACC-1110,Meridian Health,Enterprise,EMEA,IMPL,Implementation Services,Usage,consulting hour,519,384,0,74.1,On track,4480,0,false
2026-03,2026-03-31,ACC-1110,Meridian Health,Enterprise,EMEA,IMPL,Implementation Services,Usage,consulting hour,519,401,0,77.3,On track,4678.33,0,false
2026-04,2026-04-30,ACC-1110,Meridian Health,Enterprise,EMEA,IMPL,Implementation Services,Usage,consulting hour,519,361,0,69.6,On track,4211.67,0,false
2026-05,2026-05-31,ACC-1110,Meridian Health,Enterprise,EMEA,IMPL,Implementation Services,Usage,consulting hour,519,340,0,65.5,On track,3966.67,0,false
2026-06,2026-06-30,ACC-1110,Meridian Health,Enterprise,EMEA,IMPL,Implementation Services,Usage,consulting hour,519,342,0,66,On track,3990,0,false
2026-07,2026-07-31,ACC-1110,Meridian Health,Enterprise,EMEA,IMPL,Implementation Services,Usage,consulting hour,519,322,0,62.1,On track,3756.67,0,false
2026-08,2026-08-31,ACC-1110,Meridian Health,Enterprise,EMEA,IMPL,Implementation Services,Usage,consulting hour,519,306,0,58.9,Under-consuming,3570,0,false
2026-09,2026-09-30,ACC-1110,Meridian Health,Enterprise,EMEA,IMPL,Implementation Services,Usage,consulting hour,519,287,0,55.3,Under-consuming,3348.33,0,false
2025-12,2025-12-31,ACC-1110,Meridian Health,Enterprise,EMEA,PRO,Academy Pro,Seat,learner/year,284,144,0,50.8,Under-consuming,2880,0,true
2026-01,2026-01-31,ACC-1110,Meridian Health,Enterprise,EMEA,PRO,Academy Pro,Seat,learner/year,284,144,0,50.6,Under-consuming,2880,0,true
2026-02,2026-02-28,ACC-1110,Meridian Health,Enterprise,EMEA,PRO,Academy Pro,Seat,learner/year,284,164,0,57.8,Under-consuming,3280,0,false
2026-03,2026-03-31,ACC-1110,Meridian Health,Enterprise,EMEA,PRO,Academy Pro,Seat,learner/year,284,135,0,47.6,Under-consuming,2700,0,true
2026-04,2026-04-30,ACC-1110,Meridian Health,Enterprise,EMEA,PRO,Academy Pro,Seat,learner/year,284,127,0,44.9,Under-consuming,2540,0,true
2026-05,2026-05-31,ACC-1110,Meridian Health,Enterprise,EMEA,PRO,Academy Pro,Seat,learner/year,284,132,0,46.5,Under-consuming,2640,0,true
2026-06,2026-06-30,ACC-1110,Meridian Health,Enterprise,EMEA,PRO,Academy Pro,Seat,learner/year,284,142,0,50.1,Under-consuming,2840,0,true
2026-07,2026-07-31,ACC-1110,Meridian Health,Enterprise,EMEA,PRO,Academy Pro,Seat,learner/year,284,142,0,49.9,Under-consuming,2840,0,true
2026-08,2026-08-31,ACC-1110,Meridian Health,Enterprise,EMEA,PRO,Academy Pro,Seat,learner/year,284,141,0,49.7,Under-consuming,2820,0,true
2026-09,2026-09-30,ACC-1110,Meridian Health,Enterprise,EMEA,PRO,Academy Pro,Seat,learner/year,284,154,0,54.3,Under-consuming,3080,0,true
2026-01,2026-01-31,ACC-1110,Meridian Health,Enterprise,EMEA,CLASSROOM,Classroom Seat-Days,Usage,seat-day,50,56,6,111.4,In overage,1485.42,193.75,false
2026-02,2026-02-28,ACC-1110,Meridian Health,Enterprise,EMEA,CLASSROOM,Classroom Seat-Days,Usage,seat-day,50,50,0,99.9,On track,1291.67,0,false
2026-03,2026-03-31,ACC-1110,Meridian Health,Enterprise,EMEA,CLASSROOM,Classroom Seat-Days,Usage,seat-day,50,53,3,105.6,In overage,1388.54,96.88,false
2026-04,2026-04-30,ACC-1110,Meridian Health,Enterprise,EMEA,CLASSROOM,Classroom Seat-Days,Usage,seat-day,50,56,6,112.8,In overage,1485.42,193.75,false
2026-05,2026-05-31,ACC-1110,Meridian Health,Enterprise,EMEA,CLASSROOM,Classroom Seat-Days,Usage,seat-day,50,54,4,108,In overage,1420.83,129.17,false
2026-06,2026-06-30,ACC-1110,Meridian Health,Enterprise,EMEA,CLASSROOM,Classroom Seat-Days,Usage,seat-day,50,58,8,115,In overage,1550,258.33,false
2026-07,2026-07-31,ACC-1110,Meridian Health,Enterprise,EMEA,CLASSROOM,Classroom Seat-Days,Usage,seat-day,50,54,4,108.7,In overage,1420.83,129.17,false
2026-08,2026-08-31,ACC-1110,Meridian Health,Enterprise,EMEA,CLASSROOM,Classroom Seat-Days,Usage,seat-day,50,51,1,101.3,On track,1323.96,32.29,false
2026-09,2026-09-30,ACC-1110,Meridian Health,Enterprise,EMEA,CLASSROOM,Classroom Seat-Days,Usage,seat-day,50,47,0,94.6,On track,1214.17,0,false
2026-01,2026-01-31,ACC-1110,Meridian Health,Enterprise,EMEA,PRO,Academy Pro,Seat,learner/year,81,63,0,77.2,On track,1197,0,false
2026-02,2026-02-28,ACC-1110,Meridian Health,Enterprise,EMEA,PRO,Academy Pro,Seat,learner/year,81,70,0,87,On track,1330,0,false
2026-03,2026-03-31,ACC-1110,Meridian Health,Enterprise,EMEA,PRO,Academy Pro,Seat,learner/year,81,63,0,77.3,On track,1197,0,false
2026-04,2026-04-30,ACC-1110,Meridian Health,Enterprise,EMEA,PRO,Academy Pro,Seat,learner/year,81,66,0,81.8,On track,1254,0,false
2026-05,2026-05-31,ACC-1110,Meridian Health,Enterprise,EMEA,PRO,Academy Pro,Seat,learner/year,81,66,0,81.2,On track,1254,0,false
2026-06,2026-06-30,ACC-1110,Meridian Health,Enterprise,EMEA,PRO,Academy Pro,Seat,learner/year,81,64,0,79.4,On track,1216,0,false
2026-07,2026-07-31,ACC-1110,Meridian Health,Enterprise,EMEA,PRO,Academy Pro,Seat,learner/year,81,68,0,83.9,On track,1292,0,false
2026-08,2026-08-31,ACC-1110,Meridian Health,Enterprise,EMEA,PRO,Academy Pro,Seat,learner/year,81,70,0,86.7,On track,1330,0,false
2026-09,2026-09-30,ACC-1110,Meridian Health,Enterprise,EMEA,PRO,Academy Pro,Seat,learner/year,81,73,0,89.7,On track,1387,0,false
2026-04,2026-04-30,ACC-1110,Meridian Health,Enterprise,EMEA,CLASSROOM,Classroom Seat-Days,Usage,seat-day,479,466,0,97.2,On track,11436.42,0,false
2026-05,2026-05-31,ACC-1110,Meridian Health,Enterprise,EMEA,CLASSROOM,Classroom Seat-Days,Usage,seat-day,479,469,0,97.9,On track,11510.04,0,false
2026-06,2026-06-30,ACC-1110,Meridian Health,Enterprise,EMEA,CLASSROOM,Classroom Seat-Days,Usage,seat-day,479,434,0,90.6,On track,10651.08,0,false
2026-07,2026-07-31,ACC-1110,Meridian Health,Enterprise,EMEA,CLASSROOM,Classroom Seat-Days,Usage,seat-day,479,477,0,99.5,On track,11706.38,0,false
2026-08,2026-08-31,ACC-1110,Meridian Health,Enterprise,EMEA,CLASSROOM,Classroom Seat-Days,Usage,seat-day,479,462,0,96.5,On track,11338.25,0,false
2026-09,2026-09-30,ACC-1110,Meridian Health,Enterprise,EMEA,CLASSROOM,Classroom Seat-Days,Usage,seat-day,479,413,0,86.3,On track,10135.71,0,false
2026-01,2026-01-31,ACC-1090,Pallas Bank,SMB,AMER,TEAM,Team Plan,Seat,seat/year,9,8,0,90.6,On track,234,0,false
2026-02,2026-02-28,ACC-1090,Pallas Bank,SMB,AMER,TEAM,Team Plan,Seat,seat/year,9,8,0,89.8,On track,234,0,false
2026-03,2026-03-31,ACC-1090,Pallas Bank,SMB,AMER,TEAM,Team Plan,Seat,seat/year,9,9,0,99.7,On track,263.25,0,false
2026-04,2026-04-30,ACC-1090,Pallas Bank,SMB,AMER,TEAM,Team Plan,Seat,seat/year,9,10,1,114.8,In overage,299.81,36.56,false
2026-05,2026-05-31,ACC-1090,Pallas Bank,SMB,AMER,TEAM,Team Plan,Seat,seat/year,9,11,2,121.1,In overage,336.38,73.13,false
2026-06,2026-06-30,ACC-1090,Pallas Bank,SMB,AMER,TEAM,Team Plan,Seat,seat/year,9,11,2,117,In overage,336.38,73.13,false
2026-07,2026-07-31,ACC-1090,Pallas Bank,SMB,AMER,TEAM,Team Plan,Seat,seat/year,9,11,2,126.8,In overage,336.38,73.13,false
2026-08,2026-08-31,ACC-1090,Pallas Bank,SMB,AMER,TEAM,Team Plan,Seat,seat/year,9,12,3,134.5,In overage,372.94,109.69,false
2026-09,2026-09-30,ACC-1090,Pallas Bank,SMB,AMER,TEAM,Team Plan,Seat,seat/year,9,12,3,137.2,In overage,372.94,109.69,false
2026-01,2026-01-31,ACC-1090,Pallas Bank,SMB,AMER,VOUCHER,Certification Vouchers,Usage,voucher,14,10,0,68.4,On track,127.5,0,false
2026-02,2026-02-28,ACC-1090,Pallas Bank,SMB,AMER,VOUCHER,Certification Vouchers,Usage,voucher,14,9,0,62.7,On track,114.75,0,false
2026-03,2026-03-31,ACC-1090,Pallas Bank,SMB,AMER,VOUCHER,Certification Vouchers,Usage,voucher,14,9,0,66.1,On track,114.75,0,false
2026-04,2026-04-30,ACC-1090,Pallas Bank,SMB,AMER,VOUCHER,Certification Vouchers,Usage,voucher,14,9,0,65.8,On track,114.75,0,false
2026-05,2026-05-31,ACC-1090,Pallas Bank,SMB,AMER,VOUCHER,Certification Vouchers,Usage,voucher,14,10,0,73.6,On track,127.5,0,false
2026-06,2026-06-30,ACC-1090,Pallas Bank,SMB,AMER,VOUCHER,Certification Vouchers,Usage,voucher,14,10,0,72.1,On track,127.5,0,false
2026-07,2026-07-31,ACC-1090,Pallas Bank,SMB,AMER,VOUCHER,Certification Vouchers,Usage,voucher,14,11,0,80.7,On track,140.25,0,false
2026-08,2026-08-31,ACC-1090,Pallas Bank,SMB,AMER,VOUCHER,Certification Vouchers,Usage,voucher,14,11,0,80.5,On track,140.25,0,false
2026-09,2026-09-30,ACC-1090,Pallas Bank,SMB,AMER,VOUCHER,Certification Vouchers,Usage,voucher,14,11,0,78.2,On track,140.25,0,false
2026-07,2026-07-31,ACC-1037,Sable Insurance,Self-Serve,AMER,PRO,Academy Pro,Seat,learner/year,18,18,0,97.5,On track,288,0,false
2026-08,2026-08-31,ACC-1037,Sable Insurance,Self-Serve,AMER,PRO,Academy Pro,Seat,learner/year,18,17,0,94.1,On track,272,0,false
2026-09,2026-09-30,ACC-1037,Sable Insurance,Self-Serve,AMER,PRO,Academy Pro,Seat,learner/year,18,18,0,100.9,On track,288,0,false
2025-06,2025-06-30,ACC-1037,Sable Insurance,Self-Serve,AMER,TEAM,Team Plan,Seat,seat/year,1,1,0,82.9,On track,26,0,false
2025-07,2025-07-31,ACC-1037,Sable Insurance,Self-Serve,AMER,TEAM,Team Plan,Seat,seat/year,1,1,0,86.4,On track,26,0,false
2025-08,2025-08-31,ACC-1037,Sable Insurance,Self-Serve,AMER,TEAM,Team Plan,Seat,seat/year,1,1,0,87.6,On track,26,0,false
2025-09,2025-09-30,ACC-1037,Sable Insurance,Self-Serve,AMER,TEAM,Team Plan,Seat,seat/year,1,1,0,80.5,On track,26,0,false
2025-10,2025-10-31,ACC-1037,Sable Insurance,Self-Serve,AMER,TEAM,Team Plan,Seat,seat/year,1,1,0,69.8,On track,26,0,false
2025-11,2025-11-30,ACC-1037,Sable Insurance,Self-Serve,AMER,TEAM,Team Plan,Seat,seat/year,1,1,0,67.5,On track,26,0,false
2025-12,2025-12-31,ACC-1037,Sable Insurance,Self-Serve,AMER,TEAM,Team Plan,Seat,seat/year,1,1,0,74.4,On track,26,0,false
2026-01,2026-01-31,ACC-1037,Sable Insurance,Self-Serve,AMER,TEAM,Team Plan,Seat,seat/year,1,1,0,80.9,On track,26,0,false
2026-02,2026-02-28,ACC-1037,Sable Insurance,Self-Serve,AMER,TEAM,Team Plan,Seat,seat/year,1,1,0,69.2,On track,26,0,false
2026-03,2026-03-31,ACC-1037,Sable Insurance,Self-Serve,AMER,TEAM,Team Plan,Seat,seat/year,1,1,0,68.3,On track,26,0,false
2026-04,2026-04-30,ACC-1037,Sable Insurance,Self-Serve,AMER,TEAM,Team Plan,Seat,seat/year,1,1,0,61.2,On track,26,0,false
2026-05,2026-05-31,ACC-1037,Sable Insurance,Self-Serve,AMER,TEAM,Team Plan,Seat,seat/year,1,1,0,59.2,Under-consuming,26,0,false
2026-06,2026-06-30,ACC-1037,Sable Insurance,Self-Serve,AMER,TEAM,Team Plan,Seat,seat/year,1,1,0,57.2,Under-consuming,26,0,false
2026-07,2026-07-31,ACC-1037,Sable Insurance,Self-Serve,AMER,TEAM,Team Plan,Seat,seat/year,1,1,0,63.9,On track,26,0,false
2026-08,2026-08-31,ACC-1037,Sable Insurance,Self-Serve,AMER,TEAM,Team Plan,Seat,seat/year,1,1,0,68.5,On track,26,0,false
2026-09,2026-09-30,ACC-1037,Sable Insurance,Self-Serve,AMER,TEAM,Team Plan,Seat,seat/year,1,1,0,76.6,On track,26,0,false
2026-04,2026-04-30,ACC-1037,Sable Insurance,Self-Serve,AMER,IMPL,Implementation Services,Usage,consulting hour,4,4,0,92.4,On track,58.33,0,false
2026-05,2026-05-31,ACC-1037,Sable Insurance,Self-Serve,AMER,IMPL,Implementation Services,Usage,consulting hour,4,4,0,91.1,On track,58.33,0,false
2026-06,2026-06-30,ACC-1037,Sable Insurance,Self-Serve,AMER,IMPL,Implementation Services,Usage,consulting hour,4,4,0,99.5,On track,58.33,0,false
2026-07,2026-07-31,ACC-1037,Sable Insurance,Self-Serve,AMER,IMPL,Implementation Services,Usage,consulting hour,4,4,0,93.2,On track,58.33,0,false
2026-08,2026-08-31,ACC-1037,Sable Insurance,Self-Serve,AMER,IMPL,Implementation Services,Usage,consulting hour,4,4,0,93.7,On track,58.33,0,false
2026-09,2026-09-30,ACC-1037,Sable Insurance,Self-Serve,AMER,IMPL,Implementation Services,Usage,consulting hour,4,4,0,94.3,On track,58.33,0,false
2026-03,2026-03-31,ACC-1071,Vertex Media,Mid-Market,AMER,PRO,Academy Pro,Seat,learner/year,349,264,0,75.5,On track,4224,0,false
2026-04,2026-04-30,ACC-1071,Vertex Media,Mid-Market,AMER,PRO,Academy Pro,Seat,learner/year,349,260,0,74.4,On track,4160,0,false
2026-05,2026-05-31,ACC-1071,Vertex Media,Mid-Market,AMER,PRO,Academy Pro,Seat,learner/year,349,240,0,68.7,On track,3840,0,false
2026-06,2026-06-30,ACC-1071,Vertex Media,Mid-Market,AMER,PRO,Academy Pro,Seat,learner/year,349,253,0,72.6,On track,4048,0,false
2026-07,2026-07-31,ACC-1071,Vertex Media,Mid-Market,AMER,PRO,Academy Pro,Seat,learner/year,349,280,0,80.4,On track,4480,0,false
2026-08,2026-08-31,ACC-1071,Vertex Media,Mid-Market,AMER,PRO,Academy Pro,Seat,learner/year,349,332,0,95.1,On track,5312,0,false
2026-09,2026-09-30,ACC-1071,Vertex Media,Mid-Market,AMER,PRO,Academy Pro,Seat,learner/year,349,340,0,97.5,On track,5440,0,false
2025-09,2025-09-30,ACC-1011,Harbor Works,SMB,AMER,VOUCHER,Certification Vouchers,Usage,voucher,8,8,0,95.8,On track,102,0,false
2025-10,2025-10-31,ACC-1011,Harbor Works,SMB,AMER,VOUCHER,Certification Vouchers,Usage,voucher,8,8,0,100.7,On track,102,0,false
2025-11,2025-11-30,ACC-1011,Harbor Works,SMB,AMER,VOUCHER,Certification Vouchers,Usage,voucher,8,8,0,98.3,On track,102,0,false
2025-12,2025-12-31,ACC-1011,Harbor Works,SMB,AMER,VOUCHER,Certification Vouchers,Usage,voucher,8,8,0,101.7,On track,102,0,false
2026-01,2026-01-31,ACC-1011,Harbor Works,SMB,AMER,VOUCHER,Certification Vouchers,Usage,voucher,8,9,1,107.6,In overage,117.94,15.94,false
2026-02,2026-02-28,ACC-1011,Harbor Works,SMB,AMER,VOUCHER,Certification Vouchers,Usage,voucher,8,9,1,108.6,In overage,117.94,15.94,false
2026-03,2026-03-31,ACC-1011,Harbor Works,SMB,AMER,VOUCHER,Certification Vouchers,Usage,voucher,8,9,1,112.8,In overage,117.94,15.94,false
2026-04,2026-04-30,ACC-1011,Harbor Works,SMB,AMER,VOUCHER,Certification Vouchers,Usage,voucher,8,9,1,107.2,In overage,117.94,15.94,false
2026-05,2026-05-31,ACC-1011,Harbor Works,SMB,AMER,VOUCHER,Certification Vouchers,Usage,voucher,8,8,0,104.4,On track,102,0,false
2026-06,2026-06-30,ACC-1011,Harbor Works,SMB,AMER,VOUCHER,Certification Vouchers,Usage,voucher,8,9,1,106.3,In overage,117.94,15.94,false
2026-07,2026-07-31,ACC-1011,Harbor Works,SMB,AMER,VOUCHER,Certification Vouchers,Usage,voucher,8,9,1,108.6,In overage,117.94,15.94,false
2026-08,2026-08-31,ACC-1011,Harbor Works,SMB,AMER,VOUCHER,Certification Vouchers,Usage,voucher,8,9,1,112,In overage,117.94,15.94,false
2026-09,2026-09-30,ACC-1011,Harbor Works,SMB,AMER,VOUCHER,Certification Vouchers,Usage,voucher,8,8,0,105.2,In overage,102,0,false
2025-09,2025-09-30,ACC-1011,Harbor Works,SMB,AMER,PRO,Academy Pro,Seat,learner/year,19,13,0,69.8,On track,247,0,false
2025-10,2025-10-31,ACC-1011,Harbor Works,SMB,AMER,PRO,Academy Pro,Seat,learner/year,19,12,0,65.3,On track,228,0,false
2025-11,2025-11-30,ACC-1011,Harbor Works,SMB,AMER,PRO,Academy Pro,Seat,learner/year,19,12,0,64.6,On track,228,0,false
2025-12,2025-12-31,ACC-1011,Harbor Works,SMB,AMER,PRO,Academy Pro,Seat,learner/year,19,12,0,64.5,On track,228,0,false
2026-01,2026-01-31,ACC-1011,Harbor Works,SMB,AMER,PRO,Academy Pro,Seat,learner/year,19,12,0,65.3,On track,228,0,false
2026-02,2026-02-28,ACC-1011,Harbor Works,SMB,AMER,PRO,Academy Pro,Seat,learner/year,19,11,0,58.3,Under-consuming,209,0,false
2026-03,2026-03-31,ACC-1011,Harbor Works,SMB,AMER,PRO,Academy Pro,Seat,learner/year,19,11,0,56.5,Under-consuming,209,0,false
2026-04,2026-04-30,ACC-1011,Harbor Works,SMB,AMER,PRO,Academy Pro,Seat,learner/year,19,12,0,62.7,On track,228,0,false
2026-05,2026-05-31,ACC-1011,Harbor Works,SMB,AMER,PRO,Academy Pro,Seat,learner/year,19,13,0,66.6,On track,247,0,false
2026-06,2026-06-30,ACC-1011,Harbor Works,SMB,AMER,PRO,Academy Pro,Seat,learner/year,19,13,0,67.9,On track,247,0,false
2026-07,2026-07-31,ACC-1011,Harbor Works,SMB,AMER,PRO,Academy Pro,Seat,learner/year,19,12,0,63.9,On track,228,0,false
2026-08,2026-08-31,ACC-1011,Harbor Works,SMB,AMER,PRO,Academy Pro,Seat,learner/year,19,11,0,59.8,Under-consuming,209,0,false
2026-09,2026-09-30,ACC-1011,Harbor Works,SMB,AMER,PRO,Academy Pro,Seat,learner/year,19,12,0,62.7,On track,228,0,false
2025-08,2025-08-31,ACC-1011,Harbor Works,SMB,AMER,VOUCHER,Certification Vouchers,Usage,voucher,42,30,0,72.5,On track,450,0,false
2025-09,2025-09-30,ACC-1011,Harbor Works,SMB,AMER,VOUCHER,Certification Vouchers,Usage,voucher,42,28,0,66.6,On track,420,0,false
2025-10,2025-10-31,ACC-1011,Harbor Works,SMB,AMER,VOUCHER,Certification Vouchers,Usage,voucher,42,27,0,64.8,On track,405,0,false
2025-11,2025-11-30,ACC-1011,Harbor Works,SMB,AMER,VOUCHER,Certification Vouchers,Usage,voucher,42,29,0,70,On track,435,0,false
2025-12,2025-12-31,ACC-1011,Harbor Works,SMB,AMER,VOUCHER,Certification Vouchers,Usage,voucher,42,29,0,68.5,On track,435,0,false
2026-01,2026-01-31,ACC-1011,Harbor Works,SMB,AMER,VOUCHER,Certification Vouchers,Usage,voucher,42,27,0,64.6,On track,405,0,false
2026-02,2026-02-28,ACC-1011,Harbor Works,SMB,AMER,VOUCHER,Certification Vouchers,Usage,voucher,42,25,0,59.2,Under-consuming,375,0,false
2026-03,2026-03-31,ACC-1011,Harbor Works,SMB,AMER,VOUCHER,Certification Vouchers,Usage,voucher,42,24,0,56,Under-consuming,360,0,false
2026-04,2026-04-30,ACC-1011,Harbor Works,SMB,AMER,VOUCHER,Certification Vouchers,Usage,voucher,42,24,0,56.2,Under-consuming,360,0,false
2026-05,2026-05-31,ACC-1011,Harbor Works,SMB,AMER,VOUCHER,Certification Vouchers,Usage,voucher,42,21,0,51.2,Under-consuming,315,0,true
2026-06,2026-06-30,ACC-1011,Harbor Works,SMB,AMER,VOUCHER,Certification Vouchers,Usage,voucher,42,24,0,56.3,Under-consuming,360,0,false
2026-07,2026-07-31,ACC-1011,Harbor Works,SMB,AMER,VOUCHER,Certification Vouchers,Usage,voucher,42,22,0,53.2,Under-consuming,330,0,true
2026-08,2026-08-31,ACC-1011,Harbor Works,SMB,AMER,VOUCHER,Certification Vouchers,Usage,voucher,42,26,0,62.1,On track,390,0,false
2026-09,2026-09-30,ACC-1011,Harbor Works,SMB,AMER,VOUCHER,Certification Vouchers,Usage,voucher,42,28,0,66.3,On track,420,0,false
2025-10,2025-10-31,ACC-1072,Dovetail Works,SMB,APAC,VOUCHER,Certification Vouchers,Usage,voucher,19,14,0,75.6,On track,168,0,false
2025-11,2025-11-30,ACC-1072,Dovetail Works,SMB,APAC,VOUCHER,Certification Vouchers,Usage,voucher,19,13,0,68.7,On track,156,0,false
2025-12,2025-12-31,ACC-1072,Dovetail Works,SMB,APAC,VOUCHER,Certification Vouchers,Usage,voucher,19,11,0,57.7,Under-consuming,132,0,false
2026-01,2026-01-31,ACC-1072,Dovetail Works,SMB,APAC,VOUCHER,Certification Vouchers,Usage,voucher,19,11,0,57.5,Under-consuming,132,0,false
2026-02,2026-02-28,ACC-1072,Dovetail Works,SMB,APAC,VOUCHER,Certification Vouchers,Usage,voucher,19,12,0,65.2,On track,144,0,false
2026-03,2026-03-31,ACC-1072,Dovetail Works,SMB,APAC,VOUCHER,Certification Vouchers,Usage,voucher,19,12,0,62.3,On track,144,0,false
2026-04,2026-04-30,ACC-1072,Dovetail Works,SMB,APAC,VOUCHER,Certification Vouchers,Usage,voucher,19,12,0,64.8,On track,144,0,false
2026-05,2026-05-31,ACC-1072,Dovetail Works,SMB,APAC,VOUCHER,Certification Vouchers,Usage,voucher,19,12,0,62.8,On track,144,0,false
2026-06,2026-06-30,ACC-1072,Dovetail Works,SMB,APAC,VOUCHER,Certification Vouchers,Usage,voucher,19,10,0,54.9,Under-consuming,120,0,true
2026-07,2026-07-31,ACC-1072,Dovetail Works,SMB,APAC,VOUCHER,Certification Vouchers,Usage,voucher,19,9,0,49.7,Under-consuming,108,0,true
2026-08,2026-08-31,ACC-1072,Dovetail Works,SMB,APAC,VOUCHER,Certification Vouchers,Usage,voucher,19,8,0,42.1,Under-consuming,96,0,true
2026-09,2026-09-30,ACC-1072,Dovetail Works,SMB,APAC,VOUCHER,Certification Vouchers,Usage,voucher,19,8,0,40.2,Under-consuming,96,0,true
2025-10,2025-10-31,ACC-1072,Dovetail Works,SMB,APAC,TEAM,Team Plan,Seat,seat/year,10,10,0,98.5,On track,308.75,0,false
2025-11,2025-11-30,ACC-1072,Dovetail Works,SMB,APAC,TEAM,Team Plan,Seat,seat/year,10,9,0,92.1,On track,277.88,0,false
2025-12,2025-12-31,ACC-1072,Dovetail Works,SMB,APAC,TEAM,Team Plan,Seat,seat/year,10,9,0,87,On track,277.88,0,false
2026-01,2026-01-31,ACC-1072,Dovetail Works,SMB,APAC,TEAM,Team Plan,Seat,seat/year,10,9,0,88.1,On track,277.88,0,false
2026-02,2026-02-28,ACC-1072,Dovetail Works,SMB,APAC,TEAM,Team Plan,Seat,seat/year,10,8,0,79.5,On track,247,0,false
2026-03,2026-03-31,ACC-1072,Dovetail Works,SMB,APAC,TEAM,Team Plan,Seat,seat/year,10,8,0,75.1,On track,247,0,false
2026-04,2026-04-30,ACC-1072,Dovetail Works,SMB,APAC,TEAM,Team Plan,Seat,seat/year,10,8,0,77.2,On track,247,0,false
2026-05,2026-05-31,ACC-1072,Dovetail Works,SMB,APAC,TEAM,Team Plan,Seat,seat/year,10,8,0,75.3,On track,247,0,false
2026-06,2026-06-30,ACC-1072,Dovetail Works,SMB,APAC,TEAM,Team Plan,Seat,seat/year,10,8,0,75.5,On track,247,0,false
2026-07,2026-07-31,ACC-1072,Dovetail Works,SMB,APAC,TEAM,Team Plan,Seat,seat/year,10,7,0,68.4,On track,216.13,0,false
2026-08,2026-08-31,ACC-1072,Dovetail Works,SMB,APAC,TEAM,Team Plan,Seat,seat/year,10,7,0,69.5,On track,216.13,0,false
2026-09,2026-09-30,ACC-1072,Dovetail Works,SMB,APAC,TEAM,Team Plan,Seat,seat/year,10,7,0,67.2,On track,216.13,0,false
2026-09,2026-09-30,ACC-1072,Dovetail Works,SMB,APAC,PRO,Academy Pro,Seat,learner/year,31,27,0,87.5,On track,540,0,false
2025-11,2025-11-30,ACC-1033,Umbra Capital,Self-Serve,AMER,TEAM,Team Plan,Seat,seat/year,5,4,0,75.3,On track,130,0,false
2025-12,2025-12-31,ACC-1033,Umbra Capital,Self-Serve,AMER,TEAM,Team Plan,Seat,seat/year,5,4,0,78,On track,130,0,false
2026-01,2026-01-31,ACC-1033,Umbra Capital,Self-Serve,AMER,TEAM,Team Plan,Seat,seat/year,5,4,0,85.8,On track,130,0,false
2026-02,2026-02-28,ACC-1033,Umbra Capital,Self-Serve,AMER,TEAM,Team Plan,Seat,seat/year,5,5,0,93.4,On track,162.5,0,false
2026-03,2026-03-31,ACC-1033,Umbra Capital,Self-Serve,AMER,TEAM,Team Plan,Seat,seat/year,5,5,0,102.4,On track,162.5,0,false
2026-04,2026-04-30,ACC-1033,Umbra Capital,Self-Serve,AMER,TEAM,Team Plan,Seat,seat/year,5,5,0,106.1,In overage,162.5,0,false
2026-05,2026-05-31,ACC-1033,Umbra Capital,Self-Serve,AMER,TEAM,Team Plan,Seat,seat/year,5,5,0,105.2,In overage,162.5,0,false
2026-06,2026-06-30,ACC-1033,Umbra Capital,Self-Serve,AMER,TEAM,Team Plan,Seat,seat/year,5,6,1,116.7,In overage,203.13,40.63,false
2026-07,2026-07-31,ACC-1033,Umbra Capital,Self-Serve,AMER,TEAM,Team Plan,Seat,seat/year,5,6,1,125.5,In overage,203.13,40.63,false
2026-08,2026-08-31,ACC-1033,Umbra Capital,Self-Serve,AMER,TEAM,Team Plan,Seat,seat/year,5,6,1,126.9,In overage,203.13,40.63,false
2026-09,2026-09-30,ACC-1033,Umbra Capital,Self-Serve,AMER,TEAM,Team Plan,Seat,seat/year,5,6,1,128.1,In overage,203.13,40.63,false
2025-09,2025-09-30,ACC-1033,Umbra Capital,Self-Serve,AMER,VOUCHER,Certification Vouchers,Usage,voucher,14,10,0,72.4,On track,127.5,0,false
2025-10,2025-10-31,ACC-1033,Umbra Capital,Self-Serve,AMER,VOUCHER,Certification Vouchers,Usage,voucher,14,10,0,71.8,On track,127.5,0,false
2025-11,2025-11-30,ACC-1033,Umbra Capital,Self-Serve,AMER,VOUCHER,Certification Vouchers,Usage,voucher,14,11,0,78.2,On track,140.25,0,false
2025-12,2025-12-31,ACC-1033,Umbra Capital,Self-Serve,AMER,VOUCHER,Certification Vouchers,Usage,voucher,14,11,0,76.4,On track,140.25,0,false
2026-01,2026-01-31,ACC-1033,Umbra Capital,Self-Serve,AMER,VOUCHER,Certification Vouchers,Usage,voucher,14,10,0,73.5,On track,127.5,0,false
2026-02,2026-02-28,ACC-1033,Umbra Capital,Self-Serve,AMER,VOUCHER,Certification Vouchers,Usage,voucher,14,10,0,74,On track,127.5,0,false
2026-03,2026-03-31,ACC-1033,Umbra Capital,Self-Serve,AMER,VOUCHER,Certification Vouchers,Usage,voucher,14,12,0,84.6,On track,153,0,false
2026-04,2026-04-30,ACC-1033,Umbra Capital,Self-Serve,AMER,VOUCHER,Certification Vouchers,Usage,voucher,14,11,0,81.7,On track,140.25,0,false
2026-05,2026-05-31,ACC-1033,Umbra Capital,Self-Serve,AMER,VOUCHER,Certification Vouchers,Usage,voucher,14,12,0,83.7,On track,153,0,false
2026-06,2026-06-30,ACC-1033,Umbra Capital,Self-Serve,AMER,VOUCHER,Certification Vouchers,Usage,voucher,14,11,0,77.3,On track,140.25,0,false
2026-07,2026-07-31,ACC-1033,Umbra Capital,Self-Serve,AMER,VOUCHER,Certification Vouchers,Usage,voucher,14,11,0,78.9,On track,140.25,0,false
2026-08,2026-08-31,ACC-1033,Umbra Capital,Self-Serve,AMER,VOUCHER,Certification Vouchers,Usage,voucher,14,11,0,79,On track,140.25,0,false
2026-09,2026-09-30,ACC-1033,Umbra Capital,Self-Serve,AMER,VOUCHER,Certification Vouchers,Usage,voucher,14,12,0,84.2,On track,153,0,false
2026-05,2026-05-31,ACC-1033,Umbra Capital,Self-Serve,AMER,CLASSROOM,Classroom Seat-Days,Usage,seat-day,12,13,1,105.1,In overage,273.83,25.83,false
2026-06,2026-06-30,ACC-1033,Umbra Capital,Self-Serve,AMER,CLASSROOM,Classroom Seat-Days,Usage,seat-day,12,13,1,105,On track,273.83,25.83,false
2026-07,2026-07-31,ACC-1033,Umbra Capital,Self-Serve,AMER,CLASSROOM,Classroom Seat-Days,Usage,seat-day,12,13,1,111.4,In overage,273.83,25.83,false
2026-08,2026-08-31,ACC-1033,Umbra Capital,Self-Serve,AMER,CLASSROOM,Classroom Seat-Days,Usage,seat-day,12,13,1,112.1,In overage,273.83,25.83,false
2026-09,2026-09-30,ACC-1033,Umbra Capital,Self-Serve,AMER,CLASSROOM,Classroom Seat-Days,Usage,seat-day,12,15,3,126,In overage,325.5,77.5,false
2026-03,2026-03-31,ACC-1010,North Telecom,Mid-Market,EMEA,VOUCHER,Certification Vouchers,Usage,voucher,72,48,0,66.2,On track,720,0,false
2026-04,2026-04-30,ACC-1010,North Telecom,Mid-Market,EMEA,VOUCHER,Certification Vouchers,Usage,voucher,72,47,0,65.1,On track,705,0,false
2026-05,2026-05-31,ACC-1010,North Telecom,Mid-Market,EMEA,VOUCHER,Certification Vouchers,Usage,voucher,72,51,0,71.4,On track,765,0,false
2026-06,2026-06-30,ACC-1010,North Telecom,Mid-Market,EMEA,VOUCHER,Certification Vouchers,Usage,voucher,72,53,0,74.1,On track,795,0,false
2026-07,2026-07-31,ACC-1010,North Telecom,Mid-Market,EMEA,VOUCHER,Certification Vouchers,Usage,voucher,72,58,0,80.5,On track,870,0,false
2026-08,2026-08-31,ACC-1010,North Telecom,Mid-Market,EMEA,VOUCHER,Certification Vouchers,Usage,voucher,72,63,0,87.2,On track,945,0,false
2026-09,2026-09-30,ACC-1010,North Telecom,Mid-Market,EMEA,VOUCHER,Certification Vouchers,Usage,voucher,72,67,0,93.7,On track,1005,0,false
2025-07,2025-07-31,ACC-1010,North Telecom,Mid-Market,EMEA,VOUCHER,Certification Vouchers,Usage,voucher,54,39,0,72.2,On track,555.75,0,false
2025-08,2025-08-31,ACC-1010,North Telecom,Mid-Market,EMEA,VOUCHER,Certification Vouchers,Usage,voucher,54,42,0,78.5,On track,598.5,0,false
2025-09,2025-09-30,ACC-1010,North Telecom,Mid-Market,EMEA,VOUCHER,Certification Vouchers,Usage,voucher,54,46,0,85.3,On track,655.5,0,false
2025-10,2025-10-31,ACC-1010,North Telecom,Mid-Market,EMEA,VOUCHER,Certification Vouchers,Usage,voucher,54,46,0,86.1,On track,655.5,0,false
2025-11,2025-11-30,ACC-1010,North Telecom,Mid-Market,EMEA,VOUCHER,Certification Vouchers,Usage,voucher,54,50,0,93.4,On track,712.5,0,false
2025-12,2025-12-31,ACC-1010,North Telecom,Mid-Market,EMEA,VOUCHER,Certification Vouchers,Usage,voucher,54,53,0,99,On track,755.25,0,false
2026-01,2026-01-31,ACC-1010,North Telecom,Mid-Market,EMEA,VOUCHER,Certification Vouchers,Usage,voucher,54,55,1,102.4,On track,787.31,17.81,false
2026-02,2026-02-28,ACC-1010,North Telecom,Mid-Market,EMEA,VOUCHER,Certification Vouchers,Usage,voucher,54,56,2,103.6,On track,805.13,35.63,false
2026-03,2026-03-31,ACC-1010,North Telecom,Mid-Market,EMEA,VOUCHER,Certification Vouchers,Usage,voucher,54,65,11,120.4,In overage,965.44,195.94,false
2026-04,2026-04-30,ACC-1010,North Telecom,Mid-Market,EMEA,VOUCHER,Certification Vouchers,Usage,voucher,54,70,16,128.8,In overage,1054.5,285,false
2026-05,2026-05-31,ACC-1010,North Telecom,Mid-Market,EMEA,VOUCHER,Certification Vouchers,Usage,voucher,54,72,18,132.6,In overage,1090.13,320.63,false
2026-06,2026-06-30,ACC-1010,North Telecom,Mid-Market,EMEA,VOUCHER,Certification Vouchers,Usage,voucher,54,77,23,142.4,In overage,1179.19,409.69,false
2026-07,2026-07-31,ACC-1010,North Telecom,Mid-Market,EMEA,VOUCHER,Certification Vouchers,Usage,voucher,54,77,23,141.9,In overage,1179.19,409.69,false
2026-08,2026-08-31,ACC-1010,North Telecom,Mid-Market,EMEA,VOUCHER,Certification Vouchers,Usage,voucher,54,86,32,158.5,In overage,1339.5,570,false
2026-09,2026-09-30,ACC-1010,North Telecom,Mid-Market,EMEA,VOUCHER,Certification Vouchers,Usage,voucher,54,87,33,161.5,In overage,1357.31,587.81,false
2025-07,2025-07-31,ACC-1010,North Telecom,Mid-Market,EMEA,IMPL,Implementation Services,Usage,consulting hour,52,43,0,82.8,On track,627.08,0,false
2025-08,2025-08-31,ACC-1010,North Telecom,Mid-Market,EMEA,IMPL,Implementation Services,Usage,consulting hour,52,49,0,93.3,On track,714.58,0,false
2025-09,2025-09-30,ACC-1010,North Telecom,Mid-Market,EMEA,IMPL,Implementation Services,Usage,consulting hour,52,51,0,97.9,On track,743.75,0,false
2025-10,2025-10-31,ACC-1010,North Telecom,Mid-Market,EMEA,IMPL,Implementation Services,Usage,consulting hour,52,55,3,105.2,In overage,813.02,54.69,false
2025-11,2025-11-30,ACC-1010,North Telecom,Mid-Market,EMEA,IMPL,Implementation Services,Usage,consulting hour,52,59,7,113.3,In overage,885.94,127.6,false
2025-12,2025-12-31,ACC-1010,North Telecom,Mid-Market,EMEA,IMPL,Implementation Services,Usage,consulting hour,52,64,12,123.1,In overage,977.08,218.75,false
2026-01,2026-01-31,ACC-1010,North Telecom,Mid-Market,EMEA,IMPL,Implementation Services,Usage,consulting hour,52,62,10,118.7,In overage,940.63,182.29,false
2026-02,2026-02-28,ACC-1010,North Telecom,Mid-Market,EMEA,IMPL,Implementation Services,Usage,consulting hour,52,62,10,120,In overage,940.63,182.29,false
2026-03,2026-03-31,ACC-1010,North Telecom,Mid-Market,EMEA,IMPL,Implementation Services,Usage,consulting hour,52,63,11,121.6,In overage,958.85,200.52,false
2026-04,2026-04-30,ACC-1010,North Telecom,Mid-Market,EMEA,IMPL,Implementation Services,Usage,consulting hour,52,64,12,123.3,In overage,977.08,218.75,false
2026-05,2026-05-31,ACC-1010,North Telecom,Mid-Market,EMEA,IMPL,Implementation Services,Usage,consulting hour,52,70,18,135.1,In overage,1086.46,328.13,false
2026-06,2026-06-30,ACC-1010,North Telecom,Mid-Market,EMEA,IMPL,Implementation Services,Usage,consulting hour,52,71,19,136.3,In overage,1104.69,346.35,false
2026-07,2026-07-31,ACC-1010,North Telecom,Mid-Market,EMEA,IMPL,Implementation Services,Usage,consulting hour,52,76,24,146.5,In overage,1195.83,437.5,false
2026-08,2026-08-31,ACC-1010,North Telecom,Mid-Market,EMEA,IMPL,Implementation Services,Usage,consulting hour,52,83,31,159.2,In overage,1323.44,565.1,false
2026-09,2026-09-30,ACC-1010,North Telecom,Mid-Market,EMEA,IMPL,Implementation Services,Usage,consulting hour,52,87,35,168.1,In overage,1396.35,638.02,false
2025-07,2025-07-31,ACC-1010,North Telecom,Mid-Market,EMEA,PRO,Academy Pro,Seat,learner/year,70,53,0,76.1,On track,1060,0,false
2025-08,2025-08-31,ACC-1010,North Telecom,Mid-Market,EMEA,PRO,Academy Pro,Seat,learner/year,70,47,0,66.7,On track,940,0,false
2025-09,2025-09-30,ACC-1010,North Telecom,Mid-Market,EMEA,PRO,Academy Pro,Seat,learner/year,70,48,0,68.6,On track,960,0,false
2025-10,2025-10-31,ACC-1010,North Telecom,Mid-Market,EMEA,PRO,Academy Pro,Seat,learner/year,70,47,0,67.4,On track,940,0,false
2025-11,2025-11-30,ACC-1010,North Telecom,Mid-Market,EMEA,PRO,Academy Pro,Seat,learner/year,70,46,0,65.8,On track,920,0,false
2025-12,2025-12-31,ACC-1010,North Telecom,Mid-Market,EMEA,PRO,Academy Pro,Seat,learner/year,70,48,0,68.1,On track,960,0,false
2026-01,2026-01-31,ACC-1010,North Telecom,Mid-Market,EMEA,PRO,Academy Pro,Seat,learner/year,70,50,0,70.9,On track,1000,0,false
2026-02,2026-02-28,ACC-1010,North Telecom,Mid-Market,EMEA,PRO,Academy Pro,Seat,learner/year,70,60,0,86.3,On track,1200,0,false
2026-03,2026-03-31,ACC-1010,North Telecom,Mid-Market,EMEA,PRO,Academy Pro,Seat,learner/year,70,66,0,94.8,On track,1320,0,false
2026-04,2026-04-30,ACC-1010,North Telecom,Mid-Market,EMEA,PRO,Academy Pro,Seat,learner/year,70,67,0,95.1,On track,1340,0,false
2026-05,2026-05-31,ACC-1010,North Telecom,Mid-Market,EMEA,PRO,Academy Pro,Seat,learner/year,70,72,2,102.3,On track,1450,50,false
2026-06,2026-06-30,ACC-1010,North Telecom,Mid-Market,EMEA,PRO,Academy Pro,Seat,learner/year,70,70,0,99.3,On track,1400,0,false
2026-07,2026-07-31,ACC-1010,North Telecom,Mid-Market,EMEA,PRO,Academy Pro,Seat,learner/year,70,69,0,98,On track,1380,0,false
2026-08,2026-08-31,ACC-1010,North Telecom,Mid-Market,EMEA,PRO,Academy Pro,Seat,learner/year,70,71,1,101.2,On track,1425,25,false
2026-09,2026-09-30,ACC-1010,North Telecom,Mid-Market,EMEA,PRO,Academy Pro,Seat,learner/year,70,76,6,108.1,In overage,1550,150,false
2025-12,2025-12-31,ACC-1058,Wexler Pharma,SMB,AMER,IMPL,Implementation Services,Usage,consulting hour,27,27,0,99.9,On track,393.75,0,false
2026-01,2026-01-31,ACC-1058,Wexler Pharma,SMB,AMER,IMPL,Implementation Services,Usage,consulting hour,27,30,3,109.5,In overage,448.44,54.69,false
2026-02,2026-02-28,ACC-1058,Wexler Pharma,SMB,AMER,IMPL,Implementation Services,Usage,consulting hour,27,32,5,117.9,In overage,484.9,91.15,false
2026-03,2026-03-31,ACC-1058,Wexler Pharma,SMB,AMER,IMPL,Implementation Services,Usage,consulting hour,27,32,5,119.8,In overage,484.9,91.15,false
2026-04,2026-04-30,ACC-1058,Wexler Pharma,SMB,AMER,IMPL,Implementation Services,Usage,consulting hour,27,35,8,129.8,In overage,539.58,145.83,false
2026-05,2026-05-31,ACC-1058,Wexler Pharma,SMB,AMER,IMPL,Implementation Services,Usage,consulting hour,27,36,9,132.4,In overage,557.81,164.06,false
2026-06,2026-06-30,ACC-1058,Wexler Pharma,SMB,AMER,IMPL,Implementation Services,Usage,consulting hour,27,38,11,141.5,In overage,594.27,200.52,false
2026-07,2026-07-31,ACC-1058,Wexler Pharma,SMB,AMER,IMPL,Implementation Services,Usage,consulting hour,27,39,12,142.9,In overage,612.5,218.75,false
2026-08,2026-08-31,ACC-1058,Wexler Pharma,SMB,AMER,IMPL,Implementation Services,Usage,consulting hour,27,41,14,152.5,In overage,648.96,255.21,false
2026-09,2026-09-30,ACC-1058,Wexler Pharma,SMB,AMER,IMPL,Implementation Services,Usage,consulting hour,27,42,15,157.1,In overage,667.19,273.44,false
2026-08,2026-08-31,ACC-1116,Tundra Digital,Enterprise,AMER,VOUCHER,Certification Vouchers,Usage,voucher,303,197,0,65.1,On track,2807.25,0,false
2026-09,2026-09-30,ACC-1116,Tundra Digital,Enterprise,AMER,VOUCHER,Certification Vouchers,Usage,voucher,303,197,0,65.1,On track,2807.25,0,false
2026-08,2026-08-31,ACC-1116,Tundra Digital,Enterprise,AMER,PRO,Academy Pro,Seat,learner/year,163,104,0,63.6,On track,2080,0,false
2026-09,2026-09-30,ACC-1116,Tundra Digital,Enterprise,AMER,PRO,Academy Pro,Seat,learner/year,163,106,0,64.8,On track,2120,0,false
2026-08,2026-08-31,ACC-1091,Vertex Technologies,Self-Serve,APAC,CLASSROOM,Classroom Seat-Days,Usage,seat-day,11,9,0,82.1,On track,220.88,0,false
2026-09,2026-09-30,ACC-1091,Vertex Technologies,Self-Serve,APAC,CLASSROOM,Classroom Seat-Days,Usage,seat-day,11,8,0,70.4,On track,196.33,0,false
2026-09,2026-09-30,ACC-1091,Vertex Technologies,Self-Serve,APAC,VOUCHER,Certification Vouchers,Usage,voucher,13,10,0,75,On track,120,0,false
2026-03,2026-03-31,ACC-1091,Vertex Technologies,Self-Serve,APAC,VOUCHER,Certification Vouchers,Usage,voucher,12,9,0,73.6,On track,135,0,false
2026-04,2026-04-30,ACC-1091,Vertex Technologies,Self-Serve,APAC,VOUCHER,Certification Vouchers,Usage,voucher,12,7,0,60.2,On track,105,0,false
2026-05,2026-05-31,ACC-1091,Vertex Technologies,Self-Serve,APAC,VOUCHER,Certification Vouchers,Usage,voucher,12,8,0,66.6,On track,120,0,false
2026-06,2026-06-30,ACC-1091,Vertex Technologies,Self-Serve,APAC,VOUCHER,Certification Vouchers,Usage,voucher,12,7,0,60.4,On track,105,0,false
2026-07,2026-07-31,ACC-1091,Vertex Technologies,Self-Serve,APAC,VOUCHER,Certification Vouchers,Usage,voucher,12,8,0,68.4,On track,120,0,false
2026-08,2026-08-31,ACC-1091,Vertex Technologies,Self-Serve,APAC,VOUCHER,Certification Vouchers,Usage,voucher,12,9,0,78,On track,135,0,false
2026-09,2026-09-30,ACC-1091,Vertex Technologies,Self-Serve,APAC,VOUCHER,Certification Vouchers,Usage,voucher,12,10,0,84.9,On track,150,0,false
2026-02,2026-02-28,ACC-1091,Vertex Technologies,Self-Serve,APAC,PRO,Academy Pro,Seat,learner/year,4,4,0,109.9,In overage,80,0,false
2026-03,2026-03-31,ACC-1091,Vertex Technologies,Self-Serve,APAC,PRO,Academy Pro,Seat,learner/year,4,4,0,112.1,In overage,80,0,false
2026-04,2026-04-30,ACC-1091,Vertex Technologies,Self-Serve,APAC,PRO,Academy Pro,Seat,learner/year,4,5,1,120.7,In overage,105,25,false
2026-05,2026-05-31,ACC-1091,Vertex Technologies,Self-Serve,APAC,PRO,Academy Pro,Seat,learner/year,4,5,1,119.3,In overage,105,25,false
2026-06,2026-06-30,ACC-1091,Vertex Technologies,Self-Serve,APAC,PRO,Academy Pro,Seat,learner/year,4,5,1,115.2,In overage,105,25,false
2026-07,2026-07-31,ACC-1091,Vertex Technologies,Self-Serve,APAC,PRO,Academy Pro,Seat,learner/year,4,5,1,119.6,In overage,105,25,false
2026-08,2026-08-31,ACC-1091,Vertex Technologies,Self-Serve,APAC,PRO,Academy Pro,Seat,learner/year,4,5,1,122.1,In overage,105,25,false
2026-09,2026-09-30,ACC-1091,Vertex Technologies,Self-Serve,APAC,PRO,Academy Pro,Seat,learner/year,4,5,1,122.6,In overage,105,25,false
2026-08,2026-08-31,ACC-1136,Cobalt Insurance,Self-Serve,EMEA,CLASSROOM,Classroom Seat-Days,Usage,seat-day,6,5,0,78.5,On track,96.88,0,false
2026-09,2026-09-30,ACC-1136,Cobalt Insurance,Self-Serve,EMEA,CLASSROOM,Classroom Seat-Days,Usage,seat-day,6,5,0,78.5,On track,96.88,0,false
2026-06,2026-06-30,ACC-1017,Dovetail Pharma,Mid-Market,AMER,CLASSROOM,Classroom Seat-Days,Usage,seat-day,132,147,15,111.4,In overage,3894.38,484.38,false
2026-07,2026-07-31,ACC-1017,Dovetail Pharma,Mid-Market,AMER,CLASSROOM,Classroom Seat-Days,Usage,seat-day,132,153,21,115.7,In overage,4088.13,678.13,false
2026-08,2026-08-31,ACC-1017,Dovetail Pharma,Mid-Market,AMER,CLASSROOM,Classroom Seat-Days,Usage,seat-day,132,156,24,118.3,In overage,4185,775,false
2026-09,2026-09-30,ACC-1017,Dovetail Pharma,Mid-Market,AMER,CLASSROOM,Classroom Seat-Days,Usage,seat-day,132,167,35,126.6,In overage,4540.21,1130.21,false
2026-04,2026-04-30,ACC-1052,Vertex Motors,SMB,LATAM,IMPL,Implementation Services,Usage,consulting hour,88,62,0,71,On track,858.96,0,false
2026-05,2026-05-31,ACC-1052,Vertex Motors,SMB,LATAM,IMPL,Implementation Services,Usage,consulting hour,88,67,0,75.9,On track,928.23,0,false
2026-06,2026-06-30,ACC-1052,Vertex Motors,SMB,LATAM,IMPL,Implementation Services,Usage,consulting hour,88,69,0,78.9,On track,955.94,0,false
2026-07,2026-07-31,ACC-1052,Vertex Motors,SMB,LATAM,IMPL,Implementation Services,Usage,consulting hour,88,77,0,87.5,On track,1066.77,0,false
2026-08,2026-08-31,ACC-1052,Vertex Motors,SMB,LATAM,IMPL,Implementation Services,Usage,consulting hour,88,84,0,94.9,On track,1163.75,0,false
2026-09,2026-09-30,ACC-1052,Vertex Motors,SMB,LATAM,IMPL,Implementation Services,Usage,consulting hour,88,92,4,104.5,On track,1288.44,69.27,false
2025-10,2025-10-31,ACC-1095,Halcyon Bank,Enterprise,APAC,TEAM,Team Plan,Seat,seat/year,653,565,0,86.5,On track,18362.5,0,false
2025-11,2025-11-30,ACC-1095,Halcyon Bank,Enterprise,APAC,TEAM,Team Plan,Seat,seat/year,653,622,0,95.3,On track,20215,0,false
2025-12,2025-12-31,ACC-1095,Halcyon Bank,Enterprise,APAC,TEAM,Team Plan,Seat,seat/year,653,663,10,101.5,On track,21628.75,406.25,false
2026-01,2026-01-31,ACC-1095,Halcyon Bank,Enterprise,APAC,TEAM,Team Plan,Seat,seat/year,653,704,51,107.8,In overage,23294.38,2071.88,false
2026-02,2026-02-28,ACC-1095,Halcyon Bank,Enterprise,APAC,TEAM,Team Plan,Seat,seat/year,653,804,151,123.1,In overage,27356.88,6134.38,false
2026-03,2026-03-31,ACC-1095,Halcyon Bank,Enterprise,APAC,TEAM,Team Plan,Seat,seat/year,653,856,203,131,In overage,29469.38,8246.88,false
2026-04,2026-04-30,ACC-1095,Halcyon Bank,Enterprise,APAC,TEAM,Team Plan,Seat,seat/year,653,989,336,151.5,In overage,34872.5,13650,false
2026-05,2026-05-31,ACC-1095,Halcyon Bank,Enterprise,APAC,TEAM,Team Plan,Seat,seat/year,653,1099,446,168.3,In overage,39341.25,18118.75,false
2026-06,2026-06-30,ACC-1095,Halcyon Bank,Enterprise,APAC,TEAM,Team Plan,Seat,seat/year,653,1162,509,177.9,In overage,41900.63,20678.13,false
2026-07,2026-07-31,ACC-1095,Halcyon Bank,Enterprise,APAC,TEAM,Team Plan,Seat,seat/year,653,1212,559,185.6,In overage,43931.88,22709.38,false
2026-08,2026-08-31,ACC-1095,Halcyon Bank,Enterprise,APAC,TEAM,Team Plan,Seat,seat/year,653,1267,614,194.1,In overage,46166.25,24943.75,false
2026-09,2026-09-30,ACC-1095,Halcyon Bank,Enterprise,APAC,TEAM,Team Plan,Seat,seat/year,653,1359,706,208.1,In overage,49903.75,28681.25,false
2026-08,2026-08-31,ACC-1095,Halcyon Bank,Enterprise,APAC,PRO,Academy Pro,Seat,learner/year,489,428,0,87.6,On track,7276,0,false
2026-09,2026-09-30,ACC-1095,Halcyon Bank,Enterprise,APAC,PRO,Academy Pro,Seat,learner/year,489,423,0,86.5,On track,7191,0,false
2026-08,2026-08-31,ACC-1095,Halcyon Bank,Enterprise,APAC,VOUCHER,Certification Vouchers,Usage,voucher,635,569,0,89.5,On track,6828,0,false
2026-09,2026-09-30,ACC-1095,Halcyon Bank,Enterprise,APAC,VOUCHER,Certification Vouchers,Usage,voucher,635,542,0,85.4,On track,6504,0,false
2026-04,2026-04-30,ACC-1095,Halcyon Bank,Enterprise,APAC,CLASSROOM,Classroom Seat-Days,Usage,seat-day,124,102,0,82.1,On track,2503.25,0,false
2026-05,2026-05-31,ACC-1095,Halcyon Bank,Enterprise,APAC,CLASSROOM,Classroom Seat-Days,Usage,seat-day,124,118,0,95.4,On track,2895.92,0,false
2026-06,2026-06-30,ACC-1095,Halcyon Bank,Enterprise,APAC,CLASSROOM,Classroom Seat-Days,Usage,seat-day,124,125,1,100.8,On track,3073.84,30.68,false
2026-07,2026-07-31,ACC-1095,Halcyon Bank,Enterprise,APAC,CLASSROOM,Classroom Seat-Days,Usage,seat-day,124,136,12,109.3,In overage,3411.29,368.13,false
2026-08,2026-08-31,ACC-1095,Halcyon Bank,Enterprise,APAC,CLASSROOM,Classroom Seat-Days,Usage,seat-day,124,146,22,117.7,In overage,3718.06,674.9,false
2026-09,2026-09-30,ACC-1095,Halcyon Bank,Enterprise,APAC,CLASSROOM,Classroom Seat-Days,Usage,seat-day,124,153,29,123.1,In overage,3932.8,889.64,false
2026-04,2026-04-30,ACC-1095,Halcyon Bank,Enterprise,APAC,PRO,Academy Pro,Seat,learner/year,156,149,0,95.8,On track,2682,0,false
2026-05,2026-05-31,ACC-1095,Halcyon Bank,Enterprise,APAC,PRO,Academy Pro,Seat,learner/year,156,148,0,95.2,On track,2664,0,false
2026-06,2026-06-30,ACC-1095,Halcyon Bank,Enterprise,APAC,PRO,Academy Pro,Seat,learner/year,156,150,0,95.8,On track,2700,0,false
2026-07,2026-07-31,ACC-1095,Halcyon Bank,Enterprise,APAC,PRO,Academy Pro,Seat,learner/year,156,148,0,94.9,On track,2664,0,false
2026-08,2026-08-31,ACC-1095,Halcyon Bank,Enterprise,APAC,PRO,Academy Pro,Seat,learner/year,156,146,0,93.4,On track,2628,0,false
2026-09,2026-09-30,ACC-1095,Halcyon Bank,Enterprise,APAC,PRO,Academy Pro,Seat,learner/year,156,144,0,92.1,On track,2592,0,false
2026-08,2026-08-31,ACC-1095,Halcyon Bank,Enterprise,APAC,PRO,Academy Pro,Seat,learner/year,382,225,0,58.9,Under-consuming,4050,0,false
2026-09,2026-09-30,ACC-1095,Halcyon Bank,Enterprise,APAC,PRO,Academy Pro,Seat,learner/year,382,232,0,60.8,On track,4176,0,false
2026-08,2026-08-31,ACC-1095,Halcyon Bank,Enterprise,APAC,VOUCHER,Certification Vouchers,Usage,voucher,284,273,0,96.2,On track,3890.25,0,false
2026-09,2026-09-30,ACC-1095,Halcyon Bank,Enterprise,APAC,VOUCHER,Certification Vouchers,Usage,voucher,284,267,0,93.9,On track,3804.75,0,false
2026-09,2026-09-30,ACC-1028,Tundra Care,Mid-Market,EMEA,TEAM,Team Plan,Seat,seat/year,78,72,0,92.7,On track,2223,0,false
2025-12,2025-12-31,ACC-1122,Halcyon Foods,Strategic,EMEA,VOUCHER,Certification Vouchers,Usage,voucher,1894,2049,155,108.2,In overage,26618.81,2470.31,false
2026-01,2026-01-31,ACC-1122,Halcyon Foods,Strategic,EMEA,VOUCHER,Certification Vouchers,Usage,voucher,1894,2168,274,114.5,In overage,28515.38,4366.88,false
2026-02,2026-02-28,ACC-1122,Halcyon Foods,Strategic,EMEA,VOUCHER,Certification Vouchers,Usage,voucher,1894,2218,324,117.1,In overage,29312.25,5163.75,false
2026-03,2026-03-31,ACC-1122,Halcyon Foods,Strategic,EMEA,VOUCHER,Certification Vouchers,Usage,voucher,1894,2410,516,127.3,In overage,32372.25,8223.75,false
2026-04,2026-04-30,ACC-1122,Halcyon Foods,Strategic,EMEA,VOUCHER,Certification Vouchers,Usage,voucher,1894,2426,532,128.1,In overage,32627.25,8478.75,false
2026-05,2026-05-31,ACC-1122,Halcyon Foods,Strategic,EMEA,VOUCHER,Certification Vouchers,Usage,voucher,1894,2757,863,145.6,In overage,37902.56,13754.06,false
2026-06,2026-06-30,ACC-1122,Halcyon Foods,Strategic,EMEA,VOUCHER,Certification Vouchers,Usage,voucher,1894,2839,945,149.9,In overage,39209.44,15060.94,false
2026-07,2026-07-31,ACC-1122,Halcyon Foods,Strategic,EMEA,VOUCHER,Certification Vouchers,Usage,voucher,1894,3045,1151,160.8,In overage,42492.56,18344.06,false
2026-08,2026-08-31,ACC-1122,Halcyon Foods,Strategic,EMEA,VOUCHER,Certification Vouchers,Usage,voucher,1894,3152,1258,166.4,In overage,44197.88,20049.38,false
2026-09,2026-09-30,ACC-1122,Halcyon Foods,Strategic,EMEA,VOUCHER,Certification Vouchers,Usage,voucher,1894,3327,1433,175.7,In overage,46986.94,22838.44,false
2025-12,2025-12-31,ACC-1122,Halcyon Foods,Strategic,EMEA,TEAM,Team Plan,Seat,seat/year,853,659,0,77.2,On track,19275.75,0,false
2026-01,2026-01-31,ACC-1122,Halcyon Foods,Strategic,EMEA,TEAM,Team Plan,Seat,seat/year,853,656,0,76.9,On track,19188,0,false
2026-02,2026-02-28,ACC-1122,Halcyon Foods,Strategic,EMEA,TEAM,Team Plan,Seat,seat/year,853,683,0,80.1,On track,19977.75,0,false
2026-03,2026-03-31,ACC-1122,Halcyon Foods,Strategic,EMEA,TEAM,Team Plan,Seat,seat/year,853,642,0,75.2,On track,18778.5,0,false
2026-04,2026-04-30,ACC-1122,Halcyon Foods,Strategic,EMEA,TEAM,Team Plan,Seat,seat/year,853,628,0,73.6,On track,18369,0,false
2026-05,2026-05-31,ACC-1122,Halcyon Foods,Strategic,EMEA,TEAM,Team Plan,Seat,seat/year,853,592,0,69.4,On track,17316,0,false
2026-06,2026-06-30,ACC-1122,Halcyon Foods,Strategic,EMEA,TEAM,Team Plan,Seat,seat/year,853,590,0,69.2,On track,17257.5,0,false
2026-07,2026-07-31,ACC-1122,Halcyon Foods,Strategic,EMEA,TEAM,Team Plan,Seat,seat/year,853,642,0,75.3,On track,18778.5,0,false
2026-08,2026-08-31,ACC-1122,Halcyon Foods,Strategic,EMEA,TEAM,Team Plan,Seat,seat/year,853,662,0,77.7,On track,19363.5,0,false
2026-09,2026-09-30,ACC-1122,Halcyon Foods,Strategic,EMEA,TEAM,Team Plan,Seat,seat/year,853,617,0,72.3,On track,18047.25,0,false
2025-12,2025-12-31,ACC-1122,Halcyon Foods,Strategic,EMEA,CLASSROOM,Classroom Seat-Days,Usage,seat-day,508,548,40,107.9,In overage,11532,1033.33,false
2026-01,2026-01-31,ACC-1122,Halcyon Foods,Strategic,EMEA,CLASSROOM,Classroom Seat-Days,Usage,seat-day,508,566,58,111.4,In overage,11997,1498.33,false
2026-02,2026-02-28,ACC-1122,Halcyon Foods,Strategic,EMEA,CLASSROOM,Classroom Seat-Days,Usage,seat-day,508,578,70,113.7,In overage,12307,1808.33,false
2026-03,2026-03-31,ACC-1122,Halcyon Foods,Strategic,EMEA,CLASSROOM,Classroom Seat-Days,Usage,seat-day,508,653,145,128.6,In overage,14244.5,3745.83,false
2026-04,2026-04-30,ACC-1122,Halcyon Foods,Strategic,EMEA,CLASSROOM,Classroom Seat-Days,Usage,seat-day,508,618,110,121.7,In overage,13340.33,2841.67,false
2026-05,2026-05-31,ACC-1122,Halcyon Foods,Strategic,EMEA,CLASSROOM,Classroom Seat-Days,Usage,seat-day,508,640,132,126,In overage,13908.67,3410,false
2026-06,2026-06-30,ACC-1122,Halcyon Foods,Strategic,EMEA,CLASSROOM,Classroom Seat-Days,Usage,seat-day,508,649,141,127.7,In overage,14141.17,3642.5,false
2026-07,2026-07-31,ACC-1122,Halcyon Foods,Strategic,EMEA,CLASSROOM,Classroom Seat-Days,Usage,seat-day,508,683,175,134.4,In overage,15019.5,4520.83,false
2026-08,2026-08-31,ACC-1122,Halcyon Foods,Strategic,EMEA,CLASSROOM,Classroom Seat-Days,Usage,seat-day,508,676,168,133.1,In overage,14838.67,4340,false
2026-09,2026-09-30,ACC-1122,Halcyon Foods,Strategic,EMEA,CLASSROOM,Classroom Seat-Days,Usage,seat-day,508,687,179,135.3,In overage,15122.83,4624.17,false
2026-07,2026-07-31,ACC-1122,Halcyon Foods,Strategic,EMEA,VOUCHER,Certification Vouchers,Usage,voucher,956,615,0,64.4,On track,7841.25,0,false
2026-08,2026-08-31,ACC-1122,Halcyon Foods,Strategic,EMEA,VOUCHER,Certification Vouchers,Usage,voucher,956,721,0,75.5,On track,9192.75,0,false
2026-09,2026-09-30,ACC-1122,Halcyon Foods,Strategic,EMEA,VOUCHER,Certification Vouchers,Usage,voucher,956,647,0,67.7,On track,8249.25,0,false
2026-07,2026-07-31,ACC-1122,Halcyon Foods,Strategic,EMEA,PRO,Academy Pro,Seat,learner/year,544,389,0,71.5,On track,7002,0,false
2026-08,2026-08-31,ACC-1122,Halcyon Foods,Strategic,EMEA,PRO,Academy Pro,Seat,learner/year,544,402,0,73.8,On track,7236,0,false
2026-09,2026-09-30,ACC-1122,Halcyon Foods,Strategic,EMEA,PRO,Academy Pro,Seat,learner/year,544,461,0,84.7,On track,8298,0,false
2026-07,2026-07-31,ACC-1122,Halcyon Foods,Strategic,EMEA,IMPL,Implementation Services,Usage,consulting hour,1670,1388,0,83.1,On track,20241.67,0,false
2026-08,2026-08-31,ACC-1122,Halcyon Foods,Strategic,EMEA,IMPL,Implementation Services,Usage,consulting hour,1670,1525,0,91.3,On track,22239.58,0,false
2026-09,2026-09-30,ACC-1122,Halcyon Foods,Strategic,EMEA,IMPL,Implementation Services,Usage,consulting hour,1670,1546,0,92.6,On track,22545.83,0,false
2026-05,2026-05-31,ACC-1122,Halcyon Foods,Strategic,EMEA,VOUCHER,Certification Vouchers,Usage,voucher,498,343,0,69,On track,5145,0,false
2026-06,2026-06-30,ACC-1122,Halcyon Foods,Strategic,EMEA,VOUCHER,Certification Vouchers,Usage,voucher,498,350,0,70.3,On track,5250,0,false
2026-07,2026-07-31,ACC-1122,Halcyon Foods,Strategic,EMEA,VOUCHER,Certification Vouchers,Usage,voucher,498,355,0,71.4,On track,5325,0,false
2026-08,2026-08-31,ACC-1122,Halcyon Foods,Strategic,EMEA,VOUCHER,Certification Vouchers,Usage,voucher,498,377,0,75.8,On track,5655,0,false
2026-09,2026-09-30,ACC-1122,Halcyon Foods,Strategic,EMEA,VOUCHER,Certification Vouchers,Usage,voucher,498,398,0,79.9,On track,5970,0,false
2026-05,2026-05-31,ACC-1122,Halcyon Foods,Strategic,EMEA,CLASSROOM,Classroom Seat-Days,Usage,seat-day,470,374,0,79.5,On track,9661.67,0,false
2026-06,2026-06-30,ACC-1122,Halcyon Foods,Strategic,EMEA,CLASSROOM,Classroom Seat-Days,Usage,seat-day,470,387,0,82.4,On track,9997.5,0,false
2026-07,2026-07-31,ACC-1122,Halcyon Foods,Strategic,EMEA,CLASSROOM,Classroom Seat-Days,Usage,seat-day,470,395,0,84,On track,10204.17,0,false
2026-08,2026-08-31,ACC-1122,Halcyon Foods,Strategic,EMEA,CLASSROOM,Classroom Seat-Days,Usage,seat-day,470,382,0,81.2,On track,9868.33,0,false
2026-09,2026-09-30,ACC-1122,Halcyon Foods,Strategic,EMEA,CLASSROOM,Classroom Seat-Days,Usage,seat-day,470,361,0,76.9,On track,9325.83,0,false
2026-05,2026-05-31,ACC-1122,Halcyon Foods,Strategic,EMEA,TEAM,Team Plan,Seat,seat/year,186,206,20,110.9,In overage,6857.5,812.5,false
2026-06,2026-06-30,ACC-1122,Halcyon Foods,Strategic,EMEA,TEAM,Team Plan,Seat,seat/year,186,241,55,129.6,In overage,8279.38,2234.38,false
2026-07,2026-07-31,ACC-1122,Halcyon Foods,Strategic,EMEA,TEAM,Team Plan,Seat,seat/year,186,268,82,143.9,In overage,9376.25,3331.25,false
2026-08,2026-08-31,ACC-1122,Halcyon Foods,Strategic,EMEA,TEAM,Team Plan,Seat,seat/year,186,284,98,152.8,In overage,10026.25,3981.25,false
2026-09,2026-09-30,ACC-1122,Halcyon Foods,Strategic,EMEA,TEAM,Team Plan,Seat,seat/year,186,296,110,159,In overage,10513.75,4468.75,false
2026-06,2026-06-30,ACC-1129,Vertex Retail,Self-Serve,APAC,TEAM,Team Plan,Seat,seat/year,8,7,0,85.3,On track,227.5,0,false
2026-07,2026-07-31,ACC-1129,Vertex Retail,Self-Serve,APAC,TEAM,Team Plan,Seat,seat/year,8,7,0,89.3,On track,227.5,0,false
2026-08,2026-08-31,ACC-1129,Vertex Retail,Self-Serve,APAC,TEAM,Team Plan,Seat,seat/year,8,8,0,93.8,On track,260,0,false
2026-09,2026-09-30,ACC-1129,Vertex Retail,Self-Serve,APAC,TEAM,Team Plan,Seat,seat/year,8,8,0,97.6,On track,260,0,false
2026-04,2026-04-30,ACC-1004,Kestrel Pharma,SMB,EMEA,PRO,Academy Pro,Seat,learner/year,30,17,0,55.1,Under-consuming,323,0,false
2026-05,2026-05-31,ACC-1004,Kestrel Pharma,SMB,EMEA,PRO,Academy Pro,Seat,learner/year,30,16,0,54.5,Under-consuming,304,0,true
2026-06,2026-06-30,ACC-1004,Kestrel Pharma,SMB,EMEA,PRO,Academy Pro,Seat,learner/year,30,17,0,55.6,Under-consuming,323,0,false
2026-07,2026-07-31,ACC-1004,Kestrel Pharma,SMB,EMEA,PRO,Academy Pro,Seat,learner/year,30,18,0,60.1,On track,342,0,false
2026-08,2026-08-31,ACC-1004,Kestrel Pharma,SMB,EMEA,PRO,Academy Pro,Seat,learner/year,30,18,0,59.8,Under-consuming,342,0,false
2026-09,2026-09-30,ACC-1004,Kestrel Pharma,SMB,EMEA,PRO,Academy Pro,Seat,learner/year,30,17,0,55,Under-consuming,323,0,false
2026-04,2026-04-30,ACC-1004,Kestrel Pharma,SMB,EMEA,IMPL,Implementation Services,Usage,consulting hour,92,96,4,104.9,On track,919.48,47.4,false
2026-05,2026-05-31,ACC-1004,Kestrel Pharma,SMB,EMEA,IMPL,Implementation Services,Usage,consulting hour,92,86,0,93.1,On track,815.21,0,false
2026-06,2026-06-30,ACC-1004,Kestrel Pharma,SMB,EMEA,IMPL,Implementation Services,Usage,consulting hour,92,82,0,88.8,On track,777.29,0,false
2026-07,2026-07-31,ACC-1004,Kestrel Pharma,SMB,EMEA,IMPL,Implementation Services,Usage,consulting hour,92,70,0,76.6,On track,663.54,0,false
2026-08,2026-08-31,ACC-1004,Kestrel Pharma,SMB,EMEA,IMPL,Implementation Services,Usage,consulting hour,92,69,0,74.7,On track,654.06,0,false
2026-09,2026-09-30,ACC-1004,Kestrel Pharma,SMB,EMEA,IMPL,Implementation Services,Usage,consulting hour,92,60,0,65,On track,568.75,0,false
2025-06,2025-06-30,ACC-1004,Kestrel Pharma,SMB,EMEA,TEAM,Team Plan,Seat,seat/year,30,26,0,85.3,On track,760.5,0,false
2025-07,2025-07-31,ACC-1004,Kestrel Pharma,SMB,EMEA,TEAM,Team Plan,Seat,seat/year,30,24,0,79.9,On track,702,0,false
2025-08,2025-08-31,ACC-1004,Kestrel Pharma,SMB,EMEA,TEAM,Team Plan,Seat,seat/year,30,19,0,63.8,On track,555.75,0,false
2025-09,2025-09-30,ACC-1004,Kestrel Pharma,SMB,EMEA,TEAM,Team Plan,Seat,seat/year,30,17,0,55.4,Under-consuming,497.25,0,false
2025-10,2025-10-31,ACC-1004,Kestrel Pharma,SMB,EMEA,TEAM,Team Plan,Seat,seat/year,30,15,0,51.6,Under-consuming,438.75,0,true
2025-11,2025-11-30,ACC-1004,Kestrel Pharma,SMB,EMEA,TEAM,Team Plan,Seat,seat/year,30,15,0,50.3,Under-consuming,438.75,0,true
2025-12,2025-12-31,ACC-1004,Kestrel Pharma,SMB,EMEA,TEAM,Team Plan,Seat,seat/year,30,14,0,45.2,Under-consuming,409.5,0,true
2026-01,2026-01-31,ACC-1004,Kestrel Pharma,SMB,EMEA,TEAM,Team Plan,Seat,seat/year,30,12,0,38.5,Under-consuming,351,0,true
2026-02,2026-02-28,ACC-1004,Kestrel Pharma,SMB,EMEA,TEAM,Team Plan,Seat,seat/year,30,10,0,32.9,Under-consuming,292.5,0,true
2026-03,2026-03-31,ACC-1004,Kestrel Pharma,SMB,EMEA,TEAM,Team Plan,Seat,seat/year,30,8,0,25,Under-consuming,234,0,true
2026-04,2026-04-30,ACC-1004,Kestrel Pharma,SMB,EMEA,TEAM,Team Plan,Seat,seat/year,30,7,0,23.5,Under-consuming,204.75,0,true
2026-05,2026-05-31,ACC-1004,Kestrel Pharma,SMB,EMEA,TEAM,Team Plan,Seat,seat/year,30,7,0,22.7,Under-consuming,204.75,0,true
2026-06,2026-06-30,ACC-1004,Kestrel Pharma,SMB,EMEA,TEAM,Team Plan,Seat,seat/year,30,8,0,25.6,Under-consuming,234,0,true
2026-07,2026-07-31,ACC-1004,Kestrel Pharma,SMB,EMEA,TEAM,Team Plan,Seat,seat/year,30,7,0,24.2,Under-consuming,204.75,0,true
2026-08,2026-08-31,ACC-1004,Kestrel Pharma,SMB,EMEA,TEAM,Team Plan,Seat,seat/year,30,5,0,16.8,Under-consuming,146.25,0,true
2026-09,2026-09-30,ACC-1004,Kestrel Pharma,SMB,EMEA,TEAM,Team Plan,Seat,seat/year,30,6,0,21.2,Under-consuming,175.5,0,true
2026-05,2026-05-31,ACC-1004,Kestrel Pharma,SMB,EMEA,VOUCHER,Certification Vouchers,Usage,voucher,48,28,0,59.2,Under-consuming,420,0,false
2026-06,2026-06-30,ACC-1004,Kestrel Pharma,SMB,EMEA,VOUCHER,Certification Vouchers,Usage,voucher,48,27,0,56,Under-consuming,405,0,false
2026-07,2026-07-31,ACC-1004,Kestrel Pharma,SMB,EMEA,VOUCHER,Certification Vouchers,Usage,voucher,48,28,0,57.4,Under-consuming,420,0,false
2026-08,2026-08-31,ACC-1004,Kestrel Pharma,SMB,EMEA,VOUCHER,Certification Vouchers,Usage,voucher,48,24,0,49.3,Under-consuming,360,0,true
2026-09,2026-09-30,ACC-1004,Kestrel Pharma,SMB,EMEA,VOUCHER,Certification Vouchers,Usage,voucher,48,24,0,49.9,Under-consuming,360,0,true
2026-06,2026-06-30,ACC-1096,Vertex Group,Mid-Market,EMEA,PRO,Academy Pro,Seat,learner/year,118,96,0,81.2,On track,1920,0,false
2026-07,2026-07-31,ACC-1096,Vertex Group,Mid-Market,EMEA,PRO,Academy Pro,Seat,learner/year,118,94,0,79.9,On track,1880,0,false
2026-08,2026-08-31,ACC-1096,Vertex Group,Mid-Market,EMEA,PRO,Academy Pro,Seat,learner/year,118,94,0,79.6,On track,1880,0,false
2026-09,2026-09-30,ACC-1096,Vertex Group,Mid-Market,EMEA,PRO,Academy Pro,Seat,learner/year,118,85,0,71.8,On track,1700,0,false
2025-11,2025-11-30,ACC-1062,Halcyon Works,SMB,EMEA,IMPL,Implementation Services,Usage,consulting hour,37,26,0,70.5,On track,379.17,0,false
2025-12,2025-12-31,ACC-1062,Halcyon Works,SMB,EMEA,IMPL,Implementation Services,Usage,consulting hour,37,25,0,68.6,On track,364.58,0,false
2026-01,2026-01-31,ACC-1062,Halcyon Works,SMB,EMEA,IMPL,Implementation Services,Usage,consulting hour,37,26,0,70.1,On track,379.17,0,false
2026-02,2026-02-28,ACC-1062,Halcyon Works,SMB,EMEA,IMPL,Implementation Services,Usage,consulting hour,37,29,0,77.6,On track,422.92,0,false
2026-03,2026-03-31,ACC-1062,Halcyon Works,SMB,EMEA,IMPL,Implementation Services,Usage,consulting hour,37,31,0,83.1,On track,452.08,0,false
2026-04,2026-04-30,ACC-1062,Halcyon Works,SMB,EMEA,IMPL,Implementation Services,Usage,consulting hour,37,31,0,83.9,On track,452.08,0,false
2026-05,2026-05-31,ACC-1062,Halcyon Works,SMB,EMEA,IMPL,Implementation Services,Usage,consulting hour,37,33,0,89,On track,481.25,0,false
2026-06,2026-06-30,ACC-1062,Halcyon Works,SMB,EMEA,IMPL,Implementation Services,Usage,consulting hour,37,38,1,101.7,On track,557.81,18.23,false
2026-07,2026-07-31,ACC-1062,Halcyon Works,SMB,EMEA,IMPL,Implementation Services,Usage,consulting hour,37,40,3,108.2,In overage,594.27,54.69,false
2026-08,2026-08-31,ACC-1062,Halcyon Works,SMB,EMEA,IMPL,Implementation Services,Usage,consulting hour,37,43,6,117.1,In overage,648.96,109.38,false
2026-09,2026-09-30,ACC-1062,Halcyon Works,SMB,EMEA,IMPL,Implementation Services,Usage,consulting hour,37,47,10,127.8,In overage,721.88,182.29,false
2025-11,2025-11-30,ACC-1062,Halcyon Works,SMB,EMEA,VOUCHER,Certification Vouchers,Usage,voucher,18,21,3,115.4,In overage,326.25,56.25,false
2025-12,2025-12-31,ACC-1062,Halcyon Works,SMB,EMEA,VOUCHER,Certification Vouchers,Usage,voucher,18,22,4,121.9,In overage,345,75,false
2026-01,2026-01-31,ACC-1062,Halcyon Works,SMB,EMEA,VOUCHER,Certification Vouchers,Usage,voucher,18,23,5,125.4,In overage,363.75,93.75,false
2026-02,2026-02-28,ACC-1062,Halcyon Works,SMB,EMEA,VOUCHER,Certification Vouchers,Usage,voucher,18,23,5,125.8,In overage,363.75,93.75,false
2026-03,2026-03-31,ACC-1062,Halcyon Works,SMB,EMEA,VOUCHER,Certification Vouchers,Usage,voucher,18,24,6,134.2,In overage,382.5,112.5,false
2026-04,2026-04-30,ACC-1062,Halcyon Works,SMB,EMEA,VOUCHER,Certification Vouchers,Usage,voucher,18,24,6,134.7,In overage,382.5,112.5,false
2026-05,2026-05-31,ACC-1062,Halcyon Works,SMB,EMEA,VOUCHER,Certification Vouchers,Usage,voucher,18,25,7,138.9,In overage,401.25,131.25,false
2026-06,2026-06-30,ACC-1062,Halcyon Works,SMB,EMEA,VOUCHER,Certification Vouchers,Usage,voucher,18,26,8,143.1,In overage,420,150,false
2026-07,2026-07-31,ACC-1062,Halcyon Works,SMB,EMEA,VOUCHER,Certification Vouchers,Usage,voucher,18,26,8,146.7,In overage,420,150,false
2026-08,2026-08-31,ACC-1062,Halcyon Works,SMB,EMEA,VOUCHER,Certification Vouchers,Usage,voucher,18,27,9,152.6,In overage,438.75,168.75,false
2026-09,2026-09-30,ACC-1062,Halcyon Works,SMB,EMEA,VOUCHER,Certification Vouchers,Usage,voucher,18,29,11,162.1,In overage,476.25,206.25,false
2026-04,2026-04-30,ACC-1062,Halcyon Works,SMB,EMEA,PRO,Academy Pro,Seat,learner/year,51,31,0,60.9,On track,589,0,false
2026-05,2026-05-31,ACC-1062,Halcyon Works,SMB,EMEA,PRO,Academy Pro,Seat,learner/year,51,37,0,73.1,On track,703,0,false
2026-06,2026-06-30,ACC-1062,Halcyon Works,SMB,EMEA,PRO,Academy Pro,Seat,learner/year,51,40,0,77.9,On track,760,0,false
2026-07,2026-07-31,ACC-1062,Halcyon Works,SMB,EMEA,PRO,Academy Pro,Seat,learner/year,51,39,0,75.7,On track,741,0,false
2026-08,2026-08-31,ACC-1062,Halcyon Works,SMB,EMEA,PRO,Academy Pro,Seat,learner/year,51,42,0,82.4,On track,798,0,false
2026-09,2026-09-30,ACC-1062,Halcyon Works,SMB,EMEA,PRO,Academy Pro,Seat,learner/year,51,44,0,86.7,On track,836,0,false
2026-03,2026-03-31,ACC-1099,Orbital Capital,Self-Serve,APAC,PRO,Academy Pro,Seat,learner/year,7,6,0,79.3,On track,114,0,false
2026-04,2026-04-30,ACC-1099,Orbital Capital,Self-Serve,APAC,PRO,Academy Pro,Seat,learner/year,7,6,0,81.2,On track,114,0,false
2026-05,2026-05-31,ACC-1099,Orbital Capital,Self-Serve,APAC,PRO,Academy Pro,Seat,learner/year,7,6,0,83.1,On track,114,0,false
2026-06,2026-06-30,ACC-1099,Orbital Capital,Self-Serve,APAC,PRO,Academy Pro,Seat,learner/year,7,6,0,89.3,On track,114,0,false
2026-07,2026-07-31,ACC-1099,Orbital Capital,Self-Serve,APAC,PRO,Academy Pro,Seat,learner/year,7,6,0,88.2,On track,114,0,false
2026-08,2026-08-31,ACC-1099,Orbital Capital,Self-Serve,APAC,PRO,Academy Pro,Seat,learner/year,7,7,0,96.9,On track,133,0,false
2026-09,2026-09-30,ACC-1099,Orbital Capital,Self-Serve,APAC,PRO,Academy Pro,Seat,learner/year,7,6,0,91.7,On track,114,0,false
2026-03,2026-03-31,ACC-1099,Orbital Capital,Self-Serve,APAC,IMPL,Implementation Services,Usage,consulting hour,19,13,0,67.2,On track,180.1,0,false
2026-04,2026-04-30,ACC-1099,Orbital Capital,Self-Serve,APAC,IMPL,Implementation Services,Usage,consulting hour,19,13,0,67,On track,180.1,0,false
2026-05,2026-05-31,ACC-1099,Orbital Capital,Self-Serve,APAC,IMPL,Implementation Services,Usage,consulting hour,19,13,0,66.7,On track,180.1,0,false
2026-06,2026-06-30,ACC-1099,Orbital Capital,Self-Serve,APAC,IMPL,Implementation Services,Usage,consulting hour,19,13,0,68.4,On track,180.1,0,false
2026-07,2026-07-31,ACC-1099,Orbital Capital,Self-Serve,APAC,IMPL,Implementation Services,Usage,consulting hour,19,13,0,66,On track,180.1,0,false
2026-08,2026-08-31,ACC-1099,Orbital Capital,Self-Serve,APAC,IMPL,Implementation Services,Usage,consulting hour,19,12,0,64.9,On track,166.25,0,false
2026-09,2026-09-30,ACC-1099,Orbital Capital,Self-Serve,APAC,IMPL,Implementation Services,Usage,consulting hour,19,13,0,67.6,On track,180.1,0,false
2025-12,2025-12-31,ACC-1016,Tundra Foods,Self-Serve,AMER,PRO,Academy Pro,Seat,learner/year,7,4,0,63.6,On track,80,0,false
2026-01,2026-01-31,ACC-1016,Tundra Foods,Self-Serve,AMER,PRO,Academy Pro,Seat,learner/year,7,5,0,66.2,On track,100,0,false
2026-02,2026-02-28,ACC-1016,Tundra Foods,Self-Serve,AMER,PRO,Academy Pro,Seat,learner/year,7,5,0,66.9,On track,100,0,false
2026-03,2026-03-31,ACC-1016,Tundra Foods,Self-Serve,AMER,PRO,Academy Pro,Seat,learner/year,7,5,0,77.2,On track,100,0,false
2026-04,2026-04-30,ACC-1016,Tundra Foods,Self-Serve,AMER,PRO,Academy Pro,Seat,learner/year,7,6,0,89.1,On track,120,0,false
2026-05,2026-05-31,ACC-1016,Tundra Foods,Self-Serve,AMER,PRO,Academy Pro,Seat,learner/year,7,7,0,98.4,On track,140,0,false
2026-06,2026-06-30,ACC-1016,Tundra Foods,Self-Serve,AMER,PRO,Academy Pro,Seat,learner/year,7,7,0,105.5,In overage,140,0,false
2026-07,2026-07-31,ACC-1016,Tundra Foods,Self-Serve,AMER,PRO,Academy Pro,Seat,learner/year,7,8,1,120.8,In overage,165,25,false
2026-08,2026-08-31,ACC-1016,Tundra Foods,Self-Serve,AMER,PRO,Academy Pro,Seat,learner/year,7,9,2,131.5,In overage,190,50,false
2026-09,2026-09-30,ACC-1016,Tundra Foods,Self-Serve,AMER,PRO,Academy Pro,Seat,learner/year,7,10,3,136.3,In overage,215,75,false
2026-08,2026-08-31,ACC-1073,Onyx Works,Enterprise,EMEA,PRO,Academy Pro,Seat,learner/year,275,175,0,63.5,On track,3325,0,false
2026-09,2026-09-30,ACC-1073,Onyx Works,Enterprise,EMEA,PRO,Academy Pro,Seat,learner/year,275,156,0,56.6,Under-consuming,2964,0,false
2026-08,2026-08-31,ACC-1073,Onyx Works,Enterprise,EMEA,TEAM,Team Plan,Seat,seat/year,360,289,0,80.3,On track,9392.5,0,false
2026-09,2026-09-30,ACC-1073,Onyx Works,Enterprise,EMEA,TEAM,Team Plan,Seat,seat/year,360,302,0,83.9,On track,9815,0,false
2026-04,2026-04-30,ACC-1073,Onyx Works,Enterprise,EMEA,TEAM,Team Plan,Seat,seat/year,549,481,0,87.7,On track,15632.5,0,false
2026-05,2026-05-31,ACC-1073,Onyx Works,Enterprise,EMEA,TEAM,Team Plan,Seat,seat/year,549,470,0,85.5,On track,15275,0,false
2026-06,2026-06-30,ACC-1073,Onyx Works,Enterprise,EMEA,TEAM,Team Plan,Seat,seat/year,549,485,0,88.4,On track,15762.5,0,false
2026-07,2026-07-31,ACC-1073,Onyx Works,Enterprise,EMEA,TEAM,Team Plan,Seat,seat/year,549,479,0,87.3,On track,15567.5,0,false
2026-08,2026-08-31,ACC-1073,Onyx Works,Enterprise,EMEA,TEAM,Team Plan,Seat,seat/year,549,473,0,86.2,On track,15372.5,0,false
2026-09,2026-09-30,ACC-1073,Onyx Works,Enterprise,EMEA,TEAM,Team Plan,Seat,seat/year,549,469,0,85.4,On track,15242.5,0,false
2026-06,2026-06-30,ACC-1073,Onyx Works,Enterprise,EMEA,IMPL,Implementation Services,Usage,consulting hour,275,134,0,48.7,Under-consuming,1954.17,0,true
2026-07,2026-07-31,ACC-1073,Onyx Works,Enterprise,EMEA,IMPL,Implementation Services,Usage,consulting hour,275,155,0,56.4,Under-consuming,2260.42,0,false
2026-08,2026-08-31,ACC-1073,Onyx Works,Enterprise,EMEA,IMPL,Implementation Services,Usage,consulting hour,275,146,0,53,Under-consuming,2129.17,0,true
2026-09,2026-09-30,ACC-1073,Onyx Works,Enterprise,EMEA,IMPL,Implementation Services,Usage,consulting hour,275,146,0,53,Under-consuming,2129.17,0,true
2026-06,2026-06-30,ACC-1073,Onyx Works,Enterprise,EMEA,PRO,Academy Pro,Seat,learner/year,371,230,0,62.1,On track,3910,0,false
2026-07,2026-07-31,ACC-1073,Onyx Works,Enterprise,EMEA,PRO,Academy Pro,Seat,learner/year,371,194,0,52.4,Under-consuming,3298,0,true
2026-08,2026-08-31,ACC-1073,Onyx Works,Enterprise,EMEA,PRO,Academy Pro,Seat,learner/year,371,185,0,49.9,Under-consuming,3145,0,true
2026-09,2026-09-30,ACC-1073,Onyx Works,Enterprise,EMEA,PRO,Academy Pro,Seat,learner/year,371,188,0,50.7,Under-consuming,3196,0,true
2025-10,2025-10-31,ACC-1007,Onyx Insurance,Enterprise,APAC,TEAM,Team Plan,Seat,seat/year,88,56,0,63.7,On track,1638,0,false
2025-11,2025-11-30,ACC-1007,Onyx Insurance,Enterprise,APAC,TEAM,Team Plan,Seat,seat/year,88,54,0,61.4,On track,1579.5,0,false
2025-12,2025-12-31,ACC-1007,Onyx Insurance,Enterprise,APAC,TEAM,Team Plan,Seat,seat/year,88,60,0,67.7,On track,1755,0,false
2026-01,2026-01-31,ACC-1007,Onyx Insurance,Enterprise,APAC,TEAM,Team Plan,Seat,seat/year,88,59,0,66.5,On track,1725.75,0,false
2026-02,2026-02-28,ACC-1007,Onyx Insurance,Enterprise,APAC,TEAM,Team Plan,Seat,seat/year,88,59,0,67.3,On track,1725.75,0,false
2026-03,2026-03-31,ACC-1007,Onyx Insurance,Enterprise,APAC,TEAM,Team Plan,Seat,seat/year,88,60,0,68.4,On track,1755,0,false
2026-04,2026-04-30,ACC-1007,Onyx Insurance,Enterprise,APAC,TEAM,Team Plan,Seat,seat/year,88,58,0,65.8,On track,1696.5,0,false
2026-05,2026-05-31,ACC-1007,Onyx Insurance,Enterprise,APAC,TEAM,Team Plan,Seat,seat/year,88,58,0,65.5,On track,1696.5,0,false
2026-06,2026-06-30,ACC-1007,Onyx Insurance,Enterprise,APAC,TEAM,Team Plan,Seat,seat/year,88,64,0,72.7,On track,1872,0,false
2026-07,2026-07-31,ACC-1007,Onyx Insurance,Enterprise,APAC,TEAM,Team Plan,Seat,seat/year,88,59,0,67.6,On track,1725.75,0,false
2026-08,2026-08-31,ACC-1007,Onyx Insurance,Enterprise,APAC,TEAM,Team Plan,Seat,seat/year,88,65,0,73.4,On track,1901.25,0,false
2026-09,2026-09-30,ACC-1007,Onyx Insurance,Enterprise,APAC,TEAM,Team Plan,Seat,seat/year,88,59,0,66.8,On track,1725.75,0,false
2025-10,2025-10-31,ACC-1007,Onyx Insurance,Enterprise,APAC,IMPL,Implementation Services,Usage,consulting hour,217,174,0,80.2,On track,2537.5,0,false
2025-11,2025-11-30,ACC-1007,Onyx Insurance,Enterprise,APAC,IMPL,Implementation Services,Usage,consulting hour,217,168,0,77.3,On track,2450,0,false
2025-12,2025-12-31,ACC-1007,Onyx Insurance,Enterprise,APAC,IMPL,Implementation Services,Usage,consulting hour,217,161,0,74,On track,2347.92,0,false
2026-01,2026-01-31,ACC-1007,Onyx Insurance,Enterprise,APAC,IMPL,Implementation Services,Usage,consulting hour,217,141,0,64.9,On track,2056.25,0,false
2026-02,2026-02-28,ACC-1007,Onyx Insurance,Enterprise,APAC,IMPL,Implementation Services,Usage,consulting hour,217,132,0,60.7,On track,1925,0,false
2026-03,2026-03-31,ACC-1007,Onyx Insurance,Enterprise,APAC,IMPL,Implementation Services,Usage,consulting hour,217,128,0,58.8,Under-consuming,1866.67,0,false
2026-04,2026-04-30,ACC-1007,Onyx Insurance,Enterprise,APAC,IMPL,Implementation Services,Usage,consulting hour,217,142,0,65.5,On track,2070.83,0,false
2026-05,2026-05-31,ACC-1007,Onyx Insurance,Enterprise,APAC,IMPL,Implementation Services,Usage,consulting hour,217,169,0,78,On track,2464.58,0,false
2026-06,2026-06-30,ACC-1007,Onyx Insurance,Enterprise,APAC,IMPL,Implementation Services,Usage,consulting hour,217,163,0,75.1,On track,2377.08,0,false
2026-07,2026-07-31,ACC-1007,Onyx Insurance,Enterprise,APAC,IMPL,Implementation Services,Usage,consulting hour,217,154,0,71,On track,2245.83,0,false
2026-08,2026-08-31,ACC-1007,Onyx Insurance,Enterprise,APAC,IMPL,Implementation Services,Usage,consulting hour,217,144,0,66.3,On track,2100,0,false
2026-09,2026-09-30,ACC-1007,Onyx Insurance,Enterprise,APAC,IMPL,Implementation Services,Usage,consulting hour,217,145,0,66.9,On track,2114.58,0,false
2026-03,2026-03-31,ACC-1007,Onyx Insurance,Enterprise,APAC,IMPL,Implementation Services,Usage,consulting hour,578,405,0,70.1,On track,5020.31,0,false
2026-04,2026-04-30,ACC-1007,Onyx Insurance,Enterprise,APAC,IMPL,Implementation Services,Usage,consulting hour,578,363,0,62.9,On track,4499.69,0,false
2026-05,2026-05-31,ACC-1007,Onyx Insurance,Enterprise,APAC,IMPL,Implementation Services,Usage,consulting hour,578,440,0,76.1,On track,5454.17,0,false
2026-06,2026-06-30,ACC-1007,Onyx Insurance,Enterprise,APAC,IMPL,Implementation Services,Usage,consulting hour,578,443,0,76.7,On track,5491.35,0,false
2026-07,2026-07-31,ACC-1007,Onyx Insurance,Enterprise,APAC,IMPL,Implementation Services,Usage,consulting hour,578,453,0,78.4,On track,5615.31,0,false
2026-08,2026-08-31,ACC-1007,Onyx Insurance,Enterprise,APAC,IMPL,Implementation Services,Usage,consulting hour,578,469,0,81.1,On track,5813.65,0,false
2026-09,2026-09-30,ACC-1007,Onyx Insurance,Enterprise,APAC,IMPL,Implementation Services,Usage,consulting hour,578,498,0,86.2,On track,6173.13,0,false
2026-03,2026-03-31,ACC-1007,Onyx Insurance,Enterprise,APAC,PRO,Academy Pro,Seat,learner/year,453,303,0,66.9,On track,5757,0,false
2026-04,2026-04-30,ACC-1007,Onyx Insurance,Enterprise,APAC,PRO,Academy Pro,Seat,learner/year,453,356,0,78.5,On track,6764,0,false
2026-05,2026-05-31,ACC-1007,Onyx Insurance,Enterprise,APAC,PRO,Academy Pro,Seat,learner/year,453,380,0,83.9,On track,7220,0,false
2026-06,2026-06-30,ACC-1007,Onyx Insurance,Enterprise,APAC,PRO,Academy Pro,Seat,learner/year,453,424,0,93.6,On track,8056,0,false
2026-07,2026-07-31,ACC-1007,Onyx Insurance,Enterprise,APAC,PRO,Academy Pro,Seat,learner/year,453,463,10,102.2,On track,8844.5,237.5,false
2026-08,2026-08-31,ACC-1007,Onyx Insurance,Enterprise,APAC,PRO,Academy Pro,Seat,learner/year,453,494,41,109.1,In overage,9580.75,973.75,false
2026-09,2026-09-30,ACC-1007,Onyx Insurance,Enterprise,APAC,PRO,Academy Pro,Seat,learner/year,453,508,55,112.2,In overage,9913.25,1306.25,false
2026-05,2026-05-31,ACC-1007,Onyx Insurance,Enterprise,APAC,VOUCHER,Certification Vouchers,Usage,voucher,222,154,0,69.4,On track,2079,0,false
2026-06,2026-06-30,ACC-1007,Onyx Insurance,Enterprise,APAC,VOUCHER,Certification Vouchers,Usage,voucher,222,137,0,61.7,On track,1849.5,0,false
2026-07,2026-07-31,ACC-1007,Onyx Insurance,Enterprise,APAC,VOUCHER,Certification Vouchers,Usage,voucher,222,156,0,70.1,On track,2106,0,false
2026-08,2026-08-31,ACC-1007,Onyx Insurance,Enterprise,APAC,VOUCHER,Certification Vouchers,Usage,voucher,222,165,0,74.5,On track,2227.5,0,false
2026-09,2026-09-30,ACC-1007,Onyx Insurance,Enterprise,APAC,VOUCHER,Certification Vouchers,Usage,voucher,222,179,0,80.5,On track,2416.5,0,false
2025-06,2025-06-30,ACC-1117,Halcyon Care,Self-Serve,AMER,PRO,Academy Pro,Seat,learner/year,13,8,0,59.8,Under-consuming,144,0,false
2025-07,2025-07-31,ACC-1117,Halcyon Care,Self-Serve,AMER,PRO,Academy Pro,Seat,learner/year,13,7,0,56.9,Under-consuming,126,0,false
2025-08,2025-08-31,ACC-1117,Halcyon Care,Self-Serve,AMER,PRO,Academy Pro,Seat,learner/year,13,7,0,57.2,Under-consuming,126,0,false
2025-09,2025-09-30,ACC-1117,Halcyon Care,Self-Serve,AMER,PRO,Academy Pro,Seat,learner/year,13,7,0,51.6,Under-consuming,126,0,true
2025-10,2025-10-31,ACC-1117,Halcyon Care,Self-Serve,AMER,PRO,Academy Pro,Seat,learner/year,13,6,0,44.8,Under-consuming,108,0,true
2025-11,2025-11-30,ACC-1117,Halcyon Care,Self-Serve,AMER,PRO,Academy Pro,Seat,learner/year,13,6,0,42.7,Under-consuming,108,0,true
2025-12,2025-12-31,ACC-1117,Halcyon Care,Self-Serve,AMER,PRO,Academy Pro,Seat,learner/year,13,6,0,42.3,Under-consuming,108,0,true
2026-01,2026-01-31,ACC-1117,Halcyon Care,Self-Serve,AMER,PRO,Academy Pro,Seat,learner/year,13,6,0,46.6,Under-consuming,108,0,true
2026-02,2026-02-28,ACC-1117,Halcyon Care,Self-Serve,AMER,PRO,Academy Pro,Seat,learner/year,13,6,0,48.1,Under-consuming,108,0,true
2026-03,2026-03-31,ACC-1117,Halcyon Care,Self-Serve,AMER,PRO,Academy Pro,Seat,learner/year,13,6,0,49.4,Under-consuming,108,0,true
2026-04,2026-04-30,ACC-1117,Halcyon Care,Self-Serve,AMER,PRO,Academy Pro,Seat,learner/year,13,8,0,60.7,On track,144,0,false
2026-05,2026-05-31,ACC-1117,Halcyon Care,Self-Serve,AMER,PRO,Academy Pro,Seat,learner/year,13,8,0,58.7,Under-consuming,144,0,false
2026-06,2026-06-30,ACC-1117,Halcyon Care,Self-Serve,AMER,PRO,Academy Pro,Seat,learner/year,13,8,0,59.7,Under-consuming,144,0,false
2026-07,2026-07-31,ACC-1117,Halcyon Care,Self-Serve,AMER,PRO,Academy Pro,Seat,learner/year,13,7,0,55.3,Under-consuming,126,0,false
2026-08,2026-08-31,ACC-1117,Halcyon Care,Self-Serve,AMER,PRO,Academy Pro,Seat,learner/year,13,6,0,48.5,Under-consuming,108,0,true
2026-09,2026-09-30,ACC-1117,Halcyon Care,Self-Serve,AMER,PRO,Academy Pro,Seat,learner/year,13,6,0,44.8,Under-consuming,108,0,true
2026-08,2026-08-31,ACC-1083,Zephyr Energy,Self-Serve,EMEA,CLASSROOM,Classroom Seat-Days,Usage,seat-day,6,4,0,72.1,On track,103.33,0,false
2026-09,2026-09-30,ACC-1083,Zephyr Energy,Self-Serve,EMEA,CLASSROOM,Classroom Seat-Days,Usage,seat-day,6,4,0,64,On track,103.33,0,false
2026-02,2026-02-28,ACC-1083,Zephyr Energy,Self-Serve,EMEA,IMPL,Implementation Services,Usage,consulting hour,18,16,0,86.6,On track,221.67,0,false
2026-03,2026-03-31,ACC-1083,Zephyr Energy,Self-Serve,EMEA,IMPL,Implementation Services,Usage,consulting hour,18,15,0,84.6,On track,207.81,0,false
2026-04,2026-04-30,ACC-1083,Zephyr Energy,Self-Serve,EMEA,IMPL,Implementation Services,Usage,consulting hour,18,14,0,79.5,On track,193.96,0,false
2026-05,2026-05-31,ACC-1083,Zephyr Energy,Self-Serve,EMEA,IMPL,Implementation Services,Usage,consulting hour,18,13,0,74.9,On track,180.1,0,false
2026-06,2026-06-30,ACC-1083,Zephyr Energy,Self-Serve,EMEA,IMPL,Implementation Services,Usage,consulting hour,18,14,0,77.4,On track,193.96,0,false
2026-07,2026-07-31,ACC-1083,Zephyr Energy,Self-Serve,EMEA,IMPL,Implementation Services,Usage,consulting hour,18,14,0,77,On track,193.96,0,false
2026-08,2026-08-31,ACC-1083,Zephyr Energy,Self-Serve,EMEA,IMPL,Implementation Services,Usage,consulting hour,18,15,0,81.5,On track,207.81,0,false
2026-09,2026-09-30,ACC-1083,Zephyr Energy,Self-Serve,EMEA,IMPL,Implementation Services,Usage,consulting hour,18,16,0,86.4,On track,221.67,0,false
2026-03,2026-03-31,ACC-1133,Cinder Motors,Mid-Market,APAC,PRO,Academy Pro,Seat,learner/year,164,120,0,73,On track,2280,0,false
2026-04,2026-04-30,ACC-1133,Cinder Motors,Mid-Market,APAC,PRO,Academy Pro,Seat,learner/year,164,103,0,62.6,On track,1957,0,false
2026-05,2026-05-31,ACC-1133,Cinder Motors,Mid-Market,APAC,PRO,Academy Pro,Seat,learner/year,164,111,0,67.5,On track,2109,0,false
2026-06,2026-06-30,ACC-1133,Cinder Motors,Mid-Market,APAC,PRO,Academy Pro,Seat,learner/year,164,116,0,70.6,On track,2204,0,false
2026-07,2026-07-31,ACC-1133,Cinder Motors,Mid-Market,APAC,PRO,Academy Pro,Seat,learner/year,164,106,0,64.5,On track,2014,0,false
2026-08,2026-08-31,ACC-1133,Cinder Motors,Mid-Market,APAC,PRO,Academy Pro,Seat,learner/year,164,98,0,60,On track,1862,0,false
2026-09,2026-09-30,ACC-1133,Cinder Motors,Mid-Market,APAC,PRO,Academy Pro,Seat,learner/year,164,104,0,63.1,On track,1976,0,false
2026-09,2026-09-30,ACC-1059,Orbital Bank,Enterprise,AMER,VOUCHER,Certification Vouchers,Usage,voucher,265,245,0,92.4,On track,2388.75,0,false
2026-09,2026-09-30,ACC-1059,Orbital Bank,Enterprise,AMER,TEAM,Team Plan,Seat,seat/year,83,55,0,66.1,On track,1519.38,0,false
2026-06,2026-06-30,ACC-1059,Orbital Bank,Enterprise,AMER,PRO,Academy Pro,Seat,learner/year,68,37,0,54.7,Under-consuming,703,0,true
2026-07,2026-07-31,ACC-1059,Orbital Bank,Enterprise,AMER,PRO,Academy Pro,Seat,learner/year,68,42,0,61.1,On track,798,0,false
2026-08,2026-08-31,ACC-1059,Orbital Bank,Enterprise,AMER,PRO,Academy Pro,Seat,learner/year,68,41,0,60.8,On track,779,0,false
2026-09,2026-09-30,ACC-1059,Orbital Bank,Enterprise,AMER,PRO,Academy Pro,Seat,learner/year,68,40,0,59.2,Under-consuming,760,0,false
2026-06,2026-06-30,ACC-1059,Orbital Bank,Enterprise,AMER,CLASSROOM,Classroom Seat-Days,Usage,seat-day,44,35,0,79,On track,723.33,0,false
2026-07,2026-07-31,ACC-1059,Orbital Bank,Enterprise,AMER,CLASSROOM,Classroom Seat-Days,Usage,seat-day,44,36,0,81.7,On track,744,0,false
2026-08,2026-08-31,ACC-1059,Orbital Bank,Enterprise,AMER,CLASSROOM,Classroom Seat-Days,Usage,seat-day,44,36,0,81.5,On track,744,0,false
2026-09,2026-09-30,ACC-1059,Orbital Bank,Enterprise,AMER,CLASSROOM,Classroom Seat-Days,Usage,seat-day,44,38,0,86.2,On track,785.33,0,false
2026-08,2026-08-31,ACC-1059,Orbital Bank,Enterprise,AMER,TEAM,Team Plan,Seat,seat/year,406,365,0,90,On track,9490,0,false
2026-09,2026-09-30,ACC-1059,Orbital Bank,Enterprise,AMER,TEAM,Team Plan,Seat,seat/year,406,333,0,82.1,On track,8658,0,false
2026-08,2026-08-31,ACC-1059,Orbital Bank,Enterprise,AMER,IMPL,Implementation Services,Usage,consulting hour,968,778,0,80.4,On track,8509.38,0,false
2026-09,2026-09-30,ACC-1059,Orbital Bank,Enterprise,AMER,IMPL,Implementation Services,Usage,consulting hour,968,844,0,87.2,On track,9231.25,0,false
2026-06,2026-06-30,ACC-1021,Ember Telecom,Self-Serve,AMER,CLASSROOM,Classroom Seat-Days,Usage,seat-day,9,5,0,58.9,Under-consuming,122.71,0,false
2026-07,2026-07-31,ACC-1021,Ember Telecom,Self-Serve,AMER,CLASSROOM,Classroom Seat-Days,Usage,seat-day,9,6,0,65.7,On track,147.25,0,false
2026-08,2026-08-31,ACC-1021,Ember Telecom,Self-Serve,AMER,CLASSROOM,Classroom Seat-Days,Usage,seat-day,9,7,0,73,On track,171.79,0,false
2026-09,2026-09-30,ACC-1021,Ember Telecom,Self-Serve,AMER,CLASSROOM,Classroom Seat-Days,Usage,seat-day,9,7,0,78,On track,171.79,0,false
2025-08,2025-08-31,ACC-1088,Beacon Works,SMB,APAC,IMPL,Implementation Services,Usage,consulting hour,36,24,0,66.2,On track,332.5,0,false
2025-09,2025-09-30,ACC-1088,Beacon Works,SMB,APAC,IMPL,Implementation Services,Usage,consulting hour,36,22,0,61,On track,304.79,0,false
2025-10,2025-10-31,ACC-1088,Beacon Works,SMB,APAC,IMPL,Implementation Services,Usage,consulting hour,36,20,0,56.5,Under-consuming,277.08,0,false
2025-11,2025-11-30,ACC-1088,Beacon Works,SMB,APAC,IMPL,Implementation Services,Usage,consulting hour,36,20,0,55.2,Under-consuming,277.08,0,false
2025-12,2025-12-31,ACC-1088,Beacon Works,SMB,APAC,IMPL,Implementation Services,Usage,consulting hour,36,16,0,43.8,Under-consuming,221.67,0,true
2026-01,2026-01-31,ACC-1088,Beacon Works,SMB,APAC,IMPL,Implementation Services,Usage,consulting hour,36,15,0,41.1,Under-consuming,207.81,0,true
2026-02,2026-02-28,ACC-1088,Beacon Works,SMB,APAC,IMPL,Implementation Services,Usage,consulting hour,36,15,0,41.7,Under-consuming,207.81,0,true
2026-03,2026-03-31,ACC-1088,Beacon Works,SMB,APAC,IMPL,Implementation Services,Usage,consulting hour,36,13,0,35.1,Under-consuming,180.1,0,true
2026-04,2026-04-30,ACC-1088,Beacon Works,SMB,APAC,IMPL,Implementation Services,Usage,consulting hour,36,11,0,30.8,Under-consuming,152.4,0,true
2026-05,2026-05-31,ACC-1088,Beacon Works,SMB,APAC,IMPL,Implementation Services,Usage,consulting hour,36,13,0,35.5,Under-consuming,180.1,0,true
2026-06,2026-06-30,ACC-1088,Beacon Works,SMB,APAC,IMPL,Implementation Services,Usage,consulting hour,36,13,0,35.7,Under-consuming,180.1,0,true
2026-07,2026-07-31,ACC-1088,Beacon Works,SMB,APAC,IMPL,Implementation Services,Usage,consulting hour,36,13,0,36.7,Under-consuming,180.1,0,true
2026-08,2026-08-31,ACC-1088,Beacon Works,SMB,APAC,IMPL,Implementation Services,Usage,consulting hour,36,14,0,40.1,Under-consuming,193.96,0,true
2026-09,2026-09-30,ACC-1088,Beacon Works,SMB,APAC,IMPL,Implementation Services,Usage,consulting hour,36,15,0,42.2,Under-consuming,207.81,0,true
2026-01,2026-01-31,ACC-1111,Pallas Systems,Self-Serve,AMER,IMPL,Implementation Services,Usage,consulting hour,16,16,0,101.2,On track,210,0,false
2026-02,2026-02-28,ACC-1111,Pallas Systems,Self-Serve,AMER,IMPL,Implementation Services,Usage,consulting hour,16,16,0,98.5,On track,210,0,false
2026-03,2026-03-31,ACC-1111,Pallas Systems,Self-Serve,AMER,IMPL,Implementation Services,Usage,consulting hour,16,16,0,100.1,On track,210,0,false
2026-04,2026-04-30,ACC-1111,Pallas Systems,Self-Serve,AMER,IMPL,Implementation Services,Usage,consulting hour,16,16,0,101.6,On track,210,0,false
2026-05,2026-05-31,ACC-1111,Pallas Systems,Self-Serve,AMER,IMPL,Implementation Services,Usage,consulting hour,16,17,1,104.8,On track,226.41,16.41,false
2026-06,2026-06-30,ACC-1111,Pallas Systems,Self-Serve,AMER,IMPL,Implementation Services,Usage,consulting hour,16,16,0,98.6,On track,210,0,false
2026-07,2026-07-31,ACC-1111,Pallas Systems,Self-Serve,AMER,IMPL,Implementation Services,Usage,consulting hour,16,17,1,106.9,In overage,226.41,16.41,false
2026-08,2026-08-31,ACC-1111,Pallas Systems,Self-Serve,AMER,IMPL,Implementation Services,Usage,consulting hour,16,20,4,124.1,In overage,275.63,65.63,false
2026-09,2026-09-30,ACC-1111,Pallas Systems,Self-Serve,AMER,IMPL,Implementation Services,Usage,consulting hour,16,20,4,125,In overage,275.63,65.63,false
2025-11,2025-11-30,ACC-1111,Pallas Systems,Self-Serve,AMER,CLASSROOM,Classroom Seat-Days,Usage,seat-day,14,10,0,69.6,On track,206.67,0,false
2025-12,2025-12-31,ACC-1111,Pallas Systems,Self-Serve,AMER,CLASSROOM,Classroom Seat-Days,Usage,seat-day,14,10,0,73.1,On track,206.67,0,false
2026-01,2026-01-31,ACC-1111,Pallas Systems,Self-Serve,AMER,CLASSROOM,Classroom Seat-Days,Usage,seat-day,14,10,0,70.3,On track,206.67,0,false
2026-02,2026-02-28,ACC-1111,Pallas Systems,Self-Serve,AMER,CLASSROOM,Classroom Seat-Days,Usage,seat-day,14,9,0,62.8,On track,186,0,false
2026-03,2026-03-31,ACC-1111,Pallas Systems,Self-Serve,AMER,CLASSROOM,Classroom Seat-Days,Usage,seat-day,14,9,0,66,On track,186,0,false
2026-04,2026-04-30,ACC-1111,Pallas Systems,Self-Serve,AMER,CLASSROOM,Classroom Seat-Days,Usage,seat-day,14,10,0,68.9,On track,206.67,0,false
2026-05,2026-05-31,ACC-1111,Pallas Systems,Self-Serve,AMER,CLASSROOM,Classroom Seat-Days,Usage,seat-day,14,9,0,63.9,On track,186,0,false
2026-06,2026-06-30,ACC-1111,Pallas Systems,Self-Serve,AMER,CLASSROOM,Classroom Seat-Days,Usage,seat-day,14,10,0,71,On track,206.67,0,false
2026-07,2026-07-31,ACC-1111,Pallas Systems,Self-Serve,AMER,CLASSROOM,Classroom Seat-Days,Usage,seat-day,14,11,0,76.2,On track,227.33,0,false
2026-08,2026-08-31,ACC-1111,Pallas Systems,Self-Serve,AMER,CLASSROOM,Classroom Seat-Days,Usage,seat-day,14,11,0,75.1,On track,227.33,0,false
2026-09,2026-09-30,ACC-1111,Pallas Systems,Self-Serve,AMER,CLASSROOM,Classroom Seat-Days,Usage,seat-day,14,13,0,90.8,On track,268.67,0,false
2025-08,2025-08-31,ACC-1006,Lattice Works,Self-Serve,AMER,IMPL,Implementation Services,Usage,consulting hour,2,1,0,60.2,On track,13.13,0,false
2025-09,2025-09-30,ACC-1006,Lattice Works,Self-Serve,AMER,IMPL,Implementation Services,Usage,consulting hour,2,1,0,67.4,On track,13.13,0,false
2025-10,2025-10-31,ACC-1006,Lattice Works,Self-Serve,AMER,IMPL,Implementation Services,Usage,consulting hour,2,1,0,72.5,On track,13.13,0,false
2025-11,2025-11-30,ACC-1006,Lattice Works,Self-Serve,AMER,IMPL,Implementation Services,Usage,consulting hour,2,1,0,71.8,On track,13.13,0,false
2025-12,2025-12-31,ACC-1006,Lattice Works,Self-Serve,AMER,IMPL,Implementation Services,Usage,consulting hour,2,1,0,67.4,On track,13.13,0,false
2026-01,2026-01-31,ACC-1006,Lattice Works,Self-Serve,AMER,IMPL,Implementation Services,Usage,consulting hour,2,1,0,69.9,On track,13.13,0,false
2026-02,2026-02-28,ACC-1006,Lattice Works,Self-Serve,AMER,IMPL,Implementation Services,Usage,consulting hour,2,1,0,62.6,On track,13.13,0,false
2026-03,2026-03-31,ACC-1006,Lattice Works,Self-Serve,AMER,IMPL,Implementation Services,Usage,consulting hour,2,1,0,60,Under-consuming,13.13,0,false
2026-04,2026-04-30,ACC-1006,Lattice Works,Self-Serve,AMER,IMPL,Implementation Services,Usage,consulting hour,2,1,0,59.5,Under-consuming,13.13,0,false
2026-05,2026-05-31,ACC-1006,Lattice Works,Self-Serve,AMER,IMPL,Implementation Services,Usage,consulting hour,2,1,0,61.1,On track,13.13,0,false
2026-06,2026-06-30,ACC-1006,Lattice Works,Self-Serve,AMER,IMPL,Implementation Services,Usage,consulting hour,2,1,0,59.9,Under-consuming,13.13,0,false
2026-07,2026-07-31,ACC-1006,Lattice Works,Self-Serve,AMER,IMPL,Implementation Services,Usage,consulting hour,2,1,0,53.9,Under-consuming,13.13,0,true
2026-08,2026-08-31,ACC-1006,Lattice Works,Self-Serve,AMER,IMPL,Implementation Services,Usage,consulting hour,2,1,0,58,Under-consuming,13.13,0,false
2026-09,2026-09-30,ACC-1006,Lattice Works,Self-Serve,AMER,IMPL,Implementation Services,Usage,consulting hour,2,1,0,60.9,On track,13.13,0,false
2026-07,2026-07-31,ACC-1006,Lattice Works,Self-Serve,AMER,CLASSROOM,Classroom Seat-Days,Usage,seat-day,9,7,0,75.8,On track,117.54,0,false
2026-08,2026-08-31,ACC-1006,Lattice Works,Self-Serve,AMER,CLASSROOM,Classroom Seat-Days,Usage,seat-day,9,6,0,69.6,On track,100.75,0,false
2026-09,2026-09-30,ACC-1006,Lattice Works,Self-Serve,AMER,CLASSROOM,Classroom Seat-Days,Usage,seat-day,9,6,0,63.7,On track,100.75,0,false
2026-09,2026-09-30,ACC-1076,Dovetail Foods,Self-Serve,AMER,PRO,Academy Pro,Seat,learner/year,17,13,0,77.7,On track,208,0,false
2026-04,2026-04-30,ACC-1076,Dovetail Foods,Self-Serve,AMER,TEAM,Team Plan,Seat,seat/year,1,1,0,96.9,On track,29.25,0,false
2026-05,2026-05-31,ACC-1076,Dovetail Foods,Self-Serve,AMER,TEAM,Team Plan,Seat,seat/year,1,1,0,97.6,On track,29.25,0,false
2026-06,2026-06-30,ACC-1076,Dovetail Foods,Self-Serve,AMER,TEAM,Team Plan,Seat,seat/year,1,1,0,96.1,On track,29.25,0,false
2026-07,2026-07-31,ACC-1076,Dovetail Foods,Self-Serve,AMER,TEAM,Team Plan,Seat,seat/year,1,1,0,102.8,On track,29.25,0,false
2026-08,2026-08-31,ACC-1076,Dovetail Foods,Self-Serve,AMER,TEAM,Team Plan,Seat,seat/year,1,1,0,99.9,On track,29.25,0,false
2026-09,2026-09-30,ACC-1076,Dovetail Foods,Self-Serve,AMER,TEAM,Team Plan,Seat,seat/year,1,1,0,104.6,On track,29.25,0,false
2026-06,2026-06-30,ACC-1076,Dovetail Foods,Self-Serve,AMER,VOUCHER,Certification Vouchers,Usage,voucher,4,4,0,103,On track,60,0,false
2026-07,2026-07-31,ACC-1076,Dovetail Foods,Self-Serve,AMER,VOUCHER,Certification Vouchers,Usage,voucher,4,4,0,98.4,On track,60,0,false
2026-08,2026-08-31,ACC-1076,Dovetail Foods,Self-Serve,AMER,VOUCHER,Certification Vouchers,Usage,voucher,4,4,0,95.7,On track,60,0,false
2026-09,2026-09-30,ACC-1076,Dovetail Foods,Self-Serve,AMER,VOUCHER,Certification Vouchers,Usage,voucher,4,3,0,87.4,On track,45,0,false
2026-06,2026-06-30,ACC-1092,Lattice Capital,SMB,AMER,IMPL,Implementation Services,Usage,consulting hour,4,3,0,71.4,On track,39.38,0,false
2026-07,2026-07-31,ACC-1092,Lattice Capital,SMB,AMER,IMPL,Implementation Services,Usage,consulting hour,4,3,0,81.9,On track,39.38,0,false
2026-08,2026-08-31,ACC-1092,Lattice Capital,SMB,AMER,IMPL,Implementation Services,Usage,consulting hour,4,3,0,83.6,On track,39.38,0,false
2026-09,2026-09-30,ACC-1092,Lattice Capital,SMB,AMER,IMPL,Implementation Services,Usage,consulting hour,4,3,0,85.1,On track,39.38,0,false
2026-06,2026-06-30,ACC-1092,Lattice Capital,SMB,AMER,VOUCHER,Certification Vouchers,Usage,voucher,7,6,0,92.5,On track,90,0,false
2026-07,2026-07-31,ACC-1092,Lattice Capital,SMB,AMER,VOUCHER,Certification Vouchers,Usage,voucher,7,7,0,97.7,On track,105,0,false
2026-08,2026-08-31,ACC-1092,Lattice Capital,SMB,AMER,VOUCHER,Certification Vouchers,Usage,voucher,7,7,0,105,On track,105,0,false
2026-09,2026-09-30,ACC-1092,Lattice Capital,SMB,AMER,VOUCHER,Certification Vouchers,Usage,voucher,7,7,0,101.2,On track,105,0,false
2026-06,2026-06-30,ACC-1092,Lattice Capital,SMB,AMER,TEAM,Team Plan,Seat,seat/year,5,5,0,103.9,On track,146.25,0,false
2026-07,2026-07-31,ACC-1092,Lattice Capital,SMB,AMER,TEAM,Team Plan,Seat,seat/year,5,5,0,107.4,In overage,146.25,0,false
2026-08,2026-08-31,ACC-1092,Lattice Capital,SMB,AMER,TEAM,Team Plan,Seat,seat/year,5,6,1,111.3,In overage,182.81,36.56,false
2026-09,2026-09-30,ACC-1092,Lattice Capital,SMB,AMER,TEAM,Team Plan,Seat,seat/year,5,6,1,110.7,In overage,182.81,36.56,false
2025-12,2025-12-31,ACC-1104,Rivet Partners,Self-Serve,AMER,PRO,Academy Pro,Seat,learner/year,1,1,0,91.3,On track,17,0,false
2026-01,2026-01-31,ACC-1104,Rivet Partners,Self-Serve,AMER,PRO,Academy Pro,Seat,learner/year,1,1,0,93.9,On track,17,0,false
2026-02,2026-02-28,ACC-1104,Rivet Partners,Self-Serve,AMER,PRO,Academy Pro,Seat,learner/year,1,1,0,99.4,On track,17,0,false
2026-03,2026-03-31,ACC-1104,Rivet Partners,Self-Serve,AMER,PRO,Academy Pro,Seat,learner/year,1,1,0,100,On track,17,0,false
2026-04,2026-04-30,ACC-1104,Rivet Partners,Self-Serve,AMER,PRO,Academy Pro,Seat,learner/year,1,1,0,97.1,On track,17,0,false
2026-05,2026-05-31,ACC-1104,Rivet Partners,Self-Serve,AMER,PRO,Academy Pro,Seat,learner/year,1,1,0,94.9,On track,17,0,false
2026-06,2026-06-30,ACC-1104,Rivet Partners,Self-Serve,AMER,PRO,Academy Pro,Seat,learner/year,1,1,0,96.6,On track,17,0,false
2026-07,2026-07-31,ACC-1104,Rivet Partners,Self-Serve,AMER,PRO,Academy Pro,Seat,learner/year,1,1,0,94.6,On track,17,0,false
2026-08,2026-08-31,ACC-1104,Rivet Partners,Self-Serve,AMER,PRO,Academy Pro,Seat,learner/year,1,1,0,99.1,On track,17,0,false
2026-09,2026-09-30,ACC-1104,Rivet Partners,Self-Serve,AMER,PRO,Academy Pro,Seat,learner/year,1,1,0,95.7,On track,17,0,false
2026-08,2026-08-31,ACC-1104,Rivet Partners,Self-Serve,AMER,IMPL,Implementation Services,Usage,consulting hour,17,12,0,68.3,On track,175,0,false
2026-09,2026-09-30,ACC-1104,Rivet Partners,Self-Serve,AMER,IMPL,Implementation Services,Usage,consulting hour,17,13,0,76.1,On track,189.58,0,false
2026-02,2026-02-28,ACC-1027,Quanta Digital,Enterprise,EMEA,CLASSROOM,Classroom Seat-Days,Usage,seat-day,90,59,0,65.5,On track,1524.17,0,false
2026-03,2026-03-31,ACC-1027,Quanta Digital,Enterprise,EMEA,CLASSROOM,Classroom Seat-Days,Usage,seat-day,90,45,0,49.6,Under-consuming,1162.5,0,true
2026-04,2026-04-30,ACC-1027,Quanta Digital,Enterprise,EMEA,CLASSROOM,Classroom Seat-Days,Usage,seat-day,90,49,0,54,Under-consuming,1265.83,0,true
2026-05,2026-05-31,ACC-1027,Quanta Digital,Enterprise,EMEA,CLASSROOM,Classroom Seat-Days,Usage,seat-day,90,46,0,51.4,Under-consuming,1188.33,0,true
2026-06,2026-06-30,ACC-1027,Quanta Digital,Enterprise,EMEA,CLASSROOM,Classroom Seat-Days,Usage,seat-day,90,43,0,48,Under-consuming,1110.83,0,true
2026-07,2026-07-31,ACC-1027,Quanta Digital,Enterprise,EMEA,CLASSROOM,Classroom Seat-Days,Usage,seat-day,90,42,0,47.2,Under-consuming,1085,0,true
2026-08,2026-08-31,ACC-1027,Quanta Digital,Enterprise,EMEA,CLASSROOM,Classroom Seat-Days,Usage,seat-day,90,42,0,46.3,Under-consuming,1085,0,true
2026-09,2026-09-30,ACC-1027,Quanta Digital,Enterprise,EMEA,CLASSROOM,Classroom Seat-Days,Usage,seat-day,90,32,0,36,Under-consuming,826.67,0,true
2026-02,2026-02-28,ACC-1027,Quanta Digital,Enterprise,EMEA,VOUCHER,Certification Vouchers,Usage,voucher,320,338,18,105.5,In overage,4366.88,286.88,false
2026-03,2026-03-31,ACC-1027,Quanta Digital,Enterprise,EMEA,VOUCHER,Certification Vouchers,Usage,voucher,320,354,34,110.5,In overage,4621.88,541.88,false
2026-04,2026-04-30,ACC-1027,Quanta Digital,Enterprise,EMEA,VOUCHER,Certification Vouchers,Usage,voucher,320,394,74,123,In overage,5259.38,1179.38,false
2026-05,2026-05-31,ACC-1027,Quanta Digital,Enterprise,EMEA,VOUCHER,Certification Vouchers,Usage,voucher,320,400,80,125.1,In overage,5355,1275,false
2026-06,2026-06-30,ACC-1027,Quanta Digital,Enterprise,EMEA,VOUCHER,Certification Vouchers,Usage,voucher,320,399,79,124.7,In overage,5339.06,1259.06,false
2026-07,2026-07-31,ACC-1027,Quanta Digital,Enterprise,EMEA,VOUCHER,Certification Vouchers,Usage,voucher,320,466,146,145.7,In overage,6406.88,2326.88,false
2026-08,2026-08-31,ACC-1027,Quanta Digital,Enterprise,EMEA,VOUCHER,Certification Vouchers,Usage,voucher,320,477,157,149.1,In overage,6582.19,2502.19,false
2026-09,2026-09-30,ACC-1027,Quanta Digital,Enterprise,EMEA,VOUCHER,Certification Vouchers,Usage,voucher,320,521,201,162.7,In overage,7283.44,3203.44,false
2026-01,2026-01-31,ACC-1027,Quanta Digital,Enterprise,EMEA,VOUCHER,Certification Vouchers,Usage,voucher,386,314,0,81.5,On track,4239,0,false
2026-02,2026-02-28,ACC-1027,Quanta Digital,Enterprise,EMEA,VOUCHER,Certification Vouchers,Usage,voucher,386,295,0,76.4,On track,3982.5,0,false
2026-03,2026-03-31,ACC-1027,Quanta Digital,Enterprise,EMEA,VOUCHER,Certification Vouchers,Usage,voucher,386,280,0,72.7,On track,3780,0,false
2026-04,2026-04-30,ACC-1027,Quanta Digital,Enterprise,EMEA,VOUCHER,Certification Vouchers,Usage,voucher,386,250,0,64.9,On track,3375,0,false
2026-05,2026-05-31,ACC-1027,Quanta Digital,Enterprise,EMEA,VOUCHER,Certification Vouchers,Usage,voucher,386,220,0,57.1,Under-consuming,2970,0,false
2026-06,2026-06-30,ACC-1027,Quanta Digital,Enterprise,EMEA,VOUCHER,Certification Vouchers,Usage,voucher,386,226,0,58.6,Under-consuming,3051,0,false
2026-07,2026-07-31,ACC-1027,Quanta Digital,Enterprise,EMEA,VOUCHER,Certification Vouchers,Usage,voucher,386,214,0,55.4,Under-consuming,2889,0,false
2026-08,2026-08-31,ACC-1027,Quanta Digital,Enterprise,EMEA,VOUCHER,Certification Vouchers,Usage,voucher,386,233,0,60.3,On track,3145.5,0,false
2026-09,2026-09-30,ACC-1027,Quanta Digital,Enterprise,EMEA,VOUCHER,Certification Vouchers,Usage,voucher,386,249,0,64.5,On track,3361.5,0,false
2025-10,2025-10-31,ACC-1027,Quanta Digital,Enterprise,EMEA,IMPL,Implementation Services,Usage,consulting hour,459,201,0,43.8,Under-consuming,2931.25,0,true
2025-11,2025-11-30,ACC-1027,Quanta Digital,Enterprise,EMEA,IMPL,Implementation Services,Usage,consulting hour,459,225,0,49,Under-consuming,3281.25,0,true
2025-12,2025-12-31,ACC-1027,Quanta Digital,Enterprise,EMEA,IMPL,Implementation Services,Usage,consulting hour,459,226,0,49.2,Under-consuming,3295.83,0,true
2026-01,2026-01-31,ACC-1027,Quanta Digital,Enterprise,EMEA,IMPL,Implementation Services,Usage,consulting hour,459,230,0,50,Under-consuming,3354.17,0,true
2026-02,2026-02-28,ACC-1027,Quanta Digital,Enterprise,EMEA,IMPL,Implementation Services,Usage,consulting hour,459,252,0,55,Under-consuming,3675,0,true
2026-03,2026-03-31,ACC-1027,Quanta Digital,Enterprise,EMEA,IMPL,Implementation Services,Usage,consulting hour,459,269,0,58.6,Under-consuming,3922.92,0,false
2026-04,2026-04-30,ACC-1027,Quanta Digital,Enterprise,EMEA,IMPL,Implementation Services,Usage,consulting hour,459,277,0,60.5,On track,4039.58,0,false
2026-05,2026-05-31,ACC-1027,Quanta Digital,Enterprise,EMEA,IMPL,Implementation Services,Usage,consulting hour,459,296,0,64.4,On track,4316.67,0,false
2026-06,2026-06-30,ACC-1027,Quanta Digital,Enterprise,EMEA,IMPL,Implementation Services,Usage,consulting hour,459,305,0,66.4,On track,4447.92,0,false
2026-07,2026-07-31,ACC-1027,Quanta Digital,Enterprise,EMEA,IMPL,Implementation Services,Usage,consulting hour,459,325,0,70.8,On track,4739.58,0,false
2026-08,2026-08-31,ACC-1027,Quanta Digital,Enterprise,EMEA,IMPL,Implementation Services,Usage,consulting hour,459,314,0,68.4,On track,4579.17,0,false
2026-09,2026-09-30,ACC-1027,Quanta Digital,Enterprise,EMEA,IMPL,Implementation Services,Usage,consulting hour,459,312,0,67.9,On track,4550,0,false
2025-10,2025-10-31,ACC-1027,Quanta Digital,Enterprise,EMEA,CLASSROOM,Classroom Seat-Days,Usage,seat-day,281,178,0,63.3,On track,3678.67,0,false
2025-11,2025-11-30,ACC-1027,Quanta Digital,Enterprise,EMEA,CLASSROOM,Classroom Seat-Days,Usage,seat-day,281,180,0,64.1,On track,3720,0,false
2025-12,2025-12-31,ACC-1027,Quanta Digital,Enterprise,EMEA,CLASSROOM,Classroom Seat-Days,Usage,seat-day,281,160,0,57,Under-consuming,3306.67,0,false
2026-01,2026-01-31,ACC-1027,Quanta Digital,Enterprise,EMEA,CLASSROOM,Classroom Seat-Days,Usage,seat-day,281,154,0,54.8,Under-consuming,3182.67,0,true
2026-02,2026-02-28,ACC-1027,Quanta Digital,Enterprise,EMEA,CLASSROOM,Classroom Seat-Days,Usage,seat-day,281,125,0,44.4,Under-consuming,2583.33,0,true
2026-03,2026-03-31,ACC-1027,Quanta Digital,Enterprise,EMEA,CLASSROOM,Classroom Seat-Days,Usage,seat-day,281,130,0,46.4,Under-consuming,2686.67,0,true
2026-04,2026-04-30,ACC-1027,Quanta Digital,Enterprise,EMEA,CLASSROOM,Classroom Seat-Days,Usage,seat-day,281,123,0,43.9,Under-consuming,2542,0,true
2026-05,2026-05-31,ACC-1027,Quanta Digital,Enterprise,EMEA,CLASSROOM,Classroom Seat-Days,Usage,seat-day,281,130,0,46.1,Under-consuming,2686.67,0,true
2026-06,2026-06-30,ACC-1027,Quanta Digital,Enterprise,EMEA,CLASSROOM,Classroom Seat-Days,Usage,seat-day,281,139,0,49.5,Under-consuming,2872.67,0,true
2026-07,2026-07-31,ACC-1027,Quanta Digital,Enterprise,EMEA,CLASSROOM,Classroom Seat-Days,Usage,seat-day,281,135,0,48.2,Under-consuming,2790,0,true
2026-08,2026-08-31,ACC-1027,Quanta Digital,Enterprise,EMEA,CLASSROOM,Classroom Seat-Days,Usage,seat-day,281,102,0,36.2,Under-consuming,2108,0,true
2026-09,2026-09-30,ACC-1027,Quanta Digital,Enterprise,EMEA,CLASSROOM,Classroom Seat-Days,Usage,seat-day,281,107,0,38.2,Under-consuming,2211.33,0,true
2025-11,2025-11-30,ACC-1027,Quanta Digital,Enterprise,EMEA,TEAM,Team Plan,Seat,seat/year,73,52,0,70.6,On track,1690,0,false
2025-12,2025-12-31,ACC-1027,Quanta Digital,Enterprise,EMEA,TEAM,Team Plan,Seat,seat/year,73,54,0,74.4,On track,1755,0,false
2026-01,2026-01-31,ACC-1027,Quanta Digital,Enterprise,EMEA,TEAM,Team Plan,Seat,seat/year,73,53,0,72.3,On track,1722.5,0,false
2026-02,2026-02-28,ACC-1027,Quanta Digital,Enterprise,EMEA,TEAM,Team Plan,Seat,seat/year,73,54,0,73.3,On track,1755,0,false
2026-03,2026-03-31,ACC-1027,Quanta Digital,Enterprise,EMEA,TEAM,Team Plan,Seat,seat/year,73,53,0,72.2,On track,1722.5,0,false
2026-04,2026-04-30,ACC-1027,Quanta Digital,Enterprise,EMEA,TEAM,Team Plan,Seat,seat/year,73,56,0,76.1,On track,1820,0,false
2026-05,2026-05-31,ACC-1027,Quanta Digital,Enterprise,EMEA,TEAM,Team Plan,Seat,seat/year,73,53,0,72,On track,1722.5,0,false
2026-06,2026-06-30,ACC-1027,Quanta Digital,Enterprise,EMEA,TEAM,Team Plan,Seat,seat/year,73,57,0,78.4,On track,1852.5,0,false
2026-07,2026-07-31,ACC-1027,Quanta Digital,Enterprise,EMEA,TEAM,Team Plan,Seat,seat/year,73,57,0,77.9,On track,1852.5,0,false
2026-08,2026-08-31,ACC-1027,Quanta Digital,Enterprise,EMEA,TEAM,Team Plan,Seat,seat/year,73,52,0,71.5,On track,1690,0,false
2026-09,2026-09-30,ACC-1027,Quanta Digital,Enterprise,EMEA,TEAM,Team Plan,Seat,seat/year,73,50,0,68.9,On track,1625,0,false
2025-11,2025-11-30,ACC-1027,Quanta Digital,Enterprise,EMEA,PRO,Academy Pro,Seat,learner/year,66,48,0,72.3,On track,912,0,false
2025-12,2025-12-31,ACC-1027,Quanta Digital,Enterprise,EMEA,PRO,Academy Pro,Seat,learner/year,66,44,0,67.4,On track,836,0,false
2026-01,2026-01-31,ACC-1027,Quanta Digital,Enterprise,EMEA,PRO,Academy Pro,Seat,learner/year,66,46,0,69,On track,874,0,false
2026-02,2026-02-28,ACC-1027,Quanta Digital,Enterprise,EMEA,PRO,Academy Pro,Seat,learner/year,66,46,0,70,On track,874,0,false
2026-03,2026-03-31,ACC-1027,Quanta Digital,Enterprise,EMEA,PRO,Academy Pro,Seat,learner/year,66,43,0,65.6,On track,817,0,false
2026-04,2026-04-30,ACC-1027,Quanta Digital,Enterprise,EMEA,PRO,Academy Pro,Seat,learner/year,66,45,0,68.2,On track,855,0,false
2026-05,2026-05-31,ACC-1027,Quanta Digital,Enterprise,EMEA,PRO,Academy Pro,Seat,learner/year,66,44,0,66.4,On track,836,0,false
2026-06,2026-06-30,ACC-1027,Quanta Digital,Enterprise,EMEA,PRO,Academy Pro,Seat,learner/year,66,41,0,61.9,On track,779,0,false
2026-07,2026-07-31,ACC-1027,Quanta Digital,Enterprise,EMEA,PRO,Academy Pro,Seat,learner/year,66,38,0,57.6,Under-consuming,722,0,false
2026-08,2026-08-31,ACC-1027,Quanta Digital,Enterprise,EMEA,PRO,Academy Pro,Seat,learner/year,66,42,0,64.1,On track,798,0,false
2026-09,2026-09-30,ACC-1027,Quanta Digital,Enterprise,EMEA,PRO,Academy Pro,Seat,learner/year,66,34,0,51.4,Under-consuming,646,0,true
2025-11,2025-11-30,ACC-1027,Quanta Digital,Enterprise,EMEA,CLASSROOM,Classroom Seat-Days,Usage,seat-day,109,105,0,96.4,On track,2305.63,0,false
2025-12,2025-12-31,ACC-1027,Quanta Digital,Enterprise,EMEA,CLASSROOM,Classroom Seat-Days,Usage,seat-day,109,105,0,96.5,On track,2305.63,0,false
2026-01,2026-01-31,ACC-1027,Quanta Digital,Enterprise,EMEA,CLASSROOM,Classroom Seat-Days,Usage,seat-day,109,102,0,93.8,On track,2239.75,0,false
2026-02,2026-02-28,ACC-1027,Quanta Digital,Enterprise,EMEA,CLASSROOM,Classroom Seat-Days,Usage,seat-day,109,97,0,89.1,On track,2129.96,0,false
2026-03,2026-03-31,ACC-1027,Quanta Digital,Enterprise,EMEA,CLASSROOM,Classroom Seat-Days,Usage,seat-day,109,94,0,86.7,On track,2064.08,0,false
2026-04,2026-04-30,ACC-1027,Quanta Digital,Enterprise,EMEA,CLASSROOM,Classroom Seat-Days,Usage,seat-day,109,86,0,79.3,On track,1888.42,0,false
2026-05,2026-05-31,ACC-1027,Quanta Digital,Enterprise,EMEA,CLASSROOM,Classroom Seat-Days,Usage,seat-day,109,90,0,82.6,On track,1976.25,0,false
2026-06,2026-06-30,ACC-1027,Quanta Digital,Enterprise,EMEA,CLASSROOM,Classroom Seat-Days,Usage,seat-day,109,91,0,83.1,On track,1998.21,0,false
2026-07,2026-07-31,ACC-1027,Quanta Digital,Enterprise,EMEA,CLASSROOM,Classroom Seat-Days,Usage,seat-day,109,90,0,82.9,On track,1976.25,0,false
2026-08,2026-08-31,ACC-1027,Quanta Digital,Enterprise,EMEA,CLASSROOM,Classroom Seat-Days,Usage,seat-day,109,92,0,84,On track,2020.17,0,false
2026-09,2026-09-30,ACC-1027,Quanta Digital,Enterprise,EMEA,CLASSROOM,Classroom Seat-Days,Usage,seat-day,109,85,0,78.2,On track,1866.46,0,false
2025-12,2025-12-31,ACC-1128,Cobalt Health,Mid-Market,EMEA,IMPL,Implementation Services,Usage,consulting hour,378,219,0,57.8,Under-consuming,3034.06,0,false
2026-01,2026-01-31,ACC-1128,Cobalt Health,Mid-Market,EMEA,IMPL,Implementation Services,Usage,consulting hour,378,213,0,56.4,Under-consuming,2950.94,0,false
2026-02,2026-02-28,ACC-1128,Cobalt Health,Mid-Market,EMEA,IMPL,Implementation Services,Usage,consulting hour,378,228,0,60.4,On track,3158.75,0,false
2026-03,2026-03-31,ACC-1128,Cobalt Health,Mid-Market,EMEA,IMPL,Implementation Services,Usage,consulting hour,378,234,0,62,On track,3241.88,0,false
2026-04,2026-04-30,ACC-1128,Cobalt Health,Mid-Market,EMEA,IMPL,Implementation Services,Usage,consulting hour,378,212,0,56.2,Under-consuming,2937.08,0,false
2026-05,2026-05-31,ACC-1128,Cobalt Health,Mid-Market,EMEA,IMPL,Implementation Services,Usage,consulting hour,378,228,0,60.2,On track,3158.75,0,false
2026-06,2026-06-30,ACC-1128,Cobalt Health,Mid-Market,EMEA,IMPL,Implementation Services,Usage,consulting hour,378,283,0,74.9,On track,3920.73,0,false
2026-07,2026-07-31,ACC-1128,Cobalt Health,Mid-Market,EMEA,IMPL,Implementation Services,Usage,consulting hour,378,263,0,69.5,On track,3643.65,0,false
2026-08,2026-08-31,ACC-1128,Cobalt Health,Mid-Market,EMEA,IMPL,Implementation Services,Usage,consulting hour,378,293,0,77.5,On track,4059.27,0,false
2026-09,2026-09-30,ACC-1128,Cobalt Health,Mid-Market,EMEA,IMPL,Implementation Services,Usage,consulting hour,378,293,0,77.4,On track,4059.27,0,false
2025-09,2025-09-30,ACC-1128,Cobalt Health,Mid-Market,EMEA,TEAM,Team Plan,Seat,seat/year,32,26,0,80.7,On track,802.75,0,false
2025-10,2025-10-31,ACC-1128,Cobalt Health,Mid-Market,EMEA,TEAM,Team Plan,Seat,seat/year,32,28,0,87.2,On track,864.5,0,false
2025-11,2025-11-30,ACC-1128,Cobalt Health,Mid-Market,EMEA,TEAM,Team Plan,Seat,seat/year,32,28,0,86.1,On track,864.5,0,false
2025-12,2025-12-31,ACC-1128,Cobalt Health,Mid-Market,EMEA,TEAM,Team Plan,Seat,seat/year,32,28,0,87,On track,864.5,0,false
2026-01,2026-01-31,ACC-1128,Cobalt Health,Mid-Market,EMEA,TEAM,Team Plan,Seat,seat/year,32,30,0,93.9,On track,926.25,0,false
2026-02,2026-02-28,ACC-1128,Cobalt Health,Mid-Market,EMEA,TEAM,Team Plan,Seat,seat/year,32,33,1,103.5,On track,1026.59,38.59,false
2026-03,2026-03-31,ACC-1128,Cobalt Health,Mid-Market,EMEA,TEAM,Team Plan,Seat,seat/year,32,34,2,106.4,In overage,1065.19,77.19,false
2026-04,2026-04-30,ACC-1128,Cobalt Health,Mid-Market,EMEA,TEAM,Team Plan,Seat,seat/year,32,36,4,112.2,In overage,1142.38,154.38,false
2026-05,2026-05-31,ACC-1128,Cobalt Health,Mid-Market,EMEA,TEAM,Team Plan,Seat,seat/year,32,40,8,125.2,In overage,1296.75,308.75,false
2026-06,2026-06-30,ACC-1128,Cobalt Health,Mid-Market,EMEA,TEAM,Team Plan,Seat,seat/year,32,44,12,136.3,In overage,1451.13,463.13,false
2026-07,2026-07-31,ACC-1128,Cobalt Health,Mid-Market,EMEA,TEAM,Team Plan,Seat,seat/year,32,47,15,147.5,In overage,1566.91,578.91,false
2026-08,2026-08-31,ACC-1128,Cobalt Health,Mid-Market,EMEA,TEAM,Team Plan,Seat,seat/year,32,47,15,145.4,In overage,1566.91,578.91,false
2026-09,2026-09-30,ACC-1128,Cobalt Health,Mid-Market,EMEA,TEAM,Team Plan,Seat,seat/year,32,50,18,156.5,In overage,1682.69,694.69,false
2025-09,2025-09-30,ACC-1128,Cobalt Health,Mid-Market,EMEA,VOUCHER,Certification Vouchers,Usage,voucher,64,57,0,88.4,On track,855,0,false
2025-10,2025-10-31,ACC-1128,Cobalt Health,Mid-Market,EMEA,VOUCHER,Certification Vouchers,Usage,voucher,64,57,0,88.4,On track,855,0,false
2025-11,2025-11-30,ACC-1128,Cobalt Health,Mid-Market,EMEA,VOUCHER,Certification Vouchers,Usage,voucher,64,53,0,83.2,On track,795,0,false
2025-12,2025-12-31,ACC-1128,Cobalt Health,Mid-Market,EMEA,VOUCHER,Certification Vouchers,Usage,voucher,64,56,0,87.6,On track,840,0,false
2026-01,2026-01-31,ACC-1128,Cobalt Health,Mid-Market,EMEA,VOUCHER,Certification Vouchers,Usage,voucher,64,65,1,101.6,On track,978.75,18.75,false
2026-02,2026-02-28,ACC-1128,Cobalt Health,Mid-Market,EMEA,VOUCHER,Certification Vouchers,Usage,voucher,64,68,4,106.3,In overage,1035,75,false
2026-03,2026-03-31,ACC-1128,Cobalt Health,Mid-Market,EMEA,VOUCHER,Certification Vouchers,Usage,voucher,64,69,5,107.8,In overage,1053.75,93.75,false
2026-04,2026-04-30,ACC-1128,Cobalt Health,Mid-Market,EMEA,VOUCHER,Certification Vouchers,Usage,voucher,64,71,7,111,In overage,1091.25,131.25,false
2026-05,2026-05-31,ACC-1128,Cobalt Health,Mid-Market,EMEA,VOUCHER,Certification Vouchers,Usage,voucher,64,72,8,113.1,In overage,1110,150,false
2026-06,2026-06-30,ACC-1128,Cobalt Health,Mid-Market,EMEA,VOUCHER,Certification Vouchers,Usage,voucher,64,75,11,116.4,In overage,1166.25,206.25,false
2026-07,2026-07-31,ACC-1128,Cobalt Health,Mid-Market,EMEA,VOUCHER,Certification Vouchers,Usage,voucher,64,75,11,117.7,In overage,1166.25,206.25,false
2026-08,2026-08-31,ACC-1128,Cobalt Health,Mid-Market,EMEA,VOUCHER,Certification Vouchers,Usage,voucher,64,74,10,115.8,In overage,1147.5,187.5,false
2026-09,2026-09-30,ACC-1128,Cobalt Health,Mid-Market,EMEA,VOUCHER,Certification Vouchers,Usage,voucher,64,75,11,117.8,In overage,1166.25,206.25,false
2025-11,2025-11-30,ACC-1115,Onyx Group,SMB,AMER,TEAM,Team Plan,Seat,seat/year,19,17,0,87,On track,524.88,0,false
2025-12,2025-12-31,ACC-1115,Onyx Group,SMB,AMER,TEAM,Team Plan,Seat,seat/year,19,18,0,94.6,On track,555.75,0,false
2026-01,2026-01-31,ACC-1115,Onyx Group,SMB,AMER,TEAM,Team Plan,Seat,seat/year,19,18,0,96.7,On track,555.75,0,false
2026-02,2026-02-28,ACC-1115,Onyx Group,SMB,AMER,TEAM,Team Plan,Seat,seat/year,19,19,0,100.5,On track,586.63,0,false
2026-03,2026-03-31,ACC-1115,Onyx Group,SMB,AMER,TEAM,Team Plan,Seat,seat/year,19,19,0,99.3,On track,586.63,0,false
2026-04,2026-04-30,ACC-1115,Onyx Group,SMB,AMER,TEAM,Team Plan,Seat,seat/year,19,19,0,101.6,On track,586.63,0,false
2026-05,2026-05-31,ACC-1115,Onyx Group,SMB,AMER,TEAM,Team Plan,Seat,seat/year,19,20,1,106.6,In overage,625.22,38.59,false
2026-06,2026-06-30,ACC-1115,Onyx Group,SMB,AMER,TEAM,Team Plan,Seat,seat/year,19,20,1,104.3,On track,625.22,38.59,false
2026-07,2026-07-31,ACC-1115,Onyx Group,SMB,AMER,TEAM,Team Plan,Seat,seat/year,19,20,1,104.9,On track,625.22,38.59,false
2026-08,2026-08-31,ACC-1115,Onyx Group,SMB,AMER,TEAM,Team Plan,Seat,seat/year,19,20,1,105.8,In overage,625.22,38.59,false
2026-09,2026-09-30,ACC-1115,Onyx Group,SMB,AMER,TEAM,Team Plan,Seat,seat/year,19,20,1,106,In overage,625.22,38.59,false
2025-11,2025-11-30,ACC-1115,Onyx Group,SMB,AMER,IMPL,Implementation Services,Usage,consulting hour,36,36,0,99.3,On track,341.25,0,false
2025-12,2025-12-31,ACC-1115,Onyx Group,SMB,AMER,IMPL,Implementation Services,Usage,consulting hour,36,36,0,99.2,On track,341.25,0,false
2026-01,2026-01-31,ACC-1115,Onyx Group,SMB,AMER,IMPL,Implementation Services,Usage,consulting hour,36,36,0,100.1,On track,341.25,0,false
2026-02,2026-02-28,ACC-1115,Onyx Group,SMB,AMER,IMPL,Implementation Services,Usage,consulting hour,36,39,3,109.3,In overage,376.8,35.55,false
2026-03,2026-03-31,ACC-1115,Onyx Group,SMB,AMER,IMPL,Implementation Services,Usage,consulting hour,36,41,5,114,In overage,400.49,59.24,false
2026-04,2026-04-30,ACC-1115,Onyx Group,SMB,AMER,IMPL,Implementation Services,Usage,consulting hour,36,45,9,124.9,In overage,447.89,106.64,false
2026-05,2026-05-31,ACC-1115,Onyx Group,SMB,AMER,IMPL,Implementation Services,Usage,consulting hour,36,51,15,140.6,In overage,518.98,177.73,false
2026-06,2026-06-30,ACC-1115,Onyx Group,SMB,AMER,IMPL,Implementation Services,Usage,consulting hour,36,50,14,139.8,In overage,507.14,165.89,false
2026-07,2026-07-31,ACC-1115,Onyx Group,SMB,AMER,IMPL,Implementation Services,Usage,consulting hour,36,51,15,143,In overage,518.98,177.73,false
2026-08,2026-08-31,ACC-1115,Onyx Group,SMB,AMER,IMPL,Implementation Services,Usage,consulting hour,36,50,14,139.5,In overage,507.14,165.89,false
2026-09,2026-09-30,ACC-1115,Onyx Group,SMB,AMER,IMPL,Implementation Services,Usage,consulting hour,36,48,12,134.5,In overage,483.44,142.19,false
2026-02,2026-02-28,ACC-1112,Cobalt Bank,Mid-Market,LATAM,PRO,Academy Pro,Seat,learner/year,128,100,0,78,On track,1900,0,false
2026-03,2026-03-31,ACC-1112,Cobalt Bank,Mid-Market,LATAM,PRO,Academy Pro,Seat,learner/year,128,100,0,78.2,On track,1900,0,false
2026-04,2026-04-30,ACC-1112,Cobalt Bank,Mid-Market,LATAM,PRO,Academy Pro,Seat,learner/year,128,98,0,76.8,On track,1862,0,false
2026-05,2026-05-31,ACC-1112,Cobalt Bank,Mid-Market,LATAM,PRO,Academy Pro,Seat,learner/year,128,99,0,77.2,On track,1881,0,false
2026-06,2026-06-30,ACC-1112,Cobalt Bank,Mid-Market,LATAM,PRO,Academy Pro,Seat,learner/year,128,101,0,78.8,On track,1919,0,false
2026-07,2026-07-31,ACC-1112,Cobalt Bank,Mid-Market,LATAM,PRO,Academy Pro,Seat,learner/year,128,101,0,78.6,On track,1919,0,false
2026-08,2026-08-31,ACC-1112,Cobalt Bank,Mid-Market,LATAM,PRO,Academy Pro,Seat,learner/year,128,87,0,68,On track,1653,0,false
2026-09,2026-09-30,ACC-1112,Cobalt Bank,Mid-Market,LATAM,PRO,Academy Pro,Seat,learner/year,128,87,0,68,On track,1653,0,false
2026-02,2026-02-28,ACC-1112,Cobalt Bank,Mid-Market,LATAM,VOUCHER,Certification Vouchers,Usage,voucher,78,60,0,76.9,On track,900,0,false
2026-03,2026-03-31,ACC-1112,Cobalt Bank,Mid-Market,LATAM,VOUCHER,Certification Vouchers,Usage,voucher,78,65,0,83.3,On track,975,0,false
2026-04,2026-04-30,ACC-1112,Cobalt Bank,Mid-Market,LATAM,VOUCHER,Certification Vouchers,Usage,voucher,78,62,0,80.1,On track,930,0,false
2026-05,2026-05-31,ACC-1112,Cobalt Bank,Mid-Market,LATAM,VOUCHER,Certification Vouchers,Usage,voucher,78,52,0,66.1,On track,780,0,false
2026-06,2026-06-30,ACC-1112,Cobalt Bank,Mid-Market,LATAM,VOUCHER,Certification Vouchers,Usage,voucher,78,54,0,68.7,On track,810,0,false
2026-07,2026-07-31,ACC-1112,Cobalt Bank,Mid-Market,LATAM,VOUCHER,Certification Vouchers,Usage,voucher,78,47,0,60.6,On track,705,0,false
2026-08,2026-08-31,ACC-1112,Cobalt Bank,Mid-Market,LATAM,VOUCHER,Certification Vouchers,Usage,voucher,78,43,0,54.8,Under-consuming,645,0,true
2026-09,2026-09-30,ACC-1112,Cobalt Bank,Mid-Market,LATAM,VOUCHER,Certification Vouchers,Usage,voucher,78,36,0,45.9,Under-consuming,540,0,true
2026-02,2026-02-28,ACC-1112,Cobalt Bank,Mid-Market,LATAM,IMPL,Implementation Services,Usage,consulting hour,118,62,0,52.4,Under-consuming,858.96,0,true
2026-03,2026-03-31,ACC-1112,Cobalt Bank,Mid-Market,LATAM,IMPL,Implementation Services,Usage,consulting hour,118,59,0,50.1,Under-consuming,817.4,0,true
2026-04,2026-04-30,ACC-1112,Cobalt Bank,Mid-Market,LATAM,IMPL,Implementation Services,Usage,consulting hour,118,50,0,42.4,Under-consuming,692.71,0,true
2026-05,2026-05-31,ACC-1112,Cobalt Bank,Mid-Market,LATAM,IMPL,Implementation Services,Usage,consulting hour,118,49,0,41.3,Under-consuming,678.85,0,true
2026-06,2026-06-30,ACC-1112,Cobalt Bank,Mid-Market,LATAM,IMPL,Implementation Services,Usage,consulting hour,118,38,0,32.3,Under-consuming,526.46,0,true
2026-07,2026-07-31,ACC-1112,Cobalt Bank,Mid-Market,LATAM,IMPL,Implementation Services,Usage,consulting hour,118,26,0,22.4,Under-consuming,360.21,0,true
2026-08,2026-08-31,ACC-1112,Cobalt Bank,Mid-Market,LATAM,IMPL,Implementation Services,Usage,consulting hour,118,25,0,21.3,Under-consuming,346.35,0,true
2026-09,2026-09-30,ACC-1112,Cobalt Bank,Mid-Market,LATAM,IMPL,Implementation Services,Usage,consulting hour,118,21,0,17.5,Under-consuming,290.94,0,true
2025-11,2025-11-30,ACC-1112,Cobalt Bank,Mid-Market,LATAM,IMPL,Implementation Services,Usage,consulting hour,64,38,0,59,Under-consuming,526.46,0,false
2025-12,2025-12-31,ACC-1112,Cobalt Bank,Mid-Market,LATAM,IMPL,Implementation Services,Usage,consulting hour,64,34,0,53.9,Under-consuming,471.04,0,true
2026-01,2026-01-31,ACC-1112,Cobalt Bank,Mid-Market,LATAM,IMPL,Implementation Services,Usage,consulting hour,64,37,0,57.7,Under-consuming,512.6,0,false
2026-02,2026-02-28,ACC-1112,Cobalt Bank,Mid-Market,LATAM,IMPL,Implementation Services,Usage,consulting hour,64,36,0,56.8,Under-consuming,498.75,0,false
2026-03,2026-03-31,ACC-1112,Cobalt Bank,Mid-Market,LATAM,IMPL,Implementation Services,Usage,consulting hour,64,33,0,51.4,Under-consuming,457.19,0,true
2026-04,2026-04-30,ACC-1112,Cobalt Bank,Mid-Market,LATAM,IMPL,Implementation Services,Usage,consulting hour,64,32,0,50.3,Under-consuming,443.33,0,true
2026-05,2026-05-31,ACC-1112,Cobalt Bank,Mid-Market,LATAM,IMPL,Implementation Services,Usage,consulting hour,64,27,0,42.1,Under-consuming,374.06,0,true
2026-06,2026-06-30,ACC-1112,Cobalt Bank,Mid-Market,LATAM,IMPL,Implementation Services,Usage,consulting hour,64,28,0,43.9,Under-consuming,387.92,0,true
2026-07,2026-07-31,ACC-1112,Cobalt Bank,Mid-Market,LATAM,IMPL,Implementation Services,Usage,consulting hour,64,26,0,40.6,Under-consuming,360.21,0,true
2026-08,2026-08-31,ACC-1112,Cobalt Bank,Mid-Market,LATAM,IMPL,Implementation Services,Usage,consulting hour,64,24,0,37.3,Under-consuming,332.5,0,true
2026-09,2026-09-30,ACC-1112,Cobalt Bank,Mid-Market,LATAM,IMPL,Implementation Services,Usage,consulting hour,64,24,0,36.9,Under-consuming,332.5,0,true
2025-11,2025-11-30,ACC-1112,Cobalt Bank,Mid-Market,LATAM,VOUCHER,Certification Vouchers,Usage,voucher,102,92,0,89.8,On track,1380,0,false
2025-12,2025-12-31,ACC-1112,Cobalt Bank,Mid-Market,LATAM,VOUCHER,Certification Vouchers,Usage,voucher,102,86,0,84.2,On track,1290,0,false
2026-01,2026-01-31,ACC-1112,Cobalt Bank,Mid-Market,LATAM,VOUCHER,Certification Vouchers,Usage,voucher,102,79,0,77.5,On track,1185,0,false
2026-02,2026-02-28,ACC-1112,Cobalt Bank,Mid-Market,LATAM,VOUCHER,Certification Vouchers,Usage,voucher,102,71,0,70,On track,1065,0,false
2026-03,2026-03-31,ACC-1112,Cobalt Bank,Mid-Market,LATAM,VOUCHER,Certification Vouchers,Usage,voucher,102,71,0,69.8,On track,1065,0,false
2026-04,2026-04-30,ACC-1112,Cobalt Bank,Mid-Market,LATAM,VOUCHER,Certification Vouchers,Usage,voucher,102,84,0,82.2,On track,1260,0,false
2026-05,2026-05-31,ACC-1112,Cobalt Bank,Mid-Market,LATAM,VOUCHER,Certification Vouchers,Usage,voucher,102,74,0,72.1,On track,1110,0,false
2026-06,2026-06-30,ACC-1112,Cobalt Bank,Mid-Market,LATAM,VOUCHER,Certification Vouchers,Usage,voucher,102,83,0,81.5,On track,1245,0,false
2026-07,2026-07-31,ACC-1112,Cobalt Bank,Mid-Market,LATAM,VOUCHER,Certification Vouchers,Usage,voucher,102,83,0,81.1,On track,1245,0,false
2026-08,2026-08-31,ACC-1112,Cobalt Bank,Mid-Market,LATAM,VOUCHER,Certification Vouchers,Usage,voucher,102,82,0,80.6,On track,1230,0,false
2026-09,2026-09-30,ACC-1112,Cobalt Bank,Mid-Market,LATAM,VOUCHER,Certification Vouchers,Usage,voucher,102,86,0,84,On track,1290,0,false
2026-05,2026-05-31,ACC-1013,Cinder Foods,Self-Serve,AMER,VOUCHER,Certification Vouchers,Usage,voucher,25,16,0,62.8,On track,180,0,false
2026-06,2026-06-30,ACC-1013,Cinder Foods,Self-Serve,AMER,VOUCHER,Certification Vouchers,Usage,voucher,25,16,0,63.3,On track,180,0,false
2026-07,2026-07-31,ACC-1013,Cinder Foods,Self-Serve,AMER,VOUCHER,Certification Vouchers,Usage,voucher,25,15,0,59.6,Under-consuming,168.75,0,false
2026-08,2026-08-31,ACC-1013,Cinder Foods,Self-Serve,AMER,VOUCHER,Certification Vouchers,Usage,voucher,25,12,0,49.7,Under-consuming,135,0,true
2026-09,2026-09-30,ACC-1013,Cinder Foods,Self-Serve,AMER,VOUCHER,Certification Vouchers,Usage,voucher,25,11,0,44.9,Under-consuming,123.75,0,true
2026-05,2026-05-31,ACC-1000,Sable Retail,SMB,LATAM,PRO,Academy Pro,Seat,learner/year,13,12,0,89.9,On track,228,0,false
2026-06,2026-06-30,ACC-1000,Sable Retail,SMB,LATAM,PRO,Academy Pro,Seat,learner/year,13,12,0,90.7,On track,228,0,false
2026-07,2026-07-31,ACC-1000,Sable Retail,SMB,LATAM,PRO,Academy Pro,Seat,learner/year,13,12,0,95.5,On track,228,0,false
2026-08,2026-08-31,ACC-1000,Sable Retail,SMB,LATAM,PRO,Academy Pro,Seat,learner/year,13,12,0,92.7,On track,228,0,false
2026-09,2026-09-30,ACC-1000,Sable Retail,SMB,LATAM,PRO,Academy Pro,Seat,learner/year,13,14,1,103.9,On track,270.75,23.75,false
2026-05,2026-05-31,ACC-1000,Sable Retail,SMB,LATAM,TEAM,Team Plan,Seat,seat/year,6,5,0,85.2,On track,162.5,0,false
2026-06,2026-06-30,ACC-1000,Sable Retail,SMB,LATAM,TEAM,Team Plan,Seat,seat/year,6,5,0,84.4,On track,162.5,0,false
2026-07,2026-07-31,ACC-1000,Sable Retail,SMB,LATAM,TEAM,Team Plan,Seat,seat/year,6,5,0,83.6,On track,162.5,0,false
2026-08,2026-08-31,ACC-1000,Sable Retail,SMB,LATAM,TEAM,Team Plan,Seat,seat/year,6,5,0,91.2,On track,162.5,0,false
2026-09,2026-09-30,ACC-1000,Sable Retail,SMB,LATAM,TEAM,Team Plan,Seat,seat/year,6,5,0,83.7,On track,162.5,0,false
2026-05,2026-05-31,ACC-1000,Sable Retail,SMB,LATAM,CLASSROOM,Classroom Seat-Days,Usage,seat-day,9,8,0,89.3,On track,206.67,0,false
2026-06,2026-06-30,ACC-1000,Sable Retail,SMB,LATAM,CLASSROOM,Classroom Seat-Days,Usage,seat-day,9,8,0,89.3,On track,206.67,0,false
2026-07,2026-07-31,ACC-1000,Sable Retail,SMB,LATAM,CLASSROOM,Classroom Seat-Days,Usage,seat-day,9,8,0,86.2,On track,206.67,0,false
2026-08,2026-08-31,ACC-1000,Sable Retail,SMB,LATAM,CLASSROOM,Classroom Seat-Days,Usage,seat-day,9,9,0,98.7,On track,232.5,0,false
2026-09,2026-09-30,ACC-1000,Sable Retail,SMB,LATAM,CLASSROOM,Classroom Seat-Days,Usage,seat-day,9,9,0,104.4,On track,232.5,0,false
2025-10,2025-10-31,ACC-1000,Sable Retail,SMB,LATAM,PRO,Academy Pro,Seat,learner/year,36,21,0,58.4,Under-consuming,378,0,false
2025-11,2025-11-30,ACC-1000,Sable Retail,SMB,LATAM,PRO,Academy Pro,Seat,learner/year,36,20,0,56.3,Under-consuming,360,0,false
2025-12,2025-12-31,ACC-1000,Sable Retail,SMB,LATAM,PRO,Academy Pro,Seat,learner/year,36,21,0,57,Under-consuming,378,0,false
2026-01,2026-01-31,ACC-1000,Sable Retail,SMB,LATAM,PRO,Academy Pro,Seat,learner/year,36,19,0,53.6,Under-consuming,342,0,true
2026-02,2026-02-28,ACC-1000,Sable Retail,SMB,LATAM,PRO,Academy Pro,Seat,learner/year,36,20,0,55.5,Under-consuming,360,0,false
2026-03,2026-03-31,ACC-1000,Sable Retail,SMB,LATAM,PRO,Academy Pro,Seat,learner/year,36,19,0,52.9,Under-consuming,342,0,true
2026-04,2026-04-30,ACC-1000,Sable Retail,SMB,LATAM,PRO,Academy Pro,Seat,learner/year,36,20,0,56.9,Under-consuming,360,0,false
2026-05,2026-05-31,ACC-1000,Sable Retail,SMB,LATAM,PRO,Academy Pro,Seat,learner/year,36,22,0,61.7,On track,396,0,false
2026-06,2026-06-30,ACC-1000,Sable Retail,SMB,LATAM,PRO,Academy Pro,Seat,learner/year,36,26,0,72.3,On track,468,0,false
2026-07,2026-07-31,ACC-1000,Sable Retail,SMB,LATAM,PRO,Academy Pro,Seat,learner/year,36,29,0,79.5,On track,522,0,false
2026-08,2026-08-31,ACC-1000,Sable Retail,SMB,LATAM,PRO,Academy Pro,Seat,learner/year,36,26,0,73.4,On track,468,0,false
2026-09,2026-09-30,ACC-1000,Sable Retail,SMB,LATAM,PRO,Academy Pro,Seat,learner/year,36,25,0,70.1,On track,450,0,false
2025-09,2025-09-30,ACC-1057,Ember Group,SMB,AMER,IMPL,Implementation Services,Usage,consulting hour,124,60,0,48.7,Under-consuming,700,0,true
2025-10,2025-10-31,ACC-1057,Ember Group,SMB,AMER,IMPL,Implementation Services,Usage,consulting hour,124,52,0,41.7,Under-consuming,606.67,0,true
2025-11,2025-11-30,ACC-1057,Ember Group,SMB,AMER,IMPL,Implementation Services,Usage,consulting hour,124,61,0,49.1,Under-consuming,711.67,0,true
2025-12,2025-12-31,ACC-1057,Ember Group,SMB,AMER,IMPL,Implementation Services,Usage,consulting hour,124,58,0,46.8,Under-consuming,676.67,0,true
2026-01,2026-01-31,ACC-1057,Ember Group,SMB,AMER,IMPL,Implementation Services,Usage,consulting hour,124,59,0,47.6,Under-consuming,688.33,0,true
2026-02,2026-02-28,ACC-1057,Ember Group,SMB,AMER,IMPL,Implementation Services,Usage,consulting hour,124,62,0,49.8,Under-consuming,723.33,0,true
2026-03,2026-03-31,ACC-1057,Ember Group,SMB,AMER,IMPL,Implementation Services,Usage,consulting hour,124,67,0,53.9,Under-consuming,781.67,0,true
2026-04,2026-04-30,ACC-1057,Ember Group,SMB,AMER,IMPL,Implementation Services,Usage,consulting hour,124,64,0,51.3,Under-consuming,746.67,0,true
2026-05,2026-05-31,ACC-1057,Ember Group,SMB,AMER,IMPL,Implementation Services,Usage,consulting hour,124,67,0,54,Under-consuming,781.67,0,true
2026-06,2026-06-30,ACC-1057,Ember Group,SMB,AMER,IMPL,Implementation Services,Usage,consulting hour,124,78,0,63.2,On track,910,0,false
2026-07,2026-07-31,ACC-1057,Ember Group,SMB,AMER,IMPL,Implementation Services,Usage,consulting hour,124,83,0,66.9,On track,968.33,0,false
2026-08,2026-08-31,ACC-1057,Ember Group,SMB,AMER,IMPL,Implementation Services,Usage,consulting hour,124,72,0,58.2,Under-consuming,840,0,false
2026-09,2026-09-30,ACC-1057,Ember Group,SMB,AMER,IMPL,Implementation Services,Usage,consulting hour,124,71,0,56.9,Under-consuming,828.33,0,false
2026-02,2026-02-28,ACC-1057,Ember Group,SMB,AMER,PRO,Academy Pro,Seat,learner/year,10,10,0,98.2,On track,190,0,false
2026-03,2026-03-31,ACC-1057,Ember Group,SMB,AMER,PRO,Academy Pro,Seat,learner/year,10,10,0,97.3,On track,190,0,false
2026-04,2026-04-30,ACC-1057,Ember Group,SMB,AMER,PRO,Academy Pro,Seat,learner/year,10,10,0,98,On track,190,0,false
2026-05,2026-05-31,ACC-1057,Ember Group,SMB,AMER,PRO,Academy Pro,Seat,learner/year,10,10,0,98.3,On track,190,0,false
2026-06,2026-06-30,ACC-1057,Ember Group,SMB,AMER,PRO,Academy Pro,Seat,learner/year,10,11,1,105.8,In overage,213.75,23.75,false
2026-07,2026-07-31,ACC-1057,Ember Group,SMB,AMER,PRO,Academy Pro,Seat,learner/year,10,11,1,110.5,In overage,213.75,23.75,false
2026-08,2026-08-31,ACC-1057,Ember Group,SMB,AMER,PRO,Academy Pro,Seat,learner/year,10,11,1,111.6,In overage,213.75,23.75,false
2026-09,2026-09-30,ACC-1057,Ember Group,SMB,AMER,PRO,Academy Pro,Seat,learner/year,10,11,1,109.4,In overage,213.75,23.75,false
2026-02,2026-02-28,ACC-1057,Ember Group,SMB,AMER,IMPL,Implementation Services,Usage,consulting hour,21,12,0,59.3,Under-consuming,157.5,0,false
2026-03,2026-03-31,ACC-1057,Ember Group,SMB,AMER,IMPL,Implementation Services,Usage,consulting hour,21,13,0,64,On track,170.63,0,false
2026-04,2026-04-30,ACC-1057,Ember Group,SMB,AMER,IMPL,Implementation Services,Usage,consulting hour,21,14,0,64.4,On track,183.75,0,false
2026-05,2026-05-31,ACC-1057,Ember Group,SMB,AMER,IMPL,Implementation Services,Usage,consulting hour,21,14,0,64.6,On track,183.75,0,false
2026-06,2026-06-30,ACC-1057,Ember Group,SMB,AMER,IMPL,Implementation Services,Usage,consulting hour,21,16,0,74.7,On track,210,0,false
2026-07,2026-07-31,ACC-1057,Ember Group,SMB,AMER,IMPL,Implementation Services,Usage,consulting hour,21,15,0,72.2,On track,196.88,0,false
2026-08,2026-08-31,ACC-1057,Ember Group,SMB,AMER,IMPL,Implementation Services,Usage,consulting hour,21,17,0,79.4,On track,223.13,0,false
2026-09,2026-09-30,ACC-1057,Ember Group,SMB,AMER,IMPL,Implementation Services,Usage,consulting hour,21,16,0,75.2,On track,210,0,false
2026-02,2026-02-28,ACC-1057,Ember Group,SMB,AMER,CLASSROOM,Classroom Seat-Days,Usage,seat-day,15,12,0,81.1,On track,263.5,0,false
2026-03,2026-03-31,ACC-1057,Ember Group,SMB,AMER,CLASSROOM,Classroom Seat-Days,Usage,seat-day,15,13,0,88.6,On track,285.46,0,false
2026-04,2026-04-30,ACC-1057,Ember Group,SMB,AMER,CLASSROOM,Classroom Seat-Days,Usage,seat-day,15,13,0,88.9,On track,285.46,0,false
2026-05,2026-05-31,ACC-1057,Ember Group,SMB,AMER,CLASSROOM,Classroom Seat-Days,Usage,seat-day,15,13,0,85,On track,285.46,0,false
2026-06,2026-06-30,ACC-1057,Ember Group,SMB,AMER,CLASSROOM,Classroom Seat-Days,Usage,seat-day,15,14,0,92.1,On track,307.42,0,false
2026-07,2026-07-31,ACC-1057,Ember Group,SMB,AMER,CLASSROOM,Classroom Seat-Days,Usage,seat-day,15,14,0,90.9,On track,307.42,0,false
2026-08,2026-08-31,ACC-1057,Ember Group,SMB,AMER,CLASSROOM,Classroom Seat-Days,Usage,seat-day,15,14,0,96.5,On track,307.42,0,false
2026-09,2026-09-30,ACC-1057,Ember Group,SMB,AMER,CLASSROOM,Classroom Seat-Days,Usage,seat-day,15,15,0,101.5,On track,329.38,0,false
2025-10,2025-10-31,ACC-1024,Dovetail Health,SMB,EMEA,CLASSROOM,Classroom Seat-Days,Usage,seat-day,14,9,0,61.3,On track,232.5,0,false
2025-11,2025-11-30,ACC-1024,Dovetail Health,SMB,EMEA,CLASSROOM,Classroom Seat-Days,Usage,seat-day,14,10,0,68.8,On track,258.33,0,false
2025-12,2025-12-31,ACC-1024,Dovetail Health,SMB,EMEA,CLASSROOM,Classroom Seat-Days,Usage,seat-day,14,11,0,78.4,On track,284.17,0,false
2026-01,2026-01-31,ACC-1024,Dovetail Health,SMB,EMEA,CLASSROOM,Classroom Seat-Days,Usage,seat-day,14,13,0,92.6,On track,335.83,0,false
2026-02,2026-02-28,ACC-1024,Dovetail Health,SMB,EMEA,CLASSROOM,Classroom Seat-Days,Usage,seat-day,14,14,0,99.2,On track,361.67,0,false
2026-03,2026-03-31,ACC-1024,Dovetail Health,SMB,EMEA,CLASSROOM,Classroom Seat-Days,Usage,seat-day,14,15,1,105.7,In overage,393.96,32.29,false
2026-04,2026-04-30,ACC-1024,Dovetail Health,SMB,EMEA,CLASSROOM,Classroom Seat-Days,Usage,seat-day,14,15,1,107.2,In overage,393.96,32.29,false
2026-05,2026-05-31,ACC-1024,Dovetail Health,SMB,EMEA,CLASSROOM,Classroom Seat-Days,Usage,seat-day,14,16,2,115.9,In overage,426.25,64.58,false
2026-06,2026-06-30,ACC-1024,Dovetail Health,SMB,EMEA,CLASSROOM,Classroom Seat-Days,Usage,seat-day,14,16,2,112.5,In overage,426.25,64.58,false
2026-07,2026-07-31,ACC-1024,Dovetail Health,SMB,EMEA,CLASSROOM,Classroom Seat-Days,Usage,seat-day,14,17,3,122.7,In overage,458.54,96.88,false
2026-08,2026-08-31,ACC-1024,Dovetail Health,SMB,EMEA,CLASSROOM,Classroom Seat-Days,Usage,seat-day,14,19,5,134.8,In overage,523.13,161.46,false
2026-09,2026-09-30,ACC-1024,Dovetail Health,SMB,EMEA,CLASSROOM,Classroom Seat-Days,Usage,seat-day,14,20,6,144.3,In overage,555.42,193.75,false
2025-10,2025-10-31,ACC-1024,Dovetail Health,SMB,EMEA,IMPL,Implementation Services,Usage,consulting hour,38,27,0,72.1,On track,393.75,0,false
2025-11,2025-11-30,ACC-1024,Dovetail Health,SMB,EMEA,IMPL,Implementation Services,Usage,consulting hour,38,29,0,76.9,On track,422.92,0,false
2025-12,2025-12-31,ACC-1024,Dovetail Health,SMB,EMEA,IMPL,Implementation Services,Usage,consulting hour,38,33,0,87.6,On track,481.25,0,false
2026-01,2026-01-31,ACC-1024,Dovetail Health,SMB,EMEA,IMPL,Implementation Services,Usage,consulting hour,38,36,0,95.6,On track,525,0,false
2026-02,2026-02-28,ACC-1024,Dovetail Health,SMB,EMEA,IMPL,Implementation Services,Usage,consulting hour,38,40,2,104.7,On track,590.63,36.46,false
2026-03,2026-03-31,ACC-1024,Dovetail Health,SMB,EMEA,IMPL,Implementation Services,Usage,consulting hour,38,42,4,110.4,In overage,627.08,72.92,false
2026-04,2026-04-30,ACC-1024,Dovetail Health,SMB,EMEA,IMPL,Implementation Services,Usage,consulting hour,38,50,12,130.3,In overage,772.92,218.75,false
2026-05,2026-05-31,ACC-1024,Dovetail Health,SMB,EMEA,IMPL,Implementation Services,Usage,consulting hour,38,49,11,127.8,In overage,754.69,200.52,false
2026-06,2026-06-30,ACC-1024,Dovetail Health,SMB,EMEA,IMPL,Implementation Services,Usage,consulting hour,38,49,11,130.3,In overage,754.69,200.52,false
2026-07,2026-07-31,ACC-1024,Dovetail Health,SMB,EMEA,IMPL,Implementation Services,Usage,consulting hour,38,52,14,136.5,In overage,809.38,255.21,false
2026-08,2026-08-31,ACC-1024,Dovetail Health,SMB,EMEA,IMPL,Implementation Services,Usage,consulting hour,38,58,20,151.9,In overage,918.75,364.58,false
2026-09,2026-09-30,ACC-1024,Dovetail Health,SMB,EMEA,IMPL,Implementation Services,Usage,consulting hour,38,63,25,164.8,In overage,1009.9,455.73,false
2026-04,2026-04-30,ACC-1024,Dovetail Health,SMB,EMEA,VOUCHER,Certification Vouchers,Usage,voucher,47,31,0,66.2,On track,441.75,0,false
2026-05,2026-05-31,ACC-1024,Dovetail Health,SMB,EMEA,VOUCHER,Certification Vouchers,Usage,voucher,47,30,0,64.5,On track,427.5,0,false
2026-06,2026-06-30,ACC-1024,Dovetail Health,SMB,EMEA,VOUCHER,Certification Vouchers,Usage,voucher,47,27,0,58.2,Under-consuming,384.75,0,false
2026-07,2026-07-31,ACC-1024,Dovetail Health,SMB,EMEA,VOUCHER,Certification Vouchers,Usage,voucher,47,28,0,58.9,Under-consuming,399,0,false
2026-08,2026-08-31,ACC-1024,Dovetail Health,SMB,EMEA,VOUCHER,Certification Vouchers,Usage,voucher,47,31,0,65.1,On track,441.75,0,false
2026-09,2026-09-30,ACC-1024,Dovetail Health,SMB,EMEA,VOUCHER,Certification Vouchers,Usage,voucher,47,33,0,70.4,On track,470.25,0,false
2026-06,2026-06-30,ACC-1094,Solstice Foods,Self-Serve,AMER,CLASSROOM,Classroom Seat-Days,Usage,seat-day,7,7,0,99.2,On track,180.83,0,false
2026-07,2026-07-31,ACC-1094,Solstice Foods,Self-Serve,AMER,CLASSROOM,Classroom Seat-Days,Usage,seat-day,7,7,0,97.7,On track,180.83,0,false
2026-08,2026-08-31,ACC-1094,Solstice Foods,Self-Serve,AMER,CLASSROOM,Classroom Seat-Days,Usage,seat-day,7,7,0,107.1,In overage,180.83,0,false
2026-09,2026-09-30,ACC-1094,Solstice Foods,Self-Serve,AMER,CLASSROOM,Classroom Seat-Days,Usage,seat-day,7,8,1,109.2,In overage,213.13,32.29,false
2025-06,2025-06-30,ACC-1008,Wexler Telecom,SMB,AMER,CLASSROOM,Classroom Seat-Days,Usage,seat-day,10,7,0,72.1,On track,180.83,0,false
2025-07,2025-07-31,ACC-1008,Wexler Telecom,SMB,AMER,CLASSROOM,Classroom Seat-Days,Usage,seat-day,10,7,0,65.6,On track,180.83,0,false
2025-08,2025-08-31,ACC-1008,Wexler Telecom,SMB,AMER,CLASSROOM,Classroom Seat-Days,Usage,seat-day,10,8,0,75.5,On track,206.67,0,false
2025-09,2025-09-30,ACC-1008,Wexler Telecom,SMB,AMER,CLASSROOM,Classroom Seat-Days,Usage,seat-day,10,8,0,76.2,On track,206.67,0,false
2025-10,2025-10-31,ACC-1008,Wexler Telecom,SMB,AMER,CLASSROOM,Classroom Seat-Days,Usage,seat-day,10,8,0,76.2,On track,206.67,0,false
2025-11,2025-11-30,ACC-1008,Wexler Telecom,SMB,AMER,CLASSROOM,Classroom Seat-Days,Usage,seat-day,10,8,0,76.9,On track,206.67,0,false
2025-12,2025-12-31,ACC-1008,Wexler Telecom,SMB,AMER,CLASSROOM,Classroom Seat-Days,Usage,seat-day,10,8,0,79.6,On track,206.67,0,false
2026-01,2026-01-31,ACC-1008,Wexler Telecom,SMB,AMER,CLASSROOM,Classroom Seat-Days,Usage,seat-day,10,9,0,86.8,On track,232.5,0,false
2026-02,2026-02-28,ACC-1008,Wexler Telecom,SMB,AMER,CLASSROOM,Classroom Seat-Days,Usage,seat-day,10,9,0,88.8,On track,232.5,0,false
2026-03,2026-03-31,ACC-1008,Wexler Telecom,SMB,AMER,CLASSROOM,Classroom Seat-Days,Usage,seat-day,10,9,0,93.6,On track,232.5,0,false
2026-04,2026-04-30,ACC-1008,Wexler Telecom,SMB,AMER,CLASSROOM,Classroom Seat-Days,Usage,seat-day,10,9,0,93.3,On track,232.5,0,false
2026-05,2026-05-31,ACC-1008,Wexler Telecom,SMB,AMER,CLASSROOM,Classroom Seat-Days,Usage,seat-day,10,10,0,99.9,On track,258.33,0,false
2026-06,2026-06-30,ACC-1008,Wexler Telecom,SMB,AMER,CLASSROOM,Classroom Seat-Days,Usage,seat-day,10,11,1,114.1,In overage,290.63,32.29,false
2026-07,2026-07-31,ACC-1008,Wexler Telecom,SMB,AMER,CLASSROOM,Classroom Seat-Days,Usage,seat-day,10,12,2,119.5,In overage,322.92,64.58,false
2026-08,2026-08-31,ACC-1008,Wexler Telecom,SMB,AMER,CLASSROOM,Classroom Seat-Days,Usage,seat-day,10,11,1,114.5,In overage,290.63,32.29,false
2026-09,2026-09-30,ACC-1008,Wexler Telecom,SMB,AMER,CLASSROOM,Classroom Seat-Days,Usage,seat-day,10,12,2,121.6,In overage,322.92,64.58,false
2025-06,2025-06-30,ACC-1008,Wexler Telecom,SMB,AMER,IMPL,Implementation Services,Usage,consulting hour,15,10,0,64.7,On track,145.83,0,false
2025-07,2025-07-31,ACC-1008,Wexler Telecom,SMB,AMER,IMPL,Implementation Services,Usage,consulting hour,15,11,0,73.6,On track,160.42,0,false
2025-08,2025-08-31,ACC-1008,Wexler Telecom,SMB,AMER,IMPL,Implementation Services,Usage,consulting hour,15,12,0,79.9,On track,175,0,false
2025-09,2025-09-30,ACC-1008,Wexler Telecom,SMB,AMER,IMPL,Implementation Services,Usage,consulting hour,15,13,0,89.3,On track,189.58,0,false
2025-10,2025-10-31,ACC-1008,Wexler Telecom,SMB,AMER,IMPL,Implementation Services,Usage,consulting hour,15,14,0,93.2,On track,204.17,0,false
2025-11,2025-11-30,ACC-1008,Wexler Telecom,SMB,AMER,IMPL,Implementation Services,Usage,consulting hour,15,14,0,95.1,On track,204.17,0,false
2025-12,2025-12-31,ACC-1008,Wexler Telecom,SMB,AMER,IMPL,Implementation Services,Usage,consulting hour,15,15,0,96.8,On track,218.75,0,false
2026-01,2026-01-31,ACC-1008,Wexler Telecom,SMB,AMER,IMPL,Implementation Services,Usage,consulting hour,15,16,1,106.4,In overage,236.98,18.23,false
2026-02,2026-02-28,ACC-1008,Wexler Telecom,SMB,AMER,IMPL,Implementation Services,Usage,consulting hour,15,17,2,113.9,In overage,255.21,36.46,false
2026-03,2026-03-31,ACC-1008,Wexler Telecom,SMB,AMER,IMPL,Implementation Services,Usage,consulting hour,15,18,3,121.9,In overage,273.44,54.69,false
2026-04,2026-04-30,ACC-1008,Wexler Telecom,SMB,AMER,IMPL,Implementation Services,Usage,consulting hour,15,18,3,123,In overage,273.44,54.69,false
2026-05,2026-05-31,ACC-1008,Wexler Telecom,SMB,AMER,IMPL,Implementation Services,Usage,consulting hour,15,19,4,128.8,In overage,291.67,72.92,false
2026-06,2026-06-30,ACC-1008,Wexler Telecom,SMB,AMER,IMPL,Implementation Services,Usage,consulting hour,15,20,5,136,In overage,309.9,91.15,false
2026-07,2026-07-31,ACC-1008,Wexler Telecom,SMB,AMER,IMPL,Implementation Services,Usage,consulting hour,15,21,6,137.3,In overage,328.13,109.38,false
2026-08,2026-08-31,ACC-1008,Wexler Telecom,SMB,AMER,IMPL,Implementation Services,Usage,consulting hour,15,21,6,139.2,In overage,328.13,109.38,false
2026-09,2026-09-30,ACC-1008,Wexler Telecom,SMB,AMER,IMPL,Implementation Services,Usage,consulting hour,15,22,7,143.9,In overage,346.35,127.6,false
2025-06,2025-06-30,ACC-1008,Wexler Telecom,SMB,AMER,TEAM,Team Plan,Seat,seat/year,20,18,0,88,On track,526.5,0,false
2025-07,2025-07-31,ACC-1008,Wexler Telecom,SMB,AMER,TEAM,Team Plan,Seat,seat/year,20,18,0,89.2,On track,526.5,0,false
2025-08,2025-08-31,ACC-1008,Wexler Telecom,SMB,AMER,TEAM,Team Plan,Seat,seat/year,20,18,0,92.2,On track,526.5,0,false
2025-09,2025-09-30,ACC-1008,Wexler Telecom,SMB,AMER,TEAM,Team Plan,Seat,seat/year,20,18,0,91.9,On track,526.5,0,false
2025-10,2025-10-31,ACC-1008,Wexler Telecom,SMB,AMER,TEAM,Team Plan,Seat,seat/year,20,19,0,95.9,On track,555.75,0,false
2025-11,2025-11-30,ACC-1008,Wexler Telecom,SMB,AMER,TEAM,Team Plan,Seat,seat/year,20,19,0,97.3,On track,555.75,0,false
2025-12,2025-12-31,ACC-1008,Wexler Telecom,SMB,AMER,TEAM,Team Plan,Seat,seat/year,20,22,2,109.1,In overage,658.13,73.13,false
2026-01,2026-01-31,ACC-1008,Wexler Telecom,SMB,AMER,TEAM,Team Plan,Seat,seat/year,20,24,4,120.9,In overage,731.25,146.25,false
2026-02,2026-02-28,ACC-1008,Wexler Telecom,SMB,AMER,TEAM,Team Plan,Seat,seat/year,20,25,5,123.7,In overage,767.81,182.81,false
2026-03,2026-03-31,ACC-1008,Wexler Telecom,SMB,AMER,TEAM,Team Plan,Seat,seat/year,20,25,5,123.8,In overage,767.81,182.81,false
2026-04,2026-04-30,ACC-1008,Wexler Telecom,SMB,AMER,TEAM,Team Plan,Seat,seat/year,20,26,6,130.2,In overage,804.38,219.38,false
2026-05,2026-05-31,ACC-1008,Wexler Telecom,SMB,AMER,TEAM,Team Plan,Seat,seat/year,20,28,8,142.1,In overage,877.5,292.5,false
2026-06,2026-06-30,ACC-1008,Wexler Telecom,SMB,AMER,TEAM,Team Plan,Seat,seat/year,20,28,8,139.2,In overage,877.5,292.5,false
2026-07,2026-07-31,ACC-1008,Wexler Telecom,SMB,AMER,TEAM,Team Plan,Seat,seat/year,20,29,9,145.3,In overage,914.06,329.06,false
2026-08,2026-08-31,ACC-1008,Wexler Telecom,SMB,AMER,TEAM,Team Plan,Seat,seat/year,20,30,10,151.2,In overage,950.63,365.63,false
2026-09,2026-09-30,ACC-1008,Wexler Telecom,SMB,AMER,TEAM,Team Plan,Seat,seat/year,20,33,13,167.3,In overage,1060.31,475.31,false
2025-09,2025-09-30,ACC-1008,Wexler Telecom,SMB,AMER,IMPL,Implementation Services,Usage,consulting hour,4,4,0,93.3,On track,52.5,0,false
2025-10,2025-10-31,ACC-1008,Wexler Telecom,SMB,AMER,IMPL,Implementation Services,Usage,consulting hour,4,3,0,86.9,On track,39.38,0,false
2025-11,2025-11-30,ACC-1008,Wexler Telecom,SMB,AMER,IMPL,Implementation Services,Usage,consulting hour,4,3,0,85.1,On track,39.38,0,false
2025-12,2025-12-31,ACC-1008,Wexler Telecom,SMB,AMER,IMPL,Implementation Services,Usage,consulting hour,4,4,0,87.9,On track,52.5,0,false
2026-01,2026-01-31,ACC-1008,Wexler Telecom,SMB,AMER,IMPL,Implementation Services,Usage,consulting hour,4,4,0,88.2,On track,52.5,0,false
2026-02,2026-02-28,ACC-1008,Wexler Telecom,SMB,AMER,IMPL,Implementation Services,Usage,consulting hour,4,4,0,96.2,On track,52.5,0,false
2026-03,2026-03-31,ACC-1008,Wexler Telecom,SMB,AMER,IMPL,Implementation Services,Usage,consulting hour,4,4,0,103.4,On track,52.5,0,false
2026-04,2026-04-30,ACC-1008,Wexler Telecom,SMB,AMER,IMPL,Implementation Services,Usage,consulting hour,4,4,0,104.3,On track,52.5,0,false
2026-05,2026-05-31,ACC-1008,Wexler Telecom,SMB,AMER,IMPL,Implementation Services,Usage,consulting hour,4,4,0,107.9,In overage,52.5,0,false
2026-06,2026-06-30,ACC-1008,Wexler Telecom,SMB,AMER,IMPL,Implementation Services,Usage,consulting hour,4,4,0,109.4,In overage,52.5,0,false
2026-07,2026-07-31,ACC-1008,Wexler Telecom,SMB,AMER,IMPL,Implementation Services,Usage,consulting hour,4,4,0,109,In overage,52.5,0,false
2026-08,2026-08-31,ACC-1008,Wexler Telecom,SMB,AMER,IMPL,Implementation Services,Usage,consulting hour,4,4,0,108.6,In overage,52.5,0,false
2026-09,2026-09-30,ACC-1008,Wexler Telecom,SMB,AMER,IMPL,Implementation Services,Usage,consulting hour,4,4,0,110.1,In overage,52.5,0,false
2025-09,2025-09-30,ACC-1008,Wexler Telecom,SMB,AMER,PRO,Academy Pro,Seat,learner/year,3,3,0,94.2,On track,48,0,false
2025-10,2025-10-31,ACC-1008,Wexler Telecom,SMB,AMER,PRO,Academy Pro,Seat,learner/year,3,3,0,112.2,In overage,48,0,false
2025-11,2025-11-30,ACC-1008,Wexler Telecom,SMB,AMER,PRO,Academy Pro,Seat,learner/year,3,4,1,117.4,In overage,68,20,false
2025-12,2025-12-31,ACC-1008,Wexler Telecom,SMB,AMER,PRO,Academy Pro,Seat,learner/year,3,3,0,114.3,In overage,48,0,false
2026-01,2026-01-31,ACC-1008,Wexler Telecom,SMB,AMER,PRO,Academy Pro,Seat,learner/year,3,3,0,115.8,In overage,48,0,false
2026-02,2026-02-28,ACC-1008,Wexler Telecom,SMB,AMER,PRO,Academy Pro,Seat,learner/year,3,4,1,127.9,In overage,68,20,false
2026-03,2026-03-31,ACC-1008,Wexler Telecom,SMB,AMER,PRO,Academy Pro,Seat,learner/year,3,4,1,133.5,In overage,68,20,false
2026-04,2026-04-30,ACC-1008,Wexler Telecom,SMB,AMER,PRO,Academy Pro,Seat,learner/year,3,4,1,138.5,In overage,68,20,false
2026-05,2026-05-31,ACC-1008,Wexler Telecom,SMB,AMER,PRO,Academy Pro,Seat,learner/year,3,5,2,154.5,In overage,88,40,false
2026-06,2026-06-30,ACC-1008,Wexler Telecom,SMB,AMER,PRO,Academy Pro,Seat,learner/year,3,5,2,159.8,In overage,88,40,false
2026-07,2026-07-31,ACC-1008,Wexler Telecom,SMB,AMER,PRO,Academy Pro,Seat,learner/year,3,5,2,166.6,In overage,88,40,false
2026-08,2026-08-31,ACC-1008,Wexler Telecom,SMB,AMER,PRO,Academy Pro,Seat,learner/year,3,5,2,167,In overage,88,40,false
2026-09,2026-09-30,ACC-1008,Wexler Telecom,SMB,AMER,PRO,Academy Pro,Seat,learner/year,3,5,2,170.6,In overage,88,40,false
2026-06,2026-06-30,ACC-1078,Ember Pharma,SMB,EMEA,VOUCHER,Certification Vouchers,Usage,voucher,16,17,1,108.3,In overage,168.19,12.19,false
2026-07,2026-07-31,ACC-1078,Ember Pharma,SMB,EMEA,VOUCHER,Certification Vouchers,Usage,voucher,16,18,2,115.2,In overage,180.38,24.38,false
2026-08,2026-08-31,ACC-1078,Ember Pharma,SMB,EMEA,VOUCHER,Certification Vouchers,Usage,voucher,16,20,4,126.6,In overage,204.75,48.75,false
2026-09,2026-09-30,ACC-1078,Ember Pharma,SMB,EMEA,VOUCHER,Certification Vouchers,Usage,voucher,16,21,5,133.2,In overage,216.94,60.94,false
2026-06,2026-06-30,ACC-1078,Ember Pharma,SMB,EMEA,PRO,Academy Pro,Seat,learner/year,19,15,0,80.5,On track,255,0,false
2026-07,2026-07-31,ACC-1078,Ember Pharma,SMB,EMEA,PRO,Academy Pro,Seat,learner/year,19,15,0,78.4,On track,255,0,false
2026-08,2026-08-31,ACC-1078,Ember Pharma,SMB,EMEA,PRO,Academy Pro,Seat,learner/year,19,16,0,81.7,On track,272,0,false
2026-09,2026-09-30,ACC-1078,Ember Pharma,SMB,EMEA,PRO,Academy Pro,Seat,learner/year,19,17,0,89.5,On track,289,0,false
2025-11,2025-11-30,ACC-1015,Umbra Consulting,SMB,EMEA,CLASSROOM,Classroom Seat-Days,Usage,seat-day,14,8,0,55.1,Under-consuming,196.33,0,false
2025-12,2025-12-31,ACC-1015,Umbra Consulting,SMB,EMEA,CLASSROOM,Classroom Seat-Days,Usage,seat-day,14,8,0,55.6,Under-consuming,196.33,0,false
2026-01,2026-01-31,ACC-1015,Umbra Consulting,SMB,EMEA,CLASSROOM,Classroom Seat-Days,Usage,seat-day,14,8,0,60.2,On track,196.33,0,false
2026-02,2026-02-28,ACC-1015,Umbra Consulting,SMB,EMEA,CLASSROOM,Classroom Seat-Days,Usage,seat-day,14,8,0,59.9,Under-consuming,196.33,0,false
2026-03,2026-03-31,ACC-1015,Umbra Consulting,SMB,EMEA,CLASSROOM,Classroom Seat-Days,Usage,seat-day,14,9,0,65.2,On track,220.88,0,false
2026-04,2026-04-30,ACC-1015,Umbra Consulting,SMB,EMEA,CLASSROOM,Classroom Seat-Days,Usage,seat-day,14,10,0,68,On track,245.42,0,false
2026-05,2026-05-31,ACC-1015,Umbra Consulting,SMB,EMEA,CLASSROOM,Classroom Seat-Days,Usage,seat-day,14,10,0,71.4,On track,245.42,0,false
2026-06,2026-06-30,ACC-1015,Umbra Consulting,SMB,EMEA,CLASSROOM,Classroom Seat-Days,Usage,seat-day,14,11,0,75.1,On track,269.96,0,false
2026-07,2026-07-31,ACC-1015,Umbra Consulting,SMB,EMEA,CLASSROOM,Classroom Seat-Days,Usage,seat-day,14,12,0,85.1,On track,294.5,0,false
2026-08,2026-08-31,ACC-1015,Umbra Consulting,SMB,EMEA,CLASSROOM,Classroom Seat-Days,Usage,seat-day,14,12,0,86.9,On track,294.5,0,false
2026-09,2026-09-30,ACC-1015,Umbra Consulting,SMB,EMEA,CLASSROOM,Classroom Seat-Days,Usage,seat-day,14,12,0,86.9,On track,294.5,0,false
2026-02,2026-02-28,ACC-1015,Umbra Consulting,SMB,EMEA,VOUCHER,Certification Vouchers,Usage,voucher,21,17,0,81.7,On track,255,0,false
2026-03,2026-03-31,ACC-1015,Umbra Consulting,SMB,EMEA,VOUCHER,Certification Vouchers,Usage,voucher,21,16,0,76.6,On track,240,0,false
2026-04,2026-04-30,ACC-1015,Umbra Consulting,SMB,EMEA,VOUCHER,Certification Vouchers,Usage,voucher,21,16,0,77.6,On track,240,0,false
2026-05,2026-05-31,ACC-1015,Umbra Consulting,SMB,EMEA,VOUCHER,Certification Vouchers,Usage,voucher,21,16,0,78.1,On track,240,0,false
2026-06,2026-06-30,ACC-1015,Umbra Consulting,SMB,EMEA,VOUCHER,Certification Vouchers,Usage,voucher,21,18,0,83.6,On track,270,0,false
2026-07,2026-07-31,ACC-1015,Umbra Consulting,SMB,EMEA,VOUCHER,Certification Vouchers,Usage,voucher,21,18,0,85.9,On track,270,0,false
2026-08,2026-08-31,ACC-1015,Umbra Consulting,SMB,EMEA,VOUCHER,Certification Vouchers,Usage,voucher,21,17,0,83.3,On track,255,0,false
2026-09,2026-09-30,ACC-1015,Umbra Consulting,SMB,EMEA,VOUCHER,Certification Vouchers,Usage,voucher,21,16,0,77.8,On track,240,0,false
2026-02,2026-02-28,ACC-1015,Umbra Consulting,SMB,EMEA,CLASSROOM,Classroom Seat-Days,Usage,seat-day,11,7,0,64,On track,180.83,0,false
2026-03,2026-03-31,ACC-1015,Umbra Consulting,SMB,EMEA,CLASSROOM,Classroom Seat-Days,Usage,seat-day,11,6,0,57.9,Under-consuming,155,0,false
2026-04,2026-04-30,ACC-1015,Umbra Consulting,SMB,EMEA,CLASSROOM,Classroom Seat-Days,Usage,seat-day,11,7,0,65.9,On track,180.83,0,false
2026-05,2026-05-31,ACC-1015,Umbra Consulting,SMB,EMEA,CLASSROOM,Classroom Seat-Days,Usage,seat-day,11,8,0,75.3,On track,206.67,0,false
2026-06,2026-06-30,ACC-1015,Umbra Consulting,SMB,EMEA,CLASSROOM,Classroom Seat-Days,Usage,seat-day,11,8,0,74.6,On track,206.67,0,false
2026-07,2026-07-31,ACC-1015,Umbra Consulting,SMB,EMEA,CLASSROOM,Classroom Seat-Days,Usage,seat-day,11,8,0,75.9,On track,206.67,0,false
2026-08,2026-08-31,ACC-1015,Umbra Consulting,SMB,EMEA,CLASSROOM,Classroom Seat-Days,Usage,seat-day,11,8,0,69.3,On track,206.67,0,false
2026-09,2026-09-30,ACC-1015,Umbra Consulting,SMB,EMEA,CLASSROOM,Classroom Seat-Days,Usage,seat-day,11,7,0,66.7,On track,180.83,0,false
2026-07,2026-07-31,ACC-1022,Onyx Health,Mid-Market,EMEA,PRO,Academy Pro,Seat,learner/year,52,46,0,88.4,On track,920,0,false
2026-08,2026-08-31,ACC-1022,Onyx Health,Mid-Market,EMEA,PRO,Academy Pro,Seat,learner/year,52,49,0,93.4,On track,980,0,false
2026-09,2026-09-30,ACC-1022,Onyx Health,Mid-Market,EMEA,PRO,Academy Pro,Seat,learner/year,52,50,0,96.9,On track,1000,0,false
2026-04,2026-04-30,ACC-1022,Onyx Health,Mid-Market,EMEA,PRO,Academy Pro,Seat,learner/year,93,64,0,68.8,On track,1216,0,false
2026-05,2026-05-31,ACC-1022,Onyx Health,Mid-Market,EMEA,PRO,Academy Pro,Seat,learner/year,93,64,0,68.7,On track,1216,0,false
2026-06,2026-06-30,ACC-1022,Onyx Health,Mid-Market,EMEA,PRO,Academy Pro,Seat,learner/year,93,73,0,78.3,On track,1387,0,false
2026-07,2026-07-31,ACC-1022,Onyx Health,Mid-Market,EMEA,PRO,Academy Pro,Seat,learner/year,93,75,0,80.4,On track,1425,0,false
2026-08,2026-08-31,ACC-1022,Onyx Health,Mid-Market,EMEA,PRO,Academy Pro,Seat,learner/year,93,76,0,81.8,On track,1444,0,false
2026-09,2026-09-30,ACC-1022,Onyx Health,Mid-Market,EMEA,PRO,Academy Pro,Seat,learner/year,93,84,0,90.7,On track,1596,0,false
2026-04,2026-04-30,ACC-1022,Onyx Health,Mid-Market,EMEA,TEAM,Team Plan,Seat,seat/year,23,17,0,75.8,On track,469.63,0,false
2026-05,2026-05-31,ACC-1022,Onyx Health,Mid-Market,EMEA,TEAM,Team Plan,Seat,seat/year,23,18,0,76.9,On track,497.25,0,false
2026-06,2026-06-30,ACC-1022,Onyx Health,Mid-Market,EMEA,TEAM,Team Plan,Seat,seat/year,23,20,0,85.6,On track,552.5,0,false
2026-07,2026-07-31,ACC-1022,Onyx Health,Mid-Market,EMEA,TEAM,Team Plan,Seat,seat/year,23,21,0,89.5,On track,580.13,0,false
2026-08,2026-08-31,ACC-1022,Onyx Health,Mid-Market,EMEA,TEAM,Team Plan,Seat,seat/year,23,22,0,95.8,On track,607.75,0,false
2026-09,2026-09-30,ACC-1022,Onyx Health,Mid-Market,EMEA,TEAM,Team Plan,Seat,seat/year,23,24,1,103,On track,669.91,34.53,false
2025-06,2025-06-30,ACC-1036,Tundra Media,Self-Serve,EMEA,TEAM,Team Plan,Seat,seat/year,2,2,0,82.2,On track,58.5,0,false
2025-07,2025-07-31,ACC-1036,Tundra Media,Self-Serve,EMEA,TEAM,Team Plan,Seat,seat/year,2,2,0,88.5,On track,58.5,0,false
2025-08,2025-08-31,ACC-1036,Tundra Media,Self-Serve,EMEA,TEAM,Team Plan,Seat,seat/year,2,2,0,88.1,On track,58.5,0,false
2025-09,2025-09-30,ACC-1036,Tundra Media,Self-Serve,EMEA,TEAM,Team Plan,Seat,seat/year,2,2,0,90.4,On track,58.5,0,false
2025-10,2025-10-31,ACC-1036,Tundra Media,Self-Serve,EMEA,TEAM,Team Plan,Seat,seat/year,2,2,0,100.6,On track,58.5,0,false
2025-11,2025-11-30,ACC-1036,Tundra Media,Self-Serve,EMEA,TEAM,Team Plan,Seat,seat/year,2,2,0,95.1,On track,58.5,0,false
2025-12,2025-12-31,ACC-1036,Tundra Media,Self-Serve,EMEA,TEAM,Team Plan,Seat,seat/year,2,2,0,94,On track,58.5,0,false
2026-01,2026-01-31,ACC-1036,Tundra Media,Self-Serve,EMEA,TEAM,Team Plan,Seat,seat/year,2,2,0,90.9,On track,58.5,0,false
2026-02,2026-02-28,ACC-1036,Tundra Media,Self-Serve,EMEA,TEAM,Team Plan,Seat,seat/year,2,2,0,84.1,On track,58.5,0,false
2026-03,2026-03-31,ACC-1036,Tundra Media,Self-Serve,EMEA,TEAM,Team Plan,Seat,seat/year,2,2,0,83.2,On track,58.5,0,false
2026-04,2026-04-30,ACC-1036,Tundra Media,Self-Serve,EMEA,TEAM,Team Plan,Seat,seat/year,2,2,0,89.4,On track,58.5,0,false
2026-05,2026-05-31,ACC-1036,Tundra Media,Self-Serve,EMEA,TEAM,Team Plan,Seat,seat/year,2,2,0,92.4,On track,58.5,0,false
2026-06,2026-06-30,ACC-1036,Tundra Media,Self-Serve,EMEA,TEAM,Team Plan,Seat,seat/year,2,2,0,89.6,On track,58.5,0,false
2026-07,2026-07-31,ACC-1036,Tundra Media,Self-Serve,EMEA,TEAM,Team Plan,Seat,seat/year,2,2,0,96,On track,58.5,0,false
2026-08,2026-08-31,ACC-1036,Tundra Media,Self-Serve,EMEA,TEAM,Team Plan,Seat,seat/year,2,2,0,88.9,On track,58.5,0,false
2026-09,2026-09-30,ACC-1036,Tundra Media,Self-Serve,EMEA,TEAM,Team Plan,Seat,seat/year,2,2,0,84.2,On track,58.5,0,false
2025-09,2025-09-30,ACC-1036,Tundra Media,Self-Serve,EMEA,IMPL,Implementation Services,Usage,consulting hour,19,9,0,47.5,Under-consuming,105,0,true
2025-10,2025-10-31,ACC-1036,Tundra Media,Self-Serve,EMEA,IMPL,Implementation Services,Usage,consulting hour,19,10,0,50.9,Under-consuming,116.67,0,true
2025-11,2025-11-30,ACC-1036,Tundra Media,Self-Serve,EMEA,IMPL,Implementation Services,Usage,consulting hour,19,12,0,60.9,On track,140,0,false
2025-12,2025-12-31,ACC-1036,Tundra Media,Self-Serve,EMEA,IMPL,Implementation Services,Usage,consulting hour,19,12,0,62.8,On track,140,0,false
2026-01,2026-01-31,ACC-1036,Tundra Media,Self-Serve,EMEA,IMPL,Implementation Services,Usage,consulting hour,19,11,0,57.9,Under-consuming,128.33,0,false
2026-02,2026-02-28,ACC-1036,Tundra Media,Self-Serve,EMEA,IMPL,Implementation Services,Usage,consulting hour,19,11,0,55.4,Under-consuming,128.33,0,false
2026-03,2026-03-31,ACC-1036,Tundra Media,Self-Serve,EMEA,IMPL,Implementation Services,Usage,consulting hour,19,11,0,56.2,Under-consuming,128.33,0,false
2026-04,2026-04-30,ACC-1036,Tundra Media,Self-Serve,EMEA,IMPL,Implementation Services,Usage,consulting hour,19,11,0,56.3,Under-consuming,128.33,0,false
2026-05,2026-05-31,ACC-1036,Tundra Media,Self-Serve,EMEA,IMPL,Implementation Services,Usage,consulting hour,19,10,0,50.2,Under-consuming,116.67,0,true
2026-06,2026-06-30,ACC-1036,Tundra Media,Self-Serve,EMEA,IMPL,Implementation Services,Usage,consulting hour,19,10,0,51.8,Under-consuming,116.67,0,true
2026-07,2026-07-31,ACC-1036,Tundra Media,Self-Serve,EMEA,IMPL,Implementation Services,Usage,consulting hour,19,8,0,44,Under-consuming,93.33,0,true
2026-08,2026-08-31,ACC-1036,Tundra Media,Self-Serve,EMEA,IMPL,Implementation Services,Usage,consulting hour,19,7,0,39.2,Under-consuming,81.67,0,true
2026-09,2026-09-30,ACC-1036,Tundra Media,Self-Serve,EMEA,IMPL,Implementation Services,Usage,consulting hour,19,8,0,39.8,Under-consuming,93.33,0,true
2025-12,2025-12-31,ACC-1084,Zephyr Care,SMB,AMER,CLASSROOM,Classroom Seat-Days,Usage,seat-day,4,3,0,81,On track,77.5,0,false
2026-01,2026-01-31,ACC-1084,Zephyr Care,SMB,AMER,CLASSROOM,Classroom Seat-Days,Usage,seat-day,4,4,0,87.9,On track,103.33,0,false
2026-02,2026-02-28,ACC-1084,Zephyr Care,SMB,AMER,CLASSROOM,Classroom Seat-Days,Usage,seat-day,4,4,0,94.5,On track,103.33,0,false
2026-03,2026-03-31,ACC-1084,Zephyr Care,SMB,AMER,CLASSROOM,Classroom Seat-Days,Usage,seat-day,4,4,0,97.8,On track,103.33,0,false
2026-04,2026-04-30,ACC-1084,Zephyr Care,SMB,AMER,CLASSROOM,Classroom Seat-Days,Usage,seat-day,4,4,0,103,On track,103.33,0,false
2026-05,2026-05-31,ACC-1084,Zephyr Care,SMB,AMER,CLASSROOM,Classroom Seat-Days,Usage,seat-day,4,4,0,103,On track,103.33,0,false
2026-06,2026-06-30,ACC-1084,Zephyr Care,SMB,AMER,CLASSROOM,Classroom Seat-Days,Usage,seat-day,4,4,0,107.3,In overage,103.33,0,false
2026-07,2026-07-31,ACC-1084,Zephyr Care,SMB,AMER,CLASSROOM,Classroom Seat-Days,Usage,seat-day,4,5,1,113.1,In overage,135.63,32.29,false
2026-08,2026-08-31,ACC-1084,Zephyr Care,SMB,AMER,CLASSROOM,Classroom Seat-Days,Usage,seat-day,4,5,1,116.9,In overage,135.63,32.29,false
2026-09,2026-09-30,ACC-1084,Zephyr Care,SMB,AMER,CLASSROOM,Classroom Seat-Days,Usage,seat-day,4,5,1,132.7,In overage,135.63,32.29,false
2025-12,2025-12-31,ACC-1084,Zephyr Care,SMB,AMER,VOUCHER,Certification Vouchers,Usage,voucher,10,6,0,62.2,On track,85.5,0,false
2026-01,2026-01-31,ACC-1084,Zephyr Care,SMB,AMER,VOUCHER,Certification Vouchers,Usage,voucher,10,7,0,70.8,On track,99.75,0,false
2026-02,2026-02-28,ACC-1084,Zephyr Care,SMB,AMER,VOUCHER,Certification Vouchers,Usage,voucher,10,8,0,78.3,On track,114,0,false
2026-03,2026-03-31,ACC-1084,Zephyr Care,SMB,AMER,VOUCHER,Certification Vouchers,Usage,voucher,10,9,0,87.2,On track,128.25,0,false
2026-04,2026-04-30,ACC-1084,Zephyr Care,SMB,AMER,VOUCHER,Certification Vouchers,Usage,voucher,10,9,0,92,On track,128.25,0,false
2026-05,2026-05-31,ACC-1084,Zephyr Care,SMB,AMER,VOUCHER,Certification Vouchers,Usage,voucher,10,9,0,93.6,On track,128.25,0,false
2026-06,2026-06-30,ACC-1084,Zephyr Care,SMB,AMER,VOUCHER,Certification Vouchers,Usage,voucher,10,9,0,90.4,On track,128.25,0,false
2026-07,2026-07-31,ACC-1084,Zephyr Care,SMB,AMER,VOUCHER,Certification Vouchers,Usage,voucher,10,9,0,94.1,On track,128.25,0,false
2026-08,2026-08-31,ACC-1084,Zephyr Care,SMB,AMER,VOUCHER,Certification Vouchers,Usage,voucher,10,9,0,92.3,On track,128.25,0,false
2026-09,2026-09-30,ACC-1084,Zephyr Care,SMB,AMER,VOUCHER,Certification Vouchers,Usage,voucher,10,10,0,95.6,On track,142.5,0,false
2025-08,2025-08-31,ACC-1084,Zephyr Care,SMB,AMER,PRO,Academy Pro,Seat,learner/year,61,41,0,66.6,On track,779,0,false
2025-09,2025-09-30,ACC-1084,Zephyr Care,SMB,AMER,PRO,Academy Pro,Seat,learner/year,61,43,0,70,On track,817,0,false
2025-10,2025-10-31,ACC-1084,Zephyr Care,SMB,AMER,PRO,Academy Pro,Seat,learner/year,61,43,0,71.1,On track,817,0,false
2025-11,2025-11-30,ACC-1084,Zephyr Care,SMB,AMER,PRO,Academy Pro,Seat,learner/year,61,44,0,72.7,On track,836,0,false
2025-12,2025-12-31,ACC-1084,Zephyr Care,SMB,AMER,PRO,Academy Pro,Seat,learner/year,61,43,0,70.6,On track,817,0,false
2026-01,2026-01-31,ACC-1084,Zephyr Care,SMB,AMER,PRO,Academy Pro,Seat,learner/year,61,47,0,77,On track,893,0,false
2026-02,2026-02-28,ACC-1084,Zephyr Care,SMB,AMER,PRO,Academy Pro,Seat,learner/year,61,47,0,76.6,On track,893,0,false
2026-03,2026-03-31,ACC-1084,Zephyr Care,SMB,AMER,PRO,Academy Pro,Seat,learner/year,61,53,0,86.4,On track,1007,0,false
2026-04,2026-04-30,ACC-1084,Zephyr Care,SMB,AMER,PRO,Academy Pro,Seat,learner/year,61,54,0,87.9,On track,1026,0,false
2026-05,2026-05-31,ACC-1084,Zephyr Care,SMB,AMER,PRO,Academy Pro,Seat,learner/year,61,56,0,91.6,On track,1064,0,false
2026-06,2026-06-30,ACC-1084,Zephyr Care,SMB,AMER,PRO,Academy Pro,Seat,learner/year,61,54,0,87.9,On track,1026,0,false
2026-07,2026-07-31,ACC-1084,Zephyr Care,SMB,AMER,PRO,Academy Pro,Seat,learner/year,61,59,0,96.2,On track,1121,0,false
2026-08,2026-08-31,ACC-1084,Zephyr Care,SMB,AMER,PRO,Academy Pro,Seat,learner/year,61,62,1,101.6,On track,1182.75,23.75,false
2026-09,2026-09-30,ACC-1084,Zephyr Care,SMB,AMER,PRO,Academy Pro,Seat,learner/year,61,59,0,96.6,On track,1121,0,false
2025-12,2025-12-31,ACC-1084,Zephyr Care,SMB,AMER,VOUCHER,Certification Vouchers,Usage,voucher,90,81,0,90.4,On track,1032.75,0,false
2026-01,2026-01-31,ACC-1084,Zephyr Care,SMB,AMER,VOUCHER,Certification Vouchers,Usage,voucher,90,91,1,100.9,On track,1163.44,15.94,false
2026-02,2026-02-28,ACC-1084,Zephyr Care,SMB,AMER,VOUCHER,Certification Vouchers,Usage,voucher,90,97,7,107.9,In overage,1259.06,111.56,false
2026-03,2026-03-31,ACC-1084,Zephyr Care,SMB,AMER,VOUCHER,Certification Vouchers,Usage,voucher,90,117,27,130.3,In overage,1577.81,430.31,false
2026-04,2026-04-30,ACC-1084,Zephyr Care,SMB,AMER,VOUCHER,Certification Vouchers,Usage,voucher,90,122,32,136.1,In overage,1657.5,510,false
2026-05,2026-05-31,ACC-1084,Zephyr Care,SMB,AMER,VOUCHER,Certification Vouchers,Usage,voucher,90,129,39,143.4,In overage,1769.06,621.56,false
2026-06,2026-06-30,ACC-1084,Zephyr Care,SMB,AMER,VOUCHER,Certification Vouchers,Usage,voucher,90,138,48,153.2,In overage,1912.5,765,false
2026-07,2026-07-31,ACC-1084,Zephyr Care,SMB,AMER,VOUCHER,Certification Vouchers,Usage,voucher,90,152,62,168.6,In overage,2135.63,988.13,false
2026-08,2026-08-31,ACC-1084,Zephyr Care,SMB,AMER,VOUCHER,Certification Vouchers,Usage,voucher,90,162,72,180.3,In overage,2295,1147.5,false
2026-09,2026-09-30,ACC-1084,Zephyr Care,SMB,AMER,VOUCHER,Certification Vouchers,Usage,voucher,90,165,75,182.9,In overage,2342.81,1195.31,false
2025-05,2025-05-31,ACC-1045,Meridian Technologies,Self-Serve,APAC,PRO,Academy Pro,Seat,learner/year,20,12,0,61.9,On track,156,0,false
2025-06,2025-06-30,ACC-1045,Meridian Technologies,Self-Serve,APAC,PRO,Academy Pro,Seat,learner/year,20,12,0,60.2,On track,156,0,false
2025-07,2025-07-31,ACC-1045,Meridian Technologies,Self-Serve,APAC,PRO,Academy Pro,Seat,learner/year,20,12,0,61.2,On track,156,0,false
2025-08,2025-08-31,ACC-1045,Meridian Technologies,Self-Serve,APAC,PRO,Academy Pro,Seat,learner/year,20,12,0,58.5,Under-consuming,156,0,false
2025-09,2025-09-30,ACC-1045,Meridian Technologies,Self-Serve,APAC,PRO,Academy Pro,Seat,learner/year,20,12,0,58.2,Under-consuming,156,0,false
2025-10,2025-10-31,ACC-1045,Meridian Technologies,Self-Serve,APAC,PRO,Academy Pro,Seat,learner/year,20,12,0,60.9,On track,156,0,false
2025-11,2025-11-30,ACC-1045,Meridian Technologies,Self-Serve,APAC,PRO,Academy Pro,Seat,learner/year,20,11,0,56.1,Under-consuming,143,0,false
2025-12,2025-12-31,ACC-1045,Meridian Technologies,Self-Serve,APAC,PRO,Academy Pro,Seat,learner/year,20,11,0,55.9,Under-consuming,143,0,false
2026-01,2026-01-31,ACC-1045,Meridian Technologies,Self-Serve,APAC,PRO,Academy Pro,Seat,learner/year,20,11,0,54.5,Under-consuming,143,0,true
2026-02,2026-02-28,ACC-1045,Meridian Technologies,Self-Serve,APAC,PRO,Academy Pro,Seat,learner/year,20,10,0,48.2,Under-consuming,130,0,true
2026-03,2026-03-31,ACC-1045,Meridian Technologies,Self-Serve,APAC,PRO,Academy Pro,Seat,learner/year,20,10,0,48.2,Under-consuming,130,0,true
2026-04,2026-04-30,ACC-1045,Meridian Technologies,Self-Serve,APAC,PRO,Academy Pro,Seat,learner/year,20,13,0,63.2,On track,169,0,false
2026-05,2026-05-31,ACC-1045,Meridian Technologies,Self-Serve,APAC,PRO,Academy Pro,Seat,learner/year,20,12,0,61.4,On track,156,0,false
2026-06,2026-06-30,ACC-1045,Meridian Technologies,Self-Serve,APAC,PRO,Academy Pro,Seat,learner/year,20,12,0,60,Under-consuming,156,0,false
2026-07,2026-07-31,ACC-1045,Meridian Technologies,Self-Serve,APAC,PRO,Academy Pro,Seat,learner/year,20,10,0,49.2,Under-consuming,130,0,true
2026-08,2026-08-31,ACC-1045,Meridian Technologies,Self-Serve,APAC,PRO,Academy Pro,Seat,learner/year,20,11,0,53.5,Under-consuming,143,0,true
2026-09,2026-09-30,ACC-1045,Meridian Technologies,Self-Serve,APAC,PRO,Academy Pro,Seat,learner/year,20,11,0,53.6,Under-consuming,143,0,true
2025-06,2025-06-30,ACC-1132,Umbra Foods,SMB,AMER,PRO,Academy Pro,Seat,learner/year,21,21,0,101.7,On track,378,0,false
2025-07,2025-07-31,ACC-1132,Umbra Foods,SMB,AMER,PRO,Academy Pro,Seat,learner/year,21,22,1,105.6,In overage,400.5,22.5,false
2025-08,2025-08-31,ACC-1132,Umbra Foods,SMB,AMER,PRO,Academy Pro,Seat,learner/year,21,22,1,105.1,In overage,400.5,22.5,false
2025-09,2025-09-30,ACC-1132,Umbra Foods,SMB,AMER,PRO,Academy Pro,Seat,learner/year,21,22,1,103.8,On track,400.5,22.5,false
2025-10,2025-10-31,ACC-1132,Umbra Foods,SMB,AMER,PRO,Academy Pro,Seat,learner/year,21,22,1,103.9,On track,400.5,22.5,false
2025-11,2025-11-30,ACC-1132,Umbra Foods,SMB,AMER,PRO,Academy Pro,Seat,learner/year,21,22,1,105.5,In overage,400.5,22.5,false
2025-12,2025-12-31,ACC-1132,Umbra Foods,SMB,AMER,PRO,Academy Pro,Seat,learner/year,21,20,0,93.7,On track,360,0,false
2026-01,2026-01-31,ACC-1132,Umbra Foods,SMB,AMER,PRO,Academy Pro,Seat,learner/year,21,20,0,96.9,On track,360,0,false
2026-02,2026-02-28,ACC-1132,Umbra Foods,SMB,AMER,PRO,Academy Pro,Seat,learner/year,21,23,2,108.2,In overage,423,45,false
2026-03,2026-03-31,ACC-1132,Umbra Foods,SMB,AMER,PRO,Academy Pro,Seat,learner/year,21,21,0,100.6,On track,378,0,false
2026-04,2026-04-30,ACC-1132,Umbra Foods,SMB,AMER,PRO,Academy Pro,Seat,learner/year,21,20,0,93.5,On track,360,0,false
2026-05,2026-05-31,ACC-1132,Umbra Foods,SMB,AMER,PRO,Academy Pro,Seat,learner/year,21,20,0,93.2,On track,360,0,false
2026-06,2026-06-30,ACC-1132,Umbra Foods,SMB,AMER,PRO,Academy Pro,Seat,learner/year,21,20,0,94,On track,360,0,false
2026-07,2026-07-31,ACC-1132,Umbra Foods,SMB,AMER,PRO,Academy Pro,Seat,learner/year,21,20,0,96.5,On track,360,0,false
2026-08,2026-08-31,ACC-1132,Umbra Foods,SMB,AMER,PRO,Academy Pro,Seat,learner/year,21,21,0,99.3,On track,378,0,false
2026-09,2026-09-30,ACC-1132,Umbra Foods,SMB,AMER,PRO,Academy Pro,Seat,learner/year,21,21,0,100.9,On track,378,0,false
2025-06,2025-06-30,ACC-1132,Umbra Foods,SMB,AMER,VOUCHER,Certification Vouchers,Usage,voucher,12,10,0,85.8,On track,127.5,0,false
2025-07,2025-07-31,ACC-1132,Umbra Foods,SMB,AMER,VOUCHER,Certification Vouchers,Usage,voucher,12,10,0,85.6,On track,127.5,0,false
2025-08,2025-08-31,ACC-1132,Umbra Foods,SMB,AMER,VOUCHER,Certification Vouchers,Usage,voucher,12,11,0,88.3,On track,140.25,0,false
2025-09,2025-09-30,ACC-1132,Umbra Foods,SMB,AMER,VOUCHER,Certification Vouchers,Usage,voucher,12,10,0,83.1,On track,127.5,0,false
2025-10,2025-10-31,ACC-1132,Umbra Foods,SMB,AMER,VOUCHER,Certification Vouchers,Usage,voucher,12,10,0,82.8,On track,127.5,0,false
2025-11,2025-11-30,ACC-1132,Umbra Foods,SMB,AMER,VOUCHER,Certification Vouchers,Usage,voucher,12,10,0,86.3,On track,127.5,0,false
2025-12,2025-12-31,ACC-1132,Umbra Foods,SMB,AMER,VOUCHER,Certification Vouchers,Usage,voucher,12,10,0,85.2,On track,127.5,0,false
2026-01,2026-01-31,ACC-1132,Umbra Foods,SMB,AMER,VOUCHER,Certification Vouchers,Usage,voucher,12,10,0,85.4,On track,127.5,0,false
2026-02,2026-02-28,ACC-1132,Umbra Foods,SMB,AMER,VOUCHER,Certification Vouchers,Usage,voucher,12,10,0,86.9,On track,127.5,0,false
2026-03,2026-03-31,ACC-1132,Umbra Foods,SMB,AMER,VOUCHER,Certification Vouchers,Usage,voucher,12,9,0,75.6,On track,114.75,0,false
2026-04,2026-04-30,ACC-1132,Umbra Foods,SMB,AMER,VOUCHER,Certification Vouchers,Usage,voucher,12,10,0,80.3,On track,127.5,0,false
2026-05,2026-05-31,ACC-1132,Umbra Foods,SMB,AMER,VOUCHER,Certification Vouchers,Usage,voucher,12,10,0,80.6,On track,127.5,0,false
2026-06,2026-06-30,ACC-1132,Umbra Foods,SMB,AMER,VOUCHER,Certification Vouchers,Usage,voucher,12,9,0,78.4,On track,114.75,0,false
2026-07,2026-07-31,ACC-1132,Umbra Foods,SMB,AMER,VOUCHER,Certification Vouchers,Usage,voucher,12,9,0,76.2,On track,114.75,0,false
2026-08,2026-08-31,ACC-1132,Umbra Foods,SMB,AMER,VOUCHER,Certification Vouchers,Usage,voucher,12,9,0,77.5,On track,114.75,0,false
2026-09,2026-09-30,ACC-1132,Umbra Foods,SMB,AMER,VOUCHER,Certification Vouchers,Usage,voucher,12,10,0,81.2,On track,127.5,0,false
2025-06,2025-06-30,ACC-1132,Umbra Foods,SMB,AMER,IMPL,Implementation Services,Usage,consulting hour,28,19,0,69.2,On track,277.08,0,false
2025-07,2025-07-31,ACC-1132,Umbra Foods,SMB,AMER,IMPL,Implementation Services,Usage,consulting hour,28,22,0,77.6,On track,320.83,0,false
2025-08,2025-08-31,ACC-1132,Umbra Foods,SMB,AMER,IMPL,Implementation Services,Usage,consulting hour,28,22,0,78.4,On track,320.83,0,false
2025-09,2025-09-30,ACC-1132,Umbra Foods,SMB,AMER,IMPL,Implementation Services,Usage,consulting hour,28,23,0,81.2,On track,335.42,0,false
2025-10,2025-10-31,ACC-1132,Umbra Foods,SMB,AMER,IMPL,Implementation Services,Usage,consulting hour,28,22,0,77.5,On track,320.83,0,false
2025-11,2025-11-30,ACC-1132,Umbra Foods,SMB,AMER,IMPL,Implementation Services,Usage,consulting hour,28,22,0,79.2,On track,320.83,0,false
2025-12,2025-12-31,ACC-1132,Umbra Foods,SMB,AMER,IMPL,Implementation Services,Usage,consulting hour,28,24,0,84.9,On track,350,0,false
2026-01,2026-01-31,ACC-1132,Umbra Foods,SMB,AMER,IMPL,Implementation Services,Usage,consulting hour,28,25,0,90.6,On track,364.58,0,false
2026-02,2026-02-28,ACC-1132,Umbra Foods,SMB,AMER,IMPL,Implementation Services,Usage,consulting hour,28,26,0,91.5,On track,379.17,0,false
2026-03,2026-03-31,ACC-1132,Umbra Foods,SMB,AMER,IMPL,Implementation Services,Usage,consulting hour,28,26,0,92.3,On track,379.17,0,false
2026-04,2026-04-30,ACC-1132,Umbra Foods,SMB,AMER,IMPL,Implementation Services,Usage,consulting hour,28,28,0,101.5,On track,408.33,0,false
2026-05,2026-05-31,ACC-1132,Umbra Foods,SMB,AMER,IMPL,Implementation Services,Usage,consulting hour,28,30,2,108.3,In overage,444.79,36.46,false
2026-06,2026-06-30,ACC-1132,Umbra Foods,SMB,AMER,IMPL,Implementation Services,Usage,consulting hour,28,33,5,116.8,In overage,499.48,91.15,false
2026-07,2026-07-31,ACC-1132,Umbra Foods,SMB,AMER,IMPL,Implementation Services,Usage,consulting hour,28,33,5,117.1,In overage,499.48,91.15,false
2026-08,2026-08-31,ACC-1132,Umbra Foods,SMB,AMER,IMPL,Implementation Services,Usage,consulting hour,28,32,4,113,In overage,481.25,72.92,false
2026-09,2026-09-30,ACC-1132,Umbra Foods,SMB,AMER,IMPL,Implementation Services,Usage,consulting hour,28,31,3,109,In overage,463.02,54.69,false
2026-09,2026-09-30,ACC-1132,Umbra Foods,SMB,AMER,VOUCHER,Certification Vouchers,Usage,voucher,16,11,0,70.6,On track,107.25,0,false
2026-09,2026-09-30,ACC-1132,Umbra Foods,SMB,AMER,IMPL,Implementation Services,Usage,consulting hour,6,5,0,88.8,On track,72.92,0,false
2026-01,2026-01-31,ACC-1120,Pallas Capital,Mid-Market,AMER,PRO,Academy Pro,Seat,learner/year,88,78,0,88.1,On track,1326,0,false
2026-02,2026-02-28,ACC-1120,Pallas Capital,Mid-Market,AMER,PRO,Academy Pro,Seat,learner/year,88,84,0,95.9,On track,1428,0,false
2026-03,2026-03-31,ACC-1120,Pallas Capital,Mid-Market,AMER,PRO,Academy Pro,Seat,learner/year,88,89,1,101.1,On track,1517.25,21.25,false
2026-04,2026-04-30,ACC-1120,Pallas Capital,Mid-Market,AMER,PRO,Academy Pro,Seat,learner/year,88,92,4,104.5,On track,1581,85,false
2026-05,2026-05-31,ACC-1120,Pallas Capital,Mid-Market,AMER,PRO,Academy Pro,Seat,learner/year,88,86,0,97.9,On track,1462,0,false
2026-06,2026-06-30,ACC-1120,Pallas Capital,Mid-Market,AMER,PRO,Academy Pro,Seat,learner/year,88,95,7,108.1,In overage,1644.75,148.75,false
2026-07,2026-07-31,ACC-1120,Pallas Capital,Mid-Market,AMER,PRO,Academy Pro,Seat,learner/year,88,98,10,111.7,In overage,1708.5,212.5,false
2026-08,2026-08-31,ACC-1120,Pallas Capital,Mid-Market,AMER,PRO,Academy Pro,Seat,learner/year,88,106,18,120.9,In overage,1878.5,382.5,false
2026-09,2026-09-30,ACC-1120,Pallas Capital,Mid-Market,AMER,PRO,Academy Pro,Seat,learner/year,88,105,17,119.7,In overage,1857.25,361.25,false
2026-01,2026-01-31,ACC-1120,Pallas Capital,Mid-Market,AMER,VOUCHER,Certification Vouchers,Usage,voucher,111,65,0,58.4,Under-consuming,926.25,0,false
2026-02,2026-02-28,ACC-1120,Pallas Capital,Mid-Market,AMER,VOUCHER,Certification Vouchers,Usage,voucher,111,75,0,67.4,On track,1068.75,0,false
2026-03,2026-03-31,ACC-1120,Pallas Capital,Mid-Market,AMER,VOUCHER,Certification Vouchers,Usage,voucher,111,81,0,73.2,On track,1154.25,0,false
2026-04,2026-04-30,ACC-1120,Pallas Capital,Mid-Market,AMER,VOUCHER,Certification Vouchers,Usage,voucher,111,76,0,68.8,On track,1083,0,false
2026-05,2026-05-31,ACC-1120,Pallas Capital,Mid-Market,AMER,VOUCHER,Certification Vouchers,Usage,voucher,111,82,0,73.8,On track,1168.5,0,false
2026-06,2026-06-30,ACC-1120,Pallas Capital,Mid-Market,AMER,VOUCHER,Certification Vouchers,Usage,voucher,111,88,0,79.1,On track,1254,0,false
2026-07,2026-07-31,ACC-1120,Pallas Capital,Mid-Market,AMER,VOUCHER,Certification Vouchers,Usage,voucher,111,95,0,85.2,On track,1353.75,0,false
2026-08,2026-08-31,ACC-1120,Pallas Capital,Mid-Market,AMER,VOUCHER,Certification Vouchers,Usage,voucher,111,100,0,90,On track,1425,0,false
2026-09,2026-09-30,ACC-1120,Pallas Capital,Mid-Market,AMER,VOUCHER,Certification Vouchers,Usage,voucher,111,104,0,93.5,On track,1482,0,false
2026-01,2026-01-31,ACC-1120,Pallas Capital,Mid-Market,AMER,CLASSROOM,Classroom Seat-Days,Usage,seat-day,53,47,0,89.4,On track,1214.17,0,false
2026-02,2026-02-28,ACC-1120,Pallas Capital,Mid-Market,AMER,CLASSROOM,Classroom Seat-Days,Usage,seat-day,53,52,0,98.4,On track,1343.33,0,false
2026-03,2026-03-31,ACC-1120,Pallas Capital,Mid-Market,AMER,CLASSROOM,Classroom Seat-Days,Usage,seat-day,53,53,0,99.5,On track,1369.17,0,false
2026-04,2026-04-30,ACC-1120,Pallas Capital,Mid-Market,AMER,CLASSROOM,Classroom Seat-Days,Usage,seat-day,53,54,1,102.2,On track,1401.46,32.29,false
2026-05,2026-05-31,ACC-1120,Pallas Capital,Mid-Market,AMER,CLASSROOM,Classroom Seat-Days,Usage,seat-day,53,55,2,104,On track,1433.75,64.58,false
2026-06,2026-06-30,ACC-1120,Pallas Capital,Mid-Market,AMER,CLASSROOM,Classroom Seat-Days,Usage,seat-day,53,56,3,105.5,In overage,1466.04,96.88,false
2026-07,2026-07-31,ACC-1120,Pallas Capital,Mid-Market,AMER,CLASSROOM,Classroom Seat-Days,Usage,seat-day,53,55,2,104.2,On track,1433.75,64.58,false
2026-08,2026-08-31,ACC-1120,Pallas Capital,Mid-Market,AMER,CLASSROOM,Classroom Seat-Days,Usage,seat-day,53,59,6,112,In overage,1562.92,193.75,false
2026-09,2026-09-30,ACC-1120,Pallas Capital,Mid-Market,AMER,CLASSROOM,Classroom Seat-Days,Usage,seat-day,53,60,7,113.6,In overage,1595.21,226.04,false
2026-09,2026-09-30,ACC-1120,Pallas Capital,Mid-Market,AMER,CLASSROOM,Classroom Seat-Days,Usage,seat-day,40,43,3,107.7,In overage,1130.21,96.88,false
2026-09,2026-09-30,ACC-1120,Pallas Capital,Mid-Market,AMER,VOUCHER,Certification Vouchers,Usage,voucher,117,96,0,81.8,On track,1368,0,false
2026-09,2026-09-30,ACC-1120,Pallas Capital,Mid-Market,AMER,PRO,Academy Pro,Seat,learner/year,88,96,8,108.7,In overage,1960,200,false
2026-05,2026-05-31,ACC-1050,Lattice Digital,SMB,AMER,CLASSROOM,Classroom Seat-Days,Usage,seat-day,11,9,0,85.9,On track,151.13,0,false
2026-06,2026-06-30,ACC-1050,Lattice Digital,SMB,AMER,CLASSROOM,Classroom Seat-Days,Usage,seat-day,11,9,0,81.7,On track,151.13,0,false
2026-07,2026-07-31,ACC-1050,Lattice Digital,SMB,AMER,CLASSROOM,Classroom Seat-Days,Usage,seat-day,11,9,0,81.6,On track,151.13,0,false
2026-08,2026-08-31,ACC-1050,Lattice Digital,SMB,AMER,CLASSROOM,Classroom Seat-Days,Usage,seat-day,11,9,0,81.9,On track,151.13,0,false
2026-09,2026-09-30,ACC-1050,Lattice Digital,SMB,AMER,CLASSROOM,Classroom Seat-Days,Usage,seat-day,11,9,0,78.1,On track,151.13,0,false
2026-05,2026-05-31,ACC-1050,Lattice Digital,SMB,AMER,PRO,Academy Pro,Seat,learner/year,13,10,0,75.1,On track,200,0,false
2026-06,2026-06-30,ACC-1050,Lattice Digital,SMB,AMER,PRO,Academy Pro,Seat,learner/year,13,10,0,73.7,On track,200,0,false
2026-07,2026-07-31,ACC-1050,Lattice Digital,SMB,AMER,PRO,Academy Pro,Seat,learner/year,13,9,0,68.8,On track,180,0,false
2026-08,2026-08-31,ACC-1050,Lattice Digital,SMB,AMER,PRO,Academy Pro,Seat,learner/year,13,9,0,71.8,On track,180,0,false
2026-09,2026-09-30,ACC-1050,Lattice Digital,SMB,AMER,PRO,Academy Pro,Seat,learner/year,13,9,0,69.3,On track,180,0,false
2025-09,2025-09-30,ACC-1050,Lattice Digital,SMB,AMER,VOUCHER,Certification Vouchers,Usage,voucher,58,65,7,112.6,In overage,951.19,124.69,false
2025-10,2025-10-31,ACC-1050,Lattice Digital,SMB,AMER,VOUCHER,Certification Vouchers,Usage,voucher,58,62,4,107.8,In overage,897.75,71.25,false
2025-11,2025-11-30,ACC-1050,Lattice Digital,SMB,AMER,VOUCHER,Certification Vouchers,Usage,voucher,58,64,6,110.2,In overage,933.38,106.88,false
2025-12,2025-12-31,ACC-1050,Lattice Digital,SMB,AMER,VOUCHER,Certification Vouchers,Usage,voucher,58,66,8,113.9,In overage,969,142.5,false
2026-01,2026-01-31,ACC-1050,Lattice Digital,SMB,AMER,VOUCHER,Certification Vouchers,Usage,voucher,58,62,4,106.3,In overage,897.75,71.25,false
2026-02,2026-02-28,ACC-1050,Lattice Digital,SMB,AMER,VOUCHER,Certification Vouchers,Usage,voucher,58,67,9,115.4,In overage,986.81,160.31,false
2026-03,2026-03-31,ACC-1050,Lattice Digital,SMB,AMER,VOUCHER,Certification Vouchers,Usage,voucher,58,67,9,116.2,In overage,986.81,160.31,false
2026-04,2026-04-30,ACC-1050,Lattice Digital,SMB,AMER,VOUCHER,Certification Vouchers,Usage,voucher,58,68,10,116.7,In overage,1004.63,178.13,false
2026-05,2026-05-31,ACC-1050,Lattice Digital,SMB,AMER,VOUCHER,Certification Vouchers,Usage,voucher,58,65,7,111.3,In overage,951.19,124.69,false
2026-06,2026-06-30,ACC-1050,Lattice Digital,SMB,AMER,VOUCHER,Certification Vouchers,Usage,voucher,58,65,7,111.3,In overage,951.19,124.69,false
2026-07,2026-07-31,ACC-1050,Lattice Digital,SMB,AMER,VOUCHER,Certification Vouchers,Usage,voucher,58,66,8,113.3,In overage,969,142.5,false
2026-08,2026-08-31,ACC-1050,Lattice Digital,SMB,AMER,VOUCHER,Certification Vouchers,Usage,voucher,58,69,11,119.4,In overage,1022.44,195.94,false
2026-09,2026-09-30,ACC-1050,Lattice Digital,SMB,AMER,VOUCHER,Certification Vouchers,Usage,voucher,58,70,12,120.8,In overage,1040.25,213.75,false
2025-08,2025-08-31,ACC-1050,Lattice Digital,SMB,AMER,VOUCHER,Certification Vouchers,Usage,voucher,32,32,0,101.1,On track,456,0,false
2025-09,2025-09-30,ACC-1050,Lattice Digital,SMB,AMER,VOUCHER,Certification Vouchers,Usage,voucher,32,30,0,94.4,On track,427.5,0,false
2025-10,2025-10-31,ACC-1050,Lattice Digital,SMB,AMER,VOUCHER,Certification Vouchers,Usage,voucher,32,31,0,97,On track,441.75,0,false
2025-11,2025-11-30,ACC-1050,Lattice Digital,SMB,AMER,VOUCHER,Certification Vouchers,Usage,voucher,32,32,0,98.9,On track,456,0,false
2025-12,2025-12-31,ACC-1050,Lattice Digital,SMB,AMER,VOUCHER,Certification Vouchers,Usage,voucher,32,33,1,102.9,On track,473.81,17.81,false
2026-01,2026-01-31,ACC-1050,Lattice Digital,SMB,AMER,VOUCHER,Certification Vouchers,Usage,voucher,32,33,1,102.5,On track,473.81,17.81,false
2026-02,2026-02-28,ACC-1050,Lattice Digital,SMB,AMER,VOUCHER,Certification Vouchers,Usage,voucher,32,33,1,101.7,On track,473.81,17.81,false
2026-03,2026-03-31,ACC-1050,Lattice Digital,SMB,AMER,VOUCHER,Certification Vouchers,Usage,voucher,32,34,2,104.8,On track,491.63,35.63,false
2026-04,2026-04-30,ACC-1050,Lattice Digital,SMB,AMER,VOUCHER,Certification Vouchers,Usage,voucher,32,31,0,96.3,On track,441.75,0,false
2026-05,2026-05-31,ACC-1050,Lattice Digital,SMB,AMER,VOUCHER,Certification Vouchers,Usage,voucher,32,30,0,92.8,On track,427.5,0,false
2026-06,2026-06-30,ACC-1050,Lattice Digital,SMB,AMER,VOUCHER,Certification Vouchers,Usage,voucher,32,29,0,91.9,On track,413.25,0,false
2026-07,2026-07-31,ACC-1050,Lattice Digital,SMB,AMER,VOUCHER,Certification Vouchers,Usage,voucher,32,30,0,92.9,On track,427.5,0,false
2026-08,2026-08-31,ACC-1050,Lattice Digital,SMB,AMER,VOUCHER,Certification Vouchers,Usage,voucher,32,35,3,109.7,In overage,509.44,53.44,false
2026-09,2026-09-30,ACC-1050,Lattice Digital,SMB,AMER,VOUCHER,Certification Vouchers,Usage,voucher,32,37,5,114.4,In overage,545.06,89.06,false
2026-09,2026-09-30,ACC-1026,Orbital Health,SMB,APAC,PRO,Academy Pro,Seat,learner/year,26,24,0,92.3,On track,480,0,false
2026-09,2026-09-30,ACC-1026,Orbital Health,SMB,APAC,TEAM,Team Plan,Seat,seat/year,13,13,0,103.4,On track,401.38,0,false
2026-04,2026-04-30,ACC-1012,Tundra Energy,Mid-Market,AMER,TEAM,Team Plan,Seat,seat/year,25,19,0,77.8,On track,494,0,false
2026-05,2026-05-31,ACC-1012,Tundra Energy,Mid-Market,AMER,TEAM,Team Plan,Seat,seat/year,25,19,0,77.4,On track,494,0,false
2026-06,2026-06-30,ACC-1012,Tundra Energy,Mid-Market,AMER,TEAM,Team Plan,Seat,seat/year,25,19,0,75.7,On track,494,0,false
2026-07,2026-07-31,ACC-1012,Tundra Energy,Mid-Market,AMER,TEAM,Team Plan,Seat,seat/year,25,19,0,76.6,On track,494,0,false
2026-08,2026-08-31,ACC-1012,Tundra Energy,Mid-Market,AMER,TEAM,Team Plan,Seat,seat/year,25,23,0,92.2,On track,598,0,false
2026-09,2026-09-30,ACC-1012,Tundra Energy,Mid-Market,AMER,TEAM,Team Plan,Seat,seat/year,25,22,0,89.7,On track,572,0,false
2026-04,2026-04-30,ACC-1012,Tundra Energy,Mid-Market,AMER,CLASSROOM,Classroom Seat-Days,Usage,seat-day,33,23,0,70.3,On track,594.17,0,false
2026-05,2026-05-31,ACC-1012,Tundra Energy,Mid-Market,AMER,CLASSROOM,Classroom Seat-Days,Usage,seat-day,33,22,0,66,On track,568.33,0,false
2026-06,2026-06-30,ACC-1012,Tundra Energy,Mid-Market,AMER,CLASSROOM,Classroom Seat-Days,Usage,seat-day,33,20,0,62.1,On track,516.67,0,false
2026-07,2026-07-31,ACC-1012,Tundra Energy,Mid-Market,AMER,CLASSROOM,Classroom Seat-Days,Usage,seat-day,33,21,0,63.6,On track,542.5,0,false
2026-08,2026-08-31,ACC-1012,Tundra Energy,Mid-Market,AMER,CLASSROOM,Classroom Seat-Days,Usage,seat-day,33,20,0,59.8,Under-consuming,516.67,0,false
2026-09,2026-09-30,ACC-1012,Tundra Energy,Mid-Market,AMER,CLASSROOM,Classroom Seat-Days,Usage,seat-day,33,19,0,56.3,Under-consuming,490.83,0,false
2026-06,2026-06-30,ACC-1103,Meridian Group,Enterprise,EMEA,TEAM,Team Plan,Seat,seat/year,217,166,0,76.6,On track,4585.75,0,false
2026-07,2026-07-31,ACC-1103,Meridian Group,Enterprise,EMEA,TEAM,Team Plan,Seat,seat/year,217,164,0,75.4,On track,4530.5,0,false
2026-08,2026-08-31,ACC-1103,Meridian Group,Enterprise,EMEA,TEAM,Team Plan,Seat,seat/year,217,161,0,74.1,On track,4447.63,0,false
2026-09,2026-09-30,ACC-1103,Meridian Group,Enterprise,EMEA,TEAM,Team Plan,Seat,seat/year,217,173,0,79.7,On track,4779.13,0,false
2026-06,2026-06-30,ACC-1103,Meridian Group,Enterprise,EMEA,PRO,Academy Pro,Seat,learner/year,317,309,0,97.4,On track,5562,0,false
2026-07,2026-07-31,ACC-1103,Meridian Group,Enterprise,EMEA,PRO,Academy Pro,Seat,learner/year,317,299,0,94.2,On track,5382,0,false
2026-08,2026-08-31,ACC-1103,Meridian Group,Enterprise,EMEA,PRO,Academy Pro,Seat,learner/year,317,312,0,98.3,On track,5616,0,false
2026-09,2026-09-30,ACC-1103,Meridian Group,Enterprise,EMEA,PRO,Academy Pro,Seat,learner/year,317,320,3,100.9,On track,5773.5,67.5,false
2026-08,2026-08-31,ACC-1103,Meridian Group,Enterprise,EMEA,IMPL,Implementation Services,Usage,consulting hour,192,180,0,94,On track,2493.75,0,false
2026-09,2026-09-30,ACC-1103,Meridian Group,Enterprise,EMEA,IMPL,Implementation Services,Usage,consulting hour,192,188,0,97.9,On track,2604.58,0,false
2025-12,2025-12-31,ACC-1119,Ember Logistics,Enterprise,AMER,IMPL,Implementation Services,Usage,consulting hour,295,175,0,59.3,Under-consuming,2552.08,0,false
2026-01,2026-01-31,ACC-1119,Ember Logistics,Enterprise,AMER,IMPL,Implementation Services,Usage,consulting hour,295,164,0,55.8,Under-consuming,2391.67,0,false
2026-02,2026-02-28,ACC-1119,Ember Logistics,Enterprise,AMER,IMPL,Implementation Services,Usage,consulting hour,295,173,0,58.7,Under-consuming,2522.92,0,false
2026-03,2026-03-31,ACC-1119,Ember Logistics,Enterprise,AMER,IMPL,Implementation Services,Usage,consulting hour,295,173,0,58.8,Under-consuming,2522.92,0,false
2026-04,2026-04-30,ACC-1119,Ember Logistics,Enterprise,AMER,IMPL,Implementation Services,Usage,consulting hour,295,177,0,60,Under-consuming,2581.25,0,false
2026-05,2026-05-31,ACC-1119,Ember Logistics,Enterprise,AMER,IMPL,Implementation Services,Usage,consulting hour,295,157,0,53.2,Under-consuming,2289.58,0,true
2026-06,2026-06-30,ACC-1119,Ember Logistics,Enterprise,AMER,IMPL,Implementation Services,Usage,consulting hour,295,147,0,49.8,Under-consuming,2143.75,0,true
2026-07,2026-07-31,ACC-1119,Ember Logistics,Enterprise,AMER,IMPL,Implementation Services,Usage,consulting hour,295,158,0,53.6,Under-consuming,2304.17,0,true
2026-08,2026-08-31,ACC-1119,Ember Logistics,Enterprise,AMER,IMPL,Implementation Services,Usage,consulting hour,295,148,0,50.3,Under-consuming,2158.33,0,true
2026-09,2026-09-30,ACC-1119,Ember Logistics,Enterprise,AMER,IMPL,Implementation Services,Usage,consulting hour,295,138,0,46.8,Under-consuming,2012.5,0,true
2025-12,2025-12-31,ACC-1119,Ember Logistics,Enterprise,AMER,PRO,Academy Pro,Seat,learner/year,199,176,0,88.5,On track,3168,0,false
2026-01,2026-01-31,ACC-1119,Ember Logistics,Enterprise,AMER,PRO,Academy Pro,Seat,learner/year,199,172,0,86.3,On track,3096,0,false
2026-02,2026-02-28,ACC-1119,Ember Logistics,Enterprise,AMER,PRO,Academy Pro,Seat,learner/year,199,192,0,96.3,On track,3456,0,false
2026-03,2026-03-31,ACC-1119,Ember Logistics,Enterprise,AMER,PRO,Academy Pro,Seat,learner/year,199,198,0,99.6,On track,3564,0,false
2026-04,2026-04-30,ACC-1119,Ember Logistics,Enterprise,AMER,PRO,Academy Pro,Seat,learner/year,199,200,1,100.5,On track,3604.5,22.5,false
2026-05,2026-05-31,ACC-1119,Ember Logistics,Enterprise,AMER,PRO,Academy Pro,Seat,learner/year,199,193,0,97,On track,3474,0,false
2026-06,2026-06-30,ACC-1119,Ember Logistics,Enterprise,AMER,PRO,Academy Pro,Seat,learner/year,199,186,0,93.5,On track,3348,0,false
2026-07,2026-07-31,ACC-1119,Ember Logistics,Enterprise,AMER,PRO,Academy Pro,Seat,learner/year,199,192,0,96.7,On track,3456,0,false
2026-08,2026-08-31,ACC-1119,Ember Logistics,Enterprise,AMER,PRO,Academy Pro,Seat,learner/year,199,197,0,99.1,On track,3546,0,false
2026-09,2026-09-30,ACC-1119,Ember Logistics,Enterprise,AMER,PRO,Academy Pro,Seat,learner/year,199,208,9,104.4,On track,3784.5,202.5,false
2025-12,2025-12-31,ACC-1119,Ember Logistics,Enterprise,AMER,CLASSROOM,Classroom Seat-Days,Usage,seat-day,148,121,0,81.7,On track,2969.54,0,false
2026-01,2026-01-31,ACC-1119,Ember Logistics,Enterprise,AMER,CLASSROOM,Classroom Seat-Days,Usage,seat-day,148,125,0,84.7,On track,3067.71,0,false
2026-02,2026-02-28,ACC-1119,Ember Logistics,Enterprise,AMER,CLASSROOM,Classroom Seat-Days,Usage,seat-day,148,121,0,81.8,On track,2969.54,0,false
2026-03,2026-03-31,ACC-1119,Ember Logistics,Enterprise,AMER,CLASSROOM,Classroom Seat-Days,Usage,seat-day,148,123,0,83.2,On track,3018.63,0,false
2026-04,2026-04-30,ACC-1119,Ember Logistics,Enterprise,AMER,CLASSROOM,Classroom Seat-Days,Usage,seat-day,148,117,0,78.9,On track,2871.38,0,false
2026-05,2026-05-31,ACC-1119,Ember Logistics,Enterprise,AMER,CLASSROOM,Classroom Seat-Days,Usage,seat-day,148,108,0,72.9,On track,2650.5,0,false
2026-06,2026-06-30,ACC-1119,Ember Logistics,Enterprise,AMER,CLASSROOM,Classroom Seat-Days,Usage,seat-day,148,119,0,80.2,On track,2920.46,0,false
2026-07,2026-07-31,ACC-1119,Ember Logistics,Enterprise,AMER,CLASSROOM,Classroom Seat-Days,Usage,seat-day,148,127,0,85.8,On track,3116.79,0,false
2026-08,2026-08-31,ACC-1119,Ember Logistics,Enterprise,AMER,CLASSROOM,Classroom Seat-Days,Usage,seat-day,148,133,0,90,On track,3264.04,0,false
2026-09,2026-09-30,ACC-1119,Ember Logistics,Enterprise,AMER,CLASSROOM,Classroom Seat-Days,Usage,seat-day,148,137,0,92.6,On track,3362.21,0,false
2026-05,2026-05-31,ACC-1127,Quanta Motors,SMB,APAC,VOUCHER,Certification Vouchers,Usage,voucher,13,10,0,79.2,On track,142.5,0,false
2026-06,2026-06-30,ACC-1127,Quanta Motors,SMB,APAC,VOUCHER,Certification Vouchers,Usage,voucher,13,10,0,73.9,On track,142.5,0,false
2026-07,2026-07-31,ACC-1127,Quanta Motors,SMB,APAC,VOUCHER,Certification Vouchers,Usage,voucher,13,9,0,72.9,On track,128.25,0,false
2026-08,2026-08-31,ACC-1127,Quanta Motors,SMB,APAC,VOUCHER,Certification Vouchers,Usage,voucher,13,9,0,65.6,On track,128.25,0,false
2026-09,2026-09-30,ACC-1127,Quanta Motors,SMB,APAC,VOUCHER,Certification Vouchers,Usage,voucher,13,9,0,70.4,On track,128.25,0,false
2026-05,2026-05-31,ACC-1127,Quanta Motors,SMB,APAC,TEAM,Team Plan,Seat,seat/year,6,5,0,88.8,On track,154.38,0,false
2026-06,2026-06-30,ACC-1127,Quanta Motors,SMB,APAC,TEAM,Team Plan,Seat,seat/year,6,5,0,91.1,On track,154.38,0,false
2026-07,2026-07-31,ACC-1127,Quanta Motors,SMB,APAC,TEAM,Team Plan,Seat,seat/year,6,6,0,101.4,On track,185.25,0,false
2026-08,2026-08-31,ACC-1127,Quanta Motors,SMB,APAC,TEAM,Team Plan,Seat,seat/year,6,6,0,104.7,On track,185.25,0,false
2026-09,2026-09-30,ACC-1127,Quanta Motors,SMB,APAC,TEAM,Team Plan,Seat,seat/year,6,6,0,107.7,In overage,185.25,0,false
2026-05,2026-05-31,ACC-1127,Quanta Motors,SMB,APAC,IMPL,Implementation Services,Usage,consulting hour,21,10,0,49.7,Under-consuming,145.83,0,true
2026-06,2026-06-30,ACC-1127,Quanta Motors,SMB,APAC,IMPL,Implementation Services,Usage,consulting hour,21,11,0,53.8,Under-consuming,160.42,0,true
2026-07,2026-07-31,ACC-1127,Quanta Motors,SMB,APAC,IMPL,Implementation Services,Usage,consulting hour,21,10,0,49.7,Under-consuming,145.83,0,true
2026-08,2026-08-31,ACC-1127,Quanta Motors,SMB,APAC,IMPL,Implementation Services,Usage,consulting hour,21,10,0,46.2,Under-consuming,145.83,0,true
2026-09,2026-09-30,ACC-1127,Quanta Motors,SMB,APAC,IMPL,Implementation Services,Usage,consulting hour,21,11,0,50.3,Under-consuming,160.42,0,true
2025-08,2025-08-31,ACC-1127,Quanta Motors,SMB,APAC,TEAM,Team Plan,Seat,seat/year,1,1,0,71.6,On track,32.5,0,false
2025-09,2025-09-30,ACC-1127,Quanta Motors,SMB,APAC,TEAM,Team Plan,Seat,seat/year,1,1,0,76,On track,32.5,0,false
2025-10,2025-10-31,ACC-1127,Quanta Motors,SMB,APAC,TEAM,Team Plan,Seat,seat/year,1,1,0,82.5,On track,32.5,0,false
2025-11,2025-11-30,ACC-1127,Quanta Motors,SMB,APAC,TEAM,Team Plan,Seat,seat/year,1,1,0,80.8,On track,32.5,0,false
2025-12,2025-12-31,ACC-1127,Quanta Motors,SMB,APAC,TEAM,Team Plan,Seat,seat/year,1,1,0,83.4,On track,32.5,0,false
2026-01,2026-01-31,ACC-1127,Quanta Motors,SMB,APAC,TEAM,Team Plan,Seat,seat/year,1,1,0,86.3,On track,32.5,0,false
2026-02,2026-02-28,ACC-1127,Quanta Motors,SMB,APAC,TEAM,Team Plan,Seat,seat/year,1,1,0,89.4,On track,32.5,0,false
2026-03,2026-03-31,ACC-1127,Quanta Motors,SMB,APAC,TEAM,Team Plan,Seat,seat/year,1,1,0,96.7,On track,32.5,0,false
2026-04,2026-04-30,ACC-1127,Quanta Motors,SMB,APAC,TEAM,Team Plan,Seat,seat/year,1,1,0,110.5,In overage,32.5,0,false
2026-05,2026-05-31,ACC-1127,Quanta Motors,SMB,APAC,TEAM,Team Plan,Seat,seat/year,1,1,0,118.9,In overage,32.5,0,false
2026-06,2026-06-30,ACC-1127,Quanta Motors,SMB,APAC,TEAM,Team Plan,Seat,seat/year,1,1,0,117.1,In overage,32.5,0,false
2026-07,2026-07-31,ACC-1127,Quanta Motors,SMB,APAC,TEAM,Team Plan,Seat,seat/year,1,1,0,122.6,In overage,32.5,0,false
2026-08,2026-08-31,ACC-1127,Quanta Motors,SMB,APAC,TEAM,Team Plan,Seat,seat/year,1,1,0,126.8,In overage,32.5,0,false
2026-09,2026-09-30,ACC-1127,Quanta Motors,SMB,APAC,TEAM,Team Plan,Seat,seat/year,1,1,0,136.4,In overage,32.5,0,false
2025-08,2025-08-31,ACC-1127,Quanta Motors,SMB,APAC,CLASSROOM,Classroom Seat-Days,Usage,seat-day,2,2,0,84.9,On track,49.08,0,false
2025-09,2025-09-30,ACC-1127,Quanta Motors,SMB,APAC,CLASSROOM,Classroom Seat-Days,Usage,seat-day,2,2,0,78,On track,49.08,0,false
2025-10,2025-10-31,ACC-1127,Quanta Motors,SMB,APAC,CLASSROOM,Classroom Seat-Days,Usage,seat-day,2,2,0,81.8,On track,49.08,0,false
2025-11,2025-11-30,ACC-1127,Quanta Motors,SMB,APAC,CLASSROOM,Classroom Seat-Days,Usage,seat-day,2,2,0,75.9,On track,49.08,0,false
2025-12,2025-12-31,ACC-1127,Quanta Motors,SMB,APAC,CLASSROOM,Classroom Seat-Days,Usage,seat-day,2,2,0,78.6,On track,49.08,0,false
2026-01,2026-01-31,ACC-1127,Quanta Motors,SMB,APAC,CLASSROOM,Classroom Seat-Days,Usage,seat-day,2,1,0,65.7,On track,24.54,0,false
2026-02,2026-02-28,ACC-1127,Quanta Motors,SMB,APAC,CLASSROOM,Classroom Seat-Days,Usage,seat-day,2,1,0,74.9,On track,24.54,0,false
2026-03,2026-03-31,ACC-1127,Quanta Motors,SMB,APAC,CLASSROOM,Classroom Seat-Days,Usage,seat-day,2,2,0,77.5,On track,49.08,0,false
2026-04,2026-04-30,ACC-1127,Quanta Motors,SMB,APAC,CLASSROOM,Classroom Seat-Days,Usage,seat-day,2,2,0,79.5,On track,49.08,0,false
2026-05,2026-05-31,ACC-1127,Quanta Motors,SMB,APAC,CLASSROOM,Classroom Seat-Days,Usage,seat-day,2,2,0,86.6,On track,49.08,0,false
2026-06,2026-06-30,ACC-1127,Quanta Motors,SMB,APAC,CLASSROOM,Classroom Seat-Days,Usage,seat-day,2,2,0,96.3,On track,49.08,0,false
2026-07,2026-07-31,ACC-1127,Quanta Motors,SMB,APAC,CLASSROOM,Classroom Seat-Days,Usage,seat-day,2,2,0,93.7,On track,49.08,0,false
2026-08,2026-08-31,ACC-1127,Quanta Motors,SMB,APAC,CLASSROOM,Classroom Seat-Days,Usage,seat-day,2,2,0,97.3,On track,49.08,0,false
2026-09,2026-09-30,ACC-1127,Quanta Motors,SMB,APAC,CLASSROOM,Classroom Seat-Days,Usage,seat-day,2,2,0,102.7,On track,49.08,0,false
2025-11,2025-11-30,ACC-1137,Pallas Health,Mid-Market,APAC,TEAM,Team Plan,Seat,seat/year,63,54,0,86.3,On track,1667.25,0,false
2025-12,2025-12-31,ACC-1137,Pallas Health,Mid-Market,APAC,TEAM,Team Plan,Seat,seat/year,63,61,0,96.5,On track,1883.38,0,false
2026-01,2026-01-31,ACC-1137,Pallas Health,Mid-Market,APAC,TEAM,Team Plan,Seat,seat/year,63,65,2,103,On track,2022.31,77.19,false
2026-02,2026-02-28,ACC-1137,Pallas Health,Mid-Market,APAC,TEAM,Team Plan,Seat,seat/year,63,66,3,104.7,On track,2060.91,115.78,false
2026-03,2026-03-31,ACC-1137,Pallas Health,Mid-Market,APAC,TEAM,Team Plan,Seat,seat/year,63,69,6,109.4,In overage,2176.69,231.56,false
2026-04,2026-04-30,ACC-1137,Pallas Health,Mid-Market,APAC,TEAM,Team Plan,Seat,seat/year,63,72,9,114.4,In overage,2292.47,347.34,false
2026-05,2026-05-31,ACC-1137,Pallas Health,Mid-Market,APAC,TEAM,Team Plan,Seat,seat/year,63,78,15,123.8,In overage,2524.03,578.91,false
2026-06,2026-06-30,ACC-1137,Pallas Health,Mid-Market,APAC,TEAM,Team Plan,Seat,seat/year,63,83,20,131.8,In overage,2717,771.88,false
2026-07,2026-07-31,ACC-1137,Pallas Health,Mid-Market,APAC,TEAM,Team Plan,Seat,seat/year,63,89,26,141.9,In overage,2948.56,1003.44,false
2026-08,2026-08-31,ACC-1137,Pallas Health,Mid-Market,APAC,TEAM,Team Plan,Seat,seat/year,63,93,30,148.4,In overage,3102.94,1157.81,false
2026-09,2026-09-30,ACC-1137,Pallas Health,Mid-Market,APAC,TEAM,Team Plan,Seat,seat/year,63,100,37,158.5,In overage,3373.09,1427.97,false
2025-10,2025-10-31,ACC-1029,Umbra Technologies,Self-Serve,AMER,IMPL,Implementation Services,Usage,consulting hour,10,11,1,106.3,In overage,164.06,18.23,false
2025-11,2025-11-30,ACC-1029,Umbra Technologies,Self-Serve,AMER,IMPL,Implementation Services,Usage,consulting hour,10,10,0,99.3,On track,145.83,0,false
2025-12,2025-12-31,ACC-1029,Umbra Technologies,Self-Serve,AMER,IMPL,Implementation Services,Usage,consulting hour,10,9,0,94,On track,131.25,0,false
2026-01,2026-01-31,ACC-1029,Umbra Technologies,Self-Serve,AMER,IMPL,Implementation Services,Usage,consulting hour,10,10,0,96.7,On track,145.83,0,false
2026-02,2026-02-28,ACC-1029,Umbra Technologies,Self-Serve,AMER,IMPL,Implementation Services,Usage,consulting hour,10,10,0,101.9,On track,145.83,0,false
2026-03,2026-03-31,ACC-1029,Umbra Technologies,Self-Serve,AMER,IMPL,Implementation Services,Usage,consulting hour,10,11,1,107.1,In overage,164.06,18.23,false
2026-04,2026-04-30,ACC-1029,Umbra Technologies,Self-Serve,AMER,IMPL,Implementation Services,Usage,consulting hour,10,12,2,117.6,In overage,182.29,36.46,false
2026-05,2026-05-31,ACC-1029,Umbra Technologies,Self-Serve,AMER,IMPL,Implementation Services,Usage,consulting hour,10,12,2,124.3,In overage,182.29,36.46,false
2026-06,2026-06-30,ACC-1029,Umbra Technologies,Self-Serve,AMER,IMPL,Implementation Services,Usage,consulting hour,10,12,2,116.8,In overage,182.29,36.46,false
2026-07,2026-07-31,ACC-1029,Umbra Technologies,Self-Serve,AMER,IMPL,Implementation Services,Usage,consulting hour,10,13,3,128,In overage,200.52,54.69,false
2026-08,2026-08-31,ACC-1029,Umbra Technologies,Self-Serve,AMER,IMPL,Implementation Services,Usage,consulting hour,10,13,3,130.9,In overage,200.52,54.69,false
2026-09,2026-09-30,ACC-1029,Umbra Technologies,Self-Serve,AMER,IMPL,Implementation Services,Usage,consulting hour,10,12,2,121.2,In overage,182.29,36.46,false
2026-04,2026-04-30,ACC-1113,Rivet Telecom,Mid-Market,LATAM,CLASSROOM,Classroom Seat-Days,Usage,seat-day,64,43,0,67,On track,1110.83,0,false
2026-05,2026-05-31,ACC-1113,Rivet Telecom,Mid-Market,LATAM,CLASSROOM,Classroom Seat-Days,Usage,seat-day,64,47,0,73.6,On track,1214.17,0,false
2026-06,2026-06-30,ACC-1113,Rivet Telecom,Mid-Market,LATAM,CLASSROOM,Classroom Seat-Days,Usage,seat-day,64,47,0,73.9,On track,1214.17,0,false
2026-07,2026-07-31,ACC-1113,Rivet Telecom,Mid-Market,LATAM,CLASSROOM,Classroom Seat-Days,Usage,seat-day,64,49,0,75.8,On track,1265.83,0,false
2026-08,2026-08-31,ACC-1113,Rivet Telecom,Mid-Market,LATAM,CLASSROOM,Classroom Seat-Days,Usage,seat-day,64,43,0,66.9,On track,1110.83,0,false
2026-09,2026-09-30,ACC-1113,Rivet Telecom,Mid-Market,LATAM,CLASSROOM,Classroom Seat-Days,Usage,seat-day,64,37,0,57.7,Under-consuming,955.83,0,false
2026-04,2026-04-30,ACC-1113,Rivet Telecom,Mid-Market,LATAM,TEAM,Team Plan,Seat,seat/year,67,51,0,76.2,On track,1657.5,0,false
2026-05,2026-05-31,ACC-1113,Rivet Telecom,Mid-Market,LATAM,TEAM,Team Plan,Seat,seat/year,67,55,0,82.8,On track,1787.5,0,false
2026-06,2026-06-30,ACC-1113,Rivet Telecom,Mid-Market,LATAM,TEAM,Team Plan,Seat,seat/year,67,59,0,88,On track,1917.5,0,false
2026-07,2026-07-31,ACC-1113,Rivet Telecom,Mid-Market,LATAM,TEAM,Team Plan,Seat,seat/year,67,62,0,92,On track,2015,0,false
2026-08,2026-08-31,ACC-1113,Rivet Telecom,Mid-Market,LATAM,TEAM,Team Plan,Seat,seat/year,67,67,0,100.7,On track,2177.5,0,false
2026-09,2026-09-30,ACC-1113,Rivet Telecom,Mid-Market,LATAM,TEAM,Team Plan,Seat,seat/year,67,68,1,102,On track,2218.13,40.63,false
2026-08,2026-08-31,ACC-1069,Solstice Logistics,Self-Serve,AMER,PRO,Academy Pro,Seat,learner/year,1,1,0,68.2,On track,18,0,false
2026-09,2026-09-30,ACC-1069,Solstice Logistics,Self-Serve,AMER,PRO,Academy Pro,Seat,learner/year,1,1,0,68.2,On track,18,0,false
2026-05,2026-05-31,ACC-1077,Vantage Capital,Mid-Market,AMER,CLASSROOM,Classroom Seat-Days,Usage,seat-day,28,27,0,96.3,On track,697.5,0,false
2026-06,2026-06-30,ACC-1077,Vantage Capital,Mid-Market,AMER,CLASSROOM,Classroom Seat-Days,Usage,seat-day,28,27,0,95.8,On track,697.5,0,false
2026-07,2026-07-31,ACC-1077,Vantage Capital,Mid-Market,AMER,CLASSROOM,Classroom Seat-Days,Usage,seat-day,28,27,0,98.1,On track,697.5,0,false
2026-08,2026-08-31,ACC-1077,Vantage Capital,Mid-Market,AMER,CLASSROOM,Classroom Seat-Days,Usage,seat-day,28,27,0,96.3,On track,697.5,0,false
2026-09,2026-09-30,ACC-1077,Vantage Capital,Mid-Market,AMER,CLASSROOM,Classroom Seat-Days,Usage,seat-day,28,29,1,103.8,On track,755.63,32.29,false
2026-05,2026-05-31,ACC-1077,Vantage Capital,Mid-Market,AMER,VOUCHER,Certification Vouchers,Usage,voucher,117,79,0,67.6,On track,1185,0,false
2026-06,2026-06-30,ACC-1077,Vantage Capital,Mid-Market,AMER,VOUCHER,Certification Vouchers,Usage,voucher,117,69,0,58.9,Under-consuming,1035,0,false
2026-07,2026-07-31,ACC-1077,Vantage Capital,Mid-Market,AMER,VOUCHER,Certification Vouchers,Usage,voucher,117,68,0,58.5,Under-consuming,1020,0,false
2026-08,2026-08-31,ACC-1077,Vantage Capital,Mid-Market,AMER,VOUCHER,Certification Vouchers,Usage,voucher,117,81,0,69.4,On track,1215,0,false
2026-09,2026-09-30,ACC-1077,Vantage Capital,Mid-Market,AMER,VOUCHER,Certification Vouchers,Usage,voucher,117,83,0,71,On track,1245,0,false
2026-05,2026-05-31,ACC-1077,Vantage Capital,Mid-Market,AMER,TEAM,Team Plan,Seat,seat/year,50,26,0,52.8,Under-consuming,845,0,true
2026-06,2026-06-30,ACC-1077,Vantage Capital,Mid-Market,AMER,TEAM,Team Plan,Seat,seat/year,50,26,0,52.9,Under-consuming,845,0,true
2026-07,2026-07-31,ACC-1077,Vantage Capital,Mid-Market,AMER,TEAM,Team Plan,Seat,seat/year,50,27,0,54.9,Under-consuming,877.5,0,true
2026-08,2026-08-31,ACC-1077,Vantage Capital,Mid-Market,AMER,TEAM,Team Plan,Seat,seat/year,50,30,0,59.4,Under-consuming,975,0,false
2026-09,2026-09-30,ACC-1077,Vantage Capital,Mid-Market,AMER,TEAM,Team Plan,Seat,seat/year,50,30,0,59.5,Under-consuming,975,0,false
2026-02,2026-02-28,ACC-1001,Dovetail Bank,Self-Serve,EMEA,IMPL,Implementation Services,Usage,consulting hour,17,13,0,75.9,On track,170.63,0,false
2026-03,2026-03-31,ACC-1001,Dovetail Bank,Self-Serve,EMEA,IMPL,Implementation Services,Usage,consulting hour,17,11,0,67.4,On track,144.38,0,false
2026-04,2026-04-30,ACC-1001,Dovetail Bank,Self-Serve,EMEA,IMPL,Implementation Services,Usage,consulting hour,17,11,0,66,On track,144.38,0,false
2026-05,2026-05-31,ACC-1001,Dovetail Bank,Self-Serve,EMEA,IMPL,Implementation Services,Usage,consulting hour,17,11,0,65.6,On track,144.38,0,false
2026-06,2026-06-30,ACC-1001,Dovetail Bank,Self-Serve,EMEA,IMPL,Implementation Services,Usage,consulting hour,17,12,0,69.3,On track,157.5,0,false
2026-07,2026-07-31,ACC-1001,Dovetail Bank,Self-Serve,EMEA,IMPL,Implementation Services,Usage,consulting hour,17,12,0,67.6,On track,157.5,0,false
2026-08,2026-08-31,ACC-1001,Dovetail Bank,Self-Serve,EMEA,IMPL,Implementation Services,Usage,consulting hour,17,9,0,55.7,Under-consuming,118.13,0,false
2026-09,2026-09-30,ACC-1001,Dovetail Bank,Self-Serve,EMEA,IMPL,Implementation Services,Usage,consulting hour,17,9,0,50.4,Under-consuming,118.13,0,true
2025-11,2025-11-30,ACC-1001,Dovetail Bank,Self-Serve,EMEA,VOUCHER,Certification Vouchers,Usage,voucher,2,2,0,103.1,On track,30,0,false
2025-12,2025-12-31,ACC-1001,Dovetail Bank,Self-Serve,EMEA,VOUCHER,Certification Vouchers,Usage,voucher,2,2,0,108.2,In overage,30,0,false
2026-01,2026-01-31,ACC-1001,Dovetail Bank,Self-Serve,EMEA,VOUCHER,Certification Vouchers,Usage,voucher,2,2,0,107.3,In overage,30,0,false
2026-02,2026-02-28,ACC-1001,Dovetail Bank,Self-Serve,EMEA,VOUCHER,Certification Vouchers,Usage,voucher,2,2,0,108.3,In overage,30,0,false
2026-03,2026-03-31,ACC-1001,Dovetail Bank,Self-Serve,EMEA,VOUCHER,Certification Vouchers,Usage,voucher,2,2,0,113.5,In overage,30,0,false
2026-04,2026-04-30,ACC-1001,Dovetail Bank,Self-Serve,EMEA,VOUCHER,Certification Vouchers,Usage,voucher,2,2,0,116.5,In overage,30,0,false
2026-05,2026-05-31,ACC-1001,Dovetail Bank,Self-Serve,EMEA,VOUCHER,Certification Vouchers,Usage,voucher,2,2,0,118.8,In overage,30,0,false
2026-06,2026-06-30,ACC-1001,Dovetail Bank,Self-Serve,EMEA,VOUCHER,Certification Vouchers,Usage,voucher,2,2,0,121.8,In overage,30,0,false
2026-07,2026-07-31,ACC-1001,Dovetail Bank,Self-Serve,EMEA,VOUCHER,Certification Vouchers,Usage,voucher,2,2,0,114.6,In overage,30,0,false
2026-08,2026-08-31,ACC-1001,Dovetail Bank,Self-Serve,EMEA,VOUCHER,Certification Vouchers,Usage,voucher,2,2,0,115.7,In overage,30,0,false
2026-09,2026-09-30,ACC-1001,Dovetail Bank,Self-Serve,EMEA,VOUCHER,Certification Vouchers,Usage,voucher,2,2,0,113.2,In overage,30,0,false
2025-04,2025-04-30,ACC-1001,Dovetail Bank,Self-Serve,EMEA,TEAM,Team Plan,Seat,seat/year,5,3,0,62.4,On track,78,0,false
2025-05,2025-05-31,ACC-1001,Dovetail Bank,Self-Serve,EMEA,TEAM,Team Plan,Seat,seat/year,5,3,0,62.5,On track,78,0,false
2025-06,2025-06-30,ACC-1001,Dovetail Bank,Self-Serve,EMEA,TEAM,Team Plan,Seat,seat/year,5,4,0,72.6,On track,104,0,false
2025-07,2025-07-31,ACC-1001,Dovetail Bank,Self-Serve,EMEA,TEAM,Team Plan,Seat,seat/year,5,4,0,71.4,On track,104,0,false
2025-08,2025-08-31,ACC-1001,Dovetail Bank,Self-Serve,EMEA,TEAM,Team Plan,Seat,seat/year,5,3,0,65.2,On track,78,0,false
2025-09,2025-09-30,ACC-1001,Dovetail Bank,Self-Serve,EMEA,TEAM,Team Plan,Seat,seat/year,5,4,0,70.8,On track,104,0,false
2025-10,2025-10-31,ACC-1001,Dovetail Bank,Self-Serve,EMEA,TEAM,Team Plan,Seat,seat/year,5,4,0,85.3,On track,104,0,false
2025-11,2025-11-30,ACC-1001,Dovetail Bank,Self-Serve,EMEA,TEAM,Team Plan,Seat,seat/year,5,5,0,98.3,On track,130,0,false
2025-12,2025-12-31,ACC-1001,Dovetail Bank,Self-Serve,EMEA,TEAM,Team Plan,Seat,seat/year,5,5,0,103,On track,130,0,false
2026-01,2026-01-31,ACC-1001,Dovetail Bank,Self-Serve,EMEA,TEAM,Team Plan,Seat,seat/year,5,6,1,115.2,In overage,162.5,32.5,false
2026-02,2026-02-28,ACC-1001,Dovetail Bank,Self-Serve,EMEA,TEAM,Team Plan,Seat,seat/year,5,6,1,129,In overage,162.5,32.5,false
2026-03,2026-03-31,ACC-1001,Dovetail Bank,Self-Serve,EMEA,TEAM,Team Plan,Seat,seat/year,5,7,2,133.1,In overage,195,65,false
2026-04,2026-04-30,ACC-1001,Dovetail Bank,Self-Serve,EMEA,TEAM,Team Plan,Seat,seat/year,5,7,2,145.1,In overage,195,65,false
2026-05,2026-05-31,ACC-1001,Dovetail Bank,Self-Serve,EMEA,TEAM,Team Plan,Seat,seat/year,5,8,3,151.5,In overage,227.5,97.5,false
2026-06,2026-06-30,ACC-1001,Dovetail Bank,Self-Serve,EMEA,TEAM,Team Plan,Seat,seat/year,5,8,3,157.3,In overage,227.5,97.5,false
2026-07,2026-07-31,ACC-1001,Dovetail Bank,Self-Serve,EMEA,TEAM,Team Plan,Seat,seat/year,5,8,3,163.1,In overage,227.5,97.5,false
2026-08,2026-08-31,ACC-1001,Dovetail Bank,Self-Serve,EMEA,TEAM,Team Plan,Seat,seat/year,5,8,3,167.1,In overage,227.5,97.5,false
2026-09,2026-09-30,ACC-1001,Dovetail Bank,Self-Serve,EMEA,TEAM,Team Plan,Seat,seat/year,5,9,4,174.4,In overage,260,130,false
2026-08,2026-08-31,ACC-1109,Lumen Retail,Self-Serve,AMER,VOUCHER,Certification Vouchers,Usage,voucher,7,6,0,88.9,On track,72,0,false
2026-09,2026-09-30,ACC-1109,Lumen Retail,Self-Serve,AMER,VOUCHER,Certification Vouchers,Usage,voucher,7,6,0,85.2,On track,72,0,false
2026-03,2026-03-31,ACC-1051,Cobalt Pharma,Self-Serve,AMER,VOUCHER,Certification Vouchers,Usage,voucher,12,10,0,80.9,On track,150,0,false
2026-04,2026-04-30,ACC-1051,Cobalt Pharma,Self-Serve,AMER,VOUCHER,Certification Vouchers,Usage,voucher,12,10,0,79.5,On track,150,0,false
2026-05,2026-05-31,ACC-1051,Cobalt Pharma,Self-Serve,AMER,VOUCHER,Certification Vouchers,Usage,voucher,12,11,0,92.6,On track,165,0,false
2026-06,2026-06-30,ACC-1051,Cobalt Pharma,Self-Serve,AMER,VOUCHER,Certification Vouchers,Usage,voucher,12,13,1,110.4,In overage,198.75,18.75,false
2026-07,2026-07-31,ACC-1051,Cobalt Pharma,Self-Serve,AMER,VOUCHER,Certification Vouchers,Usage,voucher,12,14,2,119.3,In overage,217.5,37.5,false
2026-08,2026-08-31,ACC-1051,Cobalt Pharma,Self-Serve,AMER,VOUCHER,Certification Vouchers,Usage,voucher,12,16,4,137.1,In overage,255,75,false
2026-09,2026-09-30,ACC-1051,Cobalt Pharma,Self-Serve,AMER,VOUCHER,Certification Vouchers,Usage,voucher,12,17,5,141.7,In overage,273.75,93.75,false
2026-01,2026-01-31,ACC-1064,North Digital,Mid-Market,EMEA,IMPL,Implementation Services,Usage,consulting hour,346,266,0,76.9,On track,3879.17,0,false
2026-02,2026-02-28,ACC-1064,North Digital,Mid-Market,EMEA,IMPL,Implementation Services,Usage,consulting hour,346,264,0,76.2,On track,3850,0,false
2026-03,2026-03-31,ACC-1064,North Digital,Mid-Market,EMEA,IMPL,Implementation Services,Usage,consulting hour,346,244,0,70.4,On track,3558.33,0,false
2026-04,2026-04-30,ACC-1064,North Digital,Mid-Market,EMEA,IMPL,Implementation Services,Usage,consulting hour,346,259,0,75,On track,3777.08,0,false
2026-05,2026-05-31,ACC-1064,North Digital,Mid-Market,EMEA,IMPL,Implementation Services,Usage,consulting hour,346,256,0,74,On track,3733.33,0,false
2026-06,2026-06-30,ACC-1064,North Digital,Mid-Market,EMEA,IMPL,Implementation Services,Usage,consulting hour,346,258,0,74.6,On track,3762.5,0,false
2026-07,2026-07-31,ACC-1064,North Digital,Mid-Market,EMEA,IMPL,Implementation Services,Usage,consulting hour,346,253,0,73.2,On track,3689.58,0,false
2026-08,2026-08-31,ACC-1064,North Digital,Mid-Market,EMEA,IMPL,Implementation Services,Usage,consulting hour,346,261,0,75.4,On track,3806.25,0,false
2026-09,2026-09-30,ACC-1064,North Digital,Mid-Market,EMEA,IMPL,Implementation Services,Usage,consulting hour,346,246,0,71,On track,3587.5,0,false
2025-10,2025-10-31,ACC-1005,Pallas Digital,Enterprise,AMER,TEAM,Team Plan,Seat,seat/year,519,398,0,76.7,On track,12935,0,false
2025-11,2025-11-30,ACC-1005,Pallas Digital,Enterprise,AMER,TEAM,Team Plan,Seat,seat/year,519,391,0,75.4,On track,12707.5,0,false
2025-12,2025-12-31,ACC-1005,Pallas Digital,Enterprise,AMER,TEAM,Team Plan,Seat,seat/year,519,434,0,83.7,On track,14105,0,false
2026-01,2026-01-31,ACC-1005,Pallas Digital,Enterprise,AMER,TEAM,Team Plan,Seat,seat/year,519,459,0,88.5,On track,14917.5,0,false
2026-02,2026-02-28,ACC-1005,Pallas Digital,Enterprise,AMER,TEAM,Team Plan,Seat,seat/year,519,515,0,99.1,On track,16737.5,0,false
2026-03,2026-03-31,ACC-1005,Pallas Digital,Enterprise,AMER,TEAM,Team Plan,Seat,seat/year,519,532,13,102.4,On track,17395.63,528.13,false
2026-04,2026-04-30,ACC-1005,Pallas Digital,Enterprise,AMER,TEAM,Team Plan,Seat,seat/year,519,535,16,103,On track,17517.5,650,false
2026-05,2026-05-31,ACC-1005,Pallas Digital,Enterprise,AMER,TEAM,Team Plan,Seat,seat/year,519,537,18,103.4,On track,17598.75,731.25,false
2026-06,2026-06-30,ACC-1005,Pallas Digital,Enterprise,AMER,TEAM,Team Plan,Seat,seat/year,519,574,55,110.6,In overage,19101.88,2234.38,false
2026-07,2026-07-31,ACC-1005,Pallas Digital,Enterprise,AMER,TEAM,Team Plan,Seat,seat/year,519,617,98,118.9,In overage,20848.75,3981.25,false
2026-08,2026-08-31,ACC-1005,Pallas Digital,Enterprise,AMER,TEAM,Team Plan,Seat,seat/year,519,619,100,119.2,In overage,20930,4062.5,false
2026-09,2026-09-30,ACC-1005,Pallas Digital,Enterprise,AMER,TEAM,Team Plan,Seat,seat/year,519,638,119,123,In overage,21701.88,4834.38,false
2025-04,2025-04-30,ACC-1005,Pallas Digital,Enterprise,AMER,TEAM,Team Plan,Seat,seat/year,25,21,0,84.4,On track,546,0,false
2025-05,2025-05-31,ACC-1005,Pallas Digital,Enterprise,AMER,TEAM,Team Plan,Seat,seat/year,25,23,0,91.5,On track,598,0,false
2025-06,2025-06-30,ACC-1005,Pallas Digital,Enterprise,AMER,TEAM,Team Plan,Seat,seat/year,25,24,0,96.6,On track,624,0,false
2025-07,2025-07-31,ACC-1005,Pallas Digital,Enterprise,AMER,TEAM,Team Plan,Seat,seat/year,25,23,0,93.8,On track,598,0,false
2025-08,2025-08-31,ACC-1005,Pallas Digital,Enterprise,AMER,TEAM,Team Plan,Seat,seat/year,25,23,0,91.5,On track,598,0,false
2025-09,2025-09-30,ACC-1005,Pallas Digital,Enterprise,AMER,TEAM,Team Plan,Seat,seat/year,25,23,0,93.8,On track,598,0,false
2025-10,2025-10-31,ACC-1005,Pallas Digital,Enterprise,AMER,TEAM,Team Plan,Seat,seat/year,25,24,0,94.5,On track,624,0,false
2025-11,2025-11-30,ACC-1005,Pallas Digital,Enterprise,AMER,TEAM,Team Plan,Seat,seat/year,25,28,3,111.8,In overage,747.5,97.5,false
2025-12,2025-12-31,ACC-1005,Pallas Digital,Enterprise,AMER,TEAM,Team Plan,Seat,seat/year,25,28,3,112.6,In overage,747.5,97.5,false
2026-01,2026-01-31,ACC-1005,Pallas Digital,Enterprise,AMER,TEAM,Team Plan,Seat,seat/year,25,28,3,113.3,In overage,747.5,97.5,false
2026-02,2026-02-28,ACC-1005,Pallas Digital,Enterprise,AMER,TEAM,Team Plan,Seat,seat/year,25,30,5,118.2,In overage,812.5,162.5,false
2026-03,2026-03-31,ACC-1005,Pallas Digital,Enterprise,AMER,TEAM,Team Plan,Seat,seat/year,25,29,4,115,In overage,780,130,false
2026-04,2026-04-30,ACC-1005,Pallas Digital,Enterprise,AMER,TEAM,Team Plan,Seat,seat/year,25,28,3,110.8,In overage,747.5,97.5,false
2026-05,2026-05-31,ACC-1005,Pallas Digital,Enterprise,AMER,TEAM,Team Plan,Seat,seat/year,25,27,2,107.9,In overage,715,65,false
2026-06,2026-06-30,ACC-1005,Pallas Digital,Enterprise,AMER,TEAM,Team Plan,Seat,seat/year,25,28,3,110.3,In overage,747.5,97.5,false
2026-07,2026-07-31,ACC-1005,Pallas Digital,Enterprise,AMER,TEAM,Team Plan,Seat,seat/year,25,28,3,111.3,In overage,747.5,97.5,false
2026-08,2026-08-31,ACC-1005,Pallas Digital,Enterprise,AMER,TEAM,Team Plan,Seat,seat/year,25,29,4,117.8,In overage,780,130,false
2026-09,2026-09-30,ACC-1005,Pallas Digital,Enterprise,AMER,TEAM,Team Plan,Seat,seat/year,25,29,4,115.9,In overage,780,130,false
2025-04,2025-04-30,ACC-1005,Pallas Digital,Enterprise,AMER,VOUCHER,Certification Vouchers,Usage,voucher,27,19,0,71.5,On track,242.25,0,false
2025-05,2025-05-31,ACC-1005,Pallas Digital,Enterprise,AMER,VOUCHER,Certification Vouchers,Usage,voucher,27,17,0,61.5,On track,216.75,0,false
2025-06,2025-06-30,ACC-1005,Pallas Digital,Enterprise,AMER,VOUCHER,Certification Vouchers,Usage,voucher,27,18,0,65.6,On track,229.5,0,false
2025-07,2025-07-31,ACC-1005,Pallas Digital,Enterprise,AMER,VOUCHER,Certification Vouchers,Usage,voucher,27,18,0,68,On track,229.5,0,false
2025-08,2025-08-31,ACC-1005,Pallas Digital,Enterprise,AMER,VOUCHER,Certification Vouchers,Usage,voucher,27,18,0,67,On track,229.5,0,false
2025-09,2025-09-30,ACC-1005,Pallas Digital,Enterprise,AMER,VOUCHER,Certification Vouchers,Usage,voucher,27,20,0,72.7,On track,255,0,false
2025-10,2025-10-31,ACC-1005,Pallas Digital,Enterprise,AMER,VOUCHER,Certification Vouchers,Usage,voucher,27,19,0,71.3,On track,242.25,0,false
2025-11,2025-11-30,ACC-1005,Pallas Digital,Enterprise,AMER,VOUCHER,Certification Vouchers,Usage,voucher,27,19,0,69.8,On track,242.25,0,false
2025-12,2025-12-31,ACC-1005,Pallas Digital,Enterprise,AMER,VOUCHER,Certification Vouchers,Usage,voucher,27,20,0,73.4,On track,255,0,false
2026-01,2026-01-31,ACC-1005,Pallas Digital,Enterprise,AMER,VOUCHER,Certification Vouchers,Usage,voucher,27,18,0,67.9,On track,229.5,0,false
2026-02,2026-02-28,ACC-1005,Pallas Digital,Enterprise,AMER,VOUCHER,Certification Vouchers,Usage,voucher,27,20,0,73.3,On track,255,0,false
2026-03,2026-03-31,ACC-1005,Pallas Digital,Enterprise,AMER,VOUCHER,Certification Vouchers,Usage,voucher,27,20,0,73,On track,255,0,false
2026-04,2026-04-30,ACC-1005,Pallas Digital,Enterprise,AMER,VOUCHER,Certification Vouchers,Usage,voucher,27,24,0,87.2,On track,306,0,false
2026-05,2026-05-31,ACC-1005,Pallas Digital,Enterprise,AMER,VOUCHER,Certification Vouchers,Usage,voucher,27,27,0,98.3,On track,344.25,0,false
2026-06,2026-06-30,ACC-1005,Pallas Digital,Enterprise,AMER,VOUCHER,Certification Vouchers,Usage,voucher,27,28,1,103.6,On track,360.19,15.94,false
2026-07,2026-07-31,ACC-1005,Pallas Digital,Enterprise,AMER,VOUCHER,Certification Vouchers,Usage,voucher,27,26,0,97.8,On track,331.5,0,false
2026-08,2026-08-31,ACC-1005,Pallas Digital,Enterprise,AMER,VOUCHER,Certification Vouchers,Usage,voucher,27,28,1,103.6,On track,360.19,15.94,false
2026-09,2026-09-30,ACC-1005,Pallas Digital,Enterprise,AMER,VOUCHER,Certification Vouchers,Usage,voucher,27,29,2,105.7,In overage,376.13,31.88,false
2025-04,2025-04-30,ACC-1005,Pallas Digital,Enterprise,AMER,PRO,Academy Pro,Seat,learner/year,34,34,0,101.1,On track,680,0,false
2025-05,2025-05-31,ACC-1005,Pallas Digital,Enterprise,AMER,PRO,Academy Pro,Seat,learner/year,34,34,0,99.7,On track,680,0,false
2025-06,2025-06-30,ACC-1005,Pallas Digital,Enterprise,AMER,PRO,Academy Pro,Seat,learner/year,34,36,2,105.6,In overage,730,50,false
2025-07,2025-07-31,ACC-1005,Pallas Digital,Enterprise,AMER,PRO,Academy Pro,Seat,learner/year,34,38,4,111.7,In overage,780,100,false
2025-08,2025-08-31,ACC-1005,Pallas Digital,Enterprise,AMER,PRO,Academy Pro,Seat,learner/year,34,39,5,113.9,In overage,805,125,false
2025-09,2025-09-30,ACC-1005,Pallas Digital,Enterprise,AMER,PRO,Academy Pro,Seat,learner/year,34,38,4,111,In overage,780,100,false
2025-10,2025-10-31,ACC-1005,Pallas Digital,Enterprise,AMER,PRO,Academy Pro,Seat,learner/year,34,40,6,116.9,In overage,830,150,false
2025-11,2025-11-30,ACC-1005,Pallas Digital,Enterprise,AMER,PRO,Academy Pro,Seat,learner/year,34,43,9,126.5,In overage,905,225,false
2025-12,2025-12-31,ACC-1005,Pallas Digital,Enterprise,AMER,PRO,Academy Pro,Seat,learner/year,34,45,11,131,In overage,955,275,false
2026-01,2026-01-31,ACC-1005,Pallas Digital,Enterprise,AMER,PRO,Academy Pro,Seat,learner/year,34,47,13,137.2,In overage,1005,325,false
2026-02,2026-02-28,ACC-1005,Pallas Digital,Enterprise,AMER,PRO,Academy Pro,Seat,learner/year,34,46,12,134.1,In overage,980,300,false
2026-03,2026-03-31,ACC-1005,Pallas Digital,Enterprise,AMER,PRO,Academy Pro,Seat,learner/year,34,48,14,140.7,In overage,1030,350,false
2026-04,2026-04-30,ACC-1005,Pallas Digital,Enterprise,AMER,PRO,Academy Pro,Seat,learner/year,34,48,14,140.9,In overage,1030,350,false
2026-05,2026-05-31,ACC-1005,Pallas Digital,Enterprise,AMER,PRO,Academy Pro,Seat,learner/year,34,47,13,137.2,In overage,1005,325,false
2026-06,2026-06-30,ACC-1005,Pallas Digital,Enterprise,AMER,PRO,Academy Pro,Seat,learner/year,34,46,12,134,In overage,980,300,false
2026-07,2026-07-31,ACC-1005,Pallas Digital,Enterprise,AMER,PRO,Academy Pro,Seat,learner/year,34,46,12,135.5,In overage,980,300,false
2026-08,2026-08-31,ACC-1005,Pallas Digital,Enterprise,AMER,PRO,Academy Pro,Seat,learner/year,34,43,9,127.8,In overage,905,225,false
2026-09,2026-09-30,ACC-1005,Pallas Digital,Enterprise,AMER,PRO,Academy Pro,Seat,learner/year,34,42,8,123.5,In overage,880,200,false
2026-03,2026-03-31,ACC-1014,Lumen Technologies,Self-Serve,EMEA,TEAM,Team Plan,Seat,seat/year,1,1,0,61,On track,30.88,0,false
2026-04,2026-04-30,ACC-1014,Lumen Technologies,Self-Serve,EMEA,TEAM,Team Plan,Seat,seat/year,1,1,0,68.1,On track,30.88,0,false
2026-05,2026-05-31,ACC-1014,Lumen Technologies,Self-Serve,EMEA,TEAM,Team Plan,Seat,seat/year,1,1,0,73.1,On track,30.88,0,false
2026-06,2026-06-30,ACC-1014,Lumen Technologies,Self-Serve,EMEA,TEAM,Team Plan,Seat,seat/year,1,1,0,65.2,On track,30.88,0,false
2026-07,2026-07-31,ACC-1014,Lumen Technologies,Self-Serve,EMEA,TEAM,Team Plan,Seat,seat/year,1,1,0,62.5,On track,30.88,0,false
2026-08,2026-08-31,ACC-1014,Lumen Technologies,Self-Serve,EMEA,TEAM,Team Plan,Seat,seat/year,1,1,0,63.4,On track,30.88,0,false
2026-09,2026-09-30,ACC-1014,Lumen Technologies,Self-Serve,EMEA,TEAM,Team Plan,Seat,seat/year,1,1,0,67.3,On track,30.88,0,false
2026-07,2026-07-31,ACC-1138,North Capital,Self-Serve,AMER,IMPL,Implementation Services,Usage,consulting hour,22,19,0,85,On track,249.38,0,false
2026-08,2026-08-31,ACC-1138,North Capital,Self-Serve,AMER,IMPL,Implementation Services,Usage,consulting hour,22,16,0,74.4,On track,210,0,false
2026-09,2026-09-30,ACC-1138,North Capital,Self-Serve,AMER,IMPL,Implementation Services,Usage,consulting hour,22,14,0,65.7,On track,183.75,0,false
2025-12,2025-12-31,ACC-1032,Tundra Insurance,Self-Serve,EMEA,PRO,Academy Pro,Seat,learner/year,7,5,0,65.9,On track,100,0,false
2026-01,2026-01-31,ACC-1032,Tundra Insurance,Self-Serve,EMEA,PRO,Academy Pro,Seat,learner/year,7,5,0,65.7,On track,100,0,false
2026-02,2026-02-28,ACC-1032,Tundra Insurance,Self-Serve,EMEA,PRO,Academy Pro,Seat,learner/year,7,4,0,58.8,Under-consuming,80,0,false
2026-03,2026-03-31,ACC-1032,Tundra Insurance,Self-Serve,EMEA,PRO,Academy Pro,Seat,learner/year,7,5,0,65.9,On track,100,0,false
2026-04,2026-04-30,ACC-1032,Tundra Insurance,Self-Serve,EMEA,PRO,Academy Pro,Seat,learner/year,7,5,0,68.4,On track,100,0,false
2026-05,2026-05-31,ACC-1032,Tundra Insurance,Self-Serve,EMEA,PRO,Academy Pro,Seat,learner/year,7,5,0,72.7,On track,100,0,false
2026-06,2026-06-30,ACC-1032,Tundra Insurance,Self-Serve,EMEA,PRO,Academy Pro,Seat,learner/year,7,5,0,66.9,On track,100,0,false
2026-07,2026-07-31,ACC-1032,Tundra Insurance,Self-Serve,EMEA,PRO,Academy Pro,Seat,learner/year,7,5,0,71.2,On track,100,0,false
2026-08,2026-08-31,ACC-1032,Tundra Insurance,Self-Serve,EMEA,PRO,Academy Pro,Seat,learner/year,7,5,0,64.3,On track,100,0,false
2026-09,2026-09-30,ACC-1032,Tundra Insurance,Self-Serve,EMEA,PRO,Academy Pro,Seat,learner/year,7,5,0,64.5,On track,100,0,false
2025-10,2025-10-31,ACC-1009,Quanta Bank,Enterprise,EMEA,IMPL,Implementation Services,Usage,consulting hour,489,335,0,68.4,On track,3908.33,0,false
2025-11,2025-11-30,ACC-1009,Quanta Bank,Enterprise,EMEA,IMPL,Implementation Services,Usage,consulting hour,489,362,0,74,On track,4223.33,0,false
2025-12,2025-12-31,ACC-1009,Quanta Bank,Enterprise,EMEA,IMPL,Implementation Services,Usage,consulting hour,489,401,0,82.1,On track,4678.33,0,false
2026-01,2026-01-31,ACC-1009,Quanta Bank,Enterprise,EMEA,IMPL,Implementation Services,Usage,consulting hour,489,446,0,91.2,On track,5203.33,0,false
2026-02,2026-02-28,ACC-1009,Quanta Bank,Enterprise,EMEA,IMPL,Implementation Services,Usage,consulting hour,489,451,0,92.3,On track,5261.67,0,false
2026-03,2026-03-31,ACC-1009,Quanta Bank,Enterprise,EMEA,IMPL,Implementation Services,Usage,consulting hour,489,503,14,102.8,On track,5909.17,204.17,false
2026-04,2026-04-30,ACC-1009,Quanta Bank,Enterprise,EMEA,IMPL,Implementation Services,Usage,consulting hour,489,527,38,107.8,In overage,6259.17,554.17,false
2026-05,2026-05-31,ACC-1009,Quanta Bank,Enterprise,EMEA,IMPL,Implementation Services,Usage,consulting hour,489,562,73,115,In overage,6769.58,1064.58,false
2026-06,2026-06-30,ACC-1009,Quanta Bank,Enterprise,EMEA,IMPL,Implementation Services,Usage,consulting hour,489,577,88,118,In overage,6988.33,1283.33,false
2026-07,2026-07-31,ACC-1009,Quanta Bank,Enterprise,EMEA,IMPL,Implementation Services,Usage,consulting hour,489,591,102,120.8,In overage,7192.5,1487.5,false
2026-08,2026-08-31,ACC-1009,Quanta Bank,Enterprise,EMEA,IMPL,Implementation Services,Usage,consulting hour,489,578,89,118.3,In overage,7002.92,1297.92,false
2026-09,2026-09-30,ACC-1009,Quanta Bank,Enterprise,EMEA,IMPL,Implementation Services,Usage,consulting hour,489,633,144,129.4,In overage,7805,2100,false
2025-10,2025-10-31,ACC-1009,Quanta Bank,Enterprise,EMEA,TEAM,Team Plan,Seat,seat/year,208,191,0,91.8,On track,6207.5,0,false
2025-11,2025-11-30,ACC-1009,Quanta Bank,Enterprise,EMEA,TEAM,Team Plan,Seat,seat/year,208,198,0,95.1,On track,6435,0,false
2025-12,2025-12-31,ACC-1009,Quanta Bank,Enterprise,EMEA,TEAM,Team Plan,Seat,seat/year,208,204,0,98.1,On track,6630,0,false
2026-01,2026-01-31,ACC-1009,Quanta Bank,Enterprise,EMEA,TEAM,Team Plan,Seat,seat/year,208,202,0,97.2,On track,6565,0,false
2026-02,2026-02-28,ACC-1009,Quanta Bank,Enterprise,EMEA,TEAM,Team Plan,Seat,seat/year,208,217,9,104.2,On track,7125.63,365.63,false
2026-03,2026-03-31,ACC-1009,Quanta Bank,Enterprise,EMEA,TEAM,Team Plan,Seat,seat/year,208,232,24,111.7,In overage,7735,975,false
2026-04,2026-04-30,ACC-1009,Quanta Bank,Enterprise,EMEA,TEAM,Team Plan,Seat,seat/year,208,237,29,113.7,In overage,7938.13,1178.13,false
2026-05,2026-05-31,ACC-1009,Quanta Bank,Enterprise,EMEA,TEAM,Team Plan,Seat,seat/year,208,247,39,118.7,In overage,8344.38,1584.38,false
2026-06,2026-06-30,ACC-1009,Quanta Bank,Enterprise,EMEA,TEAM,Team Plan,Seat,seat/year,208,280,72,134.5,In overage,9685,2925,false
2026-07,2026-07-31,ACC-1009,Quanta Bank,Enterprise,EMEA,TEAM,Team Plan,Seat,seat/year,208,268,60,129,In overage,9197.5,2437.5,false
2026-08,2026-08-31,ACC-1009,Quanta Bank,Enterprise,EMEA,TEAM,Team Plan,Seat,seat/year,208,281,73,135.1,In overage,9725.63,2965.63,false
2026-09,2026-09-30,ACC-1009,Quanta Bank,Enterprise,EMEA,TEAM,Team Plan,Seat,seat/year,208,257,49,123.8,In overage,8750.63,1990.63,false
2026-06,2026-06-30,ACC-1009,Quanta Bank,Enterprise,EMEA,CLASSROOM,Classroom Seat-Days,Usage,seat-day,91,86,0,94.3,On track,2110.58,0,false
2026-07,2026-07-31,ACC-1009,Quanta Bank,Enterprise,EMEA,CLASSROOM,Classroom Seat-Days,Usage,seat-day,91,100,9,109.9,In overage,2509.39,276.09,false
2026-08,2026-08-31,ACC-1009,Quanta Bank,Enterprise,EMEA,CLASSROOM,Classroom Seat-Days,Usage,seat-day,91,106,15,116.7,In overage,2693.45,460.16,false
2026-09,2026-09-30,ACC-1009,Quanta Bank,Enterprise,EMEA,CLASSROOM,Classroom Seat-Days,Usage,seat-day,91,115,24,126.8,In overage,2969.54,736.25,false
2026-06,2026-06-30,ACC-1009,Quanta Bank,Enterprise,EMEA,VOUCHER,Certification Vouchers,Usage,voucher,130,102,0,78.4,On track,1530,0,false
2026-07,2026-07-31,ACC-1009,Quanta Bank,Enterprise,EMEA,VOUCHER,Certification Vouchers,Usage,voucher,130,108,0,83.4,On track,1620,0,false
2026-08,2026-08-31,ACC-1009,Quanta Bank,Enterprise,EMEA,VOUCHER,Certification Vouchers,Usage,voucher,130,112,0,86.4,On track,1680,0,false
2026-09,2026-09-30,ACC-1009,Quanta Bank,Enterprise,EMEA,VOUCHER,Certification Vouchers,Usage,voucher,130,113,0,87.1,On track,1695,0,false
2026-01,2026-01-31,ACC-1009,Quanta Bank,Enterprise,EMEA,CLASSROOM,Classroom Seat-Days,Usage,seat-day,536,407,0,76,On track,10514.17,0,false
2026-02,2026-02-28,ACC-1009,Quanta Bank,Enterprise,EMEA,CLASSROOM,Classroom Seat-Days,Usage,seat-day,536,382,0,71.3,On track,9868.33,0,false
2026-03,2026-03-31,ACC-1009,Quanta Bank,Enterprise,EMEA,CLASSROOM,Classroom Seat-Days,Usage,seat-day,536,368,0,68.6,On track,9506.67,0,false
2026-04,2026-04-30,ACC-1009,Quanta Bank,Enterprise,EMEA,CLASSROOM,Classroom Seat-Days,Usage,seat-day,536,367,0,68.4,On track,9480.83,0,false
2026-05,2026-05-31,ACC-1009,Quanta Bank,Enterprise,EMEA,CLASSROOM,Classroom Seat-Days,Usage,seat-day,536,330,0,61.5,On track,8525,0,false
2026-06,2026-06-30,ACC-1009,Quanta Bank,Enterprise,EMEA,CLASSROOM,Classroom Seat-Days,Usage,seat-day,536,360,0,67.1,On track,9300,0,false
2026-07,2026-07-31,ACC-1009,Quanta Bank,Enterprise,EMEA,CLASSROOM,Classroom Seat-Days,Usage,seat-day,536,371,0,69.3,On track,9584.17,0,false
2026-08,2026-08-31,ACC-1009,Quanta Bank,Enterprise,EMEA,CLASSROOM,Classroom Seat-Days,Usage,seat-day,536,402,0,75,On track,10385,0,false
2026-09,2026-09-30,ACC-1009,Quanta Bank,Enterprise,EMEA,CLASSROOM,Classroom Seat-Days,Usage,seat-day,536,429,0,80.1,On track,11082.5,0,false
2026-08,2026-08-31,ACC-1023,Sable Energy,Strategic,EMEA,TEAM,Team Plan,Seat,seat/year,413,395,0,95.8,On track,10911.88,0,false
2026-09,2026-09-30,ACC-1023,Sable Energy,Strategic,EMEA,TEAM,Team Plan,Seat,seat/year,413,378,0,91.5,On track,10442.25,0,false
2026-08,2026-08-31,ACC-1023,Sable Energy,Strategic,EMEA,IMPL,Implementation Services,Usage,consulting hour,2217,2144,0,96.7,On track,29703.33,0,false
2026-09,2026-09-30,ACC-1023,Sable Energy,Strategic,EMEA,IMPL,Implementation Services,Usage,consulting hour,2217,2144,0,96.7,On track,29703.33,0,false
2026-08,2026-08-31,ACC-1023,Sable Energy,Strategic,EMEA,PRO,Academy Pro,Seat,learner/year,716,655,0,91.5,On track,12445,0,false
2026-09,2026-09-30,ACC-1023,Sable Energy,Strategic,EMEA,PRO,Academy Pro,Seat,learner/year,716,610,0,85.2,On track,11590,0,false
2026-04,2026-04-30,ACC-1030,Cobalt Works,Self-Serve,APAC,VOUCHER,Certification Vouchers,Usage,voucher,8,6,0,72.9,On track,76.5,0,false
2026-05,2026-05-31,ACC-1030,Cobalt Works,Self-Serve,APAC,VOUCHER,Certification Vouchers,Usage,voucher,8,6,0,76,On track,76.5,0,false
2026-06,2026-06-30,ACC-1030,Cobalt Works,Self-Serve,APAC,VOUCHER,Certification Vouchers,Usage,voucher,8,6,0,75.9,On track,76.5,0,false
2026-07,2026-07-31,ACC-1030,Cobalt Works,Self-Serve,APAC,VOUCHER,Certification Vouchers,Usage,voucher,8,6,0,71.8,On track,76.5,0,false
2026-08,2026-08-31,ACC-1030,Cobalt Works,Self-Serve,APAC,VOUCHER,Certification Vouchers,Usage,voucher,8,7,0,82.8,On track,89.25,0,false
2026-09,2026-09-30,ACC-1030,Cobalt Works,Self-Serve,APAC,VOUCHER,Certification Vouchers,Usage,voucher,8,7,0,85.7,On track,89.25,0,false
2026-06,2026-06-30,ACC-1031,Cobalt Telecom,SMB,AMER,VOUCHER,Certification Vouchers,Usage,voucher,19,15,0,78.6,On track,225,0,false
2026-07,2026-07-31,ACC-1031,Cobalt Telecom,SMB,AMER,VOUCHER,Certification Vouchers,Usage,voucher,19,17,0,87.2,On track,255,0,false
2026-08,2026-08-31,ACC-1031,Cobalt Telecom,SMB,AMER,VOUCHER,Certification Vouchers,Usage,voucher,19,17,0,91,On track,255,0,false
2026-09,2026-09-30,ACC-1031,Cobalt Telecom,SMB,AMER,VOUCHER,Certification Vouchers,Usage,voucher,19,19,0,98.1,On track,285,0,false
2026-06,2026-06-30,ACC-1031,Cobalt Telecom,SMB,AMER,CLASSROOM,Classroom Seat-Days,Usage,seat-day,8,8,0,99.2,On track,206.67,0,false
2026-07,2026-07-31,ACC-1031,Cobalt Telecom,SMB,AMER,CLASSROOM,Classroom Seat-Days,Usage,seat-day,8,8,0,101.2,On track,206.67,0,false
2026-08,2026-08-31,ACC-1031,Cobalt Telecom,SMB,AMER,CLASSROOM,Classroom Seat-Days,Usage,seat-day,8,8,0,106,In overage,206.67,0,false
2026-09,2026-09-30,ACC-1031,Cobalt Telecom,SMB,AMER,CLASSROOM,Classroom Seat-Days,Usage,seat-day,8,9,1,108.7,In overage,238.96,32.29,false
2026-06,2026-06-30,ACC-1031,Cobalt Telecom,SMB,AMER,TEAM,Team Plan,Seat,seat/year,13,13,0,103.8,On track,422.5,0,false
2026-07,2026-07-31,ACC-1031,Cobalt Telecom,SMB,AMER,TEAM,Team Plan,Seat,seat/year,13,13,0,103.7,On track,422.5,0,false
2026-08,2026-08-31,ACC-1031,Cobalt Telecom,SMB,AMER,TEAM,Team Plan,Seat,seat/year,13,14,1,105.3,In overage,463.13,40.63,false
2026-09,2026-09-30,ACC-1031,Cobalt Telecom,SMB,AMER,TEAM,Team Plan,Seat,seat/year,13,14,1,110.9,In overage,463.13,40.63,false
2026-09,2026-09-30,ACC-1042,Lumen Foods,Strategic,EMEA,IMPL,Implementation Services,Usage,consulting hour,938,854,0,91,On track,11831.46,0,false
2026-09,2026-09-30,ACC-1042,Lumen Foods,Strategic,EMEA,TEAM,Team Plan,Seat,seat/year,429,322,0,75.1,On track,8895.25,0,false
2026-09,2026-09-30,ACC-1042,Lumen Foods,Strategic,EMEA,VOUCHER,Certification Vouchers,Usage,voucher,901,765,0,84.9,On track,10901.25,0,false
2026-09,2026-09-30,ACC-1042,Lumen Foods,Strategic,EMEA,CLASSROOM,Classroom Seat-Days,Usage,seat-day,534,516,0,96.7,On track,12663.5,0,false
2025-09,2025-09-30,ACC-1053,Cinder Media,Self-Serve,LATAM,CLASSROOM,Classroom Seat-Days,Usage,seat-day,5,3,0,66,On track,77.5,0,false
2025-10,2025-10-31,ACC-1053,Cinder Media,Self-Serve,LATAM,CLASSROOM,Classroom Seat-Days,Usage,seat-day,5,3,0,64.2,On track,77.5,0,false
2025-11,2025-11-30,ACC-1053,Cinder Media,Self-Serve,LATAM,CLASSROOM,Classroom Seat-Days,Usage,seat-day,5,4,0,71.3,On track,103.33,0,false
2025-12,2025-12-31,ACC-1053,Cinder Media,Self-Serve,LATAM,CLASSROOM,Classroom Seat-Days,Usage,seat-day,5,4,0,72.1,On track,103.33,0,false
2026-01,2026-01-31,ACC-1053,Cinder Media,Self-Serve,LATAM,CLASSROOM,Classroom Seat-Days,Usage,seat-day,5,4,0,71.2,On track,103.33,0,false
2026-02,2026-02-28,ACC-1053,Cinder Media,Self-Serve,LATAM,CLASSROOM,Classroom Seat-Days,Usage,seat-day,5,3,0,67.1,On track,77.5,0,false
2026-03,2026-03-31,ACC-1053,Cinder Media,Self-Serve,LATAM,CLASSROOM,Classroom Seat-Days,Usage,seat-day,5,4,0,74.1,On track,103.33,0,false
2026-04,2026-04-30,ACC-1053,Cinder Media,Self-Serve,LATAM,CLASSROOM,Classroom Seat-Days,Usage,seat-day,5,3,0,69.2,On track,77.5,0,false
2026-05,2026-05-31,ACC-1053,Cinder Media,Self-Serve,LATAM,CLASSROOM,Classroom Seat-Days,Usage,seat-day,5,3,0,69.4,On track,77.5,0,false
2026-06,2026-06-30,ACC-1053,Cinder Media,Self-Serve,LATAM,CLASSROOM,Classroom Seat-Days,Usage,seat-day,5,3,0,57.3,Under-consuming,77.5,0,false
2026-07,2026-07-31,ACC-1053,Cinder Media,Self-Serve,LATAM,CLASSROOM,Classroom Seat-Days,Usage,seat-day,5,3,0,51.8,Under-consuming,77.5,0,true
2026-08,2026-08-31,ACC-1053,Cinder Media,Self-Serve,LATAM,CLASSROOM,Classroom Seat-Days,Usage,seat-day,5,3,0,50.1,Under-consuming,77.5,0,true
2026-09,2026-09-30,ACC-1053,Cinder Media,Self-Serve,LATAM,CLASSROOM,Classroom Seat-Days,Usage,seat-day,5,3,0,62.2,On track,77.5,0,false
2026-09,2026-09-30,ACC-1054,Halcyon Digital,Enterprise,AMER,TEAM,Team Plan,Seat,seat/year,378,359,0,95,On track,11084.13,0,false
2026-09,2026-09-30,ACC-1054,Halcyon Digital,Enterprise,AMER,IMPL,Implementation Services,Usage,consulting hour,383,306,0,79.9,On track,4462.5,0,false
2025-07,2025-07-31,ACC-1074,Aster Works,Strategic,EMEA,IMPL,Implementation Services,Usage,consulting hour,1408,1479,71,105.1,In overage,19644.84,1164.84,false
2025-08,2025-08-31,ACC-1074,Aster Works,Strategic,EMEA,IMPL,Implementation Services,Usage,consulting hour,1408,1495,87,106.2,In overage,19907.34,1427.34,false
2025-09,2025-09-30,ACC-1074,Aster Works,Strategic,EMEA,IMPL,Implementation Services,Usage,consulting hour,1408,1470,62,104.4,On track,19497.19,1017.19,false
2025-10,2025-10-31,ACC-1074,Aster Works,Strategic,EMEA,IMPL,Implementation Services,Usage,consulting hour,1408,1533,125,108.9,In overage,20530.78,2050.78,false
2025-11,2025-11-30,ACC-1074,Aster Works,Strategic,EMEA,IMPL,Implementation Services,Usage,consulting hour,1408,1609,201,114.3,In overage,21777.66,3297.66,false
2025-12,2025-12-31,ACC-1074,Aster Works,Strategic,EMEA,IMPL,Implementation Services,Usage,consulting hour,1408,1724,316,122.5,In overage,23664.38,5184.38,false
2026-01,2026-01-31,ACC-1074,Aster Works,Strategic,EMEA,IMPL,Implementation Services,Usage,consulting hour,1408,1747,339,124.1,In overage,24041.72,5561.72,false
2026-02,2026-02-28,ACC-1074,Aster Works,Strategic,EMEA,IMPL,Implementation Services,Usage,consulting hour,1408,1750,342,124.3,In overage,24090.94,5610.94,false
2026-03,2026-03-31,ACC-1074,Aster Works,Strategic,EMEA,IMPL,Implementation Services,Usage,consulting hour,1408,1763,355,125.2,In overage,24304.22,5824.22,false
2026-04,2026-04-30,ACC-1074,Aster Works,Strategic,EMEA,IMPL,Implementation Services,Usage,consulting hour,1408,1839,431,130.6,In overage,25551.09,7071.09,false
2026-05,2026-05-31,ACC-1074,Aster Works,Strategic,EMEA,IMPL,Implementation Services,Usage,consulting hour,1408,1859,451,132,In overage,25879.22,7399.22,false
2026-06,2026-06-30,ACC-1074,Aster Works,Strategic,EMEA,IMPL,Implementation Services,Usage,consulting hour,1408,2022,614,143.6,In overage,28553.44,10073.44,false
2026-07,2026-07-31,ACC-1074,Aster Works,Strategic,EMEA,IMPL,Implementation Services,Usage,consulting hour,1408,2152,744,152.9,In overage,30686.25,12206.25,false
2026-08,2026-08-31,ACC-1074,Aster Works,Strategic,EMEA,IMPL,Implementation Services,Usage,consulting hour,1408,2291,883,162.7,In overage,32966.72,14486.72,false
2026-09,2026-09-30,ACC-1074,Aster Works,Strategic,EMEA,IMPL,Implementation Services,Usage,consulting hour,1408,2208,800,156.8,In overage,31605,13125,false
2025-07,2025-07-31,ACC-1074,Aster Works,Strategic,EMEA,PRO,Academy Pro,Seat,learner/year,3513,2841,0,80.9,On track,36933,0,false
2025-08,2025-08-31,ACC-1074,Aster Works,Strategic,EMEA,PRO,Academy Pro,Seat,learner/year,3513,2935,0,83.6,On track,38155,0,false
2025-09,2025-09-30,ACC-1074,Aster Works,Strategic,EMEA,PRO,Academy Pro,Seat,learner/year,3513,2863,0,81.5,On track,37219,0,false
2025-10,2025-10-31,ACC-1074,Aster Works,Strategic,EMEA,PRO,Academy Pro,Seat,learner/year,3513,2809,0,80,On track,36517,0,false
2025-11,2025-11-30,ACC-1074,Aster Works,Strategic,EMEA,PRO,Academy Pro,Seat,learner/year,3513,3149,0,89.6,On track,40937,0,false
2025-12,2025-12-31,ACC-1074,Aster Works,Strategic,EMEA,PRO,Academy Pro,Seat,learner/year,3513,3320,0,94.5,On track,43160,0,false
2026-01,2026-01-31,ACC-1074,Aster Works,Strategic,EMEA,PRO,Academy Pro,Seat,learner/year,3513,3276,0,93.2,On track,42588,0,false
2026-02,2026-02-28,ACC-1074,Aster Works,Strategic,EMEA,PRO,Academy Pro,Seat,learner/year,3513,3250,0,92.5,On track,42250,0,false
2026-03,2026-03-31,ACC-1074,Aster Works,Strategic,EMEA,PRO,Academy Pro,Seat,learner/year,3513,3290,0,93.7,On track,42770,0,false
2026-04,2026-04-30,ACC-1074,Aster Works,Strategic,EMEA,PRO,Academy Pro,Seat,learner/year,3513,3325,0,94.7,On track,43225,0,false
2026-05,2026-05-31,ACC-1074,Aster Works,Strategic,EMEA,PRO,Academy Pro,Seat,learner/year,3513,3333,0,94.9,On track,43329,0,false
2026-06,2026-06-30,ACC-1074,Aster Works,Strategic,EMEA,PRO,Academy Pro,Seat,learner/year,3513,3526,13,100.4,On track,45880.25,211.25,false
2026-07,2026-07-31,ACC-1074,Aster Works,Strategic,EMEA,PRO,Academy Pro,Seat,learner/year,3513,3316,0,94.4,On track,43108,0,false
2026-08,2026-08-31,ACC-1074,Aster Works,Strategic,EMEA,PRO,Academy Pro,Seat,learner/year,3513,3361,0,95.7,On track,43693,0,false
2026-09,2026-09-30,ACC-1074,Aster Works,Strategic,EMEA,PRO,Academy Pro,Seat,learner/year,3513,3569,56,101.6,On track,46579,910,false
2025-07,2025-07-31,ACC-1074,Aster Works,Strategic,EMEA,VOUCHER,Certification Vouchers,Usage,voucher,1493,1122,0,75.2,On track,13464,0,false
2025-08,2025-08-31,ACC-1074,Aster Works,Strategic,EMEA,VOUCHER,Certification Vouchers,Usage,voucher,1493,1135,0,76,On track,13620,0,false
2025-09,2025-09-30,ACC-1074,Aster Works,Strategic,EMEA,VOUCHER,Certification Vouchers,Usage,voucher,1493,1209,0,81,On track,14508,0,false
2025-10,2025-10-31,ACC-1074,Aster Works,Strategic,EMEA,VOUCHER,Certification Vouchers,Usage,voucher,1493,1123,0,75.2,On track,13476,0,false
2025-11,2025-11-30,ACC-1074,Aster Works,Strategic,EMEA,VOUCHER,Certification Vouchers,Usage,voucher,1493,1194,0,80,On track,14328,0,false
2025-12,2025-12-31,ACC-1074,Aster Works,Strategic,EMEA,VOUCHER,Certification Vouchers,Usage,voucher,1493,1317,0,88.2,On track,15804,0,false
2026-01,2026-01-31,ACC-1074,Aster Works,Strategic,EMEA,VOUCHER,Certification Vouchers,Usage,voucher,1493,1266,0,84.8,On track,15192,0,false
2026-02,2026-02-28,ACC-1074,Aster Works,Strategic,EMEA,VOUCHER,Certification Vouchers,Usage,voucher,1493,1321,0,88.5,On track,15852,0,false
2026-03,2026-03-31,ACC-1074,Aster Works,Strategic,EMEA,VOUCHER,Certification Vouchers,Usage,voucher,1493,1386,0,92.8,On track,16632,0,false
2026-04,2026-04-30,ACC-1074,Aster Works,Strategic,EMEA,VOUCHER,Certification Vouchers,Usage,voucher,1493,1515,22,101.5,On track,18246,330,false
2026-05,2026-05-31,ACC-1074,Aster Works,Strategic,EMEA,VOUCHER,Certification Vouchers,Usage,voucher,1493,1508,15,101,On track,18141,225,false
2026-06,2026-06-30,ACC-1074,Aster Works,Strategic,EMEA,VOUCHER,Certification Vouchers,Usage,voucher,1493,1586,93,106.2,In overage,19311,1395,false
2026-07,2026-07-31,ACC-1074,Aster Works,Strategic,EMEA,VOUCHER,Certification Vouchers,Usage,voucher,1493,1564,71,104.8,On track,18981,1065,false
2026-08,2026-08-31,ACC-1074,Aster Works,Strategic,EMEA,VOUCHER,Certification Vouchers,Usage,voucher,1493,1446,0,96.9,On track,17352,0,false
2026-09,2026-09-30,ACC-1074,Aster Works,Strategic,EMEA,VOUCHER,Certification Vouchers,Usage,voucher,1493,1417,0,94.9,On track,17004,0,false
2026-04,2026-04-30,ACC-1075,Onyx Logistics,Strategic,EMEA,VOUCHER,Certification Vouchers,Usage,voucher,90,68,0,76.1,On track,969,0,false
2026-05,2026-05-31,ACC-1075,Onyx Logistics,Strategic,EMEA,VOUCHER,Certification Vouchers,Usage,voucher,90,62,0,69.2,On track,883.5,0,false
2026-06,2026-06-30,ACC-1075,Onyx Logistics,Strategic,EMEA,VOUCHER,Certification Vouchers,Usage,voucher,90,54,0,60.4,On track,769.5,0,false
2026-07,2026-07-31,ACC-1075,Onyx Logistics,Strategic,EMEA,VOUCHER,Certification Vouchers,Usage,voucher,90,53,0,58.5,Under-consuming,755.25,0,false
2026-08,2026-08-31,ACC-1075,Onyx Logistics,Strategic,EMEA,VOUCHER,Certification Vouchers,Usage,voucher,90,46,0,51.3,Under-consuming,655.5,0,true
2026-09,2026-09-30,ACC-1075,Onyx Logistics,Strategic,EMEA,VOUCHER,Certification Vouchers,Usage,voucher,90,49,0,53.9,Under-consuming,698.25,0,true
2026-04,2026-04-30,ACC-1075,Onyx Logistics,Strategic,EMEA,PRO,Academy Pro,Seat,learner/year,122,98,0,80.2,On track,1470,0,false
2026-05,2026-05-31,ACC-1075,Onyx Logistics,Strategic,EMEA,PRO,Academy Pro,Seat,learner/year,122,105,0,86,On track,1575,0,false
2026-06,2026-06-30,ACC-1075,Onyx Logistics,Strategic,EMEA,PRO,Academy Pro,Seat,learner/year,122,104,0,84.9,On track,1560,0,false
2026-07,2026-07-31,ACC-1075,Onyx Logistics,Strategic,EMEA,PRO,Academy Pro,Seat,learner/year,122,105,0,85.9,On track,1575,0,false
2026-08,2026-08-31,ACC-1075,Onyx Logistics,Strategic,EMEA,PRO,Academy Pro,Seat,learner/year,122,99,0,81.3,On track,1485,0,false
2026-09,2026-09-30,ACC-1075,Onyx Logistics,Strategic,EMEA,PRO,Academy Pro,Seat,learner/year,122,96,0,78.9,On track,1440,0,false
2026-04,2026-04-30,ACC-1075,Onyx Logistics,Strategic,EMEA,TEAM,Team Plan,Seat,seat/year,130,118,0,90.6,On track,3451.5,0,false
2026-05,2026-05-31,ACC-1075,Onyx Logistics,Strategic,EMEA,TEAM,Team Plan,Seat,seat/year,130,113,0,87.2,On track,3305.25,0,false
2026-06,2026-06-30,ACC-1075,Onyx Logistics,Strategic,EMEA,TEAM,Team Plan,Seat,seat/year,130,114,0,87.8,On track,3334.5,0,false
2026-07,2026-07-31,ACC-1075,Onyx Logistics,Strategic,EMEA,TEAM,Team Plan,Seat,seat/year,130,117,0,90.1,On track,3422.25,0,false
2026-08,2026-08-31,ACC-1075,Onyx Logistics,Strategic,EMEA,TEAM,Team Plan,Seat,seat/year,130,110,0,84.3,On track,3217.5,0,false
2026-09,2026-09-30,ACC-1075,Onyx Logistics,Strategic,EMEA,TEAM,Team Plan,Seat,seat/year,130,108,0,83.2,On track,3159,0,false
2026-04,2026-04-30,ACC-1075,Onyx Logistics,Strategic,EMEA,IMPL,Implementation Services,Usage,consulting hour,294,260,0,88.3,On track,3222.92,0,false
2026-05,2026-05-31,ACC-1075,Onyx Logistics,Strategic,EMEA,IMPL,Implementation Services,Usage,consulting hour,294,280,0,95.2,On track,3470.83,0,false
2026-06,2026-06-30,ACC-1075,Onyx Logistics,Strategic,EMEA,IMPL,Implementation Services,Usage,consulting hour,294,254,0,86.3,On track,3148.54,0,false
2026-07,2026-07-31,ACC-1075,Onyx Logistics,Strategic,EMEA,IMPL,Implementation Services,Usage,consulting hour,294,254,0,86.5,On track,3148.54,0,false
2026-08,2026-08-31,ACC-1075,Onyx Logistics,Strategic,EMEA,IMPL,Implementation Services,Usage,consulting hour,294,235,0,80,On track,2913.02,0,false
2026-09,2026-09-30,ACC-1075,Onyx Logistics,Strategic,EMEA,IMPL,Implementation Services,Usage,consulting hour,294,235,0,80.1,On track,2913.02,0,false
2026-04,2026-04-30,ACC-1075,Onyx Logistics,Strategic,EMEA,CLASSROOM,Classroom Seat-Days,Usage,seat-day,197,175,0,88.8,On track,2938.54,0,false
2026-05,2026-05-31,ACC-1075,Onyx Logistics,Strategic,EMEA,CLASSROOM,Classroom Seat-Days,Usage,seat-day,197,164,0,83.1,On track,2753.83,0,false
2026-06,2026-06-30,ACC-1075,Onyx Logistics,Strategic,EMEA,CLASSROOM,Classroom Seat-Days,Usage,seat-day,197,160,0,81.2,On track,2686.67,0,false
2026-07,2026-07-31,ACC-1075,Onyx Logistics,Strategic,EMEA,CLASSROOM,Classroom Seat-Days,Usage,seat-day,197,151,0,76.7,On track,2535.54,0,false
2026-08,2026-08-31,ACC-1075,Onyx Logistics,Strategic,EMEA,CLASSROOM,Classroom Seat-Days,Usage,seat-day,197,146,0,74.3,On track,2451.58,0,false
2026-09,2026-09-30,ACC-1075,Onyx Logistics,Strategic,EMEA,CLASSROOM,Classroom Seat-Days,Usage,seat-day,197,131,0,66.5,On track,2199.71,0,false
2026-04,2026-04-30,ACC-1075,Onyx Logistics,Strategic,EMEA,TEAM,Team Plan,Seat,seat/year,123,108,0,88,On track,2983.5,0,false
2026-05,2026-05-31,ACC-1075,Onyx Logistics,Strategic,EMEA,TEAM,Team Plan,Seat,seat/year,123,102,0,83,On track,2817.75,0,false
2026-06,2026-06-30,ACC-1075,Onyx Logistics,Strategic,EMEA,TEAM,Team Plan,Seat,seat/year,123,101,0,82.4,On track,2790.13,0,false
2026-07,2026-07-31,ACC-1075,Onyx Logistics,Strategic,EMEA,TEAM,Team Plan,Seat,seat/year,123,97,0,79,On track,2679.63,0,false
2026-08,2026-08-31,ACC-1075,Onyx Logistics,Strategic,EMEA,TEAM,Team Plan,Seat,seat/year,123,92,0,74.7,On track,2541.5,0,false
2026-09,2026-09-30,ACC-1075,Onyx Logistics,Strategic,EMEA,TEAM,Team Plan,Seat,seat/year,123,81,0,66.2,On track,2237.63,0,false
2026-04,2026-04-30,ACC-1075,Onyx Logistics,Strategic,EMEA,IMPL,Implementation Services,Usage,consulting hour,309,295,0,95.4,On track,4086.98,0,false
2026-05,2026-05-31,ACC-1075,Onyx Logistics,Strategic,EMEA,IMPL,Implementation Services,Usage,consulting hour,309,263,0,85.2,On track,3643.65,0,false
2026-06,2026-06-30,ACC-1075,Onyx Logistics,Strategic,EMEA,IMPL,Implementation Services,Usage,consulting hour,309,244,0,78.8,On track,3380.42,0,false
2026-07,2026-07-31,ACC-1075,Onyx Logistics,Strategic,EMEA,IMPL,Implementation Services,Usage,consulting hour,309,236,0,76.5,On track,3269.58,0,false
2026-08,2026-08-31,ACC-1075,Onyx Logistics,Strategic,EMEA,IMPL,Implementation Services,Usage,consulting hour,309,237,0,76.7,On track,3283.44,0,false
2026-09,2026-09-30,ACC-1075,Onyx Logistics,Strategic,EMEA,IMPL,Implementation Services,Usage,consulting hour,309,231,0,74.6,On track,3200.31,0,false
2026-04,2026-04-30,ACC-1075,Onyx Logistics,Strategic,EMEA,PRO,Academy Pro,Seat,learner/year,164,124,0,75.4,On track,2232,0,false
2026-05,2026-05-31,ACC-1075,Onyx Logistics,Strategic,EMEA,PRO,Academy Pro,Seat,learner/year,164,116,0,70.6,On track,2088,0,false
2026-06,2026-06-30,ACC-1075,Onyx Logistics,Strategic,EMEA,PRO,Academy Pro,Seat,learner/year,164,117,0,71.6,On track,2106,0,false
2026-07,2026-07-31,ACC-1075,Onyx Logistics,Strategic,EMEA,PRO,Academy Pro,Seat,learner/year,164,106,0,64.8,On track,1908,0,false
2026-08,2026-08-31,ACC-1075,Onyx Logistics,Strategic,EMEA,PRO,Academy Pro,Seat,learner/year,164,101,0,61.4,On track,1818,0,false
2026-09,2026-09-30,ACC-1075,Onyx Logistics,Strategic,EMEA,PRO,Academy Pro,Seat,learner/year,164,96,0,58.4,Under-consuming,1728,0,false
2026-04,2026-04-30,ACC-1075,Onyx Logistics,Strategic,EMEA,VOUCHER,Certification Vouchers,Usage,voucher,269,204,0,75.9,On track,2601,0,false
2026-05,2026-05-31,ACC-1075,Onyx Logistics,Strategic,EMEA,VOUCHER,Certification Vouchers,Usage,voucher,269,184,0,68.5,On track,2346,0,false
2026-06,2026-06-30,ACC-1075,Onyx Logistics,Strategic,EMEA,VOUCHER,Certification Vouchers,Usage,voucher,269,173,0,64.4,On track,2205.75,0,false
2026-07,2026-07-31,ACC-1075,Onyx Logistics,Strategic,EMEA,VOUCHER,Certification Vouchers,Usage,voucher,269,154,0,57.3,Under-consuming,1963.5,0,false
2026-08,2026-08-31,ACC-1075,Onyx Logistics,Strategic,EMEA,VOUCHER,Certification Vouchers,Usage,voucher,269,139,0,51.8,Under-consuming,1772.25,0,true
2026-09,2026-09-30,ACC-1075,Onyx Logistics,Strategic,EMEA,VOUCHER,Certification Vouchers,Usage,voucher,269,108,0,40.1,Under-consuming,1377,0,true
2026-05,2026-05-31,ACC-1081,Solstice Retail,Mid-Market,AMER,IMPL,Implementation Services,Usage,consulting hour,138,136,0,98.3,On track,1685.83,0,false
2026-06,2026-06-30,ACC-1081,Solstice Retail,Mid-Market,AMER,IMPL,Implementation Services,Usage,consulting hour,138,142,4,103.2,On track,1772.6,61.98,false
2026-07,2026-07-31,ACC-1081,Solstice Retail,Mid-Market,AMER,IMPL,Implementation Services,Usage,consulting hour,138,134,0,97.2,On track,1661.04,0,false
2026-08,2026-08-31,ACC-1081,Solstice Retail,Mid-Market,AMER,IMPL,Implementation Services,Usage,consulting hour,138,132,0,95.7,On track,1636.25,0,false
2026-09,2026-09-30,ACC-1081,Solstice Retail,Mid-Market,AMER,IMPL,Implementation Services,Usage,consulting hour,138,128,0,93.1,On track,1586.67,0,false
2025-04,2025-04-30,ACC-1086,Lumen Motors,Strategic,AMER,PRO,Academy Pro,Seat,learner/year,270,232,0,85.9,On track,4640,0,false
2025-05,2025-05-31,ACC-1086,Lumen Motors,Strategic,AMER,PRO,Academy Pro,Seat,learner/year,270,255,0,94.6,On track,5100,0,false
2025-06,2025-06-30,ACC-1086,Lumen Motors,Strategic,AMER,PRO,Academy Pro,Seat,learner/year,270,252,0,93.4,On track,5040,0,false
2025-07,2025-07-31,ACC-1086,Lumen Motors,Strategic,AMER,PRO,Academy Pro,Seat,learner/year,270,253,0,93.6,On track,5060,0,false
2025-08,2025-08-31,ACC-1086,Lumen Motors,Strategic,AMER,PRO,Academy Pro,Seat,learner/year,270,249,0,92.3,On track,4980,0,false
2025-09,2025-09-30,ACC-1086,Lumen Motors,Strategic,AMER,PRO,Academy Pro,Seat,learner/year,270,264,0,97.9,On track,5280,0,false
2025-10,2025-10-31,ACC-1086,Lumen Motors,Strategic,AMER,PRO,Academy Pro,Seat,learner/year,270,279,9,103.3,On track,5625,225,false
2025-11,2025-11-30,ACC-1086,Lumen Motors,Strategic,AMER,PRO,Academy Pro,Seat,learner/year,270,282,12,104.6,On track,5700,300,false
2025-12,2025-12-31,ACC-1086,Lumen Motors,Strategic,AMER,PRO,Academy Pro,Seat,learner/year,270,270,0,100.1,On track,5400,0,false
2026-01,2026-01-31,ACC-1086,Lumen Motors,Strategic,AMER,PRO,Academy Pro,Seat,learner/year,270,288,18,106.5,In overage,5850,450,false
2026-02,2026-02-28,ACC-1086,Lumen Motors,Strategic,AMER,PRO,Academy Pro,Seat,learner/year,270,293,23,108.6,In overage,5975,575,false
2026-03,2026-03-31,ACC-1086,Lumen Motors,Strategic,AMER,PRO,Academy Pro,Seat,learner/year,270,294,24,108.9,In overage,6000,600,false
2026-04,2026-04-30,ACC-1086,Lumen Motors,Strategic,AMER,PRO,Academy Pro,Seat,learner/year,270,307,37,113.9,In overage,6325,925,false
2026-05,2026-05-31,ACC-1086,Lumen Motors,Strategic,AMER,PRO,Academy Pro,Seat,learner/year,270,313,43,116,In overage,6475,1075,false
2026-06,2026-06-30,ACC-1086,Lumen Motors,Strategic,AMER,PRO,Academy Pro,Seat,learner/year,270,337,67,124.7,In overage,7075,1675,false
2026-07,2026-07-31,ACC-1086,Lumen Motors,Strategic,AMER,PRO,Academy Pro,Seat,learner/year,270,328,58,121.6,In overage,6850,1450,false
2026-08,2026-08-31,ACC-1086,Lumen Motors,Strategic,AMER,PRO,Academy Pro,Seat,learner/year,270,342,72,126.6,In overage,7200,1800,false
2026-09,2026-09-30,ACC-1086,Lumen Motors,Strategic,AMER,PRO,Academy Pro,Seat,learner/year,270,365,95,135.1,In overage,7775,2375,false
2025-04,2025-04-30,ACC-1086,Lumen Motors,Strategic,AMER,IMPL,Implementation Services,Usage,consulting hour,822,815,0,99.2,On track,11291.15,0,false
2025-05,2025-05-31,ACC-1086,Lumen Motors,Strategic,AMER,IMPL,Implementation Services,Usage,consulting hour,822,810,0,98.5,On track,11221.88,0,false
2025-06,2025-06-30,ACC-1086,Lumen Motors,Strategic,AMER,IMPL,Implementation Services,Usage,consulting hour,822,834,12,101.4,On track,11595.94,207.81,false
2025-07,2025-07-31,ACC-1086,Lumen Motors,Strategic,AMER,IMPL,Implementation Services,Usage,consulting hour,822,821,0,99.8,On track,11374.27,0,false
2025-08,2025-08-31,ACC-1086,Lumen Motors,Strategic,AMER,IMPL,Implementation Services,Usage,consulting hour,822,783,0,95.2,On track,10847.81,0,false
2025-09,2025-09-30,ACC-1086,Lumen Motors,Strategic,AMER,IMPL,Implementation Services,Usage,consulting hour,822,822,0,100,On track,11388.13,0,false
2025-10,2025-10-31,ACC-1086,Lumen Motors,Strategic,AMER,IMPL,Implementation Services,Usage,consulting hour,822,778,0,94.6,On track,10778.54,0,false
2025-11,2025-11-30,ACC-1086,Lumen Motors,Strategic,AMER,IMPL,Implementation Services,Usage,consulting hour,822,740,0,90,On track,10252.08,0,false
2025-12,2025-12-31,ACC-1086,Lumen Motors,Strategic,AMER,IMPL,Implementation Services,Usage,consulting hour,822,755,0,91.8,On track,10459.9,0,false
2026-01,2026-01-31,ACC-1086,Lumen Motors,Strategic,AMER,IMPL,Implementation Services,Usage,consulting hour,822,782,0,95.1,On track,10833.96,0,false
2026-02,2026-02-28,ACC-1086,Lumen Motors,Strategic,AMER,IMPL,Implementation Services,Usage,consulting hour,822,794,0,96.6,On track,11000.21,0,false
2026-03,2026-03-31,ACC-1086,Lumen Motors,Strategic,AMER,IMPL,Implementation Services,Usage,consulting hour,822,829,7,100.9,On track,11509.35,121.22,false
2026-04,2026-04-30,ACC-1086,Lumen Motors,Strategic,AMER,IMPL,Implementation Services,Usage,consulting hour,822,872,50,106.1,In overage,12254.01,865.89,false
2026-05,2026-05-31,ACC-1086,Lumen Motors,Strategic,AMER,IMPL,Implementation Services,Usage,consulting hour,822,936,114,113.9,In overage,13362.34,1974.22,false
2026-06,2026-06-30,ACC-1086,Lumen Motors,Strategic,AMER,IMPL,Implementation Services,Usage,consulting hour,822,953,131,115.9,In overage,13656.74,2268.62,false
2026-07,2026-07-31,ACC-1086,Lumen Motors,Strategic,AMER,IMPL,Implementation Services,Usage,consulting hour,822,994,172,120.9,In overage,14366.77,2978.65,false
2026-08,2026-08-31,ACC-1086,Lumen Motors,Strategic,AMER,IMPL,Implementation Services,Usage,consulting hour,822,998,176,121.5,In overage,14436.04,3047.92,false
2026-09,2026-09-30,ACC-1086,Lumen Motors,Strategic,AMER,IMPL,Implementation Services,Usage,consulting hour,822,997,175,121.3,In overage,14418.72,3030.6,false
2025-04,2025-04-30,ACC-1086,Lumen Motors,Strategic,AMER,VOUCHER,Certification Vouchers,Usage,voucher,601,436,0,72.6,On track,5886,0,false
2025-05,2025-05-31,ACC-1086,Lumen Motors,Strategic,AMER,VOUCHER,Certification Vouchers,Usage,voucher,601,444,0,73.9,On track,5994,0,false
2025-06,2025-06-30,ACC-1086,Lumen Motors,Strategic,AMER,VOUCHER,Certification Vouchers,Usage,voucher,601,457,0,76,On track,6169.5,0,false
2025-07,2025-07-31,ACC-1086,Lumen Motors,Strategic,AMER,VOUCHER,Certification Vouchers,Usage,voucher,601,462,0,76.8,On track,6237,0,false
2025-08,2025-08-31,ACC-1086,Lumen Motors,Strategic,AMER,VOUCHER,Certification Vouchers,Usage,voucher,601,489,0,81.3,On track,6601.5,0,false
2025-09,2025-09-30,ACC-1086,Lumen Motors,Strategic,AMER,VOUCHER,Certification Vouchers,Usage,voucher,601,488,0,81.1,On track,6588,0,false
2025-10,2025-10-31,ACC-1086,Lumen Motors,Strategic,AMER,VOUCHER,Certification Vouchers,Usage,voucher,601,520,0,86.5,On track,7020,0,false
2025-11,2025-11-30,ACC-1086,Lumen Motors,Strategic,AMER,VOUCHER,Certification Vouchers,Usage,voucher,601,485,0,80.7,On track,6547.5,0,false
2025-12,2025-12-31,ACC-1086,Lumen Motors,Strategic,AMER,VOUCHER,Certification Vouchers,Usage,voucher,601,462,0,76.8,On track,6237,0,false
2026-01,2026-01-31,ACC-1086,Lumen Motors,Strategic,AMER,VOUCHER,Certification Vouchers,Usage,voucher,601,459,0,76.3,On track,6196.5,0,false
2026-02,2026-02-28,ACC-1086,Lumen Motors,Strategic,AMER,VOUCHER,Certification Vouchers,Usage,voucher,601,438,0,72.9,On track,5913,0,false
2026-03,2026-03-31,ACC-1086,Lumen Motors,Strategic,AMER,VOUCHER,Certification Vouchers,Usage,voucher,601,402,0,66.9,On track,5427,0,false
2026-04,2026-04-30,ACC-1086,Lumen Motors,Strategic,AMER,VOUCHER,Certification Vouchers,Usage,voucher,601,423,0,70.4,On track,5710.5,0,false
2026-05,2026-05-31,ACC-1086,Lumen Motors,Strategic,AMER,VOUCHER,Certification Vouchers,Usage,voucher,601,436,0,72.6,On track,5886,0,false
2026-06,2026-06-30,ACC-1086,Lumen Motors,Strategic,AMER,VOUCHER,Certification Vouchers,Usage,voucher,601,417,0,69.5,On track,5629.5,0,false
2026-07,2026-07-31,ACC-1086,Lumen Motors,Strategic,AMER,VOUCHER,Certification Vouchers,Usage,voucher,601,399,0,66.5,On track,5386.5,0,false
2026-08,2026-08-31,ACC-1086,Lumen Motors,Strategic,AMER,VOUCHER,Certification Vouchers,Usage,voucher,601,465,0,77.4,On track,6277.5,0,false
2026-09,2026-09-30,ACC-1086,Lumen Motors,Strategic,AMER,VOUCHER,Certification Vouchers,Usage,voucher,601,485,0,80.8,On track,6547.5,0,false
2025-10,2025-10-31,ACC-1089,Kestrel Group,SMB,AMER,CLASSROOM,Classroom Seat-Days,Usage,seat-day,41,27,0,66.1,On track,662.63,0,false
2025-11,2025-11-30,ACC-1089,Kestrel Group,SMB,AMER,CLASSROOM,Classroom Seat-Days,Usage,seat-day,41,29,0,70.9,On track,711.71,0,false
2025-12,2025-12-31,ACC-1089,Kestrel Group,SMB,AMER,CLASSROOM,Classroom Seat-Days,Usage,seat-day,41,26,0,64.4,On track,638.08,0,false
2026-01,2026-01-31,ACC-1089,Kestrel Group,SMB,AMER,CLASSROOM,Classroom Seat-Days,Usage,seat-day,41,26,0,62.2,On track,638.08,0,false
2026-02,2026-02-28,ACC-1089,Kestrel Group,SMB,AMER,CLASSROOM,Classroom Seat-Days,Usage,seat-day,41,21,0,51.7,Under-consuming,515.38,0,true
2026-03,2026-03-31,ACC-1089,Kestrel Group,SMB,AMER,CLASSROOM,Classroom Seat-Days,Usage,seat-day,41,23,0,55.4,Under-consuming,564.46,0,false
2026-04,2026-04-30,ACC-1089,Kestrel Group,SMB,AMER,CLASSROOM,Classroom Seat-Days,Usage,seat-day,41,24,0,58,Under-consuming,589,0,false
2026-05,2026-05-31,ACC-1089,Kestrel Group,SMB,AMER,CLASSROOM,Classroom Seat-Days,Usage,seat-day,41,24,0,59.2,Under-consuming,589,0,false
2026-06,2026-06-30,ACC-1089,Kestrel Group,SMB,AMER,CLASSROOM,Classroom Seat-Days,Usage,seat-day,41,28,0,67.1,On track,687.17,0,false
2026-07,2026-07-31,ACC-1089,Kestrel Group,SMB,AMER,CLASSROOM,Classroom Seat-Days,Usage,seat-day,41,28,0,69.4,On track,687.17,0,false
2026-08,2026-08-31,ACC-1089,Kestrel Group,SMB,AMER,CLASSROOM,Classroom Seat-Days,Usage,seat-day,41,30,0,72.1,On track,736.25,0,false
2026-09,2026-09-30,ACC-1089,Kestrel Group,SMB,AMER,CLASSROOM,Classroom Seat-Days,Usage,seat-day,41,28,0,68.7,On track,687.17,0,false
2026-08,2026-08-31,ACC-1102,Cinder Retail,Mid-Market,EMEA,IMPL,Implementation Services,Usage,consulting hour,18,19,1,107.3,In overage,280.73,18.23,false
2026-09,2026-09-30,ACC-1102,Cinder Retail,Mid-Market,EMEA,IMPL,Implementation Services,Usage,consulting hour,18,19,1,105.3,In overage,280.73,18.23,false
2026-08,2026-08-31,ACC-1102,Cinder Retail,Mid-Market,EMEA,TEAM,Team Plan,Seat,seat/year,11,8,0,74.9,On track,260,0,false
2026-09,2026-09-30,ACC-1102,Cinder Retail,Mid-Market,EMEA,TEAM,Team Plan,Seat,seat/year,11,9,0,84.5,On track,292.5,0,false
2025-04,2025-04-30,ACC-1124,Cobalt Technologies,Mid-Market,AMER,VOUCHER,Certification Vouchers,Usage,voucher,30,27,0,89.8,On track,263.25,0,false
2025-05,2025-05-31,ACC-1124,Cobalt Technologies,Mid-Market,AMER,VOUCHER,Certification Vouchers,Usage,voucher,30,30,0,100.6,On track,292.5,0,false
2025-06,2025-06-30,ACC-1124,Cobalt Technologies,Mid-Market,AMER,VOUCHER,Certification Vouchers,Usage,voucher,30,32,2,106.9,In overage,316.88,24.38,false
2025-07,2025-07-31,ACC-1124,Cobalt Technologies,Mid-Market,AMER,VOUCHER,Certification Vouchers,Usage,voucher,30,35,5,115.3,In overage,353.44,60.94,false
2025-08,2025-08-31,ACC-1124,Cobalt Technologies,Mid-Market,AMER,VOUCHER,Certification Vouchers,Usage,voucher,30,37,7,124.6,In overage,377.81,85.31,false
2025-09,2025-09-30,ACC-1124,Cobalt Technologies,Mid-Market,AMER,VOUCHER,Certification Vouchers,Usage,voucher,30,42,12,139.2,In overage,438.75,146.25,false
2025-10,2025-10-31,ACC-1124,Cobalt Technologies,Mid-Market,AMER,VOUCHER,Certification Vouchers,Usage,voucher,30,45,15,149.8,In overage,475.31,182.81,false
2025-11,2025-11-30,ACC-1124,Cobalt Technologies,Mid-Market,AMER,VOUCHER,Certification Vouchers,Usage,voucher,30,50,20,167.7,In overage,536.25,243.75,false
2025-12,2025-12-31,ACC-1124,Cobalt Technologies,Mid-Market,AMER,VOUCHER,Certification Vouchers,Usage,voucher,30,51,21,170.7,In overage,548.44,255.94,false
2026-01,2026-01-31,ACC-1124,Cobalt Technologies,Mid-Market,AMER,VOUCHER,Certification Vouchers,Usage,voucher,30,54,24,178.6,In overage,585,292.5,false
2026-02,2026-02-28,ACC-1124,Cobalt Technologies,Mid-Market,AMER,VOUCHER,Certification Vouchers,Usage,voucher,30,53,23,178.2,In overage,572.81,280.31,false
2026-03,2026-03-31,ACC-1124,Cobalt Technologies,Mid-Market,AMER,VOUCHER,Certification Vouchers,Usage,voucher,30,56,26,187.4,In overage,609.38,316.88,false
2026-04,2026-04-30,ACC-1124,Cobalt Technologies,Mid-Market,AMER,VOUCHER,Certification Vouchers,Usage,voucher,30,60,30,198.4,In overage,658.13,365.63,false
2026-05,2026-05-31,ACC-1124,Cobalt Technologies,Mid-Market,AMER,VOUCHER,Certification Vouchers,Usage,voucher,30,63,33,209,In overage,694.69,402.19,false
2026-06,2026-06-30,ACC-1124,Cobalt Technologies,Mid-Market,AMER,VOUCHER,Certification Vouchers,Usage,voucher,30,69,39,229.3,In overage,767.81,475.31,false
2026-07,2026-07-31,ACC-1124,Cobalt Technologies,Mid-Market,AMER,VOUCHER,Certification Vouchers,Usage,voucher,30,75,45,251,In overage,840.94,548.44,false
2026-08,2026-08-31,ACC-1124,Cobalt Technologies,Mid-Market,AMER,VOUCHER,Certification Vouchers,Usage,voucher,30,80,50,267.6,In overage,901.88,609.38,false
2026-09,2026-09-30,ACC-1124,Cobalt Technologies,Mid-Market,AMER,VOUCHER,Certification Vouchers,Usage,voucher,30,86,56,287.4,In overage,975,682.5,false
2025-09,2025-09-30,ACC-1139,Meridian Pharma,Enterprise,AMER,CLASSROOM,Classroom Seat-Days,Usage,seat-day,92,82,0,89.1,On track,2118.33,0,false
2025-10,2025-10-31,ACC-1139,Meridian Pharma,Enterprise,AMER,CLASSROOM,Classroom Seat-Days,Usage,seat-day,92,91,0,98.8,On track,2350.83,0,false
2025-11,2025-11-30,ACC-1139,Meridian Pharma,Enterprise,AMER,CLASSROOM,Classroom Seat-Days,Usage,seat-day,92,91,0,98.6,On track,2350.83,0,false
2025-12,2025-12-31,ACC-1139,Meridian Pharma,Enterprise,AMER,CLASSROOM,Classroom Seat-Days,Usage,seat-day,92,96,4,104.6,On track,2505.83,129.17,false
2026-01,2026-01-31,ACC-1139,Meridian Pharma,Enterprise,AMER,CLASSROOM,Classroom Seat-Days,Usage,seat-day,92,106,14,115.3,In overage,2828.75,452.08,false
2026-02,2026-02-28,ACC-1139,Meridian Pharma,Enterprise,AMER,CLASSROOM,Classroom Seat-Days,Usage,seat-day,92,117,25,126.9,In overage,3183.96,807.29,false
2026-03,2026-03-31,ACC-1139,Meridian Pharma,Enterprise,AMER,CLASSROOM,Classroom Seat-Days,Usage,seat-day,92,127,35,138,In overage,3506.88,1130.21,false
2026-04,2026-04-30,ACC-1139,Meridian Pharma,Enterprise,AMER,CLASSROOM,Classroom Seat-Days,Usage,seat-day,92,127,35,137.7,In overage,3506.88,1130.21,false
2026-05,2026-05-31,ACC-1139,Meridian Pharma,Enterprise,AMER,CLASSROOM,Classroom Seat-Days,Usage,seat-day,92,138,46,149.5,In overage,3862.08,1485.42,false
2026-06,2026-06-30,ACC-1139,Meridian Pharma,Enterprise,AMER,CLASSROOM,Classroom Seat-Days,Usage,seat-day,92,133,41,145,In overage,3700.63,1323.96,false
2026-07,2026-07-31,ACC-1139,Meridian Pharma,Enterprise,AMER,CLASSROOM,Classroom Seat-Days,Usage,seat-day,92,141,49,153.3,In overage,3958.96,1582.29,false
2026-08,2026-08-31,ACC-1139,Meridian Pharma,Enterprise,AMER,CLASSROOM,Classroom Seat-Days,Usage,seat-day,92,157,65,170.5,In overage,4475.63,2098.96,false
2026-09,2026-09-30,ACC-1139,Meridian Pharma,Enterprise,AMER,CLASSROOM,Classroom Seat-Days,Usage,seat-day,92,166,74,180.2,In overage,4766.25,2389.58,false
2026-02,2026-02-28,ACC-1139,Meridian Pharma,Enterprise,AMER,PRO,Academy Pro,Seat,learner/year,96,85,0,88.1,On track,1700,0,false
2026-03,2026-03-31,ACC-1139,Meridian Pharma,Enterprise,AMER,PRO,Academy Pro,Seat,learner/year,96,88,0,91.5,On track,1760,0,false
2026-04,2026-04-30,ACC-1139,Meridian Pharma,Enterprise,AMER,PRO,Academy Pro,Seat,learner/year,96,82,0,84.9,On track,1640,0,false
2026-05,2026-05-31,ACC-1139,Meridian Pharma,Enterprise,AMER,PRO,Academy Pro,Seat,learner/year,96,83,0,86,On track,1660,0,false
2026-06,2026-06-30,ACC-1139,Meridian Pharma,Enterprise,AMER,PRO,Academy Pro,Seat,learner/year,96,84,0,87.9,On track,1680,0,false
2026-07,2026-07-31,ACC-1139,Meridian Pharma,Enterprise,AMER,PRO,Academy Pro,Seat,learner/year,96,85,0,88.5,On track,1700,0,false
2026-08,2026-08-31,ACC-1139,Meridian Pharma,Enterprise,AMER,PRO,Academy Pro,Seat,learner/year,96,81,0,84,On track,1620,0,false
2026-09,2026-09-30,ACC-1139,Meridian Pharma,Enterprise,AMER,PRO,Academy Pro,Seat,learner/year,96,84,0,87.3,On track,1680,0,false
2026-02,2026-02-28,ACC-1139,Meridian Pharma,Enterprise,AMER,CLASSROOM,Classroom Seat-Days,Usage,seat-day,107,98,0,92.1,On track,2405.08,0,false
2026-03,2026-03-31,ACC-1139,Meridian Pharma,Enterprise,AMER,CLASSROOM,Classroom Seat-Days,Usage,seat-day,107,100,0,93.3,On track,2454.17,0,false
2026-04,2026-04-30,ACC-1139,Meridian Pharma,Enterprise,AMER,CLASSROOM,Classroom Seat-Days,Usage,seat-day,107,101,0,94.3,On track,2478.71,0,false
2026-05,2026-05-31,ACC-1139,Meridian Pharma,Enterprise,AMER,CLASSROOM,Classroom Seat-Days,Usage,seat-day,107,107,0,99.8,On track,2625.96,0,false
2026-06,2026-06-30,ACC-1139,Meridian Pharma,Enterprise,AMER,CLASSROOM,Classroom Seat-Days,Usage,seat-day,107,110,3,103.3,On track,2717.99,92.03,false
2026-07,2026-07-31,ACC-1139,Meridian Pharma,Enterprise,AMER,CLASSROOM,Classroom Seat-Days,Usage,seat-day,107,119,12,110.8,In overage,2994.08,368.13,false
2026-08,2026-08-31,ACC-1139,Meridian Pharma,Enterprise,AMER,CLASSROOM,Classroom Seat-Days,Usage,seat-day,107,128,21,119.8,In overage,3270.18,644.22,false
2026-09,2026-09-30,ACC-1139,Meridian Pharma,Enterprise,AMER,CLASSROOM,Classroom Seat-Days,Usage,seat-day,107,131,24,122.4,In overage,3362.21,736.25,false
2026-02,2026-02-28,ACC-1139,Meridian Pharma,Enterprise,AMER,VOUCHER,Certification Vouchers,Usage,voucher,132,88,0,66.4,On track,1320,0,false
2026-03,2026-03-31,ACC-1139,Meridian Pharma,Enterprise,AMER,VOUCHER,Certification Vouchers,Usage,voucher,132,94,0,71,On track,1410,0,false
2026-04,2026-04-30,ACC-1139,Meridian Pharma,Enterprise,AMER,VOUCHER,Certification Vouchers,Usage,voucher,132,96,0,72.4,On track,1440,0,false
2026-05,2026-05-31,ACC-1139,Meridian Pharma,Enterprise,AMER,VOUCHER,Certification Vouchers,Usage,voucher,132,100,0,75.4,On track,1500,0,false
2026-06,2026-06-30,ACC-1139,Meridian Pharma,Enterprise,AMER,VOUCHER,Certification Vouchers,Usage,voucher,132,105,0,79.5,On track,1575,0,false
2026-07,2026-07-31,ACC-1139,Meridian Pharma,Enterprise,AMER,VOUCHER,Certification Vouchers,Usage,voucher,132,118,0,89.7,On track,1770,0,false
2026-08,2026-08-31,ACC-1139,Meridian Pharma,Enterprise,AMER,VOUCHER,Certification Vouchers,Usage,voucher,132,125,0,94.8,On track,1875,0,false
2026-09,2026-09-30,ACC-1139,Meridian Pharma,Enterprise,AMER,VOUCHER,Certification Vouchers,Usage,voucher,132,115,0,87.2,On track,1725,0,false
